Time [s],Channel 4,Channel 5,Channel 6
0.000000000,1,0,0
0.058515712,1,1,0
0.058516236,1,1,1
0.058517712,0,1,1
0.197214334,0,1,0
0.197215428,0,0,0
0.197216454,1,0,0
0.335911176,1,1,0
0.335912474,1,1,1
0.335914290,0,1,1
0.474641510,0,1,0
0.474641832,0,0,0
0.474643034,1,0,0
0.613338710,1,0,1
0.613340582,1,1,1
0.613340808,0,1,1
0.752068360,0,0,1
0.752068810,0,0,0
0.752069486,1,0,0
0.890797048,1,1,0
0.890797948,1,1,1
0.890798326,0,1,1
1.029494826,0,0,1
1.029495046,0,0,0
1.029497004,1,0,0
1.168194124,1,0,1
1.168194512,1,1,1
1.168194840,0,1,1
1.306922230,0,0,1
1.306922284,0,0,0
1.306923520,1,0,0
1.445620424,1,0,1
1.445620978,1,1,1
1.445621294,0,1,1
1.584317694,0,0,1
1.584319522,0,0,0
1.584320034,1,0,0
1.723047382,1,1,0
1.723047410,1,1,1
1.723048810,0,1,1
1.861776160,0,0,1
1.861776760,0,0,0
1.861777614,1,0,0
2.000472898,1,0,1
2.000473846,1,1,1
2.000475386,0,1,1
2.139171056,0,1,0
2.139171622,0,0,0
2.139173066,1,0,0
2.277870308,1,1,0
2.277871132,1,1,1
2.277871900,0,1,1
2.416567024,0,0,1
2.416568230,0,0,0
2.416569640,1,0,0
2.555265368,1,0,1
2.555265708,1,1,1
2.555267352,0,1,1
2.693964486,0,0,1
2.693964526,0,0,0
2.693966154,1,0,0
2.832662662,1,0,1
2.832663232,1,1,1
2.832663862,0,1,1
2.971360694,0,1,0
2.971361884,0,0,0
2.971362664,1,0,0
3.110059628,1,1,0
3.110059830,1,1,1
3.110060372,0,1,1
3.248756404,0,0,1
3.248757988,0,0,0
3.248758174,1,0,0
3.387455024,1,1,0
3.387455060,1,1,1
3.387456942,0,1,1
3.526152798,0,0,1
3.526153154,0,0,0
3.526154618,1,0,0
3.664851352,1,0,1
3.664852544,1,1,1
3.664853450,0,1,1
3.803550254,0,0,1
3.803550444,0,0,0
3.803551186,1,0,0
3.942246934,1,1,0
3.942247578,1,1,1
3.942248954,0,1,1
4.080945708,0,0,1
4.080946668,0,0,0
4.080947628,1,0,0
4.219643450,1,1,0
4.219643738,1,1,1
4.219645458,0,1,1
4.358342096,0,0,1
4.358342890,0,0,0
4.358344192,1,0,0
4.497039960,1,0,1
4.497040212,1,1,1
4.497041898,0,1,1
4.635769610,0,0,1
4.635770112,0,0,0
4.635770628,1,0,0
4.774466244,1,0,1
4.774466348,1,1,1
4.774468458,0,1,1
4.913165332,0,1,0
4.913166994,0,0,0
4.913167126,1,0,0
5.051863400,1,0,1
5.051863734,1,1,1
5.051864956,0,1,1
5.190592488,0,1,0
5.190592502,0,0,0
5.190593624,1,0,0
5.329289116,1,1,0
5.329289616,1,1,1
5.329291450,0,1,1
5.467988764,0,1,0
5.467988884,0,0,0
5.467990182,1,0,0
5.606686622,1,1,0
5.606686894,1,1,1
5.606687944,0,1,1
5.745384326,0,0,1
5.745384980,0,0,0
5.745386610,1,0,0
5.884082000,1,1,0
5.884083044,1,1,1
5.884084436,0,1,1
6.022811190,0,1,0
6.022812766,0,0,0
6.022813226,1,0,0
6.161508318,1,0,1
6.161509440,1,1,1
6.161510924,0,1,1
6.300207400,0,1,0
6.300208204,0,0,0
6.300209652,1,0,0
6.438905526,1,0,1
6.438905814,1,1,1
6.438907414,0,1,1
6.577603672,0,1,0
6.577604516,0,0,0
6.577605140,1,0,0
6.716331312,1,1,0
6.716331796,1,1,1
6.716333898,0,1,1
6.855030014,0,0,1
6.855031878,0,0,0
6.855032688,1,0,0
6.993759684,1,1,0
6.993760940,1,1,1
6.993761382,0,1,1
7.132456446,0,0,1
7.132457022,0,0,0
7.132459110,1,0,0
7.271154116,1,1,0
7.271155144,1,1,1
7.271156866,0,1,1
7.409852816,0,0,1
7.409853286,0,0,0
7.409855590,1,0,0
7.548582348,1,0,1
7.548582548,1,1,1
7.548584408,0,1,1
7.687310488,0,1,0
7.687311246,0,0,0
7.687313070,1,0,0
7.826008914,1,1,0
7.826009548,1,1,1
7.826010890,0,1,1
7.964737688,0,1,0
7.964738610,0,0,0
7.964739548,1,0,0
8.103435342,1,1,0
8.103435746,1,1,1
8.103437304,0,1,1
8.242134038,0,0,1
8.242134886,0,0,0
8.242136088,1,0,0
8.380831766,1,1,0
8.380832006,1,1,1
8.380833780,0,1,1
8.519529462,0,0,1
8.519530084,0,0,0
8.519531564,1,0,0
8.658229128,1,1,0
8.658229140,1,1,1
8.658230318,0,1,1
8.796925278,0,1,0
8.796926886,0,0,0
8.796927974,1,0,0
8.935624612,1,1,0
8.935626146,1,1,1
8.935626788,0,1,1
9.074322370,0,0,1
9.074322472,0,0,0
9.074324508,1,0,0
9.213051972,1,1,0
9.213052526,1,1,1
9.213053198,0,1,1
9.351779666,0,0,1
9.351779728,0,0,0
9.351781980,1,0,0
9.490477392,1,1,0
9.490477718,1,1,1
9.490479730,0,1,1
9.629176082,0,0,1
9.629177854,0,0,0
9.629178384,1,0,0
9.767873810,1,1,0
9.767873970,1,1,1
9.767876198,0,1,1
9.906572502,0,0,1
9.906573044,0,0,0
9.906573916,1,0,0
10.045271158,1,0,1
10.045271224,1,1,1
10.045272602,0,1,1
10.183999230,0,1,0
10.183999854,0,0,0
10.184001382,1,0,0
10.322696346,1,0,1
10.322698578,1,1,1
10.322699132,0,1,1
10.461396330,0,0,1
10.461396418,0,0,0
10.461397784,1,0,0
10.600094530,1,0,1
10.600094994,1,1,1
10.600095534,0,1,1
10.738791664,0,1,0
10.738791744,0,0,0
10.738793310,1,0,0
10.877490404,1,1,0
10.877491778,1,1,1
10.877491996,0,1,1
11.016188094,0,0,1
11.016188848,0,0,0
11.016189774,1,0,0
11.154885754,1,1,0
11.154885898,1,1,1
11.154887520,0,1,1
11.293584442,0,0,1
11.293586030,0,0,0
11.293586234,1,0,0
11.432282078,1,0,1
11.432283164,1,1,1
11.432283980,0,1,1
11.570981212,0,1,0
11.570981914,0,0,0
11.570982694,1,0,0
11.709678572,1,1,0
11.709679322,1,1,1
11.709680440,0,1,1
11.848407260,0,0,1
11.848408390,0,0,0
11.848409152,1,0,0
11.987105980,1,1,0
11.987106440,1,1,1
11.987106960,0,1,1
12.125803570,0,1,0
12.125803666,0,0,0
12.125805672,1,0,0
12.264501618,1,0,1
12.264502324,1,1,1
12.264503354,0,1,1
12.403261810,0,1,0
12.403262072,0,0,0
12.403263064,1,0,0
12.541958790,1,1,0
12.541959856,1,1,1
12.541960808,0,1,1
12.680686476,0,0,1
12.680687924,0,0,0
12.680689580,1,0,0
12.819415970,1,0,1
12.819417132,1,1,1
12.819418262,0,1,1
12.958114878,0,0,1
12.958115160,0,0,0
12.958116036,1,0,0
13.096812208,1,0,1
13.096812534,1,1,1
13.096814776,0,1,1
13.235510218,0,0,1
13.235510336,0,0,0
13.235512486,1,0,0
13.374239380,1,0,1
13.374239874,1,1,1
13.374241228,0,1,1
13.512968446,0,1,0
13.512968620,0,0,0
13.512969938,1,0,0
13.651666336,1,1,0
13.651666552,1,1,1
13.651667616,0,1,1
13.790364680,0,1,0
13.790365020,0,0,0
13.790366388,1,0,0
13.929062610,1,1,0
13.929062786,1,1,1
13.929064130,0,1,1
14.067760418,0,0,1
14.067761776,1,0,1
14.067761852,1,0,0
14.206459072,1,1,0
14.206459894,1,1,1
14.206460578,0,1,1
14.345187754,0,0,1
14.345188020,0,0,0
14.345189224,1,0,0
14.483916126,1,0,1
14.483916468,1,1,1
14.483918026,0,1,1
14.622613152,0,0,1
14.622614252,0,0,0
14.622615670,1,0,0
14.761311802,1,1,0
14.761312294,1,1,1
14.761313472,0,1,1
14.900010356,0,1,0
14.900010546,0,0,0
14.900012240,1,0,0
15.038708462,1,0,1
15.038709198,1,1,1
15.038709856,0,1,1
15.177406586,0,1,0
15.177407878,0,0,0
15.177408624,1,0,0
15.316104342,1,1,0
15.316104626,1,1,1
15.316106364,0,1,1
15.454832750,0,1,0
15.454834336,0,0,0
15.454835068,1,0,0
15.593530854,1,0,1
15.593530986,1,1,1
15.593532806,0,1,1
15.732230604,0,0,1
15.732230916,0,0,0
15.732231510,1,0,0
15.870926378,1,1,0
15.870927020,1,1,1
15.870929186,0,1,1
16.009625056,0,0,1
16.009625078,0,0,0
16.009626952,1,0,0
16.148354182,1,0,1
16.148354706,1,1,1
16.148355754,0,1,1
16.287052448,0,0,1
16.287053242,0,0,0
16.287054394,1,0,0
16.425750158,1,1,0
16.425750344,1,1,1
16.425752130,0,1,1
16.564448468,0,1,0
16.564449838,0,0,0
16.564450834,1,0,0
16.703147444,1,0,1
16.703147548,1,1,1
16.703148632,0,1,1
16.841843566,0,1,0
16.841845226,0,0,0
16.841846274,1,0,0
16.980605604,1,0,1
16.980605874,1,1,1
16.980606010,0,1,1
17.119302614,0,0,1
17.119302788,0,0,0
17.119303712,1,0,0
17.258030828,1,0,1
17.258031262,1,1,1
17.258032510,0,1,1
17.396728886,0,1,0
17.396728938,0,0,0
17.396730150,1,0,0
17.535426648,1,1,0
17.535426986,1,1,1
17.535428884,0,1,1
17.674125106,0,1,0
17.674125264,0,0,0
17.674126586,1,0,0
17.812822972,1,1,0
17.812824268,1,1,1
17.812825320,0,1,1
17.951520712,0,0,1
17.951521202,0,0,0
17.951523022,1,0,0
18.090218358,1,1,0
18.090219302,1,1,1
18.090220756,0,1,1
18.228947096,0,0,1
18.228947420,0,0,0
18.228949458,1,0,0
18.367645742,1,1,0
18.367647458,1,1,1
18.367648190,0,1,1
18.506344576,0,1,0
18.506345418,0,0,0
18.506345892,1,0,0
18.645041676,1,0,1
18.645043124,1,1,1
18.645043624,0,1,1
18.783740732,0,1,0
18.783741800,0,0,0
18.783742326,1,0,0
18.922437830,1,0,1
18.922439508,1,1,1
18.922440058,0,1,1
19.061136886,0,1,0
19.061137120,0,0,0
19.061138758,1,0,0
19.199834828,1,1,0
19.199834984,1,1,1
19.199836430,0,1,1
19.338564102,0,1,0
19.338564502,0,0,0
19.338565192,1,0,0
19.477292074,1,0,1
19.477292208,1,1,1
19.477293924,0,1,1
19.616020382,0,0,1
19.616020944,0,0,0
19.616022622,1,0,0
19.754749526,1,1,0
19.754750290,1,1,1
19.754751354,0,1,1
19.893478326,0,0,1
19.893478408,0,0,0
19.893480052,1,0,0
20.032175906,1,1,0
20.032176442,1,1,1
20.032177782,0,1,1
20.170904496,0,1,0
20.170905644,0,0,0
20.170906482,1,0,0
20.309603286,1,1,0
20.309603592,1,1,1
20.309604214,0,1,1
20.448331022,0,0,1
20.448331710,0,0,0
20.448332912,1,0,0
20.587029664,1,1,0
20.587029742,1,1,1
20.587031704,0,1,1
20.725727338,0,0,1
20.725728858,0,0,0
20.725729338,1,0,0
20.864424892,1,0,1
20.864424980,1,1,1
20.864427068,0,1,1
21.003124010,0,1,0
21.003124714,0,0,0
21.003125768,1,0,0
21.141821358,1,1,0
21.141822042,1,1,1
21.141823496,0,1,1
21.280520028,0,0,1
21.280521156,0,0,0
21.280522194,1,0,0
21.419217734,1,1,0
21.419218252,1,1,1
21.419219986,0,1,1
21.557947306,0,1,0
21.557947342,0,0,0
21.557948620,1,0,0
21.696644610,1,1,0
21.696645398,1,1,1
21.696646350,0,1,1
21.835343656,0,0,1
21.835344514,0,0,0
21.835345108,1,0,0
21.974040484,1,0,1
21.974041482,1,1,1
21.974042774,0,1,1
22.112738598,0,1,0
22.112739092,0,0,0
22.112740470,1,0,0
22.251467794,1,1,0
22.251468630,1,1,1
22.251469260,0,1,1
22.390166528,0,0,1
22.390167744,0,0,0
22.390167894,1,0,0
22.528863900,1,0,1
22.528865168,1,1,1
22.528865622,0,1,1
22.667562838,0,0,1
22.667563952,0,0,0
22.667564318,1,0,0
22.806258982,1,0,1
22.806260542,1,1,1
22.806262046,0,1,1
22.944988096,0,1,0
22.944990212,0,0,0
22.944990740,1,0,0
23.083686914,1,1,0
23.083687126,1,1,1
23.083688468,0,1,1
23.222385176,0,1,0
23.222385584,0,0,0
23.222387162,1,0,0
23.361114224,1,1,0
23.361114332,1,1,1
23.361115952,0,1,1
23.499841954,0,0,1
23.499842382,0,0,0
23.499843584,1,0,0
23.638570476,1,0,1
23.638570592,1,1,1
23.638572372,0,1,1
23.777299262,0,0,1
23.777300526,0,0,0
23.777301006,1,0,0
23.915998618,1,0,1
23.915998964,1,1,1
23.915999794,0,1,1
24.054695632,0,0,1
24.054696730,0,0,0
24.054697426,1,0,0
24.193393334,1,1,0
24.193393760,1,1,1
24.193395152,0,1,1
24.332092002,0,0,1
24.332093812,0,0,0
24.332093846,1,0,0
24.470819902,1,0,1
24.470820640,1,1,1
24.470822572,0,1,1
24.609518952,0,1,0
24.609519372,0,0,0
24.609520202,1,0,0
24.748216010,1,1,0
24.748217040,1,1,1
24.748217990,0,1,1
24.886914740,0,0,1
24.886916154,0,0,0
24.886916746,1,0,0
25.025612182,1,0,1
25.025613376,1,1,1
25.025614346,0,1,1
25.164311232,0,1,0
25.164312108,0,0,0
25.164313100,1,0,0
25.303039320,1,0,1
25.303039744,1,1,1
25.303041826,0,1,1
25.441768370,0,1,0
25.441768412,0,0,0
25.441769518,1,0,0
25.580466048,1,1,0
25.580467460,1,1,1
25.580468244,0,1,1
25.719164570,0,1,0
25.719164778,0,0,0
25.719165936,1,0,0
25.857863414,1,1,0
25.857863598,1,1,1
25.857864660,0,1,1
25.996561710,0,1,0
25.996562082,0,0,0
25.996562352,1,0,0
26.135257782,1,1,0
26.135259798,1,1,1
26.135260076,0,1,1
26.273987448,0,0,1
26.273987846,0,0,0
26.273988768,1,0,0
26.412686084,1,1,0
26.412686936,1,1,1
26.412687554,0,1,1
26.551382750,0,0,1
26.551383046,0,0,0
26.551385184,1,0,0
26.690082010,1,0,1
26.690082512,1,1,1
26.690083908,0,1,1
26.828780120,0,1,0
26.828780240,0,0,0
26.828781598,1,0,0
26.967476750,1,1,0
26.967477210,1,1,1
26.967479386,0,1,1
27.106237256,0,1,0
27.106237540,0,0,0
27.106239012,1,0,0
27.244935176,1,1,0
27.244935344,1,1,1
27.244936738,0,1,1
27.383632842,0,0,1
27.383633454,0,0,0
27.383635426,1,0,0
27.522331478,1,1,0
27.522332480,1,1,1
27.522333150,0,1,1
27.661059590,0,1,0
27.661060206,0,0,0
27.661061838,1,0,0
27.799758678,1,0,1
27.799758902,1,1,1
27.799759562,0,1,1
27.938457566,0,0,1
27.938457724,0,0,0
27.938458252,1,0,0
28.077154202,1,1,0
28.077154748,1,1,1
28.077155912,0,1,1
28.215851866,0,0,1
28.215851920,0,0,0
28.215853664,1,0,0
28.354579946,1,0,1
28.354580562,1,1,1
28.354582450,0,1,1
28.493279228,0,0,1
28.493279990,0,0,0
28.493281076,1,0,0
28.631975862,1,1,0
28.631977078,1,1,1
28.631978798,0,1,1
28.770675588,0,0,1
28.770676186,0,0,0
28.770677488,1,0,0
28.909373286,1,1,0
28.909374212,1,1,1
28.909375146,0,1,1
29.048101318,0,1,0
29.048102950,0,0,0
29.048103898,1,0,0
29.186800646,1,1,0
29.186801406,1,1,1
29.186801620,0,1,1
29.325498388,0,1,0
29.325499246,0,0,0
29.325500246,1,0,0
29.464196474,1,0,1
29.464196942,1,1,1
29.464198028,0,1,1
29.602894582,0,1,0
29.602894668,0,0,0
29.602895718,1,0,0
29.741592300,1,1,0
29.741592606,1,1,1
29.741594376,0,1,1
29.880289902,0,0,1
29.880290712,0,0,0
29.880292128,1,0,0
30.019019660,1,1,0
30.019019798,1,1,1
30.019020848,0,1,1
30.157716842,0,1,0
30.157717260,0,0,0
30.157718536,1,0,0
30.296414616,1,0,1
30.296415018,1,1,1
30.296417258,0,1,1
30.435112972,0,1,0
30.435113618,0,0,0
30.435115008,1,0,0
30.573812058,1,0,1
30.573812314,1,1,1
30.573813726,0,1,1
30.712509100,0,1,0
30.712510038,0,0,0
30.712511352,1,0,0
30.851207608,1,1,0
30.851208188,1,1,1
30.851209072,0,1,1
30.989906230,0,1,0
30.989906332,0,0,0
30.989907822,1,0,0
31.128634252,1,0,1
31.128635026,1,1,1
31.128636478,0,1,1
31.267332358,0,1,0
31.267332688,0,0,0
31.267334230,1,0,0
31.406060382,1,0,1
31.406061384,1,1,1
31.406062886,0,1,1
31.544758982,0,0,1
31.544759486,0,0,0
31.544760574,1,0,0
31.683457572,1,0,1
31.683458676,1,1,1
31.683459354,0,1,1
31.822155338,0,0,1
31.822156678,0,0,0
31.822156980,1,0,0
31.960882970,1,1,0
31.960884698,1,1,1
31.960885700,0,1,1
32.099582692,0,0,1
32.099582804,0,0,0
32.099584448,1,0,0
32.238280324,1,1,0
32.238280890,1,1,1
32.238282104,0,1,1
32.376977932,0,1,0
32.376978048,0,0,0
32.376979854,1,0,0
32.515706554,1,1,0
32.515707016,1,1,1
32.515708510,0,1,1
32.654405058,0,1,0
32.654406402,0,0,0
32.654407196,1,0,0
32.793134142,1,0,1
32.793134970,1,1,1
32.793135976,0,1,1
32.931862246,0,1,0
32.931862692,0,0,0
32.931863662,1,0,0
33.070561204,1,0,1
33.070561324,1,1,1
33.070562380,0,1,1
33.209289048,0,0,1
33.209290308,0,0,0
33.209291066,1,0,0
33.348017676,1,1,0
33.348018392,1,1,1
33.348019784,0,1,1
33.486715496,0,1,0
33.486716400,0,0,0
33.486717468,1,0,0
33.625443968,1,1,0
33.625445518,1,1,1
33.625446188,0,1,1
33.764142690,0,0,1
33.764143620,0,0,0
33.764143872,1,0,0
33.902869382,1,1,0
33.902870642,1,1,1
33.902872588,0,1,1
34.041569040,0,0,1
34.041569682,0,0,0
34.041571274,1,0,0
34.180266734,1,1,0
34.180266766,1,1,1
34.180268930,0,1,1
34.318964868,0,1,0
34.318965392,0,0,0
34.318966616,1,0,0
34.457662952,1,0,1
34.457664086,1,1,1
34.457665394,0,1,1
34.596360928,0,1,0
34.596361744,0,0,0
34.596363078,1,0,0
34.735060010,1,0,1
34.735060124,1,1,1
34.735061796,0,1,1
34.873789094,0,0,1
34.873789114,0,0,0
34.873790480,1,0,0
35.012517196,1,0,1
35.012517724,1,1,1
35.012518198,0,1,1
35.151245238,0,1,0
35.151246446,0,0,0
35.151246880,1,0,0
35.289943012,1,1,0
35.289944318,1,1,1
35.289945598,0,1,1
35.428641358,0,1,0
35.428641734,0,0,0
35.428643282,1,0,0
35.567340378,1,0,1
35.567340424,1,1,1
35.567341998,0,1,1
35.706038020,0,0,1
35.706038732,0,0,0
35.706039682,1,0,0
35.844735562,1,0,1
35.844735712,1,1,1
35.844737398,0,1,1
35.983433432,0,0,1
35.983434664,0,0,0
35.983436082,1,0,0
36.122131060,1,1,0
36.122131684,1,1,1
36.122133860,0,1,1
36.260860718,0,0,1
36.260860786,0,0,0
36.260862480,1,0,0
36.399558410,1,1,0
36.399558804,1,1,1
36.399560196,0,1,1
36.538287844,0,1,0
36.538288068,0,0,0
36.538288880,1,0,0
36.676985758,1,1,0
36.676985988,1,1,1
36.676987596,0,1,1
36.815715028,0,1,0
36.815715352,0,0,0
36.815716278,1,0,0
36.954413044,1,1,0
36.954413046,1,1,1
36.954413994,0,1,1
37.093108702,0,0,1
37.093110148,0,0,0
37.093111740,1,0,0
37.231807392,1,1,0
37.231810228,1,1,1
37.231810456,0,1,1
37.370537048,0,0,1
37.370538266,0,0,0
37.370539138,1,0,0
37.509266724,1,0,1
37.509266738,1,1,1
37.509267792,0,1,1
37.647963398,0,0,1
37.647964324,0,0,0
37.647965474,1,0,0
37.786692470,1,0,1
37.786693024,1,1,1
37.786694252,0,1,1
37.925421506,0,1,0
37.925421682,0,0,0
37.925422872,1,0,0
38.064119372,1,1,0
38.064119586,1,1,1
38.064120648,0,1,1
38.202817688,0,1,0
38.202818028,0,0,0
38.202819268,1,0,0
38.341514706,1,0,1
38.341516654,1,1,1
38.341516982,0,1,1
38.480212744,0,1,0
38.480214374,0,0,0
38.480214664,1,0,0
38.618941886,1,0,1
38.618942064,1,1,1
38.618943380,0,1,1
38.757639720,0,0,1
38.757640924,0,0,0
38.757642122,1,0,0
38.896337940,1,0,1
38.896339348,1,1,1
38.896339836,0,1,1
39.035035004,0,0,1
39.035037042,0,0,0
39.035037456,1,0,0
39.173794308,1,0,1
39.173795692,1,1,1
39.173797234,0,1,1
39.312493410,0,0,1
39.312493722,0,0,0
39.312494852,1,0,0
39.451191974,1,1,0
39.451193238,1,1,1
39.451193628,0,1,1
39.589921276,0,1,0
39.589921694,0,0,0
39.589922246,1,0,0
39.728617320,1,1,0
39.728618356,1,1,1
39.728619960,0,1,1
39.867315454,0,1,0
39.867315976,0,0,0
39.867317704,1,0,0
40.006014472,1,0,1
40.006014728,1,1,1
40.006016418,0,1,1
40.144713384,0,0,1
40.144713572,0,0,0
40.144714036,1,0,0
40.283411588,1,0,1
40.283412008,1,1,1
40.283412814,0,1,1
40.422107664,0,0,1
40.422108624,0,0,0
40.422110494,1,0,0
40.560806704,1,0,1
40.560807290,1,1,1
40.560808208,0,1,1
40.699505070,0,0,1
40.699505804,0,0,0
40.699506888,1,0,0
40.838202634,1,1,0
40.838202820,1,1,1
40.838204602,0,1,1
40.976901352,0,0,1
40.976902918,0,0,0
40.976903280,1,0,0
41.115599622,1,0,1
41.115600040,1,1,1
41.115600994,0,1,1
41.254328034,0,1,0
41.254328696,0,0,0
41.254329674,1,0,0
41.393056320,1,1,0
41.393057050,1,1,1
41.393058386,0,1,1
41.531754148,0,1,0
41.531755038,0,0,0
41.531756068,1,0,0
41.670453228,1,0,1
41.670453662,1,1,1
41.670454844,0,1,1
41.809151262,0,1,0
41.809151318,0,0,0
41.809152398,1,0,0
41.947848342,1,0,1
41.947849004,1,1,1
41.947850174,0,1,1
42.086547378,0,1,0
42.086547660,0,0,0
42.086548854,1,0,0
42.225276284,1,1,0
42.225276456,1,1,1
42.225277566,0,1,1
42.363973000,0,0,1
42.363973552,0,0,0
42.363975244,1,0,0
42.502671568,1,0,1
42.502671688,1,1,1
42.502673020,0,1,1
42.641369604,0,1,0
42.641370280,0,0,0
42.641371636,1,0,0
42.780099680,1,0,1
42.780099966,1,1,1
42.780100410,0,1,1
42.918795778,0,1,0
42.918796558,0,0,0
42.918798090,1,0,0
43.057494308,1,1,0
43.057494794,1,1,1
43.057495740,0,1,1
43.196192892,0,1,0
43.196192962,0,0,0
43.196194420,1,0,0
43.334890586,1,1,0
43.334891970,1,1,1
43.334892194,0,1,1
43.473589304,0,0,1
43.473590004,0,0,0
43.473590748,1,0,0
43.612287020,1,0,1
43.612287926,1,1,1
43.612288522,0,1,1
43.750984644,0,0,1
43.750985118,0,0,0
43.750986264,1,0,0
43.889683132,1,0,1
43.889684266,1,1,1
43.889684976,0,1,1
44.028380292,0,1,0
44.028380920,0,0,0
44.028382592,1,0,0
44.167079306,1,0,1
44.167079544,1,1,1
44.167081304,0,1,1
44.305777322,0,0,1
44.305777340,0,0,0
44.305779046,1,0,0
44.444505884,1,1,0
44.444506418,1,1,1
44.444507756,0,1,1
44.583202452,0,1,0
44.583203600,0,0,0
44.583205434,1,0,0
44.721902222,1,1,0
44.721902530,1,1,1
44.721904144,0,1,1
44.860598876,0,0,1
44.860600626,0,0,0
44.860601760,1,0,0
44.999297562,1,1,0
44.999298704,1,1,1
44.999299472,0,1,1
45.138026738,0,1,0
45.138028214,1,1,0
45.138028278,1,0,0
45.276724812,1,0,1
45.276725838,1,1,1
45.276726924,0,1,1
45.415422784,0,1,0
45.415423554,0,0,0
45.415424602,1,0,0
45.554121860,1,0,1
45.554122176,1,1,1
45.554123314,0,1,1
45.692818958,0,1,0
45.692819892,0,0,0
45.692820928,1,0,0
45.831578578,1,1,0
45.831578972,1,1,1
45.831579764,0,1,1
45.970276068,0,1,0
45.970276230,0,0,0
45.970278380,1,0,0
46.108973790,1,1,0
46.108975080,1,1,1
46.108976090,0,1,1
46.247672504,0,0,1
46.247673178,0,0,0
46.247674830,1,0,0
46.386370190,1,1,0
46.386371252,1,1,1
46.386372416,0,1,1
46.525099844,0,0,1
46.525100348,0,0,0
46.525101218,1,0,0
46.663797526,1,1,0
46.663798362,1,1,1
46.663798928,0,1,1
46.802526178,0,0,1
46.802526458,0,0,0
46.802527542,1,0,0
46.941223472,1,0,1
46.941224802,1,1,1
46.941226316,0,1,1
47.079923454,0,0,1
47.079923504,0,0,0
47.079923930,1,0,0
47.218649580,1,0,1
47.218651138,1,1,1
47.218652702,0,1,1
47.357347612,0,1,0
47.357348790,0,0,0
47.357350378,1,0,0
47.496047688,1,0,1
47.496048476,1,1,1
47.496049028,0,1,1
47.634775784,0,1,0
47.634777126,0,0,0
47.634777766,1,0,0
47.773472812,1,1,0
47.773474796,1,1,1
47.773475474,0,1,1
47.912170892,0,1,0
47.912171464,0,0,0
47.912173154,1,0,0
48.050899904,1,0,1
48.050900086,1,1,1
48.050901860,0,1,1
48.189598736,0,0,1
48.189599000,0,0,0
48.189600476,1,0,0
48.328297012,1,0,1
48.328297420,1,1,1
48.328298184,0,1,1
48.466994108,0,1,0
48.466995134,0,0,0
48.466995926,1,0,0
48.605722120,1,0,1
48.605722756,1,1,1
48.605724632,0,1,1
48.744422278,0,1,0
48.744422408,0,0,0
48.744423310,1,0,0
48.883119288,1,0,1
48.883120028,1,1,1
48.883121020,0,1,1
49.021817742,0,0,1
49.021818322,0,0,0
49.021819634,1,0,0
49.160546396,1,0,1
49.160546488,1,1,1
49.160547404,0,1,1
49.299242490,0,1,0
49.299244014,0,0,0
49.299246080,1,0,0
49.437942440,1,0,1
49.437942698,1,1,1
49.437943788,0,1,1
49.576670598,0,1,0
49.576671286,0,0,0
49.576672466,1,0,0
49.715399608,1,0,1
49.715400032,1,1,1
49.715401174,0,1,1
49.854127704,0,1,0
49.854128746,0,0,0
49.854129850,1,0,0
49.992824714,1,0,1
49.992826304,1,1,1
49.992827558,0,1,1
50.131525016,0,0,1
50.131525684,0,0,0
50.131526234,1,0,0
50.270221700,1,1,0
50.270221820,1,1,1
50.270223942,0,1,1
50.408920916,0,1,0
50.408921290,0,0,0
50.408922620,1,0,0
50.547647926,1,0,1
50.547649972,1,1,1
50.547650390,0,1,1
50.686347684,0,0,1
50.686348022,0,0,0
50.686349004,1,0,0
50.825046094,1,0,1
50.825046306,1,1,1
50.825046710,0,1,1
50.963833956,0,0,1
50.963835188,0,0,0
50.963836386,1,0,0
51.102532576,1,1,0
51.102533138,1,1,1
51.102535094,0,1,1
51.241230232,0,1,0
51.241231288,0,0,0
51.241232832,1,0,0
51.379928908,1,1,0
51.379929304,1,1,1
51.379930476,0,1,1
51.518657622,0,0,1
51.518658336,0,0,0
51.518659152,1,0,0
51.657385408,1,0,1
51.657387242,1,1,1
51.657387860,0,1,1
51.796084954,0,0,1
51.796085440,0,0,0
51.796086534,1,0,0
51.934782450,1,0,1
51.934783574,1,1,1
51.934784304,0,1,1
52.073480608,0,1,0
52.073481224,0,0,0
52.073481916,1,0,0
52.212208618,1,0,1
52.212208844,1,1,1
52.212210686,0,1,1
52.350937556,0,0,1
52.350938710,0,0,0
52.350939300,1,0,0
52.489636784,1,0,1
52.489637174,1,1,1
52.489638006,0,1,1
52.628362814,0,1,0
52.628363888,0,0,0
52.628365680,1,0,0
52.767062508,1,1,0
52.767062826,1,1,1
52.767064386,0,1,1
52.905760856,0,1,0
52.905761156,0,0,0
52.905762124,1,0,0
53.044458928,1,0,1
53.044459838,1,1,1
53.044460832,0,1,1
53.183156488,0,0,1
53.183157022,0,0,0
53.183158444,1,0,0
53.321854094,1,0,1
53.321854106,1,1,1
53.321856152,0,1,1
53.460553818,0,0,1
53.460554888,1,0,1
53.460555126,1,0,0
53.599250500,1,1,0
53.599251510,1,1,1
53.599252532,0,1,1
53.737948226,0,1,0
53.737949086,0,0,0
53.737951206,1,0,0
53.876647300,1,0,1
53.876647768,1,1,1
53.876648976,0,1,1
54.015376330,0,1,0
54.015376480,0,0,0
54.015377586,1,0,0
54.154072402,1,0,1
54.154073098,1,1,1
54.154075294,0,1,1
54.292833432,0,1,0
54.292834748,0,0,0
54.292834968,1,0,0
54.431530428,1,1,0
54.431531504,1,1,1
54.431532674,0,1,1
54.570229596,0,1,0
54.570230078,0,0,0
54.570231410,1,0,0
54.708926542,1,0,1
54.708927758,1,1,1
54.708929054,0,1,1
54.847625406,0,0,1
54.847625698,0,0,0
54.847626790,1,0,0
54.986323770,1,0,1
54.986324026,1,1,1
54.986325496,0,1,1
55.125020674,0,0,1
55.125021736,0,0,0
55.125023170,1,0,0
55.263718808,1,0,1
55.263719356,1,1,1
55.263720876,0,1,1
55.402447900,0,1,0
55.402449004,0,0,0
55.402449552,1,0,0
55.541146684,1,1,0
55.541146972,1,1,1
55.541148256,0,1,1
55.679844002,0,1,0
55.679844394,0,0,0
55.679845930,1,0,0
55.818542950,1,1,0
55.818543074,1,1,1
55.818544634,0,1,1
55.957240660,0,0,1
55.957241102,0,0,0
55.957242370,1,0,0
56.095937654,1,1,0
56.095938110,1,1,1
56.095940014,0,1,1
56.234637988,0,0,1
56.234638204,0,0,0
56.234638688,1,0,0
56.373333670,1,1,0
56.373334274,1,1,1
56.373336394,0,1,1
56.512034366,0,1,0
56.512035004,1,1,0
56.512035256,1,0,0
56.650731310,1,0,1
56.650731936,1,1,1
56.650732772,0,1,1
56.789428466,0,1,0
56.789428646,0,0,0
56.789430444,1,0,0
56.928157264,1,1,0
56.928157474,1,1,1
56.928159150,0,1,1
57.066884816,0,1,0
57.066885912,0,0,0
57.066887822,1,0,0
57.205585528,1,1,0
57.205585636,1,1,1
57.205586528,0,1,1
57.344281664,0,1,0
57.344282176,0,0,0
57.344284200,1,0,0
57.482979672,1,0,1
57.482979856,1,1,1
57.482981906,0,1,1
57.621679504,0,0,1
57.621679764,0,0,0
57.621680578,1,0,0
57.760406772,1,0,1
57.760407184,1,1,1
57.760409284,0,1,1
57.899104830,0,0,1
57.899106862,0,0,0
57.899107018,1,0,0
58.037801932,1,0,1
58.037803510,1,1,1
58.037804724,0,1,1
58.176502024,0,1,0
58.176502158,0,0,0
58.176503332,1,0,0
58.315230774,1,1,0
58.315230968,1,1,1
58.315232038,0,1,1
58.453927420,0,0,1
58.453929060,0,0,0
58.453929710,1,0,0
58.592626102,1,1,0
58.592626130,1,1,1
58.592627414,0,1,1
58.731323810,0,0,1
58.731324158,0,0,0
58.731326088,1,0,0
58.870022490,1,1,0
58.870023228,1,1,1
58.870023854,0,1,1
59.008721074,0,0,1
59.008721568,0,0,0
59.008722466,1,0,0
59.147418326,1,0,1
59.147418752,1,1,1
59.147420170,0,1,1
59.286177336,0,0,1
59.286178354,0,0,0
59.286178842,1,0,0
59.424874424,1,0,1
59.424876078,1,1,1
59.424877546,0,1,1
59.563573452,0,1,0
59.563574726,0,0,0
59.563575280,1,0,0
59.702271522,1,0,1
59.702272342,1,1,1
59.702273922,0,1,1
59.841000548,0,1,0
59.841002050,0,0,0
59.841002656,1,0,0
59.979698618,1,0,1
59.979698730,1,1,1
59.979700298,0,1,1
60.118396314,0,0,1
60.118396708,0,0,0
60.118397970,1,0,0
60.257124992,1,1,0
60.257125716,1,1,1
60.257126736,0,1,1
60.395853638,0,0,1
60.395853804,0,0,0
60.395855410,1,0,0
60.534582812,1,0,1
60.534583318,1,1,1
60.534584110,0,1,1
60.673279900,0,1,0
60.673280026,0,0,0
60.673281784,1,0,0
60.811977908,1,0,1
60.811979580,1,1,1
60.811980486,0,1,1
60.950738288,0,0,1
60.950738998,0,0,0
60.950739096,1,0,0
61.089435904,1,1,0
61.089436068,1,1,1
61.089437862,0,1,1
61.228134612,0,0,1
61.228135094,0,0,0
61.228135534,1,0,0
61.366832290,1,1,0
61.366833100,1,1,1
61.366833238,0,1,1
61.505591190,0,1,0
61.505591874,0,0,0
61.505592846,1,0,0
61.644288490,1,1,0
61.644289196,1,1,1
61.644290612,0,1,1
61.782988198,0,0,1
61.782988348,0,0,0
61.782989282,1,0,0
61.921684354,1,0,1
61.921685814,1,1,1
61.921686986,0,1,1
62.060383522,0,0,1
62.060384442,0,0,0
62.060384658,1,0,0
62.199081074,1,1,0
62.199081450,1,1,1
62.199083360,0,1,1
62.337778538,0,1,0
62.337778846,0,0,0
62.337781032,1,0,0
62.476478460,1,1,0
62.476478544,1,1,1
62.476479734,0,1,1
62.615176106,0,0,1
62.615176196,0,0,0
62.615177404,1,0,0
62.753903638,1,0,1
62.753906160,1,1,1
62.753906174,0,1,1
62.892602428,0,0,1
62.892602726,0,0,0
62.892603778,1,0,0
63.031300734,1,0,1
63.031302108,1,1,1
63.031302480,0,1,1
63.169997822,0,1,0
63.169998688,0,0,0
63.170000152,1,0,0
63.308697890,1,0,1
63.308698368,1,1,1
63.308698852,0,1,1
63.447393916,0,1,0
63.447394074,0,0,0
63.447396524,1,0,0
63.586123690,1,1,0
63.586124984,1,1,1
63.586125288,0,1,1
63.724820396,0,0,1
63.724822012,0,0,0
63.724822896,1,0,0
63.863520012,1,1,0
63.863520016,1,1,1
63.863521600,0,1,1
64.002247656,0,0,1
64.002249106,0,0,0
64.002250270,1,0,0
64.140947110,1,0,1
64.140947272,1,1,1
64.140947972,0,1,1
64.279674978,0,0,1
64.279676198,0,0,0
64.279676704,1,0,0
64.418371596,1,1,0
64.418372268,1,1,1
64.418374344,0,1,1
64.557072364,0,0,1
64.557073014,1,0,1
64.557073356,1,0,0
64.695768362,1,0,1
64.695769916,1,1,1
64.695770778,0,1,1
64.834496448,0,1,0
64.834497372,0,0,0
64.834499448,1,0,0
64.973227238,1,1,0
64.973227454,1,1,1
64.973228148,0,1,1
65.111924542,0,1,0
65.111924882,0,0,0
65.111925756,1,0,0
65.250622558,1,1,0
65.250623610,1,1,1
65.250624460,0,1,1
65.389320572,0,1,0
65.389322192,1,1,0
65.389322208,1,0,0
65.528017640,1,0,1
65.528017818,1,1,1
65.528019894,0,1,1
65.666716726,0,1,0
65.666717524,0,0,0
65.666718562,1,0,0
65.805413796,1,0,1
65.805415202,1,1,1
65.805416264,0,1,1
65.944112844,0,0,1
65.944113820,0,0,0
65.944114934,1,0,0
66.082810824,1,0,1
66.082811398,1,1,1
66.082812636,0,1,1
66.221508104,0,0,1
66.221509788,0,0,0
66.221510304,1,0,0
66.360207718,1,1,0
66.360207980,1,1,1
66.360209008,0,1,1
66.498904424,0,0,1
66.498905004,0,0,0
66.498906676,1,0,0
66.637634072,1,0,1
66.637634100,1,1,1
66.637635376,0,1,1
66.776331158,0,1,0
66.776332744,0,0,0
66.776333046,1,0,0
66.915060296,1,1,0
66.915061164,1,1,1
66.915061746,0,1,1
67.053759002,0,0,1
67.053759252,0,0,0
67.053760416,1,0,0
67.192455254,1,0,1
67.192455678,1,1,1
67.192458180,0,1,1
67.331155280,0,1,0
67.331155384,0,0,0
67.331156786,1,0,0
67.469850936,1,1,0
67.469851348,1,1,1
67.469854488,0,1,1
67.608580704,0,0,1
67.608581434,0,0,0
67.608583156,1,0,0
67.747279440,1,0,1
67.747280318,1,1,1
67.747280858,0,1,1
67.885977526,0,1,0
67.885977960,0,0,0
67.885979528,1,0,0
68.024675592,1,0,1
68.024675636,1,1,1
68.024677228,0,1,1
68.163373280,0,0,1
68.163373556,0,0,0
68.163374896,1,0,0
68.302072620,1,0,1
68.302072894,1,1,1
68.302073596,0,1,1
68.440768708,0,1,0
68.440770600,0,0,0
68.440771264,1,0,0
68.579467150,1,1,0
68.579468774,1,1,1
68.579469966,0,1,1
68.718165800,0,1,0
68.718165856,0,0,0
68.718167634,1,0,0
68.856893928,1,0,1
68.856894532,1,1,1
68.856896334,0,1,1
68.995592174,0,0,1
68.995593890,0,0,0
68.995594002,1,0,0
69.134320956,1,0,1
69.134321850,1,1,1
69.134322702,0,1,1
69.273019494,0,0,1
69.273020042,0,0,0
69.273021434,1,0,0
69.411747048,1,0,1
69.411748106,1,1,1
69.411749070,0,1,1
69.550446134,0,1,0
69.550446748,0,0,0
69.550447742,1,0,0
69.689144426,1,1,0
69.689145200,1,1,1
69.689145442,0,1,1
69.827843130,0,0,1
69.827843286,0,0,0
69.827844108,1,0,0
69.966541228,1,0,1
69.966541680,1,1,1
69.966541808,0,1,1
70.105237314,0,1,0
70.105238386,0,0,0
70.105239476,1,0,0
70.243966318,1,0,1
70.243967000,1,1,1
70.243968176,0,1,1
70.382665704,0,0,1
70.382666404,0,0,0
70.382666906,1,0,0
70.521362470,1,0,1
70.521363378,1,1,1
70.521364544,0,1,1
70.660062084,0,0,1
70.660062556,0,0,0
70.660063210,1,0,0
70.798758496,1,0,1
70.798759572,1,1,1
70.798760910,0,1,1
70.937456582,0,1,0
70.937457340,0,0,0
70.937458640,1,0,0
71.076154952,1,1,0
71.076155648,1,1,1
71.076157280,0,1,1
71.214852670,0,1,0
71.214853094,0,0,0
71.214854946,1,0,0
71.353552080,1,1,0
71.353552738,1,1,1
71.353553646,0,1,1
71.492248910,0,0,1
71.492249822,0,0,0
71.492251314,1,0,0
71.630947524,1,1,0
71.630947826,1,1,1
71.630949012,0,1,1
71.769645228,0,0,1
71.769645912,0,0,0
71.769647680,1,0,0
71.908342840,1,1,0
71.908343914,1,1,1
71.908345442,0,1,1
72.047042482,0,0,1
72.047043000,0,0,0
72.047043044,1,0,0
72.185740066,1,0,1
72.185740156,1,1,1
72.185741808,0,1,1
72.324436798,0,0,1
72.324439026,0,0,0
72.324439474,1,0,0
72.463136154,1,0,1
72.463136410,1,1,1
72.463138174,0,1,1
72.601834114,0,0,1
72.601834176,0,0,0
72.601835778,1,0,0
72.740532240,1,0,1
72.740532728,1,1,1
72.740533478,0,1,1
72.879260326,0,1,0
72.879260368,0,0,0
72.879262146,1,0,0
73.017959044,1,1,0
73.017960328,1,1,1
73.017960906,0,1,1
73.156717414,0,1,0
73.156718746,0,0,0
73.156719572,1,0,0
73.295416416,1,0,1
73.295418208,0,0,1
73.295418420,0,1,1
73.434143502,0,1,0
73.434145312,0,0,0
73.434145874,1,0,0
73.572842504,1,0,1
73.572843612,1,1,1
73.572844574,0,1,1
73.711571588,0,1,0
73.711572316,0,0,0
73.711573304,1,0,0
73.850268926,1,1,0
73.850269590,1,1,1
73.850270940,0,1,1
73.988967568,0,0,1
73.988968676,0,0,0
73.988969604,1,0,0
74.127665240,1,1,0
74.127666740,1,1,1
74.127667304,0,1,1
74.266362762,0,1,0
74.266363882,0,0,0
74.266364972,1,0,0
74.405091556,1,1,0
74.405092826,1,1,1
74.405093670,0,1,1
74.543789912,0,1,0
74.543791260,0,0,0
74.543792398,1,0,0
74.682488808,1,1,0
74.682489914,1,1,1
74.682490034,0,1,1
74.821185998,0,1,0
74.821186512,0,0,0
74.821187762,1,0,0
74.959883000,1,0,1
74.959885186,1,1,1
74.959886462,0,1,1
75.098612764,0,0,1
75.098614020,0,0,0
75.098615064,1,0,0
75.237311086,1,0,1
75.237311500,1,1,1
75.237312824,0,1,1
75.376009108,0,1,0
75.376010140,0,0,0
75.376011490,1,0,0
75.514707234,1,0,1
75.514707688,1,1,1
75.514709126,0,1,1
75.653405194,0,1,0
75.653406018,0,0,0
75.653406792,1,0,0
75.792104066,1,1,0
75.792104258,1,1,1
75.792105552,0,1,1
75.930801706,0,0,1
75.930802340,0,0,0
75.930803218,1,0,0
76.069499342,1,0,1
76.069500378,1,1,1
76.069500918,0,1,1
76.208228018,0,0,1
76.208228426,0,0,0
76.208229580,1,0,0
76.346925630,1,1,0
76.346927426,1,1,1
76.346928216,0,1,1
76.485623448,0,1,0
76.485624270,0,0,0
76.485625884,1,0,0
76.624352576,1,0,1
76.624352944,1,1,1
76.624354642,0,1,1
76.763049534,0,1,0
76.763050646,0,0,0
76.763052246,1,0,0
76.901778598,1,0,1
76.901779194,1,1,1
76.901781004,0,1,1
77.040507896,0,0,1
77.040509610,1,0,1
77.040509684,1,0,0
77.179206506,1,1,0
77.179206682,1,1,1
77.179208368,0,1,1
77.317933766,0,1,0
77.317935272,0,0,0
77.317936972,1,0,0
77.456633820,1,1,0
77.456633828,1,1,1
77.456634668,0,1,1
77.595329852,0,1,0
77.595330458,0,0,0
77.595332396,1,0,0
77.734028912,1,0,1
77.734030194,1,1,1
77.734031030,0,1,1
77.872726834,0,0,1
77.872726934,0,0,0
77.872728696,1,0,0
78.011455444,1,1,0
78.011455996,1,1,1
78.011457394,0,1,1
78.150153018,0,1,0
78.150154084,0,0,0
78.150155058,1,0,0
78.288851142,1,0,1
78.288851756,1,1,1
78.288853754,0,1,1
78.427550396,0,0,1
78.427551166,0,0,0
78.427551420,1,0,0
78.566248164,1,0,1
78.566249068,1,1,1
78.566250118,0,1,1
78.704945706,0,0,1
78.704947248,0,0,0
78.704947782,1,0,0
78.843644248,1,0,1
78.843644380,1,1,1
78.843645542,0,1,1
78.982341270,0,1,0
78.982341956,0,0,0
78.982344206,1,0,0
79.121040628,1,1,0
79.121041330,1,1,1
79.121041840,0,1,1
79.259738330,0,0,1
79.259738414,0,0,0
79.259740504,1,0,0
79.398436476,1,0,1
79.398436876,1,1,1
79.398438202,0,1,1
79.537164498,0,1,0
79.537165578,0,0,0
79.537166866,1,0,0
79.675862560,1,0,1
79.675863250,1,1,1
79.675864562,0,1,1
79.814561518,0,1,0
79.814561890,0,0,0
79.814563226,1,0,0
79.953259500,1,1,0
79.953259578,1,1,1
79.953260924,0,1,1
80.091958138,0,0,1
80.091958588,1,0,1
80.091958662,1,0,0
80.230655724,1,0,1
80.230655810,1,1,1
80.230657346,0,1,1
80.369353510,0,0,1
80.369353744,0,0,0
80.369355012,1,0,0
80.508051742,1,0,1
80.508052120,1,1,1
80.508053644,0,1,1
80.646749760,0,0,1
80.646749826,0,0,0
80.646751310,1,0,0
80.785478826,1,0,1
80.785479430,1,1,1
80.785480004,0,1,1
80.924175972,0,1,0
80.924176070,0,0,0
80.924177730,1,0,0
81.062873970,1,0,1
81.062876428,0,0,1
81.062876740,0,1,1
81.201571316,0,0,1
81.201573052,0,0,0
81.201574092,1,0,0
81.340300988,1,1,0
81.340301052,1,1,1
81.340302788,0,1,1
81.478998690,0,0,1
81.479000072,0,0,0
81.479000450,1,0,0
81.617697134,1,0,1
81.617697298,1,1,1
81.617699084,0,1,1
81.756394154,0,1,0
81.756394936,0,0,0
81.756396750,1,0,0
81.895092608,1,1,0
81.895093214,1,1,1
81.895095508,0,1,1
82.033792246,0,0,1
82.033792298,0,0,0
82.033793170,1,0,0
82.172489856,1,1,0
82.172490296,1,1,1
82.172490804,0,1,1
82.311187316,0,1,0
82.311189532,1,1,0
82.311189556,1,0,0
82.449885376,1,0,1
82.449886228,1,1,1
82.449887228,0,1,1
82.588583460,0,1,0
82.588583866,0,0,0
82.588585826,1,0,0
82.727282474,1,1,0
82.727282522,1,1,1
82.727283584,0,1,1
82.865979174,0,0,1
82.865980540,0,0,0
82.865981248,1,0,0
83.004707782,1,1,0
83.004708602,1,1,1
83.004709946,0,1,1
83.143467482,0,0,1
83.143468620,0,0,0
83.143469670,1,0,0
83.282165744,1,0,1
83.282166028,1,1,1
83.282167240,0,1,1
83.420894702,0,1,0
83.420894790,0,0,0
83.420895966,1,0,0
83.559592400,1,1,0
83.559592762,1,1,1
83.559593600,0,1,1
83.698290976,0,0,1
83.698291780,0,0,0
83.698292326,1,0,0
83.836988646,1,1,0
83.836989842,1,1,1
83.836990020,0,1,1
83.975687924,0,1,0
83.975688408,0,0,0
83.975688684,1,0,0
84.114414922,1,0,1
84.114414954,1,1,1
84.114416380,0,1,1
84.253111942,0,1,0
84.253113592,0,0,0
84.253115040,1,0,0
84.391810002,1,0,1
84.391812262,1,1,1
84.391812676,0,1,1
84.530509082,0,1,0
84.530509900,0,0,0
84.530511400,1,0,0
84.669206506,1,1,0
84.669207080,1,1,1
84.669209094,0,1,1
84.807905206,0,0,1
84.807906100,0,0,0
84.807906758,1,0,0
84.946602876,1,1,0
84.946604160,1,1,1
84.946605452,0,1,1
85.085361178,0,1,0
85.085362452,0,0,0
85.085364052,1,0,0
85.224061122,1,1,0
85.224061240,1,1,1
85.224062810,0,1,1
85.362851320,0,1,0
85.362851696,0,0,0
85.362852472,1,0,0
85.501548428,1,1,0
85.501549318,1,1,1
85.501550168,0,1,1
85.640246398,0,1,0
85.640247066,0,0,0
85.640247830,1,0,0
85.778974674,1,1,0
85.778975460,1,1,1
85.778976524,0,1,1
85.917703414,0,1,0
85.917704374,0,0,0
85.917705124,1,0,0
86.056431980,1,1,0
86.056432538,1,1,1
86.056433882,0,1,1
86.195192556,0,1,0
86.195192618,0,0,0
86.195193544,1,0,0
86.333888976,1,1,0
86.333889616,1,1,1
86.333891238,0,1,1
86.472586572,0,1,0
86.472586986,0,0,0
86.472588838,1,0,0
86.611314594,1,1,0
86.611317594,0,1,0
86.611317694,0,1,1
86.750014712,0,1,0
86.750015230,0,0,0
86.750016318,1,0,0
86.888743710,1,0,1
86.888743900,1,1,1
86.888744950,0,1,1
87.027440536,0,0,1
87.027440852,0,0,0
87.027442612,1,0,0
87.166168850,1,0,1
87.166170206,1,1,1
87.166171306,0,1,1
87.304866842,0,0,1
87.304867930,0,0,0
87.304868968,1,0,0
87.443565448,1,1,0
87.443565866,1,1,1
87.443567662,0,1,1
87.582264148,0,0,1
87.582264944,0,0,0
87.582265262,1,0,0
87.720960816,1,1,0
87.720962004,1,1,1
87.720963018,0,1,1
87.859660084,0,1,0
87.859660390,0,0,0
87.859661678,1,0,0
87.998357060,1,1,0
87.998357082,1,1,1
87.998359312,0,1,1
88.137056760,0,0,1
88.137057100,0,0,0
88.137058036,1,0,0
88.275784302,1,1,0
88.275785158,1,1,1
88.275786728,0,1,1
88.414482238,0,1,0
88.414483002,0,0,0
88.414484390,1,0,0
88.553180234,1,0,1
88.553180608,1,1,1
88.553182084,0,1,1
88.691878308,0,0,1
88.691878312,0,0,0
88.691880746,1,0,0
88.830576912,1,1,0
88.830577374,1,1,1
88.830578438,0,1,1
88.969273612,0,0,1
88.969275328,0,0,0
88.969276102,1,0,0
89.108002278,1,1,0
89.108002450,1,1,1
89.108004794,0,1,1
89.246762914,0,0,1
89.246763466,0,0,0
89.246764454,1,0,0
89.385491460,1,1,0
89.385492462,1,1,1
89.385493148,0,1,1
89.524221218,0,0,1
89.524221870,1,0,1
89.524221980,1,0,0
89.662948602,1,0,1
89.662948762,1,1,1
89.662950502,0,1,1
89.801645620,0,1,0
89.801647522,0,0,0
89.801648162,1,0,0
89.940343678,1,0,1
89.940345128,1,1,1
89.940345858,0,1,1
90.079042694,0,1,0
90.079042700,0,0,0
90.079044518,1,0,0
90.217740752,1,0,1
90.217741370,1,1,1
90.217742274,0,1,1
90.356438768,0,1,0
90.356439068,0,0,0
90.356440934,1,0,0
90.495136612,1,1,0
90.495136828,1,1,1
90.495138504,0,1,1
90.633834310,0,0,1
90.633834908,0,0,0
90.633836288,1,0,0
90.772532978,1,1,0
90.772533902,1,1,1
90.772534918,0,1,1
90.911230612,0,0,1
90.911231982,0,0,0
90.911232642,1,0,0
91.049927980,1,0,1
91.049928280,1,1,1
91.049930272,0,1,1
91.188689056,0,1,0
91.188689916,0,0,0
91.188689932,1,0,0
91.327385460,1,1,0
91.327386052,1,1,1
91.327387626,0,1,1
91.466085194,0,1,0
91.466085218,0,0,0
91.466086350,1,0,0
91.604782126,1,0,1
91.604782822,1,1,1
91.604783980,0,1,1
91.743511204,0,1,0
91.743511458,0,0,0
91.743512642,1,0,0
91.882240126,1,1,0
91.882240200,1,1,1
91.882241332,0,1,1
92.020936698,0,0,1
92.020937342,0,0,0
92.020938994,1,0,0
92.159636338,1,0,1
92.159636366,1,1,1
92.159637748,0,1,1
92.298333062,0,0,1
92.298334352,0,0,0
92.298335408,1,0,0
92.437062412,1,0,1
92.437062668,1,1,1
92.437064040,0,1,1
92.575760366,0,0,1
92.575761490,0,0,0
92.575761760,1,0,0
92.714458486,1,0,1
92.714459032,1,1,1
92.714460452,0,1,1
92.853247500,0,1,0
92.853248542,0,0,0
92.853250052,1,0,0
92.991945274,1,1,0
92.991946560,1,1,1
92.991947806,0,1,1
93.130644638,0,1,0
93.130644968,0,0,0
93.130646466,1,0,0
93.269342574,1,1,0
93.269343632,1,1,1
93.269344156,0,1,1
93.408039648,0,1,0
93.408041208,0,0,0
93.408041756,1,0,0
93.546737706,1,0,1
93.546739876,1,1,1
93.546740508,0,1,1
93.685467510,0,0,1
93.685467720,0,0,0
93.685469168,1,0,0
93.824165176,1,1,0
93.824165780,1,1,1
93.824166862,0,1,1
93.962862810,0,0,1
93.962862920,0,0,0
93.962864520,1,0,0
94.101561416,1,1,0
94.101561916,1,1,1
94.101563212,0,1,1
94.240258930,0,1,0
94.240259050,0,0,0
94.240260874,1,0,0
94.379018718,1,1,0
94.379018926,1,1,1
94.379020500,0,1,1
94.517716066,0,1,0
94.517717350,0,0,0
94.517718160,1,0,0
94.656445018,1,1,0
94.656445060,1,1,1
94.656446916,0,1,1
94.795142638,0,1,0
94.795143714,0,0,0
94.795144512,1,0,0
94.933903256,1,1,0
94.933904070,1,1,1
94.933904204,0,1,1
95.072600952,0,0,1
95.072601210,0,0,0
95.072601926,1,0,0
95.211297206,1,0,1
95.211299616,0,0,1
95.211299618,0,1,1
95.350057252,0,0,1
95.350058220,0,0,0
95.350059274,1,0,0
95.488786794,1,1,0
95.488787278,1,1,1
95.488788030,0,1,1
95.627514356,0,1,0
95.627515552,0,0,0
95.627516626,1,0,0
95.766212156,1,1,0
95.766212412,1,1,1
95.766214316,0,1,1
95.904910790,0,0,1
95.904911428,0,0,0
95.904912976,1,0,0
96.043609422,1,0,1
96.043609456,1,1,1
96.043610666,0,1,1
96.182306152,0,0,1
96.182306498,0,0,0
96.182308324,1,0,0
96.321035556,1,0,1
96.321035692,1,1,1
96.321037016,0,1,1
96.459733390,0,0,1
96.459734572,0,0,0
96.459735674,1,0,0
96.598430994,1,1,0
96.598431376,1,1,1
96.598433366,0,1,1
96.737128626,0,0,1
96.737130642,0,0,0
96.737130962,1,0,0
96.875828292,1,1,0
96.875828700,1,1,1
96.875829716,0,1,1
97.014525714,0,1,0
97.014526988,0,0,0
97.014527374,1,0,0
97.153224280,1,1,0
97.153224770,1,1,1
97.153226066,0,1,1
97.291951846,0,1,0
97.291953224,0,0,0
97.291953722,1,0,0
97.430650828,1,1,0
97.430650840,1,1,1
97.430652414,0,1,1
97.569347526,0,0,1
97.569347918,0,0,0
97.569350010,1,0,0
97.708046974,1,0,1
97.708048128,1,1,1
97.708048700,0,1,1
97.846743762,0,0,1
97.846744926,0,0,0
97.846746358,1,0,0
97.985473046,1,0,1
97.985473428,1,1,1
97.985475050,0,1,1
98.124170060,0,0,1
98.124171060,0,0,0
98.124172770,1,0,0
98.262869726,1,1,0
98.262870054,1,1,1
98.262871460,0,1,1
98.401597296,0,0,1
98.401599194,0,0,0
98.401600118,1,0,0
98.540296186,1,0,1
98.540296960,1,1,1
98.540297808,0,1,1
98.679025200,0,1,0
98.679025594,0,0,0
98.679026404,1,0,0
98.817721198,1,1,0
98.817723258,1,1,1
98.817724158,0,1,1
98.956420954,0,0,1
98.956421334,0,0,0
98.956422816,1,0,0
99.095118264,1,0,1
99.095118556,1,1,1
99.095120570,0,1,1
99.233818190,0,0,1
99.233818340,0,0,0
99.233819164,1,0,0
99.372514856,1,1,0
99.372516854,0,1,0
99.372517398,0,1,1
99.511212476,0,1,0
99.511212486,0,0,0
99.511214512,1,0,0
99.649911466,1,0,1
99.649912154,1,1,1
99.649913202,0,1,1
99.788608544,0,1,0
99.788609784,0,0,0
99.788610860,1,0,0
99.927306598,1,0,1
99.927309388,1,1,1
99.927309550,0,1,1
100.066004550,0,1,0
100.066007084,0,0,0
100.066007270,1,0,0
100.204702606,1,0,1
100.204702748,1,1,1
100.204704898,0,1,1
100.343432380,0,0,1
100.343432682,0,0,0
100.343433618,1,0,0
100.482128982,1,1,0
100.482130736,1,1,1
100.482132244,0,1,1
100.620857750,0,1,0
100.620859614,0,0,0
100.620859964,1,0,0
100.759556278,1,1,0
100.759557808,1,1,1
100.759558654,0,1,1
100.898254912,0,0,1
100.898255820,0,0,0
100.898256250,1,0,0
101.036953514,1,1,0
101.036953876,1,1,1
101.036954938,0,1,1
101.175650208,0,0,1
101.175650890,0,0,0
101.175652596,1,0,0
101.314378944,1,0,1
101.314379872,1,1,1
101.314381286,0,1,1
101.453077020,0,1,0
101.453077504,0,0,0
101.453078944,1,0,0
101.591806014,1,0,1
101.591806108,1,1,1
101.591807632,0,1,1
101.730534028,0,1,0
101.730534738,0,0,0
101.730536290,1,0,0
101.869233402,1,1,0
101.869234082,1,1,1
101.869234978,0,1,1
102.007931158,0,1,0
102.007932034,0,0,0
102.007932634,1,0,0
102.146628150,1,0,1
102.146628636,1,1,1
102.146630326,0,1,1
102.285327226,0,1,0
102.285328330,0,0,0
102.285329044,1,0,0
102.424055934,1,1,0
102.424057280,1,1,1
102.424057670,0,1,1
102.562784564,0,0,1
102.562785294,0,0,0
102.562786390,1,0,0
102.701482228,1,1,0
102.701484018,0,1,0
102.701484348,0,1,1
102.840180362,0,1,0
102.840180860,0,0,0
102.840181736,1,0,0
102.978879356,1,0,1
102.978879462,1,1,1
102.978880362,0,1,1
103.117576094,0,0,1
103.117577492,0,0,0
103.117578020,1,0,0
103.256275486,1,0,1
103.256275758,1,1,1
103.256276710,0,1,1
103.394972498,0,1,0
103.394973452,0,0,0
103.394974428,1,0,0
103.533701616,1,0,1
103.533702052,1,1,1
103.533703056,0,1,1
103.672398566,0,1,0
103.672398748,0,0,0
103.672400712,1,0,0
103.811097348,1,1,0
103.811097620,1,1,1
103.811099462,0,1,1
103.949856696,0,1,0
103.949856980,0,0,0
103.949858120,1,0,0
104.088553642,1,1,0
104.088554688,1,1,1
104.088555808,0,1,1
104.227253274,0,0,1
104.227253700,0,0,0
104.227254402,1,0,0
104.365949938,1,1,0
104.365950754,1,1,1
104.365952152,0,1,1
104.504648568,0,0,1
104.504649832,0,0,0
104.504650810,1,0,0
104.643345822,1,0,1
104.643347170,1,1,1
104.643348434,0,1,1
104.782104866,0,0,1
104.782105898,0,0,0
104.782107154,1,0,0
104.920833464,1,1,0
104.920834950,1,1,1
104.920835842,0,1,1
105.059563096,0,0,1
105.059563966,0,0,0
105.059564436,1,0,0
105.198292018,1,0,1
105.198292760,1,1,1
105.198293186,0,1,1
105.336989030,0,1,0
105.336990392,0,0,0
105.336991842,1,0,0
105.475687210,1,0,1
105.475687990,1,1,1
105.475689530,0,1,1
105.614386034,0,1,0
105.614386684,0,0,0
105.614387186,1,0,0
105.753083284,1,1,0
105.753084152,1,1,1
105.753085874,0,1,1
105.891781226,0,1,0
105.891782916,0,0,0
105.891783530,1,0,0
106.030541218,1,0,1
106.030541578,1,1,1
106.030543216,0,1,1
106.169330272,0,0,1
106.169331292,0,0,0
106.169332874,1,0,0
106.308028284,1,0,1
106.308029810,1,1,1
106.308030500,0,1,1
106.446726504,0,0,1
106.446727358,0,0,0
106.446728218,1,0,0
106.585454166,1,1,0
106.585455350,1,1,1
106.585456844,0,1,1
106.724153796,0,0,1
106.724154362,0,0,0
106.724155562,1,0,0
106.862913398,1,1,0
106.862913416,1,1,1
106.862914248,0,1,1
107.001640490,0,1,0
107.001641090,0,0,0
107.001642904,1,0,0
107.140370482,1,0,1
107.140370690,1,1,1
107.140371592,0,1,1
107.279066432,0,1,0
107.279068322,0,0,0
107.279069248,1,0,0
107.417765546,1,0,1
107.417765984,1,1,1
107.417767934,0,1,1
107.556463620,0,1,0
107.556464678,0,0,0
107.556465528,1,0,0
107.695160612,1,0,1
107.695163278,0,1,1
107.833860220,0,0,1
107.833860686,0,0,0
107.833861932,1,0,0
107.972557740,1,0,1
107.972558508,1,1,1
107.972559558,0,1,1
108.111256202,0,0,1
108.111256752,0,0,0
108.111258274,1,0,0
108.249952800,1,1,0
108.249954806,1,1,1
108.249955962,0,1,1
108.388651430,0,0,1
108.388652878,0,0,0
108.388653618,1,0,0
108.527380094,1,1,0
108.527381870,1,1,1
108.527382306,0,1,1
108.666078724,0,0,1
108.666078880,0,0,0
108.666080960,1,0,0
108.804776934,1,0,1
108.804777386,1,1,1
108.804778710,0,1,1
108.943473008,0,1,0
108.943474016,0,0,0
108.943476302,1,0,0
109.082172616,1,1,0
109.082172998,1,1,1
109.082174990,0,1,1
109.220871010,0,1,0
109.220871308,0,0,0
109.220872644,1,0,0
109.359569062,1,0,1
109.359570908,1,1,1
109.359571334,0,1,1
109.498267136,0,1,0
109.498267600,0,0,0
109.498268986,1,0,0
109.636995126,1,0,1
109.636996138,1,1,1
109.636997736,0,1,1
109.775693200,0,1,0
109.775693830,0,0,0
109.775695390,1,0,0
109.914421252,1,0,1
109.914421742,1,1,1
109.914424076,0,1,1
110.053120808,0,0,1
110.053121264,0,0,0
110.053122670,1,0,0
110.191818784,1,1,0
110.191819316,1,1,1
110.191820356,0,1,1
110.330577412,0,0,1
110.330578328,0,0,0
110.330579074,1,0,0
110.469307074,1,1,0
110.469307380,1,1,1
110.469307760,0,1,1
110.608003640,0,0,1
110.608005392,0,0,0
110.608006352,1,0,0
110.746702444,1,0,1
110.746703302,1,1,1
110.746704040,0,1,1
110.885431454,0,1,0
110.885431932,0,0,0
110.885432756,1,0,0
111.024129508,1,0,1
111.024129594,1,1,1
111.024130380,0,1,1
111.162827224,0,0,1
111.162827580,0,0,0
111.162829098,1,0,0
111.301524886,1,1,0
111.301525632,1,1,1
111.301526784,0,1,1
111.440223580,0,1,0
111.440224452,0,0,0
111.440225376,1,0,0
111.578920634,1,0,1
111.578921114,1,1,1
111.578923124,0,1,1
111.717618706,0,1,0
111.717618806,0,0,0
111.717620778,1,0,0
111.856317696,1,0,1
111.856318404,1,1,1
111.856319528,0,1,1
111.995045770,0,1,0
111.995046094,0,0,0
111.995048118,1,0,0
112.133744694,1,1,0
112.133744820,1,1,1
112.133745804,0,1,1
112.272442386,0,0,1
112.272443830,0,0,0
112.272444520,1,0,0
112.411140820,1,0,1
112.411141922,1,1,1
112.411142082,0,1,1
112.549838614,0,0,1
112.549839798,1,0,1
112.549839894,1,0,0
112.688535694,1,0,1
112.688537276,1,1,1
112.688538484,0,1,1
112.827233842,0,0,1
112.827236018,0,0,0
112.827236074,1,0,0
112.965932504,1,1,0
112.965932944,1,1,1
112.965933822,0,1,1
113.104631016,0,1,0
113.104631132,0,0,0
113.104632478,1,0,0
113.243328854,1,1,0
113.243329068,1,1,1
113.243330162,0,1,1
113.382026422,0,0,1
113.382027078,0,0,0
113.382028816,1,0,0
113.520724082,1,1,0
113.520724130,1,1,1
113.520726502,0,1,1
113.659483140,0,1,0
113.659483648,0,0,0
113.659485156,1,0,0
113.798182192,1,0,1
113.798182310,1,1,1
113.798183842,0,1,1
113.936880000,0,0,1
113.936880266,0,0,0
113.936881556,1,0,0
114.075608600,1,1,0
114.075609254,1,1,1
114.075610180,0,1,1
114.214337290,0,0,1
114.214338326,0,0,0
114.214338836,1,0,0
114.353034316,1,0,1
114.353034888,1,1,1
114.353036520,0,1,1
114.491732516,0,0,1
114.491734388,0,0,0
114.491735172,1,0,0
114.630462178,1,1,0
114.630462438,1,1,1
114.630463858,0,1,1
114.769190450,0,1,0
114.769191806,0,0,0
114.769192574,1,0,0
114.907949404,1,1,0
114.907950438,1,1,1
114.907951196,0,1,1
115.046647510,0,1,0
115.046648094,0,0,0
115.046649914,1,0,0
115.185344562,1,0,1
115.185345692,1,1,1
115.185347536,0,1,1
115.324042320,0,0,1
115.324043572,0,0,0
115.324045252,1,0,0
115.462740622,1,0,1
115.462741982,1,1,1
115.462743938,0,1,1
115.601439632,0,1,0
115.601440610,0,0,0
115.601441590,1,0,0
115.740137684,1,0,1
115.740138270,1,1,1
115.740139214,0,1,1
115.878836692,0,1,0
115.878836836,0,0,0
115.878837930,1,0,0
116.017533744,1,0,1
116.017534560,1,1,1
116.017535614,0,1,1
116.156293752,0,1,0
116.156294124,0,0,0
116.156295268,1,0,0
116.294991784,1,1,0
116.294991930,1,1,1
116.294992952,0,1,1
116.433688876,0,1,0
116.433690474,0,0,0
116.433690544,1,0,0
116.572387074,1,1,0
116.572388928,1,1,1
116.572389290,0,1,1
116.711084702,0,0,1
116.711085874,0,0,0
116.711086942,1,0,0
116.849782298,1,1,0
116.849782924,1,1,1
116.849785566,0,1,1
116.988481050,0,0,1
116.988481996,0,0,0
116.988483280,1,0,0
117.127209986,1,0,1
117.127210586,1,1,1
117.127211968,0,1,1
117.265908056,0,1,0
117.265908276,0,0,0
117.265909556,1,0,0
117.404636046,1,0,1
117.404636874,1,1,1
117.404638304,0,1,1
117.543335118,0,1,0
117.543336564,0,0,0
117.543336956,1,0,0
117.682032168,1,0,1
117.682033162,1,1,1
117.682034640,0,1,1
117.820731238,0,1,0
117.820731850,0,0,0
117.820732292,1,0,0
117.959429228,1,0,1
117.959429448,1,1,1
117.959430978,0,1,1
118.098126986,0,1,0
118.098127138,0,0,0
118.098128630,1,0,0
118.236824736,1,1,0
118.236826286,1,1,1
118.236827318,0,1,1
118.375522300,0,0,1
118.375522358,0,0,0
118.375524968,1,0,0
118.514252022,1,1,0
118.514252346,1,1,1
118.514253654,0,1,1
118.652979650,0,0,1
118.652982306,1,0,1
118.652982416,1,0,0
118.791678248,1,1,0
118.791678404,1,1,1
118.791679928,0,1,1
118.930377476,0,1,0
118.930377874,0,0,0
118.930378642,1,0,0
119.069073528,1,0,1
119.069074534,1,1,1
119.069076326,0,1,1
119.207771534,0,1,0
119.207773162,0,0,0
119.207773978,1,0,0
119.346470758,1,1,0
119.346471584,1,1,1
119.346472662,0,1,1
119.485169510,0,0,1
119.485169594,0,0,0
119.485170316,1,0,0
119.623867106,1,1,0
119.623868644,1,1,1
119.623869000,0,1,1
119.762563652,0,1,0
119.762565734,0,0,0
119.762566650,1,0,0
119.901262394,1,1,0
119.901264078,1,1,1
119.901264336,0,1,1
120.039960020,0,0,1
120.039960710,0,0,0
120.039962986,1,0,0
120.178658554,1,1,0
120.178658760,1,1,1
120.178660672,0,1,1
120.317357306,0,0,1
120.317358832,0,0,0
120.317359324,1,0,0
120.456054820,1,0,1
120.456055902,1,1,1
120.456057008,0,1,1
120.594753590,0,0,1
120.594753890,0,0,0
120.594754658,1,0,0
120.733450876,1,0,1
120.733451312,1,1,1
120.733453342,0,1,1
120.872179816,0,0,1
120.872179948,0,0,0
120.872181994,1,0,0
121.010908998,1,0,1
121.010909412,1,1,1
121.010910680,0,1,1
121.149637004,0,1,0
121.149638100,0,0,0
121.149638330,1,0,0
121.288334696,1,1,0
121.288335056,1,1,1
121.288337014,0,1,1
121.427033062,0,1,0
121.427033322,0,0,0
121.427034664,1,0,0
121.565732050,1,0,1
121.565732982,1,1,1
121.565733350,0,1,1
121.704429120,0,1,0
121.704429670,0,0,0
121.704431002,1,0,0
121.843127170,1,0,1
121.843127266,1,1,1
121.843128686,0,1,1
121.981886954,0,0,1
121.981887178,0,0,0
121.981888274,1,0,0
122.120584226,1,0,1
122.120584488,1,1,1
122.120586020,0,1,1
122.259282176,0,0,1
122.259284236,0,0,0
122.259284670,1,0,0
122.398010836,1,1,0
122.398011284,1,1,1
122.398013354,0,1,1
122.536709354,0,1,0
122.536710400,0,0,0
122.536711006,1,0,0
122.675438120,1,1,0
122.675439342,1,1,1
122.675439690,0,1,1
122.814166412,0,1,0
122.814167682,0,0,0
122.814168340,1,0,0
122.952864398,1,0,1
122.952865342,1,1,1
122.952866086,0,1,1
123.091562968,0,0,1
123.091563468,0,0,0
123.091564674,1,0,0
123.230261518,1,0,1
123.230261626,1,1,1
123.230262358,0,1,1
123.368957252,0,0,1
123.368958524,0,0,0
123.368960010,1,0,0
123.507718848,1,1,0
123.507719574,1,1,1
123.507719692,0,1,1
123.646415644,0,1,0
123.646416474,0,0,0
123.646417342,1,0,0
123.785114568,1,0,1
123.785115132,1,1,1
123.785116028,0,1,1
123.923873638,0,1,0
123.923873756,0,0,0
123.923874740,1,0,0
124.062570416,1,1,0
124.062570688,1,1,1
124.062572360,0,1,1
124.201299756,0,1,0
124.201300040,0,0,0
124.201301012,1,0,0
124.339998680,1,0,1
124.339998698,1,1,1
124.339999696,0,1,1
124.478726262,0,0,1
124.478727812,0,0,0
124.478728346,1,0,0
124.617453918,1,1,0
124.617454798,1,1,1
124.617456028,0,1,1
124.756152608,0,0,1
124.756152868,0,0,0
124.756154678,1,0,0
124.894849916,1,0,1
124.894851202,1,1,1
124.894852360,0,1,1
125.033578860,0,1,0
125.033579828,0,0,0
125.033581012,1,0,0
125.172277910,1,0,1
125.172278486,1,1,1
125.172279696,0,1,1
125.310975980,0,1,0
125.310976112,0,0,0
125.310977408,1,0,0
125.449673706,1,1,0
125.449673964,1,1,1
125.449675028,0,1,1
125.588371394,0,0,1
125.588373036,0,0,0
125.588373678,1,0,0
125.727099990,1,1,0
125.727101082,1,1,1
125.727102360,0,1,1
125.865798090,0,1,0
125.865799676,0,0,0
125.865800012,1,0,0
126.004556272,1,1,0
126.004557076,1,1,1
126.004558630,0,1,1
126.143254958,0,0,1
126.143255144,0,0,0
126.143257344,1,0,0
126.281953194,1,0,1
126.281953616,1,1,1
126.281955026,0,1,1
126.420682178,0,0,1
126.420682200,0,0,0
126.420683678,1,0,0
126.559379248,1,0,1
126.559380836,1,1,1
126.559382360,0,1,1
126.698078460,0,0,1
126.698079316,0,0,0
126.698080010,1,0,0
126.836776366,1,0,1
126.836777056,1,1,1
126.836777692,0,1,1
126.975474372,0,1,0
126.975474742,0,0,0
126.975476342,1,0,0
127.114203338,1,1,0
127.114203356,1,1,1
127.114205086,0,1,1
127.252901426,0,1,0
127.252902024,0,0,0
127.252902674,1,0,0
127.391598412,1,0,1
127.391598620,1,1,1
127.391600356,0,1,1
127.530297480,0,1,0
127.530298306,0,0,0
127.530299006,1,0,0
127.669025528,1,0,1
127.669026902,1,1,1
127.669027688,0,1,1
127.807723528,0,0,1
127.807723534,0,0,0
127.807725338,1,0,0
127.946422182,1,1,0
127.946422518,1,1,1
127.946424020,0,1,1
128.085120588,0,1,0
128.085120806,0,0,0
128.085121670,1,0,0
128.223878462,1,1,0
128.223878636,1,1,1
128.223880290,0,1,1
128.362577704,0,1,0
128.362578088,0,0,0
128.362578938,1,0,0
128.501305690,1,0,1
128.501305744,1,1,1
128.501307684,0,1,1
128.640034696,0,1,0
128.640035366,0,0,0
128.640036332,1,0,0
128.778731962,1,1,0
128.778732118,1,1,1
128.778734076,0,1,1
128.917429748,0,1,0
128.917430712,0,0,0
128.917431662,1,0,0
129.056128796,1,0,1
129.056129180,1,1,1
129.056130346,0,1,1
129.194856802,0,1,0
129.194856928,0,0,0
129.194859056,1,0,0
129.333554848,1,0,1
129.333555462,1,1,1
129.333556674,0,1,1
129.472252918,0,1,0
129.472253086,0,0,0
129.472254324,1,0,0
129.611012804,1,1,0
129.611012966,1,1,1
129.611014004,0,1,1
129.749709366,0,0,1
129.749710970,0,0,0
129.749711654,1,0,0
129.888438018,1,0,1
129.888439084,1,1,1
129.888440336,0,1,1
130.027138646,0,0,1
130.027138986,1,0,1
130.027139024,1,0,0
130.165834302,1,1,0
130.165835070,1,1,1
130.165836666,0,1,1
130.304563076,0,1,0
130.304563988,0,0,0
130.304565252,1,0,0
130.443261582,1,1,0
130.443262122,1,1,1
130.443262998,0,1,1
130.581958690,0,1,0
130.581960144,0,0,0
130.581961646,1,0,0
130.720656862,1,1,0
130.720658176,1,1,1
130.720659328,0,1,1
130.859355244,0,1,0
130.859355486,0,0,0
130.859356976,1,0,0
130.998054142,1,1,0
130.998054228,1,1,1
130.998055658,0,1,1
131.136782234,0,1,0
131.136782766,0,0,0
131.136784306,1,0,0
131.275512280,1,0,1
131.275512360,1,1,1
131.275512988,0,1,1
131.414240046,0,0,1
131.414240348,0,0,0
131.414241636,1,0,0
131.552937396,1,0,1
131.552937452,1,1,1
131.552939318,0,1,1
131.691635264,0,0,1
131.691636400,0,0,0
131.691636966,1,0,0
131.830333384,1,0,1
131.830334856,1,1,1
131.830335648,0,1,1
131.969031454,0,1,0
131.969031542,0,0,0
131.969033296,1,0,0
132.107730136,1,1,0
132.107731500,1,1,1
132.107732040,0,1,1
132.246427504,0,1,0
132.246427822,0,0,0
132.246429688,1,0,0
132.385125416,1,1,0
132.385126550,1,1,1
132.385127306,0,1,1
132.523823558,0,1,0
132.523825102,0,0,0
132.523826018,1,0,0
132.662521604,1,0,1
132.662521696,1,1,1
132.662523698,0,1,1
132.801219382,0,0,1
132.801219670,0,0,0
132.801221222,1,0,0
132.939916974,1,1,0
132.939917592,1,1,1
132.939919964,0,1,1
133.078615598,0,0,1
133.078616724,0,0,0
133.078617612,1,0,0
133.217345252,1,1,0
133.217345706,1,1,1
133.217346294,0,1,1
133.356043710,0,1,0
133.356044876,0,0,0
133.356045004,1,0,0
133.494741406,1,1,0
133.494741758,1,1,1
133.494742684,0,1,1
133.633437778,0,0,1
133.633438824,0,0,0
133.633440270,1,0,0
133.772136748,1,1,0
133.772137808,1,1,1
133.772138952,0,1,1
133.910834876,0,1,0
133.910835372,0,0,0
133.910836662,1,0,0
134.049532964,1,1,0
134.049533922,1,1,1
134.049535406,0,1,1
134.188230678,0,1,0
134.188231650,0,0,0
134.188232990,1,0,0
134.326929306,1,1,0
134.326929974,1,1,1
134.326930672,0,1,1
134.465627928,0,0,1
134.465628978,0,0,0
134.465629318,1,0,0
134.604324024,1,0,1
134.604325520,1,1,1
134.604326938,0,1,1
134.743054144,0,0,1
134.743055028,0,0,0
134.743055646,1,0,0
134.881750860,1,1,0
134.881752074,1,1,1
134.881753390,0,1,1
135.020451140,0,1,0
135.020451422,0,0,0
135.020451976,1,0,0
135.159179076,1,1,0
135.159179124,1,1,1
135.159180656,0,1,1
135.297876700,0,0,1
135.297877128,0,0,0
135.297878304,1,0,0
135.436574236,1,0,1
135.436575292,1,1,1
135.436575986,0,1,1
135.575273180,0,1,0
135.575273978,0,0,0
135.575274632,1,0,0
135.713970224,1,0,1
135.713970632,1,1,1
135.713972314,0,1,1
135.852669290,0,1,0
135.852670192,0,0,0
135.852670898,1,0,0
135.991365846,1,1,0
135.991366338,1,1,1
135.991368640,0,1,1
136.130095532,0,0,1
136.130096342,0,0,0
136.130097350,1,0,0
136.268792124,1,1,0
136.268793388,1,1,1
136.268794966,0,1,1
136.407491808,0,0,1
136.407492392,0,0,0
136.407493614,1,0,0
136.546221438,1,0,1
136.546221464,1,1,1
136.546222294,0,1,1
136.684948504,0,1,0
136.684950022,0,0,0
136.684950944,1,0,0
136.823677486,1,0,1
136.823677616,1,1,1
136.823678622,0,1,1
136.962375300,0,0,1
136.962376552,0,0,0
136.962377268,1,0,0
137.101072956,1,1,0
137.101073536,1,1,1
137.101074950,0,1,1
137.239772576,0,0,1
137.239772602,0,0,0
137.239773598,1,0,0
137.378469168,1,1,0
137.378469586,1,1,1
137.378471276,0,1,1
137.517167652,0,1,0
137.517167854,0,0,0
137.517168924,1,0,0
137.655864634,1,0,1
137.655865446,1,1,1
137.655867666,0,1,1
137.794593700,0,1,0
137.794595068,0,0,0
137.794596252,1,0,0
137.933291746,1,0,1
137.933292160,1,1,1
137.933293992,0,1,1
138.071990344,0,0,1
138.071991748,0,0,0
138.071992576,1,0,0
138.210687998,1,1,0
138.210688794,1,1,1
138.210690256,0,1,1
138.349385798,0,1,0
138.349386556,0,0,0
138.349387904,1,0,0
138.488114844,1,0,1
138.488115274,1,1,1
138.488116582,0,1,1
138.626812896,0,0,1
138.626813910,0,0,0
138.626815230,1,0,0
138.765572892,1,0,1
138.765573488,1,1,1
138.765573908,0,1,1
138.904268958,0,1,0
138.904270110,0,0,0
138.904271618,1,0,0
139.042997764,1,1,0
139.042997942,1,1,1
139.043000236,0,1,1
139.181697944,0,1,0
139.181698448,0,0,0
139.181698882,1,0,0
139.320425038,1,1,0
139.320426052,1,1,1
139.320427624,0,1,1
139.459123660,0,0,1
139.459123992,0,0,0
139.459125208,1,0,0
139.597820252,1,1,0
139.597821038,1,1,1
139.597822886,0,1,1
139.736549936,0,0,1
139.736551102,0,0,0
139.736551534,1,0,0
139.875247590,1,1,0
139.875249086,1,1,1
139.875250212,0,1,1
140.013945150,0,1,0
140.013946150,0,0,0
140.013947860,1,0,0
140.152645116,1,1,0
140.152645196,1,1,1
140.152646600,0,1,1
140.291342424,0,0,1
140.291343262,0,0,0
140.291344184,1,0,0
140.430040182,1,0,1
140.430041016,1,1,1
140.430041864,0,1,1
140.568738638,0,0,1
140.568739246,0,0,0
140.568740512,1,0,0
140.707436292,1,1,0
140.707437292,1,1,1
140.707438190,0,1,1
140.846134296,0,1,0
140.846134914,0,0,0
140.846135836,1,0,0
140.984833340,1,0,1
140.984833630,1,1,1
140.984834578,0,1,1
141.123622406,0,1,0
141.123623188,0,0,0
141.123624226,1,0,0
141.262320386,1,0,1
141.262320840,1,1,1
141.262321778,0,1,1
141.401109390,0,1,0
141.401109462,0,0,0
141.401111488,1,0,0
141.539808116,1,1,0
141.539809498,1,1,1
141.539810166,0,1,1
141.678505438,0,1,0
141.678505800,0,0,0
141.678507874,1,0,0
141.817204328,1,1,0
141.817204482,1,1,1
141.817205492,0,1,1
141.955902010,0,0,1
141.955902546,0,0,0
141.955904138,1,0,0
142.094631528,1,0,1
142.094631602,1,1,1
142.094632818,0,1,1
142.233328598,0,0,1
142.233329594,0,0,0
142.233330462,1,0,0
142.372056576,1,0,1
142.372057878,1,1,1
142.372059202,0,1,1
142.510754642,0,1,0
142.510755558,0,0,0
142.510756850,1,0,0
142.649483150,1,1,0
142.649483686,1,1,1
142.649485464,0,1,1
142.788182626,0,1,0
142.788183834,0,0,0
142.788184110,1,0,0
142.926880424,1,1,0
142.926880732,1,1,1
142.926881790,0,1,1
143.065577044,0,0,1
143.065578796,0,0,0
143.065579436,1,0,0
143.204276698,1,1,0
143.204276778,1,1,1
143.204278114,0,1,1
143.342973380,0,0,1
143.342973780,0,0,0
143.342975822,1,0,0
143.481671910,1,1,0
143.481673826,1,1,1
143.481674438,0,1,1
143.620370592,0,0,1
143.620370890,0,0,0
143.620372146,1,0,0
143.759067934,1,0,1
143.759068246,1,1,1
143.759069762,0,1,1
143.897795804,0,0,1
143.897795936,0,0,0
143.897798470,1,0,0
144.036494980,1,0,1
144.036495456,1,1,1
144.036497086,0,1,1
144.175192982,0,1,0
144.175193138,0,0,0
144.175194794,1,0,0
144.313889964,1,0,1
144.313891730,1,1,1
144.313892410,0,1,1
144.452589028,0,1,0
144.452590350,0,0,0
144.452591056,1,0,0
144.591287942,1,1,0
144.591288072,1,1,1
144.591288796,0,1,1
144.729985624,0,0,1
144.729987074,0,0,0
144.729987380,1,0,0
144.868683054,1,0,1
144.868683150,1,1,1
144.868685058,0,1,1
145.007380834,0,0,1
145.007381182,0,0,0
145.007382766,1,0,0
145.146080486,1,1,0
145.146081164,1,1,1
145.146081444,0,1,1
145.284777228,0,1,0
145.284778168,0,0,0
145.284779026,1,0,0
145.423475698,1,1,0
145.423476208,1,1,1
145.423477768,0,1,1
145.562173272,0,1,0
145.562173380,0,0,0
145.562175412,1,0,0
145.700872034,1,1,0
145.700872254,1,1,1
145.700873028,0,1,1
145.839569716,0,0,1
145.839570256,0,0,0
145.839571672,1,0,0
145.978299302,1,0,1
145.978299306,1,1,1
145.978300414,0,1,1
146.116996426,0,1,0
146.116996988,0,0,0
146.116997996,1,0,0
146.255724344,1,0,1
146.255725518,1,1,1
146.255726736,0,1,1
146.394422408,0,1,0
146.394423198,0,0,0
146.394424382,1,0,0
146.533120788,1,1,0
146.533121390,1,1,1
146.533123060,0,1,1
146.671818470,0,0,1
146.671819454,0,0,0
146.671820704,1,0,0
146.810517998,1,1,0
146.810518248,1,1,1
146.810519380,0,1,1
146.949214742,0,0,1
146.949216498,0,0,0
146.949217026,1,0,0
147.087912332,1,1,0
147.087914542,1,1,1
147.087914704,0,1,1
147.226610952,0,0,1
147.226612542,0,0,0
147.226613412,1,0,0
147.365308542,1,1,0
147.365309586,1,1,1
147.365311026,0,1,1
147.504008650,0,1,0
147.504009224,0,0,0
147.504009670,1,0,0
147.642705632,1,0,1
147.642706814,1,1,1
147.642707348,0,1,1
147.781402632,0,1,0
147.781403434,0,0,0
147.781404994,1,0,0
147.920102676,1,0,1
147.920103084,1,1,1
147.920103670,0,1,1
148.058799704,0,0,1
148.058799740,0,0,0
148.058801316,1,0,0
148.197527720,1,0,1
148.197528294,1,1,1
148.197530054,0,1,1
148.336225784,0,1,0
148.336226040,0,0,0
148.336227638,1,0,0
148.474953628,1,1,0
148.474954826,1,1,1
148.474956376,0,1,1
148.613683248,0,0,1
148.613683828,0,0,0
148.613684958,1,0,0
148.752382150,1,1,0
148.752382870,1,1,1
148.752383698,0,1,1
148.891079456,0,0,1
148.891080810,0,0,0
148.891081342,1,0,0
149.029776108,1,1,0
149.029777914,1,1,1
149.029778958,0,1,1
149.168475916,0,1,0
149.168476728,0,0,0
149.168477664,1,0,0
149.307174022,1,0,1
149.307175340,0,0,1
149.307175380,0,1,1
149.445871960,0,1,0
149.445872998,0,0,0
149.445873922,1,0,0
149.584569004,1,0,1
149.584570650,1,1,1
149.584571662,0,1,1
149.723267270,0,0,1
149.723268066,0,0,0
149.723269306,1,0,0
149.861965922,1,1,0
149.861967046,1,1,1
149.861967982,0,1,1
150.000663478,0,0,1
150.000665046,0,0,0
150.000665628,1,0,0
150.139363130,1,1,0
150.139363152,1,1,1
150.139364242,0,1,1
150.278059810,0,0,1
150.278060340,0,0,0
150.278061950,1,0,0
150.416757400,1,1,0
150.416758194,1,1,1
150.416759626,0,1,1
150.555456196,0,1,0
150.555457018,0,0,0
150.555458206,1,0,0
150.694153670,1,1,0
150.694154238,1,1,1
150.694155946,0,1,1
150.832853240,0,1,0
150.832853352,0,0,0
150.832854592,1,0,0
150.971550218,1,0,1
150.971552002,1,1,1
150.971552204,0,1,1
151.110278560,0,0,1
151.110280282,0,0,0
151.110280912,1,0,0
151.248977148,1,1,0
151.248978326,1,1,1
151.248978650,0,1,1
151.387674326,0,1,0
151.387675768,0,0,0
151.387677170,1,0,0
151.526373366,1,0,1
151.526373418,1,1,1
151.526374906,0,1,1
151.665070430,0,1,0
151.665071036,0,0,0
151.665072614,1,0,0
151.803798688,1,1,0
151.803799410,1,1,1
151.803801228,0,1,1
151.942498306,0,0,1
151.942498474,0,0,0
151.942499936,1,0,0
152.081227452,1,0,1
152.081227894,1,1,1
152.081228548,0,1,1
152.219924452,0,1,0
152.219924512,0,0,0
152.219926192,1,0,0
152.358621226,1,1,0
152.358623494,1,1,1
152.358623868,0,1,1
152.497349782,0,0,1
152.497352494,0,0,0
152.497352512,1,0,0
152.636050434,1,1,0
152.636050536,1,1,1
152.636051188,0,1,1
152.774747112,0,0,1
152.774747600,0,0,0
152.774748832,1,0,0
152.913445640,1,1,0
152.913445642,1,1,1
152.913446508,0,1,1
153.052142640,0,1,0
153.052144320,0,0,0
153.052145152,1,0,0
153.190840970,1,1,0
153.190841684,1,1,1
153.190842890,0,1,1
153.329539684,0,1,0
153.329540588,0,0,0
153.329541470,1,0,0
153.468237176,1,1,0
153.468237788,1,1,1
153.468239146,0,1,1
153.606934794,0,0,1
153.606935724,0,0,0
153.606936790,1,0,0
153.745634446,1,1,0
153.745634766,1,1,1
153.745635528,0,1,1
153.884361704,0,1,0
153.884363190,0,0,0
153.884364110,1,0,0
154.023090714,1,1,0
154.023090808,1,1,1
154.023092784,0,1,1
154.161788870,0,1,0
154.161789332,0,0,0
154.161790428,1,0,0
154.300486848,1,0,1
154.300486920,1,1,1
154.300488168,0,1,1
154.439214600,0,0,1
154.439214912,0,0,0
154.439216746,1,0,0
154.577914250,1,1,0
154.577914954,1,1,1
154.577915422,0,1,1
154.716610804,0,0,1
154.716610952,0,0,0
154.716613128,1,0,0
154.855310456,1,1,0
154.855311802,0,1,0
154.855311930,0,1,1
154.994036994,0,1,0
154.994038074,0,0,0
154.994039384,1,0,0
155.132766036,1,0,1
155.132766724,1,1,1
155.132768060,0,1,1
155.271464342,0,0,1
155.271465098,0,0,0
155.271466702,1,0,0
155.410193076,1,0,1
155.410194992,1,1,1
155.410195440,0,1,1
155.548890076,0,1,0
155.548891608,0,0,0
155.548893020,1,0,0
155.687619678,1,0,1
155.687620258,1,1,1
155.687621758,0,1,1
155.826347876,0,0,1
155.826349118,0,0,0
155.826350340,1,0,0
155.965046158,1,0,1
155.965046526,1,1,1
155.965048014,0,1,1
156.103745150,0,0,1
156.103745156,0,0,0
156.103746718,1,0,0
156.242443200,1,0,1
156.242443732,1,1,1
156.242444332,0,1,1
156.381140412,0,0,1
156.381141260,0,0,0
156.381142036,1,0,0
156.519837938,1,1,0
156.519839302,1,1,1
156.519840714,0,1,1
156.658566300,0,1,0
156.658568616,0,0,0
156.658569356,1,0,0
156.797264268,1,1,0
156.797265342,1,1,1
156.797267030,0,1,1
156.935963884,0,0,1
156.935964404,0,0,0
156.935965672,1,0,0
157.074661534,1,1,0
157.074662318,1,1,1
157.074663348,0,1,1
157.213359152,0,0,1
157.213360990,1,0,1
157.213361382,1,0,0
157.352058422,1,0,1
157.352058800,1,1,1
157.352059664,0,1,1
157.490786172,0,1,0
157.490786356,0,0,0
157.490788308,1,0,0
157.629484006,1,1,0
157.629484462,1,1,1
157.629485982,0,1,1
157.768213524,0,1,0
157.768213622,0,0,0
157.768214624,1,0,0
157.906940502,1,0,1
157.906942272,1,1,1
157.906943298,0,1,1
158.045670502,0,1,0
158.045670826,0,0,0
158.045671878,1,0,0
158.184367542,1,0,1
158.184368538,1,1,1
158.184369616,0,1,1
158.323066602,0,1,0
158.323067156,0,0,0
158.323068258,1,0,0
158.461763742,1,1,0
158.461764644,1,1,1
158.461765932,0,1,1
158.600462360,0,0,1
158.600462644,0,0,0
158.600463576,1,0,0
158.739160684,1,0,1
158.739162072,1,1,1
158.739162248,0,1,1
158.877888626,0,0,1
158.877890684,0,0,0
158.877890890,1,0,0
159.016586724,1,0,1
159.016587274,1,1,1
159.016588566,0,1,1
159.155283784,0,1,0
159.155283894,0,0,0
159.155286206,1,0,0
159.293982480,1,1,0
159.293982762,1,1,1
159.293984882,0,1,1
159.432681158,0,0,1
159.432681824,0,0,0
159.432682522,1,0,0
159.571378746,1,1,0
159.571379802,1,1,1
159.571381198,0,1,1
159.710076424,0,0,1
159.710076862,0,0,0
159.710078902,1,0,0
159.848774072,1,1,0
159.848774902,1,1,1
159.848776514,0,1,1
159.987473628,0,0,1
159.987473902,0,0,0
159.987475218,1,0,0
160.126170276,1,1,0
160.126171878,1,1,1
160.126172892,0,1,1
160.264899892,0,0,1
160.264900002,0,0,0
160.264901472,1,0,0
160.403597980,1,0,1
160.403598542,1,1,1
160.403599210,0,1,1
160.542295158,0,0,1
160.542296978,0,0,0
160.542297850,1,0,0
160.680994018,1,0,1
160.680995462,0,0,1
160.680995808,0,1,1
160.819691424,0,0,1
160.819692080,0,0,0
160.819694104,1,0,0
160.958390010,1,1,0
160.958390056,1,1,1
160.958391840,0,1,1
161.097148628,0,0,1
161.097149118,0,0,0
161.097150418,1,0,0
161.235846276,1,1,0
161.235848032,1,1,1
161.235849154,0,1,1
161.374544954,0,0,1
161.374545092,0,0,0
161.374546734,1,0,0
161.513273196,1,0,1
161.513274540,1,1,1
161.513275408,0,1,1
161.651973130,0,1,0
161.651973220,0,0,0
161.651974112,1,0,0
161.790669806,1,1,0
161.790670170,1,1,1
161.790671724,0,1,1
161.929367422,0,0,1
161.929368232,0,0,0
161.929369366,1,0,0
162.068067072,1,1,0
162.068067208,1,1,1
162.068068102,0,1,1
162.206763688,0,0,1
162.206764270,0,0,0
162.206765680,1,0,0
162.345462308,1,0,1
162.345463336,1,1,1
162.345463356,0,1,1
162.484159890,0,0,1
162.484160370,0,0,0
162.484161996,1,0,0
162.622857538,1,1,0
162.622858346,1,1,1
162.622859732,0,1,1
162.761557216,0,0,1
162.761557408,0,0,0
162.761558310,1,0,0
162.900253804,1,1,0
162.900254384,1,1,1
162.900255984,0,1,1
163.038951418,0,0,1
163.038951444,0,0,0
163.038953688,1,0,0
163.177650422,1,0,1
163.177651066,1,1,1
163.177652298,0,1,1
163.316347746,0,0,1
163.316348418,0,0,0
163.316349940,1,0,0
163.455046458,1,0,1
163.455047268,1,1,1
163.455048614,0,1,1
163.593744948,0,0,1
163.593745580,0,0,0
163.593746316,1,0,0
163.732473496,1,0,1
163.732474596,1,1,1
163.732474928,0,1,1
163.871170212,0,0,1
163.871171556,0,0,0
163.871172568,1,0,0
164.009870532,1,0,1
164.009870734,1,1,1
164.009871242,0,1,1
164.148566414,0,0,1
164.148567594,0,0,0
164.148568882,1,0,0
164.287265060,1,1,0
164.287265632,1,1,1
164.287266618,0,1,1
164.425963676,0,0,1
164.425964692,0,0,0
164.425965198,1,0,0
164.564661262,1,1,0
164.564661668,1,1,1
164.564662870,0,1,1
164.703359940,0,0,1
164.703360418,0,0,0
164.703361510,1,0,0
164.842056706,1,0,1
164.842057650,1,1,1
164.842059184,0,1,1
164.980754766,0,1,0
164.980755142,0,0,0
164.980756888,1,0,0
165.119483742,1,0,1
165.119483852,1,1,1
165.119485560,0,1,1
165.258182530,0,0,1
165.258182802,0,0,0
165.258184200,1,0,0
165.396880842,1,0,1
165.396881052,1,1,1
165.396881812,0,1,1
165.535608730,0,0,1
165.535608840,0,0,0
165.535610452,1,0,0
165.674336878,1,0,1
165.674337316,1,1,1
165.674339124,0,1,1
165.813034874,0,1,0
165.813035994,0,0,0
165.813036826,1,0,0
165.951733892,1,1,0
165.951734914,1,1,1
165.951735500,0,1,1
166.090431256,0,0,1
166.090431910,0,0,0
166.090433080,1,0,0
166.229129780,1,1,0
166.229129888,1,1,1
166.229131750,0,1,1
166.367827946,0,1,0
166.367828458,0,0,0
166.367829390,1,0,0
166.506525104,1,1,0
166.506525986,1,1,1
166.506527126,0,1,1
166.645223720,0,0,1
166.645224046,0,0,0
166.645225704,1,0,0
166.783921022,1,0,1
166.783922304,1,1,1
166.783923378,0,1,1
166.922681082,0,1,0
166.922681920,0,0,0
166.922683080,1,0,0
167.061378056,1,0,1
167.061379566,1,1,1
167.061380752,0,1,1
167.200108116,0,1,0
167.200108182,0,0,0
167.200109330,1,0,0
167.338836092,1,0,1
167.338836830,1,1,1
167.338838064,0,1,1
167.477534152,0,1,0
167.477534506,0,0,0
167.477535642,1,0,0
167.616261030,1,1,0
167.616263128,1,1,1
167.616264376,0,1,1
167.754990644,0,0,1
167.754992186,0,0,0
167.754992954,1,0,0
167.893688290,1,1,0
167.893689224,1,1,1
167.893690626,0,1,1
168.032417968,0,0,1
168.032418160,0,0,0
168.032419330,1,0,0
168.171116240,1,1,0
168.171116260,1,1,1
168.171117940,0,1,1
168.309813168,0,0,1
168.309814256,0,0,0
168.309815642,1,0,0
168.448510814,1,1,0
168.448511294,1,1,1
168.448513314,0,1,1
168.587210290,0,1,0
168.587210492,0,0,0
168.587211892,1,0,0
168.725907076,1,1,0
168.725908330,1,1,1
168.725909626,0,1,1
168.864606388,0,1,0
168.864607690,0,0,0
168.864608204,1,0,0
169.003304338,1,1,0
169.003305302,1,1,1
169.003305938,0,1,1
169.142033360,0,1,0
169.142033888,0,0,0
169.142034578,1,0,0
169.280729536,1,1,0
169.280730460,1,1,1
169.280732250,0,1,1
169.419429150,0,0,1
169.419429394,0,0,0
169.419430890,1,0,0
169.558157796,1,1,0
169.558158432,1,1,1
169.558159562,0,1,1
169.696855430,0,1,0
169.696855474,0,0,0
169.696857202,1,0,0
169.835553466,1,0,1
169.835554058,1,1,1
169.835554812,0,1,1
169.974250672,0,0,1
169.974252526,0,0,0
169.974253452,1,0,0
170.112980318,1,1,0
170.112980562,1,1,1
170.112982186,0,1,1
170.251677556,0,0,1
170.251677558,0,0,0
170.251679824,1,0,0
170.390374596,1,0,1
170.390376580,1,1,1
170.390377434,0,1,1
170.529074594,0,1,0
170.529076136,1,1,0
170.529076194,1,0,0
170.667771568,1,0,1
170.667771778,1,1,1
170.667773808,0,1,1
170.806470626,0,1,0
170.806472386,1,1,0
170.806472454,1,0,0
170.945168664,1,0,1
170.945168976,1,1,1
170.945170120,0,1,1
171.083896660,0,1,0
171.083897716,0,0,0
171.083898758,1,0,0
171.222594298,1,1,0
171.222595698,1,1,1
171.222596430,0,1,1
171.361292914,0,0,1
171.361294756,0,0,0
171.361295068,1,0,0
171.499991562,1,1,0
171.499991668,1,1,1
171.499992676,0,1,1
171.638689174,0,0,1
171.638689728,0,0,0
171.638691316,1,0,0
171.777387758,1,1,0
171.777388766,1,1,1
171.777389050,0,1,1
171.916085434,0,0,1
171.916085822,0,0,0
171.916086750,1,0,0
172.054783018,1,1,0
172.054783860,1,1,1
172.054785360,0,1,1
172.193480794,0,1,0
172.193481694,0,0,0
172.193482998,1,0,0
172.332210278,1,1,0
172.332210894,1,1,1
172.332211608,0,1,1
172.470907888,0,1,0
172.470909310,1,1,0
172.470909330,1,0,0
172.609635538,1,1,0
172.609635926,1,1,1
172.609637980,0,1,1
172.748364920,0,1,0
172.748365214,0,0,0
172.748366620,1,0,0
172.887092960,1,0,1
172.887094734,1,1,1
172.887095228,0,1,1
173.025792018,0,1,0
173.025792412,0,0,0
173.025793866,1,0,0
173.164489992,1,0,1
173.164490994,1,1,1
173.164491600,0,1,1
173.303187732,0,0,1
173.303188050,0,0,0
173.303189238,1,0,0
173.441886024,1,0,1
173.441886190,1,1,1
173.441887848,0,1,1
173.580582928,0,0,1
173.580583644,0,0,0
173.580585548,1,0,0
173.719283056,1,0,1
173.719283514,1,1,1
173.719284218,0,1,1
173.857980114,0,1,0
173.857980126,0,0,0
173.857981796,1,0,0
173.996677710,1,1,0
173.996678150,1,1,1
173.996679528,0,1,1
174.135376208,0,1,0
174.135378166,1,1,0
174.135378384,1,0,0
174.274104968,1,1,0
174.274106120,1,1,1
174.274106838,0,1,1
174.412803178,0,1,0
174.412803642,0,0,0
174.412804476,1,0,0
174.551560214,1,0,1
174.551562226,1,1,1
174.551563148,0,1,1
174.690260208,0,1,0
174.690260902,0,0,0
174.690261784,1,0,0
174.828957246,1,0,1
174.828958484,1,1,1
174.828959456,0,1,1
174.967686098,0,0,1
174.967686240,0,0,0
174.967688096,1,0,0
175.106384744,1,1,0
175.106386214,1,1,1
175.106386764,0,1,1
175.245112356,0,0,1
175.245113272,0,0,0
175.245114402,1,0,0
175.383841002,1,1,0
175.383841308,1,1,1
175.383843074,0,1,1
175.522539676,0,0,1
175.522540304,0,0,0
175.522541710,1,0,0
175.661238196,1,1,0
175.661238340,1,1,1
175.661239382,0,1,1
175.799935396,0,1,0
175.799936872,0,0,0
175.799938018,1,0,0
175.938664370,1,0,1
175.938664518,1,1,1
175.938665688,0,1,1
176.077363130,0,0,1
176.077363428,0,0,0
176.077364328,1,0,0
176.216060464,1,0,1
176.216060712,1,1,1
176.216061998,0,1,1
176.354757458,0,1,0
176.354758326,0,0,0
176.354760634,1,0,0
176.493456432,1,0,1
176.493457908,1,1,1
176.493458306,0,1,1
176.632153958,0,0,1
176.632154490,0,0,0
176.632155944,1,0,0
176.770852166,1,1,0
176.770852524,1,1,1
176.770854612,0,1,1
176.909581518,0,1,0
176.909581840,0,0,0
176.909583250,1,0,0
177.048279424,1,1,0
177.048279556,1,1,1
177.048280922,0,1,1
177.186976612,0,1,0
177.186977098,0,0,0
177.186978558,1,0,0
177.325705618,1,1,0
177.325706584,1,1,1
177.325707230,0,1,1
177.464404356,0,0,1
177.464404580,0,0,0
177.464405868,1,0,0
177.603101938,1,1,0
177.603102616,1,1,1
177.603103536,0,1,1
177.741800608,0,1,0
177.741800610,0,0,0
177.741802176,1,0,0
177.880498646,1,0,1
177.880499132,1,1,1
177.880499844,0,1,1
178.019226640,0,1,0
178.019226870,0,0,0
178.019228482,1,0,0
178.157955738,1,0,1
178.157956452,1,1,1
178.157957152,0,1,1
178.296652732,0,1,0
178.296654064,0,0,0
178.296654790,1,0,0
178.435351706,1,0,1
178.435351708,1,1,1
178.435353458,0,1,1
178.574048824,0,1,0
178.574049322,0,0,0
178.574051096,1,0,0
178.712746796,1,0,1
178.712746902,1,1,1
178.712748828,0,1,1
178.851444514,0,0,1
178.851445792,0,0,0
178.851447404,1,0,0
178.990143766,1,0,1
178.990144160,1,1,1
178.990145074,0,1,1
179.128840772,0,0,1
179.128840822,0,0,0
179.128843774,1,0,0
179.267540416,1,1,0
179.267540856,1,1,1
179.267541380,0,1,1
179.406237028,0,0,1
179.406237852,0,0,0
179.406239078,1,0,0
179.544935824,1,0,1
179.544936672,1,1,1
179.544937688,0,1,1
179.683693942,0,1,0
179.683694284,0,0,0
179.683696324,1,0,0
179.822393916,1,0,1
179.822393930,1,1,1
179.822395056,0,1,1
179.961090972,0,1,0
179.961091540,0,0,0
179.961092630,1,0,0
180.099819122,1,1,0
180.099819946,1,1,1
180.099821362,0,1,1
180.238548000,0,1,0
180.238548796,0,0,0
180.238549936,1,0,0
180.377275974,1,0,1
180.377276378,1,1,1
180.377278668,0,1,1
180.515973990,0,0,1
180.515974030,0,0,0
180.515976242,1,0,0
180.654672066,1,0,1
180.654673634,1,1,1
180.654673912,0,1,1
180.793400244,0,0,1
180.793401810,0,0,0
180.793402610,1,0,0
180.932099890,1,1,0
180.932100094,1,1,1
180.932101216,0,1,1
181.070827500,0,0,1
181.070829150,0,0,0
181.070829916,1,0,0
181.209526146,1,1,0
181.209527122,1,1,1
181.209527524,0,1,1
181.348222694,0,0,1
181.348223116,0,0,0
181.348225158,1,0,0
181.486922338,1,1,0
181.486923150,1,1,1
181.486923892,0,1,1
181.625651948,0,0,1
181.625652144,0,0,0
181.625652466,1,0,0
181.764348180,1,0,1
181.764348592,1,1,1
181.764350134,0,1,1
181.903046234,0,1,0
181.903048204,0,0,0
181.903048832,1,0,0
182.041774786,1,1,0
182.041775270,1,1,1
182.041776440,0,1,1
182.180473326,0,1,0
182.180473460,0,0,0
182.180475138,1,0,0
182.319201298,1,0,1
182.319203040,1,1,1
182.319203744,0,1,1
182.457900352,0,1,0
182.457900714,0,0,0
182.457901380,1,0,0
182.596598326,1,0,1
182.596599358,1,1,1
182.596600112,0,1,1
182.735295382,0,1,0
182.735295970,0,0,0
182.735297748,1,0,0
182.873994292,1,0,1
182.873994550,1,1,1
182.873995354,0,1,1
183.012692162,0,0,1
183.012692408,0,0,0
183.012693992,1,0,0
183.151390382,1,0,1
183.151390806,1,1,1
183.151391722,0,1,1
183.290086416,0,0,1
183.290088436,0,0,0
183.290089296,1,0,0
183.428815410,1,0,1
183.428816060,1,1,1
183.428818026,0,1,1
183.567545670,0,0,1
183.567546402,0,0,0
183.567546600,1,0,0
183.706243436,1,0,1
183.706244314,1,1,1
183.706245330,0,1,1
183.844941492,0,1,0
183.844941926,0,0,0
183.844942968,1,0,0
183.983639526,1,0,1
183.983639568,1,1,1
183.983640574,0,1,1
184.122337242,0,0,1
184.122338518,0,0,0
184.122339210,1,0,0
184.261034116,1,0,1
184.261036760,1,1,1
184.261036878,0,1,1
184.399734370,0,0,1
184.399734546,0,0,0
184.399735578,1,0,0
184.538431076,1,1,0
184.538431580,1,1,1
184.538433184,0,1,1
184.677128574,0,1,0
184.677129626,0,0,0
184.677130882,1,0,0
184.815828206,1,1,0
184.815828544,1,1,1
184.815829548,0,1,1
184.954555942,0,0,1
184.954557662,0,0,0
184.954558122,1,0,0
185.093253460,1,1,0
185.093254634,1,1,1
185.093255852,0,1,1
185.231953132,0,0,1
185.231953690,0,0,0
185.231954488,1,0,0
185.370649714,1,1,0
185.370650724,1,1,1
185.370652156,0,1,1
185.509378324,0,0,1
185.509378654,0,0,0
185.509380792,1,0,0
185.648077686,1,0,1
185.648077968,1,1,1
185.648078460,0,1,1
185.786774640,0,0,1
185.786775742,0,0,0
185.786777034,1,0,0
185.925472714,1,0,1
185.925473282,1,1,1
185.925474764,0,1,1
186.064169768,0,1,0
186.064170832,0,0,0
186.064172400,1,0,0
186.202869474,1,1,0
186.202869802,1,1,1
186.202871004,0,1,1
186.341597796,0,1,0
186.341598020,0,0,0
186.341599704,1,0,0
186.480294766,1,0,1
186.480295664,1,1,1
186.480297370,0,1,1
186.618993336,0,0,1
186.618993820,0,0,0
186.618994944,1,0,0
186.757691918,1,1,0
186.757692856,1,1,1
186.757693674,0,1,1
186.896421528,0,0,1
186.896421846,0,0,0
186.896422246,1,0,0
187.035117880,1,0,1
187.035118170,1,1,1
187.035119916,0,1,1
187.173816780,0,0,1
187.173817934,0,0,0
187.173818550,1,0,0
187.312514424,1,1,0
187.312514906,1,1,1
187.312516280,0,1,1
187.451211782,0,0,1
187.451212962,0,0,0
187.451213852,1,0,0
187.589909994,1,0,1
187.589910676,1,1,1
187.589912584,0,1,1
187.728608286,0,0,1
187.728608924,0,0,0
187.728610218,1,0,0
187.867336864,1,1,0
187.867337958,1,1,1
187.867338824,0,1,1
188.006035012,0,1,0
188.006035538,0,0,0
188.006036520,1,0,0
188.144733182,1,1,0
188.144734046,1,1,1
188.144735188,0,1,1
188.283430038,0,1,0
188.283431728,0,0,0
188.283432760,1,0,0
188.422129370,1,1,0
188.422130070,1,1,1
188.422131492,0,1,1
188.560828044,0,0,1
188.560828126,0,0,0
188.560829126,1,0,0
188.699524622,1,1,0
188.699526034,1,1,1
188.699526732,0,1,1
188.838224088,0,1,0
188.838224232,0,0,0
188.838225428,1,0,0
188.976920874,1,1,0
188.976922122,1,1,1
188.976923094,0,1,1
189.115619484,0,0,1
189.115621174,0,0,0
189.115621730,1,0,0
189.254317144,1,0,1
189.254318064,1,1,1
189.254319336,0,1,1
189.393014736,0,0,1
189.393017034,1,0,1
189.393017198,1,0,0
189.531713378,1,1,0
189.531714170,1,1,1
189.531715700,0,1,1
189.670442550,0,0,1
189.670443222,0,0,0
189.670444272,1,0,0
189.809139194,1,0,1
189.809140566,1,1,1
189.809142002,0,1,1
189.947837238,0,0,1
189.947838248,0,0,0
189.947839636,1,0,0
190.086564756,1,1,0
190.086566218,1,1,1
190.086568304,0,1,1
190.225295336,0,1,0
190.225295428,0,0,0
190.225296938,1,0,0
190.363994006,1,1,0
190.363994244,1,1,1
190.363995606,0,1,1
190.502722296,0,1,0
190.502722678,0,0,0
190.502724240,1,0,0
190.641420320,1,1,0
190.641420328,1,1,1
190.641421844,0,1,1
190.780116930,0,0,1
190.780117320,0,0,0
190.780119542,1,0,0
190.918816354,1,0,1
190.918816572,1,1,1
190.918818210,0,1,1
191.057545244,0,0,1
191.057545406,0,0,0
191.057546842,1,0,0
191.196241760,1,1,0
191.196243378,1,1,1
191.196244508,0,1,1
191.334971432,0,0,1
191.334972430,0,0,0
191.334973080,1,0,0
191.473668462,1,0,1
191.473669948,1,1,1
191.473670748,0,1,1
191.612368452,0,1,0
191.612368682,0,0,0
191.612369444,1,0,0
191.751126486,1,0,1
191.751127198,1,1,1
191.751128050,0,1,1
191.889854870,0,0,1
191.889855476,0,0,0
191.889856684,1,0,0
192.028552510,1,0,1
192.028554348,0,0,1
192.028554448,0,1,1
192.167250500,0,1,0
192.167252120,0,0,0
192.167252984,1,0,0
192.305948532,1,0,1
192.305949700,1,1,1
192.305950712,0,1,1
192.444676370,0,0,1
192.444677584,0,0,0
192.444679346,1,0,0
192.583405556,1,0,1
192.583405948,1,1,1
192.583408014,0,1,1
192.722103546,0,1,0
192.722103556,0,0,0
192.722105584,1,0,0
192.860802136,1,1,0
192.860802516,1,1,1
192.860804314,0,1,1
192.999500808,0,0,1
192.999501568,0,0,0
192.999501948,1,0,0
193.138199448,1,1,0
193.138199600,1,1,1
193.138200552,0,1,1
193.276988966,0,1,0
193.276989058,0,0,0
193.276990186,1,0,0
193.415685624,1,0,1
193.415686634,1,1,1
193.415687914,0,1,1
193.415687924,1,1,1
193.415687928,0,1,1
193.554476244,0,0,1
193.554476676,0,0,0
193.554477548,1,0,0
193.693172644,1,0,1
193.693174884,1,1,1
193.693175214,0,1,1
193.831871556,0,0,1
193.831871636,0,0,0
193.831873786,1,0,0
193.970569730,1,0,1
193.970570072,1,1,1
193.970571516,0,1,1
194.109268720,0,1,0
194.109268868,0,0,0
194.109270148,1,0,0
194.247996384,1,1,0
194.247996690,1,1,1
194.247997752,0,1,1
194.386694054,0,0,1
194.386694804,0,0,0
194.386696448,1,0,0
194.525422570,1,1,0
194.525423712,1,1,1
194.525425050,0,1,1
194.664121240,0,0,1
194.664121764,0,0,0
194.664122686,1,0,0
194.802819796,1,0,1
194.802819882,1,1,1
194.802821414,0,1,1
194.941517488,0,0,1
194.941518786,0,0,0
194.941518984,1,0,0
195.080214068,1,1,0
195.080215316,1,1,1
195.080216650,0,1,1
195.218943806,0,1,0
195.218944676,0,0,0
195.218945346,1,0,0
195.357642316,1,1,0
195.357642776,1,1,1
195.357643950,0,1,1
195.496339986,0,0,1
195.496340828,0,0,0
195.496341582,1,0,0
195.635037628,1,1,0
195.635037860,1,1,1
195.635039250,0,1,1
195.773736110,0,0,1
195.773736912,0,0,0
195.773737944,1,0,0
195.912464812,1,1,0
195.912464880,1,1,1
195.912466610,0,1,1
196.051161420,0,0,1
196.051162932,0,0,0
196.051164244,1,0,0
196.189859840,1,0,1
196.189859936,1,1,1
196.189861848,0,1,1
196.328558668,0,0,1
196.328559954,0,0,0
196.328560482,1,0,0
196.467256246,1,1,0
196.467256922,1,1,1
196.467258210,0,1,1
196.605955918,0,0,1
196.605955974,0,0,0
196.605956780,1,0,0
196.744683494,1,1,0
196.744684006,1,1,1
196.744685446,0,1,1
196.883381682,0,1,0
196.883383140,1,1,0
196.883383166,1,0,0
197.022139742,1,1,0
197.022141026,1,1,1
197.022141806,0,1,1
197.160839016,0,1,0
197.160839350,0,0,0
197.160840438,1,0,0
197.299535928,1,1,0
197.299536108,1,1,1
197.299538042,0,1,1
197.438235036,0,1,0
197.438235598,0,0,0
197.438236736,1,0,0
197.576933068,1,0,1
197.576933302,1,1,1
197.576934402,0,1,1
197.715630056,0,1,0
197.715630844,0,0,0
197.715631972,1,0,0
197.854329086,1,0,1
197.854329424,1,1,1
197.854330638,0,1,1
197.993057078,0,1,0
197.993058092,0,0,0
197.993059332,1,0,0
198.131755170,1,0,1
198.131755608,1,1,1
198.131756936,0,1,1
198.270452278,0,0,1
198.270453096,0,0,0
198.270454630,1,0,0
198.409150918,1,1,0
198.409152126,1,1,1
198.409153296,0,1,1
198.547849180,0,1,0
198.547849588,0,0,0
198.547850864,1,0,0
198.686578102,1,1,0
198.686578212,1,1,1
198.686579594,0,1,1
198.825276772,0,0,1
198.825277198,0,0,0
198.825278226,1,0,0
198.963974230,1,0,1
198.963974350,1,1,1
198.963975828,0,1,1
199.102672018,0,0,1
199.102672218,0,0,0
199.102673522,1,0,0
199.241370186,1,0,1
199.241370596,1,1,1
199.241372188,0,1,1
199.380068236,0,1,0
199.380068264,0,0,0
199.380069822,1,0,0
199.518765268,1,0,1
199.518765906,1,1,1
199.518767486,0,1,1
199.657494512,0,0,1
199.657495256,0,0,0
199.657496118,1,0,0
199.796193088,1,1,0
199.796193286,1,1,1
199.796194782,0,1,1
199.934921276,0,1,0
199.934921694,0,0,0
199.934923414,1,0,0
200.073618274,1,1,0
200.073619306,1,1,1
200.073621078,0,1,1
200.212347356,0,1,0
200.212348878,0,0,0
200.212349712,1,0,0
200.351045144,1,1,0
200.351046326,1,1,1
200.351047378,0,1,1
200.489744188,0,0,1
200.489745876,0,0,0
200.489745946,1,0,0
200.628472704,1,1,0
200.628473344,1,1,1
200.628474674,0,1,1
200.767170394,0,1,0
200.767171372,0,0,0
200.767172306,1,0,0
200.905868362,1,0,1
200.905869010,1,1,1
200.905869908,0,1,1
201.044566618,0,0,1
201.044567414,0,0,0
201.044568538,1,0,0
201.183264194,1,1,0
201.183264444,1,1,1
201.183266266,0,1,1
201.321962862,0,0,1
201.321963432,0,0,0
201.321964836,1,0,0
201.460660440,1,1,0
201.460661400,1,1,1
201.460662564,0,1,1
201.599358170,0,0,1
201.599358512,0,0,0
201.599360196,1,0,0
201.738086418,1,0,1
201.738087686,1,1,1
201.738088798,0,1,1
201.876785354,0,0,1
201.876786468,0,0,0
201.876787428,1,0,0
202.015483560,1,0,1
202.015483930,1,1,1
202.015485154,0,1,1
202.154212486,0,1,0
202.154212598,0,0,0
202.154213788,1,0,0
202.292910176,1,1,0
202.292910516,1,1,1
202.292911452,0,1,1
202.431608782,0,0,1
202.431609568,0,0,0
202.431610084,1,0,0
202.570305596,1,0,1
202.570306358,1,1,1
202.570307684,0,1,1
202.709004584,0,1,0
202.709006028,0,0,0
202.709006378,1,0,0
202.847733604,1,1,0
202.847733614,1,1,1
202.847735042,0,1,1
202.986430272,0,0,1
202.986430602,0,0,0
202.986432612,1,0,0
203.125128848,1,1,0
203.125129632,1,1,1
203.125130340,0,1,1
203.263827518,0,0,1
203.263828682,0,0,0
203.263828970,1,0,0
203.402524712,1,0,1
203.402525094,1,1,1
203.402526572,0,1,1
203.541221636,0,1,0
203.541221762,0,0,0
203.541224266,1,0,0
203.679921338,1,1,0
203.679921666,1,1,1
203.679922930,0,1,1
203.818618944,0,0,1
203.818619716,0,0,0
203.818620624,1,0,0
203.957317520,1,1,0
203.957317682,1,1,1
203.957319226,0,1,1
204.096015188,0,0,1
204.096016420,0,0,0
204.096016856,1,0,0
204.234712826,1,1,0
204.234713698,1,1,1
204.234714520,0,1,1
204.373411432,0,0,1
204.373411750,0,0,0
204.373413090,1,0,0
204.512108780,1,0,1
204.512110070,1,1,1
204.512110816,0,1,1
204.650807676,0,0,1
204.650807766,0,0,0
204.650809510,1,0,0
204.789505734,1,0,1
204.789506252,1,1,1
204.789507174,0,1,1
204.928203782,0,1,0
204.928203858,0,0,0
204.928204744,1,0,0
205.066901750,1,0,1
205.066902496,1,1,1
205.066903406,0,1,1
205.205599798,0,1,0
205.205600102,0,0,0
205.205601100,1,0,0
205.344298740,1,1,0
205.344298828,1,1,1
205.344299702,0,1,1
205.482995876,0,1,0
205.482996346,0,0,0
205.482997394,1,0,0
205.621692844,1,0,1
205.621692984,1,1,1
205.621695060,0,1,1
205.760422330,0,1,0
205.760423588,0,0,0
205.760423690,1,0,0
205.899120860,1,0,1
205.899121164,1,1,1
205.899122292,0,1,1
206.037817908,0,1,0
206.037819832,0,0,0
206.037819984,1,0,0
206.176577408,1,1,0
206.176577876,1,1,1
206.176578648,0,1,1
206.315275074,0,0,1
206.315275926,0,0,0
206.315277278,1,0,0
206.453972892,1,0,1
206.453973650,1,1,1
206.453974880,0,1,1
206.592672256,0,0,1
206.592672942,0,0,0
206.592673574,1,0,0
206.731368968,1,0,1
206.731369832,1,1,1
206.731371236,0,1,1
206.870097560,0,0,1
206.870098958,0,0,0
206.870099804,1,0,0
207.008794984,1,0,1
207.008796074,1,1,1
207.008797530,0,1,1
207.147554804,0,0,1
207.147554972,0,0,0
207.147557162,1,0,0
207.286253000,1,0,1
207.286253316,1,1,1
207.286254824,0,1,1
207.424982986,0,0,1
207.424983050,0,0,0
207.424983454,1,0,0
207.563679560,1,1,0
207.563680142,1,1,1
207.563681118,0,1,1
207.702378064,0,1,0
207.702378166,0,0,0
207.702379750,1,0,0
207.841075802,1,1,0
207.841075968,1,1,1
207.841077348,0,1,1
207.979804406,0,0,1
207.979805080,0,0,0
207.979806042,1,0,0
208.118502982,1,1,0
208.118503108,1,1,1
208.118504706,0,1,1
208.257201034,0,1,0
208.257201648,0,0,0
208.257202336,1,0,0
208.395898060,1,0,1
208.395899224,1,1,1
208.395900000,0,1,1
208.534626892,0,0,1
208.534628108,0,0,0
208.534628630,1,0,0
208.673324530,1,1,0
208.673325076,1,1,1
208.673327292,0,1,1
208.812023072,0,0,1
208.812023124,0,0,0
208.812024922,1,0,0
208.950720396,1,1,0
208.950722152,1,1,1
208.950722648,0,1,1
209.089480376,0,0,1
209.089481138,0,0,0
209.089482214,1,0,0
209.228177950,1,1,0
209.228178168,1,1,1
209.228179878,0,1,1
209.366875966,0,1,0
209.366877556,0,0,0
209.366878508,1,0,0
209.505605130,1,1,0
209.505605182,1,1,1
209.505607172,0,1,1
209.644301796,0,0,1
209.644303230,0,0,0
209.644304800,1,0,0
209.783001196,1,0,1
209.783001372,1,1,1
209.783002464,0,1,1
209.921729036,0,0,1
209.921729182,0,0,0
209.921731156,1,0,0
210.060428272,1,0,1
210.060428614,1,1,1
210.060429758,0,1,1
210.199125278,0,0,1
210.199126196,0,0,0
210.199127450,1,0,0
210.337822790,1,1,0
210.337823224,1,1,1
210.337825114,0,1,1
210.476522458,0,0,1
210.476523272,0,0,0
210.476523680,1,0,0
210.615220094,1,1,0
210.615221236,1,1,1
210.615221342,0,1,1
210.753948284,0,1,0
210.753948698,0,0,0
210.753950036,1,0,0
210.892646336,1,1,0
210.892648314,1,1,1
210.892648634,0,1,1
211.031344236,0,1,0
211.031344940,0,0,0
211.031346328,1,0,0
211.170073076,1,1,0
211.170073764,1,1,1
211.170074928,0,1,1
211.308770374,0,1,0
211.308771182,0,0,0
211.308772620,1,0,0
211.447469276,1,0,1
211.447469754,1,1,1
211.447471280,0,1,1
211.586167328,0,1,0
211.586167484,0,0,0
211.586168910,1,0,0
211.724864996,1,1,0
211.724865352,1,1,1
211.724866512,0,1,1
211.863562600,0,0,1
211.863564402,0,0,0
211.863565140,1,0,0
212.002261236,1,1,0
212.002261364,1,1,1
212.002262864,0,1,1
212.140959778,0,0,1
212.140961352,0,0,0
212.140961494,1,0,0
212.279656414,1,1,0
212.279658378,1,1,1
212.279659156,0,1,1
212.418354364,0,1,0
212.418355080,0,0,0
212.418356786,1,0,0
212.557052716,1,1,0
212.557054390,1,1,1
212.557055510,0,1,1
212.695751320,0,0,1
212.695751438,0,0,0
212.695753078,1,0,0
212.834450466,1,0,1
212.834450894,1,1,1
212.834451740,0,1,1
212.973147498,0,0,1
212.973147514,0,0,0
212.973149368,1,0,0
213.111845416,1,0,1
213.111846134,1,1,1
213.111847030,0,1,1
213.250574176,0,0,1
213.250574464,0,0,0
213.250575658,1,0,0
213.389272490,1,0,1
213.389273188,1,1,1
213.389274382,0,1,1
213.527969914,0,0,1
213.527970476,0,0,0
213.527971950,1,0,0
213.666667502,1,0,1
213.666667552,1,1,1
213.666669676,0,1,1
213.805367156,0,0,1
213.805367488,0,0,0
213.805368304,1,0,0
213.944064792,1,1,0
213.944065516,1,1,1
213.944065966,0,1,1
214.082792394,0,0,1
214.082792564,0,0,0
214.082794594,1,0,0
214.221491030,1,1,0
214.221492588,1,1,1
214.221493256,0,1,1
214.360188512,0,1,0
214.360189696,0,0,0
214.360190822,1,0,0
214.498886208,1,1,0
214.498886540,1,1,1
214.498888546,0,1,1
214.637615936,0,0,1
214.637616586,0,0,0
214.637617176,1,0,0
214.776343446,1,1,0
214.776343552,1,1,1
214.776345836,0,1,1
214.915043050,0,0,1
214.915043598,0,0,0
214.915044466,1,0,0
215.053770562,1,0,1
215.053770686,1,1,1
215.053772066,0,1,1
215.192499352,0,0,1
215.192499610,0,0,0
215.192500756,1,0,0
215.331197988,1,1,0
215.331198574,1,1,1
215.331199354,0,1,1
215.469925528,0,0,1
215.469925620,0,0,0
215.469928108,1,0,0
215.608623648,1,0,1
215.608624164,1,1,1
215.608625644,0,1,1
215.747321634,0,1,0
215.747321830,0,0,0
215.747323336,1,0,0
215.886019340,1,1,0
215.886021658,1,1,1
215.886021996,0,1,1
216.024718004,0,0,1
216.024718644,0,0,0
216.024719626,1,0,0
216.163416578,1,1,0
216.163416672,1,1,1
216.163418286,0,1,1
216.302145182,0,0,1
216.302146656,0,0,0
216.302146978,1,0,0
216.440841744,1,0,1
216.440842818,1,1,1
216.440844578,0,1,1
216.579540482,0,0,1
216.579542206,1,0,1
216.579542668,1,0,0
216.718268692,1,0,1
216.718269056,1,1,1
216.718270866,0,1,1
216.856997738,0,1,0
216.856998722,0,0,0
216.856999496,1,0,0
216.995696294,1,1,0
216.995696702,1,1,1
216.995698156,0,1,1
217.134393750,0,1,0
217.134395848,1,1,0
217.134395896,1,0,0
217.273091532,1,1,0
217.273091776,1,1,1
217.273093446,0,1,1
217.411790760,0,1,0
217.411791196,0,0,0
217.411792074,1,0,0
217.550518706,1,1,0
217.550520734,0,1,0
217.550520786,0,1,1
217.689216372,0,0,1
217.689216832,0,0,0
217.689218364,1,0,0
217.827944798,1,0,1
217.827945944,1,1,1
217.827947086,0,1,1
217.966643610,0,0,1
217.966643780,0,0,0
217.966644652,1,0,0
218.105342182,1,1,0
218.105342744,1,1,1
218.105343314,0,1,1
218.244038784,0,0,1
218.244040790,0,0,0
218.244041004,1,0,0
218.382736816,1,0,1
218.382738420,1,1,1
218.382738602,0,1,1
218.521434864,0,1,0
218.521437022,0,0,0
218.521437230,1,0,0
218.660132658,1,1,0
218.660132888,1,1,1
218.660134954,0,1,1
218.798830872,0,1,0
218.798832196,0,0,0
218.798833644,1,0,0
218.937528896,1,1,0
218.937529836,1,1,1
218.937531180,0,1,1
219.076226882,0,1,0
219.076227496,0,0,0
219.076228870,1,0,0
219.214925132,1,1,0
219.214925844,1,1,1
219.214927530,0,1,1
219.353653672,0,0,1
219.353654892,0,0,0
219.353656096,1,0,0
219.492382856,1,0,1
219.492383306,1,1,1
219.492384820,0,1,1
219.631080900,0,1,0
219.631080906,0,0,0
219.631082446,1,0,0
219.769808864,1,0,1
219.769809042,1,1,1
219.769811108,0,1,1
219.908537972,0,1,0
219.908538144,0,0,0
219.908539734,1,0,0
220.047205718,1,1,0
220.047205936,1,1,1
220.047207394,0,1,1
220.185932982,0,1,0
220.185934382,0,0,0
220.185936022,1,0,0
220.324692954,1,1,0
220.324693944,1,1,1
220.324694682,0,1,1
220.463389990,0,1,0
220.463390618,0,0,0
220.463392372,1,0,0
220.602117954,1,0,1
220.602119190,1,1,1
220.602120970,0,1,1
220.740818856,0,0,1
220.740819000,0,0,0
220.740819598,1,0,0
220.879514962,1,0,1
220.879515428,1,1,1
220.879517258,0,1,1
221.018214008,0,1,0
221.018214028,0,0,0
221.018215886,1,0,0
221.156942034,1,0,1
221.156942664,1,1,1
221.156943544,0,1,1
221.295640016,0,1,0
221.295641202,0,0,0
221.295642172,1,0,0
221.434338042,1,0,1
221.434338836,1,1,1
221.434339832,0,1,1
221.573036502,0,0,1
221.573037024,0,0,0
221.573038458,1,0,0
221.711733988,1,0,1
221.711735136,1,1,1
221.711736120,0,1,1
221.850432032,0,1,0
221.850433674,0,0,0
221.850433746,1,0,0
221.989130310,1,1,0
221.989132370,1,1,1
221.989132404,0,1,1
222.127828104,0,1,0
222.127829912,0,0,0
222.127830096,1,0,0
222.266527066,1,0,1
222.266527546,1,1,1
222.266528692,0,1,1
222.405225048,0,1,0
222.405225146,0,0,0
222.405226320,1,0,0
222.543921074,1,0,1
222.543921780,1,1,1
222.543924042,0,1,1
222.682620382,0,0,1
222.682621120,0,0,0
222.682622608,1,0,0
222.821317082,1,0,1
222.821319016,1,1,1
222.821320266,0,1,1
222.960017064,0,1,0
222.960017556,0,0,0
222.960018956,1,0,0
223.098714252,1,1,0
223.098715090,1,1,1
223.098716616,0,1,1
223.237412136,0,1,0
223.237412854,0,0,0
223.237414180,1,0,0
223.376111426,1,1,0
223.376112096,1,1,1
223.376112840,0,1,1
223.514809028,0,0,1
223.514810142,0,0,0
223.514810532,1,0,0
223.653507662,1,1,0
223.653509128,0,1,0
223.653509168,0,1,1
223.792204150,0,1,0
223.792206326,0,0,0
223.792206816,1,0,0
223.930964176,1,0,1
223.930964834,1,1,1
223.930965414,0,1,1
224.069661498,0,0,1
224.069662158,0,0,0
224.069664102,1,0,0
224.208360120,1,0,1
224.208360132,1,1,1
224.208361762,0,1,1
224.347088732,0,0,1
224.347090164,0,0,0
224.347090388,1,0,0
224.485786192,1,0,1
224.485787368,1,1,1
224.485788048,0,1,1
224.624484172,0,1,0
224.624484906,0,0,0
224.624486736,1,0,0
224.763183196,1,0,1
224.763183478,1,1,1
224.763184332,0,1,1
224.901881142,0,0,1
224.901882242,0,0,0
224.901882960,1,0,0
225.040579204,1,0,1
225.040579838,1,1,1
225.040580620,0,1,1
225.179308250,0,1,0
225.179308376,0,0,0
225.179309246,1,0,0
225.318005946,1,1,0
225.318006906,0,1,0
225.318007210,0,1,1
225.456704194,0,1,0
225.456704612,0,0,0
225.456705532,1,0,0
225.595402182,1,1,0
225.595402718,1,1,1
225.595403192,0,1,1
225.734099846,0,0,1
225.734100262,0,0,0
225.734100816,1,0,0
225.872798286,1,0,1
225.872798418,1,1,1
225.872799538,0,1,1
226.011495016,0,0,1
226.011496208,0,0,0
226.011497166,1,0,0
226.150194230,1,0,1
226.150194650,1,1,1
226.150195760,0,1,1
226.288891276,0,1,0
226.288892314,0,0,0
226.288893450,1,0,0
226.427589300,1,0,1
226.427589822,1,1,1
226.427591108,0,1,1
226.566288218,0,1,0
226.566288424,0,0,0
226.566289672,1,0,0
226.704985242,1,0,1
226.704986056,1,1,1
226.704987332,0,1,1
226.843684288,0,1,0
226.843684720,0,0,0
226.843685958,1,0,0
226.982382250,1,0,1
226.982382292,1,1,1
226.982383680,0,1,1
227.121109954,0,0,1
227.121111358,0,0,0
227.121112242,1,0,0
227.259809380,1,0,1
227.259809526,1,1,1
227.259809964,0,1,1
227.398536188,0,0,1
227.398537300,0,0,0
227.398538526,1,0,0
227.537235324,1,0,1
227.537236758,1,1,1
227.537237186,0,1,1
227.675963358,0,0,1
227.675965306,0,0,0
227.675965810,1,0,0
227.814661992,1,1,0
227.814662330,1,1,1
227.814663532,0,1,1
227.953359374,0,1,0
227.953359592,0,0,0
227.953361158,1,0,0
228.092087336,1,0,1
228.092088162,1,1,1
228.092089754,0,1,1
228.230816380,0,1,0
228.230817826,0,0,0
228.230818442,1,0,0
228.369514460,1,1,0
228.369515404,1,1,1
228.369517038,0,1,1
228.508242386,0,1,0
228.508242998,0,0,0
228.508244664,1,0,0
228.646941408,1,0,1
228.646942630,1,1,1
228.646943382,0,1,1
228.785639292,0,0,1
228.785639392,0,0,0
228.785640946,1,0,0
228.924338414,1,0,1
228.924338864,1,1,1
228.924339604,0,1,1
229.063036396,0,1,0
229.063036462,0,0,0
229.063037292,1,0,0
229.201734096,1,1,0
229.201734418,1,1,1
229.201734888,0,1,1
229.340461696,0,0,1
229.340462464,0,0,0
229.340463576,1,0,0
229.479160268,1,1,0
229.479161424,1,1,1
229.479162236,0,1,1
229.617857930,0,0,1
229.617858468,0,0,0
229.617859798,1,0,0
229.756555430,1,0,1
229.756555498,1,1,1
229.756557518,0,1,1
229.895254098,0,0,1
229.895254410,0,0,0
229.895256144,1,0,0
230.033952496,1,0,1
230.033952732,1,1,1
230.033953740,0,1,1
230.172650332,0,0,1
230.172650540,0,0,0
230.172652426,1,0,0
230.311378502,1,0,1
230.311379964,1,1,1
230.311381084,0,1,1
230.450077546,0,1,0
230.450077626,0,0,0
230.450078710,1,0,0
230.588773442,1,0,1
230.588776368,0,0,1
230.588776572,0,1,1
230.727472734,0,0,1
230.727473488,0,0,0
230.727474994,1,0,0
230.866171430,1,1,0
230.866172574,1,1,1
230.866172650,0,1,1
231.004869492,0,1,0
231.004870030,0,0,0
231.004871276,1,0,0
231.143566600,1,1,0
231.143567514,1,1,1
231.143568934,0,1,1
231.282264496,0,1,0
231.282265262,0,0,0
231.282266560,1,0,0
231.420963832,1,1,0
231.420964520,1,1,1
231.420965218,0,1,1
231.559661494,0,0,1
231.559661564,0,0,0
231.559662840,1,0,0
231.698359002,1,1,0
231.698360524,1,1,1
231.698361498,0,1,1
231.837057566,0,1,0
231.837057662,0,0,0
231.837059186,1,0,0
231.975754590,1,0,1
231.975755234,1,1,1
231.975756782,0,1,1
232.114452896,0,0,1
232.114454570,0,0,0
232.114455406,1,0,0
232.253150530,1,0,1
232.253151464,1,1,1
232.253153126,0,1,1
232.391848574,0,1,0
232.391849064,0,0,0
232.391850688,1,0,0
232.530547598,1,0,1
232.530548758,1,1,1
232.530549346,0,1,1
232.669244642,0,1,0
232.669246296,0,0,0
232.669247034,1,0,0
232.807943928,1,1,0
232.807944600,1,1,1
232.807945690,0,1,1
232.946642580,0,1,0
232.946642588,0,0,0
232.946643254,1,0,0
233.085370606,1,0,1
233.085371160,1,1,1
233.085371974,0,1,1
233.224098758,0,0,1
233.224100534,1,0,1
233.224100586,1,0,0
233.362796328,1,1,0
233.362796608,1,1,1
233.362798254,0,1,1
233.501494650,0,1,0
233.501494928,0,0,0
233.501496880,1,0,0
233.640223622,1,1,0
233.640224612,1,1,1
233.640225474,0,1,1
233.778921654,0,1,0
233.778922222,0,0,0
233.778923160,1,0,0
233.917618614,1,0,1
233.917619792,1,1,1
233.917620758,0,1,1
234.056316658,0,1,0
234.056318390,0,0,0
234.056319442,1,0,0
234.195015680,1,0,1
234.195016022,1,1,1
234.195017100,0,1,1
234.333713722,0,1,0
234.333714560,0,0,0
234.333715726,1,0,0
234.472441190,1,1,0
234.472442996,1,1,1
234.472443382,0,1,1
234.611140664,0,1,0
234.611141852,0,0,0
234.611142006,1,0,0
234.749837684,1,0,1
234.749838420,1,1,1
234.749839664,0,1,1
234.888536020,0,0,1
234.888537666,0,0,0
234.888538288,1,0,0
235.027235626,1,0,1
235.027235714,1,1,1
235.027236006,0,1,1
235.165932314,0,0,1
235.165932730,0,0,0
235.165933632,1,0,0
235.304630690,1,0,1
235.304631820,1,1,1
235.304632226,0,1,1
235.443358482,0,0,1
235.443360734,0,0,0
235.443360914,1,0,0
235.582056112,1,1,0
235.582057692,1,1,1
235.582058570,0,1,1
235.720754710,0,0,1
235.720755672,0,0,0
235.720756194,1,0,0
235.859482696,1,0,1
235.859483280,1,1,1
235.859484852,0,1,1
235.998181738,0,1,0
235.998182002,0,0,0
235.998183412,1,0,0
236.136879572,1,1,0
236.136879696,1,1,1
236.136881132,0,1,1
236.275577678,0,1,0
236.275579170,0,0,0
236.275579758,1,0,0
236.414274802,1,1,0
236.414275762,1,1,1
236.414277476,0,1,1
236.552973742,0,1,0
236.552974402,0,0,0
236.552975038,1,0,0
236.691671762,1,0,1
236.691672970,1,1,1
236.691673692,0,1,1
236.830369632,0,0,1
236.830370746,0,0,0
236.830371380,1,0,0
236.969098766,1,0,1
236.969099136,1,1,1
236.969099974,0,1,1
237.107795736,0,0,1
237.107796746,0,0,0
237.107797662,1,0,0
237.246523428,1,1,0
237.246525768,1,1,1
237.246526254,0,1,1
237.385223026,0,0,1
237.385223808,0,0,0
237.385224940,1,0,0
237.523920596,1,1,0
237.523920768,1,1,1
237.523922598,0,1,1
237.662648810,0,1,0
237.662649256,0,0,0
237.662651222,1,0,0
237.801346770,1,0,1
237.801346824,1,1,1
237.801348878,0,1,1
237.940105810,0,1,0
237.940107422,0,0,0
237.940108502,1,0,0
238.078804052,1,1,0
238.078804832,1,1,1
238.078806158,0,1,1
238.217503588,0,0,1
238.217503812,0,0,0
238.217504718,1,0,0
238.356200770,1,0,1
238.356201282,1,1,1
238.356202374,0,1,1
238.494898810,0,1,0
238.494898814,0,0,0
238.494900062,1,0,0
238.633626772,1,0,1
238.633627510,1,1,1
238.633628716,0,1,1
238.772325814,0,1,0
238.772326046,0,0,0
238.772327342,1,0,0
238.911022678,1,1,0
238.911022834,1,1,1
238.911025060,0,1,1
239.049722814,0,1,0
239.049723276,0,0,0
239.049723682,1,0,0
239.188449774,1,0,1
239.188449906,1,1,1
239.188451340,0,1,1
239.327148504,0,0,1
239.327148816,0,0,0
239.327149962,1,0,0
239.465845836,1,0,1
239.465846134,1,1,1
239.465847554,0,1,1
239.604543732,0,0,1
239.604544816,0,0,0
239.604546180,1,0,0
239.743242362,1,1,0
239.743242836,1,1,1
239.743243898,0,1,1
239.881938878,0,1,0
239.881939960,0,0,0
239.881941522,1,0,0
240.020638836,1,0,1
240.020639528,1,1,1
240.020640112,0,1,1
240.159335816,0,1,0
240.159336188,0,0,0
240.159337798,1,0,0
240.298033694,1,1,0
240.298034900,1,1,1
240.298036454,0,1,1
240.436731878,0,1,0
240.436732416,0,0,0
240.436734016,1,0,0
240.575429836,1,0,1
240.575430984,1,1,1
240.575431734,0,1,1
240.714128582,0,0,1
240.714128878,0,0,0
240.714130358,1,0,0
240.852855836,1,0,1
240.852857212,1,1,1
240.852859014,0,1,1
240.991554810,0,0,1
240.991555878,0,0,0
240.991556636,1,0,0
241.130283898,1,0,1
241.130284376,1,1,1
241.130285290,0,1,1
241.268980786,0,0,1
241.268981814,0,0,0
241.268982914,1,0,0
241.407709666,1,1,0
241.407709898,1,1,1
241.407711632,0,1,1
241.546408876,0,1,0
241.546409202,0,0,0
241.546410194,1,0,0
241.685105834,1,0,1
241.685106832,1,1,1
241.685107910,0,1,1
241.823833938,0,1,0
241.823834428,0,0,0
241.823836534,1,0,0
241.962531996,1,1,0
241.962532898,1,1,1
241.962534188,0,1,1
242.101230656,0,0,1
242.101231876,0,0,0
242.101232812,1,0,0
242.239928286,1,1,0
242.239929896,1,1,1
242.239930466,0,1,1
242.378627822,0,0,1
242.378627936,0,0,0
242.378629090,1,0,0
242.517324450,1,1,0
242.517324894,1,1,1
242.517326746,0,1,1
242.656023110,0,0,1
242.656023874,0,0,0
242.656024430,1,0,0
242.794751678,1,1,0
242.794751894,1,1,1
242.794753022,0,1,1
242.933450276,0,0,1
242.933450872,0,0,0
242.933451644,1,0,0
243.072148894,1,0,1
243.072148904,1,1,1
243.072149362,0,1,1
243.210844934,0,1,0
243.210846502,0,0,0
243.210846924,1,0,0
243.349544068,1,1,0
243.349544890,1,1,1
243.349545576,0,1,1
243.488240728,0,0,1
243.488241932,0,0,0
243.488243262,1,0,0
243.626939890,1,0,1
243.626940294,1,1,1
243.626941916,0,1,1
243.765636930,0,1,0
243.765637954,0,0,0
243.765639540,1,0,0
243.904335522,1,1,0
243.904335950,1,1,1
243.904337194,0,1,1
244.043033928,0,1,0
244.043034180,0,0,0
244.043035816,1,0,0
244.181730950,1,0,1
244.181731812,1,1,1
244.181733470,0,1,1
244.320430346,0,0,1
244.320430928,0,0,0
244.320432092,1,0,0
244.459126948,1,0,1
244.459128974,1,1,1
244.459129748,0,1,1
244.597886988,0,1,0
244.597887572,0,0,0
244.597888368,1,0,0
244.736585138,1,1,0
244.736585946,1,1,1
244.736587086,0,1,1
244.875342988,0,1,0
244.875343798,0,0,0
244.875345708,1,0,0
245.014042364,1,1,0
245.014042944,1,1,1
245.014044362,0,1,1
245.152769962,0,0,1
245.152770234,0,0,0
245.152771922,1,0,0
245.291498590,1,1,0
245.291498942,1,1,1
245.291500578,0,1,1
245.430226982,0,1,0
245.430228186,0,0,0
245.430229198,1,0,0
245.568926816,1,1,0
245.568927004,1,1,1
245.568927916,0,1,1
245.707623414,0,0,1
245.707623980,0,0,0
245.707625476,1,0,0
245.846351938,1,0,1
245.846352042,1,1,1
245.846354192,0,1,1
245.985050638,0,0,1
245.985051814,1,0,1
245.985051916,1,0,0
246.123777998,1,0,1
246.123778206,1,1,1
246.123780468,0,1,1
246.262477864,0,0,1
246.262478038,0,0,0
246.262479090,1,0,0
246.401174932,1,0,1
246.401175430,1,1,1
246.401176682,0,1,1
246.539872974,0,1,0
246.539873090,0,0,0
246.539874368,1,0,0
246.678570994,1,0,1
246.678571594,1,1,1
246.678573020,0,1,1
246.817268970,0,1,0
246.817269252,0,0,0
246.817270706,1,0,0
246.955967990,1,0,1
246.955968882,1,1,1
246.955969296,0,1,1
247.094666032,0,1,0
247.094666542,0,0,0
247.094666918,1,0,0
247.233362108,1,1,0
247.233362988,1,1,1
247.233364572,0,1,1
247.372061028,0,1,0
247.372061704,0,0,0
247.372063194,1,0,0
247.510790270,1,1,0
247.510790984,1,1,1
247.510791910,0,1,1
247.649486928,0,0,1
247.649488026,0,0,0
247.649489534,1,0,0
247.788214982,1,0,1
247.788215556,1,1,1
247.788218126,0,1,1
247.926915022,0,1,0
247.926915154,0,0,0
247.926915808,1,0,0
248.065612720,1,1,0
248.065613042,1,1,1
248.065614462,0,1,1
248.204341080,0,1,0
248.204342316,0,0,0
248.204343084,1,0,0
248.343038882,1,1,0
248.343038976,1,1,1
248.343040738,0,1,1
248.481737540,0,0,1
248.481738078,0,0,0
248.481739360,1,0,0
248.620436168,1,1,0
248.620436972,1,1,1
248.620437012,0,1,1
248.759133074,0,1,0
248.759133766,0,0,0
248.759134634,1,0,0
248.897831332,1,1,0
248.897832030,1,1,1
248.897833286,0,1,1
249.036528988,0,0,1
249.036530070,0,0,0
249.036530908,1,0,0
249.175226026,1,0,1
249.175227556,1,1,1
249.175228564,0,1,1
249.313925066,0,1,0
249.313926150,0,0,0
249.313927246,1,0,0
249.452623024,1,0,1
249.452624780,1,1,1
249.452624840,0,1,1
249.591321064,0,1,0
249.591321438,0,0,0
249.591323458,1,0,0
249.730019004,1,1,0
249.730020022,1,1,1
249.730021174,0,1,1
249.868717058,0,1,0
249.868717598,0,0,0
249.868718796,1,0,0
250.007416078,1,0,1
250.007416166,1,1,1
250.007417386,0,1,1
250.146113992,0,1,0
250.146114822,0,0,0
250.146115070,1,0,0
250.284841390,1,1,0
250.284843012,1,1,1
250.284843724,0,1,1
250.423539984,0,0,1
250.423541050,0,0,0
250.423542282,1,0,0
250.562238194,1,0,1
250.562239614,1,1,1
250.562239998,0,1,1
250.700936046,0,1,0
250.700936270,0,0,0
250.700937682,1,0,0
250.839633836,1,1,0
250.839635064,1,1,1
250.839636210,0,1,1
250.978332040,0,1,0
250.978332432,0,0,0
250.978333896,1,0,0
251.117060998,1,1,1
251.117062484,0,1,1
251.255758098,0,1,0
251.255759654,0,0,0
251.255760170,1,0,0
251.394456284,1,1,0
251.394457056,1,1,1
251.394458822,0,1,1
251.533154032,0,1,0
251.533154878,0,0,0
251.533156504,1,0,0
251.671853382,1,1,0
251.671854050,1,1,1
251.671855096,0,1,1
251.810551088,0,1,0
251.810551098,0,0,0
251.810552778,1,0,0
251.949249666,1,1,0
251.949250108,1,1,1
251.949250432,0,1,1
252.087946886,0,0,1
252.087948020,0,0,0
252.087948990,1,0,0
252.226644828,1,1,0
252.226646040,1,1,1
252.226646644,0,1,1
252.365342484,0,0,1
252.365345078,0,0,0
252.365345264,1,0,0
252.504041112,1,1,0
252.504042660,1,1,1
252.504042980,0,1,1
252.642768644,0,0,1
252.642769072,0,0,0
252.642771600,1,0,0
252.781499272,1,1,0
252.781500092,1,1,1
252.781500190,0,1,1
252.920195006,0,1,0
252.920195930,0,0,0
252.920197874,1,0,0
253.058924086,1,0,1
253.058924496,1,1,1
253.058926526,0,1,1
253.197623000,0,1,0
253.197623152,0,0,0
253.197624146,1,0,0
253.336350716,1,1,0
253.336351082,1,1,1
253.336352800,0,1,1
253.475079058,0,1,0
253.475081374,0,0,0
253.475081420,1,0,0
253.613807876,1,1,0
253.613808076,1,1,1
253.613810134,0,1,1
253.752537114,0,1,0
253.752538472,0,0,0
253.752538692,1,0,0
253.891236006,1,0,1
253.891237098,1,1,1
253.891237406,0,1,1
254.029933108,0,1,0
254.029933756,0,0,0
254.029935028,1,0,0
254.168631384,1,1,0
254.168631564,1,1,1
254.168632618,0,1,1
254.307328914,0,0,1
254.307329102,0,0,0
254.307331238,1,0,0
254.446028058,1,0,1
254.446028480,1,1,1
254.446028952,0,1,1
254.584754034,0,1,0
254.584757200,0,0,0
254.584757512,1,0,0
254.723453826,1,1,0
254.723455052,1,1,1
254.723455162,0,1,1
254.862182358,0,0,1
254.862183090,0,0,0
254.862183784,1,0,0
255.000910046,1,0,1
255.000910924,1,1,1
255.000912498,0,1,1
255.139608518,0,0,1
255.139609084,0,0,0
255.139611056,1,0,0
255.278306040,1,0,1
255.278307208,1,1,1
255.278308770,0,1,1
255.417005076,0,1,0
255.417005802,0,0,0
255.417006392,1,0,0
255.555704096,1,0,1
255.555704304,1,1,1
255.555705042,0,1,1
255.694401024,0,0,1
255.694402134,0,0,0
255.694402664,1,0,0
255.833100088,1,0,1
255.833101314,0,0,1
255.833101588,0,1,1
255.971796182,0,0,1
255.971796688,0,0,0
255.971798934,1,0,0
256.110495080,1,0,1
256.110495746,1,1,1
256.110496524,0,1,1
256.249193118,0,1,0
256.249194404,0,0,0
256.249195208,1,0,0
256.387890904,1,1,0
256.387891136,1,1,1
256.387892858,0,1,1
256.526590626,0,0,1
256.526591112,0,0,0
256.526591540,1,0,0
256.665316066,1,0,1
256.665317188,1,1,1
256.665319130,0,1,1
256.804015784,0,0,1
256.804016042,0,0,0
256.804017814,1,0,0
256.942713058,1,0,1
256.942714346,1,1,1
256.942715464,0,1,1
257.081413004,0,0,1
257.081413096,0,0,0
257.081414022,1,0,0
257.220170568,1,1,0
257.220172052,1,1,1
257.220172672,0,1,1
257.358868088,0,1,0
257.358868224,0,0,0
257.358870292,1,0,0
257.497566850,1,1,0
257.497568044,1,1,1
257.497569008,0,1,1
257.636295446,0,0,1
257.636296082,0,0,0
257.636297564,1,0,0
257.774994010,1,1,0
257.774994348,1,1,1
257.774995280,0,1,1
257.913691138,0,1,0
257.913692666,0,0,0
257.913693898,1,0,0
258.052451168,1,1,0
258.052452090,1,1,1
258.052452548,0,1,1
258.191149004,0,1,0
258.191149886,0,0,0
258.191150168,1,0,0
258.329938020,1,0,1
258.329938388,1,1,1
258.329939758,0,1,1
258.468636044,0,0,1
258.468638060,0,0,0
258.468638440,1,0,0
258.607334074,1,0,1
258.607334608,1,1,1
258.607336090,0,1,1
258.746031114,0,1,0
258.746032264,0,0,0
258.746033710,1,0,0
258.884730890,1,1,0
258.884731004,1,1,1
258.884732298,0,1,1
259.023459106,0,1,0
259.023459484,0,0,0
259.023460980,1,0,0
259.162157060,1,0,1
259.162157110,1,1,1
259.162158570,0,1,1
259.300885096,0,1,0
259.300885642,0,0,0
259.300887250,1,0,0
259.439584114,1,0,1
259.439584268,1,1,1
259.439584902,0,1,1
259.578281924,0,0,1
259.578283026,0,0,0
259.578283522,1,0,0
259.717009488,1,1,0
259.717010042,1,1,1
259.717012172,0,1,1
259.855708078,0,0,0
259.855709854,1,0,0
259.994406644,1,1,0
259.994407034,1,1,1
259.994408442,0,1,1
260.133104300,0,0,1
260.133105070,0,0,0
260.133106062,1,0,0
260.271802024,1,0,1
260.271802926,1,1,1
260.271803774,0,1,1
260.410500062,0,1,0
260.410501520,0,0,0
260.410502332,1,0,0
260.549199082,1,1,0
260.549199982,0,1,0
260.549200016,0,1,1
260.687896988,0,0,1
260.687897052,0,0,0
260.687898664,1,0,0
260.826595302,1,1,0
260.826596070,1,1,1
260.826596314,0,1,1
260.965291958,0,0,1
260.965293044,0,0,0
260.965293934,1,0,0
261.104021060,1,0,1
261.104021458,1,1,1
261.104022584,0,1,1
261.242719096,0,1,0
261.242720114,0,0,0
261.242721140,1,0,0
261.381417052,1,0,1
261.381417740,1,1,1
261.381418790,0,1,1
261.520114334,0,0,1
261.520115026,0,0,0
261.520116472,1,0,0
261.658813898,1,1,0
261.658814042,1,1,1
261.658815124,0,1,1
261.797511078,0,1,0
261.797511552,0,0,0
261.797512680,1,0,0
261.936209032,1,0,1
261.936209116,1,1,1
261.936211392,0,1,1
262.074907710,0,0,1
262.074908006,0,0,0
262.074909010,1,0,0
262.213605084,1,0,1
262.213605334,1,1,1
262.213606662,0,1,1
262.352303990,0,0,1
262.352304058,0,0,0
262.352305282,1,0,0
262.491001492,1,1,0
262.491002012,1,1,1
262.491002932,0,1,1
262.629699988,0,1,0
262.629700146,0,0,0
262.629701550,1,0,0
262.768397002,1,0,1
262.768398770,1,1,1
262.768399200,0,1,1
262.907125038,0,1,0
262.907126366,0,0,0
262.907127818,1,0,0
263.045822992,1,0,1
263.045823926,1,1,1
263.045825468,0,1,1
263.184552030,0,1,0
263.184553582,0,0,0
263.184554086,1,0,0
263.323251082,1,1,0
263.323251982,1,1,1
263.323252800,0,1,1
263.461948738,0,0,1
263.461949020,0,0,0
263.461950356,1,0,0
263.600645300,1,1,0
263.600647034,1,1,1
263.600648006,0,1,1
263.739344018,0,0,1
263.739345070,0,0,0
263.739346624,1,0,0
263.878073580,1,1,0
263.878074960,1,1,1
263.878075274,0,1,1
264.016771060,0,1,0
264.016772174,0,0,0
264.016772892,1,0,0
264.155469736,1,1,0
264.155470604,0,1,0
264.155470950,0,1,1
264.294166986,0,1,0
264.294169160,1,1,0
264.432895002,1,1,1
264.432896030,1,0,1
264.432897810,0,0,1
264.571349594,0,1,1
264.571351038,0,1,0
264.571351492,1,1,0
264.709435990,1,1,1
264.709437188,1,0,1
264.709439144,0,0,1
264.847616752,0,1,1
264.847618024,0,1,0
264.847618762,1,1,0
264.985796408,1,0,0
264.985797226,1,0,1
264.985797412,0,0,1
265.123975034,0,1,1
265.123975076,0,1,0
265.123977092,1,1,0
265.262246628,1,0,0
265.262246964,1,0,1
265.262247746,0,0,1
265.400516252,0,1,1
265.400517062,0,1,0
265.400518362,1,1,0
265.538909846,1,0,0
265.538911012,0,0,0
265.538911076,0,0,1
265.677272050,0,0,0
265.677272408,0,1,0
265.677273630,1,1,0
265.815634126,1,0,0
265.815635002,1,0,1
265.815636344,0,0,1
265.953996036,0,0,0
265.953996690,0,1,0
265.953997960,1,1,0
266.092358284,1,0,0
266.092359050,1,0,1
266.092360674,0,0,1
266.230720846,0,1,1
266.230722086,0,1,0
266.230723292,1,1,0
266.369082038,1,1,1
266.369083502,1,0,1
266.369084880,0,0,1
266.507446010,0,0,0
266.507447064,0,1,0
266.507447560,1,1,0
266.645808024,1,1,1
266.645809720,1,0,1
266.645810210,0,0,1
266.784170346,0,1,1
266.784171060,0,1,0
266.784172828,1,1,0
266.922532938,1,0,0
266.922533074,1,0,1
266.922534542,0,0,1
267.060894108,0,0,0
267.060894750,0,1,0
267.060897096,1,1,0
267.199258060,1,1,1
267.199258092,1,0,1
267.199259808,0,0,1
267.337650718,0,1,1
267.337651096,0,1,0
267.337652426,1,1,0
267.476013046,1,1,1
267.476013372,1,0,1
267.476015138,0,0,1
267.614375998,0,1,1
267.614376082,0,1,0
267.614376694,1,1,0
267.752767590,1,0,0
267.752768096,1,0,1
267.752769406,0,0,1
267.891161152,0,1,1
267.891162130,0,1,0
267.891163024,1,1,0
268.029523084,1,1,1
268.029523808,1,0,1
268.029524674,0,0,1
268.167886056,0,0,0
268.167886370,0,1,0
268.167887292,1,1,0
268.306248068,1,1,1
268.306248962,1,0,1
268.306250002,0,0,1
268.444610524,0,1,1
268.444612102,0,1,0
268.444612620,1,1,0
268.583003116,1,1,1
268.583003242,1,0,1
268.583005270,0,0,1
268.721334804,0,1,1
268.721335090,0,1,0
268.721336886,1,1,0
268.859696334,1,0,0
268.859699102,1,0,1
268.859699536,0,0,1
268.998059138,0,0,0
268.998061022,0,1,0
268.998061154,1,1,0
269.136421614,1,0,0
269.136422088,1,0,1
269.136423864,0,0,1
269.274785122,0,0,0
269.274785238,0,1,0
269.274786482,1,1,0
269.413145830,1,0,0
269.413146074,1,0,1
269.413148132,0,0,1
269.551509456,0,1,1
269.551510108,0,1,0
269.551510748,1,1,0
269.689840122,1,1,1
269.689841048,1,0,1
269.689842398,0,0,1
269.828204156,0,0,0
269.828204672,0,1,0
269.828205078,1,1,0
269.966534170,1,1,1
269.966534264,1,0,1
269.966536726,0,0,1
270.104897888,0,1,1
270.104898142,0,1,0
270.104899342,1,1,0
270.243259418,1,0,0
270.243260094,1,0,1
270.243261992,0,0,1
270.381622042,0,1,1
270.381622876,0,1,0
270.381623672,1,1,0
270.519983696,1,0,0
270.519985078,1,0,1
270.519986258,0,0,1
270.658347112,0,0,0
270.658347258,0,1,0
270.658348876,1,1,0
270.796708912,1,0,0
270.796709126,1,0,1
270.796710524,0,0,1
270.935071160,0,0,0
270.935071536,0,1,0
270.935073204,1,1,0
271.073434066,1,0,0
271.073434172,1,0,1
271.073435916,0,0,1
271.211796690,0,1,1
271.211797082,0,1,0
271.211797534,1,1,0
271.350158096,1,1,1
271.350159344,1,0,1
271.350160120,0,0,1
271.488520908,0,1,1
271.488522130,0,1,0
271.488522798,1,1,0
271.626914142,1,1,1
271.626914560,1,0,1
271.626915510,0,0,1
271.765276052,0,0,0
271.765277060,0,1,0
271.765278064,1,1,0
271.903637714,1,0,0
271.903638126,1,0,1
271.903639712,0,0,1
272.042092162,0,0,0
272.042093338,0,1,0
272.042094390,1,1,0
272.180607930,1,0,0
272.180608112,1,0,1
272.180609040,0,0,1
272.319152552,0,1,1
272.319153146,0,1,0
272.319154656,1,1,0
272.457699096,1,1,1
272.457699144,1,0,1
272.457700304,0,0,1
272.596242768,0,1,1
272.596243132,0,1,0
272.596244922,1,1,0
272.734788082,1,1,1
272.734789358,1,0,1
272.734790570,0,0,1
272.873303920,0,1,1
272.873305116,0,1,0
272.873306250,1,1,0
273.011849636,1,0,0
273.011850130,1,0,1
273.011850898,0,0,1
273.150364100,0,0,0
273.150365132,0,1,0
273.150366450,1,1,0
273.288879786,1,0,0
273.288880112,1,0,1
273.288881224,0,0,1
273.427425086,0,0,0
273.427426348,0,1,0
273.427426776,1,1,0
273.565939938,1,0,0
273.565941098,1,0,1
273.565941424,0,0,1
273.704454132,0,0,0
273.704455500,0,1,0
273.704456042,1,1,0
273.843000214,1,0,0
273.843001146,1,0,1
273.843001752,0,0,1
273.981546116,0,0,0
273.981546776,0,1,0
273.981547370,1,1,0
274.120060366,1,0,0
274.120061130,1,0,1
274.120062016,0,0,1
274.258606100,0,0,0
274.258606926,0,1,0
274.258607632,1,1,0
274.397151112,1,1,1
274.397151642,1,0,1
274.397153280,0,0,1
274.535697084,0,0,0
274.535697202,0,1,0
274.535698896,1,1,0
274.674211098,1,1,1
274.674212794,1,0,1
274.674213544,0,0,1
274.812757068,0,0,0
274.812758416,0,1,0
274.812759160,1,1,0
274.951301944,1,0,0
274.951302080,1,0,1
274.951303870,0,0,1
275.089817630,0,1,1
275.089818114,0,1,0
275.089819486,1,1,0
275.228394064,1,1,1
275.228394220,1,0,1
275.228395134,0,0,1
275.366907780,0,1,1
275.366908098,0,1,0
275.366909750,1,1,0
275.505453432,1,0,0
275.505454048,1,0,1
275.505455398,0,0,1
275.643968056,0,1,1
275.643969082,0,1,0
275.643970012,1,1,0
275.782484844,1,1,1
275.782485646,1,0,1
275.782485724,0,0,1
275.921029128,0,0,0
275.921029144,0,1,0
275.921031338,1,1,0
276.059544076,1,1,1
276.059544858,1,0,1
276.059545986,0,0,1
276.198090048,0,0,0
276.198090420,0,1,0
276.198091540,1,1,0
276.336604124,1,1,1
276.336605010,1,0,1
276.336606248,0,0,1
276.475149632,0,1,1
276.475150092,0,1,0
276.475151866,1,1,0
276.613665106,1,1,1
276.613666222,1,0,1
276.613666512,0,0,1
276.752209014,0,0,0
276.752210846,0,1,0
276.752212126,1,1,0
276.890755436,1,0,0
276.890757026,1,0,1
276.890757836,0,0,1
277.029299994,0,1,1
277.029300996,0,1,0
277.029302454,1,1,0
277.167845584,1,0,0
277.167847072,1,0,1
277.167848100,0,0,1
277.306362042,0,0,0
277.306362270,0,1,0
277.306363652,1,1,0
277.444906796,1,0,0
277.444907054,1,0,1
277.444908362,0,0,1
277.583421418,0,1,1
277.583423086,0,1,0
277.583424040,1,1,0
277.721936072,1,0,0
277.721938038,1,0,1
277.721938688,0,0,1
277.860482630,0,1,1
277.860483006,0,1,0
277.860484242,1,1,0
277.998997158,1,0,0
277.998998080,1,0,1
277.998998888,0,0,1
278.137512050,0,0,0
278.137512780,0,1,0
278.137513502,1,1,0
278.276058000,1,1,1
278.276058432,1,0,1
278.276059148,0,0,1
278.414571034,0,0,0
278.414571992,0,1,0
278.414573826,1,1,0
278.553117046,1,1,1
278.553117708,1,0,1
278.553119474,0,0,1
278.691663016,0,0,0
278.691663266,0,1,0
278.691665090,1,1,0
278.830177856,1,0,0
278.830177966,1,0,1
278.830179736,0,0,1
278.968694060,0,0,0
278.968694416,0,1,0
278.968695412,1,1,0
279.107238010,1,1,1
279.107238068,1,0,1
279.107239998,0,0,1
279.245753628,0,1,1
279.245755042,0,1,0
279.245755612,1,1,0
279.384268216,1,0,0
279.384268990,1,0,1
279.384270324,0,0,1
279.522782838,0,1,1
279.522782960,0,1,0
279.522784936,1,1,0
279.661359974,1,1,1
279.661360428,1,0,1
279.661361584,0,0,1
279.799904112,0,1,1
279.799906006,0,1,0
279.799906198,1,1,0
279.938420016,1,1,1
279.938420638,1,0,1
279.938421846,0,0,1
280.076964262,0,1,1
280.076965050,0,1,0
280.076966524,1,1,0
280.215479998,1,1,1
280.215480850,1,0,1
280.215482170,0,0,1
280.354025968,0,0,0
280.354026408,0,1,0
280.354027784,1,1,0
280.492540062,1,0,0
280.492541042,1,0,1
280.492542370,0,0,1
280.631085010,0,0,0
280.631087620,0,1,0
280.631088046,1,1,0
280.769630962,1,1,1
280.769631272,1,0,1
280.769632694,0,0,1
280.908175830,0,1,1
280.908175992,0,1,0
280.908178244,1,1,0
281.046722442,1,1,1
281.046723420,1,0,1
281.046723954,0,0,1
281.185236974,0,0,0
281.185237040,0,1,0
281.185238568,1,1,0
281.323782986,1,1,1
281.323783692,1,0,1
281.323784278,0,0,1
281.462296252,0,1,1
281.462297954,0,1,0
281.462298892,1,1,0
281.600811840,1,0,0
281.600813966,1,0,1
281.600814538,0,0,1
281.739357400,0,1,1
281.739359998,0,1,0
281.739360090,1,1,0
281.877901946,1,1,1
281.877903050,1,0,1
281.877904800,0,0,1
282.016417610,0,1,1
282.016420040,0,1,0
282.016420414,1,1,0
282.154933198,1,0,0
282.154933928,1,0,1
282.154935060,0,0,1
282.293478820,0,1,1
282.293479960,0,1,0
282.293480736,1,1,0
282.431991906,1,1,1
282.431994408,1,0,1
282.431995382,0,0,1
282.570539002,0,0,0
282.570539030,0,1,0
282.570540996,1,1,0
282.709053950,1,1,1
282.709054680,1,0,1
282.709055580,0,0,1
282.847568240,0,1,1
282.847569232,0,1,0
282.847570258,1,1,0
282.986084890,1,0,0
282.986084930,1,0,1
282.986085904,0,0,1
283.124627900,0,0,0
283.124629450,0,1,0
283.124630518,1,1,0
283.263144038,1,0,0
283.263144972,1,0,1
283.263146166,0,0,1
283.401658942,0,0,0
283.401660660,0,1,0
283.401660778,1,1,0
283.540173246,1,0,0
283.540174890,1,0,1
283.540175486,0,0,1
283.678719870,0,1,1
283.678719984,0,1,0
283.678721102,1,1,0
283.817233394,1,0,0
283.817234932,1,0,1
283.817235748,0,0,1
283.955779902,0,0,0
283.955780016,0,1,0
283.955781360,1,1,0
284.094294666,1,0,0
284.094295912,1,0,1
284.094297006,0,0,1
284.232839288,0,1,1
284.232839944,0,1,0
284.232841620,1,1,0
284.371354564,1,0,0
284.371355892,1,0,1
284.371357266,0,0,1
284.509899432,0,1,1
284.509899860,0,1,0
284.509901878,1,1,0
284.648477084,1,0,0
284.648477870,1,0,1
284.648478526,0,0,1
284.787021902,0,0,0
284.787023642,0,1,0
284.787024202,1,1,0
284.925537168,1,0,0
284.925537912,1,0,1
284.925538846,0,0,1
285.064082788,0,1,1
285.064083880,0,1,0
285.064084462,1,1,0
285.202597438,1,0,0
285.202597892,1,0,1
285.202599106,0,0,1
285.341112060,0,1,1
285.341112922,0,1,0
285.341113720,1,1,0
285.479626648,1,0,0
285.479626870,1,0,1
285.479628366,0,0,1
285.618172268,0,1,1
285.618172840,0,1,0
285.618173980,1,1,0
285.756687850,1,1,1
285.756687868,1,0,1
285.756689688,0,0,1
285.895232352,0,1,1
285.895232878,0,1,0
285.895234302,1,1,0
286.033778000,1,0,0
286.033778890,1,0,1
286.033779948,0,0,1
286.172323858,0,0,0
286.172324622,0,1,0
286.172325560,1,1,0
286.310898868,1,1,1
286.310899208,1,0,1
286.310901206,0,0,1
286.449444832,0,1,1
286.449444836,0,1,0
286.449446820,1,1,0
286.587990784,1,1,1
286.587991980,1,0,1
286.587992464,0,0,1
286.726505816,0,0,0
286.726505976,0,1,0
286.726507078,1,1,0
286.865019626,1,0,0
286.865020762,1,0,1
286.865021722,0,0,1
287.003564792,0,0,0
287.003566246,0,1,0
287.003567336,1,1,0
287.142110834,1,0,0
287.142111866,1,0,1
287.142112982,0,0,1
287.280687390,0,1,1
287.280687772,0,1,0
287.280688658,1,1,0
287.419202842,1,1,1
287.419203042,1,0,1
287.419204238,0,0,1
287.557717598,0,1,1
287.557717812,0,1,0
287.557718916,1,1,0
287.696263248,1,0,0
287.696263758,1,0,1
287.696264560,0,0,1
287.834777806,0,1,1
287.834778788,0,1,0
287.834779174,1,1,0
287.973322394,1,0,0
287.973323800,1,0,1
287.973324820,0,0,1
288.111838076,0,1,1
288.111838768,0,1,0
288.111839432,1,1,0
288.250382664,1,0,0
288.250382778,1,0,1
288.250385076,0,0,1
288.388989806,0,0,0
288.388990158,0,1,0
288.388991752,1,1,0
288.527504808,1,0,0
288.527504818,1,0,1
288.527506334,0,0,1
288.666049364,0,1,1
288.666049784,0,1,0
288.666051946,1,1,0
288.804595732,1,1,1
288.804596014,1,0,1
288.804597654,0,0,1
288.943110700,0,0,0
288.943111634,0,1,0
288.943112266,1,1,0
289.081655708,1,1,1
289.081656222,1,0,1
289.081657974,0,0,1
289.220201842,0,1,1
289.220202802,0,1,0
289.220203524,1,1,0
289.358716750,1,1,1
289.358717428,1,0,1
289.358718168,0,0,1
289.497262048,0,1,1
289.497262716,0,1,0
289.497263782,1,1,0
289.635808636,1,0,0
289.635808726,1,0,1
289.635809426,0,0,1
289.774353190,0,1,1
289.774353692,0,1,0
289.774354100,1,1,0
289.912897702,1,1,1
289.912898778,1,0,1
289.912899746,0,0,1
290.051442732,0,0,0
290.051444398,0,1,0
290.051445296,1,1,0
290.189988986,1,0,0
290.189989742,1,0,1
290.189991004,0,0,1
290.328534542,0,1,1
290.328535708,0,1,0
290.328536552,1,1,0
290.467050190,1,0,0
290.467050656,1,0,1
290.467051260,0,0,1
290.605563748,0,1,1
290.605564684,0,1,0
290.605565872,1,1,0
290.744109398,1,0,0
290.744109694,1,0,1
290.744111518,0,0,1
290.882624766,0,1,1
290.882625660,0,1,0
290.882626130,1,1,0
291.021170602,1,0,0
291.021170670,1,0,1
291.021171836,0,0,1
291.159715160,0,1,1
291.159715700,0,1,0
291.159717386,1,1,0
291.298260646,1,1,1
291.298261746,1,0,1
291.298263094,0,0,1
291.436806366,0,1,1
291.436806676,0,1,0
291.436807704,1,1,0
291.575351014,1,0,0
291.575352622,1,0,1
291.575353350,0,0,1
291.713867572,0,1,1
291.713867652,0,1,0
291.713868900,1,1,0
291.852381158,1,0,0
291.852381662,1,0,1
291.852383608,0,0,1
291.990895692,0,0,0
291.990897778,0,1,0
291.990898218,1,1,0
292.129442636,1,1,1
292.129443362,1,0,1
292.129443862,0,0,1
292.268016920,0,1,1
292.268018666,0,1,0
292.268019474,1,1,0
292.406562570,1,0,0
292.406563612,1,0,1
292.406565118,0,0,1
292.545077126,0,1,1
292.545079580,0,1,0
292.545079794,1,1,0
292.683592588,1,1,1
292.683593774,1,0,1
292.683595438,0,0,1
292.822138392,0,1,1
292.822139618,0,1,0
292.822139988,1,1,0
292.960683626,1,1,1
292.960684230,1,0,1
292.960685632,0,0,1
293.099199536,0,1,1
293.099199592,0,1,0
293.099200306,1,1,0
293.237713184,1,0,0
293.237714602,1,0,1
293.237715948,0,0,1
293.376229568,0,0,0
293.376229740,0,1,0
293.376230624,1,1,0
293.514835390,1,0,0
293.514835516,1,0,1
293.514837206,0,0,1
293.653349544,0,0,0
293.653351880,1,0,0
293.653351946,1,1,0
293.791896532,1,0,0
293.791896552,1,0,1
293.791897524,0,0,1
293.930441152,0,1,1
293.930441520,0,1,0
293.930443136,1,1,0
294.068987528,1,1,1
294.068987736,1,0,1
294.068988778,0,0,1
294.207531556,0,0,0
294.207532356,0,1,0
294.207533390,1,1,0
294.346076502,1,1,1
294.346077942,1,0,1
294.346079034,0,0,1
294.484593468,0,0,0
294.484593560,0,1,0
294.484594708,1,1,0
294.623107146,1,0,0
294.623107540,1,0,1
294.623109292,0,0,1
294.761622702,0,1,1
294.761623506,0,1,0
294.761623900,1,1,0
294.900167450,1,1,1
294.900168288,1,0,1
294.900169608,0,0,1
295.038682544,0,0,0
295.038682968,0,1,0
295.038684158,1,1,0
295.177228992,1,0,0
295.177229488,1,0,1
295.177229864,0,0,1
295.315743110,0,1,1
295.315743454,0,1,0
295.315744474,1,1,0
295.454257696,1,0,0
295.454258276,1,0,1
295.454260120,0,0,1
295.592802492,0,0,0
295.592803314,0,1,0
295.592804728,1,1,0
295.731318900,1,0,0
295.731319436,1,0,1
295.731320372,0,0,1
295.869861518,0,1,1
295.869863466,0,1,0
295.869865046,1,1,0
296.008378472,1,1,1
296.008380104,1,0,1
296.008380690,0,0,1
296.146892438,0,0,0
296.146893660,0,1,0
296.146895240,1,1,0
296.285438384,1,1,1
296.285439370,1,0,1
296.285441008,0,0,1
296.423953414,0,0,0
296.423954926,0,1,0
296.423955556,1,1,0
296.562468420,1,1,1
296.562468448,1,0,1
296.562470200,0,0,1
296.701014450,0,0,0
296.701015006,0,1,0
296.701015748,1,1,0
296.839527714,1,0,0
296.839529456,1,0,1
296.839530516,0,0,1
296.978073208,0,1,1
296.978074422,0,1,0
296.978076126,1,1,0
297.116618918,1,0,0
297.116620430,1,0,1
297.116621708,0,0,1
297.255195396,0,0,0
297.255195910,0,1,0
297.255197382,1,1,0
297.393742058,1,0,0
297.393742402,1,0,1
297.393743024,0,0,1
297.532256432,0,0,0
297.532256614,0,1,0
297.532258634,1,1,0
297.670771262,1,0,0
297.670771376,1,0,1
297.670773280,0,0,1
297.809285880,0,1,1
297.809287342,0,1,0
297.809287890,1,1,0
297.947832348,1,1,1
297.947832464,1,0,1
297.947833532,0,0,1
298.086347082,0,1,1
298.086347378,0,1,0
298.086348206,1,1,0
298.224860668,1,0,0
298.224861322,1,0,1
298.224862848,0,0,1
298.363407286,0,1,1
298.363407288,0,1,0
298.363408400,1,1,0
298.501952358,1,1,1
298.501953870,1,0,1
298.501954166,0,0,1
298.640498324,0,0,0
298.640498426,0,1,0
298.640499776,1,1,0
298.779044330,1,1,1
298.779045010,1,0,1
298.779045420,0,0,1
298.917587628,0,1,1
298.917588296,0,1,0
298.917590030,1,1,0
299.056104302,1,1,1
299.056105276,1,0,1
299.056105612,0,0,1
299.194647892,0,1,1
299.194649330,0,1,0
299.194651220,1,1,0
299.333194476,1,0,0
299.333195274,1,0,1
299.333195988,0,0,1
299.471739720,0,1,1
299.471740304,0,1,0
299.471741600,1,1,0
299.610254680,1,0,0
299.610255248,1,0,1
299.610256180,0,0,1
299.748801234,0,1,1
299.748801790,1,1,1
299.748802276,1,1,0
299.887315282,1,1,1
299.887315820,1,0,1
299.887317496,0,0,1
300.025860246,0,0,0
300.025861436,0,1,0
300.025862108,1,1,0
300.164375256,1,1,1
300.164376022,1,0,1
300.164377686,0,0,1
300.302890576,0,1,1
300.302891220,0,1,0
300.302892360,1,1,0
300.441466226,1,1,1
300.441467222,1,0,1
300.441467940,0,0,1
300.580011842,0,1,1
300.580012254,0,1,0
300.580013614,1,1,0
300.718527198,1,1,1
300.718527362,1,0,1
300.718528256,0,0,1
300.857071226,0,0,0
300.857071980,0,1,0
300.857073866,1,1,0
300.995586564,1,0,0
300.995588170,1,0,1
300.995588510,0,0,1
301.134132182,0,1,1
301.134133136,0,1,0
301.134134182,1,1,0
301.272647828,1,0,0
301.272648204,1,0,1
301.272649824,0,0,1
301.411163170,0,0,0
301.411164322,0,1,0
301.411164372,1,1,0
301.549708176,1,1,1
301.549708968,1,0,1
301.549710140,0,0,1
301.688221584,0,1,1
301.688224204,0,1,0
301.688224686,1,1,0
301.826768146,1,1,1
301.826768170,1,0,1
301.826770328,0,0,1
301.965314176,0,0,0
301.965314724,0,1,0
301.965315938,1,1,0
302.103829370,1,0,0
302.103830118,1,0,1
302.103830642,0,0,1
302.242343926,0,1,1
302.242344146,0,1,0
302.242345254,1,1,0
302.380858090,1,1,1
302.380859572,1,0,1
302.380859834,0,0,1
302.519404116,0,0,0
302.519404126,0,1,0
302.519405568,1,1,0
302.657917772,1,0,0
302.657919122,1,0,1
302.657920148,0,0,1
302.796434086,0,0,0
302.796434328,0,1,0
302.796435756,1,1,0
302.934979910,1,0,0
302.934980094,1,0,1
302.934981400,0,0,1
303.073525120,0,0,0
303.073525528,0,1,0
303.073526072,1,1,0
303.212040066,1,1,1
303.212040174,1,0,1
303.212041650,0,0,1
303.350554728,0,1,1
303.350556030,0,1,0
303.350556260,1,1,0
303.489069096,1,1,1
303.489069312,1,0,1
303.489070964,0,0,1
303.627614124,0,0,0
303.627614990,0,1,0
303.627616638,1,1,0
303.766130068,1,1,1
303.766130512,1,0,1
303.766131216,0,0,1
303.904645094,0,0,0
303.904646130,0,1,0
303.904646888,1,1,0
304.043190040,1,1,1
304.043190712,1,0,1
304.043191530,0,0,1
304.181705002,0,0,0
304.181706330,0,1,0
304.181707140,1,1,0
304.320251008,1,1,1
304.320251914,1,0,1
304.320252720,0,0,1
304.458765036,0,0,0
304.458766528,0,1,0
304.458767452,1,1,0
304.597310978,1,1,1
304.597311112,1,0,1
304.597313032,0,0,1
304.735856006,0,0,0
304.735856668,0,1,0
304.735857642,1,1,0
304.874401250,1,0,0
304.874401948,1,0,1
304.874403284,0,0,1
305.012946866,0,1,1
305.012948038,0,1,0
305.012948894,1,1,0
305.151461982,1,1,1
305.151462512,1,0,1
305.151463596,0,0,1
305.290008006,0,0,0
305.290008066,0,1,0
305.290009206,1,1,0
305.428552952,1,1,1
305.428553650,1,0,1
305.428554846,0,0,1
305.567067204,0,1,1
305.567067978,0,1,0
305.567069392,1,1,0
305.705582850,1,0,0
305.705582982,1,0,1
305.705585096,0,0,1
305.844097402,0,1,1
305.844097886,0,1,0
305.844099706,1,1,0
305.982642952,1,1,1
305.982643548,1,0,1
305.982645348,0,0,1
306.121188602,0,1,1
306.121188980,0,1,0
306.121189956,1,1,0
306.259733922,1,1,1
306.259734248,1,0,1
306.259735660,0,0,1
306.398279802,0,1,1
306.398279888,0,1,0
306.398281270,1,1,0
306.536793954,1,1,1
306.536794448,1,0,1
306.536795910,0,0,1
306.675339918,0,0,0
306.675340064,0,1,0
306.675341518,1,1,0
306.813854646,1,0,0
306.813854862,1,0,1
306.813856222,0,0,1
306.952370138,0,1,1
306.952371770,1,1,1
306.952371950,1,1,0
307.090913846,1,0,0
307.090914892,1,0,1
307.090916410,0,0,1
307.229430400,0,1,1
307.229430854,0,1,0
307.229432080,1,1,0
307.367975860,1,1,1
307.367975984,1,0,1
307.367977722,0,0,1
307.506490536,0,1,1
307.506490886,0,1,0
307.506492332,1,1,0
307.645004830,1,1,1
307.645006182,1,0,1
307.645006910,0,0,1
307.783550734,0,1,1
307.783550792,0,1,0
307.783552642,1,1,0
307.922096380,1,0,0
307.922096798,1,0,1
307.922098222,0,0,1
308.060641824,0,0,0
308.060641932,0,1,0
308.060643828,1,1,0
308.199185578,1,0,0
308.199186828,1,0,1
308.199188472,0,0,1
308.337732792,0,0,0
308.337733196,0,1,0
308.337734142,1,1,0
308.476246736,1,1,1
308.476247716,1,0,1
308.476248782,0,0,1
308.614792330,0,1,1
308.614792762,0,1,0
308.614794390,1,1,0
308.753338766,1,1,1
308.753338914,1,0,1
308.753340032,0,0,1
308.891884528,0,1,1
308.891884790,0,1,0
308.891885640,1,1,0
309.030459796,1,1,1
309.030460048,1,0,1
309.030461342,0,0,1
309.169005726,0,1,1
309.169005762,0,1,0
309.169006888,1,1,0
309.307519310,1,0,0
309.307519704,1,0,1
309.307521530,0,0,1
309.446064926,0,1,1
309.446066728,0,1,0
309.446067138,1,1,0
309.584610670,1,1,1
309.584611508,1,0,1
309.584612842,0,0,1
309.723157060,0,1,1
309.723157696,0,1,0
309.723158450,1,1,0
309.861701700,1,1,1
309.861702706,1,0,1
309.861704090,0,0,1
310.000216322,0,1,1
310.000217664,0,1,0
310.000218698,1,1,0
310.138762904,1,0,0
310.138763670,1,0,1
310.138764338,0,0,1
310.277337632,0,0,0
310.277338270,0,1,0
310.277339946,1,1,0
310.415852100,1,0,0
310.415852636,1,0,1
310.415854650,0,0,1
310.554367600,0,0,0
310.554368654,0,1,0
310.554369256,1,1,0
310.692913298,1,0,0
310.692913604,1,0,1
310.692914896,0,0,1
310.831458852,0,1,1
310.831459566,0,1,0
310.831460504,1,1,0
310.969972496,1,0,0
310.969974570,1,0,1
310.969975146,0,0,1
311.108518596,0,0,0
311.108520048,0,1,0
311.108520752,1,1,0
311.247095600,1,1,1
311.247095632,1,0,1
311.247097394,0,0,1
311.385610562,0,0,0
311.385611248,0,1,0
311.385612000,1,1,0
311.524155828,1,0,0
311.524156506,1,0,1
311.524157704,0,0,1
311.662700380,0,1,1
311.662701530,0,1,0
311.662702250,1,1,0
311.801215026,1,0,0
311.801216536,1,0,1
311.801217952,0,0,1
311.939730498,0,0,0
311.939730580,0,1,0
311.939732560,1,1,0
312.078245160,1,0,0
312.078245502,1,0,1
312.078247138,0,0,1
312.216790528,0,0,0
312.216790838,0,1,0
312.216792870,1,1,0
312.355306420,1,0,0
312.355306468,1,0,1
312.355307448,0,0,1
312.493820492,0,0,0
312.493821972,0,1,0
312.493823058,1,1,0
312.632366496,1,1,1
312.632367616,1,0,1
312.632367758,0,0,1
312.770911460,0,0,0
312.770912168,0,1,0
312.770913366,1,1,0
312.909488464,1,1,1
312.909488814,1,0,1
312.909489944,0,0,1
313.048033302,0,1,1
313.048033426,0,1,0
313.048034614,1,1,0
313.186578430,1,1,1
313.186578946,1,0,1
313.186580252,0,0,1
313.325124518,0,0,0
313.325124562,0,1,0
313.325125860,1,1,0
313.463639206,1,0,0
313.463640396,1,0,1
313.463640500,0,0,1
313.602183758,0,1,1
313.602185358,0,1,0
313.602186108,1,1,0
313.740699340,1,0,0
313.740699362,1,0,1
313.740700812,0,0,1
313.879213892,0,1,1
313.879214386,0,1,0
313.879216356,1,1,0
314.017759328,1,1,1
314.017759536,1,0,1
314.017761056,0,0,1
314.156305352,0,0,0
314.156306088,0,1,0
314.156306604,1,1,0
314.294820670,1,0,0
314.294821294,1,0,1
314.294822302,0,0,1
314.433335382,0,0,0
314.433336284,0,1,0
314.433336910,1,1,0
314.571849866,1,0,0
314.571850322,1,0,1
314.571851612,0,0,1
314.710396286,0,0,0
314.710396418,0,1,0
314.710397220,1,1,0
314.848910062,1,0,0
314.848910288,1,0,1
314.848911798,0,0,1
314.987454614,0,1,1
314.987457312,0,1,0
314.987457404,1,1,0
315.126031190,1,1,1
315.126031258,1,0,1
315.126033108,0,0,1
315.264576278,0,0,0
315.264577872,0,1,0
315.264578652,1,1,0
315.403152452,1,0,0
315.403153218,1,0,1
315.403154292,0,0,1
315.541667180,0,0,0
315.541668006,0,1,0
315.541669960,1,1,0
315.680213248,1,1,1
315.680214650,1,0,1
315.680215600,0,0,1
315.818728200,0,1,1
315.818729272,0,1,0
315.818730208,1,1,0
315.957273844,1,0,0
315.957274212,1,0,1
315.957275846,0,0,1
316.095789236,0,0,0
316.095789394,0,1,0
316.095790454,1,1,0
316.234333976,1,0,0
316.234336154,0,0,0
316.234336240,0,0,1
316.372848204,0,0,0
316.372849590,0,1,0
316.372850698,1,1,0
316.511394142,1,1,1
316.511396234,1,0,1
316.511396338,0,0,1
316.649940104,0,0,0
316.649940724,0,1,0
316.649942008,1,1,0
316.788484368,1,0,0
316.788485108,1,0,1
316.788486708,0,0,1
316.927000918,0,1,1
316.927001132,0,1,0
316.927002252,1,1,0
317.065547072,1,1,1
317.065547562,1,0,1
317.065547894,0,0,1
317.204060158,0,0,0
317.204061176,0,1,0
317.204062500,1,1,0
317.342636694,1,0,0
317.342638100,1,0,1
317.342638138,0,0,1
317.481212060,0,0,0
317.481213308,0,1,0
317.481213744,1,1,0
317.619788064,1,1,1
317.619788950,1,0,1
317.619790446,0,0,1
317.758334086,0,0,0
317.758334502,0,1,0
317.758335990,1,1,0
317.896879028,1,1,1
317.896880146,1,0,1
317.896880630,0,0,1
318.035455052,0,0,0
318.035455696,0,1,0
318.035457298,1,1,0
318.173969992,1,1,1
318.173970278,1,0,1
318.173971874,0,0,1
318.312516016,0,0,0
318.312516828,0,1,0
318.312517606,1,1,0
318.451061534,1,0,0
318.451062020,1,0,1
318.451063182,0,0,1
318.589605086,0,1,1
318.589606980,0,1,0
318.589607788,1,1,0
318.728120984,1,1,1
318.728122666,1,0,1
318.728123428,0,0,1
318.866666218,0,1,1
318.866668008,0,1,0
318.866669034,1,1,0
319.005181860,1,0,0
319.005181946,1,0,1
319.005183736,0,0,1
319.143726910,0,0,0
319.143728410,0,1,0
319.143729342,1,1,0
319.282272912,1,1,1
319.282272992,1,0,1
319.282273980,0,0,1
319.420817936,0,0,0
319.420818606,0,1,0
319.420819586,1,1,0
319.559362938,1,1,1
319.559364248,1,0,1
319.559365226,0,0,1
319.697877898,0,0,0
319.697878798,0,1,0
319.697879832,1,1,0
319.836392900,1,1,1
319.836394380,1,0,1
319.836395470,0,0,1
319.974937924,0,0,0
319.974938992,0,1,0
319.974940076,1,1,0
320.113484574,1,0,0
320.113484864,1,0,1
320.113485714,0,0,1
320.252029186,0,1,1
320.252030826,0,1,0
320.252031320,1,1,0
320.390574768,1,0,0
320.390575828,1,0,1
320.390577020,0,0,1
320.529089380,0,1,1
320.529089852,0,1,0
320.529091628,1,1,0
320.667604960,1,0,0
320.667605854,1,0,1
320.667606202,0,0,1
320.806149574,0,1,1
320.806149814,0,1,0
320.806151872,1,1,0
320.944663904,1,0,0
320.944664818,1,0,1
320.944666512,0,0,1
321.083209704,0,1,1
321.083210778,0,1,0
321.083212116,1,1,0
321.221725348,1,0,0
321.221725718,1,0,1
321.221727754,0,0,1
321.360270742,0,0,0
321.360270898,0,1,0
321.360272422,1,1,0
321.498785744,1,1,1
321.498786478,1,0,1
321.498787998,0,0,1
321.637330768,0,0,0
321.637332090,0,1,0
321.637332666,1,1,0
321.775875706,1,1,1
321.775876734,1,0,1
321.775878304,0,0,1
321.914421730,0,0,0
321.914422284,0,1,0
321.914423848,1,1,0
322.052967670,1,1,1
322.052967926,1,0,1
322.052969612,0,0,1
322.191481478,0,1,1
322.191482692,0,1,0
322.191484154,1,1,0
322.329997120,1,0,0
322.329998632,1,0,1
322.329998792,0,0,1
322.468542656,0,0,0
322.468542670,0,1,0
322.468544398,1,1,0
322.607058250,1,0,0
322.607058658,1,0,1
322.607060098,0,0,1
322.745601802,0,1,1
322.745602618,0,1,0
322.745604704,1,1,0
322.884118558,1,1,1
322.884119506,1,0,1
322.884120344,0,0,1
323.022662306,0,1,1
323.022663644,0,1,0
323.022664948,1,1,0
323.161207584,1,1,1
323.161208574,1,0,1
323.161210586,0,0,1
323.299754606,0,0,0
323.299755186,0,1,0
323.299756254,1,1,0
323.438268546,1,1,1
323.438268828,1,0,1
323.438270830,0,0,1
323.576814380,0,1,1
323.576814568,0,1,0
323.576816436,1,1,0
323.715360510,1,1,1
323.715360960,1,0,1
323.715362074,0,0,1
323.853905510,0,1,1
323.853906594,0,1,0
323.853907804,1,1,0
323.992420534,1,1,1
323.992421214,1,0,1
323.992422378,0,0,1
324.130965764,0,1,1
324.130966370,0,1,0
324.130967984,1,1,0
324.269512344,1,0,0
324.269512498,1,0,1
324.269513620,0,0,1
324.408025894,0,1,1
324.408026520,0,1,0
324.408028290,1,1,0
324.546572458,1,1,1
324.546573474,1,0,1
324.546573926,0,0,1
324.685118148,0,1,1
324.685119482,0,1,0
324.685119532,1,1,0
324.823662420,1,1,1
324.823662728,1,0,1
324.823664170,0,0,1
324.962208280,0,1,1
324.962209442,0,1,0
324.962209776,1,1,0
325.100721922,1,0,0
325.100722446,1,0,1
325.100724476,0,0,1
325.239267406,0,0,0
325.239268472,0,1,0
325.239270020,1,1,0
325.377813408,1,1,1
325.377815426,1,0,1
325.377815656,0,0,1
325.516328600,0,1,1
325.516329368,0,1,0
325.516330262,1,1,0
325.654874432,1,1,1
325.654875242,1,0,1
325.654875900,0,0,1
325.793418792,0,1,1
325.793419392,0,1,0
325.793421504,1,1,0
325.931965330,1,1,1
325.931965372,1,0,1
325.931967266,0,0,1
326.070479046,0,1,1
326.070480354,0,1,0
326.070481810,1,1,0
326.208994628,1,0,0
326.208995356,1,0,1
326.208996448,0,0,1
326.347540240,0,1,1
326.347540318,0,1,0
326.347542052,1,1,0
326.486054256,1,1,1
326.486055882,1,0,1
326.486056690,0,0,1
326.624632214,0,0,0
326.624632432,0,1,0
326.624633356,1,1,0
326.763176280,1,1,1
326.763177010,1,0,1
326.763178994,0,0,1
326.901693238,0,0,0
326.901693538,1,0,0
326.901693560,1,1,0
327.040238138,1,0,0
327.040239236,0,0,0
327.040239240,0,0,1
327.178751200,0,0,0
327.178753752,0,1,0
327.178753842,1,1,0
327.317298394,1,0,0
327.317299264,1,0,1
327.317299480,0,0,1
327.455872756,0,1,1
327.455873224,0,1,0
327.455875146,1,1,0
327.594388224,1,1,1
327.594388522,1,0,1
327.594389722,0,0,1
327.732932134,0,1,1
327.732934186,0,1,0
327.732935326,1,1,0
327.871448714,1,0,0
327.871449186,1,0,1
327.871450026,0,0,1
328.009994146,0,0,0
328.009994264,0,1,0
328.009995632,1,1,0
328.148539148,1,1,1
328.148539906,1,0,1
328.148541268,0,0,1
328.287085170,0,0,0
328.287086454,0,1,0
328.287086872,1,1,0
328.425631096,1,0,0
328.425631108,1,0,1
328.425632510,0,0,1
328.564145068,0,0,0
328.564145708,0,1,0
328.564147178,1,1,0
328.702690132,1,1,1
328.702692288,1,0,1
328.702692816,0,0,1
328.841205838,0,1,1
328.841206092,0,1,0
328.841207356,1,1,0
328.979721030,1,1,1
328.979721478,1,0,1
328.979722056,0,0,1
329.118265028,0,1,1
329.118266116,0,1,0
329.118267724,1,1,0
329.256781054,1,1,1
329.256781606,1,0,1
329.256782296,0,0,1
329.395326076,0,0,0
329.395326220,0,1,0
329.395327902,1,1,0
329.533841014,1,1,1
329.533842860,1,0,1
329.533843602,0,0,1
329.672386910,0,1,1
329.672388036,0,1,0
329.672388206,1,1,0
329.810901974,1,1,1
329.810902052,1,0,1
329.810903842,0,0,1
329.949446664,0,1,1
329.949446998,0,1,0
329.949448448,1,1,0
330.087991998,1,1,1
330.087993180,1,0,1
330.087994084,0,0,1
330.226537730,0,1,1
330.226538958,0,1,0
330.226539752,1,1,0
330.365051370,1,0,0
330.365052958,1,0,1
330.365054324,0,0,1
330.503597918,0,0,0
330.503597982,0,1,0
330.503599992,1,1,0
330.642112982,1,1,1
330.642114560,1,0,1
330.642114566,0,0,1
330.780657940,0,0,0
330.780659110,0,1,0
330.780660232,1,1,0
330.919173752,1,0,0
330.919173816,1,0,1
330.919174870,0,0,1
331.057717838,0,0,0
331.057720362,0,1,0
331.057720474,1,1,0
331.196233880,1,0,0
331.196234902,1,0,1
331.196236110,0,0,1
331.334779428,0,1,1
331.334779860,0,1,0
331.334780778,1,1,0
331.473293132,1,0,0
331.473294800,1,0,1
331.473296414,0,0,1
331.611808680,0,1,1
331.611809822,0,1,0
331.611810956,1,1,0
331.750354822,1,1,1
331.750355260,1,0,1
331.750356654,0,0,1
331.888899870,0,1,1
331.888900780,0,1,0
331.888902260,1,1,0
332.027444782,1,1,1
332.027445512,1,0,1
332.027446896,0,0,1
332.165991060,0,1,1
332.165991742,0,1,0
332.165992500,1,1,0
332.304535740,1,1,1
332.304536638,1,0,1
332.304538134,0,0,1
332.443050764,0,0,0
332.443052188,0,1,0
332.443052740,1,1,0
332.581565828,1,0,0
332.581566702,1,0,1
332.581568438,0,0,1
332.720081378,0,1,1
332.720081722,0,1,0
332.720082980,1,1,0
332.858656724,1,1,1
332.858657018,1,0,1
332.858658678,0,0,1
332.997202744,0,0,0
332.997203568,0,1,0
332.997204220,1,1,0
333.135716208,1,0,0
333.135716620,1,0,1
333.135718918,0,0,1
333.274262704,0,0,0
333.274262820,0,1,0
333.274264522,1,1,0
333.412808398,1,0,0
333.412808642,1,0,1
333.412810160,0,0,1
333.551322664,0,0,0
333.551322884,0,1,0
333.551324762,1,1,0
333.689837588,1,0,0
333.689838602,1,0,1
333.689839462,0,0,1
333.828382622,0,0,0
333.828383198,0,1,0
333.828385066,1,1,0
333.966898402,1,0,0
333.966899560,1,0,1
333.966900700,0,0,1
334.105414324,0,1,1
334.105414582,0,1,0
334.105415306,1,1,0
334.243959582,1,1,1
334.243959966,1,0,1
334.243960940,0,0,1
334.382473540,0,0,0
334.382474514,0,1,0
334.382475544,1,1,0
334.520988092,1,0,0
334.520988478,1,0,1
334.520990244,0,0,1
334.659533500,0,0,0
334.659534704,0,1,0
334.659535848,1,1,0
334.798048218,1,0,0
334.798048686,1,0,1
334.798050420,0,0,1
334.936593520,0,0,0
334.936593828,0,1,0
334.936596086,1,1,0
335.075108520,1,1,1
335.075109470,1,0,1
335.075110722,0,0,1
335.213654018,0,1,1
335.213654478,0,1,0
335.213656324,1,1,0
335.352169478,1,1,1
335.352169594,1,0,1
335.352170962,0,0,1
335.490684500,0,0,0
335.490685206,0,1,0
335.490686628,1,1,0
335.629230436,1,1,1
335.629230846,1,0,1
335.629232262,0,0,1
335.767775394,0,0,0
335.767775396,0,1,0
335.767776804,1,1,0
335.906320396,1,1,1
335.906320972,1,0,1
335.906322502,0,0,1
336.044866584,0,1,1
336.044867352,0,1,0
336.044868106,1,1,0
336.183380162,1,0,0
336.183381414,1,0,1
336.183382740,0,0,1
336.321926772,0,1,1
336.321927374,0,1,0
336.321928344,1,1,0
336.460472348,1,0,0
336.460472374,1,0,1
336.460473978,0,0,1
336.599017394,0,0,0
336.599018896,0,1,0
336.599019644,1,1,0
336.737562538,1,0,0
336.737563270,1,0,1
336.737564280,0,0,1
336.876078084,0,1,1
336.876078352,0,1,0
336.876079820,1,1,0
337.014623288,1,1,1
337.014623724,1,0,1
337.014625520,0,0,1
337.153168310,0,0,0
337.153168334,0,1,0
337.153170122,1,1,0
337.291713246,1,1,1
337.291714850,1,0,1
337.291715758,0,0,1
337.430260268,0,0,0
337.430260460,0,1,0
337.430261360,1,1,0
337.568774100,1,0,0
337.568774266,1,0,1
337.568775994,0,0,1
337.707319648,0,1,1
337.707320224,0,1,0
337.707321598,1,1,0
337.845865162,1,1,1
337.845866288,1,0,1
337.845867234,0,0,1
337.984380180,0,0,0
337.984380834,0,1,0
337.984381898,1,1,0
338.122894180,1,1,1
338.122894474,1,0,1
338.122896472,0,0,1
338.261410960,0,1,1
338.261411138,0,1,0
338.261412138,1,1,0
338.399985600,1,0,0
338.399986138,1,0,1
338.399987772,0,0,1
338.538561146,0,1,1
338.538562096,0,1,0
338.538563374,1,1,0
338.677077094,1,1,1
338.677077786,1,0,1
338.677079010,0,0,1
338.815621396,0,1,1
338.815623178,0,1,0
338.815623676,1,1,0
338.954166974,1,0,0
338.954167114,1,0,1
338.954169248,0,0,1
339.092713582,0,1,1
339.092714072,0,1,0
339.092714912,1,1,0
339.231258008,1,1,1
339.231259160,1,0,1
339.231260486,0,0,1
339.369834708,0,1,1
339.369835028,0,1,0
339.369836150,1,1,0
339.508441028,1,1,1
339.508441284,1,0,1
339.508442786,0,0,1
339.647047984,0,0,0
339.647048894,0,1,0
339.647049388,1,1,0
339.785745532,1,0,0
339.785745984,1,0,1
339.785747022,0,0,1
339.924443942,0,0,0
339.924445018,0,1,0
339.924445624,1,1,0
340.063141942,1,1,1
340.063142656,1,0,1
340.063143320,0,0,1
340.201838710,0,0,0
340.201839202,0,1,0
340.201840924,1,1,0
340.340537842,1,0,0
340.340537960,1,0,1
340.340539496,0,0,1
340.479235450,0,1,1
340.479235918,0,1,0
340.479237160,1,1,0
340.617934854,1,1,1
340.617934966,1,0,1
340.617935732,0,0,1
340.756631874,0,0,0
340.756632574,0,1,0
340.756633398,1,1,0
340.895360812,1,1,1
340.895361150,1,0,1
340.895362094,0,0,1
341.034056832,0,0,0
341.034058758,0,1,0
341.034059634,1,1,0
341.172756398,1,0,0
341.172756830,1,0,1
341.172758266,0,0,1
341.311454852,0,0,0
341.311454944,0,1,0
341.311455870,1,1,0
341.450152458,1,0,0
341.450153786,1,0,1
341.450154504,0,0,1
341.588881068,0,1,1
341.588881744,0,1,0
341.588882106,1,1,0
341.727578706,1,0,0
341.727578742,1,0,1
341.727580802,0,0,1
341.866306252,0,1,1
341.866308700,0,1,0
341.866309342,1,1,0
342.005004890,1,0,0
342.005005764,1,0,1
342.005006974,0,0,1
342.143702438,0,1,1
342.143703720,0,1,0
342.143705578,1,1,0
342.282431656,1,1,1
342.282432074,1,0,1
342.282433274,0,0,1
342.421190622,0,1,1
342.421191676,0,1,0
342.421192814,1,1,0
342.559889572,1,0,0
342.559889612,1,0,1
342.559890510,0,0,1
342.698647632,0,0,0
342.698647744,0,1,0
342.698650050,1,1,0
342.837376570,1,1,1
342.837377382,1,0,1
342.837378684,0,0,1
342.976074588,0,0,0
342.976074928,0,1,0
342.976076348,1,1,0
343.114771504,1,0,0
343.114772588,1,0,1
343.114773980,0,0,1
343.253471174,0,1,1
343.253471606,0,1,0
343.253472584,1,1,0
343.392168542,1,1,1
343.392169688,1,0,1
343.392170154,0,0,1
343.530866298,0,1,1
343.530867500,0,1,0
343.530868820,1,1,0
343.669564500,1,1,1
343.669564936,1,0,1
343.669566514,0,0,1
343.808293418,0,1,1
343.808293642,0,1,0
343.808295054,1,1,0
343.946991056,1,0,0
343.946991454,1,0,1
343.946992688,0,0,1
344.085719472,0,0,0
344.085719604,0,1,0
344.085721288,1,1,0
344.224418178,1,0,0
344.224419410,1,0,1
344.224419922,0,0,1
344.363144850,0,1,1
344.363146430,0,1,0
344.363147522,1,1,0
344.501843428,1,1,1
344.501845362,1,0,1
344.501846158,0,0,1
344.640541320,0,0,0
344.640542970,0,1,0
344.640543758,1,1,0
344.779240320,1,1,1
344.779240546,1,0,1
344.779242454,0,0,1
344.917938340,0,0,0
344.917939154,0,1,0
344.917939994,1,1,0
345.056666274,1,1,1
345.056667730,1,0,1
345.056668690,0,0,1
345.195395340,0,1,1
345.195396358,0,1,0
345.195397228,1,1,0
345.334092230,1,1,1
345.334093914,1,0,1
345.334094924,0,0,1
345.472791250,0,0,0
345.472791460,0,1,0
345.472793524,1,1,0
345.611490098,1,0,0
345.611490248,1,0,1
345.611491158,0,0,1
345.750186706,0,1,1
345.750187206,0,1,0
345.750188760,1,1,0
345.888885220,1,0,0
345.888886202,1,0,1
345.888887394,0,0,1
346.027613828,0,1,1
346.027614222,0,1,0
346.027615994,1,1,0
346.166311158,1,1,1
346.166312404,1,0,1
346.166313628,0,0,1
346.305010950,0,1,1
346.305011116,0,1,0
346.305012290,1,1,0
346.443707648,1,0,0
346.443708114,1,0,1
346.443709862,0,0,1
346.582406134,0,0,0
346.582406196,0,1,0
346.582407462,1,1,0
346.721104068,1,1,1
346.721104770,1,0,1
346.721106096,0,0,1
346.859802088,0,0,0
346.859803316,0,1,0
346.859803760,1,1,0
346.998499024,1,1,1
346.998499954,1,0,1
346.998501330,0,0,1
347.137198042,0,0,0
347.137198562,0,1,0
347.137199994,1,1,0
347.275927040,1,1,1
347.275927136,1,0,1
347.275928564,0,0,1
347.414622996,0,0,0
347.414625682,0,1,0
347.414626166,1,1,0
347.553323320,1,0,0
347.553323996,1,0,1
347.553324862,0,0,1
347.692019952,0,0,0
347.692020802,0,1,0
347.692022464,1,1,0
347.830718886,1,1,1
347.830719442,1,0,1
347.830720094,0,0,1
347.969446904,0,0,0
347.969448050,0,1,0
347.969448696,1,1,0
348.108144904,1,1,1
348.108145622,1,0,1
348.108147266,0,0,1
348.246843168,0,1,1
348.246844862,0,1,0
348.246844928,1,1,0
348.385540806,1,0,0
348.385540858,1,0,1
348.385542562,0,0,1
348.524239876,0,0,0
348.524240290,0,1,0
348.524241224,1,1,0
348.662935926,1,0,0
348.662937812,1,0,1
348.662938794,0,0,1
348.801635832,0,0,0
348.801637458,1,0,0
348.801637534,1,1,0
348.940333766,1,1,1
348.940334110,1,0,1
348.940335028,0,0,1
349.079030784,0,0,0
349.079031654,0,1,0
349.079032628,1,1,0
349.217728228,1,0,0
349.217730720,1,0,1
349.217731262,0,0,1
349.356426738,0,0,0
349.356427838,0,1,0
349.356428924,1,1,0
349.495155412,1,0,0
349.495155736,1,0,1
349.495157494,0,0,1
349.633853018,0,1,1
349.633853628,0,1,0
349.633855158,1,1,0
349.772551628,1,1,1
349.772552594,1,0,1
349.772553792,0,0,1
349.911249646,0,0,0
349.911250202,0,1,0
349.911251328,1,1,0
350.049948580,1,1,1
350.049949776,1,0,1
350.049950026,0,0,1
350.188645598,0,0,0
350.188647322,0,1,0
350.188647624,1,1,0
350.327343596,1,1,1
350.327344020,1,0,1
350.327345256,0,0,1
350.466071554,0,0,0
350.466072504,0,1,0
350.466073856,1,1,0
350.604770078,1,0,0
350.604770550,1,0,1
350.604772552,0,0,1
350.743468570,0,0,0
350.743468686,0,1,0
350.743470088,1,1,0
350.882166440,1,1,1
350.882167258,1,0,1
350.882168722,0,0,1
351.020864458,0,0,0
351.020864866,0,1,0
351.020866322,1,1,0
351.159561440,1,0,0
351.159562456,1,0,1
351.159564016,0,0,1
351.298290474,0,0,0
351.298290984,0,1,0
351.298292618,1,1,0
351.436988622,1,0,0
351.436990408,1,0,1
351.436991250,0,0,1
351.575687230,0,1,1
351.575687428,0,1,0
351.575688848,1,1,0
351.714384866,1,0,0
351.714385424,1,0,1
351.714386418,0,0,1
351.853083348,0,1,1
351.853083380,0,1,0
351.853085080,1,1,0
351.991780924,1,0,0
351.991781314,1,0,1
351.991782714,0,0,1
352.130509332,0,0,0
352.130510530,0,1,0
352.130511250,1,1,0
352.269268166,1,0,0
352.269269268,1,0,1
352.269270882,0,0,1
352.407996286,0,0,0
352.407997710,0,1,0
352.407998544,1,1,0
352.546695282,1,1,1
352.546696346,1,0,1
352.546697114,0,0,1
352.685392830,0,1,1
352.685393238,0,1,0
352.685394776,1,1,0
352.824091236,1,1,1
352.824091466,1,0,1
352.824093408,0,0,1
352.962789010,0,1,1
352.962790192,0,1,0
352.962791010,1,1,0
353.101486646,1,0,0
353.101487188,1,0,1
353.101488640,0,0,1
353.240186142,0,0,0
353.240186190,0,1,0
353.240187240,1,1,0
353.378883140,1,1,1
353.378883516,1,0,1
353.378884934,0,0,1
353.517581372,0,1,1
353.517582096,0,1,0
353.517583470,1,1,0
353.656278946,1,0,0
353.656280094,1,0,1
353.656281102,0,0,1
353.794978110,0,0,0
353.794978554,0,1,0
353.794978764,1,1,0
353.933675044,1,1,1
353.933676190,1,0,1
353.933677396,0,0,1
354.072373672,0,1,1
354.072374062,0,1,0
354.072374934,1,1,0
354.211071998,1,1,1
354.211072308,1,0,1
354.211073566,0,0,1
354.349769852,0,1,1
354.349770014,0,1,0
354.349771228,1,1,0
354.488528950,1,1,1
354.488529488,1,0,1
354.488529860,0,0,1
354.627226904,0,0,0
354.627227032,0,1,0
354.627228458,1,1,0
354.765924606,1,0,0
354.765924902,1,0,1
354.765926028,0,0,1
354.904652920,0,0,0
354.904653212,0,1,0
354.904654688,1,1,0
355.043350786,1,0,0
355.043350916,1,0,1
355.043352322,0,0,1
355.182048872,0,0,0
355.182049392,0,1,0
355.182050858,1,1,0
355.320746806,1,1,1
355.320748030,1,0,1
355.320748552,0,0,1
355.459445510,0,1,1
355.459445824,0,1,0
355.459447150,1,1,0
355.598173146,1,0,0
355.598173820,1,0,1
355.598175720,0,0,1
355.736872690,0,1,1
355.736872774,0,1,0
355.736873382,1,1,0
355.875568772,1,1,1
355.875570262,1,0,1
355.875571074,0,0,1
356.014267870,0,1,1
356.014268726,0,1,0
356.014269548,1,1,0
356.152996722,1,1,1
356.152997506,1,0,1
356.152998242,0,0,1
356.291724050,0,1,1
356.291725678,0,1,0
356.291726842,1,1,0
356.430422622,1,0,0
356.430422674,1,0,1
356.430424472,0,0,1
356.569120166,0,1,1
356.569120690,0,1,0
356.569122072,1,1,0
356.707847804,1,0,0
356.707848626,1,0,1
356.707850704,0,0,1
356.846547408,0,1,1
356.846548580,0,1,0
356.846549300,1,1,0
356.985244920,1,0,0
356.985245576,1,0,1
356.985246932,0,0,1
357.123975532,0,0,0
357.123975588,0,1,0
357.123975592,1,1,0
357.262671162,1,0,0
357.262671528,1,0,1
357.262673224,0,0,1
357.401370546,0,0,0
357.401371704,0,1,0
357.401371760,1,1,0
357.540067478,1,1,1
357.540069342,1,0,1
357.540069390,0,0,1
357.678766496,0,0,0
357.678766948,0,1,0
357.678768052,1,1,0
357.817494458,1,0,0
357.817494492,1,0,1
357.817495622,0,0,1
357.956192000,0,1,1
357.956192446,0,1,0
357.956194282,1,1,0
358.094889636,1,0,0
358.094891444,1,0,1
358.094891912,0,0,1
358.233587398,0,0,0
358.233588242,0,1,0
358.233590450,1,1,0
358.372285816,1,0,0
358.372286394,1,0,1
358.372288140,0,0,1
358.511015348,0,0,0
358.511015360,0,1,0
358.511016740,1,1,0
358.649712344,1,1,1
358.649713932,1,0,1
358.649714372,0,0,1
358.788441300,0,0,0
358.788441538,0,1,0
358.788442970,1,1,0
358.927139296,1,1,1
358.927140174,1,0,1
358.927141538,0,0,1
359.065838312,0,0,0
359.065838716,0,1,0
359.065839136,1,1,0
359.204535308,1,1,1
359.204536290,1,0,1
359.204536830,0,0,1
359.343232832,0,1,1
359.343234198,0,1,0
359.343235428,1,1,0
359.481932194,1,1,1
359.481933058,0,1,1
359.481933404,0,0,1
359.620628950,0,1,1
359.620630212,0,1,0
359.620631656,1,1,0
359.759327146,1,1,1
359.759327646,1,0,1
359.759329286,0,0,1
359.898025162,0,0,0
359.898026190,0,1,0
359.898026822,1,1,0
360.036754158,1,1,1
360.036754762,1,0,1
360.036755518,0,0,1
360.175452112,0,0,0
360.175453368,0,1,0
360.175454176,1,1,0
360.314149046,1,1,1
360.314149940,1,0,1
360.314151684,0,0,1
360.452848062,0,0,0
360.452848484,0,1,0
360.452849404,1,1,0
360.591545060,1,1,1
360.591546120,1,0,1
360.591547974,0,0,1
360.730275724,0,1,1
360.730276012,0,1,0
360.730276572,1,1,0
360.869003236,1,0,0
360.869004006,1,0,1
360.869005202,0,0,1
361.007701840,0,1,1
361.007701962,0,1,0
361.007702800,1,1,0
361.146398958,1,1,1
361.146399476,1,0,1
361.146400430,0,0,1
361.285096974,0,0,0
361.285097018,0,1,0
361.285099030,1,1,0
361.423825592,1,0,0
361.423825908,1,0,1
361.423827596,0,0,1
361.562522924,0,0,0
361.562524132,0,1,0
361.562525258,1,1,0
361.701221768,1,0,0
361.701223886,0,0,0
361.701223920,0,0,1
361.839919310,0,1,1
361.839920874,0,1,0
361.839921422,1,1,0
361.978647870,1,1,1
361.978647946,1,0,1
361.978650114,0,0,1
362.117346488,0,1,1
362.117346822,0,1,0
362.117347776,1,1,0
362.256043756,1,1,1
362.256045062,1,0,1
362.256046344,0,0,1
362.394741730,0,1,1
362.394741772,0,1,0
362.394743942,1,1,0
362.533470768,1,1,1
362.533471238,1,0,1
362.533472510,0,0,1
362.672168722,0,0,0
362.672168844,0,1,0
362.672170172,1,1,0
362.810866416,1,0,0
362.810867718,1,0,1
362.810868798,0,0,1
362.949564734,0,0,0
362.949566022,0,1,0
362.949566398,1,1,0
363.088293532,1,0,0
363.088293668,1,0,1
363.088295028,0,0,1
363.226991684,0,0,0
363.226992074,0,1,0
363.226992626,1,1,0
363.365688772,1,0,0
363.365689680,1,0,1
363.365691256,0,0,1
363.504387314,0,1,1
363.504387572,0,1,0
363.504388854,1,1,0
363.643085566,1,1,1
363.643085950,1,0,1
363.643087484,0,0,1
363.781782492,0,1,1
363.781783582,0,1,0
363.781785080,1,1,0
363.920480516,1,1,1
363.920482064,1,0,1
363.920482710,0,0,1
364.059179532,0,0,0
364.059179668,0,1,0
364.059181310,1,1,0
364.197876464,1,1,1
364.197877302,1,0,1
364.197878938,0,0,1
364.336605544,0,0,0
364.336605784,0,1,0
364.336607536,1,1,0
364.475303418,1,0,0
364.475304414,1,0,1
364.475305166,0,0,1
364.614031960,0,1,1
364.614032430,0,1,0
364.614033764,1,1,0
364.752730424,1,1,1
364.752730594,1,0,1
364.752732394,0,0,1
364.891428380,0,0,0
364.891429136,0,1,0
364.891429992,1,1,0
365.030126710,1,0,0
365.030128374,1,0,1
365.030128684,0,0,1
365.168824314,0,1,1
365.168824390,0,1,0
365.168826218,1,1,0
365.307520886,1,0,0
365.307522696,1,0,1
365.307523848,0,0,1
365.446220490,0,1,1
365.446222090,0,1,0
365.446222508,1,1,0
365.584918270,1,1,1
365.584919062,1,0,1
365.584920078,0,0,1
365.723615606,0,1,1
365.723616288,0,1,0
365.723617736,1,1,0
365.862315176,1,0,0
365.862315282,1,0,1
365.862316302,0,0,1
366.001043236,0,0,0
366.001043720,0,1,0
366.001044902,1,1,0
366.139771170,1,1,1
366.139771416,1,0,1
366.139773592,0,0,1
366.278500184,0,0,0
366.278500958,0,1,0
366.278502128,1,1,0
366.417198180,1,1,1
366.417198530,1,0,1
366.417199758,0,0,1
366.555895070,0,0,0
366.555895134,0,1,0
366.555897354,1,1,0
366.694593768,1,0,0
366.694595066,1,0,1
366.694595986,0,0,1
366.833292310,0,1,1
366.833293080,0,1,0
366.833293580,1,1,0
366.971989882,1,0,0
366.971991076,1,0,1
366.971992272,0,0,1
367.110687486,0,1,1
367.110689808,1,1,1
367.110690028,1,1,0
367.249447024,1,1,1
367.249447058,1,0,1
367.249448500,0,0,1
367.388144978,0,0,0
367.388145664,0,1,0
367.388147032,1,1,0
367.526843172,1,0,0
367.526843972,1,0,1
367.526844664,0,0,1
367.665541776,0,1,1
367.665541988,0,1,0
367.665543322,1,1,0
367.804238412,1,0,0
367.804239920,1,0,1
367.804240888,0,0,1
367.942936874,0,0,0
367.942937890,0,1,0
367.942938486,1,1,0
368.081635524,1,0,0
368.081635866,1,0,1
368.081637178,0,0,1
368.220332884,0,0,0
368.220333066,0,1,0
368.220334774,1,1,0
368.359030814,1,1,1
368.359031136,1,0,1
368.359033340,0,0,1
368.497729304,0,1,1
368.497729830,0,1,0
368.497730938,1,1,0
368.636457824,1,1,1
368.636458876,1,0,1
368.636459628,0,0,1
368.775155418,0,1,1
368.775155778,0,1,0
368.775157164,1,1,0
368.913854772,1,1,1
368.913855052,1,0,1
368.913855856,0,0,1
369.052551726,0,0,0
369.052552594,0,1,0
369.052553452,1,1,0
369.191249720,1,1,1
369.191250164,1,0,1
369.191251018,0,0,1
369.329976672,0,0,0
369.329977706,0,1,0
369.329979614,1,1,0
369.468676340,1,0,0
369.468677666,1,0,1
369.468678306,0,0,1
369.607404620,0,0,0
369.607405944,0,1,0
369.607406840,1,1,0
369.746133514,1,0,0
369.746134676,1,0,1
369.746135470,0,0,1
369.884861056,0,1,1
369.884861568,0,1,0
369.884863128,1,1,0
370.023559628,1,0,0
370.023560562,1,0,1
370.023561758,0,0,1
370.162319232,0,1,1
370.162319514,0,1,0
370.162320292,1,1,0
370.301016866,1,0,0
370.301018572,1,0,1
370.301018920,0,0,1
370.439745344,0,1,1
370.439747516,1,1,1
370.439747524,1,1,0
370.578443456,1,1,1
370.578444352,1,0,1
370.578445208,0,0,1
370.717141346,0,0,0
370.717141520,0,1,0
370.717142742,1,1,0
370.855840152,1,0,0
370.855840466,1,0,1
370.855841370,0,0,1
370.994537758,0,1,1
370.994538416,0,1,0
370.994539028,1,1,0
371.133236328,1,0,0
371.133236350,1,0,1
371.133237594,0,0,1
371.271933364,0,0,0
371.271933868,0,1,0
371.271935192,1,1,0
371.410630358,1,1,1
371.410631502,1,0,1
371.410632884,0,0,1
371.549329310,0,0,0
371.549329980,0,1,0
371.549331480,1,1,0
371.688057614,1,0,0
371.688058304,1,0,1
371.688060044,0,0,1
371.826756218,0,1,1
371.826756256,0,1,0
371.826757702,1,1,0
371.965483788,1,0,0
371.965485250,1,0,1
371.965486272,0,0,1
372.104182264,0,0,0
372.104182392,0,1,0
372.104183866,1,1,0
372.242879962,1,0,0
372.242881196,1,0,1
372.242882560,0,0,1
372.381578212,0,0,0
372.381578504,0,1,0
372.381580092,1,1,0
372.520307138,1,0,0
372.520308204,1,0,1
372.520308720,0,0,1
372.659004990,0,1,1
372.659006158,0,1,0
372.659006378,1,1,0
372.797703248,1,0,0
372.797704944,0,0,0
372.797705088,0,0,1
372.936400852,0,1,1
372.936401102,0,1,0
372.936402540,1,1,0
373.075099096,1,1,1
373.075099422,1,0,1
373.075101232,0,0,1
373.213797088,0,1,1
373.213798048,0,1,0
373.213798766,1,1,0
373.352525596,1,0,0
373.352526042,1,0,1
373.352527392,0,0,1
373.491223138,0,1,1
373.491223996,0,1,0
373.491225052,1,1,0
373.629921988,1,1,1
373.629922708,1,0,1
373.629923618,0,0,1
373.768650002,0,0,0
373.768650312,0,1,0
373.768652214,1,1,0
373.907347870,1,1,1
373.907347944,1,0,1
373.907349840,0,0,1
374.046075950,0,0,0
374.046077486,0,1,0
374.046078500,1,1,0
374.184773942,1,1,1
374.184774118,1,0,1
374.184776128,0,0,1
374.323473596,0,1,1
374.323474080,0,1,0
374.323474662,1,1,0
374.462170228,1,0,0
374.462171826,1,0,1
374.462172288,0,0,1
374.600899832,0,1,1
374.600899838,0,1,0
374.600900886,1,1,0
374.739595770,1,1,1
374.739596402,1,0,1
374.739598514,0,0,1
374.878294880,0,1,1
374.878296784,0,1,0
374.878297172,1,1,0
375.017024638,1,0,0
375.017024776,1,0,1
375.017025738,0,0,1
375.155722116,0,1,1
375.155722728,0,1,0
375.155723334,1,1,0
375.294419722,1,1,1
375.294420686,1,0,1
375.294421024,0,0,1
375.433117674,0,0,0
375.433118288,0,1,0
375.433119620,1,1,0
375.571814920,1,0,0
375.571816604,1,0,1
375.571817186,0,0,1
375.710543462,0,1,1
375.710544680,0,1,0
375.710545842,1,1,0
375.849242032,1,0,0
375.849242674,1,0,1
375.849244408,0,0,1
375.988031562,0,0,0
375.988032634,0,1,0
375.988033004,1,1,0
376.126729494,1,1,1
376.126730204,1,0,1
376.126731692,0,0,1
376.265458570,0,0,0
376.265458746,0,1,0
376.265460226,1,1,0
376.404156376,1,0,0
376.404156562,1,0,1
376.404157916,0,0,1
376.542855452,0,0,0
376.542855918,0,1,0
376.542856512,1,1,0
376.681553506,1,1,1
376.681553552,1,0,1
376.681554202,0,0,1
376.820250152,0,1,1
376.820250458,0,1,0
376.820251734,1,1,0
376.958948388,1,1,1
376.958949660,1,0,1
376.958950362,0,0,1
377.097676200,0,1,1
377.097678404,0,1,0
377.097678896,1,1,0
377.236374832,1,0,0
377.236376396,1,0,1
377.236376584,0,0,1
377.375073346,0,0,0
377.375073434,0,1,0
377.375074180,1,1,0
377.513800340,1,1,1
377.513801006,1,0,1
377.513802808,0,0,1
377.652500354,0,0,0
377.652501404,1,0,0
377.652501544,1,1,0
377.791195908,1,1,1
377.791198114,1,0,1
377.791199030,0,0,1
377.929894716,0,1,1
377.929896236,0,1,0
377.929897564,1,1,0
378.068624228,1,1,1
378.068624348,1,0,1
378.068625252,0,0,1
378.207321826,0,1,1
378.207322178,0,1,0
378.207323848,1,1,0
378.346019458,1,0,0
378.346020170,1,0,1
378.346021476,0,0,1
378.484718062,0,1,1
378.484718184,0,1,0
378.484720070,1,1,0
378.623447114,1,1,1
378.623447630,1,0,1
378.623448760,0,0,1
378.762145128,0,0,0
378.762145234,0,1,0
378.762146292,1,1,0
378.900842802,1,0,0
378.900843058,1,0,1
378.900843920,0,0,1
379.039571072,0,0,0
379.039571342,0,1,0
379.039572514,1,1,0
379.178269064,1,1,1
379.178269974,1,0,1
379.178271142,0,0,1
379.316998014,0,0,0
379.316999326,0,1,0
379.316999800,1,1,0
379.455695008,1,1,1
379.455695084,1,0,1
379.455697364,0,0,1
379.594393686,0,1,1
379.594394020,0,1,0
379.594395022,1,1,0
379.733091950,1,1,1
379.733093256,1,0,1
379.733093648,0,0,1
379.871788794,0,1,1
379.871789900,0,1,0
379.871791180,1,1,0
380.010487426,1,0,0
380.010487894,1,0,1
380.010488870,0,0,1
380.149186906,0,0,0
380.149186966,0,1,0
380.149187464,1,1,0
380.287882598,1,0,0
380.287883900,1,0,1
380.287885028,0,0,1
380.426611850,0,0,0
380.426612138,0,1,0
380.426613624,1,1,0
380.565310770,1,0,0
380.565310842,1,0,1
380.565312314,0,0,1
380.704008310,0,1,1
380.704009792,0,1,0
380.704009846,1,1,0
380.842704784,1,1,1
380.842704878,1,0,1
380.842707472,0,0,1
380.981403736,0,0,0
380.981404480,0,1,0
380.981406130,1,1,0
381.120102112,1,0,0
381.120102728,1,0,1
381.120103758,0,0,1
381.258800588,0,1,1
381.258801678,0,1,0
381.258802290,1,1,0
381.397498220,1,0,0
381.397498670,1,0,1
381.397499916,0,0,1
381.536195620,0,0,0
381.536195760,0,1,0
381.536197574,1,1,0
381.674893614,1,1,1
381.674894392,1,0,1
381.674896138,0,0,1
381.813591626,0,0,0
381.813591868,0,1,0
381.813593796,1,1,0
381.952289556,1,1,1
381.952289574,1,0,1
381.952291422,0,0,1
382.091050038,0,1,1
382.091050506,0,1,0
382.091051016,1,1,0
382.229777500,1,1,1
382.229778732,1,0,1
382.229779644,0,0,1
382.368537450,0,0,0
382.368538210,0,1,0
382.368538238,1,1,0
382.507235842,1,0,0
382.507236504,1,0,1
382.507236802,0,0,1
382.645932318,0,1,1
382.645932392,0,1,0
382.645934460,1,1,0
382.784629950,1,0,0
382.784631384,1,0,1
382.784632086,0,0,1
382.923358614,0,1,1
382.923360396,0,1,0
382.923360680,1,1,0
383.062057326,1,1,1
383.062058120,1,0,1
383.062059308,0,0,1
383.200754722,0,1,1
383.200755402,0,1,0
383.200756964,1,1,0
383.339483292,1,0,0
383.339484330,1,0,1
383.339485528,0,0,1
383.478181280,0,0,0
383.478181580,0,1,0
383.478183122,1,1,0
383.616879460,1,0,0
383.616880272,1,0,1
383.616881750,0,0,1
383.755577224,0,0,0
383.755578062,0,1,0
383.755579344,1,1,0
383.894276694,1,0,0
383.894277214,1,0,1
383.894277972,0,0,1
384.032973166,0,0,0
384.032974172,0,1,0
384.032975628,1,1,0
384.171671156,1,1,1
384.171671740,1,0,1
384.171673192,0,0,1
384.310370404,0,1,1
384.310371170,0,1,0
384.310371786,1,1,0
384.449127972,1,0,0
384.449129162,1,0,1
384.449130412,0,0,1
384.587827512,0,1,1
384.587828110,0,1,0
384.587829068,1,1,0
384.726585040,1,1,1
384.726585080,1,0,1
384.726587632,0,0,1
384.865314054,0,0,0
384.865314618,0,1,0
384.865316290,1,1,0
385.004010982,1,1,1
385.004012250,1,0,1
385.004013852,0,0,1
385.142709850,0,1,1
385.142711994,0,1,0
385.142712446,1,1,0
385.281407986,1,1,1
385.281408420,1,0,1
385.281410136,0,0,1
385.420136936,0,0,0
385.420136958,0,1,0
385.420138668,1,1,0
385.558834866,1,1,1
385.558835526,1,0,1
385.558836292,0,0,1
385.697563128,0,1,1
385.697563878,0,1,0
385.697564950,1,1,0
385.836261758,1,0,0
385.836261870,1,0,1
385.836263576,0,0,1
385.974959298,0,1,1
385.974959818,0,1,0
385.974961170,1,1,0
386.113658866,1,0,0
386.113659796,0,0,0
386.113659810,0,0,1
386.252356468,0,1,1
386.252356822,0,1,0
386.252357328,1,1,0
386.391052750,1,1,1
386.391054036,1,0,1
386.391055016,0,0,1
386.529751762,0,0,0
386.529752638,0,1,0
386.529753610,1,1,0
386.668448692,1,1,1
386.668449144,1,0,1
386.668451174,0,0,1
386.807146642,0,0,0
386.807146806,0,1,0
386.807148832,1,1,0
386.945907374,1,0,0
386.945907634,1,0,1
386.945908458,0,0,1
387.084604644,0,0,0
387.084604976,0,1,0
387.084606050,1,1,0
387.223302544,1,0,0
387.223302636,1,0,1
387.223304678,0,0,1
387.361999648,0,0,0
387.362001082,0,1,0
387.362002272,1,1,0
387.500698712,1,0,0
387.500699516,1,0,1
387.500699836,0,0,1
387.639395524,0,0,0
387.639397252,0,1,0
387.639398492,1,1,0
387.778124760,1,0,0
387.778125454,1,0,1
387.778127054,0,0,1
387.916823420,0,1,1
387.916823466,0,1,0
387.916824710,1,1,0
388.055520988,1,0,0
388.055521458,1,0,1
388.055523336,0,0,1
388.194219470,0,0,0
388.194219590,0,1,0
388.194220868,1,1,0
388.332917096,1,0,0
388.332917398,1,0,1
388.332918556,0,0,1
388.471615696,0,1,1
388.471616410,0,1,0
388.471617212,1,1,0
388.610312264,1,0,0
388.610313838,1,0,1
388.610314838,0,0,1
388.749011350,0,0,0
388.749011802,0,1,0
388.749013370,1,1,0
388.887709342,1,1,1
388.887710432,1,0,1
388.887710996,0,0,1
389.026406972,0,1,1
389.026407290,0,1,0
389.026408650,1,1,0
389.165105602,1,0,0
389.165106220,1,0,1
389.165107276,0,0,1
389.303803230,0,0,0
389.303804140,0,1,0
389.303804808,1,1,0
389.442499708,1,0,0
389.442501160,1,0,1
389.442502432,0,0,1
389.581199172,0,0,0
389.581199308,0,1,0
389.581201088,1,1,0
389.719927162,1,1,1
389.719927876,1,0,1
389.719929650,0,0,1
389.858626112,0,0,0
389.858626476,0,1,0
389.858627306,1,1,0
389.997354106,1,0,0
389.997355102,1,0,1
389.997355872,0,0,1
390.136051582,0,1,1
390.136053052,0,1,0
390.136053466,1,1,0
390.274750150,1,0,0
390.274751042,1,0,1
390.274752152,0,0,1
390.413478678,0,0,0
390.413478812,0,1,0
390.413480684,1,1,0
390.552175982,1,1,1
390.552177380,1,0,1
390.552178372,0,0,1
390.690873932,0,0,0
390.690875918,0,1,0
390.690876966,1,1,0
390.829572548,1,0,0
390.829572922,1,0,1
390.829574528,0,0,1
390.968269934,0,0,0
390.968272086,0,1,0
390.968272182,1,1,0
391.106998718,1,0,0
391.106999862,1,0,1
391.107000746,0,0,1
391.245697254,0,1,1
391.245697872,0,1,0
391.245699340,1,1,0
391.384395822,1,0,0
391.384395864,1,0,1
391.384397028,0,0,1
391.523092422,0,1,1
391.523092812,0,1,0
391.523094620,1,1,0
391.661791804,1,1,1
391.661791990,1,0,1
391.661793184,0,0,1
391.800488590,0,1,1
391.800488814,0,1,0
391.800490774,1,1,0
391.939188158,1,0,0
391.939188680,1,0,1
391.939189464,0,0,1
392.077884692,0,0,0
392.077885946,0,1,0
392.077886994,1,1,0
392.216614932,1,1,1
392.216615324,1,0,1
392.216615682,0,0,1
392.355311694,0,0,0
392.355311862,0,1,0
392.355313274,1,1,0
392.494009622,1,1,1
392.494010430,1,0,1
392.494011836,0,0,1
392.632707632,0,0,0
392.632708030,0,1,0
392.632709492,1,1,0
392.771405598,1,0,0
392.771405624,1,0,1
392.771408118,0,0,1
392.910133136,0,1,1
392.910133572,0,1,0
392.910135710,1,1,0
393.048832500,1,1,1
393.048832764,1,0,1
393.048834336,0,0,1
393.187560302,0,1,1
393.187561450,0,1,0
393.187562930,1,1,0
393.326258440,1,1,1
393.326258870,1,0,1
393.326260554,0,0,1
393.464956408,0,1,1
393.464957452,0,1,0
393.464959146,1,1,0
393.603655036,1,0,0
393.603656440,1,0,1
393.603656834,0,0,1
393.742351636,0,1,1
393.742353390,0,1,0
393.742354364,1,1,0
393.881052266,1,0,0
393.881052380,1,0,1
393.881052990,0,0,1
394.019749266,0,0,0
394.019749740,0,1,0
394.019750582,1,1,0
394.158477370,1,0,0
394.158478318,1,0,1
394.158479206,0,0,1
394.297206330,0,0,0
394.297206534,0,1,0
394.297207862,1,1,0
394.435903320,1,1,1
394.435904536,1,0,1
394.435905362,0,0,1
394.574602074,0,1,1
394.574602268,0,1,0
394.574604018,1,1,0
394.713299196,1,1,1
394.713300704,1,0,1
394.713301644,0,0,1
394.852028242,0,1,1
394.852029206,0,1,0
394.852030234,1,1,0
394.990725198,1,1,1
394.990726808,1,0,1
394.990727922,0,0,1
395.129424146,0,0,0
395.129424408,0,1,0
395.129426452,1,1,0
395.268122912,1,0,0
395.268123136,1,0,1
395.268124076,0,0,1
395.406820574,0,1,1
395.406821082,0,1,0
395.406822670,1,1,0
395.545610074,1,1,1
395.545610078,1,0,1
395.545610084,1,1,1
395.545610090,1,0,1
395.545611294,0,0,1
395.684308678,0,1,1
395.684309022,0,1,0
395.684309886,1,1,0
395.823006012,1,1,1
395.823006244,1,0,1
395.823007512,0,0,1
395.961704844,0,1,1
395.961705022,0,1,0
395.961706104,1,1,0
396.100400886,1,1,1
396.100403474,1,0,1
396.100403728,0,0,1
396.239129948,0,1,1
396.239131960,0,1,0
396.239132320,1,1,0
396.377826950,1,1,1
396.377829640,1,0,1
396.377829944,0,0,1
396.516555898,0,0,0
396.516556176,0,1,0
396.516558536,1,1,0
396.655255826,1,1,1
396.655256742,1,0,1
396.655257224,0,0,1
396.793952836,0,0,0
396.793953342,0,1,0
396.793954816,1,1,0
396.932680846,1,0,0
396.932681826,1,0,1
396.932683378,0,0,1
397.071378836,0,0,0
397.071379382,0,1,0
397.071381032,1,1,0
397.210078012,1,0,0
397.210078702,1,0,1
397.210079656,0,0,1
397.348775612,0,1,1
397.348775710,0,1,0
397.348777186,1,1,0
397.487474178,1,0,0
397.487475702,1,0,1
397.487475812,0,0,1
397.626171648,0,0,0
397.626172776,0,1,0
397.626173466,1,1,0
397.764869342,1,0,0
397.764869576,1,0,1
397.764871090,0,0,1
397.903597880,0,1,1
397.903598586,0,1,0
397.903599682,1,1,0
398.042296508,1,0,0
398.042297576,1,0,1
398.042298308,0,0,1
398.180994108,0,1,1
398.180994522,0,1,0
398.180995838,1,1,0
398.319723512,1,1,1
398.319723612,1,0,1
398.319724522,0,0,1
398.458420210,0,1,1
398.458420462,0,1,0
398.458422114,1,1,0
398.597117778,1,0,0
398.597119450,1,0,1
398.597120676,0,0,1
398.735815460,0,0,0
398.735816376,0,1,0
398.735818268,1,1,0
398.874514942,1,0,0
398.874515448,1,0,1
398.874516956,0,0,1
399.013212396,0,0,0
399.013213478,0,1,0
399.013214484,1,1,0
399.151941386,1,1,1
399.151942044,1,0,1
399.151943172,0,0,1
399.290670334,0,0,0
399.290670642,0,1,0
399.290671700,1,1,0
399.429367260,1,1,1
399.429368272,1,0,1
399.429369386,0,0,1
399.568097270,0,0,0
399.568097808,0,1,0
399.568098040,1,1,0
399.706825374,1,0,0
399.706826260,1,0,1
399.706826602,0,0,1
399.845522910,0,1,1
399.845523208,0,1,0
399.845524192,1,1,0
399.984222258,1,1,1
399.984222600,1,0,1
399.984222754,0,0,1
400.122918144,0,0,0
400.122919138,0,1,0
400.122920410,1,1,0
400.261616640,1,0,0
400.261617132,1,0,1
400.261619034,0,0,1
400.400315144,0,0,0
400.400315238,0,1,0
400.400316626,1,1,0
400.539012068,1,1,1
400.539012866,1,0,1
400.539014250,0,0,1
400.677711078,0,0,0
400.677711342,0,1,0
400.677712840,1,1,0
400.816407970,1,0,0
400.816410006,1,0,1
400.816410464,0,0,1
400.955106566,0,1,1
400.955107014,0,1,0
400.955108054,1,1,0
401.093804196,1,0,0
401.093804940,1,0,1
401.093806680,0,0,1
401.232502732,0,1,1
401.232502950,0,1,0
401.232504272,1,1,0
401.371201876,1,1,1
401.371202296,1,0,1
401.371202956,0,0,1
401.509898834,0,1,1
401.509899888,0,1,0
401.509900486,1,1,0
401.648595812,1,1,1
401.648596524,1,0,1
401.648598110,0,0,1
401.787293822,0,0,0
401.787295998,0,1,0
401.787296700,1,1,0
401.925992624,1,0,0
401.925992810,1,0,1
401.925994324,0,0,1
402.064690820,0,0,0
402.064691162,0,1,0
402.064692916,1,1,0
402.203387726,1,0,0
402.203388684,1,0,1
402.203390602,0,0,1
402.342085694,0,0,0
402.342086326,0,1,0
402.342088130,1,1,0
402.480814620,1,1,1
402.480814890,1,0,1
402.480816756,0,0,1
402.619513426,0,1,1
402.619513692,0,1,0
402.619515344,1,1,0
402.758271618,1,1,1
402.758272054,1,0,1
402.758274030,0,0,1
402.896970628,0,0,0
402.896970652,0,1,0
402.896972622,1,1,0
403.035698218,1,0,0
403.035698614,1,0,1
403.035700244,0,0,1
403.174427562,0,0,0
403.174427816,0,1,0
403.174428836,1,1,0
403.313125318,1,0,0
403.313125552,1,0,1
403.313127398,0,0,1
403.451853916,0,1,1
403.451854434,0,1,0
403.451856052,1,1,0
403.590582480,1,0,0
403.590583424,1,0,1
403.590584612,0,0,1
403.729281018,0,1,1
403.729281432,0,1,0
403.729282266,1,1,0
403.868037644,1,0,0
403.868038422,1,0,1
403.868040888,0,0,1
404.006737242,0,1,1
404.006737368,0,1,0
404.006739478,1,1,0
404.145434356,1,1,1
404.145435744,1,0,1
404.145437040,0,0,1
404.284133364,0,0,0
404.284134342,0,1,0
404.284135630,1,1,0
404.422831292,1,1,1
404.422832970,1,0,1
404.422833318,0,0,1
404.561529568,0,1,1
404.561530238,0,1,0
404.561530906,1,1,0
404.700227662,1,1,1
404.700228072,1,0,1
404.700229468,0,0,1
404.838925172,0,0,0
404.838926670,0,1,0
404.838927124,1,1,0
404.977624160,1,1,1
404.977624234,1,0,1
404.977625744,0,0,1
405.116322108,0,0,0
405.116322768,0,1,0
405.116323274,1,1,0
405.255019094,1,1,1
405.255019396,1,0,1
405.255020958,0,0,1
405.393718932,0,1,1
405.393719550,1,1,1
405.393720104,1,1,0
405.532415090,1,1,1
405.532415560,1,0,1
405.532417172,0,0,1
405.671112976,0,0,0
405.671113094,0,1,0
405.671114700,1,1,0
405.809841026,1,1,1
405.809841658,1,0,1
405.809843386,0,0,1
405.948540910,0,0,0
405.948541256,0,1,0
405.948541914,1,1,0
406.087237884,1,0,0
406.087238898,1,0,1
406.087239598,0,0,1
406.225964968,0,0,0
406.225965418,0,1,0
406.225968190,1,1,0
406.364663984,1,0,0
406.364664832,1,0,1
406.364665750,0,0,1
406.503362902,0,0,0
406.503364404,1,0,0
406.503364518,1,1,0
406.642091146,1,0,0
406.642091890,1,0,1
406.642093090,0,0,1
406.780788774,0,0,0
406.780790618,1,0,0
406.780790680,1,1,0
406.919488246,1,0,0
406.919488700,1,0,1
406.919489240,0,0,1
407.058184842,0,1,1
407.058185770,0,1,0
407.058186830,1,1,0
407.196881696,1,1,1
407.196882470,1,0,1
407.196884390,0,0,1
407.335582004,0,1,1
407.335582642,0,1,0
407.335582982,1,1,0
407.474279568,1,0,0
407.474279630,1,0,1
407.474280666,0,0,1
407.612977166,0,1,1
407.612978638,0,1,0
407.612979256,1,1,0
407.751675626,1,1,1
407.751675792,1,0,1
407.751676880,0,0,1
407.890372264,0,1,1
407.890372570,0,1,0
407.890374470,1,1,0
408.029071496,1,1,1
408.029071892,1,0,1
408.029073092,0,0,1
408.167767504,0,0,0
408.167769426,0,1,0
408.167770620,1,1,0
408.306467054,1,0,0
408.306467616,1,0,1
408.306468306,0,0,1
408.445195436,0,0,0
408.445195526,0,1,0
408.445196896,1,1,0
408.583894214,1,0,0
408.583894426,1,0,1
408.583895456,0,0,1
408.722591748,0,1,1
408.722592432,0,1,0
408.722593046,1,1,0
408.861290296,1,1,1
408.861291314,1,0,1
408.861291730,0,0,1
408.999986910,0,1,1
408.999987366,0,1,0
408.999989258,1,1,0
409.138685292,1,1,1
409.138685474,1,0,1
409.138686944,0,0,1
409.277384008,0,1,1
409.277384236,0,1,0
409.277385532,1,1,0
409.416080636,1,0,0
409.416081224,1,0,1
409.416083154,0,0,1
409.554809232,0,0,0
409.554810168,0,1,0
409.554811744,1,1,0
409.693538732,1,0,0
409.693539156,1,0,1
409.693540366,0,0,1
409.832235164,0,0,0
409.832236330,0,1,0
409.832237956,1,1,0
409.970933088,1,1,1
409.970934956,1,0,1
409.970936516,0,0,1
410.109633348,0,0,0
410.109633490,0,1,0
410.109634168,1,1,0
410.248331022,1,1,1
410.248332056,1,0,1
410.248332728,0,0,1
410.387027588,0,1,1
410.387029028,0,1,0
410.387030380,1,1,0
410.525726216,1,0,0
410.525727016,1,0,1
410.525728004,0,0,1
410.664454750,0,1,1
410.664454962,0,1,0
410.664456530,1,1,0
410.803153376,1,0,0
410.803153948,1,0,1
410.803155152,0,0,1
410.941850910,0,1,1
410.941851894,0,1,0
410.941852806,1,1,0
411.080547472,1,0,0
411.080549818,1,0,1
411.080550366,0,0,1
411.219246826,0,0,0
411.219247070,0,1,0
411.219248954,1,1,0
411.357944634,1,0,0
411.357945812,1,0,1
411.357946640,0,0,1
411.496643758,0,0,0
411.496644356,0,1,0
411.496645228,1,1,0
411.635340746,1,1,1
411.635341732,1,0,1
411.635342786,0,0,1
411.774038752,0,0,0
411.774039328,0,1,0
411.774040440,1,1,0
411.912736676,1,1,1
411.912738954,1,0,1
411.912739060,0,0,1
412.051434684,0,0,0
412.051435488,0,1,0
412.051436588,1,1,0
412.190133608,1,1,1
412.190134052,1,0,1
412.190135272,0,0,1
412.328830648,0,1,1
412.328831616,0,1,0
412.328832862,1,1,0
412.467528602,1,1,1
412.467529210,1,0,1
412.467530484,0,0,1
412.606257548,0,0,0
412.606257744,0,1,0
412.606259072,1,1,0
412.744955370,1,0,0
412.744956536,1,0,1
412.744957696,0,0,1
412.883653968,0,1,1
412.883654542,0,1,0
412.883655282,1,1,0
413.022381466,1,1,1
413.022381532,1,0,1
413.022383906,0,0,1
413.161079064,0,1,1
413.161079412,0,1,0
413.161081494,1,1,0
413.299777690,1,0,0
413.299780054,0,0,0
413.299780338,0,0,1
413.438476224,0,1,1
413.438476342,0,1,0
413.438477704,1,1,0
413.577173266,1,1,1
413.577174788,1,0,1
413.577176326,0,0,1
413.715871382,0,1,1
413.715872274,0,1,0
413.715873854,1,1,0
413.854600260,1,1,1
413.854601884,1,0,1
413.854602474,0,0,1
413.993359206,0,0,0
413.993359480,0,1,0
413.993361126,1,1,0
414.132088190,1,1,1
414.132089106,1,0,1
414.132089748,0,0,1
414.270786200,0,0,0
414.270786702,0,1,0
414.270788276,1,1,0
414.409484202,1,0,0
414.409485122,1,0,1
414.409485958,0,0,1
414.548182130,0,0,0
414.548182736,0,1,0
414.548183546,1,1,0
414.686880362,1,0,0
414.686881054,1,0,1
414.686882168,0,0,1
414.825577956,0,1,1
414.825578060,0,1,0
414.825579756,1,1,0
414.964275520,1,0,0
414.964277984,1,0,1
414.964278376,0,0,1
415.102973992,0,0,0
415.102974052,0,1,0
415.102975966,1,1,0
415.241701914,1,1,1
415.241702678,1,0,1
415.241704588,0,0,1
415.380430922,0,0,0
415.380432274,0,1,0
415.380433114,1,1,0
415.519128838,1,0,0
415.519129596,1,0,1
415.519130798,0,0,1
415.657824914,0,0,0
415.657827370,0,1,0
415.657828386,1,1,0
415.796524934,1,0,0
415.796525778,1,0,1
415.796527008,0,0,1
415.935221784,0,0,0
415.935222530,0,1,0
415.935224596,1,1,0
416.073951708,1,1,1
416.073952092,1,0,1
416.073953218,0,0,1
416.212680686,0,1,1
416.212680778,0,1,0
416.212681806,1,1,0
416.351408188,1,0,0
416.351408636,1,0,1
416.351410426,0,0,1
416.490105784,0,1,1
416.490107706,0,1,0
416.490107954,1,1,0
416.628804408,1,0,0
416.628805630,1,0,1
416.628806636,0,0,1
416.767503004,0,1,1
416.767503576,0,1,0
416.767504224,1,1,0
416.906201560,1,1,1
416.906201578,1,0,1
416.906202846,0,0,1
417.044899100,0,1,1
417.044899506,0,1,0
417.044900434,1,1,0
417.183626490,1,1,1
417.183627662,1,0,1
417.183629056,0,0,1
417.322324258,0,1,1
417.322324498,0,1,0
417.322326644,1,1,0
417.461053882,1,0,0
417.461054484,1,0,1
417.461055266,0,0,1
417.599752352,0,1,1
417.599752366,0,1,0
417.599753918,1,1,0
417.738449978,1,0,0
417.738450350,1,0,1
417.738451474,0,0,1
417.877147948,0,1,1
417.877148356,0,1,0
417.877149126,1,1,0
418.015846136,1,0,0
418.015846344,1,0,1
418.015847682,0,0,1
418.154574670,0,1,1
418.154575286,0,1,0
418.154576272,1,1,0
418.293272272,1,1,1
418.293272294,1,0,1
418.293273954,0,0,1
418.432000826,0,1,1
418.432001216,0,1,0
418.432002480,1,1,0
418.570698388,1,0,0
418.570699202,1,0,1
418.570700100,0,0,1
418.709426984,0,1,1
418.709428146,0,1,0
418.709428690,1,1,0
418.848155130,1,1,1
418.848155546,1,0,1
418.848157310,0,0,1
418.986854138,0,0,0
418.986854142,0,1,0
418.986855960,1,1,0
419.125552060,1,1,1
419.125552640,1,0,1
419.125553520,0,0,1
419.264249004,0,0,0
419.264250236,0,1,0
419.264251106,1,1,0
419.402947862,1,0,0
419.402947990,1,0,1
419.402949788,0,0,1
419.541645996,0,0,0
419.541646330,0,1,0
419.541647316,1,1,0
419.680343918,1,1,1
419.680343956,1,0,1
419.680345936,0,0,1
419.819041550,0,1,1
419.819042924,0,1,0
419.819043588,1,1,0
419.957738848,1,1,1
419.957739112,1,0,1
419.957741206,0,0,1
420.096437854,0,0,0
420.096438896,0,1,0
420.096439734,1,1,0
420.235135838,1,1,1
420.235136270,1,0,1
420.235137414,0,0,1
420.373864782,0,0,0
420.373864864,0,1,0
420.373865940,1,1,0
420.512562426,1,0,0
420.512562704,1,0,1
420.512563560,0,0,1
420.651259712,0,0,0
420.651260958,0,1,0
420.651262212,1,1,0
420.789957582,1,0,0
420.789959696,1,0,1
420.789959832,0,0,1
420.928655640,0,0,0
420.928657178,0,1,0
420.928658356,1,1,0
421.067353676,1,0,0
421.067354688,1,0,1
421.067355976,0,0,1
421.206052210,0,1,1
421.206052568,0,1,0
421.206053628,1,1,0
421.344780554,1,1,1
421.344780896,1,0,1
421.344782184,0,0,1
421.483507428,0,1,1
421.483509560,0,1,0
421.483510834,1,1,0
421.622207482,1,1,1
421.622207990,1,0,1
421.622209394,0,0,1
421.760904488,0,0,0
421.760905522,0,1,0
421.760907042,1,1,0
421.899664146,1,0,0
421.899665410,1,0,1
421.899665662,0,0,1
422.038362418,0,0,0
422.038362616,0,1,0
422.038364250,1,1,0
422.177059338,1,1,1
422.177061240,1,0,1
422.177061870,0,0,1
422.315788834,0,1,1
422.315789344,0,1,0
422.315790458,1,1,0
422.454486396,1,0,0
422.454487266,1,0,1
422.454488080,0,0,1
422.593214990,0,1,1
422.593215272,0,1,0
422.593216666,1,1,0
422.731912554,1,0,0
422.731914256,1,0,1
422.731915286,0,0,1
422.870611020,0,1,1
422.870611200,0,1,0
422.870612874,1,1,0
423.009309708,1,0,0
423.009310122,1,0,1
423.009311432,0,0,1
423.148007240,0,1,1
423.148008128,0,1,0
423.148009082,1,1,0
423.286704112,1,1,1
423.286704864,1,0,1
423.286706702,0,0,1
423.425432056,0,0,0
423.425433396,0,1,0
423.425435288,1,1,0
423.564161958,1,0,0
423.564162040,1,0,1
423.564163908,0,0,1
423.702859984,0,0,0
423.702860552,0,1,0
423.702862434,1,1,0
423.841588176,1,0,0
423.841588968,1,0,1
423.841590116,0,0,1
423.980316912,0,0,0
423.980317706,0,1,0
423.980318702,1,1,0
424.119014896,1,1,1
424.119015268,1,0,1
424.119017322,0,0,1
424.257713800,0,1,1
424.257713902,0,1,0
424.257714910,1,1,0
424.396441948,1,1,1
424.396441988,1,0,1
424.396443530,0,0,1
424.535170018,0,1,1
424.535170828,0,1,0
424.535172180,1,1,0
424.673898752,1,1,1
424.673899580,1,0,1
424.673900736,0,0,1
424.812596110,0,1,1
424.812597756,0,1,0
424.812598324,1,1,0
424.951295672,1,0,0
424.951295742,1,0,1
424.951297006,0,0,1
425.090023328,0,1,1
425.090023684,0,1,0
425.090025530,1,1,0
425.228720890,1,0,0
425.228721668,1,0,1
425.228723152,0,0,1
425.367418610,0,0,0
425.367419358,0,1,0
425.367420738,1,1,0
425.506117982,1,0,0
425.506118596,1,0,1
425.506119356,0,0,1
425.644816576,0,1,1
425.644816602,0,1,0
425.644817006,1,1,0
425.783512522,1,1,1
425.783514136,1,0,1
425.783515626,0,0,1
425.922211732,0,1,1
425.922212466,0,1,0
425.922213152,1,1,0
426.060909450,1,1,1
426.060910230,1,0,1
426.060910834,0,0,1
426.199608456,0,0,0
426.199608824,0,1,0
426.199609422,1,1,0
426.338305440,1,1,1
426.338306324,1,0,1
426.338306978,0,0,1
426.477003980,0,1,1
426.477004382,0,1,0
426.477005628,1,1,0
426.615701304,1,1,1
426.615701540,1,0,1
426.615703246,0,0,1
426.754399134,0,1,1
426.754399310,0,1,0
426.754400834,1,1,0
426.893127696,1,0,0
426.893128230,1,0,1
426.893129452,0,0,1
427.031826226,0,1,1
427.031826238,0,1,0
427.031827978,1,1,0
427.170524850,1,0,0
427.170525220,1,0,1
427.170525596,0,0,1
427.309252100,0,0,0
427.309253382,0,1,0
427.309254246,1,1,0
427.447949146,1,1,1
427.447950004,1,0,1
427.447951866,0,0,1
427.586648536,0,1,1
427.586649152,0,1,0
427.586650390,1,1,0
427.725377074,1,1,1
427.725379072,0,1,1
427.725379096,0,0,1
427.864106078,0,0,0
427.864106690,0,1,0
427.864107596,1,1,0
428.002834436,1,1,1
428.002835278,0,1,1
428.002835312,0,0,1
428.141531846,0,1,1
428.141532940,0,1,0
428.141533802,1,1,0
428.280228404,1,0,0
428.280229926,1,0,1
428.280231422,0,0,1
428.418927868,0,0,0
428.418928938,0,1,0
428.418930070,1,1,0
428.557626560,1,0,0
428.557627690,0,0,0
428.557627852,0,0,1
428.696323092,0,1,1
428.696323856,0,1,0
428.696325214,1,1,0
428.835021652,1,0,0
428.835022778,1,0,1
428.835023894,0,0,1
428.973719182,0,1,1
428.973720720,0,1,0
428.973721482,1,1,0
429.112418704,1,1,1
429.112418806,1,0,1
429.112420038,0,0,1
429.251116398,0,1,1
429.251116708,0,1,0
429.251117688,1,1,0
429.389844630,1,1,1
429.389844960,1,0,1
429.389846306,0,0,1
429.528542490,0,1,1
429.528542634,0,1,0
429.528543830,1,1,0
429.667240618,1,1,1
429.667241114,1,0,1
429.667242448,0,0,1
429.805937560,0,0,0
429.805938708,0,1,0
429.805940100,1,1,0
429.944636330,1,0,0
429.944636482,1,0,1
429.944637654,0,0,1
430.083334548,0,0,0
430.083334862,0,1,0
430.083336240,1,1,0
430.222032358,1,0,0
430.222032468,1,0,1
430.222033860,0,0,1
430.360730952,0,1,1
430.360731472,0,1,0
430.360732446,1,1,0
430.499459512,1,0,0
430.499460394,1,0,1
430.499461128,0,0,1
430.638157044,0,1,1
430.638157398,0,1,0
430.638158716,1,1,0
430.776854318,1,1,1
430.776855666,1,0,1
430.776856270,0,0,1
430.915553260,0,1,1
430.915554322,0,1,0
430.915554858,1,1,0
431.054281306,1,1,1
431.054281758,1,0,1
431.054283540,0,0,1
431.193011248,0,0,0
431.193011350,0,1,0
431.193012062,1,1,0
431.331708232,1,1,1
431.331708972,1,0,1
431.331709744,0,0,1
431.470405502,0,1,1
431.470406110,0,1,0
431.470407330,1,1,0
431.609104126,1,0,0
431.609105156,1,0,1
431.609105948,0,0,1
431.747802098,0,0,0
431.747803534,1,0,0
431.747803656,1,1,0
431.886530082,1,1,1
431.886531216,1,0,1
431.886532092,0,0,1
432.025228022,0,0,0
432.025228746,0,1,0
432.025229676,1,1,0
432.163956368,1,0,0
432.163957006,1,0,1
432.163958356,0,0,1
432.302654946,0,0,0
432.302654962,0,1,0
432.302656882,1,1,0
432.441351930,1,1,1
432.441352522,1,0,1
432.441354562,0,0,1
432.580051052,0,1,1
432.580051934,0,1,0
432.580053148,1,1,0
432.718748918,1,1,1
432.718749676,1,0,1
432.718750704,0,0,1
432.857446206,0,1,1
432.857447794,0,1,0
432.857448290,1,1,0
432.996144778,1,1,1
432.996144828,1,0,1
432.996146972,0,0,1
433.134843782,0,0,0
433.134844358,0,1,0
433.134844558,1,1,0
433.273571702,1,1,1
433.273571980,1,0,1
433.273573174,0,0,1
433.412299706,0,0,0
433.412300446,0,1,0
433.412301698,1,1,0
433.550997688,1,1,1
433.550998070,1,0,1
433.550999316,0,0,1
433.689697628,0,0,0
433.689697664,0,1,0
433.689697964,1,1,0
433.828393284,1,0,0
433.828393612,1,0,1
433.828395646,0,0,1
433.967091752,0,1,1
433.967092554,0,1,0
433.967093170,1,1,0
434.105820376,1,0,0
434.105820474,1,0,1
434.105821788,0,0,1
434.244548904,0,1,1
434.244549478,0,1,0
434.244550374,1,1,0
434.383246398,1,1,1
434.383247526,1,0,1
434.383248992,0,0,1
434.521945056,0,1,1
434.521945400,0,1,0
434.521946580,1,1,0
434.660642616,1,0,0
434.660643384,1,0,1
434.660644198,0,0,1
434.799341210,0,1,1
434.799341388,0,1,0
434.799342782,1,1,0
434.938069830,1,0,0
434.938070306,1,0,1
434.938071464,0,0,1
435.076767312,0,0,0
435.076768298,0,1,0
435.076768986,1,1,0
435.215465232,1,1,1
435.215465920,1,0,1
435.215467604,0,0,1
435.354163172,0,0,0
435.354164450,0,1,0
435.354165252,1,1,0
435.492891156,1,1,1
435.492893806,0,1,1
435.492894010,0,0,1
435.631589158,0,0,0
435.631589602,0,1,0
435.631591394,1,1,0
435.770318078,1,1,1
435.770318222,1,0,1
435.770320012,0,0,1
435.909016690,0,1,1
435.909017080,0,1,0
435.909018658,1,1,0
436.047715002,1,1,1
436.047715374,1,0,1
436.047716276,0,0,1
436.186411906,0,1,1
436.186412004,0,1,0
436.186413802,1,1,0
436.325111464,1,0,0
436.325111988,1,0,1
436.325112418,0,0,1
436.463839866,0,0,0
436.463840056,0,1,0
436.463841004,1,1,0
436.602536616,1,0,0
436.602536910,1,0,1
436.602538622,0,0,1
436.741234912,0,0,0
436.741235144,0,1,0
436.741236268,1,1,0
436.879932770,1,1,1
436.879933768,1,0,1
436.879934826,0,0,1
437.018661774,0,0,0
437.018662296,0,1,0
437.018663410,1,1,0
437.157359756,1,1,1
437.157360854,1,0,1
437.157361088,0,0,1
437.296057322,0,1,1
437.296058758,0,1,0
437.296059674,1,1,0
437.434755006,1,0,0
437.434755678,1,0,1
437.434757230,0,0,1
437.573452598,0,1,1
437.573452682,0,1,0
437.573454878,1,1,0
437.712151096,1,0,0
437.712152602,1,0,1
437.712153496,0,0,1
437.850849606,0,0,0
437.850850688,0,1,0
437.850851018,1,1,0
437.989546308,1,0,0
437.989548526,1,0,1
437.989548698,0,0,1
438.128245528,0,0,0
438.128246838,0,1,0
438.128247284,1,1,0
438.266943398,1,0,0
438.266943510,1,0,1
438.266944900,0,0,1
438.405641388,0,0,0
438.405642988,0,1,0
438.405643424,1,1,0
438.544370432,1,1,1
438.544370548,1,0,1
438.544372104,0,0,1
438.683067374,0,0,0
438.683069140,0,1,0
438.683069750,1,1,0
438.821795762,1,0,0
438.821797042,1,0,1
438.821798306,0,0,1
438.960493228,0,1,1
438.960494296,0,1,0
438.960495954,1,1,0
439.099193848,1,0,0
439.099194278,1,0,1
439.099194448,0,0,1
439.237890218,0,0,0
439.237890378,0,1,0
439.237892094,1,1,0
439.376588138,1,1,1
439.376588252,1,0,1
439.376589712,0,0,1
439.515286530,0,1,1
439.515287140,0,1,0
439.515288358,1,1,0
439.653984150,1,0,0
439.653985124,1,0,1
439.653985914,0,0,1
439.792683062,0,0,0
439.792683680,0,1,0
439.792684498,1,1,0
439.931411108,1,1,1
439.931412176,1,0,1
439.931413116,0,0,1
440.070139046,0,0,0
440.070139830,0,1,0
440.070140700,1,1,0
440.208837966,1,1,1
440.208838388,1,0,1
440.208839316,0,0,1
440.347535918,0,1,1
440.347535968,0,1,0
440.347536902,1,1,0
440.486233540,1,0,0
440.486233888,1,0,1
440.486235518,0,0,1
440.624930890,0,0,0
440.624932130,0,1,0
440.624933104,1,1,0
440.763659626,1,0,0
440.763659810,1,0,1
440.763661722,0,0,1
440.902356814,0,0,0
440.902357280,0,1,0
440.902359306,1,1,0
441.041117776,1,0,0
441.041117794,1,0,1
441.041118922,0,0,1
441.179814366,0,1,1
441.179814734,0,1,0
441.179816508,1,1,0
441.318512926,1,0,0
441.318514716,1,0,1
441.318515062,0,0,1
441.457211516,0,1,1
441.457211656,0,1,0
441.457212710,1,1,0
441.595908638,1,1,1
441.595908702,1,0,1
441.595910326,0,0,1
441.734606604,0,1,1
441.734607578,0,1,0
441.734608912,1,1,0
441.873335622,1,1,1
441.873336226,1,0,1
441.873337528,0,0,1
442.012033498,0,0,0
442.012033754,0,1,0
442.012035176,1,1,0
442.150761482,1,1,1
442.150762312,1,0,1
442.150763730,0,0,1
442.289459608,0,0,0
442.289459904,0,1,0
442.289461314,1,1,0
442.428158460,1,0,0
442.428158466,1,0,1
442.428159994,0,0,1
442.566885990,0,1,1
442.566887404,0,1,0
442.566888516,1,1,0
442.705554386,1,1,1
442.705554548,1,0,1
442.705555070,0,0,1
442.844252140,0,1,1
442.844252388,0,1,0
442.844253718,1,1,0
442.982948760,1,0,0
442.982950244,1,0,1
442.982951398,0,0,1
443.121648246,0,0,0
443.121648290,0,1,0
443.121649918,1,1,0
443.260376228,1,1,1
443.260377910,1,0,1
443.260378598,0,0,1
443.399074168,0,0,0
443.399074500,0,1,0
443.399076122,1,1,0
443.537772148,1,1,1
443.537772998,1,0,1
443.537773738,0,0,1
443.676470150,0,0,0
443.676471586,0,1,0
443.676472382,1,1,0
443.815168070,1,1,1
443.815169146,1,0,1
443.815170000,0,0,1
443.953866070,0,0,0
443.953866800,0,1,0
443.953868522,1,1,0
444.092564232,1,0,0
444.092564990,1,0,1
444.092566140,0,0,1
444.231261886,0,1,1
444.231261992,0,1,0
444.231263786,1,1,0
444.369960974,1,1,1
444.369961444,1,0,1
444.369962340,0,0,1
444.508657850,0,0,0
444.508658034,0,1,0
444.508659922,1,1,0
444.647355530,1,0,0
444.647355832,1,0,1
444.647357540,0,0,1
444.786054120,0,1,1
444.786054832,0,1,0
444.786056186,1,1,0
444.924751742,1,0,0
444.924751752,1,0,1
444.924753742,0,0,1
445.063451270,0,1,1
445.063451752,0,1,0
445.063452324,1,1,0
445.202148734,1,1,1
445.202148826,1,0,1
445.202150004,0,0,1
445.340876418,0,1,1
445.340876674,0,1,0
445.340878524,1,1,0
445.479574654,1,1,1
445.479574976,1,0,1
445.479576204,0,0,1
445.618273504,0,1,1
445.618273656,0,1,0
445.618274850,1,1,0
445.757001574,1,1,1
445.757002060,1,0,1
445.757003342,0,0,1
445.895698390,0,0,0
445.895700026,0,1,0
445.895700988,1,1,0
446.034428210,1,0,0
446.034428494,1,0,1
446.034429542,0,0,1
446.173155800,0,1,1
446.173156496,0,1,0
446.173158188,1,1,0
446.311853414,1,1,1
446.311853432,1,0,1
446.311855742,0,0,1
446.450552416,0,0,0
446.450552948,0,1,0
446.450554326,1,1,0
446.589249568,1,0,0
446.589250334,1,0,1
446.589252004,0,0,1
446.727948096,0,1,1
446.727948336,0,1,0
446.727949590,1,1,0
446.866645716,1,0,0
446.866647316,1,0,1
446.866648206,0,0,1
447.005344194,0,0,0
447.005344244,0,1,0
447.005345728,1,1,0
447.144042740,1,0,0
447.144043174,1,0,1
447.144044406,0,0,1
447.282740330,0,1,1
447.282741176,0,1,0
447.282741926,1,1,0
447.421438156,1,1,1
447.421438950,1,0,1
447.421439544,0,0,1
447.560166478,0,1,1
447.560167096,0,1,0
447.560168190,1,1,0
447.698865076,1,1,1
447.698865098,1,0,1
447.698866744,0,0,1
447.837623626,0,1,1
447.837624014,0,1,0
447.837625326,1,1,0
447.976321558,1,0,0
447.976321996,1,0,1
447.976323944,0,0,1
448.115018998,0,0,0
448.115019710,0,1,0
448.115021526,1,1,0
448.253716916,1,1,1
448.253717394,1,0,1
448.253719142,0,0,1
448.392445920,0,1,1
448.392446918,0,1,0
448.392447726,1,1,0
448.531145478,1,0,0
448.531145836,1,0,1
448.531146406,0,0,1
448.669841836,0,0,0
448.669843006,0,1,0
448.669843926,1,1,0
448.808540626,1,0,0
448.808540754,1,0,1
448.808541542,0,0,1
448.947237756,0,0,0
448.947238218,0,1,0
448.947240188,1,1,0
449.085935836,1,0,0
449.085936674,1,0,1
449.085937804,0,0,1
449.224634302,0,1,1
449.224635676,0,1,0
449.224636326,1,1,0
449.363331656,1,1,1
449.363332922,1,0,1
449.363334004,0,0,1
449.502030448,0,1,1
449.502030782,0,1,0
449.502031588,1,1,0
449.640728006,1,0,0
449.640729574,1,0,1
449.640730204,0,0,1
449.779486576,0,0,0
449.779487596,0,1,0
449.779488788,1,1,0
449.918185154,1,0,0
449.918185432,1,0,1
449.918187342,0,0,1
450.056914496,0,0,0
450.056914682,0,1,0
450.056915986,1,1,0
450.195611300,1,0,0
450.195612476,1,0,1
450.195613602,0,0,1
450.334309352,0,0,0
450.334309890,0,1,0
450.334311186,1,1,0
450.473008386,1,0,0
450.473009332,1,0,1
450.473009800,0,0,1
450.611705976,0,1,1
450.611706334,0,1,0
450.611707384,1,1,0
450.750403250,1,1,1
450.750403594,1,0,1
450.750404936,0,0,1
450.889102060,0,1,1
450.889102252,0,1,0
450.889103520,1,1,0
451.027800234,1,1,1
451.027800678,1,0,1
451.027801198,0,0,1
451.166499172,0,0,0
451.166499270,0,1,0
451.166499782,1,1,0
451.305194888,1,0,0
451.305196400,1,0,1
451.305197336,0,0,1
451.443893354,0,1,1
451.443894090,0,1,0
451.443894980,1,1,0
451.582621972,1,0,0
451.582622070,1,0,1
451.582623596,0,0,1
451.721320500,0,1,1
451.721321008,0,1,0
451.721322180,1,1,0
451.860048988,1,1,1
451.860049120,1,0,1
451.860050794,0,0,1
451.998746646,0,1,1
451.998747990,0,1,0
451.998748316,1,1,0
452.137473906,1,1,1
452.137475204,1,0,1
452.137476992,0,0,1
452.276203846,0,0,0
452.276204732,0,1,0
452.276205514,1,1,0
452.414901826,1,1,1
452.414902350,1,0,1
452.414903190,0,0,1
452.553600828,0,0,0
452.553600940,0,1,0
452.553601774,1,1,0
452.692296744,1,1,1
452.692297496,1,0,1
452.692299326,0,0,1
452.831056746,0,0,0
452.831057026,0,1,0
452.831057972,1,1,0
452.969755642,1,0,0
452.969755724,1,0,1
452.969756524,0,0,1
453.108452106,0,1,1
453.108453664,0,1,0
453.108454170,1,1,0
453.247149726,1,0,0
453.247150582,1,0,1
453.247152784,0,0,1
453.385848316,0,1,1
453.385849582,0,1,0
453.385850306,1,1,0
453.524607872,1,0,0
453.524608562,1,0,1
453.524608982,0,0,1
453.663306462,0,1,1
453.663306562,0,1,0
453.663307504,1,1,0
453.802033416,1,1,1
453.802035018,1,0,1
453.802036180,0,0,1
453.940763482,0,0,0
453.940763608,0,1,0
453.940764702,1,1,0
454.079459398,1,1,1
454.079460102,1,0,1
454.079462378,0,0,1
454.218158398,0,0,0
454.218158692,0,1,0
454.218159960,1,1,0
454.356857248,1,0,0
454.356858316,1,0,1
454.356858576,0,0,1
454.495554318,0,0,0
454.495555276,0,1,0
454.495556096,1,1,0
454.634252458,1,0,0
454.634254232,1,0,1
454.634254774,0,0,1
454.773042984,0,1,1
454.773043234,0,1,0
454.773044356,1,1,0
454.911741400,1,1,1
454.911741540,1,0,1
454.911741908,0,0,1
455.050437130,0,1,1
455.050439150,0,1,0
455.050439552,1,1,0
455.189135748,1,0,0
455.189137132,1,0,1
455.189138166,0,0,1
455.327834212,0,1,1
455.327835070,0,1,0
455.327835688,1,1,0
455.466532832,1,0,0
455.466533048,1,0,1
455.466534302,0,0,1
455.605230356,0,1,1
455.605230986,0,1,0
455.605231886,1,1,0
455.743927976,1,0,0
455.743928966,1,0,1
455.743929562,0,0,1
455.882626440,0,1,1
455.882626902,0,1,0
455.882628082,1,1,0
456.021385060,1,0,0
456.021385882,1,0,1
456.021386760,0,0,1
456.160082884,0,0,0
456.160084586,0,1,0
456.160085278,1,1,0
456.298781862,1,1,1
456.298782266,1,0,1
456.298782956,0,0,1
456.437478800,0,0,0
456.437479730,0,1,0
456.437480538,1,1,0
456.576208412,1,0,0
456.576208780,1,0,1
456.576209152,0,0,1
456.714934938,0,1,1
456.714935778,0,1,0
456.714937734,1,1,0
456.853634494,1,0,0
456.853634634,1,0,1
456.853636348,0,0,1
456.992362082,0,1,1
456.992362634,0,1,0
456.992363932,1,1,0
457.131061612,1,1,1
457.131061638,1,0,1
457.131062546,0,0,1
457.269758166,0,1,1
457.269759550,0,1,0
457.269760126,1,1,0
457.408456784,1,0,0
457.408457530,1,0,1
457.408458742,0,0,1
457.547155310,0,1,1
457.547155528,0,1,0
457.547156324,1,1,0
457.685851446,1,1,1
457.685852866,1,0,1
457.685853938,0,0,1
457.824550382,0,0,0
457.824550454,0,1,0
457.824552520,1,1,0
457.963280010,1,0,0
457.963280362,1,0,1
457.963281134,0,0,1
458.101976298,0,0,0
458.101977536,0,1,0
458.101978716,1,1,0
458.240674278,1,1,1
458.240675154,1,0,1
458.240676330,0,0,1
458.379372744,0,1,1
458.379374278,0,1,0
458.379374974,1,1,0
458.518071258,1,1,1
458.518071300,1,0,1
458.518072526,0,0,1
458.656769132,0,0,0
458.656769824,0,1,0
458.656771108,1,1,0
458.795498172,1,1,1
458.795498442,1,0,1
458.795499722,0,0,1
458.934195968,0,1,1
458.934197172,0,1,0
458.934197242,1,1,0
459.072893026,1,1,1
459.072893524,1,0,1
459.072894918,0,0,1
459.211592112,0,1,1
459.211593026,0,1,0
459.211593500,1,1,0
459.350288732,1,0,0
459.350290066,1,0,1
459.350291116,0,0,1
459.488987942,0,0,0
459.488988194,0,1,0
459.488989696,1,1,0
459.627685920,1,1,1
459.627686812,1,0,1
459.627687310,0,0,1
459.766382918,0,0,0
459.766384402,0,1,0
459.766384890,1,1,0
459.905111836,1,1,1
459.905111956,1,0,1
459.905113504,0,0,1
460.043839544,0,1,1
460.043841834,0,1,0
460.043842088,1,1,0
460.182568750,1,1,1
460.182569098,1,0,1
460.182570700,0,0,1
460.321297686,0,1,1
460.321297750,0,1,0
460.321299282,1,1,0
460.459995116,1,0,0
460.459995728,1,0,1
460.459996896,0,0,1
460.598693706,0,1,1
460.598694664,0,1,0
460.598695540,1,1,0
460.737390324,1,0,0
460.737392644,1,0,1
460.737393090,0,0,1
460.876119850,0,1,1
460.876120642,0,1,0
460.876121734,1,1,0
461.014848468,1,0,0
461.014848558,1,0,1
461.014850286,0,0,1
461.153546494,0,0,0
461.153546992,0,1,0
461.153547866,1,1,0
461.292244548,1,0,0
461.292245472,1,0,1
461.292246480,0,0,1
461.430941136,0,1,1
461.430943470,0,1,0
461.430944062,1,1,0
461.569670388,1,1,1
461.569671752,1,0,1
461.569672676,0,0,1
461.708399278,0,1,1
461.708400386,0,1,0
461.708401256,1,1,0
461.847127832,1,0,0
461.847128302,1,0,1
461.847129870,0,0,1
461.985886420,0,1,1
461.985887302,0,1,0
461.985888452,1,1,0
462.124554216,1,1,1
462.124555038,1,0,1
462.124556066,0,0,1
462.263253216,0,0,0
462.263253500,0,1,0
462.263254708,1,1,0
462.401980118,1,0,0
462.401980130,1,0,1
462.401982322,0,0,1
462.540679130,0,0,0
462.540679580,0,1,0
462.540680904,1,1,0
462.679376198,1,0,0
462.679377106,1,0,1
462.679378516,0,0,1
462.818075044,0,0,0
462.818075786,0,1,0
462.818077036,1,1,0
462.956804340,1,0,0
462.956805020,1,0,1
462.956805712,0,0,1
463.095501958,0,0,0
463.095502866,0,1,0
463.095503230,1,1,0
463.234229936,1,1,1
463.234230546,1,0,1
463.234231904,0,0,1
463.372927008,0,1,1
463.372928934,0,1,0
463.372929486,1,1,0
463.511625850,1,1,1
463.511626626,1,0,1
463.511628036,0,0,1
463.650354848,0,0,0
463.650355212,0,1,0
463.650356680,1,1,0
463.789052764,1,1,1
463.789052766,1,0,1
463.789052774,1,1,1
463.789052780,1,0,1
463.789054230,0,0,1
463.927749700,0,0,0
463.927750292,0,1,0
463.927751812,1,1,0
464.066479740,1,1,1
464.066479910,1,0,1
464.066480490,0,0,1
464.205206434,0,1,1
464.205206676,0,1,0
464.205209070,1,1,0
464.343905654,1,1,1
464.343906052,1,0,1
464.343907684,0,0,1
464.482603576,0,1,1
464.482603592,0,1,0
464.482605200,1,1,0
464.621300568,1,1,1
464.621302132,1,0,1
464.621302814,0,0,1
464.759999720,0,1,1
464.760000504,0,1,0
464.760001396,1,1,0
464.898697482,1,1,1
464.898698274,1,0,1
464.898699072,0,0,1
465.037395800,0,1,1
465.037396480,0,1,0
465.037397590,1,1,0
465.176092394,1,1,1
465.176094416,1,0,1
465.176095202,0,0,1
465.314791004,0,1,1
465.314791332,0,1,0
465.314792846,1,1,0
465.453489558,1,0,0
465.453490308,1,0,1
465.453491396,0,0,1
465.592186308,0,0,0
465.592187020,0,1,0
465.592188978,1,1,0
465.730883636,1,0,0
465.730886222,1,0,1
465.730886654,0,0,1
465.869583224,0,1,1
465.869584220,0,1,0
465.869585232,1,1,0
466.008280200,1,1,1
466.008281780,1,0,1
466.008282786,0,0,1
466.146980132,0,0,0
466.146980304,0,1,0
466.146981428,1,1,0
466.285677050,1,1,1
466.285677922,1,0,1
466.285678978,0,0,1
466.424405108,0,0,0
466.424406444,0,1,0
466.424407560,1,1,0
466.563134062,1,0,0
466.563134964,1,0,1
466.563136172,0,0,1
466.701831648,0,1,1
466.701833022,0,1,0
466.701833752,1,1,0
466.840531140,1,0,0
466.840531938,1,0,1
466.840532366,0,0,1
466.979227872,0,0,0
466.979228728,0,1,0
466.979230008,1,1,0
467.117956284,1,0,0
467.117956852,1,0,1
467.117958558,0,0,1
467.256654848,0,0,0
467.256655870,0,1,0
467.256656138,1,1,0
467.395382424,1,0,0
467.395383764,1,0,1
467.395384752,0,0,1
467.534080762,0,0,0
467.534081010,0,1,0
467.534083332,1,1,0
467.672779502,1,0,0
467.672779678,1,0,1
467.672780944,0,0,1
467.811476090,0,1,1
467.811476674,0,1,0
467.811478588,1,1,0
467.950174652,1,1,1
467.950175706,1,0,1
467.950177138,0,0,1
468.088872588,0,0,0
468.088873294,0,1,0
468.088874718,1,1,0
468.227572566,1,1,1
468.227572786,1,0,1
468.227573330,0,0,1
468.366300372,0,1,1
468.366301500,0,1,0
468.366301914,1,1,0
468.504997478,1,1,1
468.504997926,1,0,1
468.504999524,0,0,1
468.643696412,0,0,0
468.643696512,0,1,0
468.643697106,1,1,0
468.782423068,1,0,0
468.782424390,1,0,1
468.782425718,0,0,1
468.921122388,0,0,0
468.921123654,0,1,0
468.921124298,1,1,0
469.059850208,1,0,0
469.059852302,1,0,1
469.059852910,0,0,1
469.198578300,0,0,0
469.198578732,0,1,0
469.198580552,1,1,0
469.337278214,1,1,1
469.337278286,1,0,1
469.337279104,0,0,1
469.475974936,0,1,1
469.475975150,0,1,0
469.475976748,1,1,0
469.614674126,1,1,1
469.614674614,1,0,1
469.614675296,0,0,1
469.753371188,0,0,0
469.753372014,0,1,0
469.753372938,1,1,0
469.892069040,1,1,1
469.892069630,1,0,1
469.892070488,0,0,1
470.030768038,0,0,0
470.030769070,1,0,0
470.030769154,1,1,0
470.169464708,1,0,0
470.169465014,1,0,1
470.169466684,0,0,1
470.308163948,0,0,0
470.308164232,0,1,0
470.308165262,1,1,0
470.446891910,1,0,0
470.446892926,1,0,1
470.446893936,0,0,1
470.585589924,0,0,0
470.585590372,0,1,0
470.585591516,1,1,0
470.724317988,1,0,0
470.724318840,1,0,1
470.724320130,0,0,1
470.863015514,0,1,1
470.863015836,0,1,0
470.863017708,1,1,0
471.001714874,1,1,1
471.001715130,1,0,1
471.001716260,0,0,1
471.140411654,0,1,1
471.140412748,0,1,0
471.140413840,1,1,0
471.279140662,1,1,1
471.279141270,1,0,1
471.279142514,0,0,1
471.417868794,0,1,1
471.417869660,0,1,0
471.417871096,1,1,0
471.556566576,1,1,1
471.556567346,1,0,1
471.556568708,0,0,1
471.695295636,0,0,0
471.695296120,0,1,0
471.695297224,1,1,0
471.833993548,1,0,1
471.833994900,0,0,1
471.972691484,0,0,0
471.972692074,0,1,0
471.972693478,1,1,0
472.111389460,1,1,1
472.111389628,1,0,1
472.111391090,0,0,1
472.250118396,0,0,0
472.250119150,0,1,0
472.250119670,1,1,0
472.388816766,1,0,0
472.388817372,1,0,1
472.388818220,0,0,1
472.527514290,0,1,1
472.527514370,0,1,0
472.527515862,1,1,0
472.666211908,1,0,0
472.666212284,1,0,1
472.666213474,0,0,1
472.804910032,0,0,0
472.804910432,0,1,0
472.804912056,1,1,0
472.943607984,1,0,0
472.943608196,1,0,1
472.943609666,0,0,1
473.082306194,0,0,0
473.082306508,0,1,0
473.082308246,1,1,0
473.221034106,1,1,1
473.221034126,1,0,1
473.221035858,0,0,1
473.359761646,0,1,1
473.359762104,0,1,0
473.359764440,1,1,0
473.498461018,1,1,1
473.498461264,1,0,1
473.498463052,0,0,1
473.637158786,0,1,1
473.637159016,0,1,0
473.637160630,1,1,0
473.775857992,1,1,1
473.775858340,1,0,1
473.775859242,0,0,1
473.914554926,0,0,0
473.914556490,0,1,0
473.914556822,1,1,0
474.053252542,1,0,0
474.053252842,1,0,1
474.053254496,0,0,1
474.191951128,0,1,1
474.191951838,0,1,0
474.191952952,1,1,0
474.330648620,1,0,0
474.330648816,1,0,1
474.330650626,0,0,1
474.469346142,0,1,1
474.469347748,0,1,0
474.469349204,1,1,0
474.608105726,1,1,1
474.608105758,1,0,1
474.608107816,0,0,1
474.746803344,0,1,1
474.746804724,0,1,0
474.746805460,1,1,0
474.885593574,1,1,1
474.885593836,1,0,1
474.885595008,0,0,1
475.024290572,0,0,0
475.024292484,0,1,0
475.024293588,1,1,0
475.162989548,1,1,1
475.162989974,1,0,1
475.162991262,0,0,1
475.301717482,0,0,0
475.301717560,0,1,0
475.301719778,1,1,0
475.440447114,1,0,0
475.440447458,1,0,1
475.440448454,0,0,1
475.579144394,0,0,0
475.579144698,0,1,0
475.579145970,1,1,0
475.717843314,1,0,0
475.717843370,1,0,1
475.717844582,0,0,1
475.856570838,0,1,1
475.856572430,0,1,0
475.856573224,1,1,0
475.995269280,1,1,1
475.995269390,1,0,1
475.995270774,0,0,1
476.133965976,0,1,1
476.133966278,0,1,0
476.133968350,1,1,0
476.272664252,1,1,1
476.272665528,1,0,1
476.272667026,0,0,1
476.411363054,0,1,1
476.411364374,0,1,0
476.411364604,1,1,0
476.550060100,1,1,1
476.550060668,1,0,1
476.550063154,0,0,1
476.688758098,0,0,0
476.688759254,0,1,0
476.688760732,1,1,0
476.827487744,1,0,0
476.827488074,1,0,1
476.827489346,0,0,1
476.966216008,0,0,0
476.966216330,0,1,0
476.966217986,1,1,0
477.104912984,1,1,1
477.104914882,1,0,1
477.104915598,0,0,1
477.243611406,0,1,1
477.243612918,0,1,0
477.243614116,1,1,0
477.382309894,1,1,1
477.382311020,1,0,1
477.382311788,0,0,1
477.521007544,0,1,1
477.521007890,0,1,0
477.521009430,1,1,0
477.659706160,1,0,0
477.659706866,1,0,1
477.659707916,0,0,1
477.798435682,0,1,1
477.798435800,0,1,0
477.798436558,1,1,0
477.937131714,1,1,1
477.937132298,1,0,1
477.937134170,0,0,1
478.075860882,0,1,1
478.075861710,0,1,0
478.075862748,1,1,0
478.214558436,1,0,0
478.214558624,1,0,1
478.214560358,0,0,1
478.353257620,0,0,0
478.353257958,0,1,0
478.353258876,1,1,0
478.491955512,1,0,0
478.491955596,1,0,1
478.491956488,0,0,1
478.630652530,0,0,0
478.630653096,0,1,0
478.630654128,1,1,0
478.769351444,1,1,1
478.769351648,1,0,1
478.769352802,0,0,1
478.908049172,0,1,1
478.908049502,0,1,0
478.908050256,1,1,0
479.046746416,1,1,1
479.046748786,1,0,1
479.046748930,0,0,1
479.185444372,0,1,1
479.185445350,0,1,0
479.185446510,1,1,0
479.324142326,1,1,1
479.324142862,1,0,1
479.324144056,0,0,1
479.462840448,0,1,1
479.462842324,0,1,0
479.462842700,1,1,0
479.601538062,1,0,0
479.601539234,1,0,1
479.601540308,0,0,1
479.740238230,0,0,0
479.740238648,0,1,0
479.740238888,1,1,0
479.878935138,1,0,0
479.878935144,1,0,1
479.878936498,0,0,1
480.017663722,0,1,1
480.017664018,0,1,0
480.017665078,1,1,0
480.156361054,1,1,1
480.156361274,1,0,1
480.156362688,0,0,1
480.295059048,0,0,0
480.295059798,0,1,0
480.295061268,1,1,0
480.433817962,1,1,1
480.433818474,1,0,1
480.433819878,0,0,1
480.572515958,0,0,0
480.572516934,0,1,0
480.572518456,1,1,0
480.711213934,1,1,1
480.711214548,1,0,1
480.711216066,0,0,1
480.849912134,0,1,1
480.849912868,0,1,0
480.849913646,1,1,0
480.988610624,1,0,0
480.988610842,1,0,1
480.988612256,0,0,1
481.127308840,0,0,0
481.127309208,0,1,0
481.127309834,1,1,0
481.266005824,1,0,0
481.266007690,1,0,1
481.266008510,0,0,1
481.404704686,0,0,0
481.404705408,0,1,0
481.404705964,1,1,0
481.543401898,1,0,0
481.543402660,1,0,1
481.543403636,0,0,1
481.682100420,0,1,1
481.682101656,0,1,0
481.682102214,1,1,0
481.820798096,1,0,0
481.820798570,1,0,1
481.820799886,0,0,1
481.959495504,0,0,0
481.959495558,0,1,0
481.959497404,1,1,0
482.098194478,1,1,1
482.098195172,1,0,1
482.098196014,0,0,1
482.236891694,0,1,1
482.236892474,0,1,0
482.236893592,1,1,0
482.375590308,1,0,0
482.375590448,1,0,1
482.375592204,0,0,1
482.514288384,0,0,0
482.514288392,0,1,0
482.514289780,1,1,0
482.653016356,1,1,1
482.653017444,1,0,1
482.653018390,0,0,1
482.791714290,0,0,0
482.791714966,0,1,0
482.791715906,1,1,0
482.930413266,1,1,1
482.930413582,1,0,1
482.930414580,0,0,1
483.069141260,0,0,0
483.069142104,0,1,0
483.069143096,1,1,0
483.207837718,1,0,0
483.207839174,1,0,1
483.207840768,0,0,1
483.346536238,0,1,1
483.346537106,0,1,0
483.346538348,1,1,0
483.485233790,1,0,0
483.485235082,1,0,1
483.485236956,0,0,1
483.623963374,0,1,1
483.623964702,0,1,0
483.623965534,1,1,0
483.762661864,1,0,0
483.762661990,1,0,1
483.762663146,0,0,1
483.901360448,0,1,1
483.901360984,0,1,0
483.901361786,1,1,0
484.040086896,1,1,1
484.040087000,1,0,1
484.040089334,0,0,1
484.178815894,0,0,0
484.178816584,0,1,0
484.178817910,1,1,0
484.317513804,1,1,1
484.317515198,1,0,1
484.317516520,0,0,1
484.456211800,0,0,0
484.456212658,0,1,0
484.456214098,1,1,0
484.594910770,1,0,0
484.594910774,1,0,1
484.594912772,0,0,1
484.733608708,0,0,0
484.733608856,0,1,0
484.733610286,1,1,0
484.872306470,1,0,0
484.872306620,1,0,1
484.872307896,0,0,1
485.011033930,0,1,1
485.011034616,0,1,0
485.011036474,1,1,0
485.149762590,1,1,1
485.149763542,1,0,1
485.149765148,0,0,1
485.288462064,0,1,1
485.288462522,0,1,0
485.288463724,1,1,0
485.427159678,1,0,0
485.427160498,1,0,1
485.427161272,0,0,1
485.565888430,0,0,0
485.565889200,0,1,0
485.565889912,1,1,0
485.704585752,1,0,0
485.704586404,1,0,1
485.704587460,0,0,1
485.843284334,0,1,1
485.843285400,0,1,0
485.843286036,1,1,0
485.981981374,1,1,1
485.981981950,1,0,1
485.981983710,0,0,1
486.120680244,0,0,0
486.120680470,0,1,0
486.120681286,1,1,0
486.259409084,1,0,0
486.259409282,1,0,1
486.259409834,0,0,1
486.398105150,0,0,0
486.398107668,0,1,0
486.398108474,1,1,0
486.536804188,1,1,1
486.536805156,1,0,1
486.536806020,0,0,1
486.675501120,0,0,0
486.675501678,0,1,0
486.675503598,1,1,0
486.814200094,1,1,1
486.814200292,1,0,1
486.814202270,0,0,1
486.952898876,0,1,1
486.952899026,0,1,0
486.952899788,1,1,0
487.091626002,1,1,1
487.091626364,1,0,1
487.091628460,0,0,1
487.230324948,0,1,1
487.230325996,0,1,0
487.230327036,1,1,0
487.369022560,1,0,0
487.369022846,1,0,1
487.369024646,0,0,1
487.507721020,0,1,1
487.507721840,0,1,0
487.507722162,1,1,0
487.646419634,1,0,0
487.646419814,1,0,1
487.646420770,0,0,1
487.785116216,0,1,1
487.785116810,0,1,0
487.785118410,1,1,0
487.923815722,1,1,1
487.923815768,1,0,1
487.923816958,0,0,1
488.062542716,0,0,0
488.062543350,0,1,0
488.062544598,1,1,0
488.201241628,1,1,1
488.201241904,1,0,1
488.201243206,0,0,1
488.339970422,0,1,1
488.339970624,0,1,0
488.339971784,1,1,0
488.478667598,1,1,1
488.478669038,1,0,1
488.478669394,0,0,1
488.617395530,0,0,0
488.617396558,0,1,0
488.617397970,1,1,0
488.756093172,1,0,0
488.756093502,1,0,1
488.756095580,0,0,1
488.894791498,0,0,0
488.894793692,0,1,0
488.894794156,1,1,0
489.033520244,1,0,0
489.033522410,1,0,1
489.033522766,0,0,1
489.172218828,0,1,1
489.172219342,0,1,0
489.172220344,1,1,0
489.310917378,1,0,0
489.310918316,1,0,1
489.310918952,0,0,1
489.449614248,0,0,0
489.449615900,0,1,0
489.449616530,1,1,0
489.588312512,1,0,0
489.588313222,1,0,1
489.588314140,0,0,1
489.727041216,0,0,0
489.727042096,0,1,0
489.727042716,1,1,0
489.865739128,1,1,1
489.865740646,1,0,1
489.865741324,0,0,1
490.004436122,0,0,0
490.004438168,0,1,0
490.004438904,1,1,0
490.143135096,1,1,1
490.143135780,1,0,1
490.143136512,0,0,1
490.281833364,0,1,1
490.281833966,0,1,0
490.281835088,1,1,0
490.420530852,1,0,0
490.420530940,1,0,1
490.420532760,0,0,1
490.559229434,0,1,1
490.559229934,0,1,0
490.559231336,1,1,0
490.697926720,1,1,1
490.697926986,1,0,1
490.697928882,0,0,1
490.836624568,0,1,1
490.836624902,0,1,0
490.836626460,1,1,0
490.975323120,1,0,0
490.975323814,1,0,1
490.975325130,0,0,1
491.114051702,0,1,1
491.114052808,0,1,0
491.114053644,1,1,0
491.252750314,1,0,0
491.252750720,1,0,1
491.252751316,0,0,1
491.391447714,0,0,0
491.391447774,0,1,0
491.391448892,1,1,0
491.530146624,1,1,1
491.530147386,1,0,1
491.530147440,0,0,1
491.668842908,0,1,1
491.668844618,0,1,0
491.668845078,1,1,0
491.807541458,1,0,0
491.807542530,1,0,1
491.807543688,0,0,1
491.946269524,0,0,0
491.946271040,0,1,0
491.946272262,1,1,0
492.084968434,1,1,1
492.084969654,1,0,1
492.084969872,0,0,1
492.223696430,0,0,0
492.223697174,0,1,0
492.223698384,1,1,0
492.362394404,1,1,1
492.362394786,1,0,1
492.362396058,0,0,1
492.501092244,0,1,1
492.501092272,0,1,0
492.501094696,1,1,0
492.639789796,1,0,0
492.639790308,1,0,1
492.639792304,0,0,1
492.778487240,0,0,0
492.778487438,0,1,0
492.778489818,1,1,0
492.917186988,1,0,0
492.917187212,1,0,1
492.917188426,0,0,1
493.055884510,0,1,1
493.055885144,0,1,0
493.055886002,1,1,0
493.194583118,1,1,1
493.194584060,1,0,1
493.194584610,0,0,1
493.333280642,0,1,1
493.333281112,0,1,0
493.333282186,1,1,0
493.471978256,1,0,0
493.471979084,1,0,1
493.471979796,0,0,1
493.610675714,0,1,1
493.610676954,0,1,0
493.610678434,1,1,0
493.749373926,1,1,1
493.749374326,1,0,1
493.749375980,0,0,1
493.888073908,0,1,1
493.888073922,0,1,0
493.888074618,1,1,0
494.026799832,1,1,1
494.026800458,1,0,1
494.026802166,0,0,1
494.165498824,0,0,0
494.165500040,0,1,0
494.165500740,1,1,0
494.304196590,1,0,0
494.304196798,1,0,1
494.304198348,0,0,1
494.442894730,0,0,0
494.442896174,0,1,0
494.442896924,1,1,0
494.581623640,1,1,1
494.581624662,1,0,1
494.581625532,0,0,1
494.720321306,0,1,1
494.720321696,0,1,0
494.720323172,1,1,0
494.859050608,1,1,1
494.859050856,1,0,1
494.859051780,0,0,1
494.997747602,0,0,0
494.997748376,0,1,0
494.997749358,1,1,0
495.136446574,1,1,1
495.136446988,1,0,1
495.136447964,0,0,1
495.275174508,0,1,1
495.275175442,0,1,0
495.275176540,1,1,0
495.413873354,1,1,1
495.413873374,1,0,1
495.413874086,0,0,1
495.552661410,0,0,0
495.552662640,0,1,0
495.552663724,1,1,0
495.691359320,1,1,1
495.691360190,1,0,1
495.691361270,0,0,1
495.830057710,0,1,1
495.830058314,0,1,0
495.830059846,1,1,0
495.968755322,1,0,0
495.968756286,1,0,1
495.968757516,0,0,1
496.107452842,0,1,1
496.107453968,0,1,0
496.107455092,1,1,0
496.246152190,1,1,1
496.246152390,1,0,1
496.246153638,0,0,1
496.384849974,0,1,1
496.384850122,0,1,0
496.384851214,1,1,0
496.523547096,1,1,1
496.523548522,1,0,1
496.523549884,0,0,1
496.662245088,0,0,0
496.662246044,0,1,0
496.662247398,1,1,0
496.800973998,1,1,1
496.800975654,1,0,1
496.800976068,0,0,1
496.939671236,0,1,1
496.939671992,0,1,0
496.939673644,1,1,0
497.078400902,1,1,1
497.078401786,1,0,1
497.078402190,0,0,1
497.217098306,0,1,1
497.217099832,0,1,0
497.217100828,1,1,0
497.355795918,1,0,0
497.355796804,1,0,1
497.355798436,0,0,1
497.494493438,0,1,1
497.494494798,0,1,0
497.494495950,1,1,0
497.633192988,1,0,0
497.633193710,1,0,1
497.633194620,0,0,1
497.771890702,0,0,0
497.771891506,0,1,0
497.771892196,1,1,0
497.910588182,1,0,0
497.910590674,1,0,1
497.910590742,0,0,1
498.049286606,0,0,0
498.049287700,0,1,0
498.049288380,1,1,0
498.187983516,1,1,1
498.187984250,1,0,1
498.187985988,0,0,1
498.326712832,0,1,1
498.326713508,0,1,0
498.326714562,1,1,0
498.465440418,1,1,1
498.465442382,1,0,1
498.465443170,0,0,1
498.604169962,0,1,1
498.604170474,0,1,0
498.604171746,1,1,0
498.742868512,1,0,0
498.742869322,1,0,1
498.742870354,0,0,1
498.881566032,0,1,1
498.881566378,0,1,0
498.881567928,1,1,0
499.020263642,1,0,0
499.020265288,1,0,1
499.020265536,0,0,1
499.158962164,0,1,1
499.158963282,0,1,0
499.158964112,1,1,0
499.297660190,1,1,1
499.297660712,1,0,1
499.297661720,0,0,1
499.436358184,0,0,0
499.436358294,0,1,0
499.436359234,1,1,0
499.575056906,1,0,0
499.575057156,1,0,1
499.575057904,0,0,1
499.713753424,0,1,1
499.713754588,0,1,0
499.713755478,1,1,0
499.852451974,1,0,0
499.852451996,1,0,1
499.852454148,0,0,1
499.991150556,0,1,1
499.991150990,0,1,0
499.991151662,1,1,0
500.129847168,1,0,0
500.129847962,1,0,1
500.129849268,0,0,1
500.268545894,0,0,0
500.268547624,0,1,0
500.268547906,1,1,0
500.407274802,1,1,1
500.407275238,1,0,1
500.407276452,0,0,1
500.545972796,0,0,0
500.545972818,0,1,0
500.545974026,1,1,0
500.684670706,1,1,1
500.684671304,1,0,1
500.684672698,0,0,1
500.823368698,0,0,0
500.823368886,0,1,0
500.823370210,1,1,0
500.962066498,1,0,0
500.962066672,1,0,1
500.962067816,0,0,1
501.100793956,0,1,1
501.100795602,0,1,0
501.100796392,1,1,0
501.239522566,1,0,0
501.239524574,1,0,1
501.239525000,0,0,1
501.378251568,0,0,0
501.378253086,0,1,0
501.378253576,1,1,0
501.516949476,1,1,1
501.516949696,1,0,1
501.516951182,0,0,1
501.655648280,0,1,1
501.655648468,0,1,0
501.655649822,1,1,0
501.794345828,1,0,0
501.794346442,1,0,1
501.794347428,0,0,1
501.933044310,0,0,0
501.933044348,0,1,0
501.933045942,1,1,0
502.071741282,1,1,1
502.071742896,1,0,1
502.071743612,0,0,1
502.210438478,0,1,1
502.210440274,0,1,0
502.210441188,1,1,0
502.349137028,1,0,0
502.349137246,1,0,1
502.349139792,0,0,1
502.487866608,0,1,1
502.487867178,0,1,0
502.487868370,1,1,0
502.626564148,1,1,1
502.626564166,1,0,1
502.626565976,0,0,1
502.765261678,0,1,1
502.765262078,0,1,0
502.765263488,1,1,0
502.903961052,1,1,1
502.903961288,1,0,1
502.903962096,0,0,1
503.042657808,0,1,1
503.042659044,0,1,0
503.042659734,1,1,0
503.181357016,1,1,1
503.181357356,1,0,1
503.181358280,0,0,1
503.320053938,0,1,1
503.320055854,1,1,1
503.320056196,1,1,0
503.458751550,1,0,0
503.458751856,1,0,1
503.458753524,0,0,1
503.597450068,0,1,1
503.597450848,0,1,0
503.597452100,1,1,0
503.736147820,1,1,1
503.736148618,1,0,1
503.736149646,0,0,1
503.874846688,0,0,0
503.874847198,0,1,0
503.874848282,1,1,0
504.013543724,1,1,1
504.013543746,1,0,1
504.013545888,0,0,1
504.152241652,0,0,0
504.152242266,0,1,0
504.152243464,1,1,0
504.290939624,1,1,1
504.290939814,1,0,1
504.290942072,0,0,1
504.429638396,0,1,1
504.429638554,0,1,0
504.429639648,1,1,0
504.568397526,1,1,1
504.568398008,1,0,1
504.568399254,0,0,1
504.707094456,0,0,0
504.707094526,0,1,0
504.707096830,1,1,0
504.845792138,1,0,0
504.845793430,1,0,1
504.845794372,0,0,1
504.984491422,0,0,0
504.984491596,0,1,0
504.984493012,1,1,0
505.123189392,1,1,1
505.123190206,1,0,1
505.123190618,0,0,1
505.261885786,0,1,1
505.261888262,0,1,0
505.261889254,1,1,0
505.400615232,1,1,1
505.400615274,1,0,1
505.400616800,0,0,1
505.539313854,0,1,1
505.539314286,0,1,0
505.539315374,1,1,0
505.678010466,1,0,0
505.678012132,1,0,1
505.678013044,0,0,1
505.816710046,0,1,1
505.816710126,0,1,0
505.816711554,1,1,0
505.955407532,1,0,0
505.955408098,1,0,1
505.955409162,0,0,1
506.094105028,0,0,0
506.094105364,0,1,0
506.094106738,1,1,0
506.232803724,1,0,0
506.232804998,1,0,1
506.232805344,0,0,1
506.371501182,0,1,1
506.371501928,0,1,0
506.371502918,1,1,0
506.510260792,1,0,0
506.510260900,1,0,1
506.510262526,0,0,1
506.648988830,0,0,0
506.648989310,0,1,0
506.648991162,1,1,0
506.787686990,1,1,1
506.787687920,1,0,1
506.787688706,0,0,1
506.926384794,0,0,0
506.926385502,0,1,0
506.926386282,1,1,0
507.065082702,1,1,1
507.065082988,1,0,1
507.065084888,0,0,1
507.203781570,0,1,1
507.203781694,0,1,0
507.203782524,1,1,0
507.342509180,1,0,0
507.342509666,1,0,1
507.342511070,0,0,1
507.481238534,0,0,0
507.481238698,0,1,0
507.481239644,1,1,0
507.619935310,1,0,0
507.619935506,1,0,1
507.619937312,0,0,1
507.758664498,0,0,0
507.758664828,0,1,0
507.758665888,1,1,0
507.897393376,1,0,0
507.897393468,1,0,1
507.897394432,0,0,1
508.036120956,0,1,1
508.036121398,0,1,0
508.036123006,1,1,0
508.174819368,1,1,1
508.174819568,1,0,1
508.174820612,0,0,1
508.313517360,0,0,0
508.313518210,0,1,0
508.313519248,1,1,0
508.452246270,1,1,1
508.452246572,1,0,1
508.452247792,0,0,1
508.590944214,0,1,1
508.590944262,0,1,0
508.590945430,1,1,0
508.729642764,1,0,0
508.729643170,1,0,1
508.729643974,0,0,1
508.868339280,0,1,1
508.868340162,0,1,0
508.868341612,1,1,0
509.007098892,1,0,0
509.007099070,1,0,1
509.007100218,0,0,1
509.145797062,0,0,0
509.145798410,0,1,0
509.145798730,1,1,0
509.284494958,1,0,0
509.284495034,1,0,1
509.284496336,0,0,1
509.423192964,0,0,0
509.423194538,0,1,0
509.423194974,1,1,0
509.561890934,1,1,1
509.561891086,1,0,1
509.561892580,0,0,1
509.700588668,0,1,1
509.700588926,0,1,0
509.700590090,1,1,0
509.839317216,1,0,0
509.839317834,1,0,1
509.839318760,0,0,1
509.978014734,0,1,1
509.978015826,0,1,0
509.978017270,1,1,0
510.116713672,1,1,1
510.116714282,1,0,1
510.116714940,0,0,1
510.255411728,0,0,0
510.255411864,0,1,0
510.255412514,1,1,0
510.394140134,1,1,1
510.394140410,1,0,1
510.394141122,0,0,1
510.532837992,0,1,1
510.532838626,0,1,0
510.532839694,1,1,0
510.671566602,1,0,0
510.671567598,1,0,1
510.671568238,0,0,1
510.810264058,0,1,1
510.810264528,0,1,0
510.810265876,1,1,0
510.948961668,1,0,0
510.948962436,1,0,1
510.948963480,0,0,1
511.087660248,0,1,1
511.087661426,0,1,0
511.087662054,1,1,0
511.226388398,1,1,1
511.226388796,1,0,1
511.226390662,0,0,1
511.365117326,0,0,0
511.365118314,0,1,0
511.365119172,1,1,0
511.503814298,1,1,1
511.503815862,1,0,1
511.503816842,0,0,1
511.642512442,0,1,1
511.642513226,0,1,0
511.642514414,1,1,0
511.781241198,1,1,1
511.781241990,1,0,1
511.781242958,0,0,1
511.919970126,0,0,0
511.919970570,0,1,0
511.919971594,1,1,0
512.058669098,1,1,1
512.058669118,1,0,1
512.058670200,0,0,1
512.197365088,0,0,0
512.197366636,0,1,0
512.197367712,1,1,0
512.336062996,1,1,1
512.336064248,1,0,1
512.336065318,0,0,1
512.474762826,0,1,1
512.474763050,0,1,0
512.474763954,1,1,0
512.613490958,1,1,1
512.613491312,1,0,1
512.613492560,0,0,1
512.752188894,0,1,1
512.752188948,0,1,0
512.752190134,1,1,0
512.890886796,1,1,1
512.890887502,1,0,1
512.890888740,0,0,1
513.029614848,0,0,0
513.029615020,0,1,0
513.029616250,1,1,0
513.168312570,1,0,0
513.168312820,1,0,1
513.168314858,0,0,1
513.307041686,0,0,0
513.307043088,0,1,0
513.307043432,1,1,0
513.445738698,1,0,0
513.445739656,1,0,1
513.445741102,0,0,1
513.584438278,0,1,1
513.584438586,0,1,0
513.584439674,1,1,0
513.723135618,1,1,1
513.723135826,1,0,1
513.723137216,0,0,1
513.861833342,0,1,1
513.861833548,0,1,0
513.861834854,1,1,0
514.000531268,1,1,1
514.000531952,1,0,1
514.000533460,0,0,1
514.139229448,0,0,0
514.139229534,0,1,0
514.139230972,1,1,0
514.277926418,1,1,1
514.277928080,1,0,1
514.277928578,0,0,1
514.416625346,0,0,0
514.416625536,0,1,0
514.416627212,1,1,0
514.555353316,1,1,1
514.555354208,1,0,1
514.555355756,0,0,1
514.694052246,0,0,0
514.694052664,0,1,0
514.694053330,1,1,0
514.832779272,1,0,0
514.832780216,1,0,1
514.832781936,0,0,1
514.971508144,0,0,0
514.971508854,0,1,0
514.971510570,1,1,0
515.110205400,1,0,0
515.110207114,1,0,1
515.110208178,0,0,1
515.248904982,0,1,1
515.248905042,0,1,0
515.248906688,1,1,0
515.387602528,1,0,0
515.387603012,1,0,1
515.387604356,0,0,1
515.526300984,0,1,1
515.526301004,0,1,0
515.526302928,1,1,0
515.664998656,1,0,0
515.664998974,1,0,1
515.665000536,0,0,1
515.803696174,0,1,1
515.803696840,0,1,0
515.803698046,1,1,0
515.942424872,1,1,1
515.942425720,1,0,1
515.942426652,0,0,1
516.081153300,0,1,1
516.081153864,0,1,0
516.081155224,1,1,0
516.219852770,1,1,1
516.219852910,1,0,1
516.219853894,0,0,1
516.358550364,0,1,1
516.358550700,0,1,0
516.358551466,1,1,0
516.497246668,1,1,1
516.497246974,1,0,1
516.497249010,0,0,1
516.635947554,0,1,1
516.635947598,0,1,0
516.635947646,1,1,0
516.774642476,1,0,0
516.774643568,1,0,1
516.774645250,0,0,1
516.913341558,0,0,0
516.913342620,0,1,0
516.913343762,1,1,0
517.052039166,1,0,0
517.052040528,1,0,1
517.052041430,0,0,1
517.190736394,0,0,0
517.190737810,0,1,0
517.190739002,1,1,0
517.329465356,1,0,0
517.329466426,1,0,1
517.329467546,0,0,1
517.468163934,0,1,1
517.468164354,0,1,0
517.468166180,1,1,0
517.606862262,1,1,1
517.606863482,1,0,1
517.606863786,0,0,1
517.745559254,0,0,0
517.745559936,0,1,0
517.745561296,1,1,0
517.884258222,1,1,1
517.884258548,1,0,1
517.884259904,0,0,1
518.022955214,0,0,0
518.022957064,0,1,0
518.022957538,1,1,0
518.161654674,1,0,0
518.161655122,1,0,1
518.161656146,0,0,1
518.300382112,0,0,0
518.300383190,0,1,0
518.300383718,1,1,0
518.439079802,1,0,0
518.439080956,1,0,1
518.439082324,0,0,1
518.577778318,0,1,1
518.577779010,0,1,0
518.577779834,1,1,0
518.716476864,1,0,0
518.716476918,1,0,1
518.716478502,0,0,1
518.855174444,0,1,1
518.855174908,0,1,0
518.855176074,1,1,0
518.993870814,1,1,1
518.993870992,1,0,1
518.993873678,0,0,1
519.132569570,0,1,1
519.132570806,0,1,0
519.132572190,1,1,0
519.271268712,1,1,1
519.271269118,1,0,1
519.271269794,0,0,1
519.409996696,0,1,1
519.409997452,0,1,0
519.409998430,1,1,0
519.548695610,1,1,1
519.548696182,1,0,1
519.548697036,0,0,1
519.687392600,0,0,0
519.687393762,0,1,0
519.687394610,1,1,0
519.826120370,1,0,0
519.826121508,1,0,1
519.826123152,0,0,1
519.964849496,0,0,0
519.964850888,0,1,0
519.964851786,1,1,0
520.103547434,1,0,0
520.103548468,1,0,1
520.103549390,0,0,1
520.242246014,0,1,1
520.242247394,0,1,0
520.242247902,1,1,0
520.380943366,1,1,1
520.380943560,1,0,1
520.380945570,0,0,1
520.519642140,0,1,1
520.519642354,0,1,0
520.519643142,1,1,0
520.658340200,1,1,1
520.658340748,1,0,1
520.658341746,0,0,1
520.797069250,0,0,0
520.797069266,0,1,0
520.797070320,1,1,0
520.935766222,1,1,1
520.935766812,1,0,1
520.935767926,0,0,1
521.074464086,0,0,0
521.074464390,0,1,0
521.074465498,1,1,0
521.213162056,1,1,1
521.213162874,1,0,1
521.213164104,0,0,1
521.351859044,0,0,0
521.351859454,0,1,0
521.351861676,1,1,0
521.490559002,1,0,0
521.490559952,1,0,1
521.490560218,0,0,1
521.629255880,0,0,0
521.629257580,0,1,0
521.629257792,1,1,0
521.767953126,1,0,0
521.767953912,1,0,1
521.767955396,0,0,1
521.906651706,0,1,1
521.906652902,0,1,0
521.906654032,1,1,0
522.045350252,1,0,0
522.045350808,1,0,1
522.045351574,0,0,1
522.184048736,0,0,0
522.184048894,0,1,0
522.184050208,1,1,0
522.322745706,1,1,1
522.322746376,1,0,1
522.322747874,0,0,1
522.461473956,0,1,1
522.461476384,1,1,1
522.461476632,1,1,0
522.600172440,1,0,0
522.600172602,1,0,1
522.600173990,0,0,1
522.738900592,0,0,0
522.738901018,0,1,0
522.738902562,1,1,0
522.877598622,1,1,1
522.877600628,1,0,1
522.877601166,0,0,1
523.016297426,0,0,0
523.016298144,0,1,0
523.016298740,1,1,0
523.154995458,1,1,1
523.154995754,1,0,1
523.154996406,0,0,1
523.293693386,0,0,0
523.293694270,0,1,0
523.293694916,1,1,0
523.432390878,1,0,0
523.432391290,1,0,1
523.432392520,0,0,1
523.571118394,0,1,1
523.571120282,0,1,0
523.571121094,1,1,0
523.709816942,1,0,0
523.709818188,1,0,1
523.709818700,0,0,1
523.848514520,0,1,1
523.848515178,0,1,0
523.848517270,1,1,0
523.987213066,1,0,0
523.987213148,1,0,1
523.987214874,0,0,1
524.125911646,0,1,1
524.125912074,0,1,0
524.125913446,1,1,0
524.264640252,1,0,0
524.264641042,1,0,1
524.264642050,0,0,1
524.403338032,0,0,0
524.403338706,0,1,0
524.403339624,1,1,0
524.542066876,1,1,1
524.542067314,1,0,1
524.542068290,0,0,1
524.680763832,0,1,1
524.680764928,0,1,0
524.680765800,1,1,0
524.819492440,1,0,0
524.819493836,1,0,1
524.819494404,0,0,1
524.958220764,0,0,0
524.958220894,0,1,0
524.958222976,1,1,0
525.096918730,1,1,1
525.096919566,1,0,1
525.096920580,0,0,1
525.235616082,0,1,1
525.235617722,0,1,0
525.235619214,1,1,0
525.374315564,1,0,0
525.374315628,1,0,1
525.374316756,0,0,1
525.513012618,0,0,0
525.513012956,0,1,0
525.513015328,1,1,0
525.651711586,1,1,1
525.651711752,1,0,1
525.651712932,0,0,1
525.790409268,0,1,1
525.790409512,0,1,0
525.790410566,1,1,0
525.929106876,1,0,0
525.929107420,1,0,1
525.929109108,0,0,1
526.067805392,0,1,1
526.067805410,0,1,0
526.067806680,1,1,0
526.206503000,1,0,0
526.206504378,1,0,1
526.206505346,0,0,1
526.345201304,0,0,0
526.345201518,0,1,0
526.345202856,1,1,0
526.483959062,1,0,0
526.483960272,1,0,1
526.483961460,0,0,1
526.622657262,0,0,0
526.622658704,0,1,0
526.622660096,1,1,0
526.761356168,1,1,1
526.761357186,1,0,1
526.761357636,0,0,1
526.900053766,0,1,1
526.900054096,0,1,0
526.900056208,1,1,0
527.038752064,1,1,1
527.038753310,1,0,1
527.038753874,0,0,1
527.177479826,0,1,1
527.177480990,0,1,0
527.177482446,1,1,0
527.316178372,1,0,0
527.316178960,1,0,1
527.316179988,0,0,1
527.454907012,0,1,1
527.454907886,0,1,0
527.454908560,1,1,0
527.593604684,1,0,0
527.593605854,1,0,1
527.593607164,0,0,1
527.732302842,0,0,0
527.732303074,0,1,0
527.732304798,1,1,0
527.871000812,1,1,1
527.871001682,1,0,1
527.871002340,0,0,1
528.009699676,0,0,0
528.009700198,0,1,0
528.009700912,1,1,0
528.148397708,1,1,1
528.148397746,1,0,1
528.148398578,0,0,1
528.287095196,0,0,0
528.287095258,0,1,0
528.287097150,1,1,0
528.425793602,1,1,1
528.425793930,1,0,1
528.425794690,0,0,1
528.564490384,0,1,1
528.564491528,0,1,0
528.564492324,1,1,0
528.703188498,1,1,1
528.703188990,1,0,1
528.703190930,0,0,1
528.841886570,0,1,1
528.841887424,0,1,0
528.841888500,1,1,0
528.980584392,1,1,1
528.980585116,1,0,1
528.980586042,0,0,1
529.119282630,0,1,1
529.119283318,0,1,0
529.119284676,1,1,0
529.257980176,1,0,0
529.257980288,1,0,1
529.257982278,0,0,1
529.396709214,0,0,0
529.396709692,0,1,0
529.396710788,1,1,0
529.535407182,1,1,1
529.535407362,1,0,1
529.535409454,0,0,1
529.674105878,0,1,1
529.674106170,0,1,0
529.674106962,1,1,0
529.812803922,1,0,0
529.812804140,1,0,1
529.812804628,0,0,1
529.951502002,0,1,0
529.951503200,1,1,0
530.090198596,1,1,1
530.090199484,1,0,1
530.090200804,0,0,1
530.228928124,0,1,1
530.228928960,0,1,0
530.228929374,1,1,0
530.367656606,1,0,0
530.367656928,1,0,1
530.367657980,0,0,1
530.506353184,0,1,1
530.506353854,0,1,0
530.506355490,1,1,0
530.645113822,1,1,1
530.645114730,1,0,1
530.645115154,0,0,1
530.783872306,0,1,1
530.783872686,0,1,0
530.783873726,1,1,0
530.922569852,1,0,0
530.922570718,1,0,1
530.922572330,0,0,1
531.061268430,0,1,1
531.061268706,0,1,0
531.061269902,1,1,0
531.199965610,1,1,1
531.199965976,1,0,1
531.199967504,0,0,1
531.338664492,0,1,1
531.338665536,0,1,0
531.338666014,1,1,0
531.477392568,1,1,1
531.477393098,1,0,1
531.477394680,0,0,1
531.616121612,0,1,1
531.616122496,0,1,0
531.616123188,1,1,0
531.754819220,1,0,0
531.754819400,1,0,1
531.754820854,0,0,1
531.893516676,0,1,1
531.893517764,0,1,0
531.893518426,1,1,0
532.032216294,1,1,1
532.032216656,1,0,1
532.032217028,0,0,1
532.170913282,0,0,0
532.170913798,0,1,0
532.170914598,1,1,0
532.309641250,1,1,1
532.309641466,1,0,1
532.309643204,0,0,1
532.448339176,0,0,0
532.448339918,0,1,0
532.448340774,1,1,0
532.587037526,1,0,0
532.587038144,1,0,1
532.587039378,0,0,1
532.725736070,0,0,0
532.725736104,0,1,0
532.725736948,1,1,0
532.864462650,1,0,0
532.864464038,1,0,1
532.864465552,0,0,1
533.003162964,0,0,0
533.003163164,0,1,0
533.003164122,1,1,0
533.141859932,1,1,1
533.141860770,1,0,1
533.141861726,0,0,1
533.280557858,0,0,0
533.280558224,0,1,0
533.280559234,1,1,0
533.419256826,1,1,1
533.419256844,1,0,1
533.419257902,0,0,1
533.557953410,0,1,1
533.557953814,0,1,0
533.557955534,1,1,0
533.696651954,1,0,0
533.696653720,1,0,1
533.696654138,0,0,1
533.835350470,0,1,1
533.835350708,0,1,0
533.835351646,1,1,0
533.974046612,1,1,1
533.974047076,1,0,1
533.974049250,0,0,1
534.112746600,0,0,0
534.112746654,0,1,0
534.112747820,1,1,0
534.251443260,1,0,0
534.251444568,1,0,1
534.251445422,0,0,1
534.390140714,0,1,1
534.390141494,0,1,0
534.390142994,1,1,0
534.528868320,1,0,0
534.528869462,1,0,1
534.528871660,0,0,1
534.667567386,0,0,0
534.667567772,0,1,0
534.667570170,1,1,0
534.806266292,1,1,1
534.806266378,1,0,1
534.806267772,0,0,1
534.944964956,0,1,1
534.944965342,0,1,0
534.944966342,1,1,0
535.083662248,1,1,1
535.083662564,1,0,1
535.083663946,0,0,1
535.222360016,0,1,1
535.222360172,0,1,0
535.222361516,1,1,0
535.361057624,1,0,0
535.361059142,1,0,1
535.361060120,0,0,1
535.499756128,0,0,0
535.499756200,0,1,0
535.499757754,1,1,0
535.638453744,1,0,0
535.638454096,1,0,1
535.638456294,0,0,1
535.777153084,0,0,0
535.777153260,0,1,0
535.777153864,1,1,0
535.915910804,1,0,0
535.915911990,1,0,1
535.915912466,0,0,1
536.054608382,0,1,1
536.054610914,0,1,0
536.054611100,1,1,0
536.193337174,1,0,0
536.193337882,1,0,1
536.193339642,0,0,1
536.332034564,0,1,1
536.332034808,0,1,0
536.332037212,1,1,0
536.470732712,1,1,1
536.470734046,1,0,1
536.470734876,0,0,1
536.609431624,0,1,1
536.609431764,0,1,0
536.609433386,1,1,0
536.748128668,1,1,1
536.748129230,1,0,1
536.748130988,0,0,1
536.886827744,0,1,1
536.886828594,0,1,0
536.886829622,1,1,0
537.025525290,1,0,0
537.025525560,1,0,1
537.025527224,0,0,1
537.164224548,0,0,0
537.164224734,1,0,0
537.164224866,1,1,0
537.302951410,1,0,0
537.302951454,1,0,1
537.302953398,0,0,1
537.441650442,0,0,0
537.441650926,0,1,0
537.441651968,1,1,0
537.580348346,1,1,1
537.580348532,1,0,1
537.580349508,0,0,1
537.719045982,0,1,1
537.719046334,0,1,0
537.719047142,1,1,0
537.857745238,1,1,1
537.857745590,1,0,1
537.857745744,0,0,1
537.996441168,0,1,1
537.996442226,0,1,0
537.996443252,1,1,0
538.135170710,1,0,0
538.135171194,1,0,1
538.135171918,0,0,1
538.273868056,0,0,0
538.273869288,0,1,0
538.273870488,1,1,0
538.412565832,1,0,0
538.412566086,1,0,1
538.412568028,0,0,1
538.551263074,0,0,0
538.551264410,0,1,0
538.551265598,1,1,0
538.689961976,1,1,1
538.689962890,1,0,1
538.689964264,0,0,1
538.828659902,0,0,0
538.828660468,0,1,0
538.828661772,1,1,0
538.967387932,1,1,1
538.967388074,1,0,1
538.967390436,0,0,1
539.106055856,0,0,0
539.106057588,0,1,0
539.106058006,1,1,0
539.244753762,1,1,1
539.244755194,1,0,1
539.244755608,0,0,1
539.383451708,0,1,1
539.383452748,0,1,0
539.383454116,1,1,0
539.522149652,1,1,1
539.522151314,1,0,1
539.522151782,0,0,1
539.660847830,0,1,1
539.660848640,0,1,0
539.660850352,1,1,0
539.799575372,1,0,0
539.799576544,1,0,1
539.799577954,0,0,1
539.938273950,0,1,1
539.938275594,0,1,0
539.938276524,1,1,0
540.077003436,1,1,1
540.077003492,1,0,1
540.077005064,0,0,1
540.215701422,0,0,0
540.215702070,0,1,0
540.215702698,1,1,0
540.354398614,1,0,0
540.354400390,1,0,1
540.354401298,0,0,1
540.493127126,0,1,1
540.493128316,0,1,0
540.493128870,1,1,0
540.631825734,1,0,0
540.631826280,1,0,1
540.631827472,0,0,1
540.770524268,0,0,0
540.770525040,1,0,0
540.770525310,1,1,0
540.909222110,1,1,1
540.909222792,1,0,1
540.909223644,0,0,1
541.047920098,0,0,0
541.047920368,0,1,0
541.047921212,1,1,0
541.186617064,1,1,1
541.186617974,1,0,1
541.186618878,0,0,1
541.325315488,0,1,1
541.325317052,0,1,0
541.325317448,1,1,0
541.464013030,1,0,0
541.464014018,1,0,1
541.464014988,0,0,1
541.602710608,0,1,1
541.602711942,0,1,0
541.602713556,1,1,0
541.741408846,1,1,1
541.741409150,1,0,1
541.741411222,0,0,1
541.880107664,0,1,1
541.880107834,0,1,0
541.880108730,1,1,0
542.018805738,1,1,1
542.018806208,1,0,1
542.018807330,0,0,1
542.157503724,0,0,0
542.157503846,0,1,0
542.157504964,1,1,0
542.296201692,1,1,1
542.296202390,1,0,1
542.296203564,0,0,1
542.434899678,0,0,0
542.434899904,0,1,0
542.434901072,1,1,0
542.573596706,1,1,1
542.573597510,1,0,1
542.573598736,0,0,1
542.712326210,0,1,1
542.712326568,0,1,0
542.712327306,1,1,0
542.851024472,1,1,1
542.851025192,1,0,1
542.851025844,0,0,1
542.989752142,0,1,1
542.989752460,0,1,0
542.989754478,1,1,0
543.128450426,1,1,1
543.128451686,1,0,1
543.128452018,0,0,1
543.267148350,0,0,0
543.267149200,0,1,0
543.267149648,1,1,0
543.405845804,1,0,0
543.405847254,1,0,1
543.405848252,0,0,1
543.544545240,0,0,0
543.544545382,0,1,0
543.544545760,1,1,0
543.683241206,1,1,1
543.683241926,1,0,1
543.683243424,0,0,1
543.821940440,0,1,1
543.821941194,0,1,0
543.821941994,1,1,0
543.960637044,1,0,0
543.960638036,1,0,1
543.960639594,0,0,1
544.099336022,0,0,0
544.099336558,0,1,0
544.099338164,1,1,0
544.238033988,1,1,1
544.238034102,1,0,1
544.238035702,0,0,1
544.376731912,0,0,0
544.376732678,0,1,0
544.376733336,1,1,0
544.515430880,1,1,1
544.515431222,1,0,1
544.515431874,0,0,1
544.654127796,0,1,1
544.654128804,0,1,0
544.654129506,1,1,0
544.792855830,1,1,1
544.792856278,1,0,1
544.792858170,0,0,1
544.931554694,0,0,0
544.931554854,0,1,0
544.931556678,1,1,0
545.070252396,1,0,0
545.070253660,1,0,1
545.070254280,0,0,1
545.208949646,0,0,0
545.208949972,0,1,0
545.208951850,1,1,0
545.347648516,1,0,0
545.347649548,1,0,1
545.347650452,0,0,1
545.486345090,0,1,1
545.486347536,0,1,0
545.486348020,1,1,0
545.625075502,1,1,1
545.625075634,1,0,1
545.625076622,0,0,1
545.763772210,0,1,1
545.763772426,0,1,0
545.763774192,1,1,0
545.902470330,1,1,1
545.902471754,1,0,1
545.902472792,0,0,1
546.041169328,0,1,1
546.041169380,0,1,0
546.041170362,1,1,0
546.179897282,1,1,1
546.179897872,1,0,1
546.179898964,0,0,1
546.318594448,0,1,1
546.318595206,0,1,0
546.318596532,1,1,0
546.457293990,1,0,0
546.457294172,1,0,1
546.457295134,0,0,1
546.595991158,0,0,0
546.595991504,0,1,0
546.595992702,1,1,0
546.734718046,1,0,0
546.734720062,1,0,1
546.734721304,0,0,1
546.873418048,0,0,0
546.873418622,0,1,0
546.873419936,1,1,0
547.012115102,1,0,0
547.012116952,1,0,1
547.012117474,0,0,1
547.150812740,0,1,1
547.150814876,0,1,0
547.150815042,1,1,0
547.289541904,1,1,1
547.289543284,1,0,1
547.289543644,0,0,1
547.428239828,0,0,0
547.428239858,0,1,0
547.428242214,1,1,0
547.566938402,1,0,0
547.566938730,1,0,1
547.566939876,0,0,1
547.705634718,0,0,0
547.705635976,0,1,0
547.705637446,1,1,0
547.844334520,1,0,0
547.844334682,1,0,1
547.844335986,0,0,1
547.983031170,0,0,0
547.983033096,0,1,0
547.983033552,1,1,0
548.121759572,1,1,1
548.121761638,1,0,1
548.121762156,0,0,1
548.260459150,0,1,1
548.260459558,0,1,0
548.260460786,1,1,0
548.399186460,1,1,1
548.399186756,1,0,1
548.399188388,0,0,1
548.537885268,0,1,1
548.537885386,0,1,0
548.537886894,1,1,0
548.676581874,1,0,0
548.676582352,1,0,1
548.676584494,0,0,1
548.815281386,0,1,1
548.815282274,0,1,0
548.815283126,1,1,0
548.953978930,1,0,0
548.953979240,1,0,1
548.953980728,0,0,1
549.092675226,0,0,0
549.092676442,0,1,0
549.092678234,1,1,0
549.231376128,1,1,1
549.231376296,1,0,1
549.231376898,0,0,1
549.370072116,0,0,0
549.370073622,0,1,0
549.370074464,1,1,0
549.508771080,1,1,1
549.508772164,1,0,1
549.508773004,0,0,1
549.647500004,0,0,0
549.647500676,0,1,0
549.647501634,1,1,0
549.786196594,1,1,1
549.786198282,1,0,1
549.786199236,0,0,1
549.924925892,0,0,0
549.924926732,0,1,0
549.924927742,1,1,0
550.063622796,1,1,1
550.063623336,1,0,1
550.063625404,0,0,1
550.202322782,0,0,0
550.202322912,0,1,0
550.202323910,1,1,0
550.341019454,1,0,0
550.341020748,1,0,1
550.341021512,0,0,1
550.479776968,0,1,1
550.479778672,0,1,0
550.479780080,1,1,0
550.618446636,1,1,1
550.618447510,1,0,1
550.618447680,0,0,1
550.757144084,0,1,1
550.757144620,0,1,0
550.757146312,1,1,0
550.895873524,1,1,1
550.895873688,1,0,1
550.895874850,0,0,1
551.034571202,0,1,1
551.034571510,0,1,0
551.034572418,1,1,0
551.173299806,1,0,0
551.173300412,1,0,1
551.173301082,0,0,1
551.311997398,0,0,0
551.311997570,0,1,0
551.311998586,1,1,0
551.450726364,1,1,1
551.450726862,1,0,1
551.450727250,0,0,1
551.589424288,0,0,0
551.589424436,0,1,0
551.589425758,1,1,0
551.728150978,1,0,0
551.728151254,1,0,1
551.728153358,0,0,1
551.866819176,0,0,0
551.866819490,0,1,0
551.866820988,1,1,0
552.005548094,1,0,0
552.005548140,1,0,1
552.005549528,0,0,1
552.144245670,0,1,1
552.144246064,0,1,0
552.144248096,1,1,0
552.282943212,1,0,0
552.282944030,1,0,1
552.282945758,0,0,1
552.421672786,0,1,1
552.421672950,0,1,0
552.421674264,1,1,0
552.560369266,1,0,0
552.560370916,1,0,1
552.560371928,0,0,1
552.699098900,0,0,0
552.699098904,0,1,0
552.699100432,1,1,0
552.837797446,1,0,0
552.837798806,1,0,1
552.837799034,0,0,1
552.976494792,0,0,0
552.976495958,0,1,0
552.976496664,1,1,0
553.115223694,1,1,1
553.115224562,1,0,1
553.115225204,0,0,1
553.253921076,0,1,1
553.253921680,0,1,0
553.253922834,1,1,0
553.392618580,1,1,1
553.392619616,1,0,1
553.392621434,0,0,1
553.531316568,0,0,0
553.531317754,0,1,0
553.531318940,1,1,0
553.670015468,1,1,1
553.670015796,1,0,1
553.670017542,0,0,1
553.808712454,0,0,0
553.808713308,0,1,0
553.808715172,1,1,0
553.947410788,1,0,0
553.947411418,1,0,1
553.947412772,0,0,1
554.086109362,0,1,1
554.086109406,0,1,0
554.086111278,1,1,0
554.224837904,1,0,0
554.224838306,1,0,1
554.224839940,0,0,1
554.363597230,0,0,0
554.363597478,0,1,0
554.363598508,1,1,0
554.502295020,1,0,0
554.502295196,1,0,1
554.502296108,0,0,1
554.640992180,0,0,0
554.640993594,0,1,0
554.640994616,1,1,0
554.779691082,1,1,1
554.779691200,1,0,1
554.779692278,0,0,1
554.918388710,0,1,1
554.918389068,0,1,0
554.918390846,1,1,0
555.057086034,1,1,1
555.057087252,1,0,1
555.057088384,0,0,1
555.195784580,0,0,0
555.195784826,0,1,0
555.195786014,1,1,0
555.334482368,1,0,0
555.334483982,1,0,1
555.334484552,0,0,1
555.473178842,0,0,0
555.473180880,0,1,0
555.473182182,1,1,0
555.611908484,1,0,0
555.611908808,1,0,1
555.611910784,0,0,1
555.750606996,0,1,1
555.750607730,0,1,0
555.750609352,1,1,0
555.889304602,1,0,0
555.889304632,1,0,1
555.889307014,0,0,1
556.028002112,0,1,1
556.028002678,0,1,0
556.028004458,1,1,0
556.166701716,1,0,0
556.166702644,1,0,1
556.166703118,0,0,1
556.305398506,0,0,0
556.305399228,0,1,0
556.305400688,1,1,0
556.444095770,1,0,0
556.444096468,1,0,1
556.444098224,0,0,1
556.582825346,0,1,1
556.582826390,0,1,0
556.582826854,1,1,0
556.721524356,1,1,1
556.721524948,1,0,1
556.721525454,0,0,1
556.860220396,0,1,1
556.860222342,0,1,0
556.860222960,1,1,0
556.998919304,1,1,1
556.998921000,1,0,1
556.998921560,0,0,1
557.137618290,0,0,0
557.137618514,0,1,0
557.137619192,1,1,0
557.276315054,1,0,0
557.276316192,1,0,1
557.276316790,0,0,1
557.415013114,0,0,0
557.415014628,0,1,0
557.415015358,1,1,0
557.553711078,1,1,1
557.553711232,1,0,1
557.553712958,0,0,1
557.692409744,0,1,1
557.692410000,0,1,0
557.692411524,1,1,0
557.831107966,1,1,1
557.831108598,1,0,1
557.831109126,0,0,1
557.969803796,0,1,1
557.969804950,0,1,0
557.969806692,1,1,0
558.108504400,1,0,0
558.108504914,1,0,1
558.108505292,0,0,1
558.247200774,0,0,0
558.247201912,0,1,0
558.247202796,1,1,0
558.385899452,1,0,0
558.385899738,1,0,1
558.385900458,0,0,1
558.524597028,0,1,1
558.524597722,0,1,0
558.524599026,1,1,0
558.663325630,1,0,0
558.663326624,1,0,1
558.663327626,0,0,1
558.802022610,0,0,0
558.802024142,0,1,0
558.802025194,1,1,0
558.940752572,1,1,1
558.940753746,1,0,1
558.940753792,0,0,1
559.079449258,0,1,1
559.079449494,0,1,0
559.079451360,1,1,0
559.218147396,1,1,1
559.218148798,1,0,1
559.218149958,0,0,1
559.356877310,0,1,1
559.356878382,0,1,0
559.356878464,1,1,0
559.495574344,1,1,1
559.495574914,1,0,1
559.495576124,0,0,1
559.634272426,0,1,1
559.634273266,0,1,0
559.634274754,1,1,0
559.772970294,1,1,1
559.772972028,1,0,1
559.772972354,0,0,1
559.911699154,0,0,0
559.911699540,0,1,0
559.911700860,1,1,0
560.050397082,1,0,0
560.050397118,1,0,1
560.050398460,0,0,1
560.189094654,0,1,1
560.189096102,0,1,0
560.189097026,1,1,0
560.327794004,1,1,1
560.327794258,1,0,1
560.327794624,0,0,1
560.466490770,0,1,1
560.466490988,0,1,0
560.466492194,1,1,0
560.605189310,1,0,0
560.605190452,1,0,1
560.605190854,0,0,1
560.743917874,0,0,0
560.743917884,0,1,0
560.743919360,1,1,0
560.882645426,1,0,0
560.882645836,1,0,1
560.882647958,0,0,1
561.021374758,0,0,0
561.021374936,0,1,0
561.021376526,1,1,0
561.160071660,1,1,1
561.160072478,1,0,1
561.160074124,0,0,1
561.298769708,0,0,0
561.298770114,0,1,0
561.298771692,1,1,0
561.437498610,1,1,1
561.437499592,1,0,1
561.437500290,0,0,1
561.576197594,0,0,0
561.576198164,0,1,0
561.576198858,1,1,0
561.714894768,1,0,0
561.714895494,1,0,1
561.714896458,0,0,1
561.853592218,0,1,1
561.853592416,0,1,0
561.853594024,1,1,0
561.992291380,1,1,1
561.992291820,1,0,1
561.992292624,0,0,1
562.130988366,0,0,0
562.130988956,0,1,0
562.130990192,1,1,0
562.269686936,1,0,0
562.269687266,1,0,1
562.269688790,0,0,1
562.408385250,0,0,0
562.408385508,0,1,0
562.408386356,1,1,0
562.547082150,1,1,1
562.547083048,1,0,1
562.547083956,0,0,1
562.685810622,0,1,1
562.685812134,0,1,0
562.685812522,1,1,0
562.824508164,1,0,0
562.824509036,1,0,1
562.824511184,0,0,1
562.963207674,0,1,1
562.963208020,0,1,0
562.963208688,1,1,0
563.101935984,1,1,1
563.101937276,1,0,1
563.101937286,0,0,1
563.240663788,0,1,1
563.240663904,0,1,0
563.240665854,1,1,0
563.379361392,1,0,0
563.379361868,1,0,1
563.379363452,0,0,1
563.518060790,0,0,0
563.518060902,0,1,0
563.518062020,1,1,0
563.656787816,1,1,1
563.656790504,1,0,1
563.656790620,0,0,1
563.795486736,0,0,0
563.795488014,0,1,0
563.795488186,1,1,0
563.934183576,1,1,1
563.934184556,1,0,1
563.934185848,0,0,1
564.072883130,0,1,1
564.072883622,0,1,0
564.072884352,1,1,0
564.211579670,1,0,0
564.211580584,1,0,1
564.211581950,0,0,1
564.350279180,0,1,1
564.350279506,0,1,0
564.350280518,1,1,0
564.488976784,1,0,0
564.488977408,1,0,1
564.488978052,0,0,1
564.627674294,0,1,1
564.627675390,0,1,0
564.627675682,1,1,0
564.766403836,1,0,0
564.766404282,0,0,0
564.766404354,0,0,1
564.905130276,0,0,0
564.905131408,0,1,0
564.905132846,1,1,0
565.043829238,1,1,1
565.043830010,1,0,1
565.043831508,0,0,1
565.182527160,0,0,0
565.182527522,0,1,0
565.182529014,1,1,0
565.321255124,1,1,1
565.321256062,1,0,1
565.321257674,0,0,1
565.459984044,0,0,0
565.459984572,0,1,0
565.459986178,1,1,0
565.598713008,1,1,1
565.598713174,1,0,1
565.598714840,0,0,1
565.737410928,0,0,0
565.737411684,0,1,0
565.737412342,1,1,0
565.876109224,1,0,0
565.876109892,1,0,1
565.876109942,0,0,1
566.014806798,0,1,1
566.014806874,0,1,0
566.014808570,1,1,0
566.153503402,1,0,0
566.153503838,1,0,1
566.153506170,0,0,1
566.292202912,0,1,1
566.292203760,0,1,0
566.292204672,1,1,0
566.430899450,1,0,0
566.430901660,1,0,1
566.430902272,0,0,1
566.569597642,0,0,0
566.569597962,0,1,0
566.569599900,1,1,0
566.708326606,1,1,1
566.708326628,1,0,1
566.708328434,0,0,1
566.847024528,0,0,0
566.847026074,0,1,0
566.847027002,1,1,0
566.985721490,1,1,1
566.985722678,1,0,1
566.985724662,0,0,1
567.124421410,0,0,0
567.124422188,0,1,0
567.124423168,1,1,0
567.263118312,1,1,1
567.263119790,1,0,1
567.263120828,0,0,1
567.401816296,0,0,0
567.401817300,0,1,0
567.401818394,1,1,0
567.540515258,1,1,1
567.540515840,1,0,1
567.540516992,0,0,1
567.679212412,0,1,1
567.679213242,0,1,0
567.679214496,1,1,0
567.817909954,1,0,0
567.817910206,1,0,1
567.817912094,0,0,1
567.956607526,0,1,1
567.956609126,0,1,0
567.956610722,1,1,0
568.095307028,1,1,1
568.095308066,1,0,1
568.095308260,0,0,1
568.234003640,0,1,1
568.234006012,0,1,0
568.234006824,1,1,0
568.372734180,1,0,0
568.372734910,1,0,1
568.372735486,0,0,1
568.511460958,0,0,0
568.511462688,0,1,0
568.511463052,1,1,0
568.650159228,1,0,0
568.650159794,1,0,1
568.650161586,0,0,1
568.788857802,0,1,1
568.788858778,0,1,0
568.788859154,1,1,0
568.927555740,1,1,1
568.927556404,1,0,1
568.927557754,0,0,1
569.066253914,0,1,1
569.066254660,0,1,0
569.066255380,1,1,0
569.204950626,1,1,1
569.204951454,1,0,1
569.204952980,0,0,1
569.343648546,0,0,0
569.343650026,0,1,0
569.343651482,1,1,0
569.482347568,1,0,0
569.482347820,1,0,1
569.482349080,0,0,1
569.621045076,0,1,1
569.621045490,0,1,0
569.621047646,1,1,0
569.759743390,1,1,1
569.759744616,1,0,1
569.759745244,0,0,1
569.898440190,0,1,1
569.898441376,0,1,0
569.898442874,1,1,0
570.037140338,1,1,1
570.037140790,1,0,1
570.037141470,0,0,1
570.175838196,0,0,0
570.175838302,0,1,0
570.175839036,1,1,0
570.314534840,1,0,0
570.314537160,1,0,1
570.314537636,0,0,1
570.453264476,0,1,1
570.453265142,0,1,0
570.453266202,1,1,0
570.591961042,1,1,1
570.591961952,1,0,1
570.591963800,0,0,1
570.730660024,0,0,0
570.730660088,0,1,0
570.730661304,1,1,0
570.869357988,1,1,1
570.869359064,1,0,1
570.869359900,0,0,1
571.008055972,0,0,0
571.008056636,0,1,0
571.008057530,1,1,0
571.146753870,1,1,1
571.146754116,1,0,1
571.146755064,0,0,1
571.285450790,0,0,0
571.285451750,0,1,0
571.285453692,1,1,0
571.424180756,1,1,1
571.424182288,0,0,1
571.562876798,0,1,1
571.562878738,0,1,0
571.562879856,1,1,0
571.701577340,1,0,0
571.701577638,1,0,1
571.701578454,0,0,1
571.840274910,0,1,1
571.840275620,0,1,0
571.840276020,1,1,0
571.978971388,1,0,0
571.978972520,1,0,1
571.978973556,0,0,1
572.117669960,0,1,1
572.117671504,0,1,0
572.117672184,1,1,0
572.256368464,1,1,1
572.256368562,1,0,1
572.256369782,0,0,1
572.395097386,0,0,0
572.395098134,0,1,0
572.395098348,1,1,0
572.533793286,1,1,1
572.533794674,1,0,1
572.533795946,0,0,1
572.672492268,0,0,0
572.672494246,0,1,0
572.672494512,1,1,0
572.811190724,1,0,0
572.811192108,0,0,0
572.811192232,0,0,1
572.949888152,0,0,0
572.949888294,0,1,0
572.949890674,1,1,0
573.088586834,1,0,0
573.088587176,1,0,1
573.088588272,0,0,1
573.227316096,0,0,0
573.227316470,0,1,0
573.227316836,1,1,0
573.366012946,1,0,0
573.366012996,1,0,1
573.366014436,0,0,1
573.504740518,0,1,1
573.504741978,0,1,0
573.504743002,1,1,0
573.643439942,1,1,1
573.643440058,1,0,1
573.643441600,0,0,1
573.782137568,0,1,1
573.782138800,0,1,0
573.782139226,1,1,0
573.920835170,1,0,0
573.920835762,1,0,1
573.920836762,0,0,1
574.059534678,0,1,1
574.059534744,0,1,0
574.059535328,1,1,0
574.198230644,1,1,1
574.198231280,1,0,1
574.198232926,0,0,1
574.336959628,0,0,0
574.336959850,0,1,0
574.336961552,1,1,0
574.475688328,1,0,0
574.475688526,1,0,1
574.475690088,0,0,1
574.614385900,0,1,1
574.614386510,0,1,0
574.614387654,1,1,0
574.753085438,1,0,0
574.753085470,1,0,1
574.753086252,0,0,1
574.891781454,0,0,0
574.891781948,0,1,0
574.891783816,1,1,0
575.030480414,1,1,1
575.030481550,1,0,1
575.030482476,0,0,1
575.169178122,0,1,1
575.169178274,0,1,0
575.169180042,1,1,0
575.307875234,1,1,1
575.307876660,1,0,1
575.307877576,0,0,1
575.446575218,0,0,0
575.446575232,0,1,0
575.446576206,1,1,0
575.585271770,1,0,0
575.585272116,1,0,1
575.585273802,0,0,1
575.723970100,0,0,0
575.723970344,0,1,0
575.723972306,1,1,0
575.862667880,1,0,0
575.862669062,1,0,1
575.862669902,0,0,1
576.001365982,0,0,0
576.001366390,0,1,0
576.001367592,1,1,0
576.140063930,1,0,0
576.140064880,1,0,1
576.140066128,0,0,1
576.278761502,0,1,1
576.278761864,0,1,0
576.278763692,1,1,0
576.417460102,1,0,0
576.417460826,1,0,1
576.417461290,0,0,1
576.556158550,0,1,1
576.556158746,0,1,0
576.556159856,1,1,0
576.694854644,1,1,1
576.694856150,1,0,1
576.694857390,0,0,1
576.833554690,0,0,0
576.833554722,0,1,0
576.833556018,1,1,0
576.972251588,1,1,1
576.972252198,1,0,1
576.972253616,0,0,1
577.110979508,0,0,0
577.110980832,0,1,0
577.110982180,1,1,0
577.249709434,1,0,0
577.249709470,1,0,1
577.249710778,0,0,1
577.388437390,0,0,0
577.388437880,0,1,0
577.388439342,1,1,0
577.527135352,1,1,1
577.527135482,1,0,1
577.527136938,0,0,1
577.665863272,0,0,0
577.665864990,0,1,0
577.665865442,1,1,0
577.804592592,1,0,0
577.804593294,1,0,1
577.804594102,0,0,1
577.943321100,0,1,1
577.943321216,0,1,0
577.943322668,1,1,0
578.082019116,1,1,1
578.082019638,1,0,1
578.082020264,0,0,1
578.220716210,0,1,1
578.220718160,0,1,0
578.220718892,1,1,0
578.359414750,1,0,0
578.359414996,1,0,1
578.359416426,0,0,1
578.498112978,0,0,0
578.498113258,0,1,0
578.498113990,1,1,0
578.636811860,1,0,0
578.636811938,1,0,1
578.636812590,0,0,1
578.775508368,0,1,1
578.775508858,0,1,0
578.775510214,1,1,0
578.914206820,1,1,1
578.914206968,1,0,1
578.914208750,0,0,1
579.052904478,0,1,1
579.052904802,0,1,0
579.052906316,1,1,0
579.191602700,1,1,1
579.191603078,1,0,1
579.191603976,0,0,1
579.330301588,0,1,1
579.330301684,0,1,0
579.330302478,1,1,0
579.468997126,1,0,0
579.468997582,1,0,1
579.469000138,0,0,1
579.607696636,0,1,1
579.607697566,0,1,0
579.607698640,1,1,0
579.746425236,1,0,0
579.746425526,1,0,1
579.746427238,0,0,1
579.885122744,0,1,1
579.885123382,0,1,0
579.885124802,1,1,0
580.023820344,1,1,1
580.023821346,1,0,1
580.023822460,0,0,1
580.162518916,0,1,1
580.162520326,0,1,0
580.162520964,1,1,0
580.301216392,1,0,0
580.301217288,1,0,1
580.301218560,0,0,1
580.439945026,0,1,1
580.439946208,0,1,0
580.439947188,1,1,0
580.578673502,1,0,0
580.578674230,1,0,1
580.578675722,0,0,1
580.717402072,0,1,1
580.717403150,0,1,0
580.717404288,1,1,0
580.856099612,1,0,0
580.856101050,1,0,1
580.856101946,0,0,1
580.994827968,0,0,0
580.994830182,0,1,0
580.994830512,1,1,0
581.133557720,1,0,0
581.133557930,1,0,1
581.133559108,0,0,1
581.272255228,0,1,1
581.272255850,0,1,0
581.272256674,1,1,0
581.410983810,1,1,1
581.410984768,1,0,1
581.410985270,0,0,1
581.549682338,0,1,1
581.549682730,0,1,0
581.549683774,1,1,0
581.688439938,1,0,0
581.688441690,1,0,1
581.688442432,0,0,1
581.827140448,0,1,1
581.827140672,0,1,0
581.827140998,1,1,0
581.965835986,1,0,0
581.965837572,1,0,1
581.965838592,0,0,1
582.104534554,0,0,0
582.104534558,0,1,0
582.104536158,1,1,0
582.243233096,1,0,0
582.243234514,1,0,1
582.243234754,0,0,1
582.381930496,0,0,0
582.381930604,0,1,0
582.381932318,1,1,0
582.520628266,1,0,0
582.520630394,1,0,1
582.520630854,0,0,1
582.659326314,0,0,0
582.659327774,0,1,0
582.659328418,1,1,0
582.798055212,1,1,1
582.798056312,1,0,1
582.798057076,0,0,1
582.936783822,0,1,1
582.936785258,0,1,0
582.936785642,1,1,0
583.075481154,1,1,1
583.075482422,1,0,1
583.075483238,0,0,1
583.214241930,0,1,1
583.214242138,0,1,0
583.214242802,1,1,0
583.352938972,1,1,1
583.352939468,1,0,1
583.352940398,0,0,1
583.491637016,0,0,0
583.491637038,0,1,0
583.491637902,1,1,0
583.630333638,1,0,0
583.630334978,1,0,1
583.630336560,0,0,1
583.769032896,0,0,0
583.769033022,0,1,0
583.769034124,1,1,0
583.907729684,1,0,0
583.907732294,1,0,1
583.907732658,0,0,1
584.046428194,0,1,1
584.046428714,0,1,0
584.046430222,1,1,0
584.185156730,1,0,0
584.185158738,1,0,1
584.185158882,0,0,1
584.323886302,0,1,1
584.323886656,0,1,0
584.323887384,1,1,0
584.462582840,1,0,0
584.462583616,1,0,1
584.462585042,0,0,1
584.601281598,0,0,0
584.601282410,0,1,0
584.601283606,1,1,0
584.739979434,1,1,1
584.739979948,1,0,1
584.739981142,0,0,1
584.878677414,0,0,0
584.878678518,0,1,0
584.878678768,1,1,0
585.017406312,1,1,1
585.017407056,1,0,1
585.017407300,0,0,1
585.156104296,0,0,0
585.156105626,0,1,0
585.156105864,1,1,0
585.294801226,1,0,0
585.294802256,1,0,1
585.294803522,0,0,1
585.433499672,0,1,1
585.433500174,0,1,0
585.433501150,1,1,0
585.572197334,1,0,0
585.572198134,1,0,1
585.572199620,0,0,1
585.710895842,0,1,1
585.710896054,0,1,0
585.710897186,1,1,0
585.849593380,1,0,0
585.849594014,1,0,1
585.849595844,0,0,1
585.988290888,0,1,1
585.988290994,0,1,0
585.988293346,1,1,0
586.126988488,1,0,0
586.126989954,1,0,1
586.126991004,0,0,1
586.265687996,0,1,1
586.265688874,0,1,0
586.265689568,1,1,0
586.404415834,1,1,1
586.404416596,1,0,1
586.404418164,0,0,1
586.543114104,0,1,1
586.543114754,0,1,0
586.543115728,1,1,0
586.681811704,1,0,0
586.681811714,1,0,1
586.681813260,0,0,1
586.820508634,0,0,0
586.820510148,0,1,0
586.820511826,1,1,0
586.959206750,1,0,0
586.959207592,1,0,1
586.959209422,0,0,1
587.097906318,0,1,1
587.097906512,0,1,0
587.097908048,1,1,0
587.236603470,1,1,1
587.236603856,1,0,1
587.236605706,0,0,1
587.375332364,0,1,1
587.375332390,0,1,0
587.375334208,1,1,0
587.514029900,1,0,0
587.514030350,1,0,1
587.514031804,0,0,1
587.652727408,0,1,1
587.652729330,0,1,0
587.652730306,1,1,0
587.791426010,1,0,0
587.791426230,1,0,1
587.791427902,0,0,1
587.930123580,0,1,1
587.930124210,0,1,0
587.930125526,1,1,0
588.068853108,1,1,1
588.068853178,1,0,1
588.068854122,0,0,1
588.207550624,0,1,1
588.207551152,0,1,0
588.207552686,1,1,0
588.346248224,1,0,0
588.346249050,1,0,1
588.346250282,0,0,1
588.484946968,0,0,0
588.484947730,0,1,0
588.484948846,1,1,0
588.623643928,1,1,1
588.623645268,1,0,1
588.623646442,0,0,1
588.762341846,0,0,0
588.762343838,0,1,0
588.762344004,1,1,0
588.901040806,1,1,1
588.901041438,1,0,1
588.901042602,0,0,1
589.039738788,0,0,0
589.039739008,0,1,0
589.039740166,1,1,0
589.178436544,1,0,0
589.178436684,1,0,1
589.178438760,0,0,1
589.317134664,0,0,0
589.317135052,0,1,0
589.317136324,1,1,0
589.455863564,1,1,1
589.455864652,1,0,1
589.455864920,0,0,1
589.594591160,0,1,1
589.594591544,0,1,0
589.594593482,1,1,0
589.733288758,1,0,0
589.733289442,1,0,1
589.733291080,0,0,1
589.871987204,0,1,1
589.871988422,0,1,0
589.871989642,1,1,0
590.010685382,1,1,1
590.010685804,1,0,1
590.010687238,0,0,1
590.149443302,0,0,0
590.149445310,0,1,0
590.149445802,1,1,0
590.288143260,1,1,1
590.288143910,1,0,1
590.288144396,0,0,1
590.426840178,0,0,0
590.426841418,0,1,0
590.426841898,1,1,0
590.565538138,1,1,1
590.565539016,1,0,1
590.565540556,0,0,1
590.704265524,0,1,1
590.704266120,0,1,0
590.704268120,1,1,0
590.842964956,1,1,1
590.842966124,1,0,1
590.842966716,0,0,1
590.981662630,0,1,1
590.981663124,0,1,0
590.981664278,1,1,0
591.120391168,1,0,0
591.120391896,1,0,1
591.120392812,0,0,1
591.259090736,0,1,1
591.259090812,0,1,0
591.259091436,1,1,0
591.397787212,1,0,0
591.397787774,1,0,1
591.397789032,0,0,1
591.536515754,0,0,0
591.536515844,0,1,0
591.536517534,1,1,0
591.675245318,1,0,0
591.675245650,1,0,1
591.675246190,0,0,1
591.813972888,0,1,1
591.813973570,0,1,0
591.813974754,1,1,0
591.952671424,1,0,0
591.952671528,1,0,1
591.952672350,0,0,1
592.091367994,0,1,1
592.091368510,0,1,0
592.091369914,1,1,0
592.230096408,1,1,1
592.230098030,1,0,1
592.230098508,0,0,1
592.368826100,0,1,1
592.368826450,0,1,0
592.368827072,1,1,0
592.507523698,1,0,0
592.507524286,1,0,1
592.507525666,0,0,1
592.646221206,0,1,1
592.646222266,0,1,0
592.646223230,1,1,0
592.784919038,1,1,1
592.784919806,1,0,1
592.784920826,0,0,1
592.923648206,0,0,0
592.923649312,0,1,0
592.923649388,1,1,0
593.062346850,1,0,0
593.062347102,1,0,1
593.062347984,0,0,1
593.201044022,0,0,0
593.201044356,0,1,0
593.201045608,1,1,0
593.339742954,1,0,0
593.339742980,1,0,1
593.339744078,0,0,1
593.478470524,0,1,1
593.478470898,0,1,0
593.478471704,1,1,0
593.617169062,1,0,0
593.617169858,1,0,1
593.617170236,0,0,1
593.755865838,0,0,0
593.755866568,0,1,0
593.755867862,1,1,0
593.894565104,1,0,0
593.894565734,1,0,1
593.894566460,0,0,1
594.033262716,0,0,0
594.033263612,0,1,0
594.033264082,1,1,0
594.171990676,1,1,1
594.171992274,1,0,1
594.171992616,0,0,1
594.310688594,0,0,0
594.310688780,0,1,0
594.310690178,1,1,0
594.449386316,1,0,0
594.449387492,1,0,1
594.449388774,0,0,1
594.588083472,0,0,0
594.588084824,0,1,0
594.588086336,1,1,0
594.726782422,1,0,0
594.726782430,1,0,1
594.726783996,0,0,1
594.865480930,0,1,1
594.865481348,0,1,0
594.865482556,1,1,0
595.004178464,1,0,0
595.004179310,1,0,1
595.004180090,0,0,1
595.142877224,0,0,0
595.142878034,0,1,0
595.142878652,1,1,0
595.281574186,1,1,1
595.281574636,1,0,1
595.281576310,0,0,1
595.420333140,0,1,1
595.420333166,0,1,0
595.420334872,1,1,0
595.559061678,1,0,0
595.559062064,1,0,1
595.559063406,0,0,1
595.697760042,0,0,0
595.697761182,0,1,0
595.697761968,1,1,0
595.836457940,1,1,1
595.836458782,1,0,1
595.836459626,0,0,1
595.975216920,0,0,0
595.975217288,0,1,0
595.975219190,1,1,0
596.113882888,1,0,0
596.113884818,1,0,1
596.113885722,0,0,1
596.252581796,0,0,0
596.252583456,0,1,0
596.252584346,1,1,0
596.391279306,1,0,0
596.391279694,1,0,1
596.391281878,0,0,1
596.529978248,0,1,1
596.529978674,0,1,0
596.529980442,1,1,0
596.668676098,1,0,0
596.668676634,1,0,1
596.668678100,0,0,1
596.807373604,0,1,1
596.807373614,0,1,0
596.807375662,1,1,0
596.946101448,1,1,1
596.946102142,1,0,1
596.946104194,0,0,1
597.084800710,0,1,1
597.084801426,0,1,0
597.084802820,1,1,0
597.223498246,1,0,0
597.223499388,1,0,1
597.223500352,0,0,1
597.362197304,0,0,0
597.362198816,0,1,0
597.362198978,1,1,0
597.500894264,1,1,1
597.500895352,1,0,1
597.500896572,0,0,1
597.639592242,0,0,0
597.639592858,0,1,0
597.639594136,1,1,0
597.778290140,1,1,1
597.778290456,1,0,1
597.778292666,0,0,1
597.916987118,0,0,0
597.916989962,0,1,0
597.916990292,1,1,0
598.055686562,1,0,0
598.055687016,1,0,1
598.055688888,0,0,1
598.194383996,0,0,0
598.194385068,0,1,0
598.194386388,1,1,0
598.333081604,1,0,0
598.333082956,1,0,1
598.333084044,0,0,1
598.471780110,0,1,1
598.471781872,0,1,0
598.471782608,1,1,0
598.610477332,1,0,0
598.610478832,1,0,1
598.610480202,0,0,1
598.749176278,0,1,1
598.749177702,1,1,1
598.749177812,1,1,0
598.887874644,1,1,1
598.887874812,1,0,1
598.887876358,0,0,1
599.026571624,0,0,0
599.026572320,0,1,0
599.026573922,1,1,0
599.165301584,1,1,1
599.165301918,1,0,1
599.165302454,0,0,1
599.303999424,0,1,1
599.303999502,0,1,0
599.304001078,1,1,0
599.442695960,1,0,0
599.442696460,1,0,1
599.442698674,0,0,1
599.581394592,0,1,1
599.581395440,0,1,0
599.581396236,1,1,0
599.720092128,1,0,0
599.720092336,1,0,1
599.720094830,0,0,1
599.858821634,0,1,1
599.858822316,0,1,0
599.858823454,1,1,0
599.997519170,1,0,0
599.997519214,1,0,1
599.997520924,0,0,1
600.136216738,0,1,1
600.136217256,0,1,0
600.136218548,1,1,0
600.274944088,1,1,1
600.274946274,1,0,1
600.274947080,0,0,1
600.413643842,0,1,1
600.413645070,0,1,0
600.413645706,1,1,0
600.552340966,1,1,1
600.552342440,1,0,1
600.552343300,0,0,1
600.691069946,0,1,1
600.691071008,0,1,0
600.691071800,1,1,0
600.829767904,1,1,1
600.829768920,1,0,1
600.829769456,0,0,1
600.968466822,0,0,0
600.968467052,0,1,0
600.968468020,1,1,0
601.107194524,1,0,0
601.107195780,1,0,1
601.107196614,0,0,1
601.245892760,0,0,0
601.245893156,0,1,0
601.245894176,1,1,0
601.384591656,1,1,1
601.384591692,1,0,1
601.384592832,0,0,1
601.523289198,0,1,1
601.523289636,0,1,0
601.523290334,1,1,0
601.662017796,1,0,0
601.662018532,1,0,1
601.662018928,0,0,1
601.800713448,0,0,0
601.800715302,0,1,0
601.800716490,1,1,0
601.939412838,1,0,0
601.939413408,1,0,1
601.939415084,0,0,1
602.078141406,0,1,1
602.078143386,0,1,0
602.078143646,1,1,0
602.216869284,1,1,1
602.216869942,1,0,1
602.216871242,0,0,1
602.355567510,0,1,1
602.355568264,0,1,0
602.355569802,1,1,0
602.494266046,1,0,0
602.494266158,1,0,1
602.494267398,0,0,1
602.632964490,0,1,1
602.632965138,0,1,0
602.632965960,1,1,0
602.771692150,1,0,0
602.771693096,1,0,1
602.771694616,0,0,1
602.910390656,0,1,1
602.910392014,0,1,0
602.910392116,1,1,0
603.049087910,1,1,1
603.049088192,1,0,1
603.049089710,0,0,1
603.187786760,0,1,1
603.187786952,0,1,0
603.187788272,1,1,0
603.326483848,1,1,1
603.326484358,1,0,1
603.326485930,0,0,1
603.465180514,0,0,0
603.465181802,0,1,0
603.465183426,1,1,0
603.603910400,1,0,0
603.603910724,1,0,1
603.603912022,0,0,1
603.742608968,0,1,1
603.742609702,0,1,0
603.742610582,1,1,0
603.881306440,1,0,0
603.881306598,1,0,1
603.881308178,0,0,1
604.020035070,0,1,1
604.020035640,0,1,0
604.020036802,1,1,0
604.158732606,1,0,0
604.158733474,1,0,1
604.158734332,0,0,1
604.297431112,0,1,1
604.297431452,0,1,0
604.297432896,1,1,0
604.436128710,1,0,0
604.436129410,1,0,1
604.436130550,0,0,1
604.574827216,0,1,1
604.574827390,0,1,0
604.574829050,1,1,0
604.713524752,1,0,0
604.713526286,1,0,1
604.713526706,0,0,1
604.852221320,0,1,1
604.852223202,0,1,0
604.852224206,1,1,0
604.990921918,1,0,0
604.990922160,1,0,1
604.990922862,0,0,1
605.129649078,0,0,0
605.129650360,0,1,0
605.129651424,1,1,0
605.268378098,1,1,1
605.268378958,1,0,1
605.268380018,0,0,1
605.407167954,0,0,0
605.407168526,0,1,0
605.407169518,1,1,0
605.545865062,1,0,0
605.545865974,1,0,1
605.545867172,0,0,1
605.684562566,0,1,1
605.684563828,0,1,0
605.684564736,1,1,0
605.823262164,1,0,0
605.823262786,1,0,1
605.823263328,0,0,1
605.961958766,0,0,0
605.961959670,0,1,0
605.961960890,1,1,0
606.100657204,1,0,0
606.100658660,1,0,1
606.100659484,0,0,1
606.239355640,0,0,0
606.239355772,0,1,0
606.239357108,1,1,0
606.378083370,1,0,0
606.378083598,1,0,1
606.378085640,0,0,1
606.516780876,0,1,1
606.516782514,0,1,0
606.516783202,1,1,0
606.655480410,1,0,0
606.655480472,1,0,1
606.655481858,0,0,1
606.794176978,0,1,1
606.794178452,0,1,0
606.794179356,1,1,0
606.932875348,1,1,1
606.932875514,1,0,1
606.932876952,0,0,1
607.071572264,0,0,0
607.071573082,0,1,0
607.071575574,1,1,0
607.210270304,1,0,0
607.210272222,1,0,1
607.210273104,0,0,1
607.349000184,0,1,1
607.349001200,0,1,0
607.349001666,1,1,0
607.487698096,1,1,1
607.487698718,1,0,1
607.487700322,0,0,1
607.626396224,0,1,1
607.626397074,0,1,0
607.626397822,1,1,0
607.765093822,1,0,0
607.765094034,1,0,1
607.765095478,0,0,1
607.903852948,0,0,0
607.903853326,0,1,0
607.903854978,1,1,0
608.042550908,1,1,1
608.042551924,1,0,1
608.042552632,0,0,1
608.181279430,0,1,1
608.181279824,0,1,0
608.181281132,1,1,0
608.319977782,1,1,1
608.319977964,1,0,1
608.319978786,0,0,1
608.458675532,0,1,1
608.458676762,0,1,0
608.458677286,1,1,0
608.597373066,1,0,0
608.597373656,1,0,1
608.597374880,0,0,1
608.736100574,0,1,1
608.736102636,0,1,0
608.736103504,1,1,0
608.874800168,1,0,0
608.874801530,1,0,1
608.874802096,0,0,1
609.013527674,0,1,1
609.013528446,0,1,0
609.013529594,1,1,0
609.152225404,1,1,1
609.152226272,1,0,1
609.152228252,0,0,1
609.290923384,0,0,0
609.290924714,0,1,0
609.290925812,1,1,0
609.429621278,1,1,1
609.429621874,1,0,1
609.429624342,0,0,1
609.568320880,0,1,1
609.568321258,0,1,0
609.568321904,1,1,0
609.707019154,1,1,1
609.707019476,1,0,1
609.707019560,0,0,1
609.845746130,0,0,0
609.845746918,0,1,0
609.845748058,1,1,0
609.984445028,1,1,1
609.984445516,1,0,1
609.984446716,0,0,1
610.123142006,0,0,0
610.123142020,0,1,0
610.123144276,1,1,0
610.261839900,1,1,1
610.261840554,1,0,1
610.261841806,0,0,1
610.400538878,0,0,0
610.400539122,0,1,0
610.400540430,1,1,0
610.539266658,1,0,0
610.539267838,1,0,1
610.539268962,0,0,1
610.677964224,0,1,1
610.677965128,0,1,0
610.677966522,1,1,0
610.816662822,1,0,0
610.816663710,1,0,1
610.816665176,0,0,1
610.955391690,0,0,0
610.955392264,0,1,0
610.955392676,1,1,0
611.094089522,1,1,1
611.094090860,1,0,1
611.094091330,0,0,1
611.232787428,0,1,1
611.232787562,0,1,0
611.232788892,1,1,0
611.371485458,1,1,1
611.371486026,1,0,1
611.371487484,0,0,1
611.510183374,0,0,0
611.510183466,0,1,0
611.510185046,1,1,0
611.648881332,1,1,1
611.648881938,1,0,1
611.648882640,0,0,1
611.787579568,0,1,1
611.787580310,0,1,0
611.787581200,1,1,0
611.926277164,1,0,0
611.926277266,1,0,1
611.926278792,0,0,1
612.065006670,0,1,1
612.065007184,0,1,0
612.065007354,1,1,0
612.203703266,1,0,0
612.203705140,1,0,1
612.203705946,0,0,1
612.342401770,0,1,1
612.342402118,0,1,0
612.342403508,1,1,0
612.481099306,1,0,0
612.481100014,1,0,1
612.481101100,0,0,1
612.619797872,0,1,1
612.619798930,0,1,0
612.619799722,1,1,0
612.758496408,1,0,0
612.758496886,1,0,1
612.758497254,0,0,1
612.897193866,0,0,0
612.897193912,0,1,0
612.897194814,1,1,0
613.035890760,1,1,1
613.035892508,1,0,1
613.035893408,0,0,1
613.174588738,0,0,0
613.174589012,0,1,0
613.174591030,1,1,0
613.313287546,1,0,0
613.313288694,1,0,1
613.313289560,0,0,1
613.451985674,0,0,0
613.451986114,0,1,0
613.451987122,1,1,0
613.590683504,1,1,1
613.590683710,1,0,1
613.590684714,0,0,1
613.729382216,0,1,1
613.729382484,0,1,0
613.729383274,1,1,0
613.868078812,1,0,0
613.868079440,1,0,1
613.868080868,0,0,1
614.006777254,0,1,1
614.006778356,0,1,0
614.006779426,1,1,0
614.145475250,1,1,1
614.145475850,1,0,1
614.145477020,0,0,1
614.284172292,0,0,0
614.284173354,0,1,0
614.284174582,1,1,0
614.422932952,1,0,0
614.422933186,1,0,1
614.422934174,0,0,1
614.561629518,0,1,1
614.561631164,0,1,0
614.561631796,1,1,0
614.700329052,1,0,0
614.700329120,1,0,1
614.700330390,0,0,1
614.839056972,0,0,0
614.839057556,0,1,0
614.839058886,1,1,0
614.977754992,1,1,1
614.977755154,1,0,1
614.977756480,0,0,1
615.116450908,0,0,0
615.116453658,0,1,0
615.116454102,1,1,0
615.255149864,1,1,1
615.255152190,1,0,1
615.255152634,0,0,1
615.393847780,0,0,0
615.393849758,0,1,0
615.393850256,1,1,0
615.532545736,1,1,1
615.532546354,1,0,1
615.532547786,0,0,1
615.671274652,0,0,0
615.671274858,0,1,0
615.671276346,1,1,0
615.810003392,1,0,0
615.810003608,1,0,1
615.810005000,0,0,1
615.948701896,0,1,1
615.948702524,0,1,0
615.948703498,1,1,0
616.087429492,1,0,0
616.087430730,1,0,1
616.087432154,0,0,1
616.226127996,0,1,1
616.226128458,0,1,0
616.226129650,1,1,0
616.364824530,1,0,0
616.364826416,1,0,1
616.364827244,0,0,1
616.503523268,0,0,0
616.503525098,0,1,0
616.503525806,1,1,0
616.642221224,1,1,1
616.642221694,1,0,1
616.642223396,0,0,1
616.780950140,0,0,0
616.780951134,0,1,0
616.780951958,1,1,0
616.919647096,1,1,1
616.919647730,1,0,1
616.919649612,0,0,1
617.058376236,0,1,1
617.058377074,0,1,0
617.058378110,1,1,0
617.197104830,1,0,0
617.197105030,1,0,1
617.197106764,0,0,1
617.335802336,0,1,1
617.335803946,0,1,0
617.335805324,1,1,0
617.474531932,1,0,0
617.474532840,1,0,1
617.474533916,0,0,1
617.613228498,0,1,1
617.613229818,0,1,0
617.613231478,1,1,0
617.751926968,1,0,0
617.751927774,1,0,1
617.751929008,0,0,1
617.890626536,0,1,1
617.890626688,0,1,0
617.890627630,1,1,0
618.029324194,1,0,0
618.029324584,1,0,1
618.029325222,0,0,1
618.168021624,0,0,0
618.168022634,0,1,0
618.168023782,1,1,0
618.306719518,1,1,1
618.306720106,1,0,1
618.306721376,0,0,1
618.445418494,0,0,0
618.445418734,0,1,0
618.445418934,1,1,0
618.584145330,1,0,0
618.584145388,1,0,1
618.584147464,0,0,1
618.722844772,0,1,1
618.722845366,0,1,0
618.722846088,1,1,0
618.861541260,1,1,1
618.861543680,0,1,1
618.861544368,0,0,1
619.000239236,0,0,0
619.000239934,0,1,0
619.000241240,1,1,0
619.138968132,1,1,1
619.138968406,1,0,1
619.138969832,0,0,1
619.277665972,0,1,1
619.277666108,0,1,0
619.277668392,1,1,0
619.416363504,1,0,0
619.416365064,1,0,1
619.416365922,0,0,1
619.555064042,0,0,0
619.555064072,0,1,0
619.555064544,1,1,0
619.693760436,1,1,1
619.693760604,1,0,1
619.693762200,0,0,1
619.832457172,0,1,1
619.832458850,0,1,0
619.832459758,1,1,0
619.971156806,1,1,1
619.971157766,1,0,1
619.971158288,0,0,1
620.109854784,0,0,0
620.109855208,0,1,0
620.109855910,1,1,0
620.248552678,1,0,0
620.248552740,1,0,1
620.248554502,0,0,1
620.387280306,0,1,1
620.387281654,0,1,0
620.387281998,1,1,0
620.525978612,1,1,1
620.525979904,1,0,1
620.525980592,0,0,1
620.664676406,0,1,1
620.664676524,0,1,0
620.664678214,1,1,0
620.803373482,1,1,1
620.803375940,1,0,1
620.803376806,0,0,1
620.942071396,0,0,0
620.942072506,0,1,0
620.942074304,1,1,0
621.080831352,1,1,1
621.080832896,0,1,1
621.080833102,0,0,1
621.219529328,0,0,0
621.219530542,0,1,0
621.219531454,1,1,0
621.358227138,1,0,0
621.358228162,1,0,1
621.358229110,0,0,1
621.496925824,0,0,0
621.496926704,0,1,0
621.496927606,1,1,0
621.635654092,1,1,1
621.635654176,1,0,1
621.635655260,0,0,1
621.774351802,0,1,1
621.774352068,0,1,0
621.774353820,1,1,0
621.913049962,1,1,1
621.913050336,1,0,1
621.913051412,0,0,1
622.051778840,0,1,1
622.051778940,0,1,0
622.051779972,1,1,0
622.190476372,1,0,0
622.190476832,1,0,1
622.190478500,0,0,1
622.329204000,0,1,1
622.329204810,0,1,0
622.329206122,1,1,0
622.467903472,1,0,0
622.467903766,1,0,1
622.467904776,0,0,1
622.606661098,0,1,1
622.606661680,0,1,0
622.606663274,1,1,0
622.745360570,1,0,0
622.745360574,1,0,1
622.745361864,0,0,1
622.884058136,0,1,1
622.884058550,0,1,0
622.884059424,1,1,0
623.022755444,1,1,1
623.022755668,1,0,1
623.022757016,0,0,1
623.161453482,0,0,0
623.161454172,0,1,0
623.161455574,1,1,0
623.300151376,1,1,1
623.300151766,1,0,1
623.300153166,0,0,1
623.438850270,0,1,1
623.438851290,0,1,0
623.438851726,1,1,0
623.577547804,1,0,0
623.577548248,1,0,1
623.577549380,0,0,1
623.716245222,0,0,0
623.716245368,0,1,0
623.716246938,1,1,0
623.854943902,1,0,0
623.854944116,1,0,1
623.854945530,0,0,1
623.993641030,0,0,0
623.993641466,0,1,0
623.993643026,1,1,0
624.132339938,1,0,0
624.132339986,1,0,1
624.132341682,0,0,1
624.271036962,0,0,0
624.271037566,0,1,0
624.271039178,1,1,0
624.409735856,1,1,1
624.409736830,0,1,1
624.409737098,0,0,1
624.548462832,0,0,0
624.548463664,0,1,0
624.548465390,1,1,0
624.687162134,1,0,0
624.687162790,1,0,1
624.687163918,0,0,1
624.825859700,0,1,0
624.825861540,1,1,0
624.964588232,1,0,0
624.964588658,1,0,1
624.964590070,0,0,1
625.103316798,0,1,1
625.103317572,0,1,0
625.103318690,1,1,0
625.242045332,1,0,0
625.242046528,1,0,1
625.242047220,0,0,1
625.380743504,0,0,0
625.380743896,0,1,0
625.380744840,1,1,0
625.519442398,1,1,1
625.519442490,1,0,1
625.519443432,0,0,1
625.658138932,0,1,1
625.658139312,0,1,0
625.658140928,1,1,0
625.796837268,1,1,1
625.796837526,1,0,1
625.796838520,0,0,1
625.935535030,0,1,1
625.935535244,0,1,0
625.935537080,1,1,0
626.074233136,1,1,1
626.074233626,1,0,1
626.074234732,0,0,1
626.212931128,0,1,1
626.212932112,0,1,0
626.212933228,1,1,0
626.351628724,1,0,0
626.351630070,1,0,1
626.351630882,0,0,1
626.490326226,0,1,1
626.490326982,0,1,0
626.490328440,1,1,0
626.629054822,1,0,0
626.629054938,1,0,1
626.629057032,0,0,1
626.767814852,0,0,0
626.767815324,0,1,0
626.767816528,1,1,0
626.906511808,1,1,1
626.906512856,1,0,1
626.906514118,0,0,1
627.045270722,0,0,0
627.045272420,0,1,0
627.045273678,1,1,0
627.183969676,1,1,1
627.183969954,1,0,1
627.183971330,0,0,1
627.322697592,0,0,0
627.322698456,0,1,0
627.322699888,1,1,0
627.461395546,1,1,1
627.461396052,1,0,1
627.461397418,0,0,1
627.600094554,0,1,1
627.600095522,0,1,0
627.600096038,1,1,0
627.738791150,1,0,0
627.738792416,1,0,1
627.738793630,0,0,1
627.877520392,0,0,0
627.877520652,0,1,0
627.877522190,1,1,0
628.016217246,1,0,0
628.016218348,1,0,1
628.016219778,0,0,1
628.154916812,0,1,1
628.154917260,0,1,0
628.154918338,1,1,0
628.293614218,1,1,1
628.293614282,1,0,1
628.293615866,0,0,1
628.432310784,0,1,1
628.432312130,0,1,0
628.432313488,1,1,0
628.571010022,1,1,1
628.571011380,1,0,1
628.571012078,0,0,1
628.709707000,0,0,0
628.709708944,0,1,0
628.709709636,1,1,0
628.848406414,1,0,0
628.848407956,1,0,1
628.848408164,0,0,1
628.987134868,0,0,0
628.987135980,0,1,0
628.987136724,1,1,0
629.125832824,1,1,1
629.125833574,1,0,1
629.125834376,0,0,1
629.264530076,0,1,1
629.264530800,0,1,0
629.264531936,1,1,0
629.403257630,1,1,1
629.403259670,1,0,1
629.403260528,0,0,1
629.541957606,0,0,0
629.541958174,0,1,0
629.541959022,1,1,0
629.680654562,1,1,1
629.680654706,1,0,1
629.680656674,0,0,1
629.819384270,0,1,1
629.819384476,0,1,0
629.819385234,1,1,0
629.958080866,1,0,0
629.958081430,1,0,1
629.958082824,0,0,1
630.096809306,0,1,1
630.096810344,0,1,0
630.096811320,1,1,0
630.235538900,1,0,0
630.235539300,1,0,1
630.235539974,0,0,1
630.374327400,0,1,1
630.374328276,0,1,0
630.374329532,1,1,0
630.513025996,1,0,0
630.513027230,1,0,1
630.513028124,0,0,1
630.651753144,0,0,0
630.651753436,0,1,0
630.651755680,1,1,0
630.790453030,1,0,0
630.790453100,1,0,1
630.790454272,0,0,1
630.929181594,0,1,1
630.929182012,0,1,0
630.929182828,1,1,0
631.067878968,1,1,1
631.067880064,1,0,1
631.067880482,0,0,1
631.206606944,0,0,0
631.206607630,0,1,0
631.206608976,1,1,0
631.345335224,1,0,0
631.345335836,1,0,1
631.345337568,0,0,1
631.484032724,0,1,1
631.484034814,0,1,0
631.484035126,1,1,0
631.622731704,1,1,1
631.622732320,1,0,1
631.622733716,0,0,1
631.761459822,0,1,1
631.761460682,0,1,0
631.761462210,1,1,0
631.900158636,1,1,1
631.900159354,1,0,1
631.900159864,0,0,1
632.038855550,0,0,0
632.038855918,0,1,0
632.038857422,1,1,0
632.177555442,1,1,1
632.177555460,1,0,1
632.177556012,0,0,1
632.316251014,0,1,1
632.316251418,0,1,0
632.316253570,1,1,0
632.454950372,1,1,1
632.454950610,1,0,1
632.454952162,0,0,1
632.593679050,0,1,1
632.593679286,0,1,0
632.593680718,1,1,0
632.732376642,1,0,0
632.732377240,1,0,1
632.732378310,0,0,1
632.871074208,0,1,1
632.871074220,0,1,0
632.871075868,1,1,0
633.009772740,1,0,0
633.009773046,1,0,1
633.009774458,0,0,1
633.148470084,0,0,0
633.148471616,0,1,0
633.148472016,1,1,0
633.287198914,1,1,1
633.287199772,1,0,1
633.287200606,0,0,1
633.425896338,0,1,1
633.425896890,0,1,0
633.425898226,1,1,0
633.564594870,1,0,0
633.564595846,1,0,1
633.564596754,0,0,1
633.703292434,0,1,1
633.703292820,0,1,0
633.703294312,1,1,0
633.841990714,1,1,1
633.841991966,1,0,1
633.841992964,0,0,1
633.980688530,0,1,1
633.980689126,0,1,0
633.980690460,1,1,0
634.119386062,1,0,0
634.119387642,1,0,1
634.119388050,0,0,1
634.258145558,0,0,0
634.258145564,0,1,0
634.258147608,1,1,0
634.396874512,1,1,1
634.396875158,1,0,1
634.396876260,0,0,1
634.535603660,0,1,1
634.535604424,0,1,0
634.535604756,1,1,0
634.674299380,1,1,1
634.674300192,1,0,1
634.674302410,0,0,1
634.812998756,0,1,1
634.812999354,0,1,0
634.812999906,1,1,0
634.951697184,1,1,1
634.951697288,1,0,1
634.951698494,0,0,1
635.090394854,0,1,1
635.090395160,0,1,0
635.090396116,1,1,0
635.229092696,1,0,0
635.229094116,1,0,1
635.229094706,0,0,1
635.367790886,0,1,1
635.367791030,0,1,0
635.367792200,1,1,0
635.506487982,1,1,1
635.506488478,1,0,1
635.506489790,0,0,1
635.645246896,0,0,0
635.645248982,0,1,0
635.645249346,1,1,0
635.784006574,1,0,0
635.784007038,1,0,1
635.784007936,0,0,1
635.922704766,0,0,0
635.922705138,0,1,0
635.922706494,1,1,0
636.061402718,1,1,1
636.061403608,1,0,1
636.061404084,0,0,1
636.200100110,0,1,1
636.200100692,0,1,0
636.200101704,1,1,0
636.338797702,1,0,0
636.338798648,1,0,1
636.338800230,0,0,1
636.477496266,0,1,1
636.477496500,0,1,0
636.477497852,1,1,0
636.616193798,1,0,0
636.616194516,1,0,1
636.616196442,0,0,1
636.754922300,0,1,1
636.754922428,0,1,0
636.754924000,1,1,0
636.893681382,1,1,1
636.893681892,1,0,1
636.893683526,0,0,1
637.032409394,0,1,1
637.032410296,0,1,0
637.032412146,1,1,0
637.171138988,1,0,0
637.171139250,1,0,1
637.171140674,0,0,1
637.309836426,0,1,1
637.309837162,0,1,0
637.309838294,1,1,0
637.448535118,1,1,1
637.448536020,1,0,1
637.448536882,0,0,1
637.587231522,0,1,1
637.587232092,0,1,0
637.587234378,1,1,0
637.725929984,1,1,1
637.725931116,1,0,1
637.725932032,0,0,1
637.864628680,0,1,1
637.864629896,0,1,0
637.864630586,1,1,0
638.003326210,1,0,0
638.003326850,1,0,1
638.003328176,0,0,1
638.142023826,0,0,0
638.142024774,0,1,0
638.142025672,1,1,0
638.280752780,1,1,1
638.280753242,1,0,1
638.280754324,0,0,1
638.419450692,0,0,0
638.419450868,0,1,0
638.419452880,1,1,0
638.558148400,1,0,0
638.558149648,1,0,1
638.558150470,0,0,1
638.696847560,0,0,0
638.696847902,0,1,0
638.696849028,1,1,0
638.835543432,1,0,0
638.835545514,1,0,1
638.835546680,0,0,1
638.974242488,0,0,0
638.974242996,0,1,0
638.974244174,1,1,0
639.112941380,1,1,1
639.112942528,1,0,1
639.112942764,0,0,1
639.251639028,0,1,1
639.251639292,0,1,0
639.251640322,1,1,0
639.390337684,1,1,1
639.390338622,1,0,1
639.390338910,0,0,1
639.529033810,0,1,1
639.529035220,0,1,0
639.529036468,1,1,0
639.667732176,1,1,1
639.667732716,1,0,1
639.667734120,0,0,1
639.806460218,0,1,1
639.806462088,0,1,0
639.806462614,1,1,0
639.945159810,1,0,0
639.945161042,1,0,1
639.945161204,0,0,1
640.083856312,0,1,1
640.083857954,0,1,0
640.083858762,1,1,0
640.222553846,1,1,1
640.222553904,1,0,1
640.222556414,0,0,1
640.361252406,0,1,1
640.361253820,0,1,0
640.361254908,1,1,0
640.499950774,1,1,1
640.499950938,1,0,1
640.499952558,0,0,1
640.638648564,0,1,1
640.638649686,0,1,0
640.638651116,1,1,0
640.777346032,1,0,0
640.777346640,1,0,1
640.777348644,0,0,1
640.916044532,0,1,1
640.916044616,0,1,0
640.916046200,1,1,0
641.054744188,1,0,0
641.054744506,1,0,1
641.054744854,0,0,1
641.193439626,0,1,1
641.193440480,0,1,0
641.193442348,1,1,0
641.332139218,1,0,0
641.332140374,1,0,1
641.332140936,0,0,1
641.470837348,0,0,0
641.470837782,0,1,0
641.470838494,1,1,0
641.609565252,1,0,0
641.609566300,1,0,1
641.609567082,0,0,1
641.748262214,0,0,0
641.748262814,0,1,0
641.748264640,1,1,0
641.886961344,1,0,0
641.886962166,1,0,1
641.886963290,0,0,1
642.025657908,0,1,1
642.025660078,0,1,0
642.025660848,1,1,0
642.164356438,1,0,0
642.164357032,1,0,1
642.164358374,0,0,1
642.303054946,0,0,0
642.303056002,0,1,0
642.303056930,1,1,0
642.441813836,1,1,1
642.441814532,1,0,1
642.441815582,0,0,1
642.580512032,0,1,1
642.580513812,0,1,0
642.580514076,1,1,0
642.719210626,1,0,0
642.719210764,1,0,1
642.719211728,0,0,1
642.857938126,0,1,1
642.857938738,0,1,0
642.857940222,1,1,0
642.996636630,1,1,1
642.996637720,1,0,1
642.996637874,0,0,1
643.135335220,0,1,1
643.135335604,0,1,0
643.135336370,1,1,0
643.274032558,1,1,1
643.274033750,1,0,1
643.274034020,0,0,1
643.412759406,0,0,0
643.412761312,0,1,0
643.412762576,1,1,0
643.551458424,1,1,1
643.551458844,1,0,1
643.551460102,0,0,1
643.690218334,0,0,0
643.690219344,0,1,0
643.690219784,1,1,0
643.828914874,1,0,0
643.828915288,1,0,1
643.828917312,0,0,1
643.967613200,0,0,0
643.967614560,0,1,0
643.967615868,1,1,0
644.106312030,1,0,0
644.106312154,1,0,1
644.106313458,0,0,1
644.245009592,0,1,1
644.245010064,0,1,0
644.245011014,1,1,0
644.383736956,1,1,1
644.383738060,1,0,1
644.383739602,0,0,1
644.522497686,0,1,1
644.522497930,0,1,0
644.522499158,1,1,0
644.661225214,1,0,0
644.661226884,1,0,1
644.661227684,0,0,1
644.799923716,0,1,1
644.799923858,0,1,0
644.799925306,1,1,0
644.938651748,1,1,1
644.938653246,1,0,1
644.938653892,0,0,1
645.077380724,0,0,0
645.077380808,0,1,0
645.077382448,1,1,0
645.216078614,1,1,1
645.216079338,1,0,1
645.216080100,0,0,1
645.354776588,0,0,0
645.354776902,0,1,0
645.354778594,1,1,0
645.493473542,1,1,1
645.493474432,1,0,1
645.493476182,0,0,1
645.632172516,0,0,0
645.632172932,0,1,0
645.632173740,1,1,0
645.770870406,1,1,1
645.770870524,1,0,1
645.770872390,0,0,1
645.909568026,0,1,1
645.909568318,0,1,0
645.909569884,1,1,0
646.048267272,1,1,1
646.048267618,1,0,1
646.048268474,0,0,1
646.186964118,0,1,1
646.186964184,0,1,0
646.186966030,1,1,0
646.325660648,1,0,0
646.325662136,1,0,1
646.325663618,0,0,1
646.464390212,0,1,1
646.464391110,0,1,0
646.464392174,1,1,0
646.603088742,1,0,0
646.603089064,1,0,1
646.603090826,0,0,1
646.741786976,0,0,0
646.741787242,0,1,0
646.741788320,1,1,0
646.880483866,1,1,1
646.880485834,1,0,1
646.880485972,0,0,1
647.019182396,0,1,1
647.019182840,0,1,0
647.019184528,1,1,0
647.157880730,1,1,1
647.157880926,1,0,1
647.157882116,0,0,1
647.296608704,0,0,0
647.296609488,0,1,0
647.296610672,1,1,0
647.435307658,1,1,1
647.435308018,1,0,1
647.435309262,0,0,1
647.574034520,0,1,1
647.574036568,0,1,0
647.574036756,1,1,0
647.712763460,1,1,1
647.712764050,1,0,1
647.712765406,0,0,1
647.851462496,0,0,0
647.851462612,0,1,0
647.851463900,1,1,0
647.990159206,1,0,0
647.990159388,1,0,1
647.990161552,0,0,1
648.128857360,0,0,0
648.128858704,0,1,0
648.128860106,1,1,0
648.267585064,1,1,1
648.267586236,1,0,1
648.267587698,0,0,1
648.406284736,0,1,1
648.406285226,0,1,0
648.406286252,1,1,0
648.545014178,1,1,1
648.545014328,1,0,1
648.545014780,0,0,1
648.683710828,0,1,1
648.683711026,0,1,0
648.683712396,1,1,0
648.822409418,1,0,0
648.822410046,1,0,1
648.822410986,0,0,1
648.961106920,0,1,1
648.961106956,0,1,0
648.961108480,1,1,0
649.099803452,1,0,0
649.099804844,1,0,1
649.099806130,0,0,1
649.238532820,0,0,0
649.238534012,0,1,0
649.238534686,1,1,0
649.377231542,1,0,0
649.377232774,1,0,1
649.377233214,0,0,1
649.515928106,0,1,1
649.515928684,0,1,0
649.515930830,1,1,0
649.654626636,1,0,0
649.654627636,1,0,1
649.654628420,0,0,1
649.793325612,0,0,0
649.793326198,0,1,0
649.793326914,1,1,0
649.932054502,1,1,1
649.932054728,1,0,1
649.932055566,0,0,1
650.070783228,0,1,1
650.070783476,0,1,0
650.070784120,1,1,0
650.209479822,1,0,0
650.209481242,1,0,1
650.209481710,0,0,1
650.348177278,0,0,0
650.348177882,0,1,0
650.348179326,1,1,0
650.486875788,1,0,0
650.486877230,1,0,1
650.486877916,0,0,1
650.625573204,0,0,0
650.625574476,0,1,0
650.625575410,1,1,0
650.764301942,1,0,0
650.764303096,1,0,1
650.764303998,0,0,1
650.903001070,0,0,0
650.903001506,0,1,0
650.903002492,1,1,0
651.041698024,1,1,1
651.041699036,1,0,1
651.041700142,0,0,1
651.180426598,0,1,1
651.180427936,0,1,0
651.180428762,1,1,0
651.319124128,1,0,0
651.319124888,1,0,1
651.319126286,0,0,1
651.457823690,0,1,1
651.457823798,0,1,0
651.457824844,1,1,0
651.596520690,1,1,1
651.596521220,1,0,1
651.596522432,0,0,1
651.735217726,0,0,0
651.735218782,0,1,0
651.735219988,1,1,0
651.873947250,1,0,0
651.873947554,1,0,1
651.873948576,0,0,1
652.012675876,0,1,1
652.012676530,0,1,0
652.012677070,1,1,0
652.151374342,1,0,0
652.151374482,1,0,1
652.151375720,0,0,1
652.290102392,0,0,0
652.290103904,0,1,0
652.290104276,1,1,0
652.428800346,1,1,1
652.428800498,1,0,1
652.428801866,0,0,1
652.567496998,0,1,1
652.567498382,0,1,0
652.567499484,1,1,0
652.706197526,1,0,0
652.706198072,0,0,0
652.706198212,0,0,1
652.844894090,0,1,1
652.844894184,0,1,0
652.844895564,1,1,0
652.983622138,1,1,1
652.983622556,1,0,1
652.983624216,0,0,1
653.122320048,0,0,0
653.122320182,0,1,0
653.122321708,1,1,0
653.261048710,1,0,0
653.261050002,1,0,1
653.261050298,0,0,1
653.399745914,0,0,0
653.399748212,0,1,0
653.399748916,1,1,0
653.538475804,1,0,0
653.538475866,1,0,1
653.538477440,0,0,1
653.677172526,0,0,0
653.677174302,0,1,0
653.677175060,1,1,0
653.815901668,1,1,1
653.815901832,1,0,1
653.815903586,0,0,1
653.954630394,0,1,1
653.954630704,0,1,0
653.954632140,1,1,0
654.093358924,1,0,0
654.093359594,1,0,1
654.093360728,0,0,1
654.232057488,0,1,1
654.232057568,0,1,0
654.232058346,1,1,0
654.370756522,1,1,1
654.370756934,0,1,1
654.370757016,0,0,1
654.509482078,0,1,1
654.509482432,0,1,0
654.509484490,1,1,0
654.648181386,1,1,1
654.648182046,1,0,1
654.648183078,0,0,1
654.786878234,0,0,0
654.786878608,0,1,0
654.786880572,1,1,0
654.925607200,1,0,0
654.925608250,1,0,1
654.925609222,0,0,1
655.064335160,0,0,0
655.064335700,0,1,0
655.064337716,1,1,0
655.203034050,1,1,1
655.203034292,1,0,1
655.203035366,0,0,1
655.341732792,0,1,1
655.341733024,0,1,0
655.341733922,1,1,0
655.480429322,1,0,0
655.480430414,1,0,1
655.480431448,0,0,1
655.619127952,0,0,0
655.619128884,0,1,0
655.619130002,1,1,0
655.757856840,1,1,1
655.757857414,1,0,1
655.757858654,0,0,1
655.896553816,0,0,0
655.896553912,0,1,0
655.896556148,1,1,0
656.035251706,1,1,1
656.035253504,1,0,1
656.035253798,0,0,1
656.173950068,0,1,1
656.173950678,0,1,0
656.173952352,1,1,0
656.312648534,1,0,0
656.312648568,1,0,1
656.312649878,0,0,1
656.451376096,0,1,1
656.451377542,0,1,0
656.451378498,1,1,0
656.590073626,1,0,0
656.590074432,1,0,1
656.590076084,0,0,1
656.728773188,0,1,1
656.728773406,0,1,0
656.728774640,1,1,0
656.867469296,1,1,1
656.867469718,1,0,1
656.867472290,0,0,1
657.006169270,0,0,0
657.006170218,0,1,0
657.006170782,1,1,0
657.144896222,1,1,1
657.144896746,1,0,1
657.144898372,0,0,1
657.283594758,0,0,0
657.283595308,0,1,0
657.283596928,1,1,0
657.422292086,1,1,1
657.422292838,1,0,1
657.422294514,0,0,1
657.560991060,0,0,0
657.560991398,0,1,0
657.560993008,1,1,0
657.699687948,1,1,1
657.699688928,1,0,1
657.699690658,0,0,1
657.838416490,0,1,1
657.838416862,0,1,0
657.838419276,1,1,0
657.977176020,1,0,0
657.977176812,1,0,1
657.977177802,0,0,1
658.115874582,0,1,1
658.115874786,0,1,0
658.115876356,1,1,0
658.254571110,1,0,0
658.254572676,1,0,1
658.254573944,0,0,1
658.393301650,0,0,0
658.393301672,0,1,0
658.393302562,1,1,0
658.531998202,1,0,0
658.531998540,1,0,1
658.532000088,0,0,1
658.670727512,0,0,0
658.670727702,0,1,0
658.670728642,1,1,0
658.809455292,1,0,0
658.809455466,1,0,1
658.809457228,0,0,1
658.948154440,0,0,0
658.948154792,0,1,0
658.948155784,1,1,0
659.086882078,1,1,1
659.086882320,1,0,1
659.086884374,0,0,1
659.225579882,0,1,1
659.225580238,0,1,0
659.225581990,1,1,0
659.364309192,1,1,1
659.364309412,1,0,1
659.364310514,0,0,1
659.503005972,0,1,1
659.503007164,0,1,0
659.503008070,1,1,0
659.641705054,1,1,1
659.641705502,1,0,1
659.641706658,0,0,1
659.780403002,0,1,1
659.780403026,0,1,0
659.780404276,1,1,0
659.919099656,1,0,0
659.919099918,1,0,1
659.919101800,0,0,1
660.057798154,0,1,1
660.057798828,0,1,0
660.057800356,1,1,0
660.196526782,1,1,1
660.196527684,1,0,1
660.196529006,0,0,1
660.335255184,0,1,1
660.335256754,0,1,0
660.335257560,1,1,0
660.473952706,1,1,1
660.473952774,1,0,1
660.473955150,0,0,1
660.612650616,0,0,0
660.612651274,0,1,0
660.612652642,1,1,0
660.751378802,1,0,0
660.751380570,1,0,1
660.751381290,0,0,1
660.890107364,0,1,1
660.890107480,0,1,0
660.890109784,1,1,0
661.028806432,1,1,1
661.028806954,1,0,1
661.028808434,0,0,1
661.167535342,0,0,0
661.167535454,0,1,0
661.167536926,1,1,0
661.306233234,1,1,1
661.306233984,1,0,1
661.306234576,0,0,1
661.444929544,0,1,1
661.444930206,0,1,0
661.444932132,1,1,0
661.583629074,1,0,0
661.583629158,1,0,1
661.583630718,0,0,1
661.722326068,0,0,0
661.722326574,0,1,0
661.722328274,1,1,0
661.861025164,1,0,0
661.861026020,1,0,1
661.861026862,0,0,1
661.999722662,0,1,1
661.999723930,0,1,0
661.999724416,1,1,0
662.138450882,1,1,1
662.138451192,1,0,1
662.138453004,0,0,1
662.277149752,0,1,1
662.277149794,0,1,0
662.277150560,1,1,0
662.415877808,1,1,1
662.415878282,1,0,1
662.415879146,0,0,1
662.554576718,0,0,0
662.554576842,0,1,0
662.554577702,1,1,0
662.693274372,1,0,0
662.693274732,1,0,1
662.693275288,0,0,1
662.831969934,0,1,1
662.831971582,0,1,0
662.831972844,1,1,0
662.970669532,1,1,1
662.970670462,1,0,1
662.970671430,0,0,1
663.109366380,0,0,0
663.109367964,0,1,0
663.109368986,1,1,0
663.248096396,1,1,1
663.248096552,1,0,1
663.248097572,0,0,1
663.386794050,0,1,1
663.386794304,0,1,0
663.386795126,1,1,0
663.525490642,1,0,0
663.525491258,1,0,1
663.525493776,0,0,1
663.664189168,0,0,0
663.664190140,0,1,0
663.664191332,1,1,0
663.802887670,1,0,0
663.802889118,1,0,1
663.802889856,0,0,1
663.941585230,0,1,1
663.941587028,0,1,0
663.941587410,1,1,0
664.080283822,1,0,0
664.080283982,1,0,1
664.080285060,0,0,1
664.218981892,0,0,0
664.218982258,0,1,0
664.218983552,1,1,0
664.357709848,1,0,0
664.357710844,1,0,1
664.357712140,0,0,1
664.496440066,0,0,0
664.496440348,0,1,0
664.496440694,1,1,0
664.635136704,1,1,1
664.635136938,1,0,1
664.635138342,0,0,1
664.773835438,0,1,1
664.773835614,0,1,0
664.773835898,1,1,0
664.912532028,1,0,0
664.912533568,1,0,1
664.912534422,0,0,1
665.051229464,0,1,1
665.051230540,0,1,0
665.051231978,1,1,0
665.189928118,1,0,0
665.189929490,1,0,1
665.189930626,0,0,1
665.328687402,0,0,0
665.328687554,0,1,0
665.328689118,1,1,0
665.467384290,1,1,1
665.467385144,1,0,1
665.467386770,0,0,1
665.606083706,0,1,1
665.606084262,0,1,0
665.606085260,1,1,0
665.744781216,1,1,1
665.744781296,1,0,1
665.744782908,0,0,1
665.883479188,0,0,0
665.883479732,0,1,0
665.883481402,1,1,0
666.022177322,1,0,0
666.022178076,1,0,1
666.022179052,0,0,1
666.160874884,0,1,1
666.160874986,0,1,0
666.160876544,1,1,0
666.299573412,1,0,0
666.299573814,1,0,1
666.299575192,0,0,1
666.438270910,0,1,1
666.438271848,0,1,0
666.438272746,1,1,0
666.576998502,1,0,0
666.576999798,1,0,1
666.577001334,0,0,1
666.715696000,0,1,1
666.715697708,0,1,0
666.715698888,1,1,0
666.854394590,1,0,0
666.854394660,1,0,1
666.854397538,0,0,1
666.993092570,0,0,0
666.993093090,0,1,0
666.993094966,1,1,0
667.131792522,1,1,1
667.131792616,1,0,1
667.131793616,0,0,1
667.270520178,0,1,1
667.270521494,0,1,0
667.270522232,1,1,0
667.409247644,1,0,0
667.409248446,1,0,1
667.409249758,0,0,1
667.547976292,0,0,0
667.547977516,0,1,0
667.547978312,1,1,0
667.686675244,1,1,1
667.686676418,1,0,1
667.686676898,0,0,1
667.825372216,0,0,0
667.825374292,0,1,0
667.825374452,1,1,0
667.964070822,1,0,0
667.964071168,1,0,1
667.964073102,0,0,1
668.102770382,0,1,1
668.102770592,1,1,1
668.102771076,1,1,0
668.241465910,1,0,0
668.241465966,1,0,1
668.241468180,0,0,1
668.380164938,0,0,0
668.380165408,0,1,0
668.380166734,1,1,0
668.518861890,1,1,1
668.518861998,1,0,1
668.518864320,0,0,1
668.657560496,0,1,1
668.657560798,0,1,0
668.657561874,1,1,0
668.796258150,1,0,0
668.796258750,1,0,1
668.796260522,0,0,1
668.934955586,0,1,1
668.934956660,0,1,0
668.934958078,1,1,0
669.073654176,1,0,0
669.073655612,1,0,1
669.073656602,0,0,1
669.212352520,0,0,0
669.212352674,0,1,0
669.212354156,1,1,0
669.351049472,1,1,1
669.351050202,1,0,1
669.351051806,0,0,1
669.489749444,0,0,0
669.489749764,0,1,0
669.489750298,1,1,0
669.628446290,1,0,0
669.628446334,1,0,1
669.628447884,0,0,1
669.767175304,0,0,0
669.767175414,0,1,0
669.767176500,1,1,0
669.905873194,1,1,1
669.905873380,1,0,1
669.905875024,0,0,1
670.044569940,0,1,1
670.044572166,0,1,0
670.044572640,1,1,0
670.183268054,1,1,1
670.183269468,1,0,1
670.183270230,0,0,1
670.321966968,0,1,1
670.321968026,0,1,0
670.321968718,1,1,0
670.460664494,1,0,0
670.460665978,1,0,1
670.460666306,0,0,1
670.599361950,0,0,0
670.599363056,0,1,0
670.599363922,1,1,0
670.738060646,1,0,0
670.738060838,1,0,1
670.738062510,0,0,1
670.876757810,0,0,0
670.876758144,0,1,0
670.876760064,1,1,0
671.015486638,1,1,1
671.015487734,1,0,1
671.015488650,0,0,1
671.154214672,0,0,0
671.154216232,0,1,0
671.154217142,1,1,0
671.292912562,1,1,1
671.292912822,1,0,1
671.292914790,0,0,1
671.431641532,0,0,0
671.431643258,0,1,0
671.431643282,1,1,0
671.570369296,1,1,1
671.570370848,1,0,1
671.570371930,0,0,1
671.709069346,0,1,1
671.709070484,1,1,1
671.709070706,1,1,0
671.847797936,1,0,0
671.847798282,1,0,1
671.847799008,0,0,1
671.986555434,0,1,1
671.986556254,0,1,0
671.986557624,1,1,0
672.125283024,1,0,0
672.125285142,1,0,1
672.125286210,0,0,1
672.263982114,0,0,0
672.263982522,0,1,0
672.263983766,1,1,0
672.402681050,1,0,0
672.402681066,1,0,1
672.402682352,0,0,1
672.541377974,0,0,0
672.541378548,0,1,0
672.541379906,1,1,0
672.680107076,1,0,0
672.680107926,1,0,1
672.680108490,0,0,1
672.818804636,0,1,1
672.818804834,0,1,0
672.818806046,1,1,0
672.957502164,1,0,0
672.957502724,1,0,1
672.957504630,0,0,1
673.096200694,0,0,0
673.096201786,0,1,0
673.096202184,1,1,0
673.234899646,1,1,1
673.234900314,1,0,1
673.234900772,0,0,1
673.373596680,0,0,0
673.373597812,0,1,0
673.373598326,1,1,0
673.512325506,1,1,1
673.512326340,1,0,1
673.512326910,0,0,1
673.651083478,0,0,0
673.651084898,0,1,0
673.651085464,1,1,0
673.789782426,1,0,0
673.789783366,1,0,1
673.789784050,0,0,1
673.928510338,0,0,0
673.928510988,0,1,0
673.928512666,1,1,0
674.067208514,1,0,0
674.067209228,1,0,1
674.067210190,0,0,1
674.205905198,0,0,0
674.205907744,1,0,0
674.205908012,1,1,0
674.344604538,1,0,0
674.344605086,1,0,1
674.344606330,0,0,1
674.483333058,0,0,0
674.483333162,0,1,0
674.483334884,1,1,0
674.622029690,1,0,0
674.622030946,1,0,1
674.622032470,0,0,1
674.760728980,0,0,0
674.760729188,0,1,0
674.760731088,1,1,0
674.899457714,1,0,0
674.899457808,1,0,1
674.899458610,0,0,1
675.038154778,0,0,0
675.038155274,0,1,0
675.038157226,1,1,0
675.176853730,1,1,1
675.176853864,1,0,1
675.176854748,0,0,1
675.315550700,0,0,0
675.315551362,0,1,0
675.315553304,1,1,0
675.454249590,1,1,1
675.454249888,1,0,1
675.454250888,0,0,1
675.592946498,0,0,0
675.592947450,0,1,0
675.592948504,1,1,0
675.731644978,1,0,0
675.731646450,1,0,1
675.731647030,0,0,1
675.870342356,0,0,0
675.870343536,0,1,0
675.870344644,1,1,0
676.009041308,1,1,1
676.009042066,1,0,1
676.009043232,0,0,1
676.147739280,0,0,0
676.147739560,0,1,0
676.147740722,1,1,0
676.286436232,1,1,1
676.286438088,1,0,1
676.286438308,0,0,1
676.425165138,0,0,0
676.425165648,0,1,0
676.425166924,1,1,0
676.563864028,1,1,1
676.563864176,1,0,1
676.563865448,0,0,1
676.702560736,0,1,1
676.702561998,0,1,0
676.702563002,1,1,0
676.841259324,1,0,0
676.841259886,1,0,1
676.841260650,0,0,1
676.979956732,0,0,0
676.979956760,0,1,0
676.979959140,1,1,0
677.118654810,1,1,1
677.118656288,1,0,1
677.118656788,0,0,1
677.257353718,0,0,0
677.257353910,0,1,0
677.257355342,1,1,0
677.396081374,1,0,0
677.396082668,1,0,1
677.396083864,0,0,1
677.534779996,0,1,1
677.534780640,0,1,0
677.534781420,1,1,0
677.673477522,1,0,0
677.673477528,1,0,1
677.673479066,0,0,1
677.812176020,0,1,1
677.812176436,0,1,0
677.812177682,1,1,0
677.950873386,1,1,1
677.950873610,1,0,1
677.950875206,0,0,1
678.089570170,0,1,1
678.089571358,0,1,0
678.089572758,1,1,0
678.228269246,1,1,1
678.228269634,1,0,1
678.228271346,0,0,1
678.366967154,0,0,0
678.366967820,0,1,0
678.366968836,1,1,0
678.505665104,1,1,1
678.505665720,1,0,1
678.505667482,0,0,1
678.644363078,0,0,0
678.644363280,0,1,0
678.644365038,1,1,0
678.783060808,1,0,0
678.783060964,1,0,1
678.783062624,0,0,1
678.921759934,0,0,0
678.921760304,0,1,0
678.921761176,1,1,0
679.060487886,1,1,1
679.060488894,1,0,1
679.060489822,0,0,1
679.199186392,0,1,1
679.199186794,0,1,0
679.199187314,1,1,0
679.337882980,1,0,0
679.337884744,1,0,1
679.337885900,0,0,1
679.476581478,0,1,1
679.476582652,0,1,0
679.476583454,1,1,0
679.615310006,1,0,0
679.615310540,1,0,1
679.615312040,0,0,1
679.754007566,0,1,1
679.754008512,0,1,0
679.754009592,1,1,0
679.892705462,1,1,1
679.892708154,1,0,1
679.892708178,0,0,1
680.031434370,0,0,0
680.031435588,0,1,0
680.031436730,1,1,0
680.170133322,1,1,1
680.170134240,1,0,1
680.170134380,0,0,1
680.308829674,0,1,1
680.308830292,0,1,0
680.308831932,1,1,0
680.447530178,1,1,1
680.447530264,1,0,1
680.447530456,0,0,1
680.586256774,0,0,0
680.586257824,0,1,0
680.586259070,1,1,0
680.724954350,1,0,0
680.724955038,1,0,1
680.724956594,0,0,1
680.863651946,0,0,0
680.863652910,0,1,0
680.863654146,1,1,0
681.002380374,1,0,0
681.002380960,1,0,1
681.002382794,0,0,1
681.141108934,0,1,1
681.141109866,0,1,0
681.141111348,1,1,0
681.279808522,1,0,0
681.279808754,1,0,1
681.279809934,0,0,1
681.418505726,0,0,0
681.418506018,0,1,0
681.418507486,1,1,0
681.557203608,1,0,0
681.557204676,1,0,1
681.557205010,0,0,1
681.695902042,0,1,1
681.695902584,0,1,0
681.695903624,1,1,0
681.834599632,1,0,0
681.834601210,0,0,0
681.834601534,0,0,1
681.973298192,0,1,1
681.973298506,0,1,0
681.973299762,1,1,0
682.112026392,1,1,1
682.112026716,1,0,1
682.112028348,0,0,1
682.250753276,0,1,1
682.250753362,0,1,0
682.250755840,1,1,0
682.389452740,1,0,0
682.389453564,1,0,1
682.389454424,0,0,1
682.528151160,0,0,0
682.528151300,0,1,0
682.528152040,1,1,0
682.666848764,1,0,0
682.666849108,1,0,1
682.666850562,0,0,1
682.805546386,0,1,1
682.805547080,0,1,0
682.805548178,1,1,0
682.944243914,1,0,0
682.944244968,1,0,1
682.944245764,0,0,1
683.082942472,0,1,1
683.082942938,0,1,0
683.082944316,1,1,0
683.221639998,1,0,0
683.221640886,1,0,1
683.221641902,0,0,1
683.360338796,0,0,0
683.360339556,0,1,0
683.360340392,1,1,0
683.499036684,1,1,1
683.499037084,1,0,1
683.499038102,0,0,1
683.637734580,0,1,1
683.637734654,0,1,0
683.637735594,1,1,0
683.776432604,1,1,1
683.776433232,1,0,1
683.776434178,0,0,1
683.915129512,0,0,0
683.915130666,0,1,0
683.915131732,1,1,0
684.053828192,1,0,0
684.053828462,1,0,1
684.053830380,0,0,1
684.192526244,0,0,0
684.192526752,0,1,0
684.192527870,1,1,0
684.331223340,1,0,0
684.331224318,1,0,1
684.331225454,0,0,1
684.469950836,0,1,1
684.469952228,0,1,0
684.469953944,1,1,0
684.608651176,1,1,1
684.608651362,1,0,1
684.608652592,0,0,1
684.747379234,0,1,1
684.747380084,0,1,0
684.747381144,1,1,0
684.886076448,1,0,0
684.886077034,1,0,1
684.886078730,0,0,1
685.024773944,0,1,1
685.024775004,0,1,0
685.024776282,1,1,0
685.163472534,1,0,0
685.163474866,0,0,0
685.163474954,0,0,1
685.302170862,0,0,0
685.302171030,0,1,0
685.302172420,1,1,0
685.440867750,1,1,1
685.440868556,1,0,1
685.440870006,0,0,1
685.579566114,0,1,1
685.579566720,0,1,0
685.579568558,1,1,0
685.718264668,1,1,1
685.718264702,1,0,1
685.718266142,0,0,1
685.856962576,0,0,0
685.856963200,0,1,0
685.856964632,1,1,0
685.995659464,1,1,1
685.995660788,1,0,1
685.995662280,0,0,1
686.134357284,0,1,1
686.134357498,0,1,0
686.134359834,1,1,0
686.273086320,1,1,1
686.273086810,1,0,1
686.273088354,0,0,1
686.411814354,0,0,0
686.411815370,0,1,0
686.411817032,1,1,0
686.550513896,1,0,0
686.550514302,1,0,1
686.550515556,0,0,1
686.689242454,0,1,1
686.689243210,0,1,0
686.689244106,1,1,0
686.827940918,1,0,0
686.827941160,1,0,1
686.827941756,0,0,1
686.966637414,0,1,1
686.966638068,0,1,0
686.966639244,1,1,0
687.105336066,1,0,0
687.105336954,1,0,1
687.105337830,0,0,1
687.244032562,0,1,1
687.244033924,0,1,0
687.244035444,1,1,0
687.382733088,1,0,0
687.382733876,1,0,1
687.382733968,0,0,1
687.521429646,0,1,1
687.521429782,0,1,0
687.521431582,1,1,0
687.660126982,1,1,1
687.660127172,1,0,1
687.660129168,0,0,1
687.798824702,0,0,0
687.798826668,0,1,0
687.798827722,1,1,0
687.937523588,1,1,1
687.937524256,1,0,1
687.937525244,0,0,1
688.076220498,0,0,0
688.076220752,0,1,0
688.076222858,1,1,0
688.214919342,1,0,0
688.214919444,1,0,1
688.214921442,0,0,1
688.353617902,0,1,1
688.353618414,0,1,0
688.353618932,1,1,0
688.492315366,1,1,1
688.492316364,1,0,1
688.492317518,0,0,1
688.631044274,0,0,0
688.631044984,0,1,0
688.631046132,1,1,0
688.769742510,1,0,0
688.769743220,1,0,1
688.769743654,0,0,1
688.908470944,0,1,1
688.908471130,0,1,0
688.908472270,1,1,0
689.047169078,1,1,1
689.047169594,1,0,1
689.047169854,0,0,1
689.185867090,0,1,1
689.185867986,0,1,0
689.185868406,1,1,0
689.324595936,1,1,1
689.324596616,1,0,1
689.324597054,0,0,1
689.463323906,0,0,0
689.463324112,0,1,0
689.463324544,1,1,0
689.602051700,1,0,0
689.602051792,1,0,1
689.602053128,0,0,1
689.740749700,0,0,0
689.740750196,0,1,0
689.740751682,1,1,0
689.879446722,1,0,0
689.879447648,1,0,1
689.879449266,0,0,1
690.018146556,0,0,0
690.018147282,0,1,0
690.018147818,1,1,0
690.156842504,1,1,1
690.156843808,1,0,1
690.156845340,0,0,1
690.295541364,0,1,1
690.295541476,0,1,0
690.295542954,1,1,0
690.434239890,1,0,0
690.434241362,1,0,1
690.434241540,0,0,1
690.572937450,0,1,1
690.572938330,0,1,0
690.572939154,1,1,0
690.711635974,1,0,0
690.711636216,1,0,1
690.711637678,0,0,1
690.850363126,0,0,0
690.850363470,0,1,0
690.850365230,1,1,0
690.989062136,1,1,1
690.989063060,1,0,1
690.989063814,0,0,1
691.127760616,0,1,1
691.127761106,0,1,0
691.127761366,1,1,0
691.266488054,1,1,1
691.266489580,1,0,1
691.266490014,0,0,1
691.405186576,0,1,1
691.405186900,0,1,0
691.405188502,1,1,0
691.543913850,1,1,1
691.543915226,1,0,1
691.543916088,0,0,1
691.682613722,0,1,1
691.682613758,0,1,0
691.682614640,1,1,0
691.821309248,1,0,0
691.821309768,1,0,1
691.821312224,0,0,1
691.960038806,0,1,1
691.960039674,0,1,0
691.960040840,1,1,0
692.098737562,1,1,1
692.098738332,1,0,1
692.098739360,0,0,1
692.237434828,0,1,1
692.237435530,0,1,0
692.237436976,1,1,0
692.376163416,1,0,0
692.376164416,1,0,1
692.376165560,0,0,1
692.514861388,0,0,0
692.514861912,0,1,0
692.514863050,1,1,0
692.653590436,1,0,0
692.653591334,1,0,1
692.653591698,0,0,1
692.792318306,0,0,0
692.792319994,0,1,0
692.792320248,1,1,0
692.931016582,1,0,0
692.931017192,1,0,1
692.931017832,0,0,1
693.069714080,0,1,1
693.069715160,0,1,0
693.069716386,1,1,0
693.208411604,1,0,0
693.208412108,1,0,1
693.208413908,0,0,1
693.347110018,0,0,0
693.347110538,0,1,0
693.347112522,1,1,0
693.485808750,1,0,0
693.485808904,1,0,1
693.485810106,0,0,1
693.624505872,0,0,0
693.624506184,0,1,0
693.624507658,1,1,0
693.763233822,1,1,1
693.763235772,1,0,1
693.763236242,0,0,1
693.901932790,0,0,0
693.901934330,0,1,0
693.901934856,1,1,0
694.040629740,1,1,1
694.040630792,1,0,1
694.040632378,0,0,1
694.179328350,0,1,1
694.179328584,0,1,0
694.179329930,1,1,0
694.318057532,1,1,1
694.318057876,1,0,1
694.318058514,0,0,1
694.456755440,0,0,0
694.456756434,0,1,0
694.456757068,1,1,0
694.595453022,1,0,0
694.595453388,1,0,1
694.595454650,0,0,1
694.734181518,0,1,1
694.734182358,0,1,0
694.734183202,1,1,0
694.872879106,1,0,0
694.872880244,1,0,1
694.872880786,0,0,1
695.011576212,0,0,0
695.011577600,0,1,0
695.011579338,1,1,0
695.150275098,1,1,1
695.150275126,1,0,1
695.150276922,0,0,1
695.288973068,0,0,0
695.288973684,0,1,0
695.288975476,1,1,0
695.427670954,1,1,1
695.427671210,1,0,1
695.427673122,0,0,1
695.566368768,0,1,1
695.566369924,0,1,0
695.566370674,1,1,0
695.705067356,1,0,0
695.705067872,1,0,1
695.705069196,0,0,1
695.843765788,0,1,1
695.843765840,0,1,0
695.843766746,1,1,0
695.982493376,1,0,0
695.982493726,1,0,1
695.982495394,0,0,1
696.121221634,0,0,0
696.121222872,0,1,0
696.121223882,1,1,0
696.259919458,1,0,0
696.259919582,1,0,1
696.259921528,0,0,1
696.398647892,0,1,1
696.398648550,0,1,0
696.398650080,1,1,0
696.537347436,1,1,1
696.537347480,1,0,1
696.537348666,0,0,1
696.676044906,0,0,0
696.676044976,0,1,0
696.676046216,1,1,0
696.814742626,1,0,0
696.814744168,1,0,1
696.814744738,0,0,1
696.953440058,0,1,1
696.953440260,0,1,0
696.953442354,1,1,0
697.092137646,1,0,0
697.092138208,1,0,1
697.092139936,0,0,1
697.230897142,0,1,1
697.230899178,0,1,0
697.230899486,1,1,0
697.369625064,1,1,1
697.369626728,1,0,1
697.369628008,0,0,1
697.508356034,0,0,0
697.508356224,0,1,0
697.508356622,1,1,0
697.647021918,1,1,1
697.647021938,1,0,1
697.647023208,0,0,1
697.785719306,0,1,1
697.785720888,0,1,0
697.785721696,1,1,0
697.924447836,1,1,1
697.924449832,1,0,1
697.924450280,0,0,1
698.063146680,0,0,0
698.063147326,0,1,0
698.063147894,1,1,0
698.201845628,1,1,1
698.201845976,1,0,1
698.201846414,0,0,1
698.340541472,0,1,1
698.340541596,0,1,0
698.340543968,1,1,0
698.479238934,1,0,0
698.479240670,1,0,1
698.479241612,0,0,1
698.617938452,0,0,0
698.617938492,0,1,0
698.617940102,1,1,0
698.756635080,1,0,0
698.756635338,1,0,1
698.756637686,0,0,1
698.895333638,0,1,1
698.895334306,0,1,0
698.895335300,1,1,0
699.034032256,1,1,1
699.034033098,1,0,1
699.034033884,0,0,1
699.172790658,0,1,1
699.172791160,0,1,0
699.172792436,1,1,0
699.311489182,1,0,0
699.311490108,1,0,1
699.311491020,0,0,1
699.450187740,0,1,1
699.450188016,0,1,0
699.450188508,1,1,0
699.588883964,1,1,1
699.588885326,1,0,1
699.588886090,0,0,1
699.727582932,0,0,0
699.727583758,0,1,0
699.727584644,1,1,0
699.866280818,1,1,1
699.866281846,1,0,1
699.866282226,0,0,1
700.004978724,0,0,0
700.004978842,0,1,0
700.004980778,1,1,0
700.143676428,1,0,0
700.143676734,1,0,1
700.143678424,0,0,1
700.282404704,0,0,0
700.282405924,0,1,0
700.282406914,1,1,0
700.421102510,1,0,0
700.421103526,1,0,1
700.421104496,0,0,1
700.559830942,0,1,1
700.559831494,0,1,0
700.559833048,1,1,0
700.698529506,1,1,1
700.698530592,1,0,1
700.698531634,0,0,1
700.837227088,0,1,1
700.837228350,0,1,0
700.837229246,1,1,0
700.975924296,1,1,1
700.975924612,1,0,1
700.975926832,0,0,1
701.114623266,0,0,0
701.114624106,0,1,0
701.114625320,1,1,0
701.253321694,1,0,0
701.253322152,1,0,1
701.253322904,0,0,1
701.392049120,0,0,0
701.392050188,0,1,0
701.392051452,1,1,0
701.530747712,1,0,0
701.530748070,1,0,1
701.530750038,0,0,1
701.669445910,0,0,0
701.669447270,0,1,0
701.669447650,1,1,0
701.808174796,1,0,0
701.808174922,1,0,1
701.808176234,0,0,1
701.946871828,0,0,0
701.946872350,0,1,0
701.946873722,1,1,0
702.085570938,1,0,0
702.085571714,1,0,1
702.085572368,0,0,1
702.224268680,0,0,0
702.224269494,0,1,0
702.224269858,1,1,0
702.362965630,1,1,1
702.362965956,1,0,1
702.362967502,0,0,1
702.501664452,0,1,1
702.501664598,0,1,0
702.501666054,1,1,0
702.640362100,1,0,0
702.640363484,1,0,1
702.640363636,0,0,1
702.779061388,0,0,0
702.779061594,0,1,0
702.779062124,1,1,0
702.917758336,1,1,1
702.917759118,1,0,1
702.917759770,0,0,1
703.056455242,0,0,0
703.056455676,0,1,0
703.056457322,1,1,0
703.195154202,1,0,0
703.195155190,1,0,1
703.195155904,0,0,1
703.333883222,0,0,0
703.333883696,0,1,0
703.333884456,1,1,0
703.472580044,1,1,1
703.472580218,1,0,1
703.472582040,0,0,1
703.611308776,0,1,1
703.611309010,0,1,0
703.611310590,1,1,0
703.750006896,1,1,1
703.750007300,1,0,1
703.750008174,0,0,1
703.888765864,0,0,0
703.888766856,0,1,0
703.888767724,1,1,0
704.027462812,1,1,1
704.027464380,1,0,1
704.027465370,0,0,1
704.166161718,0,0,0
704.166162938,0,1,0
704.166163858,1,1,0
704.304889462,1,0,0
704.304889664,1,0,1
704.304891440,0,0,1
704.443587956,0,1,1
704.443588632,0,1,0
704.443590056,1,1,0
704.582285542,1,0,0
704.582286520,1,0,1
704.582287576,0,0,1
704.720983486,0,0,0
704.720983974,0,1,0
704.720986126,1,1,0
704.859713562,1,0,0
704.859714372,1,0,1
704.859714708,0,0,1
704.998411340,0,0,0
704.998412180,0,1,0
704.998412260,1,1,0
705.137138642,1,0,0
705.137139286,1,0,1
705.137140906,0,0,1
705.275836198,0,1,1
705.275837192,0,1,0
705.275838394,1,1,0
705.414535078,1,1,1
705.414535722,1,0,1
705.414536976,0,0,1
705.553232108,0,0,0
705.553233278,0,1,0
705.553234590,1,1,0
705.691930992,1,1,1
705.691931804,1,0,1
705.691932112,0,0,1
705.830628360,0,1,1
705.830629898,0,1,0
705.830630726,1,1,0
705.969326846,1,1,1
705.969326886,1,0,1
705.969328244,0,0,1
706.108024378,0,1,1
706.108024814,0,1,0
706.108026858,1,1,0
706.246722762,1,1,1
706.246722964,1,0,1
706.246724442,0,0,1
706.385420604,0,0,0
706.385421522,0,1,0
706.385421994,1,1,0
706.524148982,1,0,0
706.524149614,1,0,1
706.524150574,0,0,1
706.662847458,0,0,0
706.662848538,0,1,0
706.662849128,1,1,0
706.801545126,1,0,0
706.801545404,1,0,1
706.801546708,0,0,1
706.940243372,0,0,0
706.940243620,0,1,0
706.940245260,1,1,0
707.078941320,1,1,1
707.078942144,1,0,1
707.078942780,0,0,1
707.217637700,0,1,1
707.217638226,0,1,0
707.217640394,1,1,0
707.356336172,1,1,1
707.356337288,1,0,1
707.356338976,0,0,1
707.495035140,0,0,0
707.495035718,0,1,0
707.495036526,1,1,0
707.633733306,1,0,0
707.633734024,1,0,1
707.633734110,0,0,1
707.772430930,0,0,0
707.772431862,0,1,0
707.772432660,1,1,0
707.911128386,1,0,0
707.911128878,1,0,1
707.911130306,0,0,1
708.049827844,0,0,0
708.049827880,0,1,0
708.049828794,1,1,0
708.188524792,1,1,1
708.188525466,1,0,1
708.188526378,0,0,1
708.327221698,0,0,0
708.327223928,1,0,0
708.327223960,1,1,0
708.465950484,1,0,0
708.465950644,1,0,1
708.465952510,0,0,1
708.604679040,0,1,1
708.604679550,0,1,0
708.604681122,1,1,0
708.743376434,1,1,1
708.743378500,1,0,1
708.743379644,0,0,1
708.882106120,0,1,1
708.882106402,0,1,0
708.882108194,1,1,0
709.020804644,1,0,0
709.020805350,1,0,1
709.020805840,0,0,1
709.159501318,0,0,0
709.159503138,0,1,0
709.159503326,1,1,0
709.298200202,1,1,1
709.298200724,1,0,1
709.298201910,0,0,1
709.436897168,0,0,0
709.436897280,0,1,0
709.436899522,1,1,0
709.575626742,1,0,0
709.575627054,1,0,1
709.575628042,0,0,1
709.714324298,0,1,1
709.714325022,0,1,0
709.714325656,1,1,0
709.853021884,1,0,0
709.853023906,1,0,1
709.853024240,0,0,1
709.991720872,0,0,0
709.991721378,0,1,0
709.991721728,1,1,0
710.130417758,1,1,1
710.130418902,1,0,1
710.130420372,0,0,1
710.269146458,0,1,1
710.269147726,0,1,0
710.269148922,1,1,0
710.407843610,1,1,1
710.407845982,1,0,1
710.407846442,0,0,1
710.546572516,0,0,0
710.546572914,0,1,0
710.546575054,1,1,0
710.685271462,1,1,1
710.685271874,1,0,1
710.685272638,0,0,1
710.823998494,0,0,0
710.824000556,0,1,0
710.824001188,1,1,0
710.962697142,1,0,0
710.962699316,1,0,1
710.962699832,0,0,1
711.101395344,0,0,0
711.101395634,0,1,0
711.101397320,1,1,0
711.240124158,1,0,0
711.240124292,1,0,1
711.240125966,0,0,1
711.378822198,0,0,0
711.378822778,0,1,0
711.378823452,1,1,0
711.517551080,1,1,1
711.517551240,1,0,1
711.517552034,0,0,1
711.656249048,0,0,0
711.656249794,0,1,0
711.656250648,1,1,0
711.794946934,1,1,1
711.794947318,1,0,1
711.794948168,0,0,1
711.933643812,0,1,1
711.933643900,0,1,0
711.933645720,1,1,0
712.072342398,1,0,0
712.072343848,1,0,1
712.072344302,0,0,1
712.211039954,0,1,1
712.211040814,0,1,0
712.211041850,1,1,0
712.349769636,1,1,1
712.349770416,1,0,1
712.349770434,0,0,1
712.488496604,0,0,0
712.488497972,0,1,0
712.488498984,1,1,0
712.627224494,1,0,0
712.627226550,1,0,1
712.627227628,0,0,1
712.765923518,0,0,0
712.765924362,0,1,0
712.765925116,1,1,0
712.904622464,1,1,1
712.904622636,1,0,1
712.904623760,0,0,1
713.043319306,0,0,0
713.043320068,0,1,0
713.043321248,1,1,0
713.182016654,1,0,0
713.182018254,1,0,1
713.182018892,0,0,1
713.320716148,0,1,1
713.320716220,0,1,0
713.320717380,1,1,0
713.459412732,1,0,0
713.459414106,1,0,1
713.459415026,0,0,1
713.598142226,0,1,1
713.598143136,0,1,0
713.598143574,1,1,0
713.736839812,1,0,0
713.736840020,1,0,1
713.736841158,0,0,1
713.875537368,0,1,1
713.875538926,0,1,0
713.875539708,1,1,0
714.014266872,1,1,1
714.014267890,1,0,1
714.014268228,0,0,1
714.152964776,0,0,0
714.152965448,0,1,0
714.152965778,1,1,0
714.291661908,1,0,0
714.291662722,1,0,1
714.291664422,0,0,1
714.430359630,0,0,0
714.430361400,0,1,0
714.430361974,1,1,0
714.569088048,1,0,0
714.569088636,1,0,1
714.569090554,0,0,1
714.707817478,0,0,0
714.707817544,0,1,0
714.707819106,1,1,0
714.846514424,1,1,1
714.846515066,1,0,1
714.846516686,0,0,1
714.985212558,0,1,1
714.985213332,0,1,0
714.985215236,1,1,0
715.123911082,1,0,0
715.123911276,1,0,1
715.123912880,0,0,1
715.262608244,0,0,0
715.262609638,0,1,0
715.262610368,1,1,0
715.401306190,1,1,1
715.401307222,1,0,1
715.401308952,0,0,1
715.540035716,0,1,1
715.540037094,0,1,0
715.540037500,1,1,0
715.678734040,1,1,1
715.678734240,1,0,1
715.678735082,0,0,1
715.817431008,0,0,0
715.817431794,0,1,0
715.817432694,1,1,0
715.956128318,1,0,0
715.956129892,1,0,1
715.956131276,0,0,1
716.094857860,0,0,0
716.094858874,0,1,0
716.094859826,1,1,0
716.233585396,1,0,0
716.233586744,1,0,1
716.233588344,0,0,1
716.372284710,0,0,0
716.372284890,0,1,0
716.372285894,1,1,0
716.510981656,1,1,1
716.510982538,1,0,1
716.510983538,0,0,1
716.649679968,0,1,1
716.649680562,0,1,0
716.649682088,1,1,0
716.788408508,1,1,1
716.788409554,1,0,1
716.788410668,0,0,1
716.927106412,0,0,0
716.927107046,0,1,0
716.927108218,1,1,0
717.065835358,1,1,1
717.065835694,1,0,1
717.065836800,0,0,1
717.204563326,0,0,0
717.204564062,0,1,0
717.204565410,1,1,0
717.343260710,1,0,0
717.343261208,1,0,1
717.343262930,0,0,1
717.482021140,0,1,1
717.482022114,0,1,0
717.482022478,1,1,0
717.620748726,1,0,0
717.620749060,1,0,1
717.620751062,0,0,1
717.759446282,0,1,1
717.759447026,0,1,0
717.759448610,1,1,0
717.898174804,1,0,0
717.898174910,1,0,1
717.898177192,0,0,1
718.036872296,0,1,1
718.036873814,0,1,0
718.036874742,1,1,0
718.175571762,1,1,1
718.175571882,1,0,1
718.175573324,0,0,1
718.314269312,0,1,1
718.314269730,0,1,0
718.314270872,1,1,0
718.452967612,1,1,1
718.452967960,1,0,1
718.452969454,0,0,1
718.591694516,0,1,1
718.591694578,0,1,0
718.591697004,1,1,0
718.730393976,1,0,0
718.730394462,1,0,1
718.730395586,0,0,1
718.869091430,0,0,0
718.869091532,0,1,0
718.869093136,1,1,0
719.007790116,1,0,0
719.007790376,1,0,1
719.007791778,0,0,1
719.146518280,0,0,0
719.146519548,0,1,0
719.146520266,1,1,0
719.285216132,1,0,0
719.285216226,1,0,1
719.285217908,0,0,1
719.423913688,0,1,1
719.423914132,0,1,0
719.423915396,1,1,0
719.562612014,1,1,1
719.562613210,1,0,1
719.562613976,0,0,1
719.701309702,0,1,1
719.701309980,0,1,0
719.701311588,1,1,0
719.840009226,1,0,0
719.840009928,1,0,1
719.840010108,0,0,1
719.978705780,0,1,1
719.978707656,1,1,1
719.978707894,1,1,0
720.117404302,1,0,0
720.117404840,1,0,1
720.117405238,0,0,1
720.256101744,0,0,0
720.256101796,0,1,0
720.256103850,1,1,0
720.394799628,1,1,1
720.394800380,1,0,1
720.394801432,0,0,1
720.533496658,0,0,0
720.533497936,0,1,0
720.533498980,1,1,0
720.672195478,1,1,1
720.672196458,1,0,1
720.672197562,0,0,1
720.810893444,0,0,0
720.810893950,0,1,0
720.810895110,1,1,0
720.949592392,1,1,1
720.949592536,1,0,1
720.949593630,0,0,1
721.088320294,0,0,0
721.088321028,0,1,0
721.088322240,1,1,0
721.227018240,1,1,1
721.227018612,1,0,1
721.227019820,0,0,1
721.365716206,0,0,0
721.365716480,0,1,0
721.365717370,1,1,0
721.504414090,1,1,1
721.504414690,1,0,1
721.504415952,0,0,1
721.643111182,0,1,1
721.643113056,0,1,0
721.643113500,1,1,0
721.781809626,1,1,1
721.781810706,1,0,1
721.781812018,0,0,1
721.920507906,0,0,0
721.920508260,0,1,0
721.920509630,1,1,0
722.059205782,1,0,0
722.059206852,1,0,1
722.059207212,0,0,1
722.197903756,0,0,0
722.197904276,0,1,0
722.197905760,1,1,0
722.336601700,1,1,1
722.336601858,1,0,1
722.336603278,0,0,1
722.475299668,0,0,0
722.475300890,1,0,0
722.475301414,1,1,0
722.613997488,1,1,1
722.613998936,1,0,1
722.613999472,0,0,1
722.752695366,0,1,1
722.752695454,0,1,0
722.752696958,1,1,0
722.891393400,1,1,1
722.891394014,1,0,1
722.891395602,0,0,1
723.030091568,0,1,1
723.030092368,0,1,0
723.030093152,1,1,0
723.168788250,1,1,1
723.168789028,1,0,1
723.168790732,0,0,1
723.307486584,0,1,1
723.307488216,0,1,0
723.307489280,1,1,0
723.446216104,1,0,0
723.446217162,1,0,1
723.446217862,0,0,1
723.584913596,0,1,1
723.584913754,0,1,0
723.584915410,1,1,0
723.723642948,1,1,1
723.723643182,1,0,1
723.723643992,0,0,1
723.862339736,0,1,1
723.862340976,0,1,0
723.862341540,1,1,0
724.001068860,1,1,1
724.001069258,1,0,1
724.001070120,0,0,1
724.139766826,0,0,0
724.139767750,0,1,0
724.139768670,1,1,0
724.278463772,1,1,1
724.278465272,1,0,1
724.278466250,0,0,1
724.417162826,0,1,1
724.417163614,0,1,0
724.417164800,1,1,0
724.555860350,1,0,0
724.555860560,1,0,1
724.555862380,0,0,1
724.694588462,0,0,0
724.694589842,0,1,0
724.694590928,1,1,0
724.833286406,1,1,1
724.833286428,1,0,1
724.833288512,0,0,1
724.971984374,0,0,0
724.971985980,0,1,0
724.971987120,1,1,0
725.110682320,1,1,1
725.110682566,1,0,1
725.110684702,0,0,1
725.249380222,0,0,0
725.249380994,0,1,0
725.249382188,1,1,0
725.388079580,1,0,0
725.388080168,1,0,1
725.388080830,0,0,1
725.526776072,0,0,0
725.526776134,0,1,0
725.526778380,1,1,0
725.665475018,1,1,1
725.665475592,1,0,1
725.665476898,0,0,1
725.804172084,0,1,1
725.804172920,0,1,0
725.804174508,1,1,0
725.942869866,1,1,1
725.942870732,1,0,1
725.942872090,0,0,1
726.081568286,0,1,1
726.081568770,0,1,0
726.081570638,1,1,0
726.220266776,1,1,1
726.220267746,1,0,1
726.220268156,0,0,1
726.358994300,0,1,1
726.358995616,0,1,0
726.358996766,1,1,0
726.497693626,1,1,1
726.497693822,1,0,1
726.497694284,0,0,1
726.636391530,0,0,0
726.636392314,0,1,0
726.636392894,1,1,0
726.775088474,1,1,1
726.775088896,1,0,1
726.775090478,0,0,1
726.913787376,0,0,0
726.913788452,0,1,0
726.913789024,1,1,0
727.052514974,1,0,0
727.052516260,1,0,1
727.052517606,0,0,1
727.191213466,0,1,1
727.191214726,0,1,0
727.191215152,1,1,0
727.329911048,1,0,0
727.329912172,1,0,1
727.329912672,0,0,1
727.468610136,0,0,0
727.468610540,0,1,0
727.468611282,1,1,0
727.607307064,1,0,0
727.607308018,1,0,1
727.607308862,0,0,1
727.746004922,0,0,0
727.746005616,0,1,0
727.746007410,1,1,0
727.884703866,1,1,1
727.884704576,1,0,1
727.884704928,0,0,1
728.023400692,0,1,1
728.023400832,0,1,0
728.023402540,1,1,0
728.162100214,1,0,0
728.162100714,1,0,1
728.162101120,0,0,1
728.300796680,0,0,0
728.300797706,0,1,0
728.300798668,1,1,0
728.439494352,1,0,0
728.439494624,1,0,1
728.439496248,0,0,1
728.578223528,0,0,0
728.578223780,0,1,0
728.578224796,1,1,0
728.716920366,1,0,0
728.716921474,1,0,1
728.716923314,0,0,1
728.855618918,0,1,1
728.855619438,0,1,0
728.855620862,1,1,0
728.994317320,1,1,1
728.994318378,1,0,1
728.994319506,0,0,1
729.133015932,0,1,1
729.133016224,0,1,0
729.133017054,1,1,0
729.271713170,1,1,1
729.271713516,1,0,1
729.271714634,0,0,1
729.410412008,0,1,1
729.410412134,0,1,0
729.410413182,1,1,0
729.549108528,1,0,0
729.549110080,1,0,1
729.549110762,0,0,1
729.687806920,0,0,0
729.687808082,0,1,0
729.687809310,1,1,0
729.826505666,1,0,0
729.826506866,1,0,1
729.826506890,0,0,1
729.965202892,0,0,0
729.965203408,0,1,0
729.965204440,1,1,0
730.103900618,1,0,0
730.103902712,1,0,1
730.103903082,0,0,1
730.242598680,0,0,0
730.242600172,0,1,0
730.242600568,1,1,0
730.381296624,1,1,1
730.381296754,1,0,1
730.381298148,0,0,1
730.519995310,0,1,1
730.519995590,0,1,0
730.519996760,1,1,0
730.658691222,1,1,1
730.658692768,1,0,1
730.658694276,0,0,1
730.797391322,0,1,1
730.797391436,0,1,0
730.797392824,1,1,0
730.936089320,1,1,1
730.936089906,1,0,1
730.936090468,0,0,1
731.074786336,0,1,1
731.074787286,0,1,0
731.074788016,1,1,0
731.213484920,1,0,0
731.213486168,1,0,1
731.213486534,0,0,1
731.352182134,0,0,0
731.352182474,0,1,0
731.352184082,1,1,0
731.490910934,1,0,0
731.490911078,1,0,1
731.490912662,0,0,1
731.629638980,0,0,0
731.629640548,0,1,0
731.629641272,1,1,0
731.768337008,1,0,0
731.768337926,1,0,1
731.768338854,0,0,1
731.907064830,0,0,0
731.907065624,0,1,0
731.907067340,1,1,0
732.045732712,1,1,1
732.045733146,1,0,1
732.045734982,0,0,1
732.184460638,0,1,1
732.184461740,0,1,0
732.184463530,1,1,0
732.323190222,1,0,0
732.323190622,1,0,1
732.323192048,0,0,1
732.461886714,0,1,1
732.461888026,0,1,0
732.461889658,1,1,0
732.600586470,1,1,1
732.600587236,1,0,1
732.600588176,0,0,1
732.739283726,0,1,1
732.739284436,0,1,0
732.739285724,1,1,0
732.877982310,1,0,0
732.877982318,1,0,1
732.877984368,0,0,1
733.016711284,0,0,0
733.016711802,0,1,0
733.016712916,1,1,0
733.155409386,1,0,0
733.155410166,1,0,1
733.155410434,0,0,1
733.294106940,0,1,1
733.294107132,0,1,0
733.294108044,1,1,0
733.432804524,1,0,0
733.432806076,1,0,1
733.432806562,0,0,1
733.571502952,0,1,1
733.571503042,0,1,0
733.571504172,1,1,0
733.710199536,1,0,0
733.710199862,1,0,1
733.710201754,0,0,1
733.848927028,0,1,1
733.848929890,0,1,0
733.848930238,1,1,0
733.987626772,1,1,1
733.987627550,1,0,1
733.987628818,0,0,1
734.126323228,0,1,1
734.126324738,0,1,0
734.126326430,1,1,0
734.265022684,1,1,1
734.265023686,1,0,1
734.265024948,0,0,1
734.403721116,0,1,1
734.403721586,0,1,0
734.403722560,1,1,0
734.542417530,1,1,1
734.542418700,1,0,1
734.542420138,0,0,1
734.681117192,0,1,1
734.681117372,0,1,0
734.681118686,1,1,0
734.819814316,1,1,1
734.819814776,1,0,1
734.819816204,0,0,1
734.958513268,0,1,1
734.958513284,0,1,0
734.958514816,1,1,0
735.097210850,1,0,0
735.097211164,1,0,1
735.097212396,0,0,1
735.235938404,0,1,1
735.235940192,0,1,0
735.235940942,1,1,0
735.374667862,1,0,0
735.374669012,1,0,1
735.374669524,0,0,1
735.513364418,0,1,1
735.513364976,0,1,0
735.513367008,1,1,0
735.652063922,1,1,1
735.652063942,1,0,1
735.652065652,0,0,1
735.790791430,0,1,1
735.790791824,0,1,0
735.790793198,1,1,0
735.929489770,1,1,1
735.929490014,1,0,1
735.929491718,0,0,1
736.068187504,0,1,1
736.068187924,0,1,0
736.068189326,1,1,0
736.206885088,1,0,0
736.206886680,1,0,1
736.206887908,0,0,1
736.345584582,0,0,0
736.345584644,0,1,0
736.345585392,1,1,0
736.484312100,1,0,0
736.484312528,1,0,1
736.484314036,0,0,1
736.623040654,0,1,1
736.623041430,0,1,0
736.623042522,1,1,0
736.761738374,1,1,1
736.761740164,0,1,1
736.761740238,0,0,1
736.900437340,0,0,0
736.900437668,0,1,0
736.900438712,1,1,0
737.039135160,1,1,1
737.039135250,1,0,1
737.039136228,0,0,1
737.177831804,0,1,1
737.177833188,0,1,0
737.177833778,1,1,0
737.316561132,1,1,1
737.316561326,1,0,1
737.316562420,0,0,1
737.455259878,0,1,1
737.455259972,0,1,0
737.455260904,1,1,0
737.593956400,1,0,0
737.593956916,1,0,1
737.593958546,0,0,1
737.732654882,0,0,0
737.732655892,0,1,0
737.732657096,1,1,0
737.871352474,1,0,0
737.871353138,1,0,1
737.871354614,0,0,1
738.010050730,0,0,0
738.010050966,0,1,0
738.010052224,1,1,0
738.148749550,1,0,0
738.148749674,1,0,1
738.148750802,0,0,1
738.287446042,0,1,1
738.287447576,0,1,0
738.287448350,1,1,0
738.426143520,1,1,1
738.426144562,1,0,1
738.426145868,0,0,1
738.564843116,0,1,1
738.564843424,0,1,0
738.564844478,1,1,0
738.703540636,1,0,0
738.703541368,1,0,1
738.703542060,0,0,1
738.842238128,0,1,1
738.842239270,0,1,0
738.842240544,1,1,0
738.980967712,1,0,0
738.980968216,1,0,1
738.980969186,0,0,1
739.119665118,0,0,0
739.119665264,0,1,0
739.119666736,1,1,0
739.258362786,1,0,0
739.258363062,1,0,1
739.258364252,0,0,1
739.397060964,0,0,0
739.397061278,0,1,0
739.397062864,1,1,0
739.535757860,1,0,0
739.535759910,1,0,1
739.535760442,0,0,1
739.674457352,0,1,1
739.674457876,0,1,0
739.674458990,1,1,0
739.813153818,1,1,1
739.813154874,1,0,1
739.813156570,0,0,1
739.951852366,0,1,1
739.951852720,0,1,0
739.951854118,1,1,0
740.090551602,1,1,1
740.090552010,1,0,1
740.090552696,0,0,1
740.229248500,0,1,1
740.229249568,0,1,0
740.229250184,1,1,0
740.367945512,1,1,1
740.367947824,0,1,1
740.367948022,0,0,1
740.506645414,0,0,0
740.506645512,0,1,0
740.506646372,1,1,0
740.645342358,1,1,1
740.645343096,1,0,1
740.645343952,0,0,1
740.784040260,0,0,0
740.784040586,0,1,0
740.784042438,1,1,0
740.922770170,1,0,0
740.922770204,1,0,1
740.922771080,0,0,1
741.061497662,0,1,1
741.061498106,0,1,0
741.061498626,1,1,0
741.200194988,1,1,1
741.200195244,1,0,1
741.200197206,0,0,1
741.338892798,0,1,1
741.338892952,0,1,0
741.338894754,1,1,0
741.477621522,1,1,1
741.477622256,1,0,1
741.477623332,0,0,1
741.616319810,0,1,1
741.616319862,0,1,0
741.616321880,1,1,0
741.755017742,1,1,1
741.755018392,1,0,1
741.755019460,0,0,1
741.893714820,0,1,1
741.893715708,0,1,0
741.893717008,1,1,0
742.032413402,1,0,0
742.032413590,1,0,1
742.032415588,0,0,1
742.171110492,0,0,0
742.171111956,0,1,0
742.171113198,1,1,0
742.309839478,1,0,0
742.309840436,1,0,1
742.309841714,0,0,1
742.448598402,0,0,0
742.448599968,0,1,0
742.448600262,1,1,0
742.587296550,1,0,0
742.587297344,1,0,1
742.587298904,0,0,1
742.725994248,0,0,0
742.725995042,0,1,0
742.725996452,1,1,0
742.864693192,1,1,1
742.864693686,1,0,1
742.864694968,0,0,1
743.003390176,0,1,1
743.003391092,0,1,0
743.003392516,1,1,0
743.142088036,1,1,1
743.142088636,1,0,1
743.142090098,0,0,1
743.280787188,0,1,1
743.280787938,0,1,0
743.280788768,1,1,0
743.419544882,1,1,1
743.419545710,1,0,1
743.419547284,0,0,1
743.558244262,0,1,1
743.558244848,0,1,0
743.558245770,1,1,0
743.696941730,1,1,1
743.696941844,1,0,1
743.696943348,0,0,1
743.835638694,0,0,0
743.835639336,0,1,0
743.835640960,1,1,0
743.974367574,1,1,1
743.974367918,1,0,1
743.974369538,0,0,1
744.113065346,0,1,1
744.113066540,0,1,0
744.113068086,1,1,0
744.251764484,1,1,1
744.251764930,1,0,1
744.251765664,0,0,1
744.390463420,0,1,1
744.390463448,0,1,0
744.390464212,1,1,0
744.529160328,1,1,1
744.529161002,1,0,1
744.529161792,0,0,1
744.667857232,0,0,0
744.667857494,0,1,0
744.667859338,1,1,0
744.806556176,1,1,1
744.806557014,1,0,1
744.806557918,0,0,1
744.945253568,0,1,1
744.945254078,0,1,0
744.945255466,1,1,0
745.083951086,1,0,0
745.083951834,1,0,1
745.083953046,0,0,1
745.222649922,0,0,0
745.222650702,0,1,0
745.222651656,1,1,0
745.361347162,1,0,0
745.361347930,1,0,1
745.361349172,0,0,1
745.500106830,0,0,0
745.500107714,0,1,0
745.500108782,1,1,0
745.638773714,1,1,1
745.638774234,1,0,1
745.638776298,0,0,1
745.777471678,0,0,0
745.777471788,0,1,0
745.777473846,1,1,0
745.916200558,1,1,1
745.916201308,1,0,1
745.916202486,0,0,1
746.054898584,0,0,0
746.054898798,0,1,0
746.054899972,1,1,0
746.193626380,1,0,0
746.193627404,1,0,1
746.193628552,0,0,1
746.332325368,0,0,0
746.332325870,0,1,0
746.332327098,1,1,0
746.471022392,1,0,0
746.471023312,1,0,1
746.471024676,0,0,1
746.609720944,0,1,1
746.609721212,0,1,0
746.609722224,1,1,0
746.748418158,1,1,1
746.748419528,1,0,1
746.748420866,0,0,1
746.887118018,0,1,1
746.887118122,0,1,0
746.887118414,1,1,0
747.025814538,1,0,0
747.025815002,1,0,1
747.025816930,0,0,1
747.164512966,0,0,0
747.164514090,0,1,0
747.164514540,1,1,0
747.303209848,1,1,1
747.303210610,1,0,1
747.303212120,0,0,1
747.441908812,0,0,0
747.441910102,0,1,0
747.441910604,1,1,0
747.580637684,1,0,0
747.580637758,1,0,1
747.580639246,0,0,1
747.719396174,0,1,1
747.719396658,0,1,0
747.719397792,1,1,0
747.858094538,1,1,1
747.858094694,1,0,1
747.858095370,0,0,1
747.996792246,0,1,1
747.996792502,0,1,0
747.996793854,1,1,0
748.135489766,1,0,0
748.135490446,1,0,1
748.135491496,0,0,1
748.274188320,0,1,1
748.274188412,0,1,0
748.274190042,1,1,0
748.412916840,1,0,0
748.412917292,1,0,1
748.412918560,0,0,1
748.551614330,0,1,1
748.551615194,0,1,0
748.551616168,1,1,0
748.690311912,1,0,0
748.690312136,1,0,1
748.690313746,0,0,1
748.829010402,0,1,1
748.829011038,0,1,0
748.829012294,1,1,0
748.967707922,1,0,0
748.967707982,1,0,1
748.967709874,0,0,1
749.106404946,0,0,0
749.106405412,0,1,0
749.106407420,1,1,0
749.245104890,1,1,1
749.245105058,1,0,1
749.245105998,0,0,1
749.383801790,0,0,0
749.383802110,0,1,0
749.383803546,1,1,0
749.522499672,1,1,1
749.522500066,1,0,1
749.522502124,0,0,1
749.661228636,0,0,0
749.661229620,0,1,0
749.661230608,1,1,0
749.799956140,1,0,0
749.799957578,1,0,1
749.799958250,0,0,1
749.938654544,0,0,0
749.938654692,0,1,0
749.938656858,1,1,0
750.077383150,1,0,0
750.077384424,1,0,1
750.077385376,0,0,1
750.216080702,0,1,1
750.216082388,0,1,0
750.216082922,1,1,0
750.354780208,1,1,1
750.354780284,1,0,1
750.354781564,0,0,1
750.493477170,0,0,0
750.493477774,0,1,0
750.493479046,1,1,0
750.632175294,1,0,0
750.632176114,1,0,1
750.632176688,0,0,1
750.770903784,0,1,1
750.770904078,0,1,0
750.770905172,1,1,0
750.909602958,1,1,1
750.909603304,1,0,1
750.909603752,0,0,1
751.048299922,0,0,0
751.048300856,0,1,0
751.048301298,1,1,0
751.186997804,1,1,1
751.186998438,1,0,1
751.186998940,0,0,1
751.325694992,0,1,1
751.325696830,0,1,0
751.325697424,1,1,0
751.464393648,1,1,1
751.464394448,1,0,1
751.464395002,0,0,1
751.603122612,0,0,0
751.603123000,0,1,0
751.603123548,1,1,0
751.741820584,1,0,0
751.741821492,1,0,1
751.741822126,0,0,1
751.880548074,0,1,1
751.880548518,0,1,0
751.880549736,1,1,0
752.019246656,1,0,0
752.019247462,1,0,1
752.019248254,0,0,1
752.157975144,0,1,1
752.157975362,0,1,0
752.157976860,1,1,0
752.296671666,1,0,0
752.296672244,1,0,1
752.296674378,0,0,1
752.435371218,0,1,1
752.435372208,0,1,0
752.435372922,1,1,0
752.574068798,1,0,0
752.574069090,1,0,1
752.574070564,0,0,1
752.712766050,0,0,0
752.712767226,0,1,0
752.712768110,1,1,0
752.851464932,1,1,1
752.851465810,1,0,1
752.851466626,0,0,1
752.990161958,0,0,0
752.990162360,0,1,0
752.990164236,1,1,0
753.128860776,1,1,1
753.128860820,1,0,1
753.128862814,0,0,1
753.267558370,0,1,1
753.267558740,0,1,0
753.267560360,1,1,0
753.406286620,1,1,1
753.406287952,1,0,1
753.406288938,0,0,1
753.544984584,0,0,0
753.544985442,0,1,0
753.544986484,1,1,0
753.683682836,1,0,0
753.683684526,1,0,1
753.683685064,0,0,1
753.822380490,0,0,0
753.822381514,0,1,0
753.822382608,1,1,0
753.961078034,1,0,0
753.961078496,1,0,1
753.961080186,0,0,1
754.099776522,0,1,1
754.099777834,0,1,0
754.099778796,1,1,0
754.238475042,1,0,0
754.238475214,1,0,1
754.238476312,0,0,1
754.377173178,0,0,0
754.377173658,0,1,0
754.377174858,1,1,0
754.515901058,1,1,1
754.515901176,1,0,1
754.515902436,0,0,1
754.654599022,0,0,0
754.654599728,0,1,0
754.654600982,1,1,0
754.793296902,1,1,1
754.793297186,1,0,1
754.793298560,0,0,1
754.931994736,0,1,1
754.931994804,0,1,0
754.931997168,1,1,0
755.070692746,1,1,1
755.070693256,1,0,1
755.070694686,0,0,1
755.209390708,0,0,0
755.209390810,0,1,0
755.209392230,1,1,0
755.348088652,1,1,1
755.348089328,1,0,1
755.348090810,0,0,1
755.486785554,0,0,0
755.486785818,0,1,0
755.486788356,1,1,0
755.625485398,1,0,0
755.625485496,1,0,1
755.625486934,0,0,1
755.764182888,0,1,1
755.764183458,0,1,0
755.764184480,1,1,0
755.902879534,1,0,0
755.902880402,1,0,1
755.902882120,0,0,1
756.041335960,0,1,1
756.041336666,1,1,1
756.179788542,1,0,1
756.179789192,1,0,0
756.179790310,0,0,0
756.317967034,0,1,0
756.317968136,0,1,1
756.317968794,1,1,1
756.456177556,1,0,1
756.456178034,1,0,0
756.456179372,0,0,0
756.594356170,0,1,0
756.594356978,0,1,1
756.594357982,1,1,1
756.732625878,1,1,0
756.732626692,1,0,0
756.732628560,0,0,0
756.870896882,0,0,1
756.870898184,0,1,1
756.870899108,1,1,1
757.009260764,1,0,1
757.009260844,1,0,0
757.009261688,0,0,0
757.147621786,0,0,1
757.147622256,0,1,1
757.147624296,1,1,1
757.285985686,1,1,0
757.285985838,1,0,0
757.285986812,0,0,0
757.424346328,0,1,0
757.424346568,0,1,1
757.424348420,1,1,1
757.562709530,1,1,0
757.562709848,1,0,0
757.562711000,0,0,0
757.701071472,0,0,1
757.701072402,0,1,1
757.701073608,1,1,1
757.839432984,1,0,1
757.839433372,1,0,0
757.839435188,0,0,0
757.977827316,0,0,1
757.977827474,0,1,1
757.977828672,1,1,1
758.116188058,1,0,1
758.116188216,1,0,0
758.116190314,0,0,0
758.254551548,0,1,0
758.254552156,0,1,1
758.254552860,1,1,1
758.392914120,1,1,0
758.392914128,1,0,0
758.392915438,0,0,0
758.531274620,0,1,0
758.531275062,0,1,1
758.531277048,1,1,1
758.669637026,1,1,0
758.669639202,1,0,0
758.669639626,0,0,0
758.808030692,0,1,0
758.808030906,0,1,1
758.808032172,1,1,1
758.946423276,1,0,1
758.946424868,1,0,0
758.946425690,0,0,0
759.084784764,0,1,0
759.084785810,0,1,1
759.084787298,1,1,1
759.223148286,1,0,1
759.223148708,1,0,0
759.223149878,0,0,0
759.361509838,0,1,0
759.361510588,0,1,1
759.361512426,1,1,1
759.499872358,1,0,1
759.499872550,1,0,0
759.499874066,0,0,0
759.638235910,0,1,0
759.638236494,0,1,1
759.638236548,1,1,1
759.776597494,1,0,1
759.776598456,1,0,0
759.776599190,0,0,0
759.914959398,0,0,1
759.914960046,0,1,1
759.914960736,1,1,1
760.053322360,1,1,0
760.053322566,1,0,0
760.053323378,0,0,0
760.191683994,0,1,0
760.191685240,0,1,1
760.191685922,1,1,1
760.330077138,1,1,0
760.330077640,1,0,0
760.330078502,0,0,0
760.468438128,0,1,0
760.468440082,0,1,1
760.468441050,1,1,1
760.606801712,1,0,1
760.606802108,1,0,0
760.606802628,0,0,0
760.745162924,0,0,1
760.745163202,0,1,1
760.745165174,1,1,1
760.883525784,1,0,1
760.883526886,1,0,0
760.883527752,0,0,0
761.021887828,0,0,1
761.021888274,0,1,1
761.021890362,1,1,1
761.160281728,1,1,0
761.160281856,1,0,0
761.160282940,0,0,0
761.298613346,0,1,0
761.298613670,0,1,1
761.298614486,1,1,1
761.436975634,1,1,0
761.436975804,1,0,0
761.436977128,0,0,0
761.575337514,0,0,1
761.575338420,0,1,1
761.575338674,1,1,1
761.713699476,1,1,0
761.713700002,1,0,0
761.713701252,0,0,0
761.852061494,0,1,0
761.852062416,0,1,1
761.852063798,1,1,1
761.990423380,1,1,0
761.990425076,1,0,0
761.990425378,0,0,0
762.128785566,0,1,0
762.128786260,0,1,1
762.128787926,1,1,1
762.267178648,1,0,1
762.267179222,1,0,0
762.267180504,0,0,0
762.405510640,0,1,0
762.405511102,0,1,1
762.405513050,1,1,1
762.543903220,1,0,1
762.543905064,1,0,0
762.543905690,0,0,0
762.682265006,0,0,1
762.682265774,0,1,1
762.682267300,1,1,1
762.820627294,1,0,1
762.820627970,1,0,0
762.820629816,0,0,0
762.958989784,0,1,0
762.958990912,0,1,1
762.958992362,1,1,1
763.097352306,1,0,1
763.097353748,1,0,0
763.097354942,0,0,0
763.235714754,0,0,1
763.235715858,0,1,1
763.235716550,1,1,1
763.374077652,1,1,0
763.374078440,1,0,0
763.374079130,0,0,0
763.512501532,0,0,1
763.512501930,0,1,1
763.512502676,1,1,1
763.650954450,1,0,1
763.650954496,1,0,0
763.650956256,0,0,0
763.789469002,0,1,0
763.789469438,0,1,1
763.789470800,1,1,1
763.928015402,1,1,0
763.928015522,1,0,0
763.928016442,0,0,0
764.066530076,0,1,0
764.066530280,0,1,1
764.066530988,1,1,1
764.205045594,1,0,1
764.205046306,1,0,0
764.205046566,0,0,0
764.343589186,0,0,1
764.343589210,0,1,1
764.343591176,1,1,1
764.482104666,1,0,1
764.482106086,1,0,0
764.482106692,0,0,0
764.620650030,0,0,1
764.620650156,0,1,1
764.620651236,1,1,1
764.759164738,1,0,1
764.759165430,1,0,0
764.759166816,0,0,0
764.897711292,0,1,0
764.897711872,0,1,1
764.897712424,1,1,1
765.036224772,1,1,0
765.036225812,1,0,0
765.036226940,0,0,0
765.174770776,0,0,1
765.174772300,0,1,1
765.174772486,1,1,1
765.313285676,1,1,0
765.313285882,1,0,0
765.313287128,0,0,0
765.451800372,0,1,0
765.451800556,0,1,1
765.451801674,1,1,1
765.590315956,1,0,1
765.590316520,1,0,0
765.590317252,0,0,0
765.728859462,0,0,1
765.728860444,0,1,1
765.728861798,1,1,1
765.867405026,1,0,1
765.867406362,1,0,0
765.867407440,0,0,0
766.005951304,0,0,1
766.005951454,0,1,1
766.005952986,1,1,1
766.144497036,1,0,1
766.144497270,1,0,0
766.144498564,0,0,0
766.283010210,0,0,1
766.283011590,0,1,1
766.283013112,1,1,1
766.421557112,1,1,0
766.421557170,1,0,0
766.421558628,0,0,0
766.560071974,0,1,0
766.560072304,0,1,1
766.560073236,1,1,1
766.698616016,1,1,0
766.698617180,1,0,0
766.698618814,0,0,0
766.837131732,0,1,0
766.837132896,0,1,1
766.837133298,1,1,1
766.975646796,1,1,0
766.975648252,1,0,0
766.975648938,0,0,0
767.114191740,0,0,1
767.114191742,0,1,1
767.114193548,1,1,1
767.252707702,1,1,0
767.252708324,1,0,0
767.252709064,0,0,0
767.391251644,0,0,1
767.391252876,0,1,1
767.391253610,1,1,1
767.529767396,1,0,1
767.529768608,1,0,0
767.529769252,0,0,0
767.668312488,0,0,1
767.668312888,0,1,1
767.668313798,1,1,1
767.806856532,1,0,1
767.806858450,1,0,0
767.806859378,0,0,0
767.945402330,0,0,1
767.945403022,0,1,1
767.945404922,1,1,1
768.083918478,1,0,1
768.083919232,1,0,0
768.083919502,0,0,0
768.222463172,0,0,1
768.222464030,0,1,1
768.222465048,1,1,1
768.360977614,1,0,1
768.360978136,1,0,0
768.360979626,0,0,0
768.499522164,0,1,0
768.499525016,0,1,1
768.499525172,1,1,1
768.638038978,1,1,0
768.638039622,1,0,0
768.638040752,0,0,0
768.776553858,0,0,1
768.776554674,0,1,1
768.776555296,1,1,1
768.915097820,1,1,0
768.915100756,1,0,0
768.915100874,0,0,0
769.053614184,0,1,0
769.053614764,0,1,1
769.053615484,1,1,1
769.192158830,1,0,1
769.192160726,1,0,0
769.192161062,0,0,0
769.330673606,0,0,1
769.330675320,0,1,1
769.330675610,1,1,1
769.469219508,1,1,0
769.469219840,1,0,0
769.469221124,0,0,0
769.607733392,0,1,0
769.607734512,0,1,1
769.607735732,1,1,1
769.746249412,1,1,0
769.746249974,1,0,0
769.746250312,0,0,0
769.884763292,0,0,1
769.884764464,0,1,1
769.884765920,1,1,1
770.023309982,1,0,1
770.023310318,1,0,0
770.023311500,0,0,0
770.161824536,0,1,0
770.161825198,0,1,1
770.161826046,1,1,1
770.300370160,1,1,0
770.300371118,1,0,0
770.300371624,0,0,0
770.438884546,0,1,0
770.438886038,0,1,1
770.438886170,1,1,1
770.577430002,1,1,0
770.577431126,1,0,0
770.577431748,0,0,0
770.715975682,0,1,0
770.715975946,0,1,1
770.715977294,1,1,1
770.854490262,1,0,1
770.854490846,1,0,0
770.854491874,0,0,0
770.993035788,0,0,1
770.993036440,0,1,1
770.993037420,1,1,1
771.131640270,1,0,1
771.131640750,1,0,0
771.131642996,0,0,0
771.270156630,0,0,1
771.270157762,0,1,1
771.270158544,1,1,1
771.408702592,1,1,0
771.408703342,1,0,0
771.408704122,0,0,0
771.547246534,0,0,1
771.547246832,0,1,1
771.547248732,1,1,1
771.685762434,1,1,0
771.685763416,1,0,0
771.685764310,0,0,0
771.824276904,0,1,0
771.824277378,0,1,1
771.824278856,1,1,1
771.962822276,1,1,0
771.962823488,1,0,0
771.962824434,0,0,0
772.101336976,0,1,0
772.101337156,0,1,1
772.101338980,1,1,1
772.239883120,1,1,0
772.239883496,1,0,0
772.239884622,0,0,0
772.378398062,0,0,1
772.378398112,0,1,1
772.378399170,1,1,1
772.516971630,1,0,1
772.516974024,1,0,0
772.516974682,0,0,0
772.655517966,0,0,1
772.655520120,0,1,1
772.655520290,1,1,1
772.794033702,1,0,1
772.794033866,1,0,0
772.794035870,0,0,0
772.932609810,0,0,1
772.932610192,0,1,1
772.932611478,1,1,1
773.071123710,1,0,1
773.071124772,1,0,0
773.071125996,0,0,0
773.209668326,0,1,0
773.209670652,0,1,1
773.209671540,1,1,1
773.348215614,1,1,0
773.348215846,1,0,0
773.348217118,0,0,0
773.486728336,0,1,0
773.486729494,0,1,1
773.486731728,1,1,1
773.625245456,1,1,0
773.625245856,1,0,0
773.625246242,0,0,0
773.763790336,0,0,1
773.763790470,0,1,1
773.763791850,1,1,1
773.902335990,1,0,1
773.902336300,1,0,0
773.902337366,0,0,0
774.040851304,0,0,1
774.040851418,0,1,1
774.040851976,1,1,1
774.179396204,1,1,0
774.179397000,1,0,0
774.179397554,0,0,0
774.317910084,0,0,1
774.317911552,0,1,1
774.317912100,1,1,1
774.456455070,1,0,1
774.456457046,1,0,0
774.456457678,0,0,0
774.594970560,0,1,0
774.594971988,0,1,1
774.594972226,1,1,1
774.733546142,1,0,1
774.733546890,1,0,0
774.733548864,0,0,0
774.872121694,0,1,0
774.872122768,0,1,1
774.872124348,1,1,1
775.010667214,1,0,1
775.010668730,1,0,0
775.010669988,0,0,0
775.149213674,0,0,1
775.149213704,0,1,1
775.149215536,1,1,1
775.287728636,1,1,0
775.287729286,1,0,0
775.287730112,0,0,0
775.426242454,0,0,1
775.426243776,0,1,1
775.426244722,1,1,1
775.564758356,1,0,1
775.564758416,1,0,0
775.564759236,0,0,0
775.703303298,0,0,1
775.703303848,0,1,1
775.703304782,1,1,1
775.841848428,1,0,1
775.841850258,1,0,0
775.841850360,0,0,0
775.980394856,0,1,0
775.980395138,0,1,1
775.980395908,1,1,1
776.118939164,1,1,0
776.118939500,1,0,0
776.118941486,0,0,0
776.257454990,0,1,0
776.257455044,0,1,1
776.257456094,1,1,1
776.396000006,1,1,0
776.396000508,1,0,0
776.396001672,0,0,0
776.534514060,0,1,0
776.534514948,0,1,1
776.534516156,1,1,1
776.673028846,1,1,0
776.673029580,1,0,0
776.673030732,0,0,0
776.811574790,0,0,1
776.811575134,0,1,1
776.811576340,1,1,1
776.950120652,1,0,1
776.950120752,1,0,0
776.950121920,0,0,0
777.088634694,0,0,1
777.088635142,0,1,1
777.088636404,1,1,1
777.227180724,1,0,1
777.227181658,1,0,0
777.227182104,0,0,0
777.365725536,0,0,1
777.365726776,0,1,1
777.365727588,1,1,1
777.504270794,1,0,1
777.504271436,1,0,0
777.504273166,0,0,0
777.642786284,0,1,0
777.642786378,0,1,1
777.642787712,1,1,1
777.781331806,1,0,1
777.781333290,0,0,1
777.781333340,0,0,0
777.919907284,0,0,1
777.919907356,0,1,1
777.919908836,1,1,1
778.058422000,1,0,1
778.058422182,1,0,0
778.058423478,0,0,0
778.196967490,0,1,0
778.196968064,0,1,1
778.196969022,1,1,1
778.335482088,1,1,0
778.335482948,1,0,0
778.335483598,0,0,0
778.474026498,0,1,0
778.474028968,0,1,1
778.474029144,1,1,1
778.612542868,1,1,0
778.612544018,1,0,0
778.612544786,0,0,0
778.751087572,0,1,0
778.751087810,0,1,1
778.751089332,1,1,1
778.889603774,1,1,0
778.889604090,1,0,0
778.889604848,0,0,0
779.028117152,0,0,1
779.028117704,0,1,1
779.028119454,1,1,1
779.166663552,1,1,0
779.166664226,1,0,0
779.166665034,0,0,0
779.305178558,0,0,1
779.305178714,0,1,1
779.305179580,1,1,1
779.443724234,1,0,1
779.443724458,1,0,0
779.443725156,0,0,0
779.582269400,0,0,1
779.582269472,0,1,1
779.582270702,1,1,1
779.720874298,1,1,0
779.720874302,1,0,0
779.720876280,0,0,0
779.859389856,0,1,0
779.859391242,0,1,1
779.859391824,1,1,1
779.997936204,1,1,0
779.997937376,1,0,0
779.997937402,0,0,0
780.136449866,0,1,0
780.136451146,0,1,1
780.136452012,1,1,1
780.274964048,1,1,0
780.274965448,1,0,0
780.274966526,0,0,0
780.413509998,0,1,0
780.413510926,0,1,1
780.413512072,1,1,1
780.552056518,1,0,1
780.552056826,1,0,0
780.552057714,0,0,0
780.690570010,0,1,0
780.690570832,0,1,1
780.690572258,1,1,1
780.829084590,1,0,1
780.829085732,1,0,0
780.829086836,0,0,0
780.967630612,0,0,1
780.967632080,0,1,1
780.967632320,1,1,1
781.106174634,1,1,0
781.106176662,1,0,0
781.106178022,0,0,0
781.244722514,0,0,1
781.244723152,0,1,1
781.244723570,1,1,1
781.383267478,1,1,0
781.383268732,1,0,0
781.383269084,0,0,0
781.521811358,0,0,1
781.521812222,0,1,1
781.521813692,1,1,1
781.660327320,1,1,0
781.660328740,1,0,0
781.660329208,0,0,0
781.798842294,0,1,0
781.798843262,0,1,1
781.798843876,1,1,1
781.937386812,1,0,1
781.937387162,1,0,0
781.937389392,0,0,0
782.075902366,0,1,0
782.075903938,1,1,0
782.075904040,1,1,1
782.214416884,1,0,1
782.214417066,1,0,0
782.214418578,0,0,0
782.352962374,0,1,0
782.352962946,0,1,1
782.352964124,1,1,1
782.491476846,1,1,0
782.491476956,1,0,0
782.491478640,0,0,0
782.630022788,0,0,1
782.630023508,0,1,1
782.630024184,1,1,1
782.768537964,1,0,1
782.768538750,1,0,0
782.768539826,0,0,0
782.907052630,0,0,1
782.907053578,0,1,1
782.907054370,1,1,1
783.045597654,1,1,0
783.045598100,1,0,0
783.045599888,0,0,0
783.184112588,0,1,0
783.184113534,0,1,1
783.184114558,1,1,1
783.322658436,1,1,0
783.322659168,1,0,0
783.322660074,0,0,0
783.461171720,0,1,0
783.461172440,0,1,1
783.461174618,1,1,1
783.599687340,1,1,0
783.599689196,0,1,0
783.599689240,0,0,0
783.738233218,0,0,1
783.738233730,0,1,1
783.738234804,1,1,1
783.876746312,1,0,1
783.876747118,1,0,0
783.876749318,0,0,0
784.015292122,0,0,1
784.015293800,0,1,1
784.015294928,1,1,1
784.153807382,1,0,1
784.153809022,1,0,0
784.153809568,0,0,0
784.292352934,0,1,0
784.292353964,0,1,1
784.292355050,1,1,1
784.430869454,1,0,1
784.430869988,1,0,0
784.430870630,0,0,0
784.569383742,0,0,1
784.569383942,0,1,1
784.569385238,1,1,1
784.707897524,1,0,1
784.707897768,1,0,0
784.707899752,0,0,0
784.846443014,0,1,0
784.846443710,0,1,1
784.846445298,1,1,1
784.984957610,1,1,0
784.984959534,1,0,0
784.984959938,0,0,0
785.123503084,0,1,0
785.123503488,0,1,1
785.123505484,1,1,1
785.262017514,1,1,0
785.262019666,1,0,0
785.262020000,0,0,0
785.400533394,0,0,1
785.400534094,0,1,1
785.400535608,1,1,1
785.539109354,1,1,0
785.539109674,1,0,0
785.539111186,0,0,0
785.677655164,0,1,0
785.677655234,0,1,1
785.677656730,1,1,1
785.816169746,1,0,1
785.816170134,1,0,0
785.816171370,0,0,0
785.954715138,0,0,1
785.954715610,0,1,1
785.954716916,1,1,1
786.093260038,1,1,0
786.093260754,1,0,0
786.093262432,0,0,0
786.231775292,0,0,1
786.231775306,0,1,1
786.231777042,1,1,1
786.370290888,1,0,1
786.370290942,1,0,0
786.370291618,0,0,0
786.508865438,0,1,0
786.508865820,0,1,1
786.508868164,1,1,1
786.647441784,1,1,0
786.647441956,1,0,0
786.647443740,0,0,0
786.785987510,0,1,0
786.785987662,0,1,1
786.785989286,1,1,1
786.924531686,1,1,0
786.924533028,1,0,0
786.924533864,0,0,0
787.063137518,0,1,0
787.063139504,0,1,1
787.063140346,1,1,1
787.201653100,1,0,1
787.201654466,1,0,0
787.201655986,0,0,0
787.340169406,0,0,1
787.340169588,0,1,1
787.340170534,1,1,1
787.478682108,1,0,1
787.478683370,1,0,0
787.478685174,0,0,0
787.617228248,0,0,1
787.617229658,0,1,1
787.617230720,1,1,1
787.755744178,1,0,1
787.755745212,1,0,0
787.755745298,0,0,0
787.894288730,0,1,0
787.894289090,0,1,1
787.894290842,1,1,1
788.032804300,1,1,0
788.032804310,1,0,0
788.032805420,0,0,0
788.171348930,0,0,1
788.171349800,0,1,1
788.171350966,1,1,1
788.309893830,1,1,0
788.309895256,1,0,0
788.309896542,0,0,0
788.448408834,0,0,1
788.448408872,0,1,1
788.448411088,1,1,1
788.586924390,1,0,1
788.586924734,1,0,0
788.586926728,0,0,0
788.725439674,0,0,1
788.725439940,0,1,1
788.725441212,1,1,1
788.863953460,1,0,1
788.863954636,1,0,0
788.863955852,0,0,0
789.002500516,0,0,1
789.002501012,0,1,1
789.002501396,1,1,1
789.141013530,1,0,1
789.141014478,1,0,0
789.141015974,0,0,0
789.279559358,0,0,1
789.279560020,0,1,1
789.279561582,1,1,1
789.418074318,1,1,0
789.418074540,1,0,0
789.418076162,0,0,0
789.556590092,0,1,0
789.556590260,0,1,1
789.556591644,1,1,1
789.695135158,1,1,0
789.695135672,1,0,0
789.695136220,0,0,0
789.833650164,0,0,1
789.833651162,0,1,1
789.833651828,1,1,1
789.972195000,1,1,0
789.972195744,1,0,0
789.972196408,0,0,0
790.110710296,0,1,0
790.110710942,0,1,1
790.110711952,1,1,1
790.249254904,1,1,0
790.249255814,1,0,0
790.249257528,0,0,0
790.387769784,0,0,1
790.387772138,1,0,1
790.387772616,1,1,1
790.526284884,1,0,1
790.526285746,1,0,0
790.526286714,0,0,0
790.664830686,0,0,1
790.664832196,1,0,1
790.664832374,1,1,1
790.803344892,1,0,1
790.803345586,1,0,0
790.803346836,0,0,0
790.941859526,0,0,1
790.941860506,0,1,1
790.941861318,1,1,1
791.080405488,1,1,0
791.080406024,1,0,0
791.080406896,0,0,0
791.218920452,0,1,0
791.218921368,0,1,1
791.218922504,1,1,1
791.357466034,1,0,1
791.357467082,0,0,1
791.357467330,0,0,0
791.495980586,0,1,0
791.495981272,0,1,1
791.495982628,1,1,1
791.634525104,1,0,1
791.634525172,1,0,0
791.634527204,0,0,0
791.773041050,0,0,1
791.773041594,0,1,1
791.773042814,1,1,1
791.911556074,1,1,0
791.911556236,1,0,0
791.911557328,0,0,0
792.050102016,0,0,1
792.050102726,0,1,1
792.050102936,1,1,1
792.188647244,1,0,1
792.188647852,1,0,0
792.188648452,0,0,0
792.327191796,0,0,1
792.327191798,0,1,1
792.327192996,1,1,1
792.465736252,1,0,1
792.465736694,1,0,0
792.465738636,0,0,0
792.604281866,0,1,0
792.604282636,0,1,1
792.604284182,1,1,1
792.742796598,1,1,0
792.742797386,1,0,0
792.742798758,0,0,0
792.881341874,0,1,0
792.881342538,0,1,1
792.881344366,1,1,1
793.019857438,1,1,0
793.019858456,1,0,0
793.019858944,0,0,0
793.158402380,0,0,1
793.158403006,0,1,1
793.158404490,1,1,1
793.296979526,1,0,1
793.296980280,1,0,0
793.296981066,0,0,0
793.435523014,0,1,0
793.435523970,0,1,1
793.435525612,1,1,1
793.574069182,1,1,0
793.574069596,1,0,0
793.574071188,0,0,0
793.712585060,0,0,1
793.712585084,0,1,1
793.712585672,1,1,1
793.851129604,1,0,1
793.851130024,1,0,0
793.851131312,0,0,0
793.989674902,0,0,1
793.989676156,0,1,1
793.989676856,1,1,1
794.128189674,1,0,1
794.128190864,1,0,0
794.128191436,0,0,0
794.266704744,0,0,1
794.266705162,0,1,1
794.266706980,1,1,1
794.405219744,1,0,1
794.405219768,1,0,0
794.405221556,0,0,0
794.543765484,0,1,0
794.543765648,0,1,1
794.543767102,1,1,1
794.682279608,1,1,0
794.682280816,1,0,0
794.682281680,0,0,0
794.820825368,0,1,0
794.820825488,0,1,1
794.820827226,1,1,1
794.959339886,1,0,1
794.959341450,1,0,0
794.959341866,0,0,0
795.097885436,0,1,0
795.097886392,0,1,1
795.097887412,1,1,1
795.236400018,1,0,1
795.236400354,1,0,0
795.236401926,0,0,0
795.374916232,0,0,1
795.374916446,0,1,1
795.374917532,1,1,1
795.513460026,1,0,1
795.513460194,1,0,0
795.513462110,0,0,0
795.652005514,0,1,0
795.652006074,0,1,1
795.652007656,1,1,1
795.790520034,1,1,0
795.790521158,1,0,0
795.790522234,0,0,0
795.929034914,0,0,1
795.929035646,0,1,1
795.929037778,1,1,1
796.067580876,1,1,0
796.067582102,1,0,0
796.067582418,0,0,0
796.206095716,0,1,0
796.206096818,0,1,1
796.206097900,1,1,1
796.344610718,1,1,0
796.344612236,1,0,0
796.344612540,0,0,0
796.483155726,0,1,0
796.483156658,0,1,1
796.483158086,1,1,1
796.621701244,1,0,1
796.621701558,1,0,0
796.621703662,0,0,0
796.760246498,0,0,1
796.760246796,0,1,1
796.760248208,1,1,1
796.898792376,1,0,1
796.898792398,1,0,0
796.898793786,0,0,0
797.037337864,0,1,0
797.037338840,0,1,1
797.037339330,1,1,1
797.175913446,1,0,1
797.175914302,1,0,0
797.175914908,0,0,0
797.314428936,0,1,0
797.314429180,0,1,1
797.314430516,1,1,1
797.453036516,1,0,1
797.453037030,0,0,1
797.453037206,0,0,0
797.591550006,0,1,0
797.591550022,0,1,1
797.591551638,1,1,1
797.730095526,1,0,1
797.730095984,1,0,0
797.730097216,0,0,0
797.868639924,0,0,1
797.868640012,0,1,1
797.868641760,1,1,1
798.007186530,1,0,1
798.007186824,1,0,0
798.007187276,0,0,0
798.145700146,0,1,0
798.145700766,0,1,1
798.145702882,1,1,1
798.284244666,1,1,0
798.284246664,1,0,0
798.284247460,0,0,0
798.422760606,0,0,1
798.422761152,0,1,1
798.422763004,1,1,1
798.561305734,1,0,1
798.561306630,1,0,0
798.561307582,0,0,0
798.699822286,0,1,0
798.699822510,0,1,1
798.699823126,1,1,1
798.838334470,1,1,0
798.838336802,1,0,0
798.838337704,0,0,0
798.976911292,0,1,0
798.976912288,0,1,1
798.976913310,1,1,1
799.115457312,1,1,0
799.115457872,1,0,0
799.115458826,0,0,0
799.254002362,0,1,0
799.254003190,0,1,1
799.254004432,1,1,1
799.392517152,1,1,0
799.392517882,1,0,0
799.392518946,0,0,0
799.531062030,0,0,1
799.531062432,0,1,1
799.531064554,1,1,1
799.669576992,1,1,0
799.669578014,1,0,0
799.669579132,0,0,0
799.808092502,0,1,0
799.808093934,0,1,1
799.808094614,1,1,1
799.946636834,1,1,0
799.946638082,1,0,0
799.946639254,0,0,0
800.085152570,0,1,0
800.085153774,0,1,1
800.085154800,1,1,1
800.223697736,1,1,0
800.223698090,1,0,0
800.223699376,0,0,0
800.362213616,0,0,1
800.362213642,0,1,1
800.362214920,1,1,1
800.500727160,1,0,1
800.500727576,1,0,0
800.500729560,0,0,0
800.639273518,0,0,1
800.639273710,0,1,1
800.639275042,1,1,1
800.777788416,1,1,0
800.777789230,1,0,0
800.777789620,0,0,0
800.916302718,0,1,0
800.916303358,0,1,1
800.916304226,1,1,1
801.054848256,1,1,0
801.054848300,1,0,0
801.054849802,0,0,0
801.193363788,0,1,0
801.193364134,0,1,1
801.193365348,1,1,1
801.331908368,1,0,1
801.331909098,1,0,0
801.331909926,0,0,0
801.470423920,0,1,0
801.470424038,0,1,1
801.470425532,1,1,1
801.608937938,1,1,0
801.608938376,1,0,0
801.608940046,0,0,0
801.747484816,0,0,1
801.747484990,0,1,1
801.747485590,1,1,1
801.886028778,1,1,0
801.886029508,1,0,0
801.886031168,0,0,0
802.024573782,0,0,1
802.024573996,0,1,1
802.024575712,1,1,1
802.163118578,1,0,1
802.163118744,1,0,0
802.163121352,0,0,0
802.301633872,0,0,1
802.301634066,0,1,1
802.301635834,1,1,1
802.440179584,1,1,0
802.440180648,1,0,0
802.440181474,0,0,0
802.578695462,0,0,1
802.578696198,0,1,1
802.578697018,1,1,1
802.717239716,1,0,1
802.717240360,1,0,0
802.717241594,0,0,0
802.855755302,0,0,1
802.855756206,0,1,1
802.855757140,1,1,1
802.994270262,1,1,0
802.994271714,0,1,0
802.994271724,0,0,0
803.132815204,0,0,1
803.132815338,0,1,1
803.132817322,1,1,1
803.271330104,1,1,0
803.271330792,1,0,0
803.271331838,0,0,0
803.409876044,0,0,1
803.409876282,0,1,1
803.409877380,1,1,1
803.548390006,1,1,0
803.548390864,1,0,0
803.548392020,0,0,0
803.686936414,0,1,0
803.686936884,0,1,1
803.686937566,1,1,1
803.825449782,1,1,0
803.825450932,1,0,0
803.825452142,0,0,0
803.963964484,0,1,0
803.963964724,0,1,1
803.963966624,1,1,1
804.102510002,1,0,1
804.102510686,1,0,0
804.102512264,0,0,0
804.241086552,0,1,0
804.241086564,0,1,1
804.241088746,1,1,1
804.379602588,1,1,0
804.379603070,1,0,0
804.379603386,0,0,0
804.518146468,0,0,1
804.518147560,0,1,1
804.518148930,1,1,1
804.656662204,1,0,1
804.656662366,1,0,0
804.656663508,0,0,0
804.795175244,0,0,1
804.795176630,0,1,1
804.795178114,1,1,1
804.933722210,1,0,1
804.933722270,1,0,0
804.933723690,0,0,0
805.072235698,0,1,0
805.072236148,0,1,1
805.072238172,1,1,1
805.210751108,1,1,0
805.210751280,1,0,0
805.210753748,0,0,0
805.349296768,0,1,0
805.349298048,0,1,1
805.349298294,1,1,1
805.487811948,1,1,0
805.487812348,1,0,0
805.487813870,0,0,0
805.626357836,0,1,0
805.626357890,0,1,1
805.626359416,1,1,1
805.764872356,1,0,1
805.764872788,1,0,0
805.764874054,0,0,0
805.903386730,0,0,1
805.903386906,0,1,1
805.903388536,1,1,1
806.041961486,1,0,1
806.041962690,1,0,0
806.041964176,0,0,0
806.180506914,0,1,0
806.180508570,0,1,1
806.180509718,1,1,1
806.319085494,1,0,1
806.319085530,1,0,0
806.319086296,0,0,0
806.457599044,0,1,0
806.457599408,0,1,1
806.457600842,1,1,1
806.596113564,1,0,1
806.596115370,1,0,0
806.596115418,0,0,0
806.734628310,0,0,1
806.734629114,0,1,1
806.734629962,1,1,1
806.873144272,1,1,0
806.873144632,1,0,0
806.873145602,0,0,0
807.011720150,0,0,1
807.011720184,0,1,1
807.011721084,1,1,1
807.150294112,1,1,0
807.150294700,1,0,0
807.150296660,0,0,0
807.288840990,0,0,1
807.288841190,0,1,1
807.288842204,1,1,1
807.427385952,1,1,0
807.427386084,1,0,0
807.427387844,0,0,0
807.565931258,0,1,0
807.565931892,0,1,1
807.565933450,1,1,1
807.704506776,1,0,1
807.704507790,1,0,0
807.704508964,0,0,0
807.843052326,0,1,0
807.843052668,0,1,1
807.843054508,1,1,1
807.981598846,1,0,1
807.981599630,1,0,0
807.981600086,0,0,0
808.120142570,0,0,1
808.120143396,0,1,1
808.120144692,1,1,1
808.258658532,1,1,0
808.258659914,1,0,0
808.258660268,0,0,0
808.397173410,0,0,1
808.397173528,0,1,1
808.397174812,1,1,1
808.535687984,1,0,1
808.535688308,1,0,0
808.535689388,0,0,0
808.674203312,0,0,1
808.674204472,0,1,1
808.674204996,1,1,1
808.812717210,1,1,0
808.812718114,1,0,0
808.812719510,0,0,0
808.951263604,0,1,0
808.951264088,0,1,1
808.951265054,1,1,1
809.089809122,1,0,1
809.089810048,1,0,0
809.089810632,0,0,0
809.228322990,0,0,1
809.228323672,0,1,1
809.228325238,1,1,1
809.366868890,1,1,0
809.366869252,1,0,0
809.366870816,0,0,0
809.505413740,0,1,0
809.505414018,0,1,1
809.505415360,1,1,1
809.643959198,1,0,1
809.643959728,1,0,0
809.643960874,0,0,0
809.782473670,0,0,1
809.782474810,0,1,1
809.782476418,1,1,1
809.921019632,1,1,0
809.921020390,1,0,0
809.921020994,0,0,0
810.059534818,0,1,0
810.059535508,0,1,1
810.059536602,1,1,1
810.198079398,1,0,1
810.198079532,1,0,0
810.198081116,0,0,0
810.336595410,0,0,1
810.336595948,0,1,1
810.336596722,1,1,1
810.475109308,1,1,0
810.475109404,1,0,0
810.475111298,0,0,0
810.613624250,0,0,1
810.613624954,0,1,1
810.613625844,1,1,1
810.752139472,1,0,1
810.752140210,1,0,0
810.752141482,0,0,0
810.890684022,0,1,0
810.890685088,0,1,1
810.890685964,1,1,1
811.029229540,1,0,1
811.029231048,1,0,0
811.029231602,0,0,0
811.167743990,0,0,1
811.167744154,0,1,1
811.167746084,1,1,1
811.306289672,1,0,1
811.306291662,0,0,1
811.306291890,0,0,0
811.444865828,0,0,1
811.444867098,0,1,1
811.444868206,1,1,1
811.583380728,1,1,0
811.583381740,1,0,0
811.583382846,0,0,0
811.721926668,0,0,1
811.721927228,0,1,1
811.721928388,1,1,1
811.860440566,1,1,0
811.860441810,1,0,0
811.860442966,0,0,0
811.998955506,0,0,1
811.998956298,0,1,1
811.998957508,1,1,1
812.137471468,1,1,0
812.137472816,1,0,0
812.137473086,0,0,0
812.276015346,0,0,1
812.276016366,0,1,1
812.276017630,1,1,1
812.414561308,1,1,0
812.414561886,1,0,0
812.414563270,0,0,0
812.553075372,0,1,0
812.553077186,0,1,1
812.553077814,1,1,1
812.691620892,1,0,1
812.691621208,1,0,0
812.691623390,0,0,0
812.830137086,0,0,1
812.830137504,0,1,1
812.830138934,1,1,1
812.968651984,1,1,0
812.968652020,1,0,0
812.968653512,0,0,0
813.107198510,0,1,0
813.107198926,0,1,1
813.107199116,1,1,1
813.245773888,1,1,0
813.245774028,1,0,0
813.245774632,0,0,0
813.384287578,0,1,0
813.384287766,0,1,1
813.384289176,1,1,1
813.522832726,1,1,0
813.522834158,1,0,0
813.522834814,0,0,0
813.661346666,0,0,1
813.661347646,0,1,1
813.661349358,1,1,1
813.799862564,1,1,0
813.799863164,1,0,0
813.799864936,0,0,0
813.938407442,0,0,1
813.938408904,0,1,1
813.938409478,1,1,1
814.076923232,1,0,1
814.076924466,1,0,0
814.076925056,0,0,0
814.215467722,0,1,0
814.215469406,0,1,1
814.215470662,1,1,1
814.353983302,1,0,1
814.353984244,1,0,0
814.353985176,0,0,0
814.492497790,0,1,0
814.492498184,0,1,1
814.492499720,1,1,1
814.631043144,1,1,0
814.631043370,1,0,0
814.631045360,0,0,0
814.769558084,0,0,1
814.769558860,0,1,1
814.769559902,1,1,1
814.908103440,1,0,1
814.908104982,1,0,0
814.908105480,0,0,0
815.046617928,0,1,0
815.046618922,0,1,1
815.046620024,1,1,1
815.185132820,1,1,0
815.185134508,1,0,0
815.185135600,0,0,0
815.323649058,0,1,0
815.323649824,0,1,1
815.323650144,1,1,1
815.462193660,1,1,0
815.462194514,1,0,0
815.462195720,0,0,0
815.600708126,0,1,0
815.600708664,0,1,1
815.600710326,1,1,1
815.739283562,1,1,0
815.739284582,1,0,0
815.739285902,0,0,0
815.877799440,0,0,1
815.877800194,0,1,1
815.877801448,1,1,1
816.016314462,1,1,0
816.016314650,1,0,0
816.016315962,0,0,0
816.154828200,0,1,0
816.154828340,0,1,1
816.154830568,1,1,1
816.293374238,1,1,0
816.293374716,1,0,0
816.293376144,0,0,0
816.431888268,0,1,0
816.431889240,0,1,1
816.431890688,1,1,1
816.570403786,1,0,1
816.570405140,1,0,0
816.570406264,0,0,0
816.708949018,0,0,1
816.708949336,0,1,1
816.708950872,1,1,1
816.847493854,1,0,1
816.847494978,1,0,0
816.847496386,0,0,0
816.986039918,0,0,1
816.986040342,0,1,1
816.986041928,1,1,1
817.124615816,1,1,0
817.124616922,1,0,0
817.124617570,0,0,0
817.263192408,0,1,0
817.263192756,0,1,1
817.263194112,1,1,1
817.401706656,1,1,0
817.401706926,1,0,0
817.401708626,0,0,0
817.540219596,0,0,1
817.540222540,0,1,1
817.540223232,1,1,1
817.678767056,1,0,1
817.678767494,1,0,0
817.678768808,0,0,0
817.817311496,0,0,1
817.817311544,0,1,1
817.817314354,1,1,1
817.955858062,1,0,1
817.955858396,1,0,0
817.955859928,0,0,0
818.094402272,0,0,1
818.094402614,0,1,1
818.094404472,1,1,1
818.232948232,1,1,0
818.232949130,1,0,0
818.232950046,0,0,0
818.371463110,0,0,1
818.371463680,0,1,1
818.371464654,1,1,1
818.510008134,1,1,0
818.510008198,1,0,0
818.510010230,0,0,0
818.648553684,0,1,0
818.648555010,0,1,1
818.648555774,1,1,1
818.787130266,1,0,1
818.787130972,1,0,0
818.787131350,0,0,0
818.925644816,0,1,0
818.925645850,0,1,1
818.925646896,1,1,1
819.064160396,1,0,1
819.064160810,1,0,0
819.064161472,0,0,0
819.202673750,0,0,1
819.202674822,0,1,1
819.202676014,1,1,1
819.341219400,1,0,1
819.341220648,1,0,0
819.341221590,0,0,0
819.479733888,0,1,0
819.479734524,0,1,1
819.479736198,1,1,1
819.618249488,1,1,0
819.618250468,1,0,0
819.618251772,0,0,0
819.756793426,0,0,1
819.756794956,0,1,1
819.756796316,1,1,1
819.895310324,1,1,0
819.895310598,1,0,0
819.895311830,0,0,0
820.033855086,0,1,0
820.033856264,0,1,1
820.033857436,1,1,1
820.172399602,1,0,1
820.172400224,1,0,0
820.172402012,0,0,0
820.310945914,0,0,1
820.310947092,0,1,1
820.310947556,1,1,1
820.449491062,1,1,0
820.449491670,1,0,0
820.449493132,0,0,0
820.588005158,0,1,0
820.588006002,0,1,1
820.588007674,1,1,1
820.726521676,1,0,1
820.726522900,1,0,0
820.726523314,0,0,0
820.865066226,0,1,0
820.865066840,0,1,1
820.865067858,1,1,1
821.003612798,1,1,0
821.003612804,1,0,0
821.003613434,0,0,0
821.142156678,0,0,1
821.142157294,0,1,1
821.142158978,1,1,1
821.280703638,1,1,0
821.280703874,1,0,0
821.280704552,0,0,0
821.419246578,0,0,1
821.419248360,0,1,1
821.419250098,1,1,1
821.557761878,1,0,1
821.557762476,1,0,0
821.557764736,0,0,0
821.696278352,0,0,1
821.696278428,0,1,1
821.696279216,1,1,1
821.834823006,1,0,1
821.834823312,1,0,0
821.834824792,0,0,0
821.973368494,0,1,0
821.973369252,0,1,1
821.973370336,1,1,1
822.111915214,1,1,0
822.111915976,0,1,0
822.111916012,0,0,0
822.250458500,0,1,0
822.250459090,0,1,1
822.250460518,1,1,1
822.389004988,1,1,0
822.389005016,1,0,0
822.389006094,0,0,0
822.527518990,0,0,1
822.527519754,0,1,1
822.527520638,1,1,1
822.666064888,1,1,0
822.666065146,1,0,0
822.666066214,0,0,0
822.804609634,0,1,0
822.804610764,0,1,1
822.804611758,1,1,1
822.943156726,1,1,0
822.943157214,1,0,0
822.943157336,0,0,0
823.081669764,0,1,0
823.081670666,0,1,1
823.081671876,1,1,1
823.220215282,1,0,1
823.220215626,1,0,0
823.220217452,0,0,0
823.358729768,0,1,0
823.358730502,0,1,1
823.358732060,1,1,1
823.497275348,1,0,1
823.497276462,1,0,0
823.497277634,0,0,0
823.635790836,0,1,0
823.635791402,0,1,1
823.635792180,1,1,1
823.774335302,1,1,0
823.774336352,1,0,0
823.774337754,0,0,0
823.912850178,0,0,1
823.912850902,0,1,1
823.912852298,1,1,1
824.051366420,1,0,1
824.051367138,1,0,0
824.051367874,0,0,0
824.189880970,0,1,0
824.189881016,0,1,1
824.189882416,1,1,1
824.328426976,1,1,0
824.328427424,1,0,0
824.328428054,0,0,0
824.466940914,0,0,1
824.466941038,0,1,1
824.466942598,1,1,1
824.605486554,1,0,1
824.605486876,1,0,0
824.605488172,0,0,0
824.744031916,0,1,0
824.744032752,0,1,1
824.744033718,1,1,1
824.882546684,1,0,1
824.882547712,1,0,0
824.882548292,0,0,0
825.021092110,0,1,0
825.021092654,0,1,1
825.021093836,1,1,1
825.159667750,1,0,1
825.159668550,1,0,0
825.159669474,0,0,0
825.298181176,0,1,0
825.298183490,0,1,1
825.298183954,1,1,1
825.436697756,1,0,1
825.436698388,1,0,0
825.436699530,0,0,0
825.575242306,0,1,0
825.575242326,0,1,1
825.575244136,1,1,1
825.713758038,1,1,0
825.713758760,1,0,0
825.713759648,0,0,0
825.852272372,0,1,0
825.852273164,0,1,1
825.852274254,1,1,1
825.990818126,1,1,0
825.990818890,1,0,0
825.990819830,0,0,0
826.129394002,0,0,1
826.129394378,0,1,1
826.129395310,1,1,1
826.267907962,1,1,0
826.267908958,1,0,0
826.267909948,0,0,0
826.406453902,0,0,1
826.406454444,0,1,1
826.406455492,1,1,1
826.544968962,1,0,1
826.544969736,1,0,0
826.544971068,0,0,0
826.683514510,0,1,0
826.683515610,1,1,0
826.683515676,1,1,1
826.822090636,1,1,0
826.822091028,1,0,0
826.822092188,0,0,0
826.960605576,0,0,1
826.960606204,0,1,1
826.960606792,1,1,1
827.099150034,1,0,1
827.099150538,1,0,0
827.099152368,0,0,0
827.237695644,0,1,0
827.237696414,0,1,1
827.237697910,1,1,1
827.376241160,1,0,1
827.376241374,1,0,0
827.376242486,0,0,0
827.514785252,0,0,1
827.514786712,0,1,1
827.514788030,1,1,1
827.653301210,1,1,0
827.653302228,1,0,0
827.653302668,0,0,0
827.791846150,0,0,1
827.791846716,0,1,1
827.791848148,1,1,1
827.930362358,1,0,1
827.930363048,1,0,0
827.930363722,0,0,0
828.068906048,0,0,1
828.068906844,0,1,1
828.068908266,1,1,1
828.207451946,1,1,0
828.207453360,1,0,0
828.207453842,0,0,0
828.345997848,0,1,0
828.345998824,0,1,1
828.345999384,1,1,1
828.484543428,1,0,1
828.484543720,1,0,0
828.484545022,0,0,0
828.623057660,0,0,1
828.623058852,0,1,1
828.623059566,1,1,1
828.761664492,1,0,1
828.761664620,1,0,0
828.761666140,0,0,0
828.900178980,0,1,0
828.900179498,0,1,1
828.900180682,1,1,1
829.038755186,1,0,1
829.038756456,1,0,0
829.038757258,0,0,0
829.177300110,0,1,0
829.177300334,0,1,1
829.177301802,1,1,1
829.315845626,1,0,1
829.315846356,1,0,0
829.315847376,0,0,0
829.454360114,0,1,0
829.454360234,0,1,1
829.454361920,1,1,1
829.592875132,1,1,0
829.592876692,1,0,0
829.592877494,0,0,0
829.731421134,0,0,1
829.731421180,0,1,1
829.731422100,1,1,1
829.869936030,1,1,0
829.869936696,1,0,0
829.869937612,0,0,0
830.008481184,0,1,0
830.008481906,0,1,1
830.008483218,1,1,1
830.146995762,1,0,1
830.146995930,1,0,0
830.146997794,0,0,0
830.285542312,0,1,0
830.285542806,0,1,1
830.285543338,1,1,1
830.424055830,1,0,1
830.424057704,1,0,0
830.424057850,0,0,0
830.562571380,0,1,0
830.562571642,0,1,1
830.562572456,1,1,1
830.701085894,1,0,1
830.701087604,1,0,0
830.701088030,0,0,0
830.839630480,0,0,1
830.839631446,0,1,1
830.839632574,1,1,1
830.978237024,1,0,1
830.978237440,1,0,0
830.978239150,0,0,0
831.116874316,0,0,1
831.116875510,0,1,1
831.116876690,1,1,1
831.255572276,1,1,0
831.255573026,1,0,0
831.255574266,0,0,0
831.394270216,0,0,1
831.394270576,0,1,1
831.394271872,1,1,1
831.532997112,1,1,0
831.532999092,1,0,0
831.533000446,0,0,0
831.671697578,0,1,0
831.671698054,0,1,1
831.671698988,1,1,1
831.810393950,1,1,0
831.810395158,1,0,0
831.810396562,0,0,0
831.949091582,0,1,0
831.949092890,0,1,1
831.949094106,1,1,1
832.087790160,1,0,1
832.087791788,1,0,0
832.087792682,0,0,0
832.226488708,0,1,0
832.226488728,0,1,1
832.226490222,1,1,1
832.365187224,1,0,1
832.365187624,1,0,0
832.365188736,0,0,0
832.503884564,0,0,1
832.503885710,0,1,1
832.503886340,1,1,1
832.642581522,1,1,0
832.642582354,1,0,0
832.642583854,0,0,0
832.781279840,0,1,0
832.781281400,0,1,1
832.781282456,1,1,1
832.919977298,1,1,0
832.919979292,1,0,0
832.919979968,0,0,0
833.058677236,0,0,1
833.058677842,0,1,1
833.058678574,1,1,1
833.197374420,1,0,1
833.197375196,1,0,0
833.197376148,0,0,0
833.336071906,0,1,0
833.336072136,0,1,1
833.336073628,1,1,1
833.474769360,1,0,1
833.474770034,1,0,0
833.474772266,0,0,0
833.613467972,0,1,0
833.613467974,0,1,1
833.613469808,1,1,1
833.752165488,1,0,1
833.752166870,1,0,0
833.752168382,0,0,0
833.890863872,0,0,1
833.890865036,0,1,1
833.890865926,1,1,1
834.029561708,1,1,0
834.029562552,1,0,0
834.029563500,0,0,0
834.168290100,0,1,0
834.168290646,0,1,1
834.168291980,1,1,1
834.306988616,1,0,1
834.306989544,1,0,0
834.306990618,0,0,0
834.445686484,0,0,1
834.445687102,0,1,1
834.445688160,1,1,1
834.584414818,1,1,0
834.584415618,1,0,0
834.584416734,0,0,0
834.723144168,0,1,0
834.723144320,0,1,1
834.723145278,1,1,1
834.861932280,1,1,0
834.861933746,1,0,0
834.861934852,0,0,0
835.000630156,0,0,1
835.000631232,0,1,1
835.000632330,1,1,1
835.139359116,1,1,0
835.139359748,1,0,0
835.139360968,0,0,0
835.278055994,0,0,1
835.278057298,0,1,1
835.278058574,1,1,1
835.416755812,1,0,1
835.416755954,1,0,0
835.416757086,0,0,0
835.555483300,0,1,0
835.555483830,0,1,1
835.555485690,1,1,1
835.694181790,1,1,0
835.694181878,1,0,0
835.694183202,0,0,0
835.832879728,0,0,1
835.832880364,0,1,1
835.832881744,1,1,1
835.971576626,1,1,0
835.971576880,1,0,0
835.971579320,0,0,0
836.110275430,0,1,0
836.110275566,0,1,1
836.110276924,1,1,1
836.248973946,1,0,1
836.248974526,1,0,0
836.248975438,0,0,0
836.387671494,0,1,0
836.387672340,0,1,1
836.387672978,1,1,1
836.526369302,1,1,0
836.526370010,1,0,0
836.526371616,0,0,0
836.665096558,0,1,0
836.665097240,0,1,1
836.665099096,1,1,1
836.803796014,1,0,1
836.803796198,1,0,0
836.803797734,0,0,0
836.942493076,0,0,1
836.942493560,0,1,1
836.942495274,1,1,1
837.081222036,1,1,0
837.081222138,1,0,0
837.081223786,0,0,0
837.219919974,0,0,1
837.219920562,0,1,1
837.219922392,1,1,1
837.358617872,1,1,0
837.358618142,1,0,0
837.358619904,0,0,0
837.497315126,0,1,0
837.497315748,0,1,1
837.497317444,1,1,1
837.636044268,1,0,1
837.636044646,1,0,0
837.636046084,0,0,0
837.774742646,0,0,1
837.774743754,0,1,1
837.774744562,1,1,1
837.913440272,1,0,1
837.913440608,1,0,0
837.913442136,0,0,0
838.052137818,0,1,0
838.052139484,0,1,1
838.052139740,1,1,1
838.190836632,1,1,0
838.190837274,1,0,0
838.190838314,0,0,0
838.329533882,0,1,0
838.329534322,0,1,1
838.329535856,1,1,1
838.468233400,1,0,1
838.468234218,1,0,0
838.468234432,0,0,0
838.606930220,0,0,1
838.606930948,0,1,1
838.606931976,1,1,1
838.745628402,1,0,1
838.745629116,1,0,0
838.745629548,0,0,0
838.884356056,0,0,1
838.884357012,0,1,1
838.884358090,1,1,1
839.023083890,1,1,0
839.023084528,1,0,0
839.023086602,0,0,0
839.161783014,0,1,0
839.161783830,0,1,1
839.161785208,1,1,1
839.300480790,1,1,0
839.300481530,1,0,0
839.300482780,0,0,0
839.439178016,0,1,0
839.439178666,0,1,1
839.439180324,1,1,1
839.577907594,1,0,1
839.577907626,1,0,0
839.577908898,0,0,0
839.716605330,0,1,0
839.716605566,0,1,1
839.716607502,1,1,1
839.855303658,1,0,1
839.855304462,1,0,0
839.855305014,0,0,0
839.994000338,0,0,1
839.994001146,0,1,1
839.994002556,1,1,1
840.132698724,1,0,1
840.132701112,1,0,0
840.132701192,0,0,0
840.271397238,0,0,1
840.271397272,0,1,1
840.271398672,1,1,1
840.410096726,1,0,1
840.410097134,1,0,0
840.410097246,0,0,0
840.548824074,0,0,1
840.548825274,0,1,1
840.548825850,1,1,1
840.687521034,1,1,0
840.687521790,1,0,0
840.687523364,0,0,0
840.826218338,0,1,0
840.826218910,0,1,1
840.826220968,1,1,1
840.964917870,1,1,0
840.964918854,1,0,0
840.964919542,0,0,0
841.103614404,0,1,0
841.103614810,0,1,1
841.103617020,1,1,1
841.242312708,1,1,0
841.242312918,1,0,0
841.242314656,0,0,0
841.381011404,0,1,0
841.381011584,0,1,1
841.381013200,1,1,1
841.519708984,1,0,1
841.519709542,1,0,0
841.519710774,0,0,0
841.658437532,0,1,0
841.658438482,0,1,1
841.658439316,1,1,1
841.797136380,1,1,0
841.797137046,1,0,0
841.797137890,0,0,0
841.935834318,0,0,1
841.935834596,0,1,1
841.935835432,1,1,1
842.074531112,1,0,1
842.074532278,1,0,0
842.074533006,0,0,0
842.213259598,0,1,0
842.213260154,0,1,1
842.213261548,1,1,1
842.351988176,1,0,1
842.351989114,1,0,0
842.351990060,0,0,0
842.490685598,0,1,0
842.490686990,0,1,1
842.490688664,1,1,1
842.629383950,1,1,0
842.629386178,1,0,0
842.629386238,0,0,0
842.768081726,0,1,0
842.768081828,0,1,1
842.768083780,1,1,1
842.906780178,1,0,1
842.906780786,1,0,0
842.906782354,0,0,0
843.045476662,0,0,1
843.045478726,0,1,1
843.045479896,1,1,1
843.184176622,1,1,0
843.184177306,1,0,0
843.184178470,0,0,0
843.322873792,0,1,0
843.322875562,0,1,1
843.322876012,1,1,1
843.461571458,1,1,0
843.461572306,1,0,0
843.461573586,0,0,0
843.600299918,0,1,0
843.600301522,0,1,1
843.600302128,1,1,1
843.739028292,1,1,0
843.739028432,1,0,0
843.739030702,0,0,0
843.877757232,0,0,1
843.877757918,0,1,1
843.877759244,1,1,1
844.016455436,1,0,1
844.016456192,1,0,0
844.016456818,0,0,0
844.155213982,0,1,0
844.155216068,0,1,1
844.155216360,1,1,1
844.293912028,1,1,0
844.293913498,1,0,0
844.293913934,0,0,0
844.432610046,0,1,0
844.432610904,0,1,1
844.432612476,1,1,1
844.571337800,1,1,0
844.571339562,1,0,0
844.571341052,0,0,0
844.710066740,0,0,1
844.710068048,0,1,1
844.710068592,1,1,1
844.848765626,1,0,1
844.848766700,1,0,0
844.848767104,0,0,0
844.987463112,0,1,0
844.987463638,0,1,1
844.987464708,1,1,1
845.126161536,1,1,0
845.126161690,1,0,0
845.126163282,0,0,0
845.264890176,0,1,0
845.264890474,0,1,1
845.264891822,1,1,1
845.403587690,1,0,1
845.403588746,1,0,0
845.403589460,0,0,0
845.542316246,0,0,1
845.542317238,0,1,1
845.542317938,1,1,1
845.681013816,1,0,1
845.681015206,1,0,0
845.681015512,0,0,0
845.819742302,0,1,0
845.819744056,1,1,0
845.819744082,1,1,1
845.958440816,1,0,1
845.958442042,1,0,0
845.958442628,0,0,0
846.097138982,0,0,1
846.097139304,0,1,1
846.097140232,1,1,1
846.235835880,1,0,1
846.235835940,1,0,0
846.235837744,0,0,0
846.374534816,0,0,1
846.374535366,0,1,1
846.374536284,1,1,1
846.513231008,1,0,1
846.513232776,1,0,0
846.513233860,0,0,0
846.651929714,0,0,1
846.651930492,0,1,1
846.651932462,1,1,1
846.790628548,1,1,0
846.790629008,1,0,0
846.790629974,0,0,0
846.929325494,0,1,0
846.929326488,0,1,1
846.929327514,1,1,1
847.068023448,1,1,0
847.068024008,1,0,0
847.068026152,0,0,0
847.206721322,0,0,1
847.206722496,0,1,1
847.206723630,1,1,1
847.345420074,1,0,1
847.345420282,1,0,0
847.345421142,0,0,0
847.484148158,0,0,1
847.484149620,0,1,1
847.484149808,1,1,1
847.622847136,1,0,1
847.622847182,1,0,0
847.622848320,0,0,0
847.761544058,0,0,1
847.761545622,0,1,1
847.761545860,1,1,1
847.900242200,1,0,1
847.900242954,1,0,0
847.900244498,0,0,0
848.038940684,0,1,0
848.038941892,0,1,1
848.038941976,1,1,1
848.177637202,1,0,1
848.177637852,1,0,0
848.177639550,0,0,0
848.316336728,0,0,1
848.316336748,0,1,1
848.316338092,1,1,1
848.455034264,1,0,1
848.455034688,1,0,0
848.455035728,0,0,0
848.593732626,0,0,1
848.593732812,0,1,1
848.593734206,1,1,1
848.732460328,1,0,1
848.732460522,1,0,0
848.732461844,0,0,0
848.871157876,0,1,0
848.871159398,0,1,1
848.871160386,1,1,1
849.009887358,1,1,0
849.009887390,1,0,0
849.009888958,0,0,0
849.148584876,0,1,0
849.148585236,0,1,1
849.148586502,1,1,1
849.287313194,1,1,0
849.287313454,1,0,0
849.287315010,0,0,0
849.426011196,0,0,1
849.426011940,0,1,1
849.426012616,1,1,1
849.564709580,1,0,1
849.564710030,1,0,0
849.564711188,0,0,0
849.703437968,0,0,1
849.703438004,0,1,1
849.703439730,1,1,1
849.842134580,1,0,1
849.842135864,1,0,0
849.842137304,0,0,0
849.980834066,0,1,0
849.980834804,0,1,1
849.980835784,1,1,1
850.119560582,1,0,1
850.119562764,1,0,0
850.119563420,0,0,0
850.258259130,0,1,0
850.258259638,0,1,1
850.258261960,1,1,1
850.396957598,1,1,0
850.396957708,1,0,0
850.396959534,0,0,0
850.535656536,0,0,1
850.535657192,0,1,1
850.535658076,1,1,1
850.674384434,1,1,0
850.674384646,1,0,0
850.674386650,0,0,0
850.813081310,0,0,1
850.813082258,0,1,1
850.813084192,1,1,1
850.951779710,1,0,1
850.951781332,1,0,0
850.951781764,0,0,0
851.090479208,0,0,1
851.090479258,0,1,1
851.090480368,1,1,1
851.229175772,1,0,1
851.229176104,1,0,0
851.229177880,0,0,0
851.367873980,0,0,1
851.367875322,0,1,1
851.367875422,1,1,1
851.506572836,1,0,1
851.506573002,1,0,0
851.506574058,0,0,0
851.645270322,0,1,0
851.645270816,0,1,1
851.645271536,1,1,1
851.783968774,1,1,0
851.783968962,1,0,0
851.783970110,0,0,0
851.922696712,0,0,1
851.922697386,0,1,1
851.922698714,1,1,1
852.061394962,1,0,1
852.061395610,1,0,0
852.061396226,0,0,0
852.200122510,0,1,0
852.200123610,0,1,1
852.200124828,1,1,1
852.338821026,1,0,1
852.338821508,1,0,0
852.338822402,0,0,0
852.477579512,0,1,0
852.477580446,0,1,1
852.477581944,1,1,1
852.616278026,1,0,1
852.616278342,1,0,0
852.616279456,0,0,0
852.754975282,0,0,1
852.754976512,0,1,1
852.754976996,1,1,1
852.893674152,1,0,1
852.893674178,1,0,0
852.893675572,0,0,0
853.032432638,0,1,0
853.032433116,0,1,1
853.032434174,1,1,1
853.171131014,1,1,0
853.171131214,1,0,0
853.171132750,0,0,0
853.309828638,0,1,0
853.309829014,0,1,1
853.309830290,1,1,1
853.448526216,1,0,1
853.448527848,1,0,0
853.448527864,0,0,0
853.587224762,0,1,0
853.587224786,0,1,1
853.587226404,1,1,1
853.725953278,1,0,1
853.725954746,1,0,0
853.725954916,0,0,0
853.864650622,0,0,1
853.864651826,0,1,1
853.864652520,1,1,1
854.003349342,1,0,1
854.003349580,1,0,0
854.003351094,0,0,0
854.142139520,0,0,1
854.142139826,0,1,1
854.142140634,1,1,1
854.280836342,1,0,1
854.280836416,1,0,0
854.280838208,0,0,0
854.419533890,0,1,0
854.419534354,0,1,1
854.419535748,1,1,1
854.558231468,1,0,1
854.558232188,1,0,0
854.558234322,0,0,0
854.696930190,0,0,1
854.696930890,0,1,1
854.696931864,1,1,1
854.835659086,1,1,0
854.835660438,0,1,0
854.835660530,0,0,0
854.974356016,0,1,0
854.974357026,0,1,1
854.974357980,1,1,1
855.113054920,1,1,0
855.113056470,1,0,0
855.113056552,0,0,0
855.251752018,0,1,0
855.251752858,0,1,1
855.251754094,1,1,1
855.390450532,1,0,1
855.390451756,1,0,0
855.390452666,0,0,0
855.529148144,0,1,0
855.529149694,0,1,1
855.529150272,1,1,1
855.667846594,1,0,1
855.667846654,1,0,0
855.667847782,0,0,0
855.806545144,0,1,0
855.806545592,0,1,1
855.806546324,1,1,1
855.945273488,1,1,0
855.945273720,1,0,0
855.945274898,0,0,0
856.083971206,0,1,0
856.083971426,0,1,1
856.083972438,1,1,1
856.222667720,1,0,1
856.222668386,1,0,0
856.222670074,0,0,0
856.361367198,0,0,1
856.361367268,0,1,1
856.361368616,1,1,1
856.500096220,1,1,0
856.500096784,1,0,0
856.500097190,0,0,0
856.638824034,0,0,1
856.638824330,0,1,1
856.638825668,1,1,1
856.777521784,1,0,1
856.777521994,1,0,0
856.777523242,0,0,0
856.916218932,0,0,1
856.916219394,0,1,1
856.916220846,1,1,1
857.054947910,1,0,1
857.054948828,1,0,0
857.054949356,0,0,0
857.193645768,0,0,1
857.193646332,0,1,1
857.193647960,1,1,1
857.332343910,1,0,1
857.332344726,1,0,0
857.332345534,0,0,0
857.471042456,0,1,0
857.471043602,0,1,1
857.471044014,1,1,1
857.609739560,1,1,0
857.609741036,1,0,0
857.609741586,0,0,0
857.748468520,0,1,0
857.748469436,0,1,1
857.748470190,1,1,1
857.887166332,1,1,0
857.887167098,1,0,0
857.887167700,0,0,0
858.025863520,0,1,0
858.025864270,0,1,1
858.025866304,1,1,1
858.164561230,1,1,0
858.164562098,1,0,0
858.164563878,0,0,0
858.303259582,0,1,0
858.303260168,0,1,1
858.303261418,1,1,1
858.441958064,1,1,0
858.441959162,1,0,0
858.441959992,0,0,0
858.580655646,0,1,0
858.580656002,0,1,1
858.580657532,1,1,1
858.719383222,1,0,1
858.719384900,1,0,0
858.719386044,0,0,0
858.858081646,0,1,0
858.858082838,0,1,1
858.858083648,1,1,1
858.996779796,1,1,0
858.996780224,1,0,0
858.996782220,0,0,0
859.135477734,0,0,1
859.135478896,0,1,1
859.135479760,1,1,1
859.274176568,1,1,0
859.274177350,1,0,0
859.274178334,0,0,0
859.412874506,0,0,1
859.412874834,0,1,1
859.412875874,1,1,1
859.551571466,1,1,0
859.551572286,1,0,0
859.551573512,0,0,0
859.690269834,0,1,0
859.690270466,0,1,1
859.690271990,1,1,1
859.828968364,1,1,0
859.828968412,1,0,0
859.828969562,0,0,0
859.967664958,0,1,0
859.967665176,0,1,1
859.967668166,1,1,1
860.106394134,1,1,0
860.106394474,1,0,0
860.106396678,0,0,0
860.245093012,0,0,1
860.245093022,0,1,1
860.245094218,1,1,1
860.383820536,1,0,1
860.383821032,1,0,0
860.383822792,0,0,0
860.522518908,0,0,1
860.522519022,0,1,1
860.522520332,1,1,1
860.661216536,1,0,1
860.661216804,1,0,0
860.661218968,0,0,0
860.799915022,0,1,0
860.799915742,0,1,1
860.799916510,1,1,1
860.938611700,1,1,0
860.938612598,1,0,0
860.938614022,0,0,0
861.077310146,0,1,0
861.077311514,0,1,1
861.077312562,1,1,1
861.216008598,1,0,1
861.216009474,1,0,0
861.216010196,0,0,0
861.354706412,0,0,1
861.354707084,0,1,1
861.354708676,1,1,1
861.493404056,1,1,0
861.493404662,1,0,0
861.493406312,0,0,0
861.632102208,0,1,0
861.632102308,0,1,1
861.632103852,1,1,1
861.770800142,1,1,0
861.770800786,1,0,0
861.770802426,0,0,0
861.909497272,0,1,0
861.909499080,0,1,1
861.909499904,1,1,1
862.048196786,1,0,1
862.048197102,1,0,0
862.048198480,0,0,0
862.186894334,0,1,0
862.186894914,0,1,1
862.186896082,1,1,1
862.325590786,1,0,1
862.325591876,1,0,0
862.325593594,0,0,0
862.464289396,0,1,0
862.464290812,0,1,1
862.464292196,1,1,1
862.602987912,1,0,1
862.602988770,1,0,0
862.602989770,0,0,0
862.741686458,0,1,0
862.741686646,0,1,1
862.741688310,1,1,1
862.880384974,1,0,1
862.880385542,1,0,0
862.880385820,0,0,0
863.019080480,0,0,1
863.019081458,0,1,1
863.019083424,1,1,1
863.157780376,1,1,0
863.157781036,1,0,0
863.157781998,0,0,0
863.296508126,0,0,1
863.296509458,0,1,1
863.296510476,1,1,1
863.435207034,1,0,1
863.435207274,1,0,0
863.435208112,0,0,0
863.573935584,0,1,0
863.573936150,0,1,1
863.573936590,1,1,1
863.712632108,1,1,0
863.712633036,1,0,0
863.712634226,0,0,0
863.851330646,0,1,0
863.851331984,0,1,1
863.851332766,1,1,1
863.990028004,1,1,0
863.990028160,1,0,0
863.990030404,0,0,0
864.128725708,0,1,0
864.128725818,0,1,1
864.128727880,1,1,1
864.267424224,1,0,1
864.267424776,1,0,0
864.267426454,0,0,0
864.406121714,0,0,1
864.406122708,0,1,1
864.406124058,1,1,1
864.544821222,1,0,1
864.544821612,1,0,0
864.544822568,0,0,0
864.683518550,0,0,1
864.683518706,0,1,1
864.683520108,1,1,1
864.822216284,1,0,1
864.822217508,1,0,0
864.822217744,0,0,0
864.960914384,0,0,1
864.960915832,0,1,1
864.960916284,1,1,1
865.099612346,1,0,1
865.099613280,1,0,0
865.099613796,0,0,0
865.238311218,0,0,1
865.238312336,1,0,1
865.238312894,1,1,1
865.377007114,1,1,0
865.377008410,1,0,0
865.377009970,0,0,0
865.515737894,0,1,0
865.515738052,0,1,1
865.515738448,1,1,1
865.654433010,1,1,0
865.654434472,1,0,0
865.654436086,0,0,0
865.793132948,0,0,1
865.793133956,0,1,1
865.793134626,1,1,1
865.931829534,1,0,1
865.931830844,1,0,0
865.931832136,0,0,0
866.070527018,0,1,0
866.070528720,0,1,1
866.070529678,1,1,1
866.209255596,1,0,1
866.209256680,1,0,0
866.209258188,0,0,0
866.347955554,0,0,1
866.347956080,0,1,1
866.347956792,1,1,1
866.486652514,1,1,0
866.486652594,1,0,0
866.486654426,0,0,0
866.625351452,0,0,1
866.625352080,0,1,1
866.625352968,1,1,1
866.764078658,1,0,1
866.764079346,1,0,0
866.764080478,0,0,0
866.902778204,0,1,0
866.902778348,0,1,1
866.902779080,1,1,1
867.041474182,1,1,0
867.041474718,1,0,0
867.041476654,0,0,0
867.180234204,0,1,0
867.180235118,0,1,1
867.180236194,1,1,1
867.318931782,1,0,1
867.318932016,1,0,0
867.318933704,0,0,0
867.457630016,0,0,1
867.457630266,0,1,1
867.457631308,1,1,1
867.596328842,1,0,1
867.596328848,1,0,0
867.596329882,0,0,0
867.735025788,0,0,1
867.735026454,0,1,1
867.735027422,1,1,1
867.873723842,1,0,1
867.873724746,1,0,0
867.873725932,0,0,0
868.012421684,0,0,1
868.012422390,0,1,1
868.012423536,1,1,1
868.151119580,1,1,0
868.151119968,1,0,0
868.151121108,0,0,0
868.289817390,0,1,0
868.289818518,0,1,1
868.289819588,1,1,1
868.428545966,1,0,1
868.428548222,0,0,1
868.428548414,0,0,0
868.567244352,0,0,1
868.567244452,0,1,1
868.567245762,1,1,1
868.706003310,1,1,0
868.706004028,1,0,0
868.706005336,0,0,0
868.844701186,0,0,1
868.844701514,0,1,1
868.844702876,1,1,1
868.983430090,1,0,1
868.983430146,1,0,0
868.983431386,0,0,0
869.122126574,0,1,0
869.122126958,0,1,1
869.122128990,1,1,1
869.260825916,1,1,0
869.260826090,1,0,0
869.260827500,0,0,0
869.399522854,0,0,1
869.399523636,0,1,1
869.399525104,1,1,1
869.538251150,1,0,1
869.538252812,1,0,0
869.538253614,0,0,0
869.676950688,0,0,1
869.676950698,0,1,1
869.676951216,1,1,1
869.815648212,1,0,1
869.815648646,1,0,0
869.815649728,0,0,0
869.954376522,0,0,1
869.954376698,0,1,1
869.954378266,1,1,1
870.093074480,1,1,0
870.093075274,1,0,0
870.093075840,0,0,0
870.231770760,0,1,0
870.231771418,0,1,1
870.231773442,1,1,1
870.370469338,1,0,1
870.370470314,1,0,0
870.370472018,0,0,0
870.509168188,0,0,1
870.509168822,0,1,1
870.509169494,1,1,1
870.647866148,1,1,0
870.647866336,1,0,0
870.647868130,0,0,0
870.786563086,0,0,1
870.786564882,0,1,1
870.786565670,1,1,1
870.925261982,1,1,0
870.925262336,1,0,0
870.925263180,0,0,0
871.063988920,0,0,1
871.063990882,0,1,1
871.063991784,1,1,1
871.202688460,1,0,1
871.202689878,1,0,0
871.202690356,0,0,0
871.341417754,0,0,1
871.341417944,0,1,1
871.341418896,1,1,1
871.480144776,1,1,0
871.480145520,1,0,0
871.480147406,0,0,0
871.618872588,0,0,1
871.618873068,0,1,1
871.618875010,1,1,1
871.757601484,1,1,0
871.757601520,1,0,0
871.757603520,0,0,0
871.896300422,0,0,1
871.896301068,0,1,1
871.896302124,1,1,1
872.034997380,1,1,0
872.034997518,1,0,0
872.034999696,0,0,0
872.173696130,0,1,0
872.173697320,0,1,1
872.173698174,1,1,1
872.312394214,1,1,0
872.312394706,1,0,0
872.312395810,0,0,0
872.451091152,0,0,1
872.451092128,0,1,1
872.451093350,1,1,1
872.589820706,1,0,1
872.589821110,1,0,0
872.589821924,0,0,0
872.728517986,0,0,1
872.728519190,0,1,1
872.728520464,1,1,1
872.867216704,1,0,1
872.867216882,1,0,0
872.867218036,0,0,0
873.005914820,0,0,1
873.005915314,0,1,1
873.005915516,1,1,1
873.144610778,1,1,0
873.144611830,1,0,0
873.144614088,0,0,0
873.283310314,0,1,0
873.283310654,0,1,1
873.283311692,1,1,1
873.422007550,1,1,0
873.422007890,1,0,0
873.422010264,0,0,0
873.560706374,0,1,0
873.560706488,0,1,1
873.560707744,1,1,1
873.699433952,1,0,1
873.699435384,1,0,0
873.699436378,0,0,0
873.838131384,0,0,1
873.838132436,0,1,1
873.838133918,1,1,1
873.976831014,1,0,1
873.976832280,1,0,0
873.976832490,0,0,0
874.115528216,0,0,1
874.115528436,0,1,1
874.115530032,1,1,1
874.254226014,1,0,1
874.254226114,1,0,0
874.254227604,0,0,0
874.392924498,0,1,0
874.392925052,0,1,1
874.392926146,1,1,1
874.531622076,1,0,1
874.531623010,1,0,0
874.531623718,0,0,0
874.670319886,0,0,1
874.670321558,0,1,1
874.670322322,1,1,1
874.809016780,1,1,0
874.809017074,1,0,0
874.809019894,0,0,0
874.947716686,0,1,0
874.947716718,0,1,1
874.947717374,1,1,1
875.086413676,1,1,0
875.086415198,1,0,0
875.086415946,0,0,0
875.225143554,0,0,1
875.225143682,0,1,1
875.225144484,1,1,1
875.363841196,1,0,1
875.363841510,1,0,0
875.363842120,0,0,0
875.502537448,0,0,1
875.502537744,0,1,1
875.502539598,1,1,1
875.641236344,1,1,0
875.641237196,1,0,0
875.641238172,0,0,0
875.779933094,0,0,1
875.779934742,0,1,1
875.779935712,1,1,1
875.918632178,1,1,0
875.918633382,1,0,0
875.918634284,0,0,0
876.057330804,0,1,0
876.057331116,0,1,1
876.057331888,1,1,1
876.196027382,1,0,1
876.196029010,1,0,0
876.196029398,0,0,0
876.334756948,0,0,1
876.334757052,0,1,1
876.334758002,1,1,1
876.473454442,1,0,1
876.473454908,1,0,0
876.473456574,0,0,0
876.612152928,0,1,0
876.612153782,0,1,1
876.612154050,1,1,1
876.750850740,1,1,0
876.750851440,1,0,0
876.750852686,0,0,0
876.889578926,0,1,0
876.889579616,0,1,1
876.889580164,1,1,1
877.028306502,1,0,1
877.028307574,1,0,0
877.028308800,0,0,0
877.167005510,0,0,1
877.167006050,0,1,1
877.167007402,1,1,1
877.305703564,1,0,1
877.305704406,1,0,0
877.305704910,0,0,0
877.444401282,0,0,1
877.444402048,0,1,1
877.444403454,1,1,1
877.583099240,1,1,0
877.583099626,1,0,0
877.583101026,0,0,0
877.721797176,0,0,1
877.721798110,0,1,1
877.721798566,1,1,1
877.860494686,1,0,1
877.860496072,1,0,0
877.860497138,0,0,0
877.999193012,0,0,1
877.999193172,0,1,1
877.999194680,1,1,1
878.137920968,1,1,0
878.137921686,1,0,0
878.137923250,0,0,0
878.276619232,0,1,0
878.276620792,1,1,0
878.276620844,1,1,1
878.415317748,1,0,1
878.415317802,1,0,0
878.415319364,0,0,0
878.554015294,0,1,0
878.554015678,0,1,1
878.554016966,1,1,1
878.692713572,1,1,0
878.692713808,1,0,0
878.692715476,0,0,0
878.831411294,0,1,0
878.831411574,0,1,1
878.831413018,1,1,1
878.970108870,1,0,1
878.970109470,1,0,0
878.970110654,0,0,0
879.108837344,0,0,1
879.108838354,0,1,1
879.108839130,1,1,1
879.247535366,1,1,0
879.247536870,1,0,0
879.247537766,0,0,0
879.386264480,0,1,0
879.386265240,0,1,1
879.386266244,1,1,1
879.525022200,1,1,0
879.525024816,0,1,0
879.525024994,0,0,0
879.663721074,0,0,1
879.663721414,0,1,1
879.663722356,1,1,1
879.802418992,1,0,1
879.802419970,1,0,0
879.802420930,0,0,0
879.941147538,0,1,0
879.941148906,0,1,1
879.941149470,1,1,1
880.079876802,1,1,0
880.079877054,1,0,0
880.079878106,0,0,0
880.218604740,0,0,1
880.218605600,0,1,1
880.218606582,1,1,1
880.357302114,1,0,1
880.357303698,1,0,0
880.357304154,0,0,0
880.495999598,0,1,0
880.496000574,0,1,1
880.496001756,1,1,1
880.634698612,1,0,1
880.634699530,1,0,0
880.634700268,0,0,0
880.773395470,0,0,1
880.773395660,0,1,1
880.773397808,1,1,1
880.912093364,1,1,0
880.912095238,1,0,0
880.912096442,0,0,0
881.050792722,0,1,0
881.050793302,0,1,1
881.050793984,1,1,1
881.189521198,1,1,0
881.189521234,1,0,0
881.189522558,0,0,0
881.328217782,0,1,0
881.328219136,0,1,1
881.328220096,1,1,1
881.466947358,1,0,1
881.466948092,1,0,0
881.466948608,0,0,0
881.605644782,0,1,0
881.605645030,0,1,1
881.605647210,1,1,1
881.744403296,1,0,1
881.744404926,1,0,0
881.744405782,0,0,0
881.883100842,0,1,0
881.883101802,0,1,1
881.883103322,1,1,1
882.021800418,1,0,1
882.021800760,1,0,0
882.021801832,0,0,0
882.160527904,0,1,0
882.160528696,0,1,1
882.160530436,1,1,1
882.299226480,1,0,1
882.299226528,1,0,0
882.299228008,0,0,0
882.437923530,0,0,1
882.437924964,0,1,1
882.437925486,1,1,1
882.576622426,1,1,0
882.576622542,1,0,0
882.576624120,0,0,0
882.715319464,0,1,0
882.715321362,0,1,1
882.715321722,1,1,1
882.854018258,1,1,0
882.854019604,1,0,0
882.854020172,0,0,0
882.992716696,0,0,1
882.992717088,0,1,1
882.992717774,1,1,1
883.131413154,1,1,0
883.131414664,1,0,0
883.131415348,0,0,0
883.270111030,0,0,1
883.270113148,0,1,1
883.270113886,1,1,1
883.408809924,1,1,0
883.408810662,1,0,0
883.408811460,0,0,0
883.547537862,0,0,1
883.547539210,0,1,1
883.547540000,1,1,1
883.686234820,1,1,0
883.686236662,1,0,0
883.686237574,0,0,0
883.824934208,0,1,0
883.824934694,0,1,1
883.824936112,1,1,1
883.963631784,1,0,1
883.963632652,1,0,0
883.963633686,0,0,0
884.102330592,0,0,1
884.102331270,0,1,1
884.102332226,1,1,1
884.241058784,1,0,1
884.241059486,1,0,0
884.241060800,0,0,0
884.379757332,0,1,0
884.379757424,0,1,1
884.379758404,1,1,1
884.518484320,1,1,0
884.518485844,1,0,0
884.518486912,0,0,0
884.657183258,0,0,1
884.657183392,0,1,1
884.657184516,1,1,1
884.795880906,1,0,1
884.795882152,1,0,0
884.795883086,0,0,0
884.934579088,0,0,1
884.934579390,0,1,1
884.934580564,1,1,1
885.073307968,1,0,1
885.073309048,1,0,0
885.073309136,0,0,0
885.212005452,0,1,0
885.212005922,0,1,1
885.212006740,1,1,1
885.350701880,1,1,0
885.350702966,1,0,0
885.350705250,0,0,0
885.489431756,0,0,1
885.489432512,0,1,1
885.489433854,1,1,1
885.628129714,1,1,0
885.628130028,1,0,0
885.628131364,0,0,0
885.766826512,0,1,0
885.766827588,0,1,1
885.766828904,1,1,1
885.905525546,1,1,0
885.905526088,1,0,0
885.905527540,0,0,0
886.044224486,0,0,1
886.044224636,0,1,1
886.044225080,1,1,1
886.182922088,1,0,1
886.182923442,1,0,0
886.182923652,0,0,0
886.321650634,0,1,0
886.321651316,0,1,1
886.321652194,1,1,1
886.460347212,1,0,1
886.460348276,1,0,0
886.460349702,0,0,0
886.599045902,0,0,1
886.599046696,0,1,1
886.599047306,1,1,1
886.737743272,1,0,1
886.737745108,1,0,0
886.737745878,0,0,0
886.876441758,0,1,0
886.876441986,0,1,1
886.876443420,1,1,1
887.015170272,1,0,1
887.015170942,1,0,0
887.015171992,0,0,0
887.153867756,0,1,0
887.153867818,0,1,1
887.153869532,1,1,1
887.292565776,1,1,0
887.292566396,1,0,0
887.292568104,0,0,0
887.431263650,0,0,1
887.431263882,0,1,1
887.431265644,1,1,1
887.569961670,1,1,0
887.569962394,1,0,0
887.569964218,0,0,0
887.708660484,0,0,1
887.708660880,0,1,1
887.708661756,1,1,1
887.847389394,1,0,1
887.847389504,1,0,0
887.847390330,0,0,0
887.986086380,0,0,1
887.986086940,0,1,1
887.986087870,1,1,1
888.124783454,1,0,1
888.124785276,1,0,0
888.124786506,0,0,0
888.263513940,0,1,0
888.263514212,0,1,1
888.263514982,1,1,1
888.402211046,1,1,0
888.402211518,1,0,0
888.402212554,0,0,0
888.540908044,0,0,1
888.540908062,0,1,1
888.540910096,1,1,1
888.679607516,1,0,1
888.679608004,1,0,0
888.679608668,0,0,0
888.818303940,0,0,1
888.818305062,0,1,1
888.818306208,1,1,1
888.957003576,1,0,1
888.957003774,1,0,0
888.957004782,0,0,0
889.095730124,0,1,0
889.095730772,0,1,1
889.095732320,1,1,1
889.234429200,1,0,1
889.234429730,1,0,0
889.234430894,0,0,0
889.373125606,0,0,1
889.373126184,0,1,1
889.373128436,1,1,1
889.511825502,1,1,0
889.511825700,1,0,0
889.511827006,0,0,0
889.650523182,0,1,0
889.650523500,0,1,1
889.650524546,1,1,1
889.789251334,1,1,0
889.789251822,1,0,0
889.789253120,0,0,0
889.927949272,0,0,1
889.927949306,0,1,1
889.927950660,1,1,1
890.066646820,1,0,1
890.066648228,1,0,0
890.066649232,0,0,0
890.205344368,0,1,0
890.205345604,0,1,1
890.205346774,1,1,1
890.344042882,1,0,1
890.344044062,1,0,0
890.344044344,0,0,0
890.482740430,0,1,0
890.482742936,0,1,1
890.482742948,1,1,1
890.621438944,1,0,1
890.621439894,1,0,0
890.621440520,0,0,0
890.760167490,0,1,0
890.760168768,0,1,1
890.760168998,1,1,1
890.898864942,1,0,1
890.898865728,1,0,0
890.898867634,0,0,0
891.037563490,0,1,0
891.037563664,0,1,1
891.037565112,1,1,1
891.176261004,1,0,1
891.176261560,1,0,0
891.176262748,0,0,0
891.314959434,0,0,1
891.314960550,0,1,1
891.314961286,1,1,1
891.453657128,1,0,1
891.453657456,1,0,0
891.453658860,0,0,0
891.592356330,0,0,1
891.592356550,0,1,1
891.592357338,1,1,1
891.731053226,1,1,0
891.731054126,1,0,0
891.731054972,0,0,0
891.869749674,0,1,0
891.869752164,0,1,1
891.869752512,1,1,1
892.008449058,1,1,0
892.008450126,1,0,0
892.008451084,0,0,0
892.147146672,0,1,0
892.147148058,0,1,1
892.147148626,1,1,1
892.285875954,1,1,0
892.285876248,1,0,0
892.285877198,0,0,0
892.424572734,0,1,0
892.424573892,0,1,1
892.424574738,1,1,1
892.563271786,1,1,0
892.563272246,1,0,0
892.563273312,0,0,0
892.701968794,0,1,0
892.701969662,0,1,1
892.701970850,1,1,1
892.840667620,1,1,0
892.840668308,1,0,0
892.840669422,0,0,0
892.979365558,0,0,1
892.979365856,0,1,1
892.979366962,1,1,1
893.118094432,1,0,1
893.118094452,1,0,0
893.118095536,0,0,0
893.256822388,0,0,1
893.256823854,0,1,1
893.256824014,1,1,1
893.395520286,1,1,0
893.395520430,1,0,0
893.395521710,0,0,0
893.534218158,0,0,1
893.534218164,0,1,1
893.534220252,1,1,1
893.672915554,1,1,0
893.672916430,1,0,0
893.672917762,0,0,0
893.811613054,0,0,1
893.811613976,0,1,1
893.811615302,1,1,1
893.950312490,1,0,1
893.950312950,1,0,0
893.950313936,0,0,0
894.089040886,0,0,1
894.089040974,0,1,1
894.089042412,1,1,1
894.227768782,1,1,0
894.227769614,1,0,0
894.227771048,0,0,0
894.366466720,0,0,1
894.366467098,0,1,1
894.366468526,1,1,1
894.505164612,1,0,1
894.505164676,1,0,0
894.505166098,0,0,0
894.643862614,0,0,1
894.643863158,0,1,1
894.643864638,1,1,1
894.782560672,1,0,1
894.782561510,1,0,0
894.782562210,0,0,0
894.921258448,0,0,1
894.921260156,0,1,1
894.921260750,1,1,1
895.059985734,1,0,1
895.059986342,1,0,0
895.059988386,0,0,0
895.198685216,0,1,0
895.198686216,0,1,1
895.198686862,1,1,1
895.337383174,1,1,0
895.337383732,1,0,0
895.337384434,0,0,0
895.476080216,0,1,0
895.476082112,0,1,1
895.476083038,1,1,1
895.614809792,1,0,1
895.614810008,1,0,0
895.614811546,0,0,0
895.753537278,0,1,0
895.753537944,0,1,1
895.753539150,1,1,1
895.892234854,1,0,1
895.892236838,1,0,0
895.892237660,0,0,0
896.030933776,0,0,1
896.030934400,0,1,1
896.030935202,1,1,1
896.169631736,1,1,0
896.169631852,1,0,0
896.169633772,0,0,0
896.308329398,0,1,0
896.308329672,0,1,1
896.308331374,1,1,1
896.447026976,1,0,1
896.447028566,1,0,0
896.447028884,0,0,0
896.585725396,0,1,0
896.585725504,0,1,1
896.585727426,1,1,1
896.724422972,1,0,1
896.724423398,1,0,0
896.724424996,0,0,0
896.863152274,0,0,1
896.863152520,0,1,1
896.863153536,1,1,1
897.001849232,1,1,0
897.001850032,1,0,0
897.001851174,0,0,0
897.140577168,0,0,1
897.140578580,0,1,1
897.140579650,1,1,1
897.279277094,1,0,1
897.279277126,1,0,0
897.279278222,0,0,0
897.417974000,0,0,1
897.417975578,0,1,1
897.417975822,1,1,1
897.556672154,1,0,1
897.556673958,1,0,0
897.556674334,0,0,0
897.695370702,0,1,0
897.695370830,0,1,1
897.695371872,1,1,1
897.834098652,1,0,1
897.834099788,1,0,0
897.834100508,0,0,0
897.972795698,0,1,0
897.972797726,0,1,1
897.972797986,1,1,1
898.111495214,1,0,1
898.111495622,1,0,0
898.111496620,0,0,0
898.250222698,0,1,0
898.250223558,0,1,1
898.250225096,1,1,1
898.388920514,1,1,0
898.388921274,1,0,0
898.388922668,0,0,0
898.527618328,0,0,1
898.527618758,0,1,1
898.527620270,1,1,1
898.666317284,1,1,0
898.666317334,1,0,0
898.666318844,0,0,0
898.805014222,0,0,1
898.805015818,0,1,1
898.805016320,1,1,1
898.943713394,1,0,1
898.943714116,1,0,0
898.943714956,0,0,0
899.082409864,0,0,1
899.082411942,0,1,1
899.082412494,1,1,1
899.221107392,1,0,1
899.221109010,1,0,0
899.221110066,0,0,0
899.359806884,0,0,1
899.359806938,0,1,1
899.359808544,1,1,1
899.498503840,1,1,0
899.498504514,1,0,0
899.498506178,0,0,0
899.637202714,0,0,1
899.637202998,0,1,1
899.637204718,1,1,1
899.775900672,1,1,0
899.775901512,1,0,0
899.775902226,0,0,0
899.914598058,0,1,0
899.914598610,0,1,1
899.914599830,1,1,1
900.053296504,1,1,0
900.053297572,1,0,0
900.053298400,0,0,0
900.191994380,0,0,1
900.191995120,0,1,1
900.191995942,1,1,1
900.330691336,1,1,0
900.330691570,1,0,0
900.330693512,0,0,0
900.469420178,0,1,0
900.469421212,0,1,1
900.469422054,1,1,1
900.608119630,1,0,1
900.608120166,1,0,0
900.608120562,0,0,0
900.746817104,0,0,1
900.746817114,0,1,1
900.746818162,1,1,1
900.885575690,1,0,1
900.885576000,1,0,0
900.885577672,0,0,0
901.024273236,0,1,0
901.024273938,0,1,1
901.024275212,1,1,1
901.162970812,1,0,1
901.162970894,1,0,0
901.162972848,0,0,0
901.301669768,0,0,1
901.301670234,0,1,1
901.301671386,1,1,1
901.440366724,1,1,0
901.440367748,1,0,0
901.440368958,0,0,0
901.579065294,0,1,0
901.579066660,0,1,1
901.579067496,1,1,1
901.717793808,1,0,1
901.717794556,1,0,0
901.717795006,0,0,0
901.856492292,0,1,0
901.856492430,0,1,1
901.856493608,1,1,1
901.995189388,1,1,0
901.995189868,1,0,0
901.995191178,0,0,0
902.133888262,0,0,1
902.133888414,0,1,1
902.133889718,1,1,1
902.272585218,1,1,0
902.272585990,1,0,0
902.272587290,0,0,0
902.411283154,0,0,1
902.411283412,0,1,1
902.411284894,1,1,1
902.549981986,1,0,1
902.549982112,1,0,0
902.549983464,0,0,0
902.688679534,0,1,0
902.688679986,0,1,1
902.688680878,1,1,1
902.827407880,1,1,0
902.827407984,1,0,0
902.827409512,0,0,0
902.966106532,0,1,0
902.966106816,0,1,1
902.966108114,1,1,1
903.104802712,1,1,0
903.104804106,1,0,0
903.104805626,0,0,0
903.243501590,0,1,0
903.243502648,0,1,1
903.243503162,1,1,1
903.382230604,1,1,0
903.382231166,1,0,0
903.382231734,0,0,0
903.520957478,0,0,1
903.520958650,0,1,1
903.520960274,1,1,1
903.659657434,1,1,0
903.659658162,1,0,0
903.659658908,0,0,0
903.798385310,0,0,1
903.798385648,0,1,1
903.798386384,1,1,1
903.937113286,1,0,1
903.937113330,1,0,0
903.937115018,0,0,0
904.075812140,0,0,1
904.075812706,0,1,1
904.075813496,1,1,1
904.214540098,1,1,0
904.214540282,1,0,0
904.214542130,0,0,0
904.353237766,0,1,0
904.353238970,0,1,1
904.353239606,1,1,1
904.491934928,1,1,0
904.491935342,1,0,0
904.491937178,0,0,0
904.630633826,0,1,0
904.630634864,0,1,1
904.630635780,1,1,1
904.769331402,1,0,1
904.769331822,1,0,0
904.769333288,0,0,0
904.908030694,0,0,1
904.908030886,0,1,1
904.908031892,1,1,1
905.046757590,1,1,0
905.046758398,1,0,0
905.046760462,0,0,0
905.185455944,0,1,0
905.185456526,0,1,1
905.185457938,1,1,1
905.324184458,1,0,1
905.324185420,1,0,0
905.324186574,0,0,0
905.462883358,0,0,1
905.462883942,0,1,1
905.462884050,1,1,1
905.601610518,1,0,1
905.601611252,1,0,0
905.601612682,0,0,0
905.740310188,0,0,1
905.740311000,0,1,1
905.740311222,1,1,1
905.879007576,1,0,1
905.879008144,1,0,0
905.879008734,0,0,0
906.017704080,0,0,1
906.017705060,0,1,1
906.017706334,1,1,1
906.156431974,1,1,0
906.156433574,1,0,0
906.156434906,0,0,0
906.295132120,0,1,0
906.295132286,0,1,1
906.295133444,1,1,1
906.433859632,1,0,1
906.433860806,1,0,0
906.433862016,0,0,0
906.572558178,0,1,0
906.572558742,0,1,1
906.572559494,1,1,1
906.711255692,1,0,1
906.711255698,1,0,0
906.711257126,0,0,0
906.849984174,0,1,0
906.849984572,0,1,1
906.849985666,1,1,1
906.988681752,1,0,1
906.988683528,1,0,0
906.988684238,0,0,0
907.127411234,0,1,0
907.127412402,0,1,1
907.127412776,1,1,1
907.266138360,1,1,0
907.266138810,1,0,0
907.266140348,0,0,0
907.404837296,0,0,1
907.404838294,0,1,1
907.404838888,1,1,1
907.543565806,1,0,1
907.543566188,1,0,0
907.543567396,0,0,0
907.682263354,0,1,0
907.682264126,0,1,1
907.682264998,1,1,1
907.820991802,1,0,1
907.820992020,1,0,0
907.820993506,0,0,0
907.959688956,0,0,1
907.959689348,0,1,1
907.959691046,1,1,1
908.098416862,1,0,1
908.098417850,1,0,0
908.098419680,0,0,0
908.237115722,0,0,1
908.237117408,0,1,1
908.237118156,1,1,1
908.375813680,1,1,0
908.375813920,1,0,0
908.375815790,0,0,0
908.514541554,0,0,1
908.514543468,0,1,1
908.514544328,1,1,1
908.653270510,1,1,0
908.653270982,1,0,0
908.653272900,0,0,0
908.791967526,0,1,0
908.791968448,0,1,1
908.791970440,1,1,1
908.930696978,1,0,1
908.930697342,1,0,0
908.930699012,0,0,0
909.069396278,0,0,1
909.069396586,0,1,1
909.069397550,1,1,1
909.208093234,1,1,0
909.208094100,1,0,0
909.208095122,0,0,0
909.346790584,0,1,0
909.346792108,0,1,1
909.346792660,1,1,1
909.485490002,1,1,0
909.485490158,1,0,0
909.485491230,0,0,0
909.624187000,0,0,1
909.624187642,0,1,1
909.624188772,1,1,1
909.762884832,1,1,0
909.762885218,1,0,0
909.762887280,0,0,0
909.901612768,0,0,1
909.901615700,0,1,1
909.901615882,1,1,1
910.040310726,1,1,0
910.040311276,1,0,0
910.040313454,0,0,0
910.179008662,0,0,1
910.179009698,0,1,1
910.179010992,1,1,1
910.317737272,1,0,1
910.317738556,1,0,0
910.317739564,0,0,0
910.456434818,0,1,0
910.456436492,0,1,1
910.456438040,1,1,1
910.595194332,1,0,1
910.595194384,1,0,0
910.595196672,0,0,0
910.733892816,0,1,0
910.733893322,0,1,1
910.733894212,1,1,1
910.872592216,1,1,0
910.872592704,1,0,0
910.872592784,0,0,0
911.011288874,0,1,0
911.011290088,0,1,1
911.011290324,1,1,1
911.150048046,1,1,0
911.150048388,1,0,0
911.150049894,0,0,0
911.288743982,0,0,1
911.288744934,0,1,1
911.288747496,1,1,1
911.427443446,1,0,1
911.427443940,1,0,0
911.427444942,0,0,0
911.566141812,0,0,1
911.566141992,0,1,1
911.566143544,1,1,1
911.704838444,1,0,1
911.704838706,1,0,0
911.704841116,0,0,0
911.843538642,0,0,1
911.843539052,0,1,1
911.843539592,1,1,1
911.982234564,1,0,1
911.982234600,1,0,0
911.982237164,0,0,0
912.120932472,0,0,1
912.120933048,0,1,1
912.120934764,1,1,1
912.259631622,1,0,1
912.259632430,1,0,0
912.259633336,0,0,0
912.398329106,0,1,0
912.398330366,0,1,1
912.398330876,1,1,1
912.537027682,1,0,1
912.537028260,1,0,0
912.537029446,0,0,0
912.675725166,0,1,0
912.675726134,0,1,1
912.675726986,1,1,1
912.814423090,1,1,0
912.814423740,1,0,0
912.814424618,0,0,0
912.953120288,0,1,0
912.953122026,0,1,1
912.953123094,1,1,1
913.091818800,1,0,1
913.091819984,1,0,0
913.091820666,0,0,0
913.230547856,0,0,1
913.230548284,0,1,1
913.230549206,1,1,1
913.369244860,1,0,1
913.369244874,1,0,0
913.369246776,0,0,0
913.507944186,0,0,1
913.507945278,0,1,1
913.507945314,1,1,1
913.646639580,1,1,0
913.646640792,1,0,0
913.646642886,0,0,0
913.785339516,0,0,1
913.785340338,0,1,1
913.785341426,1,1,1
913.924036852,1,0,1
913.924037472,1,0,0
913.924038998,0,0,0
914.062734334,0,1,0
914.062735408,0,1,1
914.062736536,1,1,1
914.201433240,1,1,0
914.201433912,1,0,0
914.201435110,0,0,0
914.340130394,0,1,0
914.340131176,0,1,1
914.340132648,1,1,1
914.478830030,1,0,1
914.478830134,1,0,0
914.478831218,0,0,0
914.617527006,0,0,1
914.617527452,0,1,1
914.617528820,1,1,1
914.756225028,1,0,1
914.756225962,1,0,0
914.756226328,0,0,0
914.894952898,0,0,1
914.894954512,0,1,1
914.894954930,1,1,1
915.033652024,1,0,1
915.033652794,1,0,0
915.033653438,0,0,0
915.172349666,0,0,1
915.172350976,1,0,1
915.172351070,1,1,1
915.311046144,1,0,1
915.311046624,1,0,0
915.311048548,0,0,0
915.449744628,0,1,0
915.449745558,0,1,1
915.449747150,1,1,1
915.588442454,1,1,0
915.588444142,1,0,0
915.588444656,0,0,0
915.727171388,0,0,1
915.727171686,0,1,1
915.727173260,1,1,1
915.865870346,1,1,0
915.865871136,1,0,0
915.865871768,0,0,0
916.004567218,0,0,1
916.004567746,0,1,1
916.004569306,1,1,1
916.143265258,1,0,1
916.143266174,1,0,0
916.143266940,0,0,0
916.281963110,0,0,1
916.281964802,0,1,1
916.281965480,1,1,1
916.420662192,1,0,1
916.420662942,1,0,0
916.420663050,0,0,0
916.559358800,0,1,0
916.559359878,0,1,1
916.559360590,1,1,1
916.698057374,1,0,1
916.698058834,1,0,0
916.698059160,0,0,0
916.836755770,0,0,1
916.836755858,0,1,1
916.836756698,1,1,1
916.975482538,1,1,0
916.975483370,1,0,0
916.975485270,0,0,0
917.114181916,0,1,0
917.114182598,0,1,1
917.114183872,1,1,1
917.252879366,1,0,1
917.252880494,1,0,0
917.252881318,0,0,0
917.391576492,0,0,1
917.391576912,0,1,1
917.391578918,1,1,1
917.530275324,1,1,0
917.530276486,1,0,0
917.530277490,0,0,0
917.668973258,0,0,1
917.668974972,0,1,1
917.668975090,1,1,1
917.807702152,1,1,0
917.807702484,1,0,0
917.807703600,0,0,0
917.946399088,0,0,1
917.946400028,0,1,1
917.946401138,1,1,1
918.085097044,1,1,0
918.085098604,1,0,0
918.085099708,0,0,0
918.223795024,0,1,0
918.223795978,0,1,1
918.223797248,1,1,1
918.362493600,1,0,1
918.362493874,1,0,0
918.362495882,0,0,0
918.501191084,0,1,0
918.501191810,0,1,1
918.501193420,1,1,1
918.639920658,1,0,1
918.639920702,1,0,0
918.639921928,0,0,0
918.778617140,0,1,0
918.778618138,0,1,1
918.778619466,1,1,1
918.917316716,1,0,1
918.917318038,0,0,1
918.917318594,0,0,0
919.056043468,0,0,1
919.056045262,0,1,1
919.056046578,1,1,1
919.194742838,1,0,1
919.194743362,1,0,0
919.194744148,0,0,0
919.333439298,0,0,1
919.333440320,0,1,1
919.333441688,1,1,1
919.472138834,1,0,1
919.472139252,1,0,0
919.472140258,0,0,0
919.610837126,0,0,1
919.610837316,0,1,1
919.610837796,1,1,1
919.749564084,1,1,0
919.749565828,1,0,0
919.749566368,0,0,0
919.888262018,0,0,1
919.888262312,0,1,1
919.888263970,1,1,1
920.026960888,1,0,1
920.026960912,1,0,0
920.026962540,0,0,0
920.165658432,0,1,0
920.165658848,0,1,1
920.165660018,1,1,1
920.304356946,1,0,1
920.304357742,1,0,0
920.304358588,0,0,0
920.443086492,0,1,0
920.443086678,0,1,1
920.443087188,1,1,1
920.581782004,1,0,1
920.581783572,1,0,0
920.581784698,0,0,0
920.720479506,0,0,1
920.720480550,0,1,1
920.720482236,1,1,1
920.859179464,1,1,0
920.859180000,1,0,0
920.859180870,0,0,0
920.997877336,0,0,1
920.997877546,0,1,1
920.997878346,1,1,1
921.136575122,1,0,1
921.136575232,1,0,0
921.136576918,0,0,0
921.275272542,0,1,0
921.275273166,0,1,1
921.275274516,1,1,1
921.413969122,1,1,0
921.413970116,1,0,0
921.413972088,0,0,0
921.552668996,0,0,1
921.552669600,0,1,1
921.552670628,1,1,1
921.691365952,1,1,0
921.691367176,1,0,0
921.691368136,0,0,0
921.830063824,0,0,1
921.830065722,0,1,1
921.830066738,1,1,1
921.968823780,1,1,0
921.968824234,1,0,0
921.968825308,0,0,0
922.107520654,0,1,0
922.107521716,0,1,1
922.107522848,1,1,1
922.246219292,1,0,1
922.246220610,1,0,0
922.246221356,0,0,0
922.384916774,0,1,0
922.384917734,0,1,1
922.384918958,1,1,1
922.523615288,1,0,1
922.523616440,1,0,0
922.523617528,0,0,0
922.662343832,0,1,0
922.662344314,0,1,1
922.662345004,1,1,1
922.801042268,1,1,0
922.801042346,1,0,0
922.801043576,0,0,0
922.939770828,0,1,0
922.939771204,0,1,1
922.939772176,1,1,1
923.078498098,1,1,0
923.078498404,1,0,0
923.078500748,0,0,0
923.217196886,0,1,0
923.217197096,0,1,1
923.217198222,1,1,1
923.355892926,1,1,0
923.355894462,1,0,0
923.355895796,0,0,0
923.494591862,0,0,1
923.494592946,0,1,1
923.494594396,1,1,1
923.633321818,1,1,0
923.633322520,1,0,0
923.633322904,0,0,0
923.772017690,0,0,1
923.772019002,0,1,1
923.772020442,1,1,1
923.910717578,1,0,1
923.910717584,1,0,0
923.910719076,0,0,0
924.049414062,0,1,0
924.049415582,0,1,1
924.049416614,1,1,1
924.188174476,1,1,0
924.188174572,1,0,0
924.188175186,0,0,0
924.326902056,0,1,0
924.326902412,0,1,1
924.326903662,1,1,1
924.465600630,1,0,1
924.465601306,1,0,0
924.465602234,0,0,0
924.604298176,0,1,0
924.604298180,0,1,1
924.604299834,1,1,1
924.742995136,1,1,0
924.742996690,1,0,0
924.742997342,0,0,0
924.881694172,0,1,0
924.881695070,0,1,1
924.881695882,1,1,1
925.020390964,1,1,0
925.020391748,1,0,0
925.020393516,0,0,0
925.159088900,0,0,1
925.159090230,0,1,1
925.159091992,1,1,1
925.297787854,1,1,0
925.297788742,1,0,0
925.297789562,0,0,0
925.436484728,0,0,1
925.436485288,0,1,1
925.436487102,1,1,1
925.575213800,1,0,1
925.575214622,1,0,0
925.575215672,0,0,0
925.713912620,0,0,1
925.713913282,0,1,1
925.713914210,1,1,1
925.852609796,1,0,1
925.852610452,1,0,0
925.852611844,0,0,0
925.991307950,0,0,1
925.991308342,0,1,1
925.991309320,1,1,1
926.130034916,1,0,1
926.130036342,1,0,0
926.130037954,0,0,0
926.268733398,0,1,0
926.268735216,0,1,1
926.268736492,1,1,1
926.407463172,1,1,0
926.407464912,1,0,0
926.407465002,0,0,0
926.546161456,0,1,0
926.546162106,0,1,1
926.546162602,1,1,1
926.684858968,1,0,1
926.684859000,1,0,0
926.684860112,0,0,0
926.823556514,0,1,0
926.823557936,0,1,1
926.823558650,1,1,1
926.962254890,1,1,0
926.962255026,1,0,0
926.962256220,0,0,0
927.100982762,0,0,1
927.100983574,0,1,1
927.100984758,1,1,1
927.239681656,1,1,0
927.239682022,1,0,0
927.239683330,0,0,0
927.378379594,0,0,1
927.378380566,0,1,1
927.378380930,1,1,1
927.517075484,1,1,0
927.517077080,1,0,0
927.517078502,0,0,0
927.655775420,0,0,1
927.655776624,0,1,1
927.655777040,1,1,1
927.794503136,1,0,1
927.794503376,1,0,0
927.794505612,0,0,0
927.933201682,0,1,0
927.933202248,0,1,1
927.933203150,1,1,1
928.071899204,1,1,0
928.071899256,1,0,0
928.071900722,0,0,0
928.210597740,0,1,0
928.210598140,0,1,1
928.210599260,1,1,1
928.349294252,1,0,1
928.349295032,1,0,0
928.349296828,0,0,0
928.487994798,0,1,0
928.487994904,0,1,1
928.487995368,1,1,1
928.626691308,1,0,1
928.626691860,1,0,0
928.626692938,0,0,0
928.765388796,0,0,1
928.765389792,0,1,1
928.765390540,1,1,1
928.904087304,1,0,1
928.904087750,1,0,0
928.904089048,0,0,0
929.042784560,0,0,1
929.042784850,0,1,1
929.042786588,1,1,1
929.181482578,1,1,0
929.181483424,1,0,0
929.181485160,0,0,0
929.320211390,0,0,1
929.320211844,0,1,1
929.320212696,1,1,1
929.458909344,1,1,0
929.458909482,1,0,0
929.458911268,0,0,0
929.597606902,0,1,0
929.597607280,0,1,1
929.597608868,1,1,1
929.736305236,1,1,0
929.736306476,1,0,0
929.736307376,0,0,0
929.875002960,0,1,0
929.875003172,0,1,1
929.875004914,1,1,1
930.013700064,1,1,0
930.013700534,1,0,0
930.013702488,0,0,0
930.152430000,0,0,1
930.152430266,0,1,1
930.152431026,1,1,1
930.291158590,1,0,1
930.291158892,1,0,0
930.291159656,0,0,0
930.429855764,0,0,1
930.429857012,0,1,1
930.429858134,1,1,1
930.568585648,1,0,1
930.568585720,1,0,0
930.568586706,0,0,0
930.707282654,0,0,1
930.707283194,0,1,1
930.707284242,1,1,1
930.845979548,1,1,0
930.845979642,1,0,0
930.845981814,0,0,0
930.984678124,0,1,0
930.984679420,0,1,1
930.984680352,1,1,1
931.123375376,1,1,0
931.123377698,1,0,0
931.123377986,0,0,0
931.262135244,0,1,0
931.262137248,0,1,1
931.262137460,1,1,1
931.400833204,1,1,0
931.400833818,1,0,0
931.400835092,0,0,0
931.539531138,0,0,1
931.539531238,0,1,1
931.539532568,1,1,1
931.678259814,1,0,1
931.678260032,1,0,0
931.678261138,0,0,0
931.816987966,0,0,1
931.816989296,0,1,1
931.816989678,1,1,1
931.955685870,1,0,1
931.955685922,1,0,0
931.955688248,0,0,0
932.094384354,0,1,0
932.094385794,0,1,1
932.094385848,1,1,1
932.233081750,1,1,0
932.233081866,1,0,0
932.233083358,0,0,0
932.371779684,0,0,1
932.371780410,0,1,1
932.371781894,1,1,1
932.510476578,1,1,0
932.510477984,1,0,0
932.510479528,0,0,0
932.649176404,0,1,0
932.649177450,0,1,1
932.649178066,1,1,1
932.787872978,1,0,1
932.787873406,1,0,0
932.787875574,0,0,0
932.926601460,0,1,0
932.926602276,0,1,1
932.926604176,1,1,1
933.065301036,1,0,1
933.065301232,1,0,0
933.065301684,0,0,0
933.203997518,0,1,0
933.203998104,0,1,1
933.204000220,1,1,1
933.342696030,1,0,1
933.342697124,1,0,0
933.342697854,0,0,0
933.481394056,0,0,1
933.481394576,0,1,1
933.481395392,1,1,1
933.620122088,1,0,1
933.620122888,1,0,0
933.620123900,0,0,0
933.758820632,0,1,0
933.758820822,0,1,1
933.758822500,1,1,1
933.897517716,1,1,0
933.897518208,1,0,0
933.897520008,0,0,0
934.036215650,0,0,1
934.036217610,1,0,1
934.036217626,1,1,1
934.174914200,1,0,1
934.174914606,1,0,0
934.174916178,0,0,0
934.313644478,0,0,1
934.313644716,1,0,1
934.313644746,1,1,1
934.452341194,1,0,1
934.452341434,1,0,0
934.452342286,0,0,0
934.591038740,0,1,0
934.591039368,0,1,1
934.591040826,1,1,1
934.729737254,1,0,1
934.729737260,1,0,0
934.729738458,0,0,0
934.868433006,0,0,1
934.868433796,0,1,1
934.868435932,1,1,1
935.007131246,1,0,1
935.007133088,1,0,0
935.007134504,0,0,0
935.145829854,0,1,0
935.145830022,0,1,1
935.145832104,1,1,1
935.284558916,1,1,0
935.284559366,1,0,0
935.284560612,0,0,0
935.423287848,0,1,0
935.423287852,0,1,1
935.423289148,1,1,1
935.562015742,1,1,0
935.562016422,1,0,0
935.562017720,0,0,0
935.700744904,0,1,0
935.700745678,0,1,1
935.700746256,1,1,1
935.839441478,1,0,1
935.839442572,1,0,0
935.839443764,0,0,0
935.978140898,0,1,0
935.978141506,0,1,1
935.978142364,1,1,1
936.116898398,1,1,0
936.116899534,1,0,0
936.116900872,0,0,0
936.255627016,0,1,0
936.255628396,0,1,1
936.255629410,1,1,1
936.394356528,1,0,1
936.394357226,1,0,0
936.394358042,0,0,0
936.533053224,0,0,1
936.533054010,0,1,1
936.533055582,1,1,1
936.671752460,1,0,1
936.671753116,1,0,0
936.671754086,0,0,0
936.810450050,0,0,1
936.810450066,0,1,1
936.810451688,1,1,1
936.949146944,1,1,0
936.949147640,1,0,0
936.949149256,0,0,0
937.087875878,0,0,1
937.087876122,0,1,1
937.087877794,1,1,1
937.226573708,1,1,0
937.226574696,1,0,0
937.226576366,0,0,0
937.365272642,0,0,1
937.365273180,0,1,1
937.365273902,1,1,1
937.504031598,1,1,0
937.504031690,1,0,0
937.504033472,0,0,0
937.642729534,0,0,1
937.642730174,0,1,1
937.642731072,1,1,1
937.781426426,1,1,0
937.781426746,1,0,0
937.781428580,0,0,0
937.920125230,0,1,0
937.920126296,0,1,1
937.920127116,1,1,1
938.058823252,1,1,0
938.058823804,1,0,0
938.058824688,0,0,0
938.197520348,0,1,0
938.197521188,0,1,1
938.197522226,1,1,1
938.336218860,1,0,1
938.336220142,1,0,0
938.336220796,0,0,0
938.474916342,0,1,0
938.474917014,0,1,1
938.474918334,1,1,1
938.613613906,1,1,0
938.613615790,1,0,0
938.613616966,0,0,0
938.752312210,0,1,0
938.752312840,0,1,1
938.752314442,1,1,1
938.891009796,1,1,0
938.891010910,1,0,0
938.891012012,0,0,0
939.029709454,0,1,0
939.029709668,0,1,1
939.029710550,1,1,1
939.168436624,1,1,0
939.168437966,1,0,0
939.168439118,0,0,0
939.307165496,0,0,1
939.307166510,0,1,1
939.307167656,1,1,1
939.445862960,1,0,1
939.445864450,1,0,0
939.445865226,0,0,0
939.584560442,0,1,0
939.584562384,0,1,1
939.584562764,1,1,1
939.723260340,1,1,0
939.723261078,1,0,0
939.723261334,0,0,0
939.861957560,0,1,0
939.861958212,0,1,1
939.861958870,1,1,1
940.000655074,1,0,1
940.000656166,1,0,0
940.000657442,0,0,0
940.139352616,0,1,0
940.139353038,0,1,1
940.139354978,1,1,1
940.278050190,1,0,1
940.278051308,1,0,0
940.278052548,0,0,0
940.416749610,0,1,0
940.416749866,0,1,1
940.416751086,1,1,1
940.555446820,1,1,0
940.555447184,1,0,0
940.555448656,0,0,0
940.694145754,0,0,1
940.694146728,0,1,1
940.694147192,1,1,1
940.832842490,1,0,1
940.832842646,1,0,0
940.832844762,0,0,0
940.971539784,0,1,0
940.971540518,0,1,1
940.971542300,1,1,1
941.110269472,1,1,0
941.110270296,1,0,0
941.110270870,0,0,0
941.248996776,0,1,0
941.248997408,0,1,1
941.248999408,1,1,1
941.387696288,1,0,1
941.387697300,1,0,0
941.387697978,0,0,0
941.526392834,0,1,0
941.526394234,0,1,1
941.526395576,1,1,1
941.665091128,1,1,0
941.665092344,1,0,0
941.665093084,0,0,0
941.803789888,0,1,0
941.803790062,0,1,1
941.803791622,1,1,1
941.942487400,1,0,1
941.942487952,1,0,0
941.942489190,0,0,0
942.081185824,0,0,1
942.081186882,0,1,1
942.081187730,1,1,1
942.219884456,1,0,1
942.219884780,1,0,0
942.219885298,0,0,0
942.358580938,0,1,0
942.358581714,0,1,1
942.358582836,1,1,1
942.497279668,1,1,0
942.497280512,1,0,0
942.497281406,0,0,0
942.636007478,0,0,1
942.636007932,0,1,1
942.636010006,1,1,1
942.774706434,1,1,0
942.774706506,1,0,0
942.774707514,0,0,0
942.913402368,0,0,1
942.913403050,0,1,1
942.913405050,1,1,1
943.052132324,1,1,0
943.052132624,1,0,0
943.052133682,0,0,0
943.190830044,0,1,0
943.190831194,0,1,1
943.190832220,1,1,1
943.329528150,1,1,0
943.329528556,1,0,0
943.329529728,0,0,0
943.468226020,0,0,1
943.468226098,0,1,1
943.468227266,1,1,1
943.606923672,1,0,1
943.606924976,1,0,0
943.606925836,0,0,0
943.745621910,0,0,1
943.745622154,0,1,1
943.745623372,1,1,1
943.884350728,1,0,1
943.884350926,1,0,0
943.884351942,0,0,0
944.023048148,0,1,0
944.023048736,0,1,1
944.023050542,1,1,1
944.161746628,1,1,0
944.161747720,1,0,0
944.161748050,0,0,0
944.300474204,0,1,0
944.300474500,0,1,1
944.300476586,1,1,1
944.439173454,1,1,0
944.439173776,1,0,0
944.439174156,0,0,0
944.577931258,0,1,0
944.577931390,0,1,1
944.577933694,1,1,1
944.716629344,1,1,0
944.716629832,1,0,0
944.716631262,0,0,0
944.855327216,0,0,1
944.855327314,0,1,1
944.855328800,1,1,1
944.994025108,1,1,0
944.994025888,1,0,0
944.994027432,0,0,0
945.132755042,0,0,1
945.132755432,0,1,1
945.132755908,1,1,1
945.271450880,1,0,1
945.271451998,1,0,0
945.271453540,0,0,0
945.410179426,0,1,0
945.410179870,0,1,1
945.410182014,1,1,1
945.548876936,1,0,1
945.548879584,0,0,1
945.548879824,0,0,0
945.687576418,0,1,0
945.687577008,0,1,1
945.687578122,1,1,1
945.826273992,1,0,1
945.826274588,1,0,0
945.826275754,0,0,0
945.964972474,0,1,0
945.964972522,0,1,1
945.964974230,1,1,1
946.103670048,1,0,1
946.103671476,1,0,0
946.103671862,0,0,0
946.242366412,0,0,1
946.242367530,0,1,1
946.242369338,1,1,1
946.381066304,1,1,0
946.381067102,1,0,0
946.381067906,0,0,0
946.519795584,0,1,0
946.519796238,0,1,1
946.519796444,1,1,1
946.658492128,1,1,0
946.658493158,1,0,0
946.658494078,0,0,0
946.797191064,0,0,1
946.797191640,0,1,1
946.797192550,1,1,1
946.935917956,1,1,0
946.935918152,1,0,0
946.935920182,0,0,0
947.074646828,0,0,1
947.074647634,0,1,1
947.074648658,1,1,1
947.213345270,1,0,1
947.213345782,1,0,0
947.213347228,0,0,0
947.352041688,0,1,0
947.352042716,0,1,1
947.352044764,1,1,1
947.490742260,1,0,1
947.490742608,1,0,0
947.490743334,0,0,0
947.629439480,0,0,1
947.629439742,0,1,1
947.629440870,1,1,1
947.768137318,1,0,1
947.768137498,1,0,0
947.768138504,0,0,0
947.906835430,0,0,1
947.906835798,0,1,1
947.906836978,1,1,1
948.045532310,1,0,1
948.045533260,1,0,0
948.045534546,0,0,0
948.184230792,0,1,0
948.184231194,0,1,1
948.184232084,1,1,1
948.322989148,1,1,0
948.322990302,1,0,0
948.322991652,0,0,0
948.461687082,0,0,1
948.461687908,0,1,1
948.461689190,1,1,1
948.600385418,1,0,1
948.600385974,1,0,0
948.600387822,0,0,0
948.739114848,0,0,1
948.739114900,0,1,1
948.739116298,1,1,1
948.877842474,1,0,1
948.877842800,1,0,0
948.877844868,0,0,0
949.016570736,0,0,1
949.016570956,0,1,1
949.016572464,1,1,1
949.155269528,1,0,1
949.155269628,1,0,0
949.155271036,0,0,0
949.293967124,0,0,1
949.293967948,0,1,1
949.293968572,1,1,1
949.432665454,1,1,0
949.432665522,1,0,0
949.432667142,0,0,0
949.571424128,0,1,0
949.571424386,0,1,1
949.571425616,1,1,1
949.710121576,1,0,1
949.710122280,1,0,0
949.710123248,0,0,0
949.848820120,0,1,0
949.848820212,0,1,1
949.848821784,1,1,1
949.987517106,1,1,0
949.987518694,1,0,0
949.987519354,0,0,0
950.126216040,0,0,1
950.126217174,0,1,1
950.126217892,1,1,1
950.264912994,1,1,0
950.264913686,1,0,0
950.264915462,0,0,0
950.403609926,0,0,1
950.403611168,0,1,1
950.403612998,1,1,1
950.542308740,1,0,1
950.542309820,1,0,0
950.542311568,0,0,0
950.681007222,0,1,0
950.681007690,0,1,1
950.681009102,1,1,1
950.819704732,1,0,1
950.819706646,1,0,0
950.819707672,0,0,0
950.958403578,0,0,1
950.958404276,0,1,1
950.958405210,1,1,1
951.097100850,1,0,1
951.097101472,1,0,0
951.097102778,0,0,0
951.235799332,0,1,0
951.235799406,0,1,1
951.235801316,1,1,1
951.374527842,1,0,1
951.374528360,1,0,0
951.374529886,0,0,0
951.513225230,0,0,1
951.513226386,0,1,1
951.513227484,1,1,1
951.651923122,1,1,0
951.651924084,1,0,0
951.651925054,0,0,0
951.790622056,0,0,1
951.790622378,0,1,1
951.790623528,1,1,1
951.929318952,1,0,1
951.929320012,1,0,0
951.929321098,0,0,0
952.068017496,0,1,0
952.068017946,0,1,1
952.068019634,1,1,1
952.206714774,1,1,0
952.206715944,1,0,0
952.206717266,0,0,0
952.345412426,0,1,0
952.345413708,0,1,1
952.345414742,1,1,1
952.484111664,1,1,0
952.484112062,1,0,0
952.484113374,0,0,0
952.622839534,0,0,1
952.622840542,0,1,1
952.622841848,1,1,1
952.761567552,1,1,0
952.761569052,1,0,0
952.761570416,0,0,0
952.900266534,0,1,0
952.900267734,0,1,1
952.900268018,1,1,1
953.038995170,1,0,1
953.038995314,1,0,0
953.038996524,0,0,0
953.177691590,0,1,0
953.177693250,0,1,1
953.177694124,1,1,1
953.316391100,1,0,1
953.316392142,1,0,0
953.316392628,0,0,0
953.455088646,0,1,0
953.455089012,0,1,1
953.455090166,1,1,1
953.593786216,1,0,1
953.593786966,1,0,0
953.593787796,0,0,0
953.732514698,0,1,0
953.732514838,0,1,1
953.732516272,1,1,1
953.871213146,1,0,1
953.871213792,1,0,0
953.871214904,0,0,0
954.009941664,0,0,1
954.009941752,0,1,1
954.009943378,1,1,1
954.148638680,1,1,0
954.148640262,1,0,0
954.148640948,0,0,0
954.287368552,0,0,1
954.287368806,0,1,1
954.287369546,1,1,1
954.426065256,1,0,1
954.426065442,1,0,0
954.426067052,0,0,0
954.564764798,0,1,0
954.564765314,0,1,1
954.564765590,1,1,1
954.703461270,1,1,0
954.703462372,1,0,0
954.703463222,0,0,0
954.842159852,0,1,0
954.842160202,0,1,1
954.842161696,1,1,1
954.980857362,1,0,1
954.980858156,1,0,0
954.980859326,0,0,0
955.119555908,0,1,0
955.119556028,0,1,1
955.119556864,1,1,1
955.258283416,1,0,1
955.258283982,1,0,0
955.258285432,0,0,0
955.396981852,0,0,1
955.396981898,0,1,1
955.396983906,1,1,1
955.535680472,1,0,1
955.535680806,1,0,0
955.535681538,0,0,0
955.674376016,0,1,0
955.674377680,0,1,1
955.674379138,1,1,1
955.813105526,1,0,1
955.813106570,1,0,0
955.813107644,0,0,0
955.951804444,0,1,0
955.951804502,0,1,1
955.951806180,1,1,1
956.090532518,1,0,1
956.090533458,1,0,0
956.090534750,0,0,0
956.229231062,0,1,0
956.229231330,0,1,1
956.229232286,1,1,1
956.367927572,1,0,1
956.367928282,1,0,0
956.367929918,0,0,0
956.506627154,0,0,1
956.506627178,0,1,1
956.506628394,1,1,1
956.645324626,1,0,1
956.645325170,1,0,0
956.645325960,0,0,0
956.784022980,0,0,1
956.784024106,0,1,1
956.784024560,1,1,1
956.922721678,1,0,1
956.922721932,1,0,0
956.922722004,0,0,0
957.061418160,0,1,0
957.061418868,0,1,1
957.061419602,1,1,1
957.200116734,1,0,1
957.200116756,1,0,0
957.200118236,0,0,0
957.338814278,0,1,0
957.338814692,0,1,1
957.338815772,1,1,1
957.477512788,1,0,1
957.477513582,1,0,0
957.477514278,0,0,0
957.616210206,0,1,0
957.616210518,0,1,1
957.616211814,1,1,1
957.754906778,1,0,1
957.754908408,1,0,0
957.754909446,0,0,0
957.893606342,0,0,1
957.893607322,0,1,1
957.893607920,1,1,1
958.032303894,1,0,1
958.032304296,1,0,0
958.032305490,0,0,0
958.171002002,0,1,0
958.171002166,0,1,1
958.171004026,1,1,1
958.309699888,1,0,1
958.309700058,1,0,0
958.309701596,0,0,0
958.448428992,0,0,1
958.448429430,0,1,1
958.448430132,1,1,1
958.587125878,1,0,1
958.587125944,1,0,0
958.587127700,0,0,0
958.725824484,0,1,0
958.725825816,0,1,1
958.725826238,1,1,1
958.864552994,1,0,1
958.864553770,1,0,0
958.864554806,0,0,0
959.003250476,0,1,0
959.003250704,0,1,1
959.003252406,1,1,1
959.141947048,1,0,1
959.141948596,1,0,0
959.141949912,0,0,0
959.280647530,0,1,0
959.280648510,1,1,0
959.280648530,1,1,1
959.419344040,1,0,1
959.419344484,1,0,0
959.419346082,0,0,0
959.558072354,0,0,1
959.558073584,0,1,1
959.558074556,1,1,1
959.696771094,1,0,1
959.696771246,1,0,0
959.696772186,0,0,0
959.835468574,0,1,0
959.835469242,0,1,1
959.835470722,1,1,1
959.974166148,1,0,1
959.974167070,1,0,0
959.974168230,0,0,0
960.112865004,0,0,1
960.112866692,0,1,1
960.112866766,1,1,1
960.251623894,1,1,0
960.251624202,1,0,0
960.251625336,0,0,0
960.390320684,0,1,0
960.390321830,0,1,1
960.390322872,1,1,1
960.529018782,1,1,0
960.529021256,1,0,0
960.529021440,0,0,0
960.667717674,0,1,0
960.667717716,0,1,1
960.667718978,1,1,1
960.806444248,1,0,1
960.806446608,1,0,0
960.806447608,0,0,0
960.945174478,0,0,1
960.945174728,0,1,1
960.945176082,1,1,1
961.083871300,1,0,1
961.083873434,1,0,0
961.083873652,0,0,0
961.222570782,0,1,0
961.222571304,0,1,1
961.222572250,1,1,1
961.361268258,1,1,0
961.361268354,1,0,0
961.361269758,0,0,0
961.499965834,0,1,0
961.499967128,0,1,1
961.499968294,1,1,1
961.638663082,1,1,0
961.638664408,1,0,0
961.638665862,0,0,0
961.777361888,0,1,0
961.777362140,0,1,1
961.777363464,1,1,1
961.916059400,1,0,1
961.916059906,1,0,0
961.916061968,0,0,0
962.054758778,0,0,1
962.054758942,0,1,1
962.054759508,1,1,1
962.193485794,1,1,0
962.193487452,1,0,0
962.193488076,0,0,0
962.332183934,0,1,0
962.332184666,0,1,1
962.332185610,1,1,1
962.470882444,1,0,1
962.470882558,1,0,0
962.470884242,0,0,0
962.609580490,0,0,1
962.609580986,0,1,1
962.609581780,1,1,1
962.748278622,1,0,1
962.748279444,1,0,0
962.748280288,0,0,0
962.886976040,0,1,0
962.886976316,0,1,1
962.886977886,1,1,1
963.025705270,1,1,0
963.025705612,1,0,0
963.025706518,0,0,0
963.164432092,0,1,0
963.164433140,0,1,1
963.164434990,1,1,1
963.303130094,1,1,0
963.303131666,1,0,0
963.303132560,0,0,0
963.441829026,0,0,1
963.441829148,0,1,1
963.441831034,1,1,1
963.580527232,1,1,0
963.580527658,1,0,0
963.580528666,0,0,0
963.719223852,0,0,1
963.719224138,0,1,1
963.719226264,1,1,1
963.857922744,1,1,0
963.857923772,1,0,0
963.857924834,0,0,0
963.996621192,0,1,0
963.996621676,0,1,1
963.996622308,1,1,1
964.135318632,1,1,0
964.135319766,1,0,0
964.135320876,0,0,0
964.274016502,0,0,1
964.274018244,0,1,1
964.274018414,1,1,1
964.412745456,1,1,0
964.412745754,1,0,0
964.412746982,0,0,0
964.551473264,0,0,1
964.551474298,0,1,1
964.551475520,1,1,1
964.690171808,1,0,1
964.690172218,1,0,0
964.690173026,0,0,0
964.828870214,0,0,1
964.828870352,0,1,1
964.828871624,1,1,1
964.967567862,1,0,1
964.967568044,1,0,0
964.967569194,0,0,0
965.106264976,0,0,1
965.106265406,0,1,1
965.106266730,1,1,1
965.244963916,1,0,1
965.244964930,1,0,0
965.244965300,0,0,0
965.383692396,0,1,0
965.383692802,0,1,1
965.383693898,1,1,1
965.522388970,1,0,1
965.522389692,1,0,0
965.522391406,0,0,0
965.661086688,0,0,1
965.661088512,0,1,1
965.661088940,1,1,1
965.799816024,1,0,1
965.799816516,1,0,0
965.799817512,0,0,0
965.938544442,0,1,0
965.938544514,0,1,1
965.938546046,1,1,1
966.077242076,1,0,1
966.077244468,1,0,0
966.077244676,0,0,0
966.215940274,0,0,1
966.215940556,0,1,1
966.215942152,1,1,1
966.354638068,1,0,1
966.354638230,1,0,0
966.354639722,0,0,0
966.493335548,0,1,0
966.493336162,0,1,1
966.493338320,1,1,1
966.632034120,1,0,1
966.632035116,1,0,0
966.632035888,0,0,0
966.770732288,0,1,0
966.770733986,0,1,1
966.770734362,1,1,1
966.909430174,1,0,1
966.909430942,1,0,0
966.909431932,0,0,0
967.048126812,0,0,1
967.048127654,0,1,1
967.048129468,1,1,1
967.186826164,1,0,1
967.186826828,1,0,0
967.186828036,0,0,0
967.325522636,0,0,1
967.325524708,0,1,1
967.325525572,1,1,1
967.464222216,1,0,1
967.464222590,1,0,0
967.464224204,0,0,0
967.602950522,0,0,1
967.602952678,1,0,1
967.602952760,1,1,1
967.741649334,1,0,1
967.741649414,1,0,0
967.741650248,0,0,0
967.880377348,0,0,1
967.880377750,0,1,1
967.880378782,1,1,1
968.019074238,1,1,0
968.019075324,1,0,0
968.019076352,0,0,0
968.157772804,0,1,0
968.157773172,0,1,1
968.157774950,1,1,1
968.296470314,1,0,1
968.296471064,1,0,0
968.296472518,0,0,0
968.435167856,0,1,0
968.435168996,0,1,1
968.435169992,1,1,1
968.573866886,1,1,0
968.573867430,1,0,0
968.573868560,0,0,0
968.712564820,0,0,1
968.712564848,0,1,1
968.712566160,1,1,1
968.851262546,1,0,1
968.851263774,1,0,0
968.851264728,0,0,0
968.989960332,0,0,1
968.989960902,0,1,1
968.989962264,1,1,1
969.128657598,1,1,0
969.128658474,1,0,0
969.128659770,0,0,0
969.267356016,0,1,0
969.267356468,0,1,1
969.267358368,1,1,1
969.406084526,1,0,1
969.406086422,1,0,0
969.406086938,0,0,0
969.544783006,0,1,0
969.544783294,0,1,1
969.544784472,1,1,1
969.683480246,1,1,0
969.683480578,1,0,0
969.683481980,0,0,0
969.822178060,0,1,0
969.822179180,0,1,1
969.822180578,1,1,1
969.960877072,1,1,0
969.960877570,1,0,0
969.960878146,0,0,0
970.099574112,0,1,0
970.099574942,0,1,1
970.099576682,1,1,1
970.238302894,1,1,0
970.238303560,1,0,0
970.238305250,0,0,0
970.377001164,0,1,0
970.377001766,0,1,1
970.377002788,1,1,1
970.515729674,1,0,1
970.515729720,1,0,0
970.515731292,0,0,0
970.654457652,0,0,1
970.654458218,0,1,1
970.654459954,1,1,1
970.793155666,1,0,1
970.793156920,1,0,0
970.793157460,0,0,0
970.931916208,0,1,0
970.931916476,0,1,1
970.931917058,1,1,1
971.070642718,1,0,1
971.070643430,1,0,0
971.070644564,0,0,0
971.209342262,0,1,0
971.209342364,0,1,1
971.209343100,1,1,1
971.348037770,1,0,1
971.348038192,1,0,0
971.348040606,0,0,0
971.486737124,0,0,1
971.486737252,0,1,1
971.486739204,1,1,1
971.625434824,1,0,1
971.625435078,1,0,0
971.625436774,0,0,0
971.764163366,0,1,0
971.764163950,0,1,1
971.764165310,1,1,1
971.902892876,1,0,1
971.902892904,1,0,0
971.902893878,0,0,0
972.041620356,0,1,0
972.041620836,0,1,1
972.041622414,1,1,1
972.180317866,1,0,1
972.180318728,1,0,0
972.180319982,0,0,0
972.319016408,0,1,0
972.319017596,0,1,1
972.319018520,1,1,1
972.457744550,1,1,0
972.457744918,1,0,0
972.457746088,0,0,0
972.596442484,0,0,1
972.596443462,0,1,1
972.596444622,1,1,1
972.735140438,1,1,0
972.735141034,1,0,0
972.735142192,0,0,0
972.873839308,0,0,1
972.873839578,0,1,1
972.873840726,1,1,1
973.012535260,1,1,0
973.012537026,1,0,0
973.012538294,0,0,0
973.151233442,0,1,0
973.151235130,0,1,1
973.151235894,1,1,1
973.289932078,1,0,1
973.289932084,1,0,0
973.289934398,0,0,0
973.428660558,0,1,0
973.428660956,0,1,1
973.428662996,1,1,1
973.567358908,1,1,0
973.567360068,1,0,0
973.567360566,0,0,0
973.706086778,0,0,1
973.706087672,0,1,1
973.706089102,1,1,1
973.844785120,1,0,1
973.844785732,1,0,0
973.844786668,0,0,0
973.983483664,0,1,0
973.983484664,0,1,1
973.983485142,1,1,1
974.122181234,1,0,1
974.122181556,1,0,0
974.122182772,0,0,0
974.260880490,0,0,1
974.260880654,0,1,1
974.260881310,1,1,1
974.399637380,1,1,0
974.399639226,1,0,0
974.399639878,0,0,0
974.538336250,0,0,1
974.538336706,0,1,1
974.538337414,1,1,1
974.677034266,1,1,0
974.677034276,1,0,0
974.677035980,0,0,0
974.815731136,0,0,1
974.815731758,0,1,1
974.815733518,1,1,1
974.954430026,1,1,0
974.954430330,1,0,0
974.954432088,0,0,0
975.093158874,0,1,0
975.093158958,0,1,1
975.093160622,1,1,1
975.231856382,1,0,1
975.231856850,1,0,0
975.231858190,0,0,0
975.370584612,0,1,0
975.370584784,0,1,1
975.370586662,1,1,1
975.509282436,1,0,1
975.509282736,1,0,0
975.509284294,0,0,0
975.647980608,0,0,1
975.647980914,0,1,1
975.647982830,1,1,1
975.786710424,1,0,1
975.786710560,1,0,0
975.786711398,0,0,0
975.925406968,0,1,0
975.925407432,0,1,1
975.925408934,1,1,1
976.064135414,1,0,1
976.064136384,1,0,0
976.064137438,0,0,0
976.202863958,0,1,0
976.202865628,0,1,1
976.202866038,1,1,1
976.341562530,1,0,1
976.341563208,1,0,0
976.341563606,0,0,0
976.480290010,0,1,0
976.480291140,0,1,1
976.480292142,1,1,1
976.618987032,1,1,0
976.618987520,1,0,0
976.618989710,0,0,0
976.757685900,0,0,1
976.757686062,0,1,1
976.757688308,1,1,1
976.896383854,1,1,0
976.896384572,1,0,0
976.896385814,0,0,0
977.035081788,0,0,1
977.035082116,0,1,1
977.035084350,1,1,1
977.173779686,1,0,1
977.173780742,1,0,0
977.173781980,0,0,0
977.312477106,0,1,0
977.312477612,0,1,1
977.312479454,1,1,1
977.451176678,1,0,1
977.451177566,1,0,0
977.451178022,0,0,0
977.589874434,0,0,1
977.589874844,0,1,1
977.589875558,1,1,1
977.728571730,1,0,1
977.728573326,1,0,0
977.728574188,0,0,0
977.867270260,0,0,1
977.867271210,0,1,1
977.867271660,1,1,1
978.005967212,1,1,0
978.005968782,1,0,0
978.005969230,0,0,0
978.144696082,0,0,1
978.144697262,0,1,1
978.144697766,1,1,1
978.283394770,1,0,1
978.283395036,1,0,0
978.283396334,0,0,0
978.422092252,0,1,0
978.422092968,0,1,1
978.422093932,1,1,1
978.560819824,1,0,1
978.560821796,1,0,0
978.560822438,0,0,0
978.699549792,0,0,1
978.699550304,0,1,1
978.699551036,1,1,1
978.838246876,1,0,1
978.838247620,1,0,0
978.838248606,0,0,0
978.976945356,0,1,0
978.976946616,0,1,1
978.976947142,1,1,1
979.115673570,1,1,0
979.115673928,1,0,0
979.115675708,0,0,0
979.254400410,0,1,0
979.254401376,0,1,1
979.254403184,1,1,1
979.393099918,1,0,1
979.393100330,1,0,0
979.393101812,0,0,0
979.531798264,0,0,1
979.531798460,0,1,1
979.531799348,1,1,1
979.670496908,1,0,1
979.670497154,1,0,0
979.670497854,0,0,0
979.809193450,0,1,0
979.809194024,0,1,1
979.809195452,1,1,1
979.947923022,1,0,1
979.947924020,0,0,1
979.947924040,0,0,0
980.086620910,0,0,1
980.086621494,1,0,1
980.086621564,1,1,1
980.225317800,1,1,0
980.225318074,1,0,0
980.225320186,0,0,0
980.364015734,0,0,1
980.364016554,0,1,1
980.364017660,1,1,1
980.502714126,1,0,1
980.502714624,1,0,0
980.502716228,0,0,0
980.641411606,0,1,0
980.641412558,0,1,1
980.641413762,1,1,1
980.780108510,1,1,0
980.780109116,1,0,0
980.780111396,0,0,0
980.918807660,0,1,0
980.918808380,0,1,1
980.918809866,1,1,1
981.057505334,1,1,0
981.057506230,1,0,0
981.057507434,0,0,0
981.196203648,0,1,0
981.196205204,0,1,1
981.196205970,1,1,1
981.334901220,1,0,1
981.334903158,1,0,0
981.334903602,0,0,0
981.473630028,0,0,1
981.473630700,0,1,1
981.473632074,1,1,1
981.612327980,1,1,0
981.612328210,1,0,0
981.612329706,0,0,0
981.751025912,0,0,1
981.751026752,0,1,1
981.751028178,1,1,1
981.889723866,1,1,0
981.889724324,1,0,0
981.889725746,0,0,0
982.028421804,0,1,0
982.028422674,0,1,1
982.028423284,1,1,1
982.167119314,1,0,1
982.167119628,1,0,0
982.167121914,0,0,0
982.305818560,0,0,1
982.305818856,0,1,1
982.305819386,1,1,1
982.444516366,1,0,1
982.444516512,1,0,0
982.444518018,0,0,0
982.583212846,0,1,0
982.583213382,0,1,1
982.583215552,1,1,1
982.721942480,1,0,1
982.721943336,1,0,0
982.721944120,0,0,0
982.860670960,0,1,0
982.860671206,0,1,1
982.860672656,1,1,1
982.999368160,1,1,0
982.999368470,1,0,0
982.999370162,0,0,0
983.138066030,0,0,1
983.138068012,0,1,1
983.138068698,1,1,1
983.276764982,1,1,0
983.276765458,1,0,0
983.276766328,0,0,0
983.415461854,0,0,1
983.415463864,1,0,1
983.415464002,1,1,1
983.554160572,1,0,1
983.554160806,1,0,0
983.554162370,0,0,0
983.692858740,0,0,1
983.692859054,0,1,1
983.692859970,1,1,1
983.831586628,1,1,0
983.831587564,1,0,0
983.831588536,0,0,0
983.970284042,0,1,0
983.970285562,0,1,1
983.970286072,1,1,1
984.108982516,1,1,0
984.108983614,1,0,0
984.108984640,0,0,0
984.247680158,0,1,0
984.247681322,0,1,1
984.247682240,1,1,1
984.386408338,1,1,0
984.386409666,1,0,0
984.386410744,0,0,0
984.525106146,0,0,1
984.525108208,0,1,1
984.525109280,1,1,1
984.663804100,1,1,0
984.663805656,1,0,0
984.663806848,0,0,0
984.802533260,0,1,0
984.802534032,0,1,1
984.802535384,1,1,1
984.941230770,1,0,1
984.941231922,1,0,0
984.941232952,0,0,0
985.079929854,0,0,1
985.079930250,0,1,1
985.079931426,1,1,1
985.218626760,1,0,1
985.218627808,1,0,0
985.218629054,0,0,0
985.357356240,0,1,0
985.357356740,0,1,1
985.357357528,1,1,1
985.496053630,1,1,0
985.496053748,1,0,0
985.496055160,0,0,0
985.634782354,0,1,0
985.634782564,0,1,1
985.634783694,1,1,1
985.773541454,1,1,0
985.773542862,1,0,0
985.773543262,0,0,0
985.912270324,0,0,1
985.912270342,0,1,1
985.912271798,1,1,1
986.050967914,1,0,1
986.050969278,1,0,0
986.050969366,0,0,0
986.189665394,0,1,0
986.189666210,0,1,1
986.189666900,1,1,1
986.328362966,1,0,1
986.328364100,1,0,0
986.328365470,0,0,0
986.467061384,0,1,0
986.467062032,0,1,1
986.467063006,1,1,1
986.605759924,1,1,0
986.605760954,1,0,0
986.605761574,0,0,0
986.744457498,0,1,0
986.744457856,0,1,1
986.744459110,1,1,1
986.883153810,1,1,0
986.883154946,1,0,0
986.883156678,0,0,0
987.021853486,0,1,0
987.021853678,0,1,1
987.021855214,1,1,1
987.160550634,1,1,0
987.160552058,1,0,0
987.160552844,0,0,0
987.299279538,0,1,0
987.299280502,0,1,1
987.299281316,1,1,1
987.437977392,1,1,0
987.437978048,1,0,0
987.437978886,0,0,0
987.576736590,0,1,0
987.576737326,0,1,1
987.576738422,1,1,1
987.715433098,1,0,1
987.715435278,1,0,0
987.715436052,0,0,0
987.854133210,0,0,1
987.854133642,0,1,1
987.854134524,1,1,1
987.992831038,1,1,0
987.992831088,1,0,0
987.992832092,0,0,0
988.131559034,0,0,1
988.131559692,0,1,1
988.131560692,1,1,1
988.270256202,1,0,1
988.270256924,1,0,0
988.270258196,0,0,0
988.408984794,0,0,1
988.408985744,0,1,1
988.408986796,1,1,1
988.547713748,1,1,0
988.547714254,1,0,0
988.547715300,0,0,0
988.686411734,0,1,0
988.686412116,0,1,1
988.686412898,1,1,1
988.825139634,1,1,0
988.825140304,1,0,0
988.825141404,0,0,0
988.963837502,0,0,1
988.963837848,0,1,1
988.963840000,1,1,1
989.102536294,1,0,1
989.102536392,1,0,0
989.102537570,0,0,0
989.241233836,0,1,0
989.241234324,0,1,1
989.241236042,1,1,1
989.379931278,1,1,0
989.379931408,1,0,0
989.379933612,0,0,0
989.518629888,0,1,0
989.518630210,0,1,1
989.518631208,1,1,1
989.657327038,1,1,0
989.657327396,1,0,0
989.657329776,0,0,0
989.796025876,0,1,0
989.796026034,0,1,1
989.796027250,1,1,1
989.934753386,1,0,1
989.934753924,1,0,0
989.934755880,0,0,0
990.073451794,0,0,1
990.073451990,0,1,1
990.073453418,1,1,1
990.212150746,1,1,0
990.212151500,1,0,0
990.212151984,0,0,0
990.350846680,0,0,1
990.350847980,0,1,1
990.350849518,1,1,1
990.489545632,1,1,0
990.489547488,1,0,0
990.489548088,0,0,0
990.628243032,0,1,0
990.628244438,0,1,1
990.628245560,1,1,1
990.767003392,1,1,0
990.767003540,1,0,0
990.767004192,0,0,0
990.905700262,0,0,1
990.905701082,0,1,1
990.905702664,1,1,1
991.044399214,1,1,0
991.044399590,1,0,0
991.044400294,0,0,0
991.183098134,0,1,0
991.183098148,0,1,1
991.183098830,1,1,1
991.321793642,1,0,1
991.321796038,1,0,0
991.321796334,0,0,0
991.460492970,0,0,1
991.460493122,0,1,1
991.460493932,1,1,1
991.599220630,1,0,1
991.599220860,1,0,0
991.599222562,0,0,0
991.737919174,0,1,0
991.737920794,0,1,1
991.737921036,1,1,1
991.876616742,1,0,1
991.876616744,1,0,0
991.876618604,0,0,0
992.015314678,0,0,1
992.015315288,0,1,1
992.015317140,1,1,1
992.154011734,1,0,1
992.154012568,1,0,0
992.154014646,0,0,0
992.292711276,0,1,0
992.292711688,0,1,1
992.292712242,1,1,1
992.431409392,1,1,0
992.431409848,1,0,0
992.431410812,0,0,0
992.570106202,0,1,0
992.570106324,0,1,1
992.570108346,1,1,1
992.708803776,1,0,1
992.708804276,1,0,0
992.708805914,0,0,0
992.847503316,0,1,0
992.847504146,0,1,1
992.847504450,1,1,1
992.986199888,1,0,1
992.986200038,1,0,0
992.986202016,0,0,0
993.124929368,0,1,0
993.124929906,0,1,1
993.124930552,1,1,1
993.263626860,1,1,0
993.263626938,1,0,0
993.263629120,0,0,0
993.402325418,0,1,0
993.402325792,0,1,1
993.402326656,1,1,1
993.541022928,1,0,1
993.541023746,1,0,0
993.541024162,0,0,0
993.679720408,0,1,0
993.679721614,0,1,1
993.679722760,1,1,1
993.818419566,1,1,0
993.818420042,1,0,0
993.818420328,0,0,0
993.957117438,0,0,1
993.957117522,0,1,1
993.957118862,1,1,1
994.095814968,1,0,1
994.095815704,1,0,0
994.095816432,0,0,0
994.234511572,0,1,0
994.234512260,0,1,1
994.234513966,1,1,1
994.373210150,1,1,0
994.373211082,1,0,0
994.373212596,0,0,0
994.511908146,0,0,1
994.511908560,0,1,1
994.511910008,1,1,1
994.650606134,1,0,1
994.650607036,1,0,0
994.650607638,0,0,0
994.789334612,0,1,0
994.789334968,0,1,1
994.789336236,1,1,1
994.928032122,1,0,1
994.928032920,1,0,0
994.928034742,0,0,0
995.066729664,0,1,0
995.066731728,0,1,1
995.066732278,1,1,1
995.205459172,1,0,1
995.205459680,1,0,0
995.205460844,0,0,0
995.344156714,0,1,0
995.344157612,0,1,1
995.344158380,1,1,1
995.482916224,1,0,1
995.482916566,1,0,0
995.482917948,0,0,0
995.621614436,0,0,1
995.621614702,0,1,1
995.621615484,1,1,1
995.760313274,1,0,1
995.760313326,1,0,0
995.760314114,0,0,0
995.899008754,0,1,0
995.899009258,0,1,1
995.899011588,1,1,1
996.037707210,1,1,0
996.037709154,0,1,0
996.037709326,0,0,0
996.176406080,0,0,1
996.176406806,0,1,1
996.176407752,1,1,1
996.315102972,1,1,0
996.315103314,1,0,0
996.315105320,0,0,0
996.453802856,0,1,0
996.453802904,0,1,1
996.453803794,1,1,1
996.592499428,1,0,1
996.592499856,1,0,0
996.592501362,0,0,0
996.731197788,0,0,1
996.731197906,0,1,1
996.731198958,1,1,1
996.869895040,1,0,1
996.869896678,1,0,0
996.869897466,0,0,0
997.008592612,0,0,1
997.008593958,0,1,1
997.008595062,1,1,1
997.147291562,1,1,0
997.147292466,1,0,0
997.147293630,0,0,0
997.285988946,0,1,0
997.285989370,0,1,1
997.285991166,1,1,1
997.424687518,1,0,1
997.424688672,0,0,1
997.424689324,0,0,0
997.563385256,0,0,1
997.563386060,0,1,1
997.563387206,1,1,1
997.702115332,1,1,0
997.702115568,1,0,0
997.702115774,0,0,0
997.840812078,0,0,1
997.840812112,0,1,1
997.840813372,1,1,1
997.979509620,1,0,1
997.979510030,1,0,0
997.979510940,0,0,0
998.118206962,0,0,1
998.118207036,0,1,1
998.118209476,1,1,1
998.256965852,1,1,0
998.256966670,1,0,0
998.256968044,0,0,0
998.395664088,0,1,0
998.395664784,0,1,1
998.395666580,1,1,1
998.534362660,1,0,1
998.534362674,1,0,0
998.534364084,0,0,0
998.673122138,0,1,0
998.673122544,0,1,1
998.673123684,1,1,1
998.811819496,1,1,0
998.811819708,1,0,0
998.811821250,0,0,0
998.950515814,0,1,0
998.950517428,0,1,1
998.950518786,1,1,1
999.089214762,1,0,1
999.089216318,1,0,0
999.089217354,0,0,0
999.227913188,0,0,1
999.227913240,0,1,1
999.227914890,1,1,1
999.366611140,1,1,0
999.366611748,1,0,0
999.366612456,0,0,0
999.505309070,0,0,1
999.505310352,0,1,1
999.505310992,1,1,1
999.644005800,1,0,1
999.644007024,1,0,0
999.644008498,0,0,0
999.782704894,0,0,1
999.782706342,0,1,1
999.782707094,1,1,1
999.921402846,1,1,0
999.921402912,1,0,0
999.921404726,0,0,0
1000.060130328,0,1,0
1000.060130716,0,1,1
1000.060133198,1,1,1
1000.198828900,1,0,1
1000.198829668,1,0,0
1000.198830768,0,0,0
1000.337527378,0,1,0
1000.337528538,0,1,1
1000.337529302,1,1,1
1000.476284952,1,0,1
1000.476286490,1,0,0
1000.476287870,0,0,0
1000.615014422,0,0,1
1000.615015430,0,1,1
1000.615016406,1,1,1
1000.753712002,1,0,1
1000.753712312,1,0,0
1000.753713974,0,0,0
1000.892441244,0,0,1
1000.892441418,0,1,1
1000.892442508,1,1,1
1001.031169134,1,1,0
1001.031169990,1,0,0
1001.031171076,0,0,0
1001.169868066,0,0,1
1001.169868530,0,1,1
1001.169869612,1,1,1
1001.308564102,1,0,1
1001.308565956,1,0,0
1001.308567180,0,0,0
1001.447293518,0,1,0
1001.447294824,0,1,1
1001.447295714,1,1,1
1001.585991090,1,0,1
1001.585991778,1,0,0
1001.585993346,0,0,0
1001.724720570,0,1,0
1001.724720772,0,1,1
1001.724721818,1,1,1
1001.863418600,1,1,0
1001.863419078,1,0,0
1001.863420448,0,0,0
1002.002146592,0,0,1
1002.002146620,0,1,1
1002.002148920,1,1,1
1002.140844482,1,1,0
1002.140845192,1,0,0
1002.140846550,0,0,0
1002.279542352,0,0,1
1002.279542670,0,1,1
1002.279544088,1,1,1
1002.418240242,1,0,1
1002.418240304,1,0,0
1002.418242592,0,0,0
1002.556938722,0,1,0
1002.556939236,0,1,1
1002.556940190,1,1,1
1002.695668126,1,1,0
1002.695668230,1,0,0
1002.695668696,0,0,0
1002.834364058,0,0,1
1002.834364772,0,1,1
1002.834366294,1,1,1
1002.973062282,1,0,1
1002.973063948,1,0,0
1002.973064860,0,0,0
1003.111760822,0,1,0
1003.111761816,0,1,1
1003.111762398,1,1,1
1003.250458770,1,1,0
1003.250460332,1,0,0
1003.250460900,0,0,0
1003.389155872,0,1,0
1003.389156702,0,1,1
1003.389158498,1,1,1
1003.527854592,1,1,0
1003.527855320,1,0,0
1003.527856068,0,0,0
1003.666552522,0,0,1
1003.666552862,0,1,1
1003.666554602,1,1,1
1003.805250432,1,0,1
1003.805250476,1,0,0
1003.805252172,0,0,0
1003.943949346,0,0,1
1003.943949848,0,1,1
1003.943950706,1,1,1
1004.082646298,1,1,0
1004.082647422,1,0,0
1004.082648274,0,0,0
1004.221344900,0,1,0
1004.221345166,0,1,1
1004.221345810,1,1,1
1004.360042470,1,0,1
1004.360043120,1,0,0
1004.360044376,0,0,0
1004.498740950,0,1,0
1004.498740988,0,1,1
1004.498741912,1,1,1
1004.637438522,1,0,1
1004.637439940,1,0,0
1004.637440480,0,0,0
1004.776136810,0,0,1
1004.776138000,0,1,1
1004.776138016,1,1,1
1004.914864762,1,1,0
1004.914866510,1,0,0
1004.914866582,0,0,0
1005.053562052,0,1,0
1005.053562694,0,1,1
1005.053564120,1,1,1
1005.192260560,1,0,1
1005.192261586,1,0,0
1005.192262686,0,0,0
1005.330958040,0,1,0
1005.330958518,0,1,1
1005.330960224,1,1,1
1005.469655610,1,0,1
1005.469656406,1,0,0
1005.469657790,0,0,0
1005.608355090,0,1,0
1005.608355274,0,1,1
1005.608356326,1,1,1
1005.747052228,1,1,0
1005.747052660,1,0,0
1005.747053894,0,0,0
1005.885751160,0,0,1
1005.885752140,0,1,1
1005.885752490,1,1,1
1006.024448112,1,1,0
1006.024448650,1,0,0
1006.024449996,0,0,0
1006.163176980,0,0,1
1006.163177192,0,1,1
1006.163178532,1,1,1
1006.301873934,1,1,0
1006.301874700,1,0,0
1006.301876164,0,0,0
1006.440572740,0,0,1
1006.440573242,0,1,1
1006.440574634,1,1,1
1006.579270750,1,0,1
1006.579270754,1,0,0
1006.579272266,0,0,0
1006.717969292,0,1,0
1006.717969624,0,1,1
1006.717970800,1,1,1
1006.856665800,1,0,1
1006.856666578,1,0,0
1006.856668306,0,0,0
1006.995364342,0,1,0
1006.995364510,0,1,1
1006.995365840,1,1,1
1007.134061912,1,0,1
1007.134063398,1,0,0
1007.134064470,0,0,0
1007.272760268,0,1,1
1007.272762006,1,1,1
1007.411457838,1,0,1
1007.411458220,1,0,0
1007.411459510,0,0,0
1007.550156380,0,1,0
1007.550157090,0,1,1
1007.550158108,1,1,1
1007.688853890,1,0,1
1007.688854042,1,0,0
1007.688855676,0,0,0
1007.827551974,0,0,1
1007.827552430,0,1,1
1007.827554150,1,1,1
1007.966249926,1,1,0
1007.966249938,1,0,0
1007.966251780,0,0,0
1008.104978482,0,1,0
1008.104978794,0,1,1
1008.104980316,1,1,1
1008.243675684,1,1,0
1008.243677882,0,1,0
1008.243677988,0,0,0
1008.382374678,0,0,1
1008.382375468,0,1,1
1008.382376418,1,1,1
1008.521072038,1,0,1
1008.521072568,1,0,0
1008.521073986,0,0,0
1008.659801438,0,0,1
1008.659801518,0,1,1
1008.659802522,1,1,1
1008.798529088,1,0,1
1008.798529328,1,0,0
1008.798531152,0,0,0
1008.937227260,0,0,1
1008.937227568,0,1,1
1008.937228622,1,1,1
1009.075925076,1,0,1
1009.075926212,1,0,0
1009.075927192,0,0,0
1009.214653680,0,1,0
1009.214654080,0,1,1
1009.214655790,1,1,1
1009.353351034,1,1,0
1009.353351126,1,0,0
1009.353353294,0,0,0
1009.492049668,0,1,0
1009.492049902,0,1,1
1009.492050830,1,1,1
1009.630746854,1,1,0
1009.630748176,1,0,0
1009.630749396,0,0,0
1009.769475786,0,0,1
1009.769476156,0,1,1
1009.769477932,1,1,1
1009.908173676,1,1,0
1009.908174226,1,0,0
1009.908175500,0,0,0
1010.046872606,0,0,1
1010.046872768,0,1,1
1010.046874098,1,1,1
1010.185599276,1,0,1
1010.185599560,1,0,0
1010.185601602,0,0,0
1010.324298756,0,1,0
1010.324299428,0,1,1
1010.324300200,1,1,1
1010.463057262,1,0,1
1010.463058382,1,0,0
1010.463058704,0,0,0
1010.601785188,0,0,1
1010.601785806,0,1,1
1010.601787240,1,1,1
1010.740484138,1,1,0
1010.740484312,1,0,0
1010.740485806,0,0,0
1010.879181134,0,0,1
1010.879181792,0,1,1
1010.879183404,1,1,1
1011.017940364,1,0,1
1011.017941022,1,0,0
1011.017941972,0,0,0
1011.156638906,0,1,0
1011.156638954,0,1,1
1011.156640506,1,1,1
1011.295335844,1,1,0
1011.295336414,1,0,0
1011.295338012,0,0,0
1011.434035776,0,0,1
1011.434035892,0,1,1
1011.434036546,1,1,1
1011.572731666,1,1,0
1011.572732462,1,0,0
1011.572734178,0,0,0
1011.711461536,0,0,1
1011.711461942,0,1,1
1011.711462712,1,1,1
1011.850158486,1,1,0
1011.850160280,0,1,0
1011.850160512,0,0,0
1011.988886418,0,0,1
1011.988888304,0,1,1
1011.988888752,1,1,1
1012.127586310,1,1,0
1012.127586562,1,0,0
1012.127587382,0,0,0
1012.266283240,0,0,1
1012.266284042,0,1,1
1012.266284918,1,1,1
1012.404980550,1,0,1
1012.404981192,1,0,0
1012.404982486,0,0,0
1012.543678122,0,0,1
1012.543679092,0,1,1
1012.543680958,1,1,1
1012.682376952,1,1,0
1012.682377662,1,0,0
1012.682378590,0,0,0
1012.821075080,0,1,0
1012.821076882,0,1,1
1012.821077124,1,1,1
1012.959772588,1,0,1
1012.959772834,1,0,0
1012.959774692,0,0,0
1013.098471130,0,1,0
1013.098471702,0,1,1
1013.098472164,1,1,1
1013.237169700,1,0,1
1013.237170654,1,0,0
1013.237170794,0,0,0
1013.375897588,0,0,1
1013.375898178,0,1,1
1013.375899266,1,1,1
1013.514594476,1,1,0
1013.514595750,1,0,0
1013.514596896,0,0,0
1013.653293408,0,0,1
1013.653294228,0,1,1
1013.653294432,1,1,1
1013.791990736,1,0,1
1013.791991798,1,0,0
1013.791993000,0,0,0
1013.930688230,0,0,1
1013.930688278,0,1,1
1013.930690534,1,1,1
1014.069416536,1,0,1
1014.069417120,1,0,0
1014.069419102,0,0,0
1014.208114266,0,1,0
1014.208115050,0,1,1
1014.208116636,1,1,1
1014.346842900,1,0,1
1014.346842940,1,0,0
1014.346845204,0,0,0
1014.485542316,0,1,0
1014.485542870,0,1,1
1014.485543738,1,1,1
1014.624270886,1,0,1
1014.624271762,1,0,0
1014.624272306,0,0,0
1014.762999364,0,1,0
1014.763000692,0,1,1
1014.763000840,1,1,1
1014.901697644,1,1,0
1014.901697936,1,0,0
1014.901698408,0,0,0
1015.040394414,0,1,0
1015.040394514,0,1,1
1015.040396006,1,1,1
1015.179092924,1,0,1
1015.179094466,1,0,0
1015.179094510,0,0,0
1015.317790402,0,1,0
1015.317791396,0,1,1
1015.317792046,1,1,1
1015.456519036,1,0,1
1015.456519288,1,0,0
1015.456520676,0,0,0
1015.595247218,0,0,1
1015.595247452,0,1,1
1015.595249210,1,1,1
1015.733976108,1,1,0
1015.733977022,1,0,0
1015.733977776,0,0,0
1015.872673562,0,1,0
1015.872673978,0,1,1
1015.872675250,1,1,1
1016.011371930,1,1,0
1016.011373072,1,0,0
1016.011373816,0,0,0
1016.150100798,0,0,1
1016.150101550,0,1,1
1016.150102352,1,1,1
1016.288797750,1,1,0
1016.288798058,1,0,0
1016.288799918,0,0,0
1016.427495600,0,1,0
1016.427497516,1,1,0
1016.427497682,1,1,1
1016.566194172,1,0,1
1016.566194570,1,0,0
1016.566196084,0,0,0
1016.704922504,0,0,1
1016.704923650,0,1,1
1016.704924556,1,1,1
1016.843620158,1,0,1
1016.843621454,1,0,0
1016.843622184,0,0,0
1016.982318324,0,0,1
1016.982318700,0,1,1
1016.982319658,1,1,1
1017.121016206,1,0,1
1017.121017276,1,0,0
1017.121018224,0,0,0
1017.259714208,0,0,1
1017.259715686,0,1,1
1017.259715822,1,1,1
1017.398413256,1,0,1
1017.398413410,1,0,0
1017.398414390,0,0,0
1017.537109964,0,0,1
1017.537110734,0,1,1
1017.537111862,1,1,1
1017.675807918,1,1,0
1017.675808244,1,0,0
1017.675809430,0,0,0
1017.814505784,0,1,0
1017.814505850,0,1,1
1017.814508028,1,1,1
1017.953203354,1,0,1
1017.953203800,1,0,0
1017.953205534,0,0,0
1018.091901834,0,1,0
1018.091902606,0,1,1
1018.091904068,1,1,1
1018.230600560,1,1,0
1018.230601342,1,0,0
1018.230601634,0,0,0
1018.369296884,0,1,0
1018.369297490,0,1,1
1018.369299232,1,1,1
1018.507996380,1,1,0
1018.507997736,0,1,0
1018.507997768,0,0,0
1018.646692310,0,0,1
1018.646693932,0,1,1
1018.646695334,1,1,1
1018.785392200,1,1,0
1018.785392378,1,0,0
1018.785393900,0,0,0
1018.924119982,0,1,0
1018.924120070,0,1,1
1018.924121372,1,1,1
1019.062817428,1,0,1
1019.062819020,1,0,0
1019.062819940,0,0,0
1019.201514968,0,1,0
1019.201517388,0,1,1
1019.201517538,1,1,1
1019.340214476,1,0,1
1019.340214904,1,0,0
1019.340216042,0,0,0
1019.478911018,0,1,0
1019.478911836,0,1,1
1019.478913578,1,1,1
1019.617609724,1,1,0
1019.617610526,1,0,0
1019.617611206,0,0,0
1019.756368594,0,0,1
1019.756369004,0,1,1
1019.756370678,1,1,1
1019.895066546,1,1,0
1019.895066576,1,0,0
1019.895068246,0,0,0
1020.033764414,0,0,1
1020.033765116,0,1,1
1020.033766780,1,1,1
1020.172463364,1,1,0
1020.172463624,1,0,0
1020.172464348,0,0,0
1020.311159234,0,0,1
1020.311161102,0,1,1
1020.311161944,1,1,1
1020.449858612,1,0,1
1020.449859186,1,0,0
1020.449860512,0,0,0
1020.588557528,0,1,0
1020.588557982,1,1,0
1020.588558118,1,1,1
1020.727284008,1,1,0
1020.727284662,1,0,0
1020.727286614,0,0,0
1020.865983202,0,1,0
1020.865984938,0,1,1
1020.865985086,1,1,1
1021.004710772,1,0,1
1021.004710888,1,0,0
1021.004712716,0,0,0
1021.143409188,0,1,0
1021.143409758,0,1,1
1021.143411250,1,1,1
1021.282106758,1,0,1
1021.282107648,1,0,0
1021.282108754,0,0,0
1021.420804300,0,1,0
1021.420806640,0,1,1
1021.420807288,1,1,1
1021.559503468,1,1,0
1021.559503870,1,0,0
1021.559504920,0,0,0
1021.698200286,0,1,0
1021.698200398,0,1,1
1021.698202390,1,1,1
1021.836928918,1,0,1
1021.836930412,1,0,0
1021.836931020,0,0,0
1021.975627336,0,1,0
1021.975628220,0,1,1
1021.975629556,1,1,1
1022.114325906,1,0,1
1022.114327060,0,0,1
1022.114327172,0,0,0
1022.253023102,0,0,1
1022.253023384,0,1,1
1022.253024656,1,1,1
1022.391720892,1,0,1
1022.391720992,1,0,0
1022.391723224,0,0,0
1022.530418370,0,1,0
1022.530419860,0,1,1
1022.530420696,1,1,1
1022.669116876,1,1,0
1022.669118942,1,0,0
1022.669119326,0,0,0
1022.807814806,0,0,1
1022.807815484,0,1,1
1022.807816860,1,1,1
1022.946511990,1,0,1
1022.946513694,1,0,0
1022.946514428,0,0,0
1023.085210562,0,0,1
1023.085211470,0,1,1
1023.085212900,1,1,1
1023.223907978,1,0,1
1023.223909514,1,0,0
1023.223910530,0,0,0
1023.362607518,0,1,0
1023.362608384,0,1,1
1023.362609064,1,1,1
1023.501305090,1,0,1
1023.501305398,1,0,0
1023.501306630,0,0,0
1023.640032266,0,0,1
1023.640033568,0,1,1
1023.640035164,1,1,1
1023.778731156,1,1,0
1023.778732138,1,0,0
1023.778732796,0,0,0
1023.917459618,0,1,0
1023.917460026,0,1,1
1023.917461266,1,1,1
1024.056218978,1,1,0
1024.056219124,1,0,0
1024.056220834,0,0,0
1024.194916604,0,1,0
1024.194918368,1,1,0
1024.194918846,1,1,1
1024.333613860,1,1,0
1024.333614236,1,0,0
1024.333615936,0,0,0
1024.472342652,0,1,0
1024.472342728,0,1,1
1024.472344470,1,1,1
1024.611041160,1,0,1
1024.611042994,1,0,0
1024.611043038,0,0,0
1024.749738550,0,0,1
1024.749738766,0,1,1
1024.749740634,1,1,1
1024.888436834,1,0,1
1024.888438500,1,0,0
1024.888439140,0,0,0
1025.027134690,0,1,0
1025.027135370,0,1,1
1025.027136736,1,1,1
1025.165832322,1,1,0
1025.165833322,1,0,0
1025.165834302,0,0,0
1025.304531800,0,1,0
1025.304532190,0,1,1
1025.304532776,1,1,1
1025.443229078,1,1,0
1025.443229370,1,0,0
1025.443230342,0,0,0
1025.581926010,0,0,1
1025.581926850,0,1,1
1025.581927876,1,1,1
1025.720624964,1,1,0
1025.720625358,1,0,0
1025.720626506,0,0,0
1025.859322894,0,0,1
1025.859322900,0,1,1
1025.859323980,1,1,1
1025.998021408,1,0,1
1025.998021784,1,0,0
1025.998022610,0,0,0
1026.136718652,0,0,1
1026.136718886,0,1,1
1026.136720142,1,1,1
1026.275477604,1,1,0
1026.275478394,1,0,0
1026.275478710,0,0,0
1026.414175472,0,0,1
1026.414175936,0,1,1
1026.414177244,1,1,1
1026.552964444,1,0,1
1026.552966426,1,0,0
1026.552966810,0,0,0
1026.691663046,0,1,0
1026.691663356,0,1,1
1026.691664346,1,1,1
1026.830390492,1,0,1
1026.830391244,1,0,0
1026.830392912,0,0,0
1026.969090032,0,1,0
1026.969090176,0,1,1
1026.969091386,1,1,1
1027.107816540,1,0,1
1027.107817066,1,0,0
1027.107819016,0,0,0
1027.246514998,0,0,1
1027.246516020,0,1,1
1027.246517548,1,1,1
1027.385212590,1,0,1
1027.385213948,1,0,0
1027.385215054,0,0,0
1027.523972070,0,1,0
1027.523973818,0,1,1
1027.523974588,1,1,1
1027.662701578,1,0,1
1027.662701768,1,0,0
1027.662703216,0,0,0
1027.801489638,0,0,1
1027.801491116,0,1,1
1027.801492752,1,1,1
1027.940158590,1,1,0
1027.940158626,1,0,0
1027.940159318,0,0,0
1028.078886520,0,0,1
1028.078887166,0,1,1
1028.078887854,1,1,1
1028.217583800,1,0,1
1028.217585410,1,0,0
1028.217586420,0,0,0
1028.356282216,0,1,0
1028.356283278,0,1,1
1028.356283954,1,1,1
1028.494979230,1,1,0
1028.494979786,1,0,0
1028.494981522,0,0,0
1028.633679160,0,0,1
1028.633679264,0,1,1
1028.633680056,1,1,1
1028.772375710,1,0,1
1028.772376114,1,0,0
1028.772377622,0,0,0
1028.911073920,0,0,1
1028.911075250,0,1,1
1028.911076096,1,1,1
1029.049771822,1,0,1
1029.049772870,1,0,0
1029.049773662,0,0,0
1029.188469362,0,1,0
1029.188469802,0,1,1
1029.188471260,1,1,1
1029.327167872,1,0,1
1029.327168692,1,0,0
1029.327169828,0,0,0
1029.465864624,0,0,1
1029.465865350,0,1,1
1029.465867362,1,1,1
1029.604563920,1,0,1
1029.604564574,1,0,0
1029.604565926,0,0,0
1029.743261506,0,0,1
1029.743262398,0,1,1
1029.743263462,1,1,1
1029.881958906,1,0,1
1029.881959834,1,0,0
1029.881961092,0,0,0
1030.020657448,0,1,0
1030.020658264,0,1,1
1030.020659564,1,1,1
1030.159355152,1,1,0
1030.159355956,1,0,0
1030.159357130,0,0,0
1030.298054498,0,1,0
1030.298055146,0,1,1
1030.298055728,1,1,1
1030.436750100,1,1,0
1030.436751006,1,0,0
1030.436753232,0,0,0
1030.575479546,0,1,0
1030.575480904,0,1,1
1030.575481766,1,1,1
1030.714177918,1,1,0
1030.714177992,1,0,0
1030.714179396,0,0,0
1030.852875532,0,1,0
1030.852875726,0,1,1
1030.852877868,1,1,1
1030.991573678,1,1,0
1030.991574040,1,0,0
1030.991575436,0,0,0
1031.130301672,0,0,1
1031.130302582,0,1,1
1031.130303972,1,1,1
1031.268999498,1,1,0
1031.269001090,1,0,0
1031.269001536,0,0,0
1031.407697430,0,0,1
1031.407699882,0,1,1
1031.407700074,1,1,1
1031.546396138,1,0,1
1031.546397380,1,0,0
1031.546397704,0,0,0
1031.685124616,0,1,0
1031.685125250,0,1,1
1031.685126174,1,1,1
1031.823821194,1,0,1
1031.823821202,1,0,0
1031.823823804,0,0,0
1031.962520666,0,1,0
1031.962522070,0,1,1
1031.962522276,1,1,1
1032.101249022,1,1,0
1032.101249236,1,0,0
1032.101250842,0,0,0
1032.239946714,0,1,0
1032.239946890,0,1,1
1032.239948440,1,1,1
1032.378675222,1,0,1
1032.378675842,1,0,0
1032.378676944,0,0,0
1032.517371710,0,0,1
1032.517373764,0,1,1
1032.517374478,1,1,1
1032.656072334,1,0,1
1032.656072726,1,0,0
1032.656073044,0,0,0
1032.794767594,0,0,1
1032.794768750,0,1,1
1032.794770642,1,1,1
1032.933497482,1,1,0
1032.933498320,1,0,0
1032.933499210,0,0,0
1033.072196412,0,0,1
1033.072196862,0,1,1
1033.072197620,1,1,1
1033.210923302,1,1,0
1033.210923368,1,0,0
1033.210925312,0,0,0
1033.349621848,0,1,0
1033.349623234,0,1,1
1033.349623846,1,1,1
1033.488319418,1,0,1
1033.488320436,1,0,0
1033.488321348,0,0,0
1033.627017834,0,1,0
1033.627019054,0,1,1
1033.627019946,1,1,1
1033.765715944,1,1,0
1033.765716404,1,0,0
1033.765717514,0,0,0
1033.904505874,0,0,1
1033.904505944,0,1,1
1033.904507048,1,1,1
1034.043203516,1,0,1
1034.043203826,1,0,0
1034.043204554,0,0,0
1034.181930634,0,0,1
1034.181930932,0,1,1
1034.181933148,1,1,1
1034.320630564,1,0,1
1034.320631646,1,0,0
1034.320631652,0,0,0
1034.459358578,0,0,1
1034.459358980,0,1,1
1034.459360250,1,1,1
1034.598056468,1,1,0
1034.598056550,1,0,0
1034.598057818,0,0,0
1034.736753336,0,0,1
1034.736755028,0,1,1
1034.736755290,1,1,1
1034.875452286,1,1,0
1034.875453536,1,0,0
1034.875453920,0,0,0
1035.014150078,0,1,0
1035.014150154,0,1,1
1035.014151454,1,1,1
1035.152848108,1,1,0
1035.152849586,1,0,0
1035.152849958,0,0,0
1035.291546188,0,1,0
1035.291547038,0,1,1
1035.291547556,1,1,1
1035.430243634,1,0,1
1035.430243926,1,0,0
1035.430245120,0,0,0
1035.568942174,0,1,0
1035.568943718,1,1,0
1035.568943858,1,1,1
1035.707639682,1,0,1
1035.707639748,1,0,0
1035.707641160,0,0,0
1035.846337224,0,1,0
1035.846337678,0,1,1
1035.846338758,1,1,1
1035.985036630,1,1,0
1035.985036794,1,0,0
1035.985037324,0,0,0
1036.123764272,0,1,0
1036.123764498,0,1,1
1036.123765796,1,1,1
1036.262461450,1,1,0
1036.262462780,1,0,0
1036.262463424,0,0,0
1036.401159380,0,0,1
1036.401161958,1,0,1
1036.401162196,1,1,1
1036.539888206,1,1,0
1036.539888828,1,0,0
1036.539889528,0,0,0
1036.678586202,0,0,1
1036.678586306,0,1,1
1036.678588062,1,1,1
1036.817284814,1,0,1
1036.817285028,1,0,0
1036.817285690,0,0,0
1036.955982354,0,1,0
1036.955982958,0,1,1
1036.955984162,1,1,1
1037.094679926,1,0,1
1037.094680972,1,0,0
1037.094681728,0,0,0
1037.233376842,0,0,1
1037.233377404,0,1,1
1037.233379262,1,1,1
1037.372075912,1,0,1
1037.372076730,1,0,0
1037.372077830,0,0,0
1037.510773598,0,0,1
1037.510774452,0,1,1
1037.510775364,1,1,1
1037.649472960,1,0,1
1037.649473550,1,0,0
1037.649473930,0,0,0
1037.788200544,0,0,1
1037.788201438,0,1,1
1037.788202466,1,1,1
1037.926897370,1,1,0
1037.926899008,1,0,0
1037.926900032,0,0,0
1038.065627486,0,1,0
1038.065628300,0,1,1
1038.065628566,1,1,1
1038.204354190,1,1,0
1038.204356994,1,0,0
1038.204357134,0,0,0
1038.343053534,0,1,0
1038.343054120,0,1,1
1038.343054730,1,1,1
1038.481751072,1,1,0
1038.481752044,1,0,0
1038.481753236,0,0,0
1038.620447942,0,0,1
1038.620449584,0,1,1
1038.620450770,1,1,1
1038.759146092,1,0,1
1038.759147892,1,0,0
1038.759148400,0,0,0
1038.897844570,0,1,0
1038.897844760,0,1,1
1038.897846870,1,1,1
1039.036542138,1,0,1
1039.036542712,1,0,0
1039.036544438,0,0,0
1039.175239618,0,1,0
1039.175240580,0,1,1
1039.175241972,1,1,1
1039.313938188,1,0,1
1039.313939532,1,0,0
1039.313940600,0,0,0
1039.452667462,0,0,1
1039.452667666,0,1,1
1039.452669074,1,1,1
1039.591365236,1,0,1
1039.591365350,1,0,0
1039.591366640,0,0,0
1039.730063714,0,1,0
1039.730064284,0,1,1
1039.730065174,1,1,1
1039.868761170,1,1,0
1039.868761222,1,0,0
1039.868762740,0,0,0
1040.007458700,0,1,0
1040.007460102,0,1,1
1040.007460276,1,1,1
1040.146156990,1,1,0
1040.146157208,1,0,0
1040.146158904,0,0,0
1040.284884922,0,0,1
1040.284885748,0,1,1
1040.284887376,1,1,1
1040.423552874,1,1,0
1040.423553320,1,0,0
1040.423554944,0,0,0
1040.562250742,0,0,1
1040.562250798,0,1,1
1040.562252478,1,1,1
1040.700978366,1,0,1
1040.700978694,1,0,0
1040.700981044,0,0,0
1040.839677562,0,0,1
1040.839677844,0,1,1
1040.839678580,1,1,1
1040.978374450,1,1,0
1040.978375414,1,0,0
1040.978377144,0,0,0
1041.117103830,0,1,0
1041.117104382,0,1,1
1041.117105680,1,1,1
1041.255801334,1,1,0
1041.255801400,1,0,0
1041.255803310,0,0,0
1041.394499202,0,0,1
1041.394499942,0,1,1
1041.394500780,1,1,1
1041.533197152,1,1,0
1041.533198450,1,0,0
1041.533199346,0,0,0
1041.671895990,0,1,0
1041.671896084,0,1,1
1041.671896944,1,1,1
1041.810594036,1,1,0
1041.810594498,1,0,0
1041.810595510,0,0,0
1041.949290904,0,0,1
1041.949291038,0,1,1
1041.949292984,1,1,1
1042.087988546,1,0,1
1042.087990550,0,0,1
1042.087990792,0,0,0
1042.226686722,0,0,1
1042.226686962,0,1,1
1042.226689084,1,1,1
1042.365384532,1,0,1
1042.365384612,1,0,0
1042.365386714,0,0,0
1042.504114072,0,1,0
1042.504114980,0,1,1
1042.504115248,1,1,1
1042.642841558,1,1,0
1042.642842580,1,0,0
1042.642843752,0,0,0
1042.781540120,0,1,0
1042.781540362,0,1,1
1042.781541286,1,1,1
1042.920238314,1,1,0
1042.920239628,1,0,0
1042.920239914,0,0,0
1043.058935106,0,1,0
1043.058936244,0,1,1
1043.058937448,1,1,1
1043.197632676,1,0,1
1043.197633072,1,0,0
1043.197634952,0,0,0
1043.336362002,0,0,1
1043.336362152,0,1,1
1043.336363550,1,1,1
1043.475059954,1,1,0
1043.475060724,1,0,0
1043.475062054,0,0,0
1043.613757202,0,1,0
1043.613757822,0,1,1
1043.613759650,1,1,1
1043.752457768,1,0,1
1043.752457772,1,0,0
1043.752458216,0,0,0
1043.891152642,0,0,1
1043.891155250,0,1,1
1043.891155752,1,1,1
1044.029851756,1,0,1
1044.029852594,1,0,0
1044.029853256,0,0,0
1044.168550296,0,1,0
1044.168550522,0,1,1
1044.168551852,1,1,1
1044.307307806,1,0,1
1044.307308474,1,0,0
1044.307310420,0,0,0
1044.446007346,0,1,0
1044.446008342,0,1,1
1044.446008952,1,1,1
1044.584734296,1,1,0
1044.584734852,1,0,0
1044.584736456,0,0,0
1044.723463162,0,0,1
1044.723463394,0,1,1
1044.723465052,1,1,1
1044.862162840,1,0,1
1044.862163112,1,0,0
1044.862163618,0,0,0
1045.000859378,0,1,0
1045.000859982,0,1,1
1045.000861090,1,1,1
1045.139587934,1,1,0
1045.139588948,1,0,0
1045.139589720,0,0,0
1045.278285426,0,1,0
1045.278285862,0,1,1
1045.278287192,1,1,1
1045.417014752,1,1,0
1045.417014934,1,0,0
1045.417015822,0,0,0
1045.555712412,0,1,0
1045.555712682,0,1,1
1045.555714354,1,1,1
1045.694409982,1,0,1
1045.694411570,1,0,0
1045.694411860,0,0,0
1045.833108440,0,0,1
1045.833109522,0,1,1
1045.833110394,1,1,1
1045.971835966,1,0,1
1045.971836452,1,0,0
1045.971837960,0,0,0
1046.110534320,0,0,1
1046.110535508,0,1,1
1046.110536494,1,1,1
1046.249232272,1,1,0
1046.249233078,1,0,0
1046.249234122,0,0,0
1046.387931140,0,0,1
1046.387931554,0,1,1
1046.387932656,1,1,1
1046.526659062,1,0,1
1046.526660028,1,0,0
1046.526661160,0,0,0
1046.665386960,0,0,1
1046.665387666,0,1,1
1046.665388694,1,1,1
1046.804086110,1,0,1
1046.804086910,1,0,0
1046.804087322,0,0,0
1046.942783588,0,1,0
1046.942783840,0,1,1
1046.942784858,1,1,1
1047.081481666,1,1,0
1047.081482158,1,0,0
1047.081483486,0,0,0
1047.220179598,0,0,1
1047.220179698,0,1,1
1047.220180896,1,1,1
1047.358876206,1,0,1
1047.358877548,1,0,0
1047.358878524,0,0,0
1047.497604416,0,0,1
1047.497605746,0,1,1
1047.497607058,1,1,1
1047.636333368,1,1,0
1047.636334190,1,0,0
1047.636335624,0,0,0
1047.775031792,0,1,0
1047.775033236,0,1,1
1047.775034158,1,1,1
1047.913761186,1,1,0
1047.913761238,1,0,0
1047.913762726,0,0,0
1048.052457118,0,0,1
1048.052458778,0,1,1
1048.052460258,1,1,1
1048.191156006,1,1,0
1048.191156348,1,0,0
1048.191157826,0,0,0
1048.329854762,0,1,0
1048.329854872,0,1,1
1048.329856360,1,1,1
1048.468551834,1,0,1
1048.468552826,1,0,0
1048.468553926,0,0,0
1048.607250748,0,1,0
1048.607250754,0,1,1
1048.607252460,1,1,1
1048.745947642,1,1,0
1048.745949380,1,0,0
1048.745950026,0,0,0
1048.884645982,0,1,0
1048.884646572,0,1,1
1048.884647560,1,1,1
1049.023344428,1,0,1
1049.023345524,1,0,0
1049.023346126,0,0,0
1049.162042968,0,1,0
1049.162043456,0,1,1
1049.162043722,1,1,1
1049.300739342,1,1,0
1049.300739538,1,0,0
1049.300741226,0,0,0
1049.439497954,0,1,0
1049.439500212,0,1,1
1049.439500760,1,1,1
1049.578196522,1,0,1
1049.578197100,1,0,0
1049.578198324,0,0,0
1049.716895000,0,1,0
1049.716895030,0,1,1
1049.716896922,1,1,1
1049.855591982,1,1,0
1049.855592570,1,0,0
1049.855594488,0,0,0
1049.994289912,0,0,1
1049.994290046,0,1,1
1049.994291960,1,1,1
1050.132988800,1,1,0
1050.132989492,1,0,0
1050.132990526,0,0,0
1050.271686096,0,1,0
1050.271686730,0,1,1
1050.271688060,1,1,1
1050.410444620,1,1,0
1050.410446602,1,0,0
1050.410447688,0,0,0
1050.549143548,0,0,1
1050.549144142,0,1,1
1050.549145224,1,1,1
1050.687871438,1,1,0
1050.687871462,1,0,0
1050.687873726,0,0,0
1050.826600126,0,1,0
1050.826600368,0,1,1
1050.826602322,1,1,1
1050.965298696,1,0,1
1050.965299256,1,0,0
1050.965299888,0,0,0
1051.103996174,0,1,0
1051.103997186,0,1,1
1051.103998422,1,1,1
1051.242694682,1,0,1
1051.242695138,1,0,0
1051.242695988,0,0,0
1051.381391006,0,0,1
1051.381391158,0,1,1
1051.381393460,1,1,1
1051.520090792,1,0,1
1051.520090956,1,0,0
1051.520092026,0,0,0
1051.658787826,0,0,1
1051.658788332,0,1,1
1051.658789622,1,1,1
1051.797485714,1,1,0
1051.797486776,1,0,0
1051.797488188,0,0,0
1051.936213644,0,0,1
1051.936215316,0,1,1
1051.936216722,1,1,1
1052.074942596,1,1,0
1052.074942760,1,0,0
1052.074944290,0,0,0
1052.213671364,0,1,0
1052.213672464,0,1,1
1052.213672822,1,1,1
1052.352368872,1,0,1
1052.352369414,1,0,0
1052.352371390,0,0,0
1052.491067348,0,1,0
1052.491068344,0,1,1
1052.491068922,1,1,1
1052.629764918,1,0,1
1052.629766296,1,0,0
1052.629767488,0,0,0
1052.768492164,0,0,1
1052.768493396,0,1,1
1052.768494960,1,1,1
1052.907191964,1,0,1
1052.907193116,1,0,0
1052.907193590,0,0,0
1053.045888442,0,1,0
1053.045889918,0,1,1
1053.045891124,1,1,1
1053.184588950,1,0,1
1053.184589690,0,0,1
1053.184589870,0,0,0
1053.323346490,0,1,0
1053.323346800,0,1,1
1053.323348222,1,1,1
1053.462104998,1,0,1
1053.462105690,1,0,0
1053.462106790,0,0,0
1053.600803558,0,0,1
1053.600804538,0,1,1
1053.600805324,1,1,1
1053.739501572,1,1,0
1053.739502044,1,0,0
1053.739502890,0,0,0
1053.878199502,0,0,1
1053.878200460,0,1,1
1053.878201424,1,1,1
1054.016896390,1,1,0
1054.016898990,0,1,0
1054.016899092,0,0,0
1054.155625258,0,0,1
1054.155627522,1,0,1
1054.155627570,1,1,1
1054.294324210,1,1,0
1054.294325076,1,0,0
1054.294325088,0,0,0
1054.433051076,0,0,1
1054.433051554,0,1,1
1054.433053622,1,1,1
1054.571751124,1,0,1
1054.571752028,1,0,0
1054.571752190,0,0,0
1054.710448664,0,1,0
1054.710448958,0,1,1
1054.710449786,1,1,1
1054.849176846,1,1,0
1054.849177110,1,0,0
1054.849178290,0,0,0
1054.987873712,0,1,0
1054.987874964,0,1,1
1054.987875822,1,1,1
1055.126602666,1,1,0
1055.126603218,1,0,0
1055.126604390,0,0,0
1055.265300596,0,0,1
1055.265300696,0,1,1
1055.265302922,1,1,1
1055.403999202,1,0,1
1055.403999482,1,0,0
1055.404000490,0,0,0
1055.542727414,0,0,1
1055.542727742,0,1,1
1055.542729022,1,1,1
1055.681425248,1,0,1
1055.681425364,1,0,0
1055.681426650,0,0,0
1055.820123232,0,0,1
1055.820123790,0,1,1
1055.820125184,1,1,1
1055.958821182,1,1,0
1055.958822298,1,0,0
1055.958822688,0,0,0
1056.097519774,0,1,0
1056.097520052,0,1,1
1056.097521284,1,1,1
1056.236216344,1,0,1
1056.236218002,1,0,0
1056.236218852,0,0,0
1056.374913932,0,0,1
1056.374914820,0,1,1
1056.374916384,1,1,1
1056.513612758,1,1,0
1056.513614390,1,0,0
1056.513614888,0,0,0
1056.652341752,0,0,1
1056.652341868,0,1,1
1056.652343482,1,1,1
1056.791040014,1,1,0
1056.791040438,1,0,0
1056.791040988,0,0,0
1056.929736914,0,1,0
1056.929738570,0,1,1
1056.929738582,1,1,1
1057.068435422,1,0,1
1057.068436458,1,0,0
1057.068437150,0,0,0
1057.207131388,0,0,1
1057.207132962,0,1,1
1057.207134746,1,1,1
1057.345861530,1,0,1
1057.345862276,1,0,0
1057.345863250,0,0,0
1057.484590206,0,0,1
1057.484591008,0,1,1
1057.484591782,1,1,1
1057.623318516,1,0,1
1057.623319094,1,0,0
1057.623320348,0,0,0
1057.762047024,0,0,1
1057.762048056,0,1,1
1057.762048882,1,1,1
1057.900744562,1,0,1
1057.900745912,1,0,0
1057.900746448,0,0,0
1058.039443040,0,1,0
1058.039443842,0,1,1
1058.039444982,1,1,1
1058.178170794,1,1,0
1058.178171608,1,0,0
1058.178173548,0,0,0
1058.316869150,0,1,0
1058.316869662,0,1,1
1058.316871082,1,1,1
1058.455566548,1,1,0
1058.455566592,1,0,0
1058.455568708,0,0,0
1058.594265132,0,1,0
1058.594266544,0,1,1
1058.594267180,1,1,1
1058.732994430,1,1,0
1058.732995638,1,0,0
1058.732995746,0,0,0
1058.871723118,0,1,0
1058.871723360,0,1,1
1058.871724280,1,1,1
1059.010420248,1,1,0
1059.010420686,1,0,0
1059.010421846,0,0,0
1059.149117162,0,1,0
1059.149118116,0,1,1
1059.149119440,1,1,1
1059.287846066,1,1,0
1059.287846732,1,0,0
1059.287847944,0,0,0
1059.426544996,0,0,1
1059.426545210,0,1,1
1059.426546540,1,1,1
1059.565241886,1,1,0
1059.565242716,1,0,0
1059.565244108,0,0,0
1059.703939814,0,0,1
1059.703941256,0,1,1
1059.703941578,1,1,1
1059.842637766,1,1,0
1059.842638762,1,0,0
1059.842640206,0,0,0
1059.981337302,0,1,0
1059.981337570,0,1,1
1059.981337676,1,1,1
1060.120034522,1,1,0
1060.120034810,1,0,0
1060.120036244,0,0,0
1060.258792286,0,1,0
1060.258794452,0,1,1
1060.258794838,1,1,1
1060.397490856,1,0,1
1060.397491088,1,0,0
1060.397492342,0,0,0
1060.536218332,0,0,1
1060.536219332,0,1,1
1060.536220938,1,1,1
1060.674917902,1,0,1
1060.674918158,1,0,0
1060.674919566,0,0,0
1060.813645442,0,1,0
1060.813646150,0,1,1
1060.813648036,1,1,1
1060.952343100,1,1,0
1060.952343948,1,0,0
1060.952345604,0,0,0
1061.091041906,0,0,1
1061.091042426,0,1,1
1061.091043074,1,1,1
1061.229739856,1,1,0
1061.229739994,1,0,0
1061.229741702,0,0,0
1061.368437472,0,1,0
1061.368437788,0,1,1
1061.368439236,1,1,1
1061.507135612,1,1,0
1061.507135854,1,0,0
1061.507137864,0,0,0
1061.645863542,0,0,1
1061.645864456,0,1,1
1061.645865336,1,1,1
1061.784591494,1,1,0
1061.784592024,1,0,0
1061.784593838,0,0,0
1061.923290502,0,1,0
1061.923291422,0,1,1
1061.923292434,1,1,1
1062.061989070,1,0,1
1062.061989372,1,0,0
1062.061990002,0,0,0
1062.200686610,0,1,0
1062.200687554,0,1,1
1062.200688598,1,1,1
1062.339385054,1,0,1
1062.339385130,1,0,0
1062.339386100,0,0,0
1062.478113122,0,0,1
1062.478113658,0,1,1
1062.478114696,1,1,1
1062.616810008,1,1,0
1062.616811226,1,0,0
1062.616812200,0,0,0
1062.755509640,0,1,0
1062.755509878,0,1,1
1062.755510732,1,1,1
1062.894236828,1,1,0
1062.894238146,1,0,0
1062.894239298,0,0,0
1063.032935758,0,0,1
1063.032936624,0,1,1
1063.032936832,1,1,1
1063.171633194,1,0,1
1063.171633646,1,0,0
1063.171634398,0,0,0
1063.310331576,0,0,1
1063.310332734,0,1,1
1063.310332992,1,1,1
1063.449059240,1,0,1
1063.449060462,1,0,0
1063.449061496,0,0,0
1063.587756528,0,1,0
1063.587757330,0,1,1
1063.587759092,1,1,1
1063.726454282,1,1,0
1063.726455286,1,0,0
1063.726456658,0,0,0
1063.865152762,0,1,0
1063.865154212,0,1,1
1063.865155130,1,1,1
1064.003851162,1,1,0
1064.003851270,1,0,0
1064.003852758,0,0,0
1064.142548966,0,0,1
1064.142549872,0,1,1
1064.142551290,1,1,1
1064.281246378,1,0,1
1064.281246918,1,0,0
1064.281248856,0,0,0
1064.419945848,0,0,1
1064.419945854,0,1,1
1064.419946388,1,1,1
1064.558643362,1,0,1
1064.558643734,1,0,0
1064.558644954,0,0,0
1064.697340902,0,1,0
1064.697341666,0,1,1
1064.697342488,1,1,1
1064.836039472,1,0,1
1064.836040616,1,0,0
1064.836040990,0,0,0
1064.974736948,0,1,0
1064.974737546,0,1,1
1064.974738524,1,1,1
1065.113433456,1,0,1
1065.113434370,1,0,0
1065.113436152,0,0,0
1065.252132932,0,1,0
1065.252133302,0,1,1
1065.252134686,1,1,1
1065.390830252,1,1,0
1065.390831500,1,0,0
1065.390832190,0,0,0
1065.529529118,0,0,1
1065.529529916,0,1,1
1065.529530786,1,1,1
1065.668226484,1,0,1
1065.668227068,1,0,0
1065.668228352,0,0,0
1065.806923936,0,0,1
1065.806924024,0,1,1
1065.806925884,1,1,1
1065.945622594,1,0,1
1065.945622950,1,0,0
1065.945624450,0,0,0
1066.084320134,0,1,0
1066.084320816,0,1,1
1066.084321982,1,1,1
1066.223017704,1,1,0
1066.223019578,1,0,0
1066.223020548,0,0,0
1066.361716634,0,0,1
1066.361717116,0,1,1
1066.361718082,1,1,1
1066.500414586,1,1,0
1066.500414622,1,0,0
1066.500415648,0,0,0
1066.639112390,0,0,1
1066.639113100,0,1,1
1066.639114182,1,1,1
1066.777810402,1,1,0
1066.777810606,1,0,0
1066.777811746,0,0,0
1066.916538146,0,1,0
1066.916538332,0,1,1
1066.916540280,1,1,1
1067.055266220,1,1,0
1067.055267714,1,0,0
1067.055268846,0,0,0
1067.193964254,0,1,0
1067.193965150,0,1,1
1067.193966378,1,1,1
1067.332692700,1,0,1
1067.332694038,1,0,0
1067.332694944,0,0,0
1067.471391238,0,1,0
1067.471391968,0,1,1
1067.471393478,1,1,1
1067.610119918,1,1,0
1067.610120744,1,0,0
1067.610122042,0,0,0
1067.748817284,0,1,0
1067.748818724,0,1,1
1067.748819576,1,1,1
1067.887514674,1,1,0
1067.887515790,1,0,0
1067.887517142,0,0,0
1068.026214330,0,1,0
1068.026215604,0,1,1
1068.026215674,1,1,1
1068.164911774,1,0,1
1068.164912490,1,0,0
1068.164913302,0,0,0
1068.303608422,0,0,1
1068.303609314,0,1,1
1068.303610774,1,1,1
1068.442308308,1,1,0
1068.442308820,1,0,0
1068.442309340,0,0,0
1068.581005238,0,0,1
1068.581005422,0,1,1
1068.581006936,1,1,1
1068.719733190,1,1,0
1068.719733928,1,0,0
1068.719735438,0,0,0
1068.858462056,0,0,1
1068.858462404,0,1,1
1068.858464034,1,1,1
1068.997189910,1,0,1
1068.997190008,1,0,0
1068.997192538,0,0,0
1069.135918874,0,0,1
1069.135919388,0,1,1
1069.135921070,1,1,1
1069.274616824,1,1,0
1069.274616958,1,0,0
1069.274618636,0,0,0
1069.413315496,0,1,0
1069.413315690,0,1,1
1069.413317168,1,1,1
1069.552012642,1,1,0
1069.552014066,1,0,0
1069.552014798,0,0,0
1069.690710480,0,1,0
1069.690711570,0,1,1
1069.690712266,1,1,1
1069.829409048,1,0,1
1069.829410458,1,0,0
1069.829410834,0,0,0
1069.968106326,0,0,1
1069.968106588,0,1,1
1069.968108428,1,1,1
1070.106804906,1,0,1
1070.106806340,1,0,0
1070.106806932,0,0,0
1070.245503206,0,0,1
1070.245503570,0,1,1
1070.245504526,1,1,1
1070.384232140,1,0,1
1070.384232156,1,0,0
1070.384233092,0,0,0
1070.522928680,0,1,0
1070.522930024,0,1,1
1070.522930562,1,1,1
1070.661626910,1,1,0
1070.661628124,1,0,0
1070.661629192,0,0,0
1070.800325600,0,1,0
1070.800325840,0,1,1
1070.800326724,1,1,1
1070.939083728,1,1,0
1070.939084168,1,0,0
1070.939086290,0,0,0
1071.077781646,0,1,0
1071.077781782,0,1,1
1071.077783824,1,1,1
1071.216479608,1,1,0
1071.216481214,1,0,0
1071.216481326,0,0,0
1071.355207476,0,0,1
1071.355208690,0,1,1
1071.355209920,1,1,1
1071.493937196,1,0,1
1071.493938424,0,0,1
1071.493938426,0,0,0
1071.632635736,0,1,0
1071.632636354,0,1,1
1071.632637018,1,1,1
1071.771363242,1,1,0
1071.771363306,1,0,0
1071.771364522,0,0,0
1071.910061172,0,0,1
1071.910061780,0,1,1
1071.910063118,1,1,1
1072.048789350,1,0,1
1072.048791060,1,0,0
1072.048791684,0,0,0
1072.187518764,0,1,0
1072.187518988,0,1,1
1072.187520216,1,1,1
1072.326215270,1,0,1
1072.326215876,1,0,0
1072.326217782,0,0,0
1072.464944810,0,1,0
1072.464945806,0,1,1
1072.464946314,1,1,1
1072.603641316,1,0,1
1072.603641692,1,0,0
1072.603643880,0,0,0
1072.742340622,0,0,1
1072.742340854,0,1,1
1072.742342412,1,1,1
1072.881038424,1,0,1
1072.881038572,1,0,0
1072.881039978,0,0,0
1073.019765502,0,0,1
1073.019767900,0,1,1
1073.019768510,1,1,1
1073.158496326,1,1,0
1073.158496468,1,0,0
1073.158497076,0,0,0
1073.297224944,0,1,0
1073.297225194,0,1,1
1073.297225672,1,1,1
1073.435921452,1,0,1
1073.435922206,1,0,0
1073.435923174,0,0,0
1073.574620052,0,1,0
1073.574621072,0,1,1
1073.574621708,1,1,1
1073.713347962,1,1,0
1073.713348434,1,0,0
1073.713350210,0,0,0
1073.852045972,0,1,0
1073.852046890,0,1,1
1073.852047806,1,1,1
1073.990743840,1,1,0
1073.990744480,1,0,0
1073.990745370,0,0,0
1074.129503708,0,0,1
1074.129504080,0,1,1
1074.129504904,1,1,1
1074.268199900,1,0,1
1074.268200658,1,0,0
1074.268202468,0,0,0
1074.406899524,0,0,1
1074.406900064,0,1,1
1074.406901066,1,1,1
1074.545596474,1,1,0
1074.545596570,1,0,0
1074.545598568,0,0,0
1074.684324404,0,0,1
1074.684325046,0,1,1
1074.684327100,1,1,1
1074.823022614,1,0,1
1074.823023352,1,0,0
1074.823024666,0,0,0
1074.961722154,0,1,0
1074.961722158,0,1,1
1074.961723198,1,1,1
1075.100419108,1,1,0
1075.100419660,1,0,0
1075.100420762,0,0,0
1075.239116198,0,1,0
1075.239117100,0,1,1
1075.239118296,1,1,1
1075.377876704,1,0,1
1075.377876988,1,0,0
1075.377877862,0,0,0
1075.516573854,0,0,1
1075.516574182,0,1,1
1075.516575332,1,1,1
1075.655271740,1,1,0
1075.655272750,1,0,0
1075.655273960,0,0,0
1075.793969226,0,1,0
1075.793971492,1,1,0
1075.793971670,1,1,1
1075.932666732,1,0,1
1075.932667620,1,0,0
1075.932669060,0,0,0
1076.071365488,0,0,1
1076.071366208,0,1,1
1076.071367590,1,1,1
1076.210062840,1,0,1
1076.210064436,1,0,0
1076.210065156,0,0,0
1076.348762318,0,1,0
1076.348762366,0,1,1
1076.348763690,1,1,1
1076.487460316,1,1,0
1076.487460760,1,0,0
1076.487461254,0,0,0
1076.626158184,0,0,1
1076.626158298,0,1,1
1076.626158788,1,1,1
1076.764885070,1,1,0
1076.764885868,1,0,0
1076.764887416,0,0,0
1076.903584344,0,1,0
1076.903584938,0,1,1
1076.903585884,1,1,1
1077.042280886,1,1,0
1077.042281912,1,0,0
1077.042283450,0,0,0
1077.181040388,0,1,0
1077.181040878,0,1,1
1077.181043044,1,1,1
1077.319738704,1,1,0
1077.319738894,1,0,0
1077.319740548,0,0,0
1077.458467372,0,1,0
1077.458467632,0,1,1
1077.458469080,1,1,1
1077.597164938,1,0,1
1077.597165582,1,0,0
1077.597166710,0,0,0
1077.735863478,0,1,0
1077.735864448,0,1,1
1077.735865178,1,1,1
1077.874560046,1,0,1
1077.874562398,1,0,0
1077.874562806,0,0,0
1078.013258328,0,0,1
1078.013258460,0,1,1
1078.013260274,1,1,1
1078.151957216,1,1,0
1078.151958030,1,0,0
1078.151958904,0,0,0
1078.290654568,0,1,0
1078.290656080,0,1,1
1078.290656436,1,1,1
1078.429352032,1,1,0
1078.429354074,1,0,0
1078.429354940,0,0,0
1078.568081550,0,1,0
1078.568081960,0,1,1
1078.568083536,1,1,1
1078.706809618,1,0,1
1078.706809848,1,0,0
1078.706811036,0,0,0
1078.845507594,0,1,0
1078.845507776,0,1,1
1078.845509632,1,1,1
1078.984206100,1,0,1
1078.984206664,1,0,0
1078.984207198,0,0,0
1079.122903594,0,0,1
1079.122904640,0,1,1
1079.122905668,1,1,1
1079.261601208,1,0,1
1079.261601480,1,0,0
1079.261603294,0,0,0
1079.400299410,0,0,1
1079.400299684,0,1,1
1079.400300826,1,1,1
1079.539027252,1,0,1
1079.539028358,1,0,0
1079.539029392,0,0,0
1079.677755728,0,1,0
1079.677756226,0,1,1
1079.677757926,1,1,1
1079.816455234,1,0,1
1079.816456112,1,0,0
1079.816456490,0,0,0
1079.955153042,0,0,1
1079.955153774,0,1,1
1079.955154022,1,1,1
1080.093880278,1,0,1
1080.093881430,1,0,0
1080.093882652,0,0,0
1080.232577818,0,1,0
1080.232578858,0,1,1
1080.232580120,1,1,1
1080.371275808,1,1,0
1080.371278324,1,0,0
1080.371278686,0,0,0
1080.509973736,0,0,1
1080.509974800,0,1,1
1080.509976218,1,1,1
1080.648733306,1,0,1
1080.648733624,1,0,0
1080.648734784,0,0,0
1080.787461490,0,0,1
1080.787462844,0,1,1
1080.787463316,1,1,1
1080.926221350,1,0,1
1080.926221440,1,0,0
1080.926222942,0,0,0
1081.064919306,0,0,1
1081.064919826,0,1,1
1081.064920414,1,1,1
1081.203616396,1,0,1
1081.203617258,1,0,0
1081.203618980,0,0,0
1081.342314934,0,1,0
1081.342315186,0,1,1
1081.342316574,1,1,1
1081.481012072,1,1,0
1081.481012438,1,0,0
1081.481014076,0,0,0
1081.619771916,0,1,0
1081.619773064,0,1,1
1081.619773670,1,1,1
1081.758469482,1,0,1
1081.758469950,1,0,0
1081.758471174,0,0,0
1081.897197960,0,1,0
1081.897199006,0,1,1
1081.897199770,1,1,1
1082.035895768,1,1,0
1082.035897528,1,0,0
1082.035898334,0,0,0
1082.174593634,0,0,1
1082.174594004,0,1,1
1082.174595804,1,1,1
1082.313323576,1,0,1
1082.313323584,1,0,0
1082.313324432,0,0,0
1082.452112512,0,0,1
1082.452113048,0,1,1
1082.452113904,1,1,1
1082.590808554,1,0,1
1082.590810338,1,0,0
1082.590811466,0,0,0
1082.729538330,0,0,1
1082.729539030,0,1,1
1082.729540062,1,1,1
1082.868235598,1,0,1
1082.868236216,1,0,0
1082.868237564,0,0,0
1083.006964136,0,1,0
1083.006964144,0,1,1
1083.006966160,1,1,1
1083.145662094,1,1,0
1083.145663644,1,0,0
1083.145664662,0,0,0
1083.284422182,0,1,0
1083.284423022,0,1,1
1083.284423258,1,1,1
1083.423119688,1,0,1
1083.423120910,1,0,0
1083.423121758,0,0,0
1083.561817226,0,1,0
1083.561817776,0,1,1
1083.561819354,1,1,1
1083.700514726,1,1,0
1083.700515732,1,0,0
1083.700516920,0,0,0
1083.839274656,0,0,1
1083.839275206,0,1,1
1083.839276452,1,1,1
1083.978003542,1,1,0
1083.978003712,1,0,0
1083.978004954,0,0,0
1084.116762250,0,1,0
1084.116762408,0,1,1
1084.116763612,1,1,1
1084.255460358,1,1,0
1084.255460758,1,0,0
1084.255462116,0,0,0
1084.394157294,0,1,0
1084.394158286,0,1,1
1084.394159648,1,1,1
1084.532855174,1,1,0
1084.532856862,1,0,0
1084.532857212,0,0,0
1084.671554276,0,1,0
1084.671555102,0,1,1
1084.671555682,1,1,1
1084.810251846,1,0,1
1084.810251988,1,0,0
1084.810253310,0,0,0
1084.948948384,0,1,0
1084.948948856,0,1,1
1084.948950842,1,1,1
1085.087647806,1,1,0
1085.087647888,1,0,0
1085.087649408,0,0,0
1085.226344734,0,0,1
1085.226345428,0,1,1
1085.226346876,1,1,1
1085.365042872,1,0,1
1085.365043684,1,0,0
1085.365045504,0,0,0
1085.503742410,0,1,0
1085.503742676,0,1,1
1085.503743036,1,1,1
1085.642439978,1,0,1
1085.642440438,1,0,0
1085.642440538,0,0,0
1085.781137366,0,0,1
1085.781138392,0,1,1
1085.781139134,1,1,1
1085.919835316,1,1,0
1085.919835960,1,0,0
1085.919836698,0,0,0
1086.058563498,0,1,0
1086.058564182,0,1,1
1086.058565232,1,1,1
1086.197262130,1,1,0
1086.197263004,1,0,0
1086.197263796,0,0,0
1086.335959482,0,1,0
1086.335960060,0,1,1
1086.335961330,1,1,1
1086.474656948,1,1,0
1086.474658048,1,0,0
1086.474658894,0,0,0
1086.613355524,0,1,0
1086.613355816,0,1,1
1086.613357364,1,1,1
1086.752052764,1,1,0
1086.752054092,1,0,0
1086.752054990,0,0,0
1086.890750630,0,0,1
1086.890752568,0,1,1
1086.890753586,1,1,1
1087.029449136,1,0,1
1087.029449580,1,0,0
1087.029451088,0,0,0
1087.168178508,0,0,1
1087.168178612,0,1,1
1087.168179620,1,1,1
1087.306907118,1,0,1
1087.306907646,1,0,0
1087.306908246,0,0,0
1087.445603594,0,1,0
1087.445605322,0,1,1
1087.445605780,1,1,1
1087.584303162,1,0,1
1087.584304274,1,0,0
1087.584304344,0,0,0
1087.723000140,0,0,1
1087.723000700,0,1,1
1087.723001814,1,1,1
1087.861698026,1,1,0
1087.861698268,1,0,0
1087.861699380,0,0,0
1088.000395620,0,1,0
1088.000396954,0,1,1
1088.000397974,1,1,1
1088.139092904,1,1,0
1088.139093250,1,0,0
1088.139095538,0,0,0
1088.277790726,0,1,0
1088.277792770,0,1,1
1088.277793010,1,1,1
1088.416520232,1,0,1
1088.416520720,1,0,0
1088.416521638,0,0,0
1088.555217650,0,0,1
1088.555218770,0,1,1
1088.555220106,1,1,1
1088.693915472,1,1,0
1088.693916340,1,0,0
1088.693917670,0,0,0
1088.832644752,0,1,0
1088.832645464,0,1,1
1088.832646266,1,1,1
1088.971373352,1,1,0
1088.971374382,1,0,0
1088.971374830,0,0,0
1089.110070280,0,0,1
1089.110071796,0,1,1
1089.110072362,1,1,1
1089.248769166,1,1,0
1089.248769364,1,0,0
1089.248770864,0,0,0
1089.387497840,0,1,0
1089.387498034,0,1,1
1089.387499460,1,1,1
1089.526195344,1,0,1
1089.526195982,1,0,0
1089.526197024,0,0,0
1089.664892884,0,1,0
1089.664893912,0,1,1
1089.664894494,1,1,1
1089.803591798,1,1,0
1089.803592452,1,0,0
1089.803593122,0,0,0
1089.942349928,0,1,0
1089.942350726,0,1,1
1089.942351654,1,1,1
1090.081048496,1,0,1
1090.081049612,1,0,0
1090.081050218,0,0,0
1090.219745604,0,0,1
1090.219745972,0,1,1
1090.219747750,1,1,1
1090.358443476,1,0,1
1090.358443552,1,0,0
1090.358445316,0,0,0
1090.497141356,0,0,1
1090.497143014,0,1,1
1090.497143848,1,1,1
1090.635839306,1,1,0
1090.635839584,1,0,0
1090.635841412,0,0,0
1090.774538234,0,0,1
1090.774538996,0,1,1
1090.774540008,1,1,1
1090.913236120,1,1,0
1090.913237510,0,1,0
1090.913237564,0,0,0
1091.051964986,0,0,1
1091.051965040,0,1,1
1091.051966042,1,1,1
1091.190662608,1,0,1
1091.190662938,1,0,0
1091.190663606,0,0,0
1091.329360084,0,1,0
1091.329360866,0,1,1
1091.329362140,1,1,1
1091.468057652,1,0,1
1091.468058814,1,0,0
1091.468059766,0,0,0
1091.606756616,0,0,1
1091.606757064,0,1,1
1091.606758298,1,1,1
1091.745453696,1,0,1
1091.745454630,1,0,0
1091.745455800,0,0,0
1091.884151496,0,0,1
1091.884152172,0,1,1
1091.884153334,1,1,1
1092.022850738,1,0,1
1092.022851382,1,0,0
1092.022851960,0,0,0
1092.161548152,0,1,0
1092.161548310,0,1,1
1092.161549430,1,1,1
1092.300244722,1,0,1
1092.300245260,1,0,0
1092.300246994,0,0,0
1092.438943188,0,0,1
1092.438944258,0,1,1
1092.438945588,1,1,1
1092.577641324,1,1,0
1092.577642764,1,0,0
1092.577643154,0,0,0
1092.716340238,0,1,0
1092.716340564,0,1,1
1092.716341624,1,1,1
1092.855037890,1,1,0
1092.855038808,1,0,0
1092.855039188,0,0,0
1092.993735284,0,1,0
1092.993735818,0,1,1
1092.993736784,1,1,1
1093.132494768,1,1,0
1093.132494852,1,0,0
1093.132496348,0,0,0
1093.271191634,0,0,1
1093.271192328,0,1,1
1093.271193880,1,1,1
1093.409920832,1,0,1
1093.409921520,1,0,0
1093.409922444,0,0,0
1093.548619370,0,1,0
1093.548619448,0,1,1
1093.548620916,1,1,1
1093.687316374,1,0,1
1093.687317334,1,0,0
1093.687318478,0,0,0
1093.826045262,0,0,1
1093.826045414,0,1,1
1093.826047010,1,1,1
1093.964742212,1,1,0
1093.964742918,1,0,0
1093.964744638,0,0,0
1094.103441078,0,0,1
1094.103441456,0,1,1
1094.103443108,1,1,1
1094.242139026,1,1,0
1094.242139962,1,0,0
1094.242140672,0,0,0
1094.380867500,0,1,0
1094.380867892,0,1,1
1094.380869268,1,1,1
1094.519564778,1,1,0
1094.519566006,1,0,0
1094.519566768,0,0,0
1094.658262708,0,0,1
1094.658263482,0,1,1
1094.658265302,1,1,1
1094.796960048,1,0,1
1094.796961656,1,0,0
1094.796962928,0,0,0
1094.935659584,0,0,1
1094.935661398,1,0,1
1094.935661524,1,1,1
1095.074387030,1,0,1
1095.074388472,1,0,0
1095.074388964,0,0,0
1095.213086400,0,0,1
1095.213086566,0,1,1
1095.213087556,1,1,1
1095.351814286,1,1,0
1095.351815072,1,0,0
1095.351816122,0,0,0
1095.490510610,0,1,0
1095.490512214,0,1,1
1095.490513654,1,1,1
1095.629239100,1,1,0
1095.629241116,1,0,0
1095.629242156,0,0,0
1095.767969592,0,1,0
1095.767970028,0,1,1
1095.767970750,1,1,1
1095.906667472,1,0,1
1095.906667978,1,0,0
1095.906668314,0,0,0
1096.045395572,0,1,0
1096.045396848,1,1,0
1096.045396906,1,1,1
1096.184093202,1,0,1
1096.184093794,1,0,0
1096.184095414,0,0,0
1096.322791658,0,0,1
1096.322791678,0,1,1
1096.322792944,1,1,1
1096.461488606,1,1,0
1096.461489246,1,0,0
1096.461490508,0,0,0
1096.600186472,0,0,1
1096.600187722,0,1,1
1096.600189040,1,1,1
1096.738884226,1,0,1
1096.738884422,1,0,0
1096.738886542,0,0,0
1096.877584352,0,0,1
1096.877584764,0,1,1
1096.877585136,1,1,1
1097.016281236,1,1,0
1097.016282206,1,0,0
1097.016282700,0,0,0
1097.154977746,0,1,0
1097.154978166,0,1,1
1097.154980172,1,1,1
1097.293677114,1,1,0
1097.293677314,1,0,0
1097.293678798,0,0,0
1097.432374852,0,1,0
1097.432375918,0,1,1
1097.432376328,1,1,1
1097.571072866,1,1,0
1097.571073356,1,0,0
1097.571074894,0,0,0
1097.709770832,0,1,0
1097.709771794,0,1,1
1097.709772426,1,1,1
1097.848467400,1,0,1
1097.848468744,1,0,0
1097.848469990,0,0,0
1097.987166812,0,1,0
1097.987167610,0,1,1
1097.987168522,1,1,1
1098.125864380,1,0,1
1098.125864558,1,0,0
1098.125866084,0,0,0
1098.264562918,0,1,0
1098.264563424,0,1,1
1098.264564618,1,1,1
1098.403260372,1,1,0
1098.403260424,1,0,0
1098.403262182,0,0,0
1098.541958024,0,1,0
1098.541958238,0,1,1
1098.541959714,1,1,1
1098.680656186,1,1,0
1098.680656466,1,0,0
1098.680658280,0,0,0
1098.819353004,0,1,0
1098.819354116,0,1,1
1098.819355812,1,1,1
1098.958053002,1,1,0
1098.958053572,1,0,0
1098.958054376,0,0,0
1099.096749866,0,0,1
1099.096749984,0,1,1
1099.096751968,1,1,1
1099.235448492,1,0,1
1099.235448816,1,0,0
1099.235449470,0,0,0
1099.374145744,0,0,1
1099.374146028,0,1,1
1099.374148002,1,1,1
1099.512843694,1,1,0
1099.512844596,1,0,0
1099.512845566,0,0,0
1099.651541560,0,0,1
1099.651542072,0,1,1
1099.651543098,1,1,1
1099.790240576,1,0,1
1099.790241444,1,0,0
1099.790241662,0,0,0
1099.928968372,0,0,1
1099.928969052,0,1,1
1099.928970258,1,1,1
1100.067664744,1,0,1
1100.067666258,1,0,0
1100.067667758,0,0,0
1100.206365156,0,1,0
1100.206365188,0,1,1
1100.206366290,1,1,1
1100.345090724,1,0,1
1100.345092136,1,0,0
1100.345093792,0,0,0
1100.483790138,0,1,0
1100.483792002,0,1,1
1100.483792448,1,1,1
1100.622487950,1,1,0
1100.622488704,1,0,0
1100.622489950,0,0,0
1100.761185878,0,0,1
1100.761187242,0,1,1
1100.761188546,1,1,1
1100.899884686,1,0,1
1100.899884764,1,0,0
1100.899885984,0,0,0
1101.038581222,0,1,0
1101.038581694,0,1,1
1101.038583640,1,1,1
1101.177280578,1,1,0
1101.177281728,1,0,0
1101.177282206,0,0,0
1101.315978266,0,1,0
1101.315978508,0,1,1
1101.315979674,1,1,1
1101.454675770,1,0,1
1101.454676394,1,0,0
1101.454678238,0,0,0
1101.593374308,0,1,0
1101.593374698,0,1,1
1101.593375832,1,1,1
1101.732070812,1,0,1
1101.732072208,1,0,0
1101.732073396,0,0,0
1101.870801074,0,0,1
1101.870801288,0,1,1
1101.870801866,1,1,1
1102.009497856,1,0,1
1102.009498022,1,0,0
1102.009500492,0,0,0
1102.148227332,0,1,0
1102.148228012,0,1,1
1102.148228962,1,1,1
1102.286924836,1,1,0
1102.286925898,1,0,0
1102.286926590,0,0,0
1102.425621764,0,0,1
1102.425622374,0,1,1
1102.425624120,1,1,1
1102.564320714,1,1,0
1102.564321942,1,0,0
1102.564322620,0,0,0
1102.703018416,0,1,0
1102.703019578,0,1,1
1102.703020152,1,1,1
1102.841716922,1,0,1
1102.841718526,1,0,0
1102.841718778,0,0,0
1102.980415454,0,0,1
1102.980415460,0,1,1
1102.980416312,1,1,1
1103.119112964,1,0,1
1103.119113342,1,0,0
1103.119113810,0,0,0
1103.257840268,0,0,1
1103.257841440,0,1,1
1103.257842406,1,1,1
1103.396539654,1,1,0
1103.396540006,1,0,0
1103.396540970,0,0,0
1103.535237082,0,0,1
1103.535237544,0,1,1
1103.535238502,1,1,1
1103.673933986,1,0,1
1103.673935032,1,0,0
1103.673936066,0,0,0
1103.812632586,0,1,0
1103.812633896,0,1,1
1103.812634596,1,1,1
1103.951330846,1,1,0
1103.951331092,1,0,0
1103.951332162,0,0,0
1104.090028566,0,1,0
1104.090029772,0,1,1
1104.090030692,1,1,1
1104.228726598,1,1,0
1104.228727072,1,0,0
1104.228728318,0,0,0
1104.367424588,0,0,1
1104.367424672,0,1,1
1104.367425788,1,1,1
1104.506153364,1,0,1
1104.506153474,1,0,0
1104.506154352,0,0,0
1104.644851338,0,0,1
1104.644851652,0,1,1
1104.644852882,1,1,1
1104.783548288,1,1,0
1104.783550156,1,0,0
1104.783550446,0,0,0
1104.922246694,0,1,0
1104.922247214,0,1,1
1104.922247978,1,1,1
1105.060974198,1,0,1
1105.060975102,1,0,0
1105.060976542,0,0,0
1105.199673030,0,0,1
1105.199673736,0,1,1
1105.199675074,1,1,1
1105.338401976,1,1,0
1105.338403178,1,0,0
1105.338403638,0,0,0
1105.477099716,0,1,0
1105.477099842,0,1,1
1105.477101170,1,1,1
1105.615797282,1,0,1
1105.615797728,1,0,0
1105.615798734,0,0,0
1105.754495656,0,0,1
1105.754495758,0,1,1
1105.754497266,1,1,1
1105.893192264,1,0,1
1105.893194542,1,0,0
1105.893194892,0,0,0
1106.031891470,0,0,1
1106.031891800,0,1,1
1106.031893362,1,1,1
1106.170589306,1,0,1
1106.170590418,1,0,0
1106.170590986,0,0,0
1106.309286346,0,0,1
1106.309286782,0,1,1
1106.309288520,1,1,1
1106.448016232,1,1,0
1106.448016348,1,0,0
1106.448017082,0,0,0
1106.586713010,0,1,0
1106.586715096,0,1,1
1106.586715612,1,1,1
1106.725411890,1,0,1
1106.725411984,1,0,0
1106.725413176,0,0,0
1106.864109974,0,0,1
1106.864110866,0,1,1
1106.864111710,1,1,1
1107.002806858,1,1,0
1107.002808432,1,0,0
1107.002809272,0,0,0
1107.141504786,0,0,1
1107.141505968,0,1,1
1107.141506804,1,1,1
1107.280232672,1,1,0
1107.280234412,1,0,0
1107.280235366,0,0,0
1107.418930948,0,1,0
1107.418932600,0,1,1
1107.418933900,1,1,1
1107.557629486,1,1,0
1107.557629514,1,0,0
1107.557631462,0,0,0
1107.696358414,0,0,1
1107.696358992,0,1,1
1107.696359994,1,1,1
1107.835055496,1,0,1
1107.835056298,1,0,0
1107.835057556,0,0,0
1107.973754226,0,0,1
1107.973754970,0,1,1
1107.973756090,1,1,1
1108.112451538,1,0,1
1108.112453114,1,0,0
1108.112453652,0,0,0
1108.251180102,0,0,1
1108.251181074,0,1,1
1108.251182246,1,1,1
1108.389877578,1,0,1
1108.389878988,1,0,0
1108.389879686,0,0,0
1108.528575854,0,0,1
1108.528577054,0,1,1
1108.528578280,1,1,1
1108.667274620,1,0,1
1108.667274802,1,0,0
1108.667275904,0,0,0
1108.805972596,0,1,0
1108.805972604,0,1,1
1108.805974374,1,1,1
1108.944669726,1,0,1
1108.944670614,1,0,0
1108.944671938,0,0,0
1109.083367074,0,1,0
1109.083368480,0,1,1
1109.083369530,1,1,1
1109.222095490,1,1,0
1109.222095704,1,0,0
1109.222098032,0,0,0
1109.360824356,0,0,1
1109.360825116,0,1,1
1109.360826626,1,1,1
1109.499522684,1,0,1
1109.499523304,1,0,0
1109.499525190,0,0,0
1109.638220220,0,1,0
1109.638221170,0,1,1
1109.638222658,1,1,1
1109.776950054,1,1,0
1109.776950724,1,0,0
1109.776951286,0,0,0
1109.915647984,0,0,1
1109.915648262,0,1,1
1109.915648752,1,1,1
1110.054345930,1,1,0
1110.054346766,1,0,0
1110.054347378,0,0,0
1110.193043242,0,1,0
1110.193043732,0,1,1
1110.193044910,1,1,1
1110.331740808,1,0,1
1110.331741680,1,0,0
1110.331742474,0,0,0
1110.470439284,0,1,0
1110.470440672,0,1,1
1110.470441006,1,1,1
1110.609136788,1,0,1
1110.609137556,1,0,0
1110.609138568,0,0,0
1110.747836324,0,1,0
1110.747836422,0,1,1
1110.747837100,1,1,1
1110.886532370,1,1,0
1110.886532828,1,0,0
1110.886534664,0,0,0
1111.025230298,0,0,1
1111.025231116,0,1,1
1111.025232196,1,1,1
1111.163928870,1,0,1
1111.163929184,1,0,0
1111.163930760,0,0,0
1111.302627112,0,0,1
1111.302627408,0,1,1
1111.302628292,1,1,1
1111.441355912,1,0,1
1111.441355998,1,0,0
1111.441356854,0,0,0
1111.580083388,0,1,0
1111.580083924,0,1,1
1111.580085384,1,1,1
1111.718780810,1,1,0
1111.718780952,1,0,0
1111.718782948,0,0,0
1111.857479428,0,1,0
1111.857479740,0,1,1
1111.857481480,1,1,1
1111.996208624,1,1,0
1111.996208994,1,0,0
1111.996210042,0,0,0
1112.134998408,0,1,0
1112.134998552,0,1,1
1112.134999574,1,1,1
1112.273695498,1,1,0
1112.273696036,1,0,0
1112.273697138,0,0,0
1112.412424302,0,0,1
1112.412425510,0,1,1
1112.412425670,1,1,1
1112.551152014,1,0,1
1112.551152312,1,0,0
1112.551154232,0,0,0
1112.689851240,0,0,1
1112.689851490,0,1,1
1112.689851826,1,1,1
1112.828549056,1,0,1
1112.828549126,1,0,0
1112.828550328,0,0,0
1112.967245594,0,1,0
1112.967246990,0,1,1
1112.967247858,1,1,1
1113.105942938,1,1,0
1113.105944346,1,0,0
1113.105945422,0,0,0
1113.244641572,0,1,0
1113.244641802,0,1,1
1113.244643890,1,1,1
1113.383339138,1,0,1
1113.383339752,1,0,0
1113.383341516,0,0,0
1113.522067680,0,0,1
1113.522068552,0,1,1
1113.522070110,1,1,1
1113.660766564,1,1,0
1113.660768118,1,0,0
1113.660768612,0,0,0
1113.799465492,0,0,1
1113.799465654,0,1,1
1113.799466142,1,1,1
1113.938162220,1,0,1
1113.938163440,1,0,0
1113.938163768,0,0,0
1114.076860634,0,1,0
1114.076862236,1,1,0
1114.076862304,1,1,1
1114.215589262,1,0,1
1114.215590628,1,0,0
1114.215590862,0,0,0
1114.354287118,0,0,1
1114.354287674,0,1,1
1114.354288394,1,1,1
1114.493015240,1,0,1
1114.493016004,1,0,0
1114.493016894,0,0,0
1114.631712930,0,0,1
1114.631713778,0,1,1
1114.631714488,1,1,1
1114.770410282,1,0,1
1114.770410878,1,0,0
1114.770412988,0,0,0
1114.909107806,0,0,1
1114.909108758,0,1,1
1114.909110584,1,1,1
1115.047806324,1,0,1
1115.047807692,1,0,0
1115.047808146,0,0,0
1115.186534798,0,1,0
1115.186535620,0,1,1
1115.186536678,1,1,1
1115.325233302,1,0,1
1115.325233504,1,0,0
1115.325235240,0,0,0
1115.463931432,0,0,1
1115.463932772,1,0,1
1115.463932776,1,1,1
1115.602630316,1,1,0
1115.602630406,1,0,0
1115.602631336,0,0,0
1115.741326880,0,1,0
1115.741328308,0,1,1
1115.741328868,1,1,1
1115.880023756,1,1,0
1115.880025384,1,0,0
1115.880026430,0,0,0
1116.018722922,0,1,0
1116.018724058,0,1,1
1116.018724962,1,1,1
1116.157452006,1,1,0
1116.157452424,1,0,0
1116.157453524,0,0,0
1116.296148962,0,1,0
1116.296150870,0,1,1
1116.296151056,1,1,1
1116.434847466,1,0,1
1116.434847818,1,0,0
1116.434848682,0,0,0
1116.573544940,0,1,0
1116.573545684,0,1,1
1116.573547150,1,1,1
1116.712242444,1,0,1
1116.712243630,1,0,0
1116.712244714,0,0,0
1116.850971982,0,1,0
1116.850972496,0,1,1
1116.850973244,1,1,1
1116.989699444,1,1,0
1116.989700548,1,0,0
1116.989701870,0,0,0
1117.128397308,0,0,1
1117.128399022,0,1,1
1117.128399402,1,1,1
1117.267095256,1,1,0
1117.267096526,1,0,0
1117.267097902,0,0,0
1117.405794064,0,1,0
1117.405794184,0,1,1
1117.405795496,1,1,1
1117.544492068,1,1,0
1117.544492566,1,0,0
1117.544494058,0,0,0
1117.683221058,0,0,1
1117.683221104,0,1,1
1117.683222590,1,1,1
1117.821917608,1,0,1
1117.821917944,1,0,0
1117.821920152,0,0,0
1117.960615810,0,0,1
1117.960616082,0,1,1
1117.960617684,1,1,1
1118.099313756,1,1,0
1118.099314648,1,0,0
1118.099316186,0,0,0
1118.238012122,0,1,0
1118.238013622,0,1,1
1118.238013780,1,1,1
1118.376740506,1,1,0
1118.376740688,1,0,0
1118.376742280,0,0,0
1118.515438226,0,1,0
1118.515439434,0,1,1
1118.515439872,1,1,1
1118.654136384,1,1,0
1118.654136668,1,0,0
1118.654138436,0,0,0
1118.792834204,0,1,0
1118.792834310,0,1,1
1118.792836028,1,1,1
1118.931532194,1,1,0
1118.931533772,1,0,0
1118.931534468,0,0,0
1119.070230122,0,0,1
1119.070230184,0,1,1
1119.070232062,1,1,1
1119.208928688,1,0,1
1119.208929070,1,0,0
1119.208929686,0,0,0
1119.347625874,0,0,1
1119.347626224,0,1,1
1119.347628154,1,1,1
1119.486324194,1,1,0
1119.486324790,1,0,0
1119.486325718,0,0,0
1119.625022748,0,0,1
1119.625023264,0,1,1
1119.625024248,1,1,1
1119.763719632,1,1,0
1119.763720768,1,0,0
1119.763721812,0,0,0
1119.902448560,0,0,1
1119.902449368,0,1,1
1119.902450344,1,1,1
1120.041177508,1,1,0
1120.041177808,1,0,0
1120.041178970,0,0,0
1120.179875346,0,1,0
1120.179875372,0,1,1
1120.179876438,1,1,1
1120.318572320,1,1,0
1120.318572850,1,0,0
1120.318575064,0,0,0
1120.457331386,0,1,0
1120.457333184,0,1,1
1120.457333530,1,1,1
1120.596028952,1,0,1
1120.596029134,1,0,0
1120.596031094,0,0,0
1120.734757998,0,0,1
1120.734758428,0,1,1
1120.734759626,1,1,1
1120.873485946,1,1,0
1120.873486930,1,0,0
1120.873488188,0,0,0
1121.012184874,0,0,1
1121.012185404,0,1,1
1121.012186720,1,1,1
1121.150911972,1,0,1
1121.150912758,1,0,0
1121.150914282,0,0,0
1121.289610246,0,0,1
1121.289611446,0,1,1
1121.289612876,1,1,1
1121.428308634,1,1,0
1121.428309012,1,0,0
1121.428310376,0,0,0
1121.567007486,0,1,0
1121.567008434,0,1,1
1121.567008906,1,1,1
1121.705703864,1,0,1
1121.705704444,1,0,0
1121.705706534,0,0,0
1121.844402464,0,1,0
1121.844403310,0,1,1
1121.844404002,1,1,1
1121.983101030,1,0,1
1121.983102258,1,0,0
1121.983102566,0,0,0
1122.121798504,0,1,0
1122.121799122,0,1,1
1122.121800158,1,1,1
1122.260497006,1,1,0
1122.260497072,1,0,0
1122.260498720,0,0,0
1122.399195546,0,1,0
1122.399195996,0,1,1
1122.399196188,1,1,1
1122.537891882,1,1,0
1122.537893110,1,0,0
1122.537893750,0,0,0
1122.676590586,0,1,0
1122.676590746,0,1,1
1122.676592346,1,1,1
1122.815318694,1,1,0
1122.815319088,1,0,0
1122.815320846,0,0,0
1122.954016558,0,0,1
1122.954017624,0,1,1
1122.954018438,1,1,1
1123.092715506,1,1,0
1123.092716192,1,0,0
1123.092717000,0,0,0
1123.231412434,0,0,1
1123.231413604,0,1,1
1123.231414470,1,1,1
1123.370110318,1,1,0
1123.370111168,1,0,0
1123.370112032,0,0,0
1123.508809246,0,0,1
1123.508809706,0,1,1
1123.508810626,1,1,1
1123.647506130,1,1,0
1123.647506272,1,0,0
1123.647508188,0,0,0
1123.786204684,0,1,0
1123.786205058,0,1,1
1123.786205720,1,1,1
1123.924903376,1,0,1
1123.924904004,1,0,0
1123.924904282,0,0,0
1124.063630786,0,1,0
1124.063631870,0,1,1
1124.063632814,1,1,1
1124.202329226,1,0,1
1124.202329816,1,0,0
1124.202330378,0,0,0
1124.341027682,0,0,1
1124.341027764,0,1,1
1124.341028908,1,1,1
1124.479754268,1,0,1
1124.479754630,1,0,0
1124.479756472,0,0,0
1124.618453556,0,0,1
1124.618453804,0,1,1
1124.618455000,1,1,1
1124.757150380,1,1,0
1124.757152308,1,0,0
1124.757152564,0,0,0
1124.895848844,0,1,0
1124.895849618,0,1,1
1124.895851094,1,1,1
1125.034546254,1,1,0
1125.034547288,1,0,0
1125.034548658,0,0,0
1125.173244822,0,1,0
1125.173245180,0,1,1
1125.173246188,1,1,1
1125.311942388,1,0,1
1125.311943066,1,0,0
1125.311944814,0,0,0
1125.450640924,0,1,0
1125.450640930,0,1,1
1125.450642280,1,1,1
1125.589339366,1,0,1
1125.589339878,1,0,0
1125.589340844,0,0,0
1125.728036804,0,0,1
1125.728036902,0,1,1
1125.728038374,1,1,1
1125.866733406,1,0,1
1125.866734690,1,0,0
1125.866735876,0,0,0
1126.005431616,0,0,1
1126.005432880,0,1,1
1126.005434468,1,1,1
1126.144131384,1,0,1
1126.144131564,1,0,0
1126.144132030,0,0,0
1126.282828982,0,1,0
1126.282829428,0,1,1
1126.282830562,1,1,1
1126.421526486,1,0,1
1126.421527314,1,0,0
1126.421528124,0,0,0
1126.560223022,0,1,0
1126.560224240,0,1,1
1126.560225656,1,1,1
1126.698922064,1,1,0
1126.698922464,1,0,0
1126.698924282,0,0,0
1126.837620000,0,1,0
1126.837620052,0,1,1
1126.837621748,1,1,1
1126.976348502,1,0,1
1126.976349000,1,0,0
1126.976350312,0,0,0
1127.115045040,0,1,0
1127.115046926,0,1,1
1127.115047904,1,1,1
1127.253744606,1,0,1
1127.253745876,1,0,0
1127.253746342,0,0,0
1127.392473078,0,1,0
1127.392473738,0,1,1
1127.392474936,1,1,1
1127.531170584,1,0,1
1127.531171624,1,0,0
1127.531172498,0,0,0
1127.669899120,0,1,0
1127.669900552,0,1,1
1127.669901028,1,1,1
1127.808596624,1,0,1
1127.808597436,1,0,0
1127.808598654,0,0,0
1127.947295096,0,1,0
1127.947295362,0,1,1
1127.947297120,1,1,1
1128.085993726,1,0,1
1128.085994248,1,0,0
1128.085994684,0,0,0
1128.224690200,0,1,0
1128.224691176,0,1,1
1128.224693214,1,1,1
1128.363389122,1,1,0
1128.363389640,1,0,0
1128.363390778,0,0,0
1128.502086178,0,1,0
1128.502087048,0,1,1
1128.502088308,1,1,1
1128.640814744,1,0,1
1128.640814872,1,0,0
1128.640816932,0,0,0
1128.779512862,0,0,1
1128.779513218,0,1,1
1128.779515400,1,1,1
1128.918210782,1,0,1
1128.918211746,1,0,0
1128.918212964,0,0,0
1129.056908256,0,1,0
1129.056909674,0,1,1
1129.056910494,1,1,1
1129.195636822,1,0,1
1129.195637558,1,0,0
1129.195639056,0,0,0
1129.334336296,0,1,0
1129.334336486,0,1,1
1129.334337588,1,1,1
1129.473063800,1,0,1
1129.473064372,1,0,0
1129.473066150,0,0,0
1129.611762274,0,1,0
1129.611762298,0,1,1
1129.611763742,1,1,1
1129.750459182,1,1,0
1129.750460840,1,0,0
1129.750461244,0,0,0
1129.889158314,0,1,0
1129.889159110,0,1,1
1129.889159836,1,1,1
1130.027855058,1,1,0
1130.027856880,1,0,0
1130.027857338,0,0,0
1130.166614922,0,0,1
1130.166616354,0,1,1
1130.166616866,1,1,1
1130.305312862,1,0,1
1130.305312870,1,0,0
1130.305314430,0,0,0
1130.444009394,0,1,0
1130.444010796,0,1,1
1130.444012024,1,1,1
1130.582707960,1,0,1
1130.582709744,1,0,0
1130.582710586,0,0,0
1130.721406434,0,1,0
1130.721406546,0,1,1
1130.721408116,1,1,1
1130.860104494,1,1,0
1130.860104938,1,0,0
1130.860106678,0,0,0
1130.998802420,0,0,1
1130.998803474,0,1,1
1130.998804210,1,1,1
1131.137530976,1,0,1
1131.137531242,1,0,0
1131.137532708,0,0,0
1131.276229232,0,0,1
1131.276229450,0,1,1
1131.276230302,1,1,1
1131.414927178,1,1,0
1131.414927954,1,0,0
1131.414928864,0,0,0
1131.553624552,0,1,0
1131.553625044,0,1,1
1131.553626332,1,1,1
1131.692322928,1,1,0
1131.692324056,1,0,0
1131.692324958,0,0,0
1131.831020916,0,0,1
1131.831021592,0,1,1
1131.831022488,1,1,1
1131.969718032,1,0,1
1131.969719740,1,0,0
1131.969720114,0,0,0
1132.108416668,0,0,1
1132.108418518,1,0,1
1132.108418570,1,1,1
1132.247144614,1,1,0
1132.247145136,1,0,0
1132.247147142,0,0,0
1132.385841858,0,1,0
1132.385842542,0,1,1
1132.385844672,1,1,1
1132.524540738,1,0,1
1132.524541426,1,0,0
1132.524542236,0,0,0
1132.663269352,0,0,1
1132.663269586,0,1,1
1132.663270766,1,1,1
1132.801967214,1,0,1
1132.801967238,1,0,0
1132.801969330,0,0,0
1132.940664688,0,1,0
1132.940666102,0,1,1
1132.940666860,1,1,1
1133.079363192,1,0,1
1133.079364050,1,0,0
1133.079365422,0,0,0
1133.218090728,0,1,0
1133.218091976,0,1,1
1133.218092952,1,1,1
1133.356789860,1,1,0
1133.356790168,1,0,0
1133.356791514,0,0,0
1133.495518766,0,1,0
1133.495518788,0,1,1
1133.495520044,1,1,1
1133.634215208,1,0,1
1133.634216672,1,0,0
1133.634217608,0,0,0
1133.772913598,0,0,1
1133.772915742,0,1,1
1133.772916200,1,1,1
1133.911612246,1,0,1
1133.911612484,1,0,0
1133.911613700,0,0,0
1134.050308782,0,1,0
1134.050309410,0,1,1
1134.050311232,1,1,1
1134.189008288,1,0,1
1134.189008294,1,0,0
1134.189009856,0,0,0
1134.327704822,0,1,0
1134.327706222,0,1,1
1134.327707386,1,1,1
1134.466403170,1,1,0
1134.466404326,1,0,0
1134.466404886,0,0,0
1134.605131924,0,1,0
1134.605132096,0,1,1
1134.605133478,1,1,1
1134.743829980,1,1,0
1134.743831802,1,0,0
1134.743832038,0,0,0
1134.882558846,0,0,1
1134.882558900,0,1,1
1134.882560568,1,1,1
1135.021255792,1,1,0
1135.021257342,1,0,0
1135.021258134,0,0,0
1135.159953878,0,1,0
1135.159954718,0,1,1
1135.159955598,1,1,1
1135.298652444,1,0,1
1135.298653666,1,0,0
1135.298654224,0,0,0
1135.437349530,0,0,1
1135.437349978,0,1,1
1135.437351754,1,1,1
1135.576077102,1,1,0
1135.576078420,1,0,0
1135.576080316,0,0,0
1135.714777342,0,0,1
1135.714777956,0,1,1
1135.714778846,1,1,1
1135.853474226,1,1,0
1135.853474396,1,0,0
1135.853476408,0,0,0
1135.992171932,0,1,0
1135.992172214,0,1,1
1135.992173938,1,1,1
1136.130870498,1,0,1
1136.130871098,1,0,0
1136.130872502,0,0,0
1136.269568034,0,1,0
1136.269568962,0,1,1
1136.269570032,1,1,1
1136.408296536,1,0,1
1136.408296910,1,0,0
1136.408298592,0,0,0
1136.547025010,0,1,0
1136.547026776,0,1,1
1136.547027122,1,1,1
1136.685722576,1,0,1
1136.685723722,1,0,0
1136.685724624,0,0,0
1136.824420924,0,1,0
1136.824421650,0,1,1
1136.824423218,1,1,1
1136.963119534,1,1,0
1136.963120614,1,0,0
1136.963120776,0,0,0
1137.101817400,0,0,1
1137.101819088,0,1,1
1137.101819310,1,1,1
1137.240515590,1,0,1
1137.240516346,1,0,0
1137.240516810,0,0,0
1137.379212584,0,0,1
1137.379213066,0,1,1
1137.379214402,1,1,1
1137.517911218,1,1,0
1137.517911630,1,0,0
1137.517912964,0,0,0
1137.656639168,0,1,0
1137.656640022,0,1,1
1137.656641494,1,1,1
1137.795367670,1,0,1
1137.795368030,1,0,0
1137.795370056,0,0,0
1137.934065894,0,0,1
1137.934066080,0,1,1
1137.934067522,1,1,1
1138.072762708,1,0,1
1138.072763778,1,0,0
1138.072765150,0,0,0
1138.211462182,0,1,0
1138.211462704,0,1,1
1138.211463678,1,1,1
1138.350158686,1,0,1
1138.350159652,1,0,0
1138.350161240,0,0,0
1138.488857222,0,1,0
1138.488857516,0,1,1
1138.488858770,1,1,1
1138.627555402,1,1,0
1138.627555788,1,0,0
1138.627557334,0,0,0
1138.766253262,0,1,0
1138.766253328,0,1,1
1138.766254862,1,1,1
1138.904981764,1,0,1
1138.904982210,1,0,0
1138.904983424,0,0,0
1139.043680138,0,0,1
1139.043680236,0,1,1
1139.043681956,1,1,1
1139.182377802,1,0,1
1139.182378086,1,0,0
1139.182379580,0,0,0
1139.321074400,0,1,0
1139.321076824,0,1,1
1139.321077046,1,1,1
1139.459772896,1,1,0
1139.459773842,1,0,0
1139.459775610,0,0,0
1139.598471316,0,1,0
1139.598471824,0,1,1
1139.598473140,1,1,1
1139.737169770,1,1,0
1139.737170880,1,0,0
1139.737171640,0,0,0
1139.875867572,0,0,1
1139.875868292,0,1,1
1139.875869232,1,1,1
1140.014565518,1,1,0
1140.014565920,1,0,0
1140.014566794,0,0,0
1140.153263382,0,0,1
1140.153264392,0,1,1
1140.153265386,1,1,1
1140.291960958,1,0,1
1140.291961392,1,0,0
1140.291962886,0,0,0
1140.430658194,0,0,1
1140.430659368,0,1,1
1140.430660416,1,1,1
1140.569356998,1,0,1
1140.569358202,1,0,0
1140.569358980,0,0,0
1140.708086408,0,1,0
1140.708087066,0,1,1
1140.708087508,1,1,1
1140.846783952,1,1,0
1140.846783972,1,0,0
1140.846785072,0,0,0
1140.985481878,0,0,1
1140.985482510,0,1,1
1140.985483602,1,1,1
1141.124179012,1,0,1
1141.124179762,1,0,0
1141.124181102,0,0,0
1141.262877548,0,1,0
1141.262877750,0,1,1
1141.262878694,1,1,1
1141.401575572,1,1,0
1141.401576052,1,0,0
1141.401577256,0,0,0
1141.540303498,0,0,1
1141.540304524,0,1,1
1141.540305786,1,1,1
1141.679002026,1,0,1
1141.679002384,1,0,0
1141.679003350,0,0,0
1141.817730310,0,0,1
1141.817730564,0,1,1
1141.817731814,1,1,1
1141.956427256,1,1,0
1141.956428128,1,0,0
1141.956429440,0,0,0
1142.095126540,0,1,0
1142.095127122,0,1,1
1142.095127970,1,1,1
1142.233823068,1,1,0
1142.233824106,1,0,0
1142.233825596,0,0,0
1142.372522640,0,1,0
1142.372522932,0,1,1
1142.372524062,1,1,1
1142.511250878,1,1,0
1142.511251144,1,0,0
1142.511251622,0,0,0
1142.649978806,0,0,1
1142.649979616,0,1,1
1142.649980154,1,1,1
1142.788676182,1,0,1
1142.788677690,1,0,0
1142.788678778,0,0,0
1142.927373716,0,1,0
1142.927374554,0,1,1
1142.927376308,1,1,1
1143.066072282,1,0,1
1143.066073502,1,0,0
1143.066074808,0,0,0
1143.204770256,0,1,0
1143.204770428,0,1,1
1143.204772336,1,1,1
1143.343467312,1,1,0
1143.343468258,1,0,0
1143.343469962,0,0,0
1143.482167174,0,0,1
1143.482167732,0,1,1
1143.482168430,1,1,1
1143.620865122,1,1,0
1143.620865234,1,0,0
1143.620865992,0,0,0
1143.759562050,0,0,1
1143.759562770,0,1,1
1143.759563522,1,1,1
1143.898259932,1,1,0
1143.898261272,1,0,0
1143.898262146,0,0,0
1144.036988746,0,1,0
1144.036988858,0,1,1
1144.036990676,1,1,1
1144.175686374,1,0,1
1144.175686808,1,0,0
1144.175688176,0,0,0
1144.314384670,0,0,1
1144.314385786,0,1,1
1144.314386704,1,1,1
1144.453082350,1,0,1
1144.453083616,1,0,0
1144.453084268,0,0,0
1144.591811482,0,0,1
1144.591811824,0,1,1
1144.591812860,1,1,1
1144.730508326,1,0,1
1144.730509366,1,0,0
1144.730510360,0,0,0
1144.869207292,0,0,1
1144.869207862,0,1,1
1144.869208952,1,1,1
1145.007905238,1,1,0
1145.007905428,1,0,0
1145.007906514,0,0,0
1145.146661900,0,1,0
1145.146662102,0,1,1
1145.146665042,1,1,1
1145.285362048,1,1,0
1145.285362404,1,0,0
1145.285363606,0,0,0
1145.424150814,0,1,0
1145.424151912,0,1,1
1145.424153136,1,1,1
1145.562848796,1,1,0
1145.562849442,1,0,0
1145.562850634,0,0,0
1145.701547978,0,1,0
1145.701548724,0,1,1
1145.701549228,1,1,1
1145.840275670,1,1,0
1145.840276480,1,0,0
1145.840277788,0,0,0
1145.979003596,0,0,1
1145.979004952,0,1,1
1145.979005318,1,1,1
1146.117701518,1,0,1
1146.117702480,1,0,0
1146.117703880,0,0,0
1146.256430344,0,0,1
1146.256431052,0,1,1
1146.256432410,1,1,1
1146.395158554,1,0,1
1146.395159416,1,0,0
1146.395160974,0,0,0
1146.533857028,0,1,0
1146.533858216,0,1,1
1146.533858502,1,1,1
1146.672585100,1,1,0
1146.672585594,1,0,0
1146.672587064,0,0,0
1146.811282004,0,1,0
1146.811282966,0,1,1
1146.811284596,1,1,1
1146.949981570,1,0,1
1146.949981912,1,0,0
1146.949983156,0,0,0
1147.088678836,0,0,1
1147.088679042,0,1,1
1147.088680686,1,1,1
1147.227376784,1,1,0
1147.227377670,1,0,0
1147.227379186,0,0,0
1147.366075082,0,1,0
1147.366075648,0,1,1
1147.366076778,1,1,1
1147.504803594,1,1,0
1147.504803646,1,0,0
1147.504805402,0,0,0
1147.643501520,0,0,1
1147.643502868,1,0,1
1147.643503120,1,1,1
1147.782199622,1,0,1
1147.782200342,1,0,0
1147.782201432,0,0,0
1147.920897158,0,1,0
1147.920897268,0,1,1
1147.920899024,1,1,1
1148.059594722,1,0,1
1148.059595214,1,0,0
1148.059596522,0,0,0
1148.198292828,0,0,1
1148.198293194,0,1,1
1148.198295052,1,1,1
1148.336991698,1,0,1
1148.336992088,1,0,0
1148.336992678,0,0,0
1148.475688234,0,1,0
1148.475689890,0,1,1
1148.475691206,1,1,1
1148.614387736,1,0,1
1148.614388706,0,0,1
1148.614388834,0,0,0
1148.753083760,0,0,1
1148.753084208,0,1,1
1148.753086236,1,1,1
1148.891783582,1,1,0
1148.891783774,1,0,0
1148.891784796,0,0,0
1149.030481310,0,1,0
1149.030481510,0,1,1
1149.030482390,1,1,1
1149.169178456,1,1,0
1149.169179812,1,0,0
1149.169180952,0,0,0
1149.307877284,0,1,0
1149.307877444,0,1,1
1149.307878420,1,1,1
1149.446574266,1,1,0
1149.446574850,1,0,0
1149.446576044,0,0,0
1149.585273192,0,0,1
1149.585274322,0,1,1
1149.585274510,1,1,1
1149.724000512,1,0,1
1149.724001138,1,0,0
1149.724003136,0,0,0
1149.862698360,0,1,0
1149.862699000,0,1,1
1149.862700728,1,1,1
1150.001395888,1,1,0
1150.001397864,1,0,0
1150.001398166,0,0,0
1150.140124336,0,1,0
1150.140125812,0,1,1
1150.140126754,1,1,1
1150.278824696,1,1,0
1150.278824902,1,0,0
1150.278825254,0,0,0
1150.417521436,0,1,0
1150.417521622,0,1,1
1150.417522848,1,1,1
1150.556219002,1,0,1
1150.556219570,1,0,0
1150.556220410,0,0,0
1150.694947412,0,1,0
1150.694948432,0,1,1
1150.694948876,1,1,1
1150.833645380,1,1,0
1150.833646976,1,0,0
1150.833647500,0,0,0
1150.972343450,0,1,0
1150.972344242,0,1,1
1150.972345030,1,1,1
1151.111041126,1,1,0
1151.111042014,1,0,0
1151.111043530,0,0,0
1151.249769114,0,0,1
1151.249770550,0,1,1
1151.249771120,1,1,1
1151.388497998,1,1,0
1151.388498052,1,0,0
1151.388499682,0,0,0
1151.527196526,0,1,0
1151.527196924,0,1,1
1151.527198212,1,1,1
1151.665893808,1,1,0
1151.665895028,1,0,0
1151.665895774,0,0,0
1151.804593172,0,0,1
1151.804593562,0,1,1
1151.804594304,1,1,1
1151.943289618,1,1,0
1151.943290066,1,0,0
1151.943291864,0,0,0
1152.082018544,0,0,1
1152.082018600,0,1,1
1152.082020456,1,1,1
1152.220716104,1,0,1
1152.220717492,1,0,0
1152.220717958,0,0,0
1152.359415354,0,0,1
1152.359415576,0,1,1
1152.359416486,1,1,1
1152.498112142,1,0,1
1152.498112238,1,0,0
1152.498114110,0,0,0
1152.636810226,0,0,1
1152.636810552,0,1,1
1152.636811640,1,1,1
1152.775508116,1,0,1
1152.775509048,1,0,0
1152.775510202,0,0,0
1152.914204974,0,0,1
1152.914206652,0,1,1
1152.914207732,1,1,1
1153.052904154,1,0,1
1153.052904858,1,0,0
1153.052906292,0,0,0
1153.191601626,0,1,0
1153.191602846,0,1,1
1153.191603760,1,1,1
1153.330300666,1,1,0
1153.330301192,1,0,0
1153.330301384,0,0,0
1153.469026280,0,0,1
1153.469027664,0,1,1
1153.469029914,1,1,1
1153.607756228,1,0,1
1153.607756540,1,0,0
1153.607758412,0,0,0
1153.746455402,0,0,1
1153.746455764,0,1,1
1153.746457004,1,1,1
1153.885151328,1,0,1
1153.885153348,1,0,0
1153.885154504,0,0,0
1154.023881212,0,0,1
1154.023881738,0,1,1
1154.023883096,1,1,1
1154.162579160,1,1,0
1154.162579304,1,0,0
1154.162580658,0,0,0
1154.301277838,0,1,0
1154.301278022,0,1,1
1154.301279124,1,1,1
1154.440006278,1,0,1
1154.440006906,1,0,0
1154.440007748,0,0,0
1154.578703814,0,1,0
1154.578703832,0,1,1
1154.578705216,1,1,1
1154.717401316,1,0,1
1154.717401778,1,0,0
1154.717402840,0,0,0
1154.856099704,0,0,1
1154.856099852,0,1,1
1154.856101370,1,1,1
1154.994797588,1,1,0
1154.994798354,1,0,0
1154.994798930,0,0,0
1155.133495514,0,0,1
1155.133495952,0,1,1
1155.133497396,1,1,1
1155.272192460,1,1,0
1155.272193392,1,0,0
1155.272194960,0,0,0
1155.410890386,0,0,1
1155.410890926,0,1,1
1155.410892550,1,1,1
1155.549589428,1,0,1
1155.549590270,1,0,0
1155.549591112,0,0,0
1155.688286902,0,1,0
1155.688287132,0,1,1
1155.688288642,1,1,1
1155.826985466,1,0,1
1155.826986080,1,0,0
1155.826987204,0,0,0
1155.965682940,0,1,0
1155.965682944,0,1,1
1155.965684732,1,1,1
1156.104380826,1,1,0
1156.104381504,1,0,0
1156.104382232,0,0,0
1156.243078752,0,0,1
1156.243078976,0,1,1
1156.243080824,1,1,1
1156.381776700,1,1,0
1156.381777478,1,0,0
1156.381778386,0,0,0
1156.520505014,0,1,0
1156.520505562,0,1,1
1156.520506914,1,1,1
1156.659234446,1,1,0
1156.659234516,1,0,0
1156.659235476,0,0,0
1156.797931052,0,1,0
1156.797931372,0,1,1
1156.797933006,1,1,1
1156.936629318,1,1,0
1156.936630616,1,0,0
1156.936631566,0,0,0
1157.075359090,0,1,0
1157.075359180,0,1,1
1157.075360096,1,1,1
1157.214054590,1,0,1
1157.214056128,1,0,0
1157.214057596,0,0,0
1157.352753054,0,0,1
1157.352753062,0,1,1
1157.352755186,1,1,1
1157.491451936,1,1,0
1157.491452628,1,0,0
1157.491453750,0,0,0
1157.630148862,0,0,1
1157.630150100,0,1,1
1157.630151280,1,1,1
1157.768847746,1,1,0
1157.768848666,1,0,0
1157.768849838,0,0,0
1157.907545672,0,0,1
1157.907546076,0,1,1
1157.907547368,1,1,1
1158.046243618,1,1,0
1158.046243640,1,0,0
1158.046244992,0,0,0
1158.184942176,0,1,0
1158.184942482,0,1,1
1158.184943460,1,1,1
1158.323669366,1,0,1
1158.323671428,1,0,0
1158.323672022,0,0,0
1158.462367212,0,1,0
1158.462369354,0,1,1
1158.462369488,1,1,1
1158.601096238,1,1,0
1158.601096714,1,0,0
1158.601098112,0,0,0
1158.739794250,0,1,0
1158.739795100,0,1,1
1158.739795640,1,1,1
1158.878521752,1,0,1
1158.878522170,1,0,0
1158.878524202,0,0,0
1159.017250972,0,0,1
1159.017251224,0,1,1
1159.017252732,1,1,1
1159.155949788,1,0,1
1159.155949918,1,0,0
1159.155951294,0,0,0
1159.294677718,0,0,1
1159.294679198,0,1,1
1159.294679822,1,1,1
1159.433375666,1,1,0
1159.433375762,1,0,0
1159.433377384,0,0,0
1159.572072528,0,0,1
1159.572073298,0,1,1
1159.572074912,1,1,1
1159.710771862,1,0,1
1159.710772474,1,0,0
1159.710773474,0,0,0
1159.849469272,0,1,0
1159.849469400,0,1,1
1159.849471066,1,1,1
1159.988166836,1,0,1
1159.988167346,1,0,0
1159.988168564,0,0,0
1160.126865372,0,1,0
1160.126866146,0,1,1
1160.126867094,1,1,1
1160.265563156,1,1,0
1160.265563874,1,0,0
1160.265564718,0,0,0
1160.404262018,0,0,1
1160.404262346,0,1,1
1160.404263184,1,1,1
1160.542958848,1,0,1
1160.542958902,1,0,0
1160.542960746,0,0,0
1160.681656446,0,1,0
1160.681656766,0,1,1
1160.681658338,1,1,1
1160.820383886,1,0,1
1160.820386398,1,0,0
1160.820386836,0,0,0
1160.959084420,0,1,0
1160.959084698,0,1,1
1160.959085366,1,1,1
1161.097780986,1,0,1
1161.097782584,1,0,0
1161.097782988,0,0,0
1161.236479446,0,0,1
1161.236480456,0,1,1
1161.236481456,1,1,1
1161.375177392,1,1,0
1161.375177958,1,0,0
1161.375179082,0,0,0
1161.513873316,0,0,1
1161.513875494,0,1,1
1161.513876610,1,1,1
1161.652572996,1,0,1
1161.652573202,1,0,0
1161.652575170,0,0,0
1161.791301128,0,0,1
1161.791302468,0,1,1
1161.791303700,1,1,1
1161.930000010,1,1,0
1161.930000032,1,0,0
1161.930001262,0,0,0
1162.068728506,0,1,0
1162.068728936,0,1,1
1162.068729790,1,1,1
1162.207425070,1,0,1
1162.207425882,1,0,0
1162.207427352,0,0,0
1162.346154542,0,1,0
1162.346155746,0,1,1
1162.346155880,1,1,1
1162.484853044,1,0,1
1162.484853692,1,0,0
1162.484854442,0,0,0
1162.623549454,0,1,0
1162.623549554,0,1,1
1162.623551972,1,1,1
1162.762247144,1,0,1
1162.762248500,1,0,0
1162.762249468,0,0,0
1162.900946364,0,0,1
1162.900946616,0,1,1
1162.900948062,1,1,1
1163.039675118,1,0,1
1163.039675308,1,0,0
1163.039676622,0,0,0
1163.178372172,0,0,1
1163.178372654,0,1,1
1163.178374152,1,1,1
1163.317070156,1,0,1
1163.317071118,1,0,0
1163.317071712,0,0,0
1163.455768688,0,1,0
1163.455770044,0,1,1
1163.455770242,1,1,1
1163.594496926,1,1,0
1163.594497190,1,0,0
1163.594498804,0,0,0
1163.733195602,0,1,0
1163.733195852,0,1,1
1163.733196332,1,1,1
1163.871893166,1,0,1
1163.871893800,1,0,0
1163.871894956,0,0,0
1164.010620700,0,1,0
1164.010621662,0,1,1
1164.010622422,1,1,1
1164.149348546,1,1,0
1164.149349264,1,0,0
1164.149351046,0,0,0
1164.288048472,0,0,1
1164.288048736,0,1,1
1164.288049512,1,1,1
1164.426745238,1,0,1
1164.426746354,1,0,0
1164.426747074,0,0,0
1164.565444280,0,0,1
1164.565444774,0,1,1
1164.565445666,1,1,1
1164.704141226,1,1,0
1164.704141276,1,0,0
1164.704143164,0,0,0
1164.842838748,0,1,0
1164.842840090,0,1,1
1164.842840694,1,1,1
1164.981537036,1,1,0
1164.981538312,1,0,0
1164.981539318,0,0,0
1165.120234898,0,0,1
1165.120235786,0,1,1
1165.120236846,1,1,1
1165.258963350,1,0,1
1165.258963844,1,0,0
1165.258965408,0,0,0
1165.397660770,0,0,1
1165.397660822,0,1,1
1165.397662936,1,1,1
1165.536359714,1,1,0
1165.536360324,1,0,0
1165.536361436,0,0,0
1165.675056858,0,1,0
1165.675058578,0,1,1
1165.675058966,1,1,1
1165.813755422,1,0,1
1165.813756462,1,0,0
1165.813757590,0,0,0
1165.952544896,0,1,0
1165.952545386,0,1,1
1165.952547118,1,1,1
1166.091211398,1,0,1
1166.091213272,1,0,0
1166.091213678,0,0,0
1166.229910196,0,0,1
1166.229910870,0,1,1
1166.229912144,1,1,1
1166.368607496,1,0,1
1166.368608142,1,0,0
1166.368609770,0,0,0
1166.507307004,0,0,1
1166.507307968,0,1,1
1166.507308298,1,1,1
1166.646003952,1,1,0
1166.646004408,1,0,0
1166.646005860,0,0,0
1166.784701942,0,1,0
1166.784702878,0,1,1
1166.784703326,1,1,1
1166.923399822,1,1,0
1166.923400508,1,0,0
1166.923401950,0,0,0
1167.062097684,0,0,1
1167.062097980,0,1,1
1167.062099478,1,1,1
1167.200796482,1,0,1
1167.200796570,1,0,0
1167.200798102,0,0,0
1167.339492954,0,1,0
1167.339494494,0,1,1
1167.339495506,1,1,1
1167.478221440,1,1,0
1167.478223580,1,0,0
1167.478224130,0,0,0
1167.616920052,0,1,0
1167.616920302,0,1,1
1167.616921660,1,1,1
1167.755648618,1,0,1
1167.755649248,1,0,0
1167.755650220,0,0,0
1167.894376112,0,0,1
1167.894378090,0,1,1
1167.894378750,1,1,1
1168.033073592,1,0,1
1168.033075120,1,0,0
1168.033076312,0,0,0
1168.171772920,0,0,1
1168.171773126,0,1,1
1168.171774902,1,1,1
1168.310501628,1,0,1
1168.310501866,1,0,0
1168.310503464,0,0,0
1168.449199100,0,1,0
1168.449199792,0,1,1
1168.449200994,1,1,1
1168.587928668,1,0,1
1168.587928674,1,0,0
1168.587929492,0,0,0
1168.726624600,0,0,1
1168.726625198,0,1,1
1168.726627082,1,1,1
1168.865354484,1,1,0
1168.865355582,0,1,0
1168.865355638,0,0,0
1169.004081472,0,0,1
1169.004082174,0,1,1
1169.004084174,1,1,1
1169.142781292,1,1,0
1169.142781738,1,0,0
1169.142782736,0,0,0
1169.281479210,0,1,0
1169.281479218,0,1,1
1169.281480200,1,1,1
1169.420175712,1,0,1
1169.420176164,1,0,0
1169.420177762,0,0,0
1169.558904246,0,1,0
1169.558905026,0,1,1
1169.558906290,1,1,1
1169.697632748,1,0,1
1169.697633972,1,0,0
1169.697634914,0,0,0
1169.836332282,0,1,0
1169.836332898,0,1,1
1169.836333444,1,1,1
1169.975028718,1,1,0
1169.975029784,1,0,0
1169.975030944,0,0,0
1170.113726706,0,0,1
1170.113727258,0,1,1
1170.113728470,1,1,1
1170.252425590,1,1,0
1170.252425758,1,0,0
1170.252427032,0,0,0
1170.391122516,0,0,1
1170.391123294,0,1,1
1170.391124624,1,1,1
1170.529820794,1,0,1
1170.529822398,1,0,0
1170.529823122,0,0,0
1170.668549324,0,0,1
1170.668550330,0,1,1
1170.668551714,1,1,1
1170.807247208,1,1,0
1170.807247894,1,0,0
1170.807249212,0,0,0
1170.945944132,0,0,1
1170.945945304,0,1,1
1170.945946740,1,1,1
1171.084642868,1,0,1
1171.084644080,1,0,0
1171.084645366,0,0,0
1171.223341402,0,1,0
1171.223341940,0,1,1
1171.223342830,1,1,1
1171.362039824,1,1,0
1171.362039904,1,0,0
1171.362041392,0,0,0
1171.500737874,0,0,1
1171.500738376,0,1,1
1171.500738920,1,1,1
1171.639433694,1,1,0
1171.639434878,1,0,0
1171.639436482,0,0,0
1171.778163476,0,1,0
1171.778164558,0,1,1
1171.778165012,1,1,1
1171.916862442,1,1,0
1171.916862914,1,0,0
1171.916863572,0,0,0
1172.055559428,0,0,1
1172.055560512,0,1,1
1172.055561164,1,1,1
1172.194287950,1,0,1
1172.194289312,1,0,0
1172.194289724,0,0,0
1172.332984238,0,0,1
1172.332986484,0,1,1
1172.332987190,1,1,1
1172.471684120,1,1,0
1172.471684988,1,0,0
1172.471685752,0,0,0
1172.610381046,0,0,1
1172.610381522,0,1,1
1172.610383280,1,1,1
1172.749078930,1,1,0
1172.749079024,1,0,0
1172.749080842,0,0,0
1172.887777854,0,0,1
1172.887778558,0,1,1
1172.887779434,1,1,1
1173.026474800,1,1,0
1173.026475058,1,0,0
1173.026476930,0,0,0
1173.165174594,0,1,0
1173.165174664,0,1,1
1173.165175460,1,1,1
1173.303871296,1,1,0
1173.303872032,1,0,0
1173.303873020,0,0,0
1173.442568568,0,1,0
1173.442570472,0,1,1
1173.442570550,1,1,1
1173.581267132,1,0,1
1173.581268416,1,0,0
1173.581269110,0,0,0
1173.720025342,0,0,1
1173.720025604,0,1,1
1173.720027640,1,1,1
1173.858724168,1,0,1
1173.858724288,1,0,0
1173.858726202,0,0,0
1173.997453640,0,1,0
1173.997454088,0,1,1
1173.997454730,1,1,1
1174.136151034,1,1,0
1174.136151142,1,0,0
1174.136152290,0,0,0
1174.274879612,0,1,0
1174.274879958,0,1,1
1174.274880882,1,1,1
1174.413576176,1,0,1
1174.413576842,1,0,0
1174.413578380,0,0,0
1174.552275712,0,1,0
1174.552275766,0,1,1
1174.552276908,1,1,1
1174.690972214,1,0,1
1174.690973650,1,0,0
1174.690974470,0,0,0
1174.829669686,0,1,0
1174.829670574,0,1,1
1174.829672062,1,1,1
1174.968369250,1,0,1
1174.968369520,1,0,0
1174.968370560,0,0,0
1175.107097322,0,0,1
1175.107097722,0,1,1
1175.107099150,1,1,1
1175.245795268,1,1,0
1175.245795288,1,0,0
1175.245796648,0,0,0
1175.384493192,0,0,1
1175.384494820,0,1,1
1175.384495178,1,1,1
1175.523191138,1,1,0
1175.523191322,1,0,0
1175.523192802,0,0,0
1175.661888000,0,0,1
1175.661888856,0,1,1
1175.661890330,1,1,1
1175.800587296,1,0,1
1175.800588892,0,0,1
1175.800588948,0,0,0
1175.939284768,0,1,0
1175.939284808,0,1,1
1175.939286420,1,1,1
1176.077982754,1,1,0
1176.077983332,1,0,0
1176.077984918,0,0,0
1176.216680680,0,0,1
1176.216680802,0,1,1
1176.216682448,1,1,1
1176.355378368,1,0,1
1176.355378560,1,0,0
1176.355380008,0,0,0
1176.494106902,0,1,0
1176.494107548,0,1,1
1176.494108598,1,1,1
1176.632806342,1,0,1
1176.632806432,1,0,0
1176.632807096,0,0,0
1176.771501874,0,1,0
1176.771502294,0,1,1
1176.771504688,1,1,1
1176.910231240,1,1,0
1176.910231440,1,0,0
1176.910233186,0,0,0
1177.048928912,0,1,0
1177.048929104,0,1,1
1177.048930780,1,1,1
1177.187627412,1,0,1
1177.187627986,1,0,0
1177.187629276,0,0,0
1177.326325910,0,0,1
1177.326325948,0,1,1
1177.326326868,1,1,1
1177.465022448,1,0,1
1177.465022856,1,0,0
1177.465024366,0,0,0
1177.603720720,0,0,1
1177.603721982,0,1,1
1177.603722958,1,1,1
1177.742418664,1,1,0
1177.742419048,1,0,0
1177.742420518,0,0,0
1177.881118018,0,1,0
1177.881118588,0,1,1
1177.881119048,1,1,1
1178.019814410,1,1,0
1178.019815522,1,0,0
1178.019816606,0,0,0
1178.158512398,0,0,1
1178.158512992,0,1,1
1178.158514136,1,1,1
1178.297212280,1,1,0
1178.297212556,1,0,0
1178.297212758,0,0,0
1178.435939204,0,0,1
1178.435940028,0,1,1
1178.435941226,1,1,1
1178.574636530,1,0,1
1178.574638088,1,0,0
1178.574638786,0,0,0
1178.713366064,0,1,0
1178.713366074,0,1,1
1178.713367314,1,1,1
1178.852062896,1,1,0
1178.852063564,1,0,0
1178.852064878,0,0,0
1178.990762820,0,0,1
1178.990763100,0,1,1
1178.990763466,1,1,1
1179.129489768,1,1,0
1179.129490602,1,0,0
1179.129491904,0,0,0
1179.268187134,0,1,0
1179.268187628,0,1,1
1179.268189558,1,1,1
1179.406885574,1,1,0
1179.406886636,1,0,0
1179.406888116,0,0,0
1179.545584170,0,1,0
1179.545584500,0,1,1
1179.545585582,1,1,1
1179.684281382,1,1,0
1179.684281672,1,0,0
1179.684283144,0,0,0
1179.822979706,0,1,0
1179.822980306,0,1,1
1179.822981736,1,1,1
1179.961677706,1,0,1
1179.961678252,1,0,0
1179.961679232,0,0,0
1180.100375114,0,0,1
1180.100376178,0,1,1
1180.100376760,1,1,1
1180.239073058,1,1,0
1180.239073680,1,0,0
1180.239075386,0,0,0
1180.377770922,0,0,1
1180.377771214,0,1,1
1180.377772912,1,1,1
1180.516469778,1,0,1
1180.516469868,1,0,0
1180.516471412,0,0,0
1180.655167792,0,0,1
1180.655168312,0,1,1
1180.655169002,1,1,1
1180.793864752,1,0,1
1180.793865674,1,0,0
1180.793866562,0,0,0
1180.932563536,0,0,1
1180.932564286,0,1,1
1180.932565028,1,1,1
1181.071261482,1,1,0
1181.071261786,1,0,0
1181.071262592,0,0,0
1181.209990258,0,1,0
1181.209990346,0,1,1
1181.209991182,1,1,1
1181.348688822,1,0,1
1181.348689290,1,0,0
1181.348689680,0,0,0
1181.487385356,0,1,0
1181.487386214,0,1,1
1181.487387210,1,1,1
1181.626082796,1,0,1
1181.626084162,1,0,0
1181.626084832,0,0,0
1181.764782024,0,0,1
1181.764782330,0,1,1
1181.764783362,1,1,1
1181.903478894,1,0,1
1181.903479968,1,0,0
1181.903480920,0,0,0
1182.042207768,0,0,1
1182.042208678,0,1,1
1182.042209450,1,1,1
1182.180905776,1,1,0
1182.180905866,1,0,0
1182.180907010,0,0,0
1182.319603400,0,1,0
1182.319604514,0,1,1
1182.319605538,1,1,1
1182.458301582,1,1,0
1182.458301902,1,0,0
1182.458303100,0,0,0
1182.596999374,0,1,0
1182.596999444,0,1,1
1182.597001690,1,1,1
1182.735697328,1,1,0
1182.735698938,1,0,0
1182.735699190,0,0,0
1182.874394410,0,1,0
1182.874395254,0,1,1
1182.874396718,1,1,1
1183.013092974,1,0,1
1183.013094198,1,0,0
1183.013095340,0,0,0
1183.151791060,0,0,1
1183.151791444,0,1,1
1183.151792808,1,1,1
1183.290488946,1,0,1
1183.290490006,1,0,0
1183.290491430,0,0,0
1183.429186932,0,0,1
1183.429187542,0,1,1
1183.429188958,1,1,1
1183.567946046,1,0,1
1183.567946814,1,0,0
1183.567947518,0,0,0
1183.706643578,0,1,0
1183.706643738,0,1,1
1183.706646048,1,1,1
1183.845402684,1,1,0
1183.845403080,1,0,0
1183.845404608,0,0,0
1183.984100552,0,1,0
1183.984101608,0,1,1
1183.984103136,1,1,1
1184.122798492,1,1,0
1184.122800054,1,0,0
1184.122800696,0,0,0
1184.261557586,0,1,0
1184.261558416,0,1,1
1184.261559162,1,1,1
1184.400286298,1,1,0
1184.400287088,1,0,0
1184.400287786,0,0,0
1184.538984622,0,1,0
1184.538985160,0,1,1
1184.538986314,1,1,1
1184.677681124,1,0,1
1184.677683106,1,0,0
1184.677683812,0,0,0
1184.816410594,0,1,0
1184.816410968,0,1,1
1184.816412402,1,1,1
1184.955108158,1,0,1
1184.955108914,1,0,0
1184.955110026,0,0,0
1185.093867694,0,1,0
1185.093868838,0,1,1
1185.093869490,1,1,1
1185.232596194,1,0,1
1185.232596722,1,0,0
1185.232598052,0,0,0
1185.371324646,0,0,1
1185.371324664,0,1,1
1185.371326642,1,1,1
1185.510022166,1,0,1
1185.510022592,1,0,0
1185.510024140,0,0,0
1185.648719702,0,1,0
1185.648720454,0,1,1
1185.648721668,1,1,1
1185.787417212,1,1,0
1185.787418264,1,0,0
1185.787420292,0,0,0
1185.926115262,0,0,1
1185.926115736,0,1,1
1185.926117758,1,1,1
1186.064814206,1,1,0
1186.064815238,1,0,0
1186.064816318,0,0,0
1186.203512068,0,0,1
1186.203512772,0,1,1
1186.203513848,1,1,1
1186.342209898,1,0,1
1186.342209952,1,0,0
1186.342211470,0,0,0
1186.480908806,0,1,0
1186.480908878,0,1,1
1186.480909936,1,1,1
1186.619636310,1,0,1
1186.619636758,1,0,0
1186.619638496,0,0,0
1186.758333684,0,0,1
1186.758333780,0,1,1
1186.758336024,1,1,1
1186.897032346,1,0,1
1186.897032630,1,0,0
1186.897033586,0,0,0
1187.035729816,0,1,0
1187.035730492,0,1,1
1187.035732176,1,1,1
1187.174427318,1,0,1
1187.174427498,1,0,0
1187.174429736,0,0,0
1187.313154790,0,1,0
1187.313157362,0,1,1
1187.313158204,1,1,1
1187.451885244,1,1,0
1187.451885416,1,0,0
1187.451886762,0,0,0
1187.590581886,0,1,0
1187.590584232,0,1,1
1187.590584292,1,1,1
1187.729281052,1,1,0
1187.729281326,1,0,0
1187.729282916,0,0,0
1187.867978860,0,1,0
1187.867979040,0,1,1
1187.867980442,1,1,1
1188.006676860,1,1,0
1188.006677424,1,0,0
1188.006678940,0,0,0
1188.145373784,0,0,1
1188.145375958,0,1,1
1188.145376532,1,1,1
1188.284072458,1,0,1
1188.284072730,1,0,0
1188.284074154,0,0,0
1188.422770994,0,1,0
1188.422771592,0,1,1
1188.422772622,1,1,1
1188.561468494,1,0,1
1188.561468538,1,0,0
1188.561470118,0,0,0
1188.700166028,0,1,0
1188.700167464,0,1,1
1188.700168710,1,1,1
1188.838895468,1,0,1
1188.838896346,1,0,0
1188.838897268,0,0,0
1188.977592066,0,1,0
1188.977594270,0,1,1
1188.977594798,1,1,1
1189.116291214,1,1,0
1189.116291566,1,0,0
1189.116292420,0,0,0
1189.255019016,0,0,1
1189.255020036,0,1,1
1189.255020886,1,1,1
1189.393717538,1,0,1
1189.393718022,1,0,0
1189.393719448,0,0,0
1189.532445884,0,0,1
1189.532447010,0,1,1
1189.532447974,1,1,1
1189.671143636,1,0,1
1189.671144830,1,0,0
1189.671145536,0,0,0
1189.809841690,0,0,1
1189.809842106,0,1,1
1189.809843126,1,1,1
1189.948538636,1,1,0
1189.948539608,1,0,0
1189.948541622,0,0,0
1190.087237498,0,0,1
1190.087238080,0,1,1
1190.087239152,1,1,1
1190.225935444,1,1,0
1190.225935644,1,0,0
1190.225936712,0,0,0
1190.364633054,0,1,0
1190.364633368,0,1,1
1190.364635302,1,1,1
1190.503331314,1,1,0
1190.503332616,1,0,0
1190.503332800,0,0,0
1190.642028962,0,1,0
1190.642029112,0,1,1
1190.642031328,1,1,1
1190.780725650,1,0,1
1190.780727058,1,0,0
1190.780728950,0,0,0
1190.919485982,0,0,1
1190.919486124,0,1,1
1190.919487480,1,1,1
1191.058214686,1,0,1
1191.058214866,1,0,0
1191.058215976,0,0,0
1191.196913158,0,1,0
1191.196913790,0,1,1
1191.196914568,1,1,1
1191.335609722,1,0,1
1191.335611736,1,0,0
1191.335612128,0,0,0
1191.474309194,0,1,0
1191.474309598,0,1,1
1191.474310656,1,1,1
1191.613006542,1,1,0
1191.613007694,1,0,0
1191.613008216,0,0,0
1191.751703466,0,0,1
1191.751705228,0,1,1
1191.751705746,1,1,1
1191.890402728,1,0,1
1191.890403348,1,0,0
1191.890404306,0,0,0
1192.029100274,0,0,1
1192.029101264,0,1,1
1192.029101896,1,1,1
1192.167798764,1,0,1
1192.167799220,1,0,0
1192.167800394,0,0,0
1192.306496080,0,0,1
1192.306497298,0,1,1
1192.306497922,1,1,1
1192.445284800,1,0,1
1192.445286964,1,0,0
1192.445287546,0,0,0
1192.583983396,0,1,0
1192.583983888,0,1,1
1192.583985074,1,1,1
1192.722681830,1,0,0
1192.722683508,0,0,0
1192.861379632,0,0,1
1192.861380056,0,1,1
1192.861381100,1,1,1
1193.000138806,1,0,1
1193.000139078,1,0,0
1193.000139658,0,0,0
1193.138836402,0,1,0
1193.138837564,0,1,1
1193.138838250,1,1,1
1193.277533386,1,1,0
1193.277534904,1,0,0
1193.277535810,0,0,0
1193.416231310,0,0,1
1193.416233376,0,1,1
1193.416234276,1,1,1
1193.554930254,1,1,0
1193.554930876,1,0,0
1193.554931836,0,0,0
1193.693658410,0,1,0
1193.693659116,0,1,1
1193.693660364,1,1,1
1193.832355060,1,1,0
1193.832356974,1,0,0
1193.832357924,0,0,0
1193.971054986,0,0,1
1193.971055382,0,1,1
1193.971056454,1,1,1
1194.109750946,1,0,1
1194.109751866,1,0,0
1194.109754076,0,0,0
1194.248480416,0,1,0
1194.248481792,0,1,1
1194.248482604,1,1,1
1194.387178674,1,1,0
1194.387178982,1,0,0
1194.387180162,0,0,0
1194.525907452,0,1,0
1194.525908598,0,1,1
1194.525908630,1,1,1
1194.664606016,1,0,1
1194.664606544,1,0,0
1194.664607252,0,0,0
1194.803334486,0,1,0
1194.803335406,0,1,1
1194.803335782,1,1,1
1194.942031288,1,1,0
1194.942032988,1,0,0
1194.942033340,0,0,0
1195.080728460,0,1,0
1195.080730212,0,1,1
1195.080730868,1,1,1
1195.219489084,1,0,1
1195.219489158,1,0,0
1195.219490428,0,0,0
1195.358156618,0,1,0
1195.358157018,0,1,1
1195.358157956,1,1,1
1195.496852964,1,1,0
1195.496854056,1,0,0
1195.496855516,0,0,0
1195.635551826,0,0,1
1195.635553590,0,1,1
1195.635553982,1,1,1
1195.774278770,1,1,0
1195.774279092,1,0,0
1195.774281604,0,0,0
1195.912977694,0,0,1
1195.912978624,0,1,1
1195.912980196,1,1,1
1196.051675188,1,0,1
1196.051676578,1,0,0
1196.051677630,0,0,0
1196.190373660,0,1,0
1196.190374502,0,1,1
1196.190376220,1,1,1
1196.329072160,1,0,1
1196.329072384,1,0,0
1196.329073782,0,0,0
1196.467800694,0,1,0
1196.467801308,0,1,1
1196.467802308,1,1,1
1196.606499194,1,0,1
1196.606499504,1,0,0
1196.606499868,0,0,0
1196.745196666,0,1,0
1196.745197114,0,1,1
1196.745198460,1,1,1
1196.883894166,1,0,1
1196.883895058,1,0,0
1196.883895956,0,0,0
1197.022592700,0,1,0
1197.022592922,0,1,1
1197.022593484,1,1,1
1197.161289866,1,1,0
1197.161290264,1,0,0
1197.161292108,0,0,0
1197.299987790,0,0,1
1197.299988672,0,1,1
1197.299989574,1,1,1
1197.438685672,1,1,0
1197.438686236,1,0,0
1197.438688134,0,0,0
1197.577383768,0,1,0
1197.577384534,0,1,1
1197.577385662,1,1,1
1197.716112270,1,0,1
1197.716112478,1,0,0
1197.716114222,0,0,0
1197.854869402,0,0,1
1197.854870740,0,1,1
1197.854872750,1,1,1
1197.993569222,1,1,0
1197.993569242,1,0,0
1197.993571310,0,0,0
1198.132327774,0,1,0
1198.132328210,0,1,1
1198.132329838,1,1,1
1198.271027092,1,1,0
1198.271027338,1,0,0
1198.271028398,0,0,0
1198.409724810,0,1,0
1198.409725452,0,1,1
1198.409725988,1,1,1
1198.548452960,1,1,0
1198.548453372,1,0,0
1198.548454486,0,0,0
1198.687150844,0,1,0
1198.687151884,0,1,1
1198.687152074,1,1,1
1198.825848704,1,1,0
1198.825849406,1,0,0
1198.825850574,0,0,0
1198.964578626,0,0,1
1198.964578878,0,1,1
1198.964579162,1,1,1
1199.103305572,1,1,0
1199.103306378,1,0,0
1199.103307722,0,0,0
1199.242003496,0,0,1
1199.242003974,0,1,1
1199.242005250,1,1,1
1199.380731380,1,1,0
1199.380732412,1,0,0
1199.380733808,0,0,0
1199.519429008,0,1,0
1199.519429302,0,1,1
1199.519431276,1,1,1
1199.658127186,1,1,0
1199.658127446,1,0,0
1199.658129898,0,0,0
1199.796825918,0,1,0
1199.796826046,0,1,1
1199.796827424,1,1,1
1199.935523480,1,0,1
1199.935523992,1,0,0
1199.935524984,0,0,0
1200.074220916,0,0,1
1200.074221950,0,1,1
1200.074223512,1,1,1
1200.212950360,1,1,0
1200.212950514,1,0,0
1200.212952072,0,0,0
1200.351679720,0,0,1
1200.351679986,0,1,1
1200.351680538,1,1,1
1200.490376548,1,0,1
1200.490376666,1,0,0
1200.490378162,0,0,0
1200.629074526,0,0,1
1200.629075020,0,1,1
1200.629075688,1,1,1
1200.767772522,1,0,1
1200.767774184,0,0,1
1200.767774408,0,0,0
1200.906470054,0,1,0
1200.906470334,0,1,1
1200.906471776,1,1,1
1201.045198216,1,1,0
1201.045198616,1,0,0
1201.045200274,0,0,0
1201.183896026,0,1,0
1201.183896202,0,1,1
1201.183897862,1,1,1
1201.322595084,1,1,0
1201.322595588,1,0,0
1201.322596422,0,0,0
1201.461292122,0,1,0
1201.461292946,0,1,1
1201.461293950,1,1,1
1201.600021560,1,0,1
1201.600021890,1,0,0
1201.600022448,0,0,0
1201.738718814,0,0,1
1201.738719094,0,1,1
1201.738721038,1,1,1
1201.877416698,1,1,0
1201.877418600,0,1,0
1201.877418658,0,0,0
1202.016144558,0,0,1
1202.016145128,0,1,1
1202.016147126,1,1,1
1202.154842628,1,0,1
1202.154843566,1,0,0
1202.154844686,0,0,0
1202.293542162,0,1,0
1202.293542428,0,1,1
1202.293543212,1,1,1
1202.432238726,1,0,1
1202.432240310,1,0,0
1202.432240712,0,0,0
1202.570936196,0,1,0
1202.570937232,0,1,1
1202.570938300,1,1,1
1202.709635760,1,0,1
1202.709636178,1,0,0
1202.709636862,0,0,0
1202.848363168,0,1,0
1202.848364038,0,1,1
1202.848365388,1,1,1
1202.987060984,1,1,0
1202.987061734,1,0,0
1202.987062948,0,0,0
1203.125758906,0,0,1
1203.125759264,0,1,1
1203.125761476,1,1,1
1203.264456766,1,0,1
1203.264456788,1,0,0
1203.264458974,0,0,0
1203.403154714,0,0,1
1203.403155298,0,1,1
1203.403156564,1,1,1
1203.541883594,1,1,0
1203.541884050,1,0,0
1203.541885124,0,0,0
1203.680581518,0,0,1
1203.680582332,0,1,1
1203.680583650,1,1,1
1203.819310834,1,0,1
1203.819311840,1,0,0
1203.819312210,0,0,0
1203.958008304,0,1,0
1203.958008324,0,1,1
1203.958009738,1,1,1
1204.096705208,1,1,0
1204.096705866,1,0,0
1204.096707298,0,0,0
1204.235433338,0,1,0
1204.235434132,0,1,1
1204.235435826,1,1,1
1204.374163014,1,1,0
1204.374163838,1,0,0
1204.374164446,0,0,0
1204.512860308,0,1,0
1204.512860938,0,1,1
1204.512862912,1,1,1
1204.651588820,1,1,0
1204.651588872,1,0,0
1204.651590534,0,0,0
1204.790286342,0,1,0
1204.790287744,0,1,1
1204.790289062,1,1,1
1204.928984908,1,0,1
1204.928985688,1,0,0
1204.928986560,0,0,0
1205.067683378,0,1,0
1205.067683550,0,1,1
1205.067685086,1,1,1
1205.206379878,1,0,1
1205.206380494,1,0,0
1205.206382646,0,0,0
1205.345109418,0,0,1
1205.345110410,0,1,1
1205.345111174,1,1,1
1205.483806974,1,0,1
1205.483807300,1,0,0
1205.483808796,0,0,0
1205.622505444,0,1,0
1205.622506224,0,1,1
1205.622507324,1,1,1
1205.761235104,1,1,0
1205.761235132,1,0,0
1205.761235884,0,0,0
1205.899931030,0,0,1
1205.899931478,0,1,1
1205.899933412,1,1,1
1206.038659972,1,1,0
1206.038659976,1,0,0
1206.038661908,0,0,0
1206.177389512,0,1,0
1206.177389834,0,1,1
1206.177390498,1,1,1
1206.316086780,1,1,0
1206.316087996,0,1,0
1206.316088012,0,0,0
1206.454814546,0,1,0
1206.454815702,0,1,1
1206.454816586,1,1,1
1206.593512108,1,0,1
1206.593513584,1,0,0
1206.593515146,0,0,0
1206.732211448,0,0,1
1206.732211580,0,1,1
1206.732212672,1,1,1
1206.870908080,1,0,1
1206.870909390,1,0,0
1206.870910232,0,0,0
1207.009606614,0,1,0
1207.009607252,0,1,1
1207.009608760,1,1,1
1207.148305196,1,1,0
1207.148306052,1,0,0
1207.148306320,0,0,0
1207.287002370,0,0,1
1207.287002586,0,1,1
1207.287003848,1,1,1
1207.425700002,1,1,0
1207.425700148,1,0,0
1207.425702406,0,0,0
1207.564398618,0,1,0
1207.564398926,0,1,1
1207.564399936,1,1,1
1207.703097118,1,0,1
1207.703097808,1,0,0
1207.703098496,0,0,0
1207.841794732,0,0,1
1207.841794776,0,1,1
1207.841796022,1,1,1
1207.980491676,1,1,0
1207.980492152,1,0,0
1207.980493582,0,0,0
1208.119191536,0,0,1
1208.119191686,0,1,1
1208.119192046,1,1,1
1208.257919186,1,0,1
1208.257919480,1,0,0
1208.257920670,0,0,0
1208.396616406,0,0,1
1208.396617656,0,1,1
1208.396618258,1,1,1
1208.535314282,1,0,1
1208.535315224,1,0,0
1208.535316756,0,0,0
1208.674010690,0,1,0
1208.674012148,0,1,1
1208.674014284,1,1,1
1208.812710092,1,1,0
1208.812710254,1,0,0
1208.812711906,0,0,0
1208.951407724,0,1,0
1208.951408954,0,1,1
1208.951410432,1,1,1
1209.090136898,1,1,0
1209.090137224,1,0,0
1209.090138994,0,0,0
1209.228864884,0,0,1
1209.228866756,0,1,1
1209.228867458,1,1,1
1209.367563704,1,1,0
1209.367565018,0,1,0
1209.367565258,0,0,0
1209.506260628,0,0,1
1209.506260790,0,1,1
1209.506262544,1,1,1
1209.644989572,1,1,0
1209.644990354,1,0,0
1209.644991106,0,0,0
1209.783688370,0,0,1
1209.783688762,0,1,1
1209.783689694,1,1,1
1209.922385326,1,0,1
1209.922386378,1,0,0
1209.922387254,0,0,0
1210.061083238,0,0,1
1210.061083794,0,1,1
1210.061084720,1,1,1
1210.199811182,1,1,0
1210.199812358,1,0,0
1210.199813342,0,0,0
1210.338508828,0,1,0
1210.338511044,0,1,1
1210.338511868,1,1,1
1210.477206988,1,1,0
1210.477208390,1,0,0
1210.477209366,0,0,0
1210.615905788,0,0,1
1210.615905924,0,1,1
1210.615906956,1,1,1
1210.754604362,1,0,1
1210.754604794,1,0,0
1210.754605516,0,0,0
1210.893300894,0,1,0
1210.893302718,0,1,1
1210.893303044,1,1,1
1211.032061396,1,0,1
1211.032061598,1,0,0
1211.032062666,0,0,0
1211.170757460,0,0,1
1211.170758928,0,1,1
1211.170760130,1,1,1
1211.309456466,1,1,0
1211.309456490,1,0,0
1211.309457690,0,0,0
1211.448184900,0,1,0
1211.448185330,0,1,1
1211.448186156,1,1,1
1211.586912464,1,0,1
1211.586914210,1,0,0
1211.586914778,0,0,0
1211.725611072,0,0,1
1211.725612934,0,1,1
1211.725613306,1,1,1
1211.864309078,1,1,0
1211.864309496,1,0,0
1211.864310864,0,0,0
1212.003067966,0,1,0
1212.003068938,0,1,1
1212.003070392,1,1,1
1212.141796820,1,1,0
1212.141796966,1,0,0
1212.141797952,0,0,0
1212.280524808,0,0,1
1212.280525000,0,1,1
1212.280526478,1,1,1
1212.419223562,1,0,1
1212.419223688,1,0,0
1212.419225038,0,0,0
1212.557952032,0,1,0
1212.557952552,0,1,1
1212.557953568,1,1,1
1212.696648534,1,0,1
1212.696649808,1,0,0
1212.696651126,0,0,0
1212.835378068,0,1,0
1212.835378420,0,1,1
1212.835379654,1,1,1
1212.974075300,1,1,0
1212.974075630,1,0,0
1212.974077212,0,0,0
1213.112774224,0,0,1
1213.112775100,0,1,1
1213.112775740,1,1,1
1213.251471106,1,1,0
1213.251471600,1,0,0
1213.251473300,0,0,0
1213.390169966,0,0,1
1213.390170070,0,1,1
1213.390171828,1,1,1
1213.528866912,1,1,0
1213.528867634,1,0,0
1213.528869388,0,0,0
1213.667564168,0,1,0
1213.667565834,0,1,1
1213.667566914,1,1,1
1213.806262780,1,1,0
1213.806263666,1,0,0
1213.806265536,0,0,0
1213.944961640,0,0,1
1213.944963002,1,0,1
1213.944963138,1,1,1
1214.083689584,1,1,0
1214.083690700,1,0,0
1214.083691624,0,0,0
1214.222387446,0,0,1
1214.222388172,0,1,1
1214.222389150,1,1,1
1214.361115670,1,0,1
1214.361116390,1,0,0
1214.361117648,0,0,0
1214.499815204,0,1,0
1214.499815314,0,1,1
1214.499816238,1,1,1
1214.638512258,1,1,0
1214.638512766,1,0,0
1214.638513736,0,0,0
1214.777241056,0,0,1
1214.777241236,0,1,1
1214.777242262,1,1,1
1214.916029800,1,0,1
1214.916031000,1,0,0
1214.916031884,0,0,0
1215.054727270,0,1,0
1215.054727924,0,1,1
1215.054729412,1,1,1
1215.193426770,1,0,1
1215.193426808,1,0,0
1215.193427910,0,0,0
1215.332124240,0,1,0
1215.332124730,0,1,1
1215.332125500,1,1,1
1215.470822674,1,1,0
1215.470822802,1,0,0
1215.470824058,0,0,0
1215.609549274,0,1,0
1215.609550536,0,1,1
1215.609551586,1,1,1
1215.748248480,1,1,0
1215.748248836,1,0,0
1215.748250146,0,0,0
1215.886977306,0,1,0
1215.886977340,0,1,1
1215.886978610,1,1,1
1216.025674222,1,1,0
1216.025675806,1,0,0
1216.025676234,0,0,0
1216.164403402,0,1,0
1216.164404210,0,1,1
1216.164404700,1,1,1
1216.303100716,1,1,0
1216.303101840,1,0,0
1216.303102320,0,0,0
1216.441829014,0,0,1
1216.441830374,0,1,1
1216.441830850,1,1,1
1216.580556874,1,0,1
1216.580557896,1,0,0
1216.580559408,0,0,0
1216.719256344,0,1,0
1216.719256820,0,1,1
1216.719257936,1,1,1
1216.857953700,1,1,0
1216.857953908,1,0,0
1216.857955496,0,0,0
1216.996681442,0,1,0
1216.996682624,0,1,1
1216.996684022,1,1,1
1217.135378940,1,0,1
1217.135379506,1,0,0
1217.135381582,0,0,0
1217.274079432,0,0,1
1217.274079472,0,1,1
1217.274080046,1,1,1
1217.412774910,1,0,1
1217.412776312,1,0,0
1217.412777668,0,0,0
1217.551475234,0,0,1
1217.551475444,0,1,1
1217.551476196,1,1,1
1217.690172006,1,0,1
1217.690172180,1,0,0
1217.690173754,0,0,0
1217.828869478,0,1,0
1217.828870040,0,1,1
1217.828871282,1,1,1
1217.967628984,1,1,0
1217.967630040,1,0,0
1217.967630842,0,0,0
1218.106325846,0,0,1
1218.106327448,0,1,1
1218.106328430,1,1,1
1218.245054790,1,1,0
1218.245056990,0,1,0
1218.245057072,0,0,0
1218.383784480,0,1,0
1218.383784650,0,1,1
1218.383785454,1,1,1
1218.522513594,1,1,0
1218.522514014,0,1,0
1218.522514106,0,0,0
1218.661210202,0,1,0
1218.661210518,0,1,1
1218.661211540,1,1,1
1218.799908400,1,1,0
1218.799909076,1,0,0
1218.799910162,0,0,0
1218.938605548,0,1,0
1218.938607262,0,1,1
1218.938607690,1,1,1
1219.077303110,1,0,1
1219.077303268,1,0,0
1219.077305188,0,0,0
1219.216002582,0,1,0
1219.216003130,0,1,1
1219.216003776,1,1,1
1219.354700010,1,1,0
1219.354701144,1,0,0
1219.354701336,0,0,0
1219.493397614,0,1,0
1219.493397934,0,1,1
1219.493399802,1,1,1
1219.632094878,1,1,0
1219.632096176,1,0,0
1219.632097360,0,0,0
1219.770793646,0,1,0
1219.770793802,0,1,1
1219.770794950,1,1,1
1219.909521684,1,1,0
1219.909523210,1,0,0
1219.909523510,0,0,0
1220.048220544,0,0,1
1220.048220680,0,1,1
1220.048222038,1,1,1
1220.186949490,1,1,0
1220.186950182,1,0,0
1220.186950534,0,0,0
1220.325646350,0,0,1
1220.325646714,0,1,1
1220.325648124,1,1,1
1220.464374214,1,0,1
1220.464376296,1,0,0
1220.464376684,0,0,0
1220.603103218,0,0,1
1220.603103686,0,1,1
1220.603105150,1,1,1
1220.741862100,1,1,0
1220.741862434,1,0,0
1220.741863772,0,0,0
1220.880590024,0,0,1
1220.880591780,0,1,1
1220.880592298,1,1,1
1221.019289906,1,1,0
1221.019290218,1,0,0
1221.019290794,0,0,0
1221.158016750,0,1,0
1221.158016830,0,1,1
1221.158018384,1,1,1
1221.296714712,1,1,0
1221.296715250,1,0,0
1221.296716944,0,0,0
1221.435412784,0,1,0
1221.435413636,0,1,1
1221.435414408,1,1,1
1221.574111578,1,1,0
1221.574112346,1,0,0
1221.574113030,0,0,0
1221.712808816,0,1,0
1221.712810440,0,1,1
1221.712810622,1,1,1
1221.851537384,1,1,0
1221.851538316,1,0,0
1221.851539118,0,0,0
1221.990234246,0,0,1
1221.990235850,0,1,1
1221.990236644,1,1,1
1222.128934188,1,1,0
1222.128934350,1,0,0
1222.128935202,0,0,0
1222.267630050,0,0,1
1222.267630822,0,1,1
1222.267632730,1,1,1
1222.406328384,1,0,1
1222.406328994,1,0,0
1222.406330290,0,0,0
1222.545026916,0,1,0
1222.545027856,0,1,1
1222.545028816,1,1,1
1222.683724354,1,0,1
1222.683724862,1,0,0
1222.683726376,0,0,0
1222.822422074,0,1,0
1222.822422722,0,1,1
1222.822424904,1,1,1
1222.961120448,1,0,1
1222.961120606,1,0,0
1222.961122464,0,0,0
1223.099817982,0,1,0
1223.099819528,0,1,1
1223.099819990,1,1,1
1223.238547408,1,1,0
1223.238547418,1,0,0
1223.238548550,0,0,0
1223.377245332,0,0,1
1223.377245952,0,1,1
1223.377247076,1,1,1
1223.515943214,1,1,0
1223.515943452,1,0,0
1223.515944636,0,0,0
1223.654641138,0,0,1
1223.654641922,0,1,1
1223.654643162,1,1,1
1223.793339548,1,0,1
1223.793340020,1,0,0
1223.793340786,0,0,0
1223.932066004,0,0,1
1223.932068018,0,1,1
1223.932069250,1,1,1
1224.070795824,1,1,0
1224.070796518,1,0,0
1224.070797810,0,0,0
1224.209493748,0,0,1
1224.209495052,0,1,1
1224.209495336,1,1,1
1224.348191690,1,1,0
1224.348192552,1,0,0
1224.348193896,0,0,0
1224.486889020,0,1,0
1224.486889552,0,1,1
1224.486891422,1,1,1
1224.625618496,1,1,0
1224.625618646,1,0,0
1224.625619984,0,0,0
1224.764346420,0,0,1
1224.764347116,0,1,1
1224.764348510,1,1,1
1224.903043618,1,0,1
1224.903044302,1,0,0
1224.903046132,0,0,0
1225.041742586,0,1,0
1225.041743224,0,1,1
1225.041744596,1,1,1
1225.180440588,1,0,1
1225.180441106,1,0,0
1225.180442218,0,0,0
1225.319138030,0,0,1
1225.319139182,0,1,1
1225.319139744,1,1,1
1225.457835620,1,0,1
1225.457837974,1,0,0
1225.457838242,0,0,0
1225.596595088,0,1,0
1225.596595772,0,1,1
1225.596596832,1,1,1
1225.735293652,1,0,1
1225.735293778,1,0,0
1225.735295328,0,0,0
1225.873991122,0,1,0
1225.873991700,0,1,1
1225.873992918,1,1,1
1226.012718520,1,1,0
1226.012720686,1,0,0
1226.012721416,0,0,0
1226.151448156,0,1,0
1226.151448442,0,1,1
1226.151450004,1,1,1
1226.290145386,1,1,0
1226.290145654,1,0,0
1226.290147564,0,0,0
1226.428843310,0,0,1
1226.428844248,0,1,1
1226.428846090,1,1,1
1226.567571688,1,0,1
1226.567572254,1,0,0
1226.567573650,0,0,0
1226.706270220,0,1,0
1226.706271052,0,1,1
1226.706272114,1,1,1
1226.844998720,1,0,1
1226.844999060,1,0,0
1226.845000736,0,0,0
1226.983696252,0,1,0
1226.983696856,0,1,1
1226.983698264,1,1,1
1227.122425814,1,0,1
1227.122425862,1,0,0
1227.122426760,0,0,0
1227.261122722,0,0,1
1227.261123096,0,1,1
1227.261124350,1,1,1
1227.399820668,1,1,0
1227.399820722,1,0,0
1227.399822846,0,0,0
1227.538519254,0,1,0
1227.538520436,1,1,0
1227.538520528,1,1,1
1227.677216816,1,0,1
1227.677217470,1,0,0
1227.677218996,0,0,0
1227.815914288,0,1,0
1227.815916394,0,1,1
1227.815916584,1,1,1
1227.954611848,1,0,1
1227.954613276,1,0,0
1227.954614080,0,0,0
1228.093310198,0,0,1
1228.093311382,0,1,1
1228.093312608,1,1,1
1228.232007882,1,0,1
1228.232009142,1,0,0
1228.232010168,0,0,0
1228.370706064,0,0,1
1228.370707414,0,1,1
1228.370708756,1,1,1
1228.509404884,1,1,0
1228.509405914,1,0,0
1228.509406252,0,0,0
1228.648102808,0,0,1
1228.648103446,0,1,1
1228.648103778,1,1,1
1228.786830688,1,1,0
1228.786830886,1,0,0
1228.786832338,0,0,0
1228.925528550,0,0,1
1228.925529416,0,1,1
1228.925530928,1,1,1
1229.064257916,1,0,1
1229.064258556,1,0,0
1229.064259488,0,0,0
1229.202955448,0,1,0
1229.202956416,0,1,1
1229.202956952,1,1,1
1229.341653262,1,0,1
1229.341653298,1,0,0
1229.341654510,0,0,0
1229.480351482,0,1,0
1229.480353100,1,1,0
1229.480353220,1,1,1
1229.619048980,1,0,1
1229.619049164,1,0,0
1229.619050594,0,0,0
1229.757747024,0,0,1
1229.757747514,0,1,1
1229.757749122,1,1,1
1229.896444968,1,1,0
1229.896445014,1,0,0
1229.896446746,0,0,0
1230.035142892,0,0,1
1230.035143546,0,1,1
1230.035144272,1,1,1
1230.173840984,1,0,1
1230.173841774,1,0,0
1230.173842768,0,0,0
1230.312537632,0,0,1
1230.312539516,0,1,1
1230.312540356,1,1,1
1230.451237578,1,1,0
1230.451238080,1,0,0
1230.451238978,0,0,0
1230.589964548,0,1,0
1230.589965500,0,1,1
1230.589966442,1,1,1
1230.728692110,1,0,1
1230.728694382,1,0,0
1230.728695002,0,0,0
1230.867392580,0,1,0
1230.867393304,0,1,1
1230.867393528,1,1,1
1231.006089248,1,1,0
1231.006090080,1,0,0
1231.006091086,0,0,0
1231.144817612,0,1,0
1231.144818170,0,1,1
1231.144819550,1,1,1
1231.283545112,1,0,1
1231.283546050,1,0,0
1231.283548172,0,0,0
1231.422242912,0,0,1
1231.422243646,0,1,1
1231.422245700,1,1,1
1231.560942144,1,0,1
1231.560942856,1,0,0
1231.560944258,0,0,0
1231.699638780,0,0,1
1231.699639614,0,1,1
1231.699641784,1,1,1
1231.838369178,1,0,1
1231.838369660,1,0,0
1231.838370406,0,0,0
1231.977066582,0,0,1
1231.977066708,0,1,1
1231.977067870,1,1,1
1232.115764526,1,1,0
1232.115765146,1,0,0
1232.115766430,0,0,0
1232.254462388,0,0,1
1232.254462616,0,1,1
1232.254463956,1,1,1
1232.393160242,1,0,1
1232.393160456,1,0,0
1232.393162516,0,0,0
1232.531858190,0,0,1
1232.531858710,0,1,1
1232.531860104,1,1,1
1232.670555272,1,0,1
1232.670556136,1,0,0
1232.670557602,0,0,0
1232.809253742,0,1,0
1232.809254996,0,1,1
1232.809256192,1,1,1
1232.947951306,1,0,1
1232.947951940,1,0,0
1232.947953750,0,0,0
1233.086649714,0,1,0
1233.086649862,0,1,1
1233.086652214,1,1,1
1233.225377338,1,0,1
1233.225377682,1,0,0
1233.225379774,0,0,0
1233.364076604,0,0,1
1233.364076744,0,1,1
1233.364078362,1,1,1
1233.502835244,1,0,1
1233.502836548,1,0,0
1233.502836858,0,0,0
1233.641532276,0,1,0
1233.641534472,0,1,1
1233.641535448,1,1,1
1233.780230414,1,1,0
1233.780231278,1,0,0
1233.780233006,0,0,0
1233.918929808,0,1,0
1233.918930274,0,1,1
1233.918930470,1,1,1
1234.057626370,1,0,1
1234.057627156,1,0,0
1234.057629092,0,0,0
1234.196324080,0,0,1
1234.196324842,0,1,1
1234.196326618,1,1,1
1234.335023342,1,0,1
1234.335024710,1,0,0
1234.335025178,0,0,0
1234.473719946,0,0,1
1234.473720874,0,1,1
1234.473722644,1,1,1
1234.612448828,1,1,0
1234.612450310,1,0,0
1234.612451264,0,0,0
1234.751146750,0,0,1
1234.751146844,0,1,1
1234.751148790,1,1,1
1234.889845404,1,0,1
1234.889846568,1,0,0
1234.889847348,0,0,0
1235.028603554,0,0,1
1235.028603876,0,1,1
1235.028605878,1,1,1
1235.167301436,1,0,1
1235.167303372,1,0,0
1235.167304434,0,0,0
1235.305999908,0,1,0
1235.306001294,0,1,1
1235.306002024,1,1,1
1235.444697240,1,1,0
1235.444698406,1,0,0
1235.444699584,0,0,0
1235.583396938,0,1,0
1235.583398048,1,1,0
1235.583398100,1,1,1
1235.722124106,1,1,0
1235.722125438,1,0,0
1235.722126670,0,0,0
1235.860823028,0,0,1
1235.860823346,0,1,1
1235.860824134,1,1,1
1235.999550534,1,0,1
1235.999551848,1,0,0
1235.999552692,0,0,0
1236.138247770,0,0,1
1236.138248942,0,1,1
1236.138250282,1,1,1
1236.276947712,1,1,0
1236.276948504,1,0,0
1236.276948778,0,0,0
1236.415644034,0,1,0
1236.415644512,0,1,1
1236.415646304,1,1,1
1236.554343536,1,0,1
1236.554344518,1,0,0
1236.554344926,0,0,0
1236.693040004,0,1,0
1236.693040440,0,1,1
1236.693042392,1,1,1
1236.831738322,1,1,0
1236.831738566,1,0,0
1236.831739950,0,0,0
1236.970437038,0,1,0
1236.970437182,0,1,1
1236.970438478,1,1,1
1237.109134536,1,0,1
1237.109135126,1,0,0
1237.109136098,0,0,0
1237.247833008,0,1,0
1237.247833048,0,1,1
1237.247833562,1,1,1
1237.386529570,1,0,1
1237.386529930,1,0,0
1237.386532120,0,0,0
1237.525227854,0,0,1
1237.525229102,0,1,1
1237.525229710,1,1,1
1237.663926538,1,0,1
1237.663927734,1,0,0
1237.663928206,0,0,0
1237.802623658,0,0,1
1237.802624134,0,1,1
1237.802625732,1,1,1
1237.941322600,1,1,0
1237.941322632,1,0,0
1237.941323292,0,0,0
1238.080020166,0,1,0
1238.080020462,0,1,1
1238.080021880,1,1,1
1238.218748728,1,0,1
1238.218749404,1,0,0
1238.218750440,0,0,0
1238.357445198,0,1,0
1238.357447328,0,1,1
1238.357447966,1,1,1
1238.496143696,1,0,1
1238.496145208,1,0,0
1238.496146464,0,0,0
1238.634842168,0,1,0
1238.634843070,0,1,1
1238.634844052,1,1,1
1238.773570950,1,1,0
1238.773571728,1,0,0
1238.773572612,0,0,0
1238.912267872,0,0,1
1238.912269262,0,1,1
1238.912270076,1,1,1
1239.050966698,1,0,1
1239.050966816,1,0,0
1239.050968698,0,0,0
1239.189695676,0,0,1
1239.189696232,0,1,1
1239.189697224,1,1,1
1239.328392732,1,0,1
1239.328393620,1,0,0
1239.328394720,0,0,0
1239.467120264,0,1,0
1239.467121544,0,1,1
1239.467123310,1,1,1
1239.605818826,1,0,1
1239.605819174,1,0,0
1239.605820806,0,0,0
1239.744517234,0,1,0
1239.744517346,0,1,1
1239.744519332,1,1,1
1239.883215292,1,1,0
1239.883215796,1,0,0
1239.883216892,0,0,0
1240.021913214,0,0,1
1240.021913328,0,1,1
1240.021914482,1,1,1
1240.160610828,1,0,1
1240.160611032,1,0,0
1240.160612978,0,0,0
1240.299308298,0,1,0
1240.299309016,0,1,1
1240.299310566,1,1,1
1240.438007860,1,0,1
1240.438007900,1,0,0
1240.438009126,0,0,0
1240.576704392,0,1,0
1240.576704758,0,1,1
1240.576706652,1,1,1
1240.715401892,1,0,1
1240.715402702,1,0,0
1240.715404212,0,0,0
1240.854101562,0,0,1
1240.854102360,0,1,1
1240.854102736,1,1,1
1240.992798506,1,1,0
1240.992798860,1,0,0
1240.992800296,0,0,0
1241.131526392,0,1,0
1241.131526428,0,1,1
1241.131528822,1,1,1
1241.270224892,1,0,1
1241.270226372,1,0,0
1241.270226380,0,0,0
1241.408923044,0,0,1
1241.408923424,0,1,1
1241.408924846,1,1,1
1241.547619114,1,1,0
1241.547620988,1,0,0
1241.547622468,0,0,0
1241.686319394,0,1,0
1241.686320038,0,1,1
1241.686320994,1,1,1
1241.825015980,1,1,0
1241.825016956,1,0,0
1241.825018552,0,0,0
1241.963714428,0,1,0
1241.963714904,0,1,1
1241.963716078,1,1,1
1242.102413722,1,1,0
1242.102413988,1,0,0
1242.102414638,0,0,0
1242.241110458,0,1,0
1242.241110644,0,1,1
1242.241112164,1,1,1
1242.379808960,1,0,1
1242.379809588,1,0,0
1242.379810660,0,0,0
1242.518536448,0,0,1
1242.518536490,0,1,1
1242.518538250,1,1,1
1242.657234990,1,0,1
1242.657236392,1,0,0
1242.657236808,0,0,0
1242.795933316,0,0,1
1242.795933524,0,1,1
1242.795934336,1,1,1
1242.934631024,1,0,1
1242.934632196,1,0,0
1242.934632894,0,0,0
1243.073328058,0,0,1
1243.073328618,0,1,1
1243.073330420,1,1,1
1243.212026000,1,1,0
1243.212026056,1,0,0
1243.212027980,0,0,0
1243.350756506,1,0,0
1243.350756526,1,1,0
1243.350756986,1,1,1
1243.489452806,1,1,0
1243.489453024,1,0,0
1243.489455064,0,0,0
1243.628150556,0,1,0
1243.628151726,0,1,1
1243.628152592,1,1,1
1243.766848118,1,0,1
1243.766849670,1,0,0
1243.766851150,0,0,0
1243.905546530,0,0,1
1243.905547590,0,1,1
1243.905548676,1,1,1
1244.044244088,1,0,1
1244.044244474,1,0,0
1244.044246236,0,0,0
1244.182942398,0,0,1
1244.182943620,0,1,1
1244.182944700,1,1,1
1244.321640120,1,0,1
1244.321641340,1,0,0
1244.321642258,0,0,0
1244.460369138,0,0,1
1244.460369966,0,1,1
1244.460370784,1,1,1
1244.599067084,1,1,0
1244.599067154,1,0,0
1244.599068406,0,0,0
1244.737794944,0,0,1
1244.737795684,0,1,1
1244.737796932,1,1,1
1244.876492886,1,1,0
1244.876494184,1,0,0
1244.876495490,0,0,0
1245.015191716,0,1,0
1245.015192874,0,1,1
1245.015193018,1,1,1
1245.153889216,1,0,1
1245.153890690,1,0,0
1245.153891576,0,0,0
1245.292586624,0,1,0
1245.292588614,0,1,1
1245.292589102,1,1,1
1245.431284248,1,0,1
1245.431284556,1,0,0
1245.431286662,0,0,0
1245.569982416,0,0,1
1245.569983718,0,1,1
1245.569985186,1,1,1
1245.708680280,1,0,1
1245.708682298,1,0,0
1245.708682808,0,0,0
1245.847378222,0,0,1
1245.847378750,0,1,1
1245.847380272,1,1,1
1245.986077164,1,1,0
1245.986077312,1,0,0
1245.986078830,0,0,0
1246.124835782,0,1,0
1246.124836026,0,1,1
1246.124837358,1,1,1
1246.263534968,1,1,0
1246.263535342,1,0,0
1246.263535918,0,0,0
1246.402232814,0,1,0
1246.402232890,0,1,1
1246.402233442,1,1,1
1246.540928772,1,1,0
1246.540929562,1,0,0
1246.540931002,0,0,0
1246.679628408,0,1,0
1246.679629530,1,1,0
1246.679629696,1,1,1
1246.818385344,1,0,1
1246.818386576,1,0,0
1246.818388086,0,0,0
1246.957084814,0,1,0
1246.957085498,0,1,1
1246.957086612,1,1,1
1247.095780374,1,0,1
1247.095783442,1,0,0
1247.095784172,0,0,0
1247.234480302,0,0,1
1247.234480908,0,1,1
1247.234481698,1,1,1
1247.373178346,1,0,1
1247.373180184,1,0,0
1247.373180256,0,0,0
1247.511540878,0,1,0
1247.511542784,1,1,0
1247.649993976,1,1,1
1247.649995378,1,0,1
1247.649996344,0,0,1
1247.788173912,0,1,1
1247.788173982,0,1,0
1247.788174934,1,1,0
1247.926383476,1,0,0
1247.926383904,1,0,1
1247.926385492,0,0,1
1248.064562786,0,0,0
1248.064562946,0,1,0
1248.064564020,1,1,0
1248.202741646,1,1,1
1248.202742448,1,0,1
1248.202743642,0,0,1
1248.341042586,0,0,0
1248.341043982,0,1,0
1248.341044170,1,1,0
1248.479404510,1,1,1
1248.479404544,1,0,1
1248.479406730,0,0,1
1248.617768076,0,0,0
1248.617768078,0,1,0
1248.617769256,1,1,0
1248.756129266,1,0,0
1248.756129312,1,0,1
1248.756130816,0,0,1
1248.894491256,0,0,0
1248.894492110,0,1,0
1248.894493344,1,1,0
1249.032854674,1,0,0
1249.032855116,1,0,1
1249.032855902,0,0,1
1249.171216996,0,0,0
1249.171217082,0,1,0
1249.171218492,1,1,0
1249.309577646,1,0,0
1249.309579918,1,0,1
1249.309580052,0,0,1
1249.447940116,0,1,1
1249.447940924,0,1,0
1249.447942516,1,1,0
1249.586303680,1,0,0
1249.586303786,1,0,1
1249.586305138,0,0,1
1249.724664212,0,1,1
1249.724665728,0,1,0
1249.724666664,1,1,0
1249.863027524,1,1,1
1249.863027712,1,0,1
1249.863029288,0,0,1
1250.001389468,0,0,0
1250.001390184,0,1,0
1250.001391814,1,1,0
1250.139750746,1,0,0
1250.139752454,1,0,1
1250.139753374,0,0,1
1250.278146280,0,1,1
1250.278146334,0,1,0
1250.278146902,1,1,0
1250.416476254,1,1,1
1250.416477778,1,0,1
1250.416478460,0,0,1
1250.554869136,0,0,0
1250.554869248,0,1,0
1250.554871050,1,1,0
1250.693261812,1,0,0
1250.693262058,1,0,1
1250.693263546,0,0,1
1250.831624344,0,1,1
1250.831625002,0,1,0
1250.831626134,1,1,0
1250.969986846,1,0,0
1250.969987860,1,0,1
1250.969988632,0,0,1
1251.108347742,0,0,0
1251.108348378,0,1,0
1251.108350222,1,1,0
1251.246711878,1,0,0
1251.246712664,1,0,1
1251.246712782,0,0,1
1251.385073348,0,1,1
1251.385075308,1,1,1
1251.385075606,1,1,0
1251.523434912,1,0,0
1251.523435528,1,0,1
1251.523436866,0,0,1
1251.661798444,0,1,1
1251.661799394,1,1,1
1251.661799410,1,1,0
1251.800160006,1,0,0
1251.800160268,1,0,1
1251.800162014,0,0,1
1251.938523414,0,1,1
1251.938524210,0,1,0
1251.938524604,1,1,0
1252.076913976,1,0,0
1252.076916132,1,0,1
1252.076917100,0,0,1
1252.215246014,0,0,0
1252.215247448,0,1,0
1252.215248628,1,1,0
1252.353609934,1,1,1
1252.353611010,1,0,1
1252.353611186,0,0,1
1252.491971542,0,1,1
1252.491971878,0,1,0
1252.491972776,1,1,0
1252.630333800,1,1,1
1252.630333980,1,0,1
1252.630335334,0,0,1
1252.768696514,0,1,1
1252.768696680,0,1,0
1252.768697798,1,1,0
1252.907057076,1,0,0
1252.907057602,1,0,1
1252.907059420,0,0,1
1253.045420482,0,0,0
1253.045420920,0,1,0
1253.045421948,1,1,0
1253.183783106,1,0,0
1253.183783404,1,0,1
1253.183784568,0,0,1
1253.322144640,0,1,1
1253.322146346,0,1,0
1253.322147094,1,1,0
1253.460507142,1,0,0
1253.460507206,1,0,1
1253.460508592,0,0,1
1253.598869148,0,0,0
1253.598870548,0,1,0
1253.598871180,1,1,0
1253.737231172,1,0,0
1253.737232070,1,0,1
1253.737233740,0,0,1
1253.875594012,0,0,0
1253.875594642,0,1,0
1253.875595266,1,1,0
1254.013955204,1,0,0
1254.013955872,1,0,1
1254.013957826,0,0,1
1254.152318738,0,1,1
1254.152318814,0,1,0
1254.152320414,1,1,0
1254.290680736,1,1,1
1254.290681236,1,0,1
1254.290681910,0,0,1
1254.429042616,0,0,0
1254.429042708,0,1,0
1254.429044498,1,1,0
1254.567406268,1,0,0
1254.567406538,1,0,1
1254.567407058,0,0,1
1254.705766802,0,1,1
1254.705768480,0,1,0
1254.705769646,1,1,0
1254.844129300,1,0,0
1254.844130338,1,0,1
1254.844131204,0,0,1
1254.982584282,0,0,0
1254.982584770,0,1,0
1254.982585730,1,1,0
1255.121037204,1,1,1
1255.121039290,0,1,1
1255.121039332,0,0,1
1255.259584052,0,1,1
1255.259584084,0,1,0
1255.259584752,1,1,0
1255.398127942,1,1,1
1255.398128364,1,0,1
1255.398129374,0,0,1
1255.536672886,0,0,0
1255.536673832,0,1,0
1255.536674900,1,1,0
1255.675218744,1,1,1
1255.675219330,1,0,1
1255.675220456,0,0,1
1255.813794686,0,0,0
1255.813794862,0,1,0
1255.813796046,1,1,0
1255.952309424,1,0,0
1255.952310608,1,0,1
1255.952311542,0,0,1
1256.090853894,0,1,1
1256.090854550,0,1,0
1256.090856068,1,1,0
1256.229370410,1,1,1
1256.229371454,1,0,1
1256.229371624,0,0,1
1256.367883924,0,1,1
1256.367884352,0,1,0
1256.367886152,1,1,0
1256.506430274,1,1,1
1256.506430422,1,0,1
1256.506431710,0,0,1
1256.645005218,0,0,0
1256.645005954,0,1,0
1256.645007234,1,1,0
1256.783520452,1,0,0
1256.783521074,1,0,1
1256.783521854,0,0,1
1256.922065922,0,1,1
1256.922065956,0,1,0
1256.922067382,1,1,0
1257.060611482,1,0,0
1257.060611876,1,0,1
1257.060612940,0,0,1
1257.199126820,0,0,0
1257.199127078,0,1,0
1257.199127464,1,1,0
1257.337670678,1,1,1
1257.337671826,1,0,1
1257.337673024,0,0,1
1257.476216870,0,0,0
1257.476217044,0,1,0
1257.476218550,1,1,0
1257.614762478,1,1,1
1257.614762544,1,0,1
1257.614764170,0,0,1
1257.753276420,0,0,0
1257.753277074,0,1,0
1257.753278632,1,1,0
1257.891791280,1,1,1
1257.891791574,1,0,1
1257.891793190,0,0,1
1258.030337042,0,1,1
1258.030337222,0,1,0
1258.030338778,1,1,0
1258.168883604,1,0,0
1258.168884144,1,0,1
1258.168884336,0,0,1
1258.307397072,0,1,1
1258.307398086,0,1,0
1258.307398862,1,1,0
1258.445911634,1,0,0
1258.445911882,1,0,1
1258.445913420,0,0,1
1258.584457102,0,1,1
1258.584457824,0,1,0
1258.584458946,1,1,0
1258.723001808,1,1,1
1258.723002602,1,0,1
1258.723004504,0,0,1
1258.861548132,0,1,1
1258.861548688,0,1,0
1258.861550030,1,1,0
1259.000093610,1,1,1
1259.000094692,1,0,1
1259.000095586,0,0,1
1259.138607488,0,0,0
1259.138609162,0,1,0
1259.138610112,1,1,0
1259.277152972,1,1,1
1259.277154660,1,0,1
1259.277155732,0,0,1
1259.415669192,0,1,1
1259.415669290,0,1,0
1259.415670260,1,1,0
1259.554183210,1,1,1
1259.554183690,1,0,1
1259.554184754,0,0,1
1259.692728222,0,1,1
1259.692729154,0,1,0
1259.692730278,1,1,0
1259.831243782,1,0,0
1259.831244010,1,0,1
1259.831244900,0,0,1
1259.969820016,0,0,0
1259.969820250,0,1,0
1259.969821424,1,1,0
1260.108364810,1,0,0
1260.108365874,1,0,1
1260.108366982,0,0,1
1260.246879754,0,0,0
1260.246880216,0,1,0
1260.246881508,1,1,0
1260.385424736,1,1,1
1260.385425778,1,0,1
1260.385427066,0,0,1
1260.523939616,0,0,0
1260.523940308,0,1,0
1260.523941654,1,1,0
1260.662485870,1,0,0
1260.662486474,1,0,1
1260.662487212,0,0,1
1260.801000338,0,1,1
1260.801000356,0,1,0
1260.801001674,1,1,0
1260.939514836,1,0,0
1260.939515276,1,0,1
1260.939516294,0,0,1
1261.078059368,0,1,1
1261.078060654,0,1,0
1261.078061820,1,1,0
1261.216574866,1,0,0
1261.216575138,1,0,1
1261.216576378,0,0,1
1261.355089396,0,1,1
1261.355090018,0,1,0
1261.355091902,1,1,0
1261.493634938,1,1,1
1261.493635958,1,0,1
1261.493637458,0,0,1
1261.632179816,0,0,0
1261.632181426,0,1,0
1261.632182048,1,1,0
1261.770725738,1,1,1
1261.770725924,1,0,1
1261.770727542,0,0,1
1261.909270680,0,0,0
1261.909272392,0,1,0
1261.909273066,1,1,0
1262.047816952,1,0,0
1262.047817602,1,0,1
1262.047818626,0,0,1
1262.186362420,0,1,1
1262.186363478,0,1,0
1262.186364148,1,1,0
1262.324906982,1,0,0
1262.324907338,1,0,1
1262.324908768,0,0,1
1262.463451450,0,1,1
1262.463453280,0,1,0
1262.463454294,1,1,0
1262.601967138,1,1,1
1262.601968010,1,0,1
1262.601968850,0,0,1
1262.740512142,0,0,0
1262.740512478,0,1,0
1262.740514314,1,1,0
1262.879028998,1,1,1
1262.879029040,1,0,1
1262.879029934,0,0,1
1263.017541940,0,0,0
1263.017544458,1,0,0
1263.017544508,1,1,0
1263.156118004,1,0,0
1263.156118862,1,0,1
1263.156120018,0,0,1
1263.294664472,0,1,1
1263.294664740,0,1,0
1263.294665480,1,1,0
1263.433209034,1,0,0
1263.433209598,1,0,1
1263.433211100,0,0,1
1263.571724540,0,0,0
1263.571724628,0,1,0
1263.571725624,1,1,0
1263.710269126,1,0,0
1263.710269398,1,0,1
1263.710271244,0,0,1
1263.848814592,0,1,1
1263.848815338,0,1,0
1263.848816704,1,1,0
1263.987391090,1,0,0
1263.987391260,1,0,1
1263.987392326,0,0,1
1264.125904684,0,1,1
1264.125905202,0,1,0
1264.125906788,1,1,0
1264.264450060,1,1,1
1264.264452182,1,0,1
1264.264452406,0,0,1
1264.402995650,0,1,1
1264.402996002,0,1,0
1264.402997870,1,1,0
1264.541542210,1,0,0
1264.541542860,1,0,1
1264.541543428,0,0,1
1264.680056616,0,1,1
1264.680056988,0,1,0
1264.680058014,1,1,0
1264.818602174,1,0,0
1264.818602722,1,0,1
1264.818603572,0,0,1
1264.957115600,0,0,0
1264.957117644,0,1,0
1264.957118034,1,1,0
1265.095630204,1,0,0
1265.095630520,1,0,1
1265.095632716,0,0,1
1265.234176672,0,1,1
1265.234177400,0,1,0
1265.234178242,1,1,0
1265.372690320,1,1,1
1265.372691232,1,0,1
1265.372692736,0,0,1
1265.511236198,0,0,0
1265.511236764,0,1,0
1265.511238260,1,1,0
1265.649752182,1,1,1
1265.649752260,1,0,1
1265.649753880,0,0,1
1265.788327728,0,1,1
1265.788328060,0,1,0
1265.788329404,1,1,0
1265.926842980,1,1,1
1265.926843288,1,0,1
1265.926843900,0,0,1
1266.065387820,0,1,1
1266.065387860,0,1,0
1266.065389488,1,1,0
1266.203964316,1,0,0
1266.203964780,1,0,1
1266.203965042,0,0,1
1266.342508658,0,0,0
1266.342508784,0,1,0
1266.342510568,1,1,0
1266.481054344,1,0,0
1266.481055580,1,0,1
1266.481056124,0,0,1
1266.619567458,0,0,0
1266.619569874,0,1,0
1266.619570650,1,1,0
1266.758083374,1,0,0
1266.758083378,1,0,1
1266.758085206,0,0,1
1266.896659840,0,1,1
1266.896660258,0,1,0
1266.896661730,1,1,0
1267.035174238,1,1,1
1267.035174338,1,0,1
1267.035176290,0,0,1
1267.173689870,0,1,1
1267.173690118,0,1,0
1267.173690812,1,1,0
1267.312204366,1,0,0
1267.312204978,1,0,1
1267.312206368,0,0,1
1267.450748896,0,1,1
1267.450749980,0,1,0
1267.450750894,1,1,0
1267.589294456,1,0,0
1267.589294838,1,0,1
1267.589296450,0,0,1
1267.727839778,0,0,0
1267.727839862,0,1,0
1267.727842038,1,1,0
1267.866355636,1,1,1
1267.866356484,1,0,1
1267.866356532,0,0,1
1268.004899890,0,1,1
1268.004900516,0,1,0
1268.004902118,1,1,0
1268.143415388,1,0,0
1268.143415498,1,0,1
1268.143416614,0,0,1
1268.281960376,0,0,0
1268.281960918,0,1,0
1268.281962200,1,1,0
1268.420474476,1,0,0
1268.420475296,1,0,1
1268.420476756,0,0,1
1268.559021008,0,1,1
1268.559022174,0,1,0
1268.559022280,1,1,0
1268.697564506,1,0,0
1268.697565094,1,0,1
1268.697567838,0,0,1
1268.836080036,0,1,1
1268.836080972,0,1,0
1268.836082426,1,1,0
1268.974625892,1,1,1
1268.974626532,1,0,1
1268.974627982,0,0,1
1269.113170772,0,0,0
1269.113172000,0,1,0
1269.113173506,1,1,0
1269.251686498,1,0,0
1269.251686692,1,0,1
1269.251688002,0,0,1
1269.390231632,0,0,0
1269.390232028,0,1,0
1269.390233524,1,1,0
1269.528747490,1,1,1
1269.528747586,1,0,1
1269.528748144,0,0,1
1269.667291054,0,1,1
1269.667292368,0,1,0
1269.667293668,1,1,0
1269.805807350,1,1,1
1269.805807614,1,0,1
1269.805808224,0,0,1
1269.944322230,0,0,0
1269.944323082,0,1,0
1269.944323750,1,1,0
1270.082866580,1,0,0
1270.082869148,1,0,1
1270.082869306,0,0,1
1270.221443090,0,0,0
1270.221444894,1,0,0
1270.221445110,1,1,0
1270.359988606,1,0,0
1270.359989010,1,0,1
1270.359990386,0,0,1
1270.498503826,0,0,0
1270.498504136,0,1,0
1270.498504910,1,1,0
1270.637015746,1,1,1
1270.637017634,1,0,1
1270.637019530,0,0,1
1270.775562102,0,1,1
1270.775564748,0,1,0
1270.775565054,1,1,0
1270.914078544,1,1,1
1270.914078722,1,0,1
1270.914079610,0,0,1
1271.052622484,0,0,0
1271.052625134,1,0,0
1271.052625190,1,1,0
1271.191138404,1,1,1
1271.191138688,1,0,1
1271.191139690,0,0,1
1271.329653218,0,1,1
1271.329653346,0,1,0
1271.329655216,1,1,0
1271.468199202,1,1,1
1271.468199714,1,0,1
1271.468200772,0,0,1
1271.606713080,0,0,0
1271.606714244,0,1,0
1271.606715296,1,1,0
1271.745259062,1,1,1
1271.745259678,1,0,1
1271.745260916,0,0,1
1271.883773940,0,0,0
1271.883774270,0,1,0
1271.883775378,1,1,0
1272.022288768,1,0,0
1272.022289860,1,0,1
1272.022289996,0,0,1
1272.160833738,0,0,0
1272.160834234,0,1,0
1272.160835520,1,1,0
1272.299378658,1,1,1
1272.299378732,1,0,1
1272.299381076,0,0,1
1272.437924262,0,1,1
1272.437926598,0,1,0
1272.437926602,1,1,0
1272.576468822,1,0,0
1272.576469456,1,0,1
1272.576471158,0,0,1
1272.714985288,0,1,1
1272.714985396,0,1,0
1272.714986744,1,1,0
1272.853531316,1,1,1
1272.853531848,1,0,1
1272.853532236,0,0,1
1272.992075194,0,0,0
1272.992075314,0,1,0
1272.992076762,1,1,0
1273.130590812,1,0,0
1273.130591114,1,0,1
1273.130592318,0,0,1
1273.269134990,0,0,0
1273.269136342,0,1,0
1273.269136842,1,1,0
1273.407680838,1,0,0
1273.407681910,1,0,1
1273.407682398,0,0,1
1273.546225852,0,0,0
1273.546226368,0,1,0
1273.546227984,1,1,0
1273.684772864,1,0,0
1273.684773208,1,0,1
1273.684773540,0,0,1
1273.823317394,0,1,1
1273.823317648,0,1,0
1273.823319064,1,1,0
1273.961861506,1,1,1
1273.961862954,1,0,1
1273.961863620,0,0,1
1274.100377422,0,1,1
1274.100377446,0,1,0
1274.100379144,1,1,0
1274.238922918,1,0,0
1274.238924366,1,0,1
1274.238924636,0,0,1
1274.377498446,0,1,1
1274.377499242,0,1,0
1274.377500224,1,1,0
1274.516013132,1,0,0
1274.516013162,1,0,1
1274.516014780,0,0,1
1274.654558040,0,0,0
1274.654558410,0,1,0
1274.654560366,1,1,0
1274.793104960,1,1,1
1274.793104978,1,0,1
1274.793105860,0,0,1
1274.931617900,0,0,0
1274.931619436,0,1,0
1274.931620382,1,1,0
1275.070132758,1,1,1
1275.070133996,1,0,1
1275.070135002,0,0,1
1275.208679462,0,1,1
1275.208679698,0,1,0
1275.208680464,1,1,0
1275.347193022,1,0,0
1275.347193618,1,0,1
1275.347195018,0,0,1
1275.485738488,0,1,1
1275.485739494,0,1,0
1275.485740542,1,1,0
1275.624254352,1,1,1
1275.624255048,1,0,1
1275.624256162,0,0,1
1275.762798578,0,1,1
1275.762799292,0,1,0
1275.762800684,1,1,0
1275.901315074,1,0,0
1275.901315210,1,0,1
1275.901316240,0,0,1
1276.039858478,0,1,1
1276.039860150,0,1,0
1276.039860764,1,1,0
1276.178374100,1,0,0
1276.178376072,1,0,1
1276.178376382,0,0,1
1276.316887948,0,0,0
1276.316889568,0,1,0
1276.316890844,1,1,0
1276.455434062,1,0,0
1276.455434806,1,0,1
1276.455436400,0,0,1
1276.593980656,0,1,1
1276.593980744,0,1,0
1276.593981986,1,1,0
1276.732524664,1,1,1
1276.732526150,1,0,1
1276.732526540,0,0,1
1276.871101604,0,0,0
1276.871102618,0,1,0
1276.871103066,1,1,0
1277.009646462,1,1,1
1277.009648114,1,0,1
1277.009648620,0,0,1
1277.148252402,0,0,0
1277.148252642,0,1,0
1277.148254142,1,1,0
1277.286768320,1,1,1
1277.286769140,1,0,1
1277.286769762,0,0,1
1277.425282668,0,1,1
1277.425283198,0,1,0
1277.425284224,1,1,0
1277.563797056,1,1,1
1277.563797228,1,0,1
1277.563798778,0,0,1
1277.702340694,0,1,1
1277.702343996,0,1,0
1277.702344302,1,1,0
1277.840887914,1,1,1
1277.840888252,1,0,1
1277.840889920,0,0,1
1277.979402658,0,1,1
1277.979402854,0,1,0
1277.979404444,1,1,0
1278.117917710,1,1,1
1278.117918216,1,0,1
1278.117918936,0,0,1
1278.256462650,0,0,0
1278.256462746,0,1,0
1278.256464522,1,1,0
1278.395008242,1,0,0
1278.395008568,1,0,1
1278.395010078,0,0,1
1278.533553448,0,0,0
1278.533554708,0,1,0
1278.533555602,1,1,0
1278.672098366,1,1,1
1278.672100268,1,0,1
1278.672101156,0,0,1
1278.810644244,0,0,0
1278.810644734,0,1,0
1278.810645680,1,1,0
1278.949189538,1,1,1
1278.949190292,1,0,1
1278.949191236,0,0,1
1279.087734104,0,0,0
1279.087735822,0,1,0
1279.087736760,1,1,0
1279.226281022,1,1,1
1279.226282312,0,1,1
1279.226282316,0,0,1
1279.364794722,0,1,1
1279.364795900,0,1,0
1279.364796838,1,1,0
1279.503340342,1,0,0
1279.503340756,1,0,1
1279.503342394,0,0,1
1279.641854810,0,1,1
1279.641855696,0,1,0
1279.641856916,1,1,0
1279.780370306,1,0,0
1279.780370614,1,0,1
1279.780372534,0,0,1
1279.918915836,0,1,1
1279.918916492,0,1,0
1279.918916996,1,1,0
1280.057460394,1,0,0
1280.057461350,1,0,1
1280.057462614,0,0,1
1280.196006924,0,1,1
1280.196007290,0,1,0
1280.196008138,1,1,0
1280.334551272,1,1,1
1280.334551420,1,0,1
1280.334553694,0,0,1
1280.473097148,0,0,0
1280.473098824,0,1,0
1280.473099216,1,1,0
1280.611703004,1,1,1
1280.611704444,1,0,1
1280.611704770,0,0,1
1280.750217910,0,1,1
1280.750218944,0,1,0
1280.750220296,1,1,0
1280.888762802,1,1,1
1280.888763408,1,0,1
1280.888764852,0,0,1
1281.027307742,0,0,0
1281.027307810,0,1,0
1281.027310436,1,1,0
1281.165823660,1,1,1
1281.165824496,1,0,1
1281.165825992,0,0,1
1281.304368600,0,0,0
1281.304368962,0,1,0
1281.304370514,1,1,0
1281.442883456,1,0,1
1281.442883466,1,1,1
1281.442883470,1,0,1
1281.442886070,0,0,1
1281.581399396,0,0,0
1281.581399986,0,1,0
1281.581400592,1,1,0
1281.719944314,1,1,1
1281.719944482,1,0,1
1281.719946148,0,0,1
1281.858490948,0,1,1
1281.858491192,0,1,0
1281.858491672,1,1,0
1281.997034112,1,1,1
1281.997034508,1,0,1
1281.997036228,0,0,1
1282.135579974,0,1,1
1282.135580988,0,1,0
1282.135581814,1,1,0
1282.274094908,1,1,1
1282.274095532,1,0,1
1282.274096368,0,0,1
1282.412640846,0,0,0
1282.412640998,0,1,0
1282.412641828,1,1,0
1282.551154328,1,1,1
1282.551156494,1,0,1
1282.551157384,0,0,1
1282.689699642,0,0,0
1282.689700024,0,1,0
1282.689701968,1,1,0
1282.828215520,1,0,0
1282.828216562,1,0,1
1282.828217526,0,0,1
1282.966729438,0,0,0
1282.966731048,0,1,0
1282.966732048,1,1,0
1283.105275544,1,0,0
1283.105277358,1,0,1
1283.105277666,0,0,1
1283.243821234,0,0,0
1283.243822574,0,1,0
1283.243823190,1,1,0
1283.382365154,1,1,1
1283.382365570,1,0,1
1283.382367682,0,0,1
1283.520912092,0,0,0
1283.520912098,0,1,0
1283.520913268,1,1,0
1283.659425950,1,1,1
1283.659426594,1,0,1
1283.659427760,0,0,1
1283.797971826,0,0,0
1283.797973124,0,1,0
1283.797973344,1,1,0
1283.936485808,1,1,1
1283.936487618,1,0,1
1283.936488900,0,0,1
1284.075031148,0,1,1
1284.075031686,0,1,0
1284.075033362,1,1,0
1284.213547644,1,0,0
1284.213548604,1,0,1
1284.213548978,0,0,1
1284.352061172,0,1,1
1284.352062544,0,1,0
1284.352063502,1,1,0
1284.490637668,1,0,0
1284.490638400,1,0,1
1284.490639056,0,0,1
1284.629182340,0,0,0
1284.629183134,0,1,0
1284.629184642,1,1,0
1284.767697196,1,1,1
1284.767697692,1,0,1
1284.767699134,0,0,1
1284.906243134,0,0,0
1284.906243158,0,1,0
1284.906244658,1,1,0
1285.044756778,1,0,0
1285.044758054,1,0,1
1285.044759274,0,0,1
1285.183333930,0,0,0
1285.183335246,0,1,0
1285.183335798,1,1,0
1285.321848848,1,1,1
1285.321849178,1,0,1
1285.321850290,0,0,1
1285.460363270,0,1,1
1285.460364726,0,1,0
1285.460364812,1,1,0
1285.598908706,1,1,1
1285.598908766,1,0,1
1285.598910368,0,0,1
1285.737455232,0,1,1
1285.737455584,0,1,0
1285.737455952,1,1,0
1285.875999728,1,0,0
1285.876000440,1,0,1
1285.876001508,0,0,1
1286.014545256,0,1,1
1286.014545378,0,1,0
1286.014547032,1,1,0
1286.153060234,1,1,1
1286.153060814,1,0,1
1286.153061586,0,0,1
1286.291604238,0,0,0
1286.291605280,0,1,0
1286.291607046,1,1,0
1286.430149776,1,0,0
1286.430150094,1,0,1
1286.430151664,0,0,1
1286.568695032,0,0,0
1286.568695304,0,1,0
1286.568697248,1,1,0
1286.707209800,1,0,0
1286.707209890,1,0,1
1286.707211804,0,0,1
1286.845726328,0,1,1
1286.845726828,0,1,0
1286.845727264,1,1,0
1286.984271684,1,1,1
1286.984271762,1,0,1
1286.984272882,0,0,1
1287.122785560,0,0,0
1287.122786290,0,1,0
1287.122787342,1,1,0
1287.261330480,1,1,1
1287.261330848,1,0,1
1287.261332958,0,0,1
1287.399876376,0,1,1
1287.399876482,0,1,0
1287.399877482,1,1,0
1287.538420872,1,0,0
1287.538421336,1,0,1
1287.538423036,0,0,1
1287.676967214,0,0,0
1287.676967400,0,1,0
1287.676968560,1,1,0
1287.815512896,1,0,0
1287.815513132,1,0,1
1287.815514176,0,0,1
1287.954026760,0,0,0
1287.954027362,0,1,0
1287.954028636,1,1,0
1288.092541920,1,0,0
1288.092541928,1,0,1
1288.092543192,0,0,1
1288.231085868,0,0,0
1288.231086386,0,1,0
1288.231088776,1,1,0
1288.369631944,1,0,0
1288.369632786,1,0,1
1288.369634332,0,0,1
1288.508177662,0,0,0
1288.508178410,0,1,0
1288.508179852,1,1,0
1288.646723580,1,1,1
1288.646724030,1,0,1
1288.646725408,0,0,1
1288.785238434,0,1,1
1288.785239456,0,1,0
1288.785239868,1,1,0
1288.923783376,1,1,1
1288.923783992,1,0,1
1288.923785422,0,0,1
1289.062298456,0,1,1
1289.062299252,0,1,0
1289.062300008,1,1,0
1289.200812014,1,0,0
1289.200813234,1,0,1
1289.200814564,0,0,1
1289.339359110,0,0,0
1289.339359482,0,1,0
1289.339360022,1,1,0
1289.477902976,1,0,0
1289.477904964,1,0,1
1289.477905640,0,0,1
1289.616449904,0,0,0
1289.616450504,0,1,0
1289.616451224,1,1,0
1289.754995822,1,1,1
1289.754995938,1,0,1
1289.754996780,0,0,1
1289.893509762,0,0,0
1289.893510528,0,1,0
1289.893511302,1,1,0
1290.032055024,1,0,0
1290.032055618,1,0,1
1290.032056796,0,0,1
1290.170569614,0,1,1
1290.170571380,1,1,1
1290.170571556,1,1,0
1290.309083474,1,1,1
1290.309084046,1,0,1
1290.309085872,0,0,1
1290.447629414,0,0,0
1290.447630576,0,1,0
1290.447631456,1,1,0
1290.586144134,1,0,0
1290.586144270,1,0,1
1290.586146010,0,0,1
1290.724689598,0,1,1
1290.724690208,0,1,0
1290.724691596,1,1,0
1290.863204064,1,1,1
1290.863204094,1,0,1
1290.863206088,0,0,1
1291.001719560,0,1,1
1291.001719940,0,1,0
1291.001721610,1,1,0
1291.140265180,1,0,0
1291.140265922,1,0,1
1291.140267166,0,0,1
1291.278780584,0,1,1
1291.278780798,0,1,0
1291.278781750,1,1,0
1291.417324654,1,1,1
1291.417326142,1,0,1
1291.417327304,0,0,1
1291.555840670,0,1,1
1291.555841654,0,1,0
1291.555841890,1,1,0
1291.694353510,1,1,1
1291.694354228,1,0,1
1291.694356320,0,0,1
1291.832899630,0,1,1
1291.832901386,0,1,0
1291.832901904,1,1,0
1291.971415188,1,0,0
1291.971415306,1,0,1
1291.971416460,0,0,1
1292.109960244,0,0,0
1292.109960654,0,1,0
1292.109962042,1,1,0
1292.248475100,1,1,1
1292.248476150,1,0,1
1292.248476536,0,0,1
1292.386990676,0,1,1
1292.386991102,0,1,0
1292.386991996,1,1,0
1292.525534956,1,1,1
1292.525535236,1,0,1
1292.525536676,0,0,1
1292.664079894,0,0,0
1292.664080764,0,1,0
1292.664082198,1,1,0
1292.802595688,1,1,1
1292.802597196,1,0,1
1292.802597752,0,0,1
1292.941139662,0,1,1
1292.941141690,0,1,0
1292.941142212,1,1,0
1293.079655220,1,0,0
1293.079656608,1,0,1
1293.079657830,0,0,1
1293.218200484,0,0,0
1293.218200748,0,1,0
1293.218202352,1,1,0
1293.356777152,1,1,1
1293.356777304,1,0,1
1293.356778906,0,0,1
1293.495291708,0,1,1
1293.495292340,0,1,0
1293.495293428,1,1,0
1293.633806196,1,1,1
1293.633806328,1,0,1
1293.633807982,0,0,1
1293.772321072,0,0,0
1293.772321794,0,1,0
1293.772323568,1,1,0
1293.910866992,1,1,1
1293.910867288,1,0,1
1293.910868060,0,0,1
1294.049380866,0,0,0
1294.049381816,0,1,0
1294.049383584,1,1,0
1294.187926250,1,0,0
1294.187928786,1,0,1
1294.187929198,0,0,1
1294.326471724,0,0,0
1294.326473720,1,0,0
1294.326473778,1,1,0
1294.465047334,1,0,0
1294.465048642,1,0,1
1294.465050212,0,0,1
1294.603562518,0,0,0
1294.603563800,0,1,0
1294.603564798,1,1,0
1294.742077436,1,1,1
1294.742078358,1,0,1
1294.742079354,0,0,1
1294.880593312,0,0,0
1294.880593886,0,1,0
1294.880594874,1,1,0
1295.019137168,1,1,1
1295.019137380,1,0,1
1295.019139430,0,0,1
1295.157653170,0,0,0
1295.157654908,0,1,0
1295.157654952,1,1,0
1295.296198404,1,0,0
1295.296199024,1,0,1
1295.296199506,0,0,1
1295.434712870,0,1,1
1295.434713962,0,1,0
1295.434715092,1,1,0
1295.573257428,1,0,0
1295.573258880,1,0,1
1295.573259582,0,0,1
1295.711802756,0,0,0
1295.711802956,0,1,0
1295.711805166,1,1,0
1295.850349450,1,0,0
1295.850350676,1,0,1
1295.850350722,0,0,1
1295.988893614,0,0,0
1295.988894978,0,1,0
1295.988896180,1,1,0
1296.127409406,1,1,1
1296.127409474,1,0,1
1296.127410798,0,0,1
1296.265922408,0,0,0
1296.265923938,0,1,0
1296.265925320,1,1,0
1296.404469262,1,1,1
1296.404470496,1,0,1
1296.404470874,0,0,1
1296.542985138,0,0,0
1296.542985898,0,1,0
1296.542986460,1,1,0
1296.681528058,1,1,1
1296.681528518,1,0,1
1296.681531014,0,0,1
1296.820043994,0,0,0
1296.820044984,0,1,0
1296.820046472,1,1,0
1296.958588480,1,0,0
1296.958588852,1,0,1
1296.958591028,0,0,1
1297.097134790,0,0,0
1297.097135008,0,1,0
1297.097136550,1,1,0
1297.235650564,1,0,0
1297.235650708,1,0,1
1297.235652168,0,0,1
1297.374164584,0,0,0
1297.374165030,0,1,0
1297.374166628,1,1,0
1297.512679526,1,0,0
1297.512680502,1,0,1
1297.512681244,0,0,1
1297.651254052,0,1,1
1297.651255440,0,1,0
1297.651256766,1,1,0
1297.789799548,1,0,0
1297.789802320,0,0,0
1297.789802358,0,0,1
1297.928316076,0,1,1
1297.928316234,0,1,0
1297.928317842,1,1,0
1298.066860090,1,1,1
1298.066861570,1,0,1
1298.066862396,0,0,1
1298.205376092,0,0,0
1298.205377098,0,1,0
1298.205377980,1,1,0
1298.343889948,1,1,1
1298.343890594,1,0,1
1298.343892474,0,0,1
1298.482436822,0,0,0
1298.482437058,0,1,0
1298.482437994,1,1,0
1298.620950240,1,1,1
1298.620951616,1,0,1
1298.620952550,0,0,1
1298.759495678,0,0,0
1298.759497082,0,1,0
1298.759498072,1,1,0
1298.898041596,1,1,1
1298.898042638,1,0,1
1298.898043690,0,0,1
1299.036586474,0,0,0
1299.036587104,0,1,0
1299.036588212,1,1,0
1299.175102660,1,0,0
1299.175103390,1,0,1
1299.175103766,0,0,1
1299.313647126,0,1,1
1299.313647330,0,1,0
1299.313649224,1,1,0
1299.452191746,1,0,0
1299.452193184,1,0,1
1299.452193842,0,0,1
1299.590736148,0,1,1
1299.590738060,0,1,0
1299.590739426,1,1,0
1299.729283706,1,0,0
1299.729283978,1,0,1
1299.729284980,0,0,1
1299.867828170,0,1,1
1299.867829916,0,1,0
1299.867830500,1,1,0
1300.006342666,1,0,0
1300.006342772,1,0,1
1300.006344992,0,0,1
1300.144890132,0,1,1
1300.144890514,1,1,1
1300.144890710,1,1,0
1300.283463628,1,1,1
1300.283464688,1,0,1
1300.283466132,0,0,1
1300.422009216,0,1,1
1300.422009566,0,1,0
1300.422011590,1,1,0
1300.560555422,1,1,1
1300.560555710,1,0,1
1300.560557208,0,0,1
1300.699069298,0,0,0
1300.699070176,0,1,0
1300.699071730,1,1,0
1300.837615734,1,0,0
1300.837616278,1,0,1
1300.837617284,0,0,1
1300.976161154,0,0,0
1300.976161262,0,1,0
1300.976162806,1,1,0
1301.114675818,1,0,0
1301.114676072,1,0,1
1301.114677422,0,0,1
1301.253220284,0,1,1
1301.253220948,0,1,0
1301.253222944,1,1,0
1301.391735866,1,1,1
1301.391736778,1,0,1
1301.391737436,0,0,1
1301.530281306,0,1,1
1301.530282804,0,1,0
1301.530282958,1,1,0
1301.668795800,1,0,0
1301.668796596,1,0,1
1301.668797574,0,0,1
1301.807342328,0,1,1
1301.807343096,1,1,1
1301.807343536,1,1,0
1301.945855454,1,1,1
1301.945855762,1,0,1
1301.945857650,0,0,1
1302.084370330,0,0,0
1302.084371350,0,1,0
1302.084373174,1,1,0
1302.222915846,1,0,0
1302.222916248,1,0,1
1302.222917728,0,0,1
1302.361462248,0,0,0
1302.361462372,0,1,0
1302.361463312,1,1,0
1302.500006104,1,1,1
1302.500007054,1,0,1
1302.500008804,0,0,1
1302.638551394,0,1,1
1302.638552042,0,1,0
1302.638554324,1,1,0
1302.777097898,1,1,1
1302.777098890,1,0,1
1302.777099878,0,0,1
1302.915612354,0,1,1
1302.915612774,0,1,0
1302.915614464,1,1,0
1303.054157912,1,0,0
1303.054158754,1,0,1
1303.054160018,0,0,1
1303.192702378,0,1,1
1303.192702628,0,1,0
1303.192704538,1,1,0
1303.331248934,1,0,0
1303.331249548,1,0,1
1303.331250030,0,0,1
1303.469794400,0,1,1
1303.469795422,0,1,0
1303.469795552,1,1,0
1303.608307956,1,0,0
1303.608309342,1,0,1
1303.608310106,0,0,1
1303.746824420,0,1,1
1303.746825216,0,1,0
1303.746825754,1,1,0
1303.885338916,1,0,0
1303.885339134,1,0,1
1303.885340246,0,0,1
1304.023884010,0,0,0
1304.023885508,0,1,0
1304.023885704,1,1,0
1304.162398938,1,0,0
1304.162400384,0,0,0
1304.162400928,0,0,1
1304.300943528,0,1,1
1304.300943804,0,1,0
1304.300945906,1,1,0
1304.439459024,1,0,0
1304.439459784,1,0,1
1304.439460460,0,0,1
1304.578003426,0,1,1
1304.578004660,0,1,0
1304.578005920,1,1,0
1304.716518516,1,1,1
1304.716518920,1,0,1
1304.716520536,0,0,1
1304.855032448,0,1,1
1304.855032454,0,1,0
1304.855034994,1,1,0
1304.993578006,1,0,0
1304.993578432,1,0,1
1304.993580548,0,0,1
1305.132094310,0,0,0
1305.132095470,0,1,0
1305.132096132,1,1,0
1305.270639164,1,1,1
1305.270640026,1,0,1
1305.270640686,0,0,1
1305.409184554,0,1,1
1305.409185040,0,1,0
1305.409186208,1,1,0
1305.547700020,1,1,1
1305.547700048,1,0,1
1305.547700700,0,0,1
1305.686214514,0,1,1
1305.686214894,0,1,0
1305.686216348,1,1,0
1305.824729070,1,0,0
1305.824729750,1,0,1
1305.824730900,0,0,1
1305.963274536,0,1,1
1305.963275688,0,1,0
1305.963276360,1,1,0
1306.101790092,1,0,0
1306.101790606,1,0,1
1306.101790976,0,0,1
1306.240365558,0,1,1
1306.240366482,0,1,0
1306.240366498,1,1,0
1306.378909400,1,1,1
1306.378910114,1,0,1
1306.378912052,0,0,1
1306.517425580,0,1,1
1306.517427338,0,1,0
1306.517427572,1,1,0
1306.655941074,1,0,0
1306.655941194,1,0,1
1306.655942188,0,0,1
1306.794485132,0,0,0
1306.794485602,0,1,0
1306.794487648,1,1,0
1306.933000050,1,1,1
1306.933001094,1,0,1
1306.933002202,0,0,1
1307.071545560,0,1,1
1307.071546988,0,1,0
1307.071547724,1,1,0
1307.210060842,1,1,1
1307.210061180,1,0,1
1307.210062340,0,0,1
1307.348605780,0,0,0
1307.348606644,0,1,0
1307.348607862,1,1,0
1307.487120698,1,1,1
1307.487122140,1,0,1
1307.487122416,0,0,1
1307.625666574,0,0,0
1307.625667666,0,1,0
1307.625667938,1,1,0
1307.764211224,1,0,0
1307.764212430,1,0,1
1307.764213428,0,0,1
1307.902757366,0,0,0
1307.902757688,0,1,0
1307.902759076,1,1,0
1308.041301182,1,0,0
1308.041302222,1,0,1
1308.041303568,0,0,1
1308.179817160,0,0,0
1308.179817648,0,1,0
1308.179819150,1,1,0
1308.318331266,1,0,0
1308.318333078,1,0,1
1308.318333704,0,0,1
1308.456877732,0,1,1
1308.456877954,0,1,0
1308.456879226,1,1,0
1308.595392226,1,0,0
1308.595392870,1,0,1
1308.595393780,0,0,1
1308.733906746,0,0,0
1308.733906754,0,1,0
1308.733908240,1,1,0
1308.872451664,1,1,1
1308.872453310,1,0,1
1308.872453854,0,0,1
1309.010967602,0,0,0
1309.010967838,0,1,0
1309.010968376,1,1,0
1309.149511518,1,1,1
1309.149512270,1,0,1
1309.149513930,0,0,1
1309.288027396,0,0,0
1309.288027736,0,1,0
1309.288028514,1,1,0
1309.426571874,1,1,1
1309.426572292,1,0,1
1309.426574068,0,0,1
1309.565117756,0,1,1
1309.565118250,0,1,0
1309.565119590,1,1,0
1309.703632106,1,1,1
1309.703632314,1,0,1
1309.703634144,0,0,1
1309.842147778,0,1,1
1309.842148044,0,1,0
1309.842149664,1,1,0
1309.980692274,1,0,0
1309.980692898,1,0,1
1309.980694220,0,0,1
1310.119207862,0,1,1
1310.119208838,0,1,0
1310.119209740,1,1,0
1310.257723358,1,0,0
1310.257723754,1,0,1
1310.257724356,0,0,1
1310.396236630,0,0,0
1310.396236822,0,1,0
1310.396238816,1,1,0
1310.534783380,1,0,0
1310.534783548,1,0,1
1310.534784370,0,0,1
1310.673327844,0,1,1
1310.673328486,0,1,0
1310.673329890,1,1,0
1310.811874342,1,1,1
1310.811874402,1,0,1
1310.811875508,0,0,1
1310.950418866,0,1,1
1310.950419218,0,1,0
1310.950420966,1,1,0
1311.088934360,1,0,0
1311.088935196,1,0,1
1311.088935582,0,0,1
1311.227479510,0,0,0
1311.227480826,0,1,0
1311.227481104,1,1,0
1311.365993444,1,0,0
1311.365993990,1,0,1
1311.365995596,0,0,1
1311.504539928,0,0,0
1311.504540908,0,1,0
1311.504541118,1,1,0
1311.643083784,1,1,1
1311.643085404,1,0,1
1311.643086796,0,0,1
1311.781628868,0,1,1
1311.781629660,0,1,0
1311.781631256,1,1,0
1311.920174486,1,0,0
1311.920175576,1,0,1
1311.920176808,0,0,1
1312.058689514,0,0,0
1312.058689952,0,1,0
1312.058691330,1,1,0
1312.197205370,1,1,1
1312.197205446,1,0,1
1312.197206946,0,0,1
1312.335749974,0,1,1
1312.335750306,0,1,0
1312.335752466,1,1,0
1312.474265162,1,1,1
1312.474265468,1,0,1
1312.474266958,0,0,1
1312.612809994,0,1,1
1312.612811102,0,1,0
1312.612812480,1,1,0
1312.751355488,1,0,0
1312.751356018,1,0,1
1312.751357034,0,0,1
1312.889871894,0,0,0
1312.889872016,0,1,0
1312.889872618,1,1,0
1313.028384510,1,0,0
1313.028386124,1,0,1
1313.028387170,0,0,1
1313.166899748,0,0,0
1313.166899974,0,1,0
1313.166901692,1,1,0
1313.305445282,1,0,0
1313.305445602,1,0,1
1313.305447246,0,0,1
1313.443991478,0,0,0
1313.443991996,0,1,0
1313.443992828,1,1,0
1313.582535552,1,0,0
1313.582536458,1,0,1
1313.582538320,0,0,1
1313.721081018,0,1,1
1313.721081398,0,1,0
1313.721082842,1,1,0
1313.859596574,1,0,0
1313.859597252,1,0,1
1313.859598458,0,0,1
1313.998142040,0,1,1
1313.998142128,0,1,0
1313.998143918,1,1,0
1314.136656044,1,1,1
1314.136658470,0,1,1
1314.136658596,0,0,1
1314.275170984,0,0,0
1314.275171060,0,1,0
1314.275173054,1,1,0
1314.413716838,1,1,1
1314.413717616,1,0,1
1314.413718606,0,0,1
1314.552230774,0,0,0
1314.552231080,0,1,0
1314.552233066,1,1,0
1314.690776574,1,0,0
1314.690777694,1,0,1
1314.690778684,0,0,1
1314.829322192,0,0,0
1314.829323102,0,1,0
1314.829324140,1,1,0
1314.967866596,1,0,0
1314.967867486,1,0,1
1314.967869694,0,0,1
1315.106413186,0,1,1
1315.106413360,0,1,0
1315.106414278,1,1,0
1315.244958340,1,1,1
1315.244958680,1,0,1
1315.244959894,0,0,1
1315.383473144,0,1,1
1315.383473214,0,1,0
1315.383475352,1,1,0
1315.522019070,1,1,1
1315.522019202,1,0,1
1315.522019906,0,0,1
1315.660533008,0,0,0
1315.660533102,0,1,0
1315.660535490,1,1,0
1315.799048658,1,0,0
1315.799048926,1,0,1
1315.799049980,0,0,1
1315.937562186,0,1,1
1315.937562800,0,1,0
1315.937564502,1,1,0
1316.076108656,1,1,1
1316.076108680,1,0,1
1316.076110120,0,0,1
1316.214654208,0,1,1
1316.214654654,0,1,0
1316.214655638,1,1,0
1316.353198510,1,1,1
1316.353200702,1,0,1
1316.353201194,0,0,1
1316.491744448,0,0,0
1316.491745228,0,1,0
1316.491745714,1,1,0
1316.630288660,1,0,0
1316.630290804,1,0,1
1316.630291268,0,0,1
1316.768805240,0,0,0
1316.768806248,0,1,0
1316.768806788,1,1,0
1316.907319742,1,0,0
1316.907320094,1,0,1
1316.907321342,0,0,1
1317.045865206,0,1,1
1317.045866032,0,1,0
1317.045866926,1,1,0
1317.184379826,1,0,0
1317.184379950,1,0,1
1317.184381418,0,0,1
1317.322893290,0,1,1
1317.322894824,0,1,0
1317.322895938,1,1,0
1317.461440782,1,0,0
1317.461441490,0,0,0
1317.461441742,0,0,1
1317.599984618,0,0,0
1317.599985748,0,1,0
1317.599987010,1,1,0
1317.738531804,1,0,0
1317.738532534,1,0,1
1317.738532628,0,0,1
1317.877106472,0,0,0
1317.877107330,0,1,0
1317.877108086,1,1,0
1318.015620824,1,0,0
1318.015621390,1,0,1
1318.015622638,0,0,1
1318.154167264,0,0,0
1318.154167350,0,1,0
1318.154168224,1,1,0
1318.292711844,1,0,0
1318.292712180,1,0,1
1318.292713776,0,0,1
1318.431226932,0,0,0
1318.431227370,0,1,0
1318.431228296,1,1,0
1318.569771802,1,0,0
1318.569772972,1,0,1
1318.569773850,0,0,1
1318.708286330,0,1,1
1318.708287910,0,1,0
1318.708288432,1,1,0
1318.846832764,1,1,1
1318.846832822,1,0,1
1318.846833986,0,0,1
1318.985377286,0,1,1
1318.985377640,0,1,0
1318.985379444,1,1,0
1319.123923556,1,1,1
1319.123924906,1,0,1
1319.123924998,0,0,1
1319.262467370,0,1,1
1319.262467556,0,1,0
1319.262469518,1,1,0
1319.400982864,1,0,0
1319.400984348,1,0,1
1319.400985134,0,0,1
1319.539529288,0,0,0
1319.539529328,0,1,0
1319.539530654,1,1,0
1319.678044142,1,1,1
1319.678044944,1,0,1
1319.678045208,0,0,1
1319.816557142,0,0,0
1319.816559660,0,1,0
1319.816559666,1,1,0
1319.955103904,1,0,0
1319.955103996,1,0,1
1319.955105344,0,0,1
1320.093617870,0,0,0
1320.093618430,0,1,0
1320.093619802,1,1,0
1320.232163786,1,1,1
1320.232163924,1,0,1
1320.232165354,0,0,1
1320.370677724,0,0,0
1320.370678450,0,1,0
1320.370679938,1,1,0
1320.509223006,1,0,0
1320.509223640,1,0,1
1320.509225492,0,0,1
1320.647738470,0,1,1
1320.647739578,0,1,0
1320.647739950,1,1,0
1320.786253432,1,1,1
1320.786253902,1,0,1
1320.786255504,0,0,1
1320.924768490,0,1,1
1320.924769370,0,1,0
1320.924770086,1,1,0
1321.063313986,1,0,0
1321.063315226,1,0,1
1321.063315638,0,0,1
1321.201828162,0,0,0
1321.201828510,0,1,0
1321.201830160,1,1,0
1321.340373942,1,0,0
1321.340375018,1,0,1
1321.340375712,0,0,1
1321.478919892,0,0,0
1321.478921296,1,0,0
1321.478921530,1,1,0
1321.617494810,1,1,1
1321.617495962,1,0,1
1321.617496786,0,0,1
1321.756009550,0,1,1
1321.756009808,0,1,0
1321.756011370,1,1,0
1321.894524664,1,1,1
1321.894526044,1,0,1
1321.894526860,0,0,1
1322.033101100,0,0,0
1322.033101570,0,1,0
1322.033102442,1,1,0
1322.171645454,1,1,1
1322.171646064,1,0,1
1322.171647934,0,0,1
1322.310220528,0,1,1
1322.310222392,0,1,0
1322.310223454,1,1,0
1322.448767022,1,0,0
1322.448768246,1,0,1
1322.448769070,0,0,1
1322.587373184,0,0,0
1322.587373610,0,1,0
1322.587375590,1,1,0
1322.726072038,1,1,1
1322.726072104,1,0,1
1322.726073206,0,0,1
1322.864767976,0,0,0
1322.864769566,0,1,0
1322.864770664,1,1,0
1323.003467060,1,0,0
1323.003467830,1,0,1
1323.003469218,0,0,1
1323.142164830,0,0,0
1323.142165586,0,1,0
1323.142166736,1,1,0
1323.280863140,1,0,0
1323.280863622,1,0,1
1323.280865290,0,0,1
1323.419591604,0,1,1
1323.419593620,0,1,0
1323.419593872,1,1,0
1323.558320096,1,0,0
1323.558320476,1,0,1
1323.558321362,0,0,1
1323.697017622,0,1,1
1323.697018412,0,1,0
1323.697019882,1,1,0
1323.835777116,1,0,0
1323.835777268,1,0,1
1323.835778434,0,0,1
1323.974475206,0,0,0
1323.974475640,0,1,0
1323.974476956,1,1,0
1324.113173122,1,1,1
1324.113173140,1,0,1
1324.113174506,0,0,1
1324.251930996,0,0,0
1324.251931660,0,1,0
1324.251933028,1,1,0
1324.390629850,1,1,1
1324.390630152,1,0,1
1324.390631580,0,0,1
1324.529357616,0,1,1
1324.529357788,0,1,0
1324.529360100,1,1,0
1324.668056108,1,0,0
1324.668056706,1,0,1
1324.668057716,0,0,1
1324.806784634,0,1,1
1324.806785580,0,1,0
1324.806786174,1,1,0
1324.945481498,1,1,1
1324.945482128,1,0,1
1324.945483788,0,0,1
1325.084180652,0,1,1
1325.084181434,0,1,0
1325.084182246,1,1,0
1325.222877226,1,1,1
1325.222879208,1,0,1
1325.222879798,0,0,1
1325.361576672,0,1,1
1325.361577162,0,1,0
1325.361578320,1,1,0
1325.500275080,1,1,1
1325.500275164,1,0,1
1325.500275934,0,0,1
1325.638971690,0,1,1
1325.638972018,0,1,0
1325.638973390,1,1,0
1325.777700182,1,0,0
1325.777700872,1,0,1
1325.777701944,0,0,1
1325.916399710,0,1,1
1325.916399808,0,1,0
1325.916400526,1,1,0
1326.055096264,1,0,0
1326.055096726,1,0,1
1326.055098018,0,0,1
1326.193793726,0,1,1
1326.193794538,0,1,0
1326.193795536,1,1,0
1326.332522220,1,0,0
1326.332523516,1,0,1
1326.332524088,0,0,1
1326.471250392,0,0,0
1326.471250746,0,1,0
1326.471252608,1,1,0
1326.609949238,1,0,0
1326.609949308,1,0,1
1326.609951224,0,0,1
1326.748677764,0,1,1
1326.748679246,0,1,0
1326.748679744,1,1,0
1326.887375100,1,1,1
1326.887377194,1,0,1
1326.887377296,0,0,1
1327.026103720,0,1,1
1327.026104038,0,1,0
1327.026105816,1,1,0
1327.164802890,1,1,1
1327.164803274,1,0,1
1327.164803306,0,0,1
1327.303499768,0,0,0
1327.303500738,0,1,0
1327.303501888,1,1,0
1327.442196230,1,0,0
1327.442198682,1,0,1
1327.442199442,0,0,1
1327.580894620,0,0,0
1327.580896756,0,1,0
1327.580896898,1,1,0
1327.719593536,1,1,1
1327.719594248,1,0,1
1327.719595512,0,0,1
1327.858292412,0,0,0
1327.858292774,0,1,0
1327.858292972,1,1,0
1327.996989266,1,0,0
1327.996989328,1,0,1
1327.996991524,0,0,1
1328.135686792,0,1,1
1328.135687204,0,1,0
1328.135689108,1,1,0
1328.274385056,1,1,1
1328.274385284,1,0,1
1328.274386658,0,0,1
1328.413083686,0,1,1
1328.413083994,0,1,0
1328.413085116,1,1,0
1328.551780910,1,1,1
1328.551782304,1,0,1
1328.551782730,0,0,1
1328.690479828,0,1,1
1328.690479848,0,1,0
1328.690481250,1,1,0
1328.829178258,1,0,0
1328.829178638,1,0,1
1328.829178740,0,0,1
1328.967873638,0,0,0
1328.967873786,0,1,0
1328.967876322,1,1,0
1329.106572338,1,0,0
1329.106573492,1,0,1
1329.106574874,0,0,1
1329.245270428,0,0,0
1329.245272394,1,0,0
1329.245272802,1,1,0
1329.383969280,1,1,1
1329.383969298,1,0,1
1329.383970948,0,0,1
1329.522666218,0,0,0
1329.522667822,0,1,0
1329.522668468,1,1,0
1329.661395376,1,0,0
1329.661396136,1,0,1
1329.661397018,0,0,1
1329.800093010,0,0,0
1329.800093776,0,1,0
1329.800094538,1,1,0
1329.938790926,1,1,1
1329.938791332,1,0,1
1329.938793090,0,0,1
1330.077518794,0,1,1
1330.077520800,0,1,0
1330.077521550,1,1,0
1330.216249716,1,1,1
1330.216250162,0,1,1
1330.216250348,0,0,1
1330.354945874,0,1,1
1330.354946652,0,1,0
1330.354947682,1,1,0
1330.493644304,1,0,0
1330.493644508,1,0,1
1330.493645234,0,0,1
1330.632341830,0,1,1
1330.632342444,0,1,0
1330.632343756,1,1,0
1330.771040360,1,1,1
1330.771040384,1,0,1
1330.771041370,0,0,1
1330.909736234,0,0,0
1330.909737848,0,1,0
1330.909738828,1,1,0
1331.048465402,1,0,0
1331.048466088,1,0,1
1331.048467378,0,0,1
1331.187164866,0,1,1
1331.187164962,0,1,0
1331.187165962,1,1,0
1331.325861940,1,1,1
1331.325862420,1,0,1
1331.325863452,0,0,1
1331.464559884,0,1,1
1331.464560816,0,1,0
1331.464561972,1,1,0
1331.603257732,1,1,1
1331.603258438,1,0,1
1331.603259586,0,0,1
1331.741954900,0,1,1
1331.741955668,0,1,0
1331.741957044,1,1,0
1331.880683392,1,0,0
1331.880684460,1,0,1
1331.880685658,0,0,1
1332.019382918,0,1,1
1332.019383460,0,1,0
1332.019384116,1,1,0
1332.158079474,1,0,0
1332.158081312,1,0,1
1332.158081668,0,0,1
1332.296777186,0,0,0
1332.296777936,0,1,0
1332.296779188,1,1,0
1332.435475430,1,0,0
1332.435477104,1,0,1
1332.435477740,0,0,1
1332.574174040,0,0,0
1332.574174890,0,1,0
1332.574175260,1,1,0
1332.712871446,1,0,0
1332.712872082,1,0,1
1332.712873874,0,0,1
1332.851570830,0,0,0
1332.851570910,0,1,0
1332.851571394,1,1,0
1332.990266684,1,1,1
1332.990267464,1,0,1
1332.990268944,0,0,1
1333.128965928,0,1,1
1333.128966622,0,1,0
1333.128967402,1,1,0
1333.267663482,1,0,0
1333.267663538,1,0,1
1333.267664954,0,0,1
1333.406361882,0,1,1
1333.406362412,0,1,0
1333.406363538,1,1,0
1333.545058264,1,1,1
1333.545058438,1,0,1
1333.545061088,0,0,1
1333.683756962,0,1,1
1333.683757202,0,1,0
1333.683758546,1,1,0
1333.822455118,1,1,1
1333.822455516,1,0,1
1333.822457160,0,0,1
1333.961213980,0,1,1
1333.961214056,0,1,0
1333.961215680,1,1,0
1334.099912472,1,0,0
1334.099912846,1,0,1
1334.099914170,0,0,1
1334.238609934,0,1,1
1334.238610846,0,1,0
1334.238611752,1,1,0
1334.377307428,1,0,0
1334.377307762,1,0,1
1334.377309242,0,0,1
1334.516005448,0,0,0
1334.516007014,0,1,0
1334.516007824,1,1,0
1334.654734488,1,1,1
1334.654734568,1,0,1
1334.654736314,0,0,1
1334.793431594,0,1,1
1334.793433426,0,1,0
1334.793433834,1,1,0
1334.932160342,1,1,1
1334.932161524,1,0,1
1334.932162448,0,0,1
1335.070857216,0,0,0
1335.070857986,0,1,0
1335.070859966,1,1,0
1335.209555540,1,0,0
1335.209558132,1,0,1
1335.209558520,0,0,1
1335.348286004,0,1,0
1335.348287038,1,1,0
1335.486982558,1,0,0
1335.486982922,1,0,1
1335.486984528,0,0,1
1335.625679858,0,0,0
1335.625681022,0,1,0
1335.625682110,1,1,0
1335.764379514,1,0,0
1335.764379774,1,0,1
1335.764380662,0,0,1
1335.903075586,0,0,0
1335.903077038,0,1,0
1335.903078182,1,1,0
1336.041774502,1,1,1
1336.041774594,1,0,1
1336.041776732,0,0,1
1336.180503994,0,1,1
1336.180504374,0,1,0
1336.180505252,1,1,0
1336.319231610,1,0,0
1336.319232292,1,0,1
1336.319232804,0,0,1
1336.457928010,0,1,1
1336.457930228,0,1,0
1336.457931386,1,1,0
1336.596688626,1,0,0
1336.596689874,0,0,0
1336.596690144,0,0,1
1336.735386026,0,1,1
1336.735387018,0,1,0
1336.735388456,1,1,0
1336.874144706,1,0,0
1336.874145934,1,0,1
1336.874147008,0,0,1
1337.012873808,0,0,0
1337.012875106,0,1,0
1337.012875464,1,1,0
1337.151570724,1,1,1
1337.151571598,1,0,1
1337.151573078,0,0,1
1337.290270662,0,0,0
1337.290271062,0,1,0
1337.290271536,1,1,0
1337.428998514,1,1,1
1337.428998616,1,0,1
1337.429000150,0,0,1
1337.567696078,0,1,1
1337.567696450,0,1,0
1337.567697668,1,1,0
1337.706393632,1,0,0
1337.706394304,1,0,1
1337.706395158,0,0,1
1337.845091094,0,1,1
1337.845091178,0,1,0
1337.845093740,1,1,0
1337.983790094,1,1,1
1337.983790586,1,0,1
1337.983791230,0,0,1
1338.122487112,0,1,1
1338.122489030,0,1,0
1338.122489812,1,1,0
1338.261185604,1,0,0
1338.261185946,1,0,1
1338.261187302,0,0,1
1338.399913128,0,1,1
1338.399913820,0,1,0
1338.399915884,1,1,0
1338.538611620,1,0,0
1338.538612736,1,0,1
1338.538613372,0,0,1
1338.677310084,0,1,1
1338.677310672,0,1,0
1338.677311892,1,1,0
1338.816037638,1,0,0
1338.816038526,1,0,1
1338.816040506,0,0,1
1338.954736462,0,0,0
1338.954737038,0,1,0
1338.954737964,1,1,0
1339.093433316,1,1,1
1339.093434592,1,0,1
1339.093435514,0,0,1
1339.232132118,0,1,1
1339.232132190,0,1,0
1339.232134096,1,1,0
1339.370891106,1,1,1
1339.370892610,1,0,1
1339.370892648,0,0,1
1339.509619198,0,1,1
1339.509620044,0,1,0
1339.509621106,1,1,0
1339.648317626,1,0,0
1339.648318958,1,0,1
1339.648319720,0,0,1
1339.787044152,0,1,1
1339.787045832,0,1,0
1339.787047238,1,1,0
1339.925744706,1,0,0
1339.925745124,1,0,1
1339.925745728,0,0,1
1340.064441106,0,1,1
1340.064442622,0,1,0
1340.064443310,1,1,0
1340.203139662,1,0,0
1340.203141476,1,0,1
1340.203141860,0,0,1
1340.341868414,0,0,0
1340.341869186,0,1,0
1340.341870380,1,1,0
1340.480565678,1,0,0
1340.480566330,1,0,1
1340.480567932,0,0,1
1340.619263202,0,0,0
1340.619264202,0,1,0
1340.619265452,1,1,0
1340.757962118,1,1,1
1340.757962694,1,0,1
1340.757964004,0,0,1
1340.896690220,0,1,1
1340.896691994,0,1,0
1340.896692522,1,1,0
1341.035387846,1,1,1
1341.035388712,1,0,1
1341.035390076,0,0,1
1341.174116846,0,0,0
1341.174117174,0,1,0
1341.174118594,1,1,0
1341.312846698,1,1,1
1341.312846728,1,0,1
1341.312847146,0,0,1
1341.451542192,0,1,1
1341.451542636,0,1,0
1341.451544664,1,1,0
1341.590271682,1,0,0
1341.590272490,1,0,1
1341.590273218,0,0,1
1341.728969426,0,0,0
1341.728970208,0,1,0
1341.728971736,1,1,0
1341.867667764,1,0,0
1341.867668278,1,0,1
1341.867669350,0,0,1
1342.006365226,0,1,1
1342.006366216,0,1,0
1342.006366808,1,1,0
1342.145063716,1,0,0
1342.145064070,1,0,1
1342.145065360,0,0,1
1342.283760242,0,1,1
1342.283762006,0,1,0
1342.283762878,1,1,0
1342.422458922,1,1,1
1342.422460670,1,0,1
1342.422461492,0,0,1
1342.561186796,0,0,0
1342.561187196,0,1,0
1342.561188950,1,1,0
1342.699885750,1,0,0
1342.699886712,1,0,1
1342.699887502,0,0,1
1342.838613586,0,0,0
1342.838614212,0,1,0
1342.838616020,1,1,0
1342.977311502,1,1,1
1342.977313572,0,1,1
1342.977313768,0,0,1
1343.116010228,0,1,1
1343.116010438,0,1,0
1343.116012154,1,1,0
1343.254738292,1,1,1
1343.254738722,1,0,1
1343.254739642,0,0,1
1343.393436228,0,0,0
1343.393437308,0,1,0
1343.393438162,1,1,0
1343.532134144,1,1,1
1343.532134738,1,0,1
1343.532135778,0,0,1
1343.670832200,0,1,1
1343.670834018,0,1,0
1343.670834232,1,1,0
1343.809529754,1,0,0
1343.809529872,1,0,1
1343.809531784,0,0,1
1343.948227280,0,1,1
1343.948227744,0,1,0
1343.948229368,1,1,0
1344.086925724,1,1,1
1344.086925772,1,0,1
1344.086927918,0,0,1
1344.225623598,0,0,0
1344.225624232,0,1,0
1344.225625438,1,1,0
1344.364322514,1,1,1
1344.364322850,1,0,1
1344.364323926,0,0,1
1344.503018450,0,0,0
1344.503020312,0,1,0
1344.503021508,1,1,0
1344.641716306,1,1,1
1344.641717806,1,0,1
1344.641718998,0,0,1
1344.780415178,0,0,0
1344.780416268,0,1,0
1344.780417578,1,1,0
1344.919113094,1,1,1
1344.919113822,1,0,1
1344.919115130,0,0,1
1345.057812030,0,0,0
1345.057812346,0,1,0
1345.057813712,1,1,0
1345.196539322,1,1,1
1345.196539838,1,0,1
1345.196541202,0,0,1
1345.335238300,0,1,1
1345.335238634,0,1,0
1345.335239722,1,1,0
1345.473935736,1,1,1
1345.473935792,1,0,1
1345.473937274,0,0,1
1345.612633318,0,1,1
1345.612633612,0,1,0
1345.612635732,1,1,0
1345.751331590,1,1,1
1345.751331872,1,0,1
1345.751333346,0,0,1
1345.890061334,0,1,1
1345.890061464,0,1,0
1345.890061862,1,1,0
1346.028726890,1,0,0
1346.028727318,1,0,1
1346.028729416,0,0,1
1346.167425254,0,0,0
1346.167425288,0,1,0
1346.167426934,1,1,0
1346.306153844,1,0,0
1346.306155108,1,0,1
1346.306155484,0,0,1
1346.444851044,0,0,0
1346.444852304,0,1,0
1346.444853006,1,1,0
1346.583549858,1,0,0
1346.583550960,1,0,1
1346.583551556,0,0,1
1346.722247834,0,0,0
1346.722248384,0,1,0
1346.722249136,1,1,0
1346.860945688,1,1,1
1346.860945876,1,0,1
1346.860947628,0,0,1
1346.999643338,0,1,1
1346.999643624,0,1,0
1346.999645146,1,1,0
1347.138371476,1,1,1
1347.138372956,1,0,1
1347.138373760,0,0,1
1347.277069356,0,1,1
1347.277069414,0,1,0
1347.277071216,1,1,0
1347.415767910,1,0,0
1347.415768330,1,0,1
1347.415769828,0,0,1
1347.554497266,0,0,0
1347.554497370,0,1,0
1347.554498286,1,1,0
1347.693192926,1,0,0
1347.693195120,1,0,1
1347.693195902,0,0,1
1347.831892388,0,1,1
1347.831893056,0,1,0
1347.831893418,1,1,0
1347.970589880,1,0,0
1347.970589910,1,0,1
1347.970591970,0,0,1
1348.109288404,0,1,1
1348.109288846,0,1,0
1348.109289490,1,1,0
1348.248015762,1,1,1
1348.248016896,1,0,1
1348.248018040,0,0,1
1348.386714574,0,0,0
1348.386715420,0,1,0
1348.386716560,1,1,0
1348.525442552,1,1,1
1348.525442850,1,0,1
1348.525444110,0,0,1
1348.664140364,0,0,0
1348.664140436,0,1,0
1348.664142694,1,1,0
1348.802838466,1,1,1
1348.802838928,1,0,1
1348.802840180,0,0,1
1348.941536454,0,1,1
1348.941537214,0,1,0
1348.941538702,1,1,0
1349.080235132,1,1,1
1349.080235944,1,0,1
1349.080236252,0,0,1
1349.218932408,0,1,1
1349.218933068,0,1,0
1349.218933770,1,1,0
1349.357629920,1,1,1
1349.357629962,1,0,1
1349.357632324,0,0,1
1349.496328422,0,1,1
1349.496328794,0,1,0
1349.496329904,1,1,0
1349.635026712,1,1,1
1349.635026916,1,0,1
1349.635028454,0,0,1
1349.773754440,0,1,1
1349.773754584,0,1,0
1349.773755912,1,1,0
1349.912483562,1,1,1
1349.912484306,1,0,1
1349.912484464,0,0,1
1350.051181438,0,0,0
1350.051182456,0,1,0
1350.051182982,1,1,0
1350.189878948,1,0,0
1350.189879352,1,0,1
1350.189880532,0,0,1
1350.328607226,0,0,0
1350.328607472,0,1,0
1350.328609052,1,1,0
1350.467305964,1,0,0
1350.467306142,1,0,1
1350.467306602,0,0,1
1350.606032426,0,1,1
1350.606034016,0,1,0
1350.606035184,1,1,0
1350.744760870,1,1,1
1350.744762980,1,0,1
1350.744763736,0,0,1
1350.883460806,0,0,0
1350.883461442,0,1,0
1350.883462254,1,1,0
1351.022157722,1,1,1
1351.022158934,1,0,1
1351.022159744,0,0,1
1351.160854656,0,0,0
1351.160856520,0,1,0
1351.160857262,1,1,0
1351.299584012,1,0,0
1351.299584510,1,0,1
1351.299585876,0,0,1
1351.438282474,0,1,1
1351.438283446,0,1,0
1351.438284334,1,1,0
1351.576980030,1,0,0
1351.576981300,1,0,1
1351.576981884,0,0,1
1351.715679236,0,0,0
1351.715679554,0,1,0
1351.715680466,1,1,0
1351.854377152,1,1,1
1351.854377954,0,1,1
1351.854377982,0,0,1
1351.993104756,0,1,1
1351.993105024,0,1,0
1351.993106536,1,1,0
1352.131801940,1,1,1
1352.131803060,1,0,1
1352.131804086,0,0,1
1352.270499878,0,0,0
1352.270500460,0,1,0
1352.270502542,1,1,0
1352.409229730,1,1,1
1352.409230014,1,0,1
1352.409231156,0,0,1
1352.547926540,0,1,1
1352.547927604,0,1,0
1352.547928614,1,1,0
1352.686624030,1,0,0
1352.686625520,1,0,1
1352.686626228,0,0,1
1352.825323456,0,0,0
1352.825324494,0,1,0
1352.825324684,1,1,0
1352.964051984,1,0,0
1352.964052310,1,0,1
1352.964053234,0,0,1
1353.102749244,0,0,0
1353.102750508,0,1,0
1353.102750754,1,1,0
1353.241446160,1,1,1
1353.241447000,1,0,1
1353.241448432,0,0,1
1353.380145034,0,0,0
1353.380145524,0,1,0
1353.380146824,1,1,0
1353.518842948,1,1,1
1353.518844016,1,0,1
1353.518844438,0,0,1
1353.657541540,0,1,1
1353.657541884,0,1,0
1353.657542958,1,1,0
1353.796238676,1,1,1
1353.796239030,1,0,1
1353.796240508,0,0,1
1353.934966494,0,1,1
1353.934968676,0,1,0
1353.934969028,1,1,0
1354.073664528,1,1,1
1354.073665048,1,0,1
1354.073666578,0,0,1
1354.212363136,0,1,1
1354.212363588,0,1,0
1354.212365098,1,1,0
1354.351060316,1,1,1
1354.351061064,1,0,1
1354.351062648,0,0,1
1354.489758254,0,0,0
1354.489759526,0,1,0
1354.489760166,1,1,0
1354.628456168,1,1,1
1354.628457080,1,0,1
1354.628458718,0,0,1
1354.767155040,0,0,0
1354.767155542,0,1,0
1354.767156236,1,1,0
1354.905882956,1,1,1
1354.905883032,1,0,1
1354.905884852,0,0,1
1355.044581556,0,1,1
1355.044582830,0,1,0
1355.044583368,1,1,0
1355.183309746,1,1,1
1355.183310048,1,0,1
1355.183310920,0,0,1
1355.322007572,0,1,1
1355.322008620,0,1,0
1355.322009438,1,1,0
1355.460705472,1,1,1
1355.460706126,1,0,1
1355.460706926,0,0,1
1355.599404408,0,0,0
1355.599404588,0,1,0
1355.599405446,1,1,0
1355.738100324,1,1,1
1355.738101080,1,0,1
1355.738102996,0,0,1
1355.876829604,0,1,1
1355.876830198,0,1,0
1355.876831514,1,1,0
1356.015527112,1,1,1
1356.015528034,1,0,1
1356.015529128,0,0,1
1356.154255050,0,0,0
1356.154256556,0,1,0
1356.154257586,1,1,0
1356.292954902,1,1,1
1356.292955112,1,0,1
1356.292956138,0,0,1
1356.431651838,0,0,0
1356.431652572,0,1,0
1356.431653718,1,1,0
1356.570349752,1,1,1
1356.570350064,1,0,1
1356.570351268,0,0,1
1356.709048588,0,1,1
1356.709048626,0,1,0
1356.709049724,1,1,0
1356.847744478,1,1,1
1356.847746142,1,0,1
1356.847747278,0,0,1
1356.986444416,0,0,0
1356.986445604,0,1,0
1356.986445856,1,1,0
1357.125141096,1,0,0
1357.125141330,1,0,1
1357.125143346,0,0,1
1357.263839620,0,1,1
1357.263840266,0,1,0
1357.263840866,1,1,0
1357.402568110,1,0,0
1357.402568118,1,0,1
1357.402569476,0,0,1
1357.541295992,0,0,0
1357.541296634,0,1,0
1357.541297994,1,1,0
1357.679995126,1,0,0
1357.679995908,1,0,1
1357.679996546,0,0,1
1357.818691648,0,1,1
1357.818693218,0,1,0
1357.818694004,1,1,0
1357.957389142,1,0,0
1357.957389760,1,0,1
1357.957391554,0,0,1
1358.096087632,0,0,0
1358.096087664,0,1,0
1358.096090072,1,1,0
1358.234786486,1,1,1
1358.234787156,1,0,1
1358.234787686,0,0,1
1358.373513484,0,0,0
1358.373515680,0,1,0
1358.373516142,1,1,0
1358.512212274,1,1,1
1358.512213546,1,0,1
1358.512214756,0,0,1
1358.650910210,0,0,0
1358.650911632,0,1,0
1358.650912272,1,1,0
1358.789639124,1,1,1
1358.789640124,1,0,1
1358.789640824,0,0,1
1358.928336998,0,0,0
1358.928337710,0,1,0
1358.928338342,1,1,0
1359.067034140,1,0,0
1359.067035914,1,0,1
1359.067036830,0,0,1
1359.205732664,0,1,1
1359.205733850,0,1,0
1359.205734410,1,1,0
1359.344429702,1,1,1
1359.344430218,1,0,1
1359.344431960,0,0,1
1359.483158616,0,1,1
1359.483158638,0,1,0
1359.483160480,1,1,0
1359.621858052,1,1,1
1359.621858170,1,0,1
1359.621859032,0,0,1
1359.760554488,0,0,0
1359.760554694,0,1,0
1359.760556550,1,1,0
1359.899252186,1,0,0
1359.899252340,1,0,1
1359.899254038,0,0,1
1360.037950214,0,0,0
1360.037951646,0,1,0
1360.037952620,1,1,0
1360.176648130,1,1,1
1360.176648200,1,0,1
1360.176650168,0,0,1
1360.315377004,0,0,0
1360.315377662,0,1,0
1360.315378624,1,1,0
1360.454075918,1,1,1
1360.454076216,1,0,1
1360.454077238,0,0,1
1360.592803676,0,1,1
1360.592803792,0,1,0
1360.592804694,1,1,0
1360.731500706,1,1,1
1360.731501168,1,0,1
1360.731503244,0,0,1
1360.870230644,0,0,0
1360.870230692,0,1,0
1360.870231824,1,1,0
1361.008927246,1,0,0
1361.008927496,1,0,1
1361.008929314,0,0,1
1361.147626432,0,0,0
1361.147626644,0,1,0
1361.147627894,1,1,0
1361.286323198,1,0,0
1361.286323346,1,0,1
1361.286325444,0,0,1
1361.425082722,0,1,1
1361.425082906,0,1,0
1361.425083962,1,1,0
1361.563780214,1,0,0
1361.563782134,1,0,1
1361.563782512,0,0,1
1361.702477070,0,0,0
1361.702478736,0,1,0
1361.702479970,1,1,0
1361.841176922,1,1,1
1361.841177228,1,0,1
1361.841178584,0,0,1
1361.979873796,0,0,0
1361.979875688,0,1,0
1361.979876100,1,1,0
1362.118571710,1,1,1
1362.118572242,1,0,1
1362.118573650,0,0,1
1362.257270642,0,1,1
1362.257270646,0,1,0
1362.257272168,1,1,0
1362.395999194,1,0,0
1362.395999562,1,0,1
1362.396000720,0,0,1
1362.534696718,0,1,1
1362.534697434,0,1,0
1362.534698238,1,1,0
1362.673394210,1,0,0
1362.673394288,1,0,1
1362.673395788,0,0,1
1362.812092360,0,1,1
1362.812093222,0,1,0
1362.812094306,1,1,0
1362.950821074,1,1,1
1362.950821286,1,0,1
1362.950822858,0,0,1
1363.089549748,0,1,1
1363.089550012,0,1,0
1363.089551374,1,1,0
1363.228246302,1,0,0
1363.228247738,1,0,1
1363.228248926,0,0,1
1363.366944764,0,1,1
1363.366944800,0,1,0
1363.366946444,1,1,0
1363.505673714,1,1,1
1363.505674254,1,0,1
1363.505674994,0,0,1
1363.644371650,0,0,0
1363.644372778,0,1,0
1363.644373512,1,1,0
1363.783130268,1,0,0
1363.783130502,1,0,1
1363.783132064,0,0,1
1363.921828792,0,1,1
1363.921830438,0,1,0
1363.921830580,1,1,0
1364.060526220,1,0,0
1364.060527290,1,0,1
1364.060528132,0,0,1
1364.199223226,0,0,0
1364.199224746,0,1,0
1364.199225650,1,1,0
1364.337952298,1,0,0
1364.337953142,1,0,1
1364.337954200,0,0,1
1364.476651014,0,0,0
1364.476651760,0,1,0
1364.476652718,1,1,0
1364.615347866,1,1,1
1364.615349250,1,0,1
1364.615350270,0,0,1
1364.754044802,0,0,0
1364.754046774,0,1,0
1364.754047724,1,1,0
1364.892744390,1,0,0
1364.892744654,1,0,1
1364.892746400,0,0,1
1365.031440726,0,1,1
1365.031442526,0,1,0
1365.031443920,1,1,0
1365.170140280,1,0,0
1365.170140504,1,0,1
1365.170142346,0,0,1
1365.308838376,0,0,0
1365.308839804,0,1,0
1365.308839924,1,1,0
1365.447535292,1,1,1
1365.447536294,1,0,1
1365.447537474,0,0,1
1365.586233818,0,1,1
1365.586234164,0,1,0
1365.586236056,1,1,0
1365.724964080,1,1,1
1365.724964308,1,0,1
1365.724964544,0,0,1
1365.863659770,0,1,1
1365.863659954,0,1,0
1365.863662124,1,1,0
1366.002358868,1,1,1
1366.002359322,1,0,1
1366.002359612,0,0,1
1366.141148784,0,1,1
1366.141148804,0,1,0
1366.141149130,1,1,0
1366.279845338,1,0,0
1366.279845656,1,0,1
1366.279847682,0,0,1
1366.418542860,0,1,1
1366.418543528,0,1,0
1366.418545260,1,1,0
1366.557241290,1,0,0
1366.557242442,1,0,1
1366.557243748,0,0,1
1366.695938814,0,1,1
1366.695939378,0,1,0
1366.695941330,1,1,0
1366.834636366,1,0,0
1366.834637292,1,0,1
1366.834638880,0,0,1
1366.973335766,0,1,1
1366.973336228,0,1,0
1366.973337398,1,1,0
1367.112032078,1,1,1
1367.112033256,1,0,1
1367.112034888,0,0,1
1367.250731842,0,1,1
1367.250732014,0,1,0
1367.250733466,1,1,0
1367.389457866,1,1,1
1367.389459394,1,0,1
1367.389460956,0,0,1
1367.528156792,0,1,1
1367.528157800,0,1,0
1367.528159534,1,1,0
1367.666855652,1,1,1
1367.666856348,1,0,1
1367.666857084,0,0,1
1367.805553588,0,0,0
1367.805554870,0,1,0
1367.805555602,1,1,0
1367.944250298,1,0,0
1367.944251442,1,0,1
1367.944253090,0,0,1
1368.082979884,0,1,1
1368.082980376,0,1,0
1368.082981672,1,1,0
1368.221677288,1,1,1
1368.221678436,1,0,1
1368.221679220,0,0,1
1368.360406162,0,0,0
1368.360406898,0,1,0
1368.360407738,1,1,0
1368.499134388,1,0,0
1368.499134452,1,0,1
1368.499136226,0,0,1
1368.637831848,0,1,1
1368.637833762,0,1,0
1368.637834808,1,1,0
1368.776530864,1,1,1
1368.776531338,1,0,1
1368.776532358,0,0,1
1368.915259798,0,0,0
1368.915259862,0,1,0
1368.915260876,1,1,0
1369.053957352,1,0,0
1369.053957588,1,0,1
1369.053958426,0,0,1
1369.192654586,0,0,0
1369.192654876,0,1,0
1369.192656942,1,1,0
1369.331353366,1,0,0
1369.331353500,1,0,1
1369.331354430,0,0,1
1369.470049310,0,0,0
1369.470051828,0,1,0
1369.470052010,1,1,0
1369.608749224,1,1,1
1369.608749380,1,0,1
1369.608750560,0,0,1
1369.747446222,0,0,0
1369.747447904,0,1,0
1369.747448140,1,1,0
1369.886145074,1,1,1
1369.886145394,1,0,1
1369.886146628,0,0,1
1370.024871918,0,1,1
1370.024873946,0,1,0
1370.024875210,1,1,0
1370.163570860,1,1,1
1370.163571408,1,0,1
1370.163572696,0,0,1
1370.302268796,0,0,0
1370.302268930,0,1,0
1370.302270214,1,1,0
1370.440996648,1,1,1
1370.440997484,1,0,1
1370.440998826,0,0,1
1370.579694944,0,1,1
1370.579696582,0,1,0
1370.579697280,1,1,0
1370.718393374,1,0,0
1370.718393498,1,0,1
1370.718394832,0,0,1
1370.857120896,0,1,1
1370.857121370,0,1,0
1370.857123348,1,1,0
1370.995820284,1,1,1
1370.995820450,1,0,1
1370.995820898,0,0,1
1371.134517910,0,1,1
1371.134518094,0,1,0
1371.134519416,1,1,0
1371.273216070,1,1,1
1371.273216462,1,0,1
1371.273217028,0,0,1
1371.411912924,0,1,1
1371.411913942,0,1,0
1371.411914484,1,1,0
1371.550609858,1,1,1
1371.550612476,1,0,1
1371.550613096,0,0,1
1371.689307876,0,1,1
1371.689308730,0,1,0
1371.689310614,1,1,0
1371.828006428,1,0,0
1371.828006646,1,0,1
1371.828009164,0,0,1
1371.966704518,0,0,0
1371.966704950,0,1,0
1371.966706618,1,1,0
1372.105433380,1,0,0
1372.105433618,1,0,1
1372.105435232,0,0,1
1372.244130964,0,1,1
1372.244131368,0,1,0
1372.244132686,1,1,0
1372.382829456,1,0,0
1372.382830280,1,0,1
1372.382831298,0,0,1
1372.521587154,0,0,0
1372.521588980,0,1,0
1372.521589754,1,1,0
1372.660256006,1,1,1
1372.660256470,1,0,1
1372.660257302,0,0,1
1372.798952940,0,0,0
1372.798953930,0,1,0
1372.798954884,1,1,0
1372.937650916,1,1,1
1372.937651422,1,0,1
1372.937653432,0,0,1
1373.076348944,0,1,1
1373.076349726,0,1,0
1373.076350950,1,1,0
1373.215047640,1,1,1
1373.215048496,1,0,1
1373.215049500,0,0,1
1373.353743896,0,1,1
1373.353745576,0,1,0
1373.353747018,1,1,0
1373.492442010,1,0,0
1373.492442426,1,0,1
1373.492444568,0,0,1
1373.631170972,0,1,1
1373.631171362,0,1,0
1373.631173022,1,1,0
1373.769899214,1,1,1
1373.769900398,1,0,1
1373.769901574,0,0,1
1373.908566922,0,1,1
1373.908568148,0,1,0
1373.908569090,1,1,0
1374.047264002,1,1,1
1374.047264476,1,0,1
1374.047266702,0,0,1
1374.185962998,0,1,1
1374.185963936,0,1,0
1374.185965220,1,1,0
1374.324661490,1,0,0
1374.324661848,1,0,1
1374.324662834,0,0,1
1374.463359722,0,0,0
1374.463359950,0,1,0
1374.463361286,1,1,0
1374.602057502,1,0,0
1374.602057636,1,0,1
1374.602058836,0,0,1
1374.740785570,0,0,0
1374.740785962,0,1,0
1374.740787354,1,1,0
1374.879482424,1,1,1
1374.879483454,1,0,1
1374.879484904,0,0,1
1375.018181356,0,0,0
1375.018181976,0,1,0
1375.018183420,1,1,0
1375.156878528,1,0,0
1375.156879272,1,0,1
1375.156881032,0,0,1
1375.295577082,0,0,0
1375.295578990,0,1,0
1375.295579488,1,1,0
1375.434274996,1,1,1
1375.434275480,1,0,1
1375.434277038,0,0,1
1375.572972932,0,0,0
1375.572973002,0,1,0
1375.572974618,1,1,0
1375.711762432,1,0,0
1375.711763282,1,0,1
1375.711764104,0,0,1
1375.850460780,0,0,0
1375.850461016,0,1,0
1375.850462620,1,1,0
1375.989249632,1,1,1
1375.989250444,1,0,1
1375.989252170,0,0,1
1376.127947504,0,0,0
1376.127947966,0,1,0
1376.127949688,1,1,0
1376.266646418,1,1,1
1376.266646520,1,0,1
1376.266647300,0,0,1
1376.405344352,0,0,0
1376.405345042,0,1,0
1376.405345756,1,1,0
1376.544102204,1,1,1
1376.544103532,1,0,1
1376.544104366,0,0,1
1376.682830994,0,1,1
1376.682831076,0,1,0
1376.682832822,1,1,0
1376.821590052,1,1,1
1376.821590484,1,0,1
1376.821592370,0,0,1
1376.960317926,0,0,0
1376.960318006,0,1,0
1376.960319950,1,1,0
1377.099016558,1,0,0
1377.099017840,1,0,1
1377.099018438,0,0,1
1377.237745712,0,0,0
1377.237745956,0,1,0
1377.237747018,1,1,0
1377.376442572,1,0,0
1377.376442626,1,0,1
1377.376444504,0,0,1
1377.515171248,0,0,0
1377.515171970,0,1,0
1377.515173084,1,1,0
1377.653899410,1,1,1
1377.653899522,1,0,1
1377.653901572,0,0,1
1377.792597346,0,0,0
1377.792597982,0,1,0
1377.792599150,1,1,0
1377.931296134,1,1,1
1377.931296472,1,0,1
1377.931297700,0,0,1
1378.069992996,0,1,1
1378.069994132,0,1,0
1378.069995216,1,1,0
1378.208692548,1,0,0
1378.208692982,1,0,1
1378.208693704,0,0,1
1378.347389946,0,1,1
1378.347389980,0,1,0
1378.347391284,1,1,0
1378.486087498,1,0,0
1378.486087768,1,0,1
1378.486088834,0,0,1
1378.624785704,0,0,0
1378.624786022,0,1,0
1378.624787288,1,1,0
1378.763482574,1,0,0
1378.763483616,1,0,1
1378.763484836,0,0,1
1378.902180972,0,1,1
1378.902181550,0,1,0
1378.902183418,1,1,0
1379.040878524,1,0,0
1379.040880404,1,0,1
1379.040880968,0,0,1
1379.179577046,0,1,1
1379.179577274,0,1,0
1379.179578484,1,1,0
1379.318274536,1,0,0
1379.318275000,1,0,1
1379.318277034,0,0,1
1379.456972998,0,1,1
1379.456973124,0,1,0
1379.456974552,1,1,0
1379.595669976,1,1,1
1379.595670550,1,0,1
1379.595672100,0,0,1
1379.734369074,0,1,1
1379.734369910,0,1,0
1379.734370616,1,1,0
1379.873066760,1,1,1
1379.873067500,1,0,1
1379.873068166,0,0,1
1380.011765336,0,1,1
1380.011765756,0,1,0
1380.011766684,1,1,0
1380.150462546,1,1,1
1380.150463514,1,0,1
1380.150464170,0,0,1
1380.289191542,0,0,0
1380.289191974,0,1,0
1380.289192750,1,1,0
1380.427888332,1,1,1
1380.427888526,1,0,1
1380.427890238,0,0,1
1380.566617328,0,0,0
1380.566618048,0,1,0
1380.566618818,1,1,0
1380.705316178,1,1,1
1380.705316538,1,0,1
1380.705317430,0,0,1
1380.844044114,0,0,0
1380.844045062,0,1,0
1380.844045886,1,1,0
1380.982710552,1,0,0
1380.982710964,1,0,1
1380.982712434,0,0,1
1381.121439012,0,1,1
1381.121439836,0,1,0
1381.121440952,1,1,0
1381.260167562,1,0,0
1381.260167750,1,0,1
1381.260169562,0,0,1
1381.398896686,0,0,0
1381.398897024,0,1,0
1381.398897954,1,1,0
1381.537594598,1,1,1
1381.537595576,1,0,1
1381.537596568,0,0,1
1381.676293038,0,1,1
1381.676293470,0,1,0
1381.676294084,1,1,0
1381.814989526,1,0,0
1381.814990382,1,0,1
1381.814991696,0,0,1
1381.953688254,0,0,0
1381.953689048,0,1,0
1381.953690150,1,1,0
1382.092385850,1,0,0
1382.092386168,1,0,1
1382.092387700,0,0,1
1382.231114040,0,0,0
1382.231114936,0,1,0
1382.231116216,1,1,0
1382.369843954,1,1,1
1382.369844550,1,0,1
1382.369844766,0,0,1
1382.508539826,0,0,0
1382.508540072,0,1,0
1382.508542346,1,1,0
1382.647237802,1,1,1
1382.647239562,1,0,1
1382.647240832,0,0,1
1382.785936612,0,0,0
1382.785937024,0,1,0
1382.785938350,1,1,0
1382.924634524,1,1,1
1382.924635574,1,0,1
1382.924636898,0,0,1
1383.063332036,0,1,1
1383.063332460,0,1,0
1383.063334354,1,1,0
1383.202061310,1,1,1
1383.202061586,1,0,1
1383.202062966,0,0,1
1383.340759110,0,1,1
1383.340759246,0,1,0
1383.340760546,1,1,0
1383.479486598,1,0,0
1383.479487220,1,0,1
1383.479489032,0,0,1
1383.618216030,0,0,0
1383.618216996,0,1,0
1383.618217548,1,1,0
1383.756913548,1,0,0
1383.756914942,1,0,1
1383.756915098,0,0,1
1383.895672816,0,0,0
1383.895673008,0,1,0
1383.895674614,1,1,0
1384.034370562,1,0,0
1384.034371792,1,0,1
1384.034372164,0,0,1
1384.173068084,0,1,1
1384.173069600,0,1,0
1384.173070682,1,1,0
1384.311765514,1,1,1
1384.311765636,1,0,1
1384.311768168,0,0,1
1384.450463034,0,1,1
1384.450464448,0,1,0
1384.450465748,1,1,0
1384.589162298,1,1,1
1384.589162584,1,0,1
1384.589164298,0,0,1
1384.727891232,0,0,0
1384.727892046,0,1,0
1384.727892750,1,1,0
1384.866620146,1,1,1
1384.866620596,1,0,1
1384.866621362,0,0,1
1385.005316018,0,0,0
1385.005317058,0,1,0
1385.005318944,1,1,0
1385.144045546,1,0,0
1385.144045992,1,0,1
1385.144047430,0,0,1
1385.282742802,0,0,0
1385.282743068,0,1,0
1385.282745008,1,1,0
1385.421440716,1,1,1
1385.421441620,1,0,1
1385.421443496,0,0,1
1385.560139018,0,1,1
1385.560139586,0,1,0
1385.560141012,1,1,0
1385.698868438,1,1,1
1385.698868632,1,0,1
1385.698869626,0,0,1
1385.837565094,0,1,1
1385.837565434,0,1,0
1385.837567078,1,1,0
1385.976264284,1,1,1
1385.976264582,1,0,1
1385.976265628,0,0,1
1386.114960104,0,1,1
1386.114961220,0,1,0
1386.114963208,1,1,0
1386.253659594,1,0,0
1386.253660070,1,0,1
1386.253661694,0,0,1
1386.392358004,0,0,0
1386.392358054,0,1,0
1386.392359212,1,1,0
1386.531054544,1,0,0
1386.531055854,1,0,1
1386.531056822,0,0,1
1386.669753852,0,0,0
1386.669754066,0,1,0
1386.669755340,1,1,0
1386.808450618,1,0,0
1386.808451702,1,0,1
1386.808452828,0,0,1
1386.947149574,0,0,0
1386.947150078,0,1,0
1386.947151406,1,1,0
1387.085846568,1,0,0
1387.085847486,1,0,1
1387.085848956,0,0,1
1387.224544420,0,0,0
1387.224545090,0,1,0
1387.224546410,1,1,0
1387.363244272,1,1,1
1387.363244642,1,0,1
1387.363244960,0,0,1
1387.501941038,0,1,1
1387.501942206,0,1,0
1387.501942540,1,1,0
1387.640639118,1,1,1
1387.640641088,0,1,1
1387.640641592,0,0,1
1387.779336990,0,0,0
1387.779337114,0,1,0
1387.779338544,1,1,0
1387.918034602,1,0,0
1387.918034902,1,0,1
1387.918036156,0,0,1
1388.056733062,0,1,1
1388.056733776,0,1,0
1388.056734672,1,1,0
1388.195460614,1,0,0
1388.195462626,1,0,1
1388.195463158,0,0,1
1388.334159560,0,0,0
1388.334160074,0,1,0
1388.334160738,1,1,0
1388.472856626,1,0,0
1388.472857474,1,0,1
1388.472858288,0,0,1
1388.611556150,0,1,1
1388.611556408,0,1,0
1388.611556804,1,1,0
1388.750252258,1,1,1
1388.750252576,1,0,1
1388.750254352,0,0,1
1388.888981098,0,1,1
1388.888982192,0,1,0
1388.888982934,1,1,0
1389.027679104,1,1,1
1389.027679588,1,0,1
1389.027680420,0,0,1
1389.166376976,0,0,0
1389.166377108,0,1,0
1389.166378936,1,1,0
1389.305074890,1,1,1
1389.305075598,1,0,1
1389.305076548,0,0,1
1389.443803120,0,1,1
1389.443803698,0,1,0
1389.443805002,1,1,0
1389.582501674,1,0,0
1389.582502672,1,0,1
1389.582503552,0,0,1
1389.721199070,0,1,1
1389.721199544,0,1,0
1389.721201130,1,1,0
1389.859926622,1,0,0
1389.859928458,1,0,1
1389.859929616,0,0,1
1389.998656392,0,0,0
1389.998657080,0,1,0
1389.998658134,1,1,0
1390.137354632,1,0,0
1390.137355242,1,0,1
1390.137355684,0,0,1
1390.276083092,0,1,1
1390.276083114,0,1,0
1390.276084262,1,1,0
1390.414810090,1,1,1
1390.414811644,1,0,1
1390.414812748,0,0,1
1390.553508898,0,0,0
1390.553510166,0,1,0
1390.553510264,1,1,0
1390.692236810,1,1,1
1390.692237656,1,0,1
1390.692238876,0,0,1
1390.830935114,0,1,1
1390.830935806,0,1,0
1390.830937394,1,1,0
1390.969632596,1,1,1
1390.969633666,1,0,1
1390.969634942,0,0,1
1391.108330126,0,1,1
1391.108330530,0,1,0
1391.108332396,1,1,0
1391.247028614,1,0,0
1391.247029442,1,0,1
1391.247031008,0,0,1
1391.385726314,0,0,0
1391.385727138,0,1,0
1391.385728524,1,1,0
1391.524425626,1,0,0
1391.524426164,1,0,1
1391.524427074,0,0,1
1391.663154086,0,1,1
1391.663154160,0,1,0
1391.663155590,1,1,0
1391.801851700,1,0,0
1391.801852010,1,0,1
1391.801853138,0,0,1
1391.940548160,0,1,1
1391.940548882,0,1,0
1391.940550592,1,1,0
1392.079247650,1,0,0
1392.079247796,1,0,1
1392.079249204,0,0,1
1392.217945172,0,1,1
1392.217945728,0,1,0
1392.217946720,1,1,0
1392.356643580,1,1,1
1392.356644662,1,0,1
1392.356645270,0,0,1
1392.495341058,0,1,1
1392.495342512,0,1,0
1392.495342788,1,1,0
1392.634037426,1,1,1
1392.634039610,1,0,1
1392.634040336,0,0,1
1392.772737194,0,1,1
1392.772737360,0,1,0
1392.772738852,1,1,0
1392.911465808,1,0,0
1392.911466210,1,0,1
1392.911467400,0,0,1
1393.050162142,0,1,1
1393.050163082,0,1,0
1393.050164918,1,1,0
1393.188859632,1,0,0
1393.188861934,1,0,1
1393.188862466,0,0,1
1393.327559154,0,1,1
1393.327559866,0,1,0
1393.327560982,1,1,0
1393.466286644,1,0,0
1393.466288780,1,0,1
1393.466289532,0,0,1
1393.604984166,0,1,1
1393.604985838,0,1,0
1393.604986986,1,1,0
1393.743745626,1,1,1
1393.743745654,1,0,1
1393.743746660,0,0,1
1393.882472114,0,1,1
1393.882472498,0,1,0
1393.882474114,1,1,0
1394.021170664,1,0,0
1394.021171410,1,0,1
1394.021172726,0,0,1
1394.159900186,0,1,1
1394.159900282,0,1,0
1394.159901178,1,1,0
1394.298627676,1,0,0
1394.298628132,1,0,1
1394.298629790,0,0,1
1394.437325128,0,0,0
1394.437326198,0,1,0
1394.437327242,1,1,0
1394.576054626,1,0,0
1394.576054978,1,0,1
1394.576055794,0,0,1
1394.714751912,0,0,0
1394.714752146,0,1,0
1394.714753308,1,1,0
1394.853449698,1,0,0
1394.853450764,1,0,1
1394.853451856,0,0,1
1394.992147696,0,0,0
1394.992148158,0,1,0
1394.992149372,1,1,0
1395.130845646,1,0,0
1395.130846548,1,0,1
1395.130847984,0,0,1
1395.269543480,0,0,0
1395.269544168,0,1,0
1395.269545440,1,1,0
1395.408272644,1,1,1
1395.408272720,1,0,1
1395.408273986,0,0,1
1395.546969116,0,1,1
1395.546971202,0,1,0
1395.546971568,1,1,0
1395.685667668,1,0,0
1395.685669114,1,0,1
1395.685669990,0,0,1
1395.824366048,0,0,0
1395.824367190,0,1,0
1395.824367568,1,1,0
1395.963062898,1,1,1
1395.963063618,1,0,1
1395.963065180,0,0,1
1396.101762832,0,0,0
1396.101763200,0,1,0
1396.101763634,1,1,0
1396.240458690,1,0,0
1396.240459744,1,0,1
1396.240461182,0,0,1
1396.379157616,0,0,0
1396.379158212,0,1,0
1396.379159760,1,1,0
1396.517856528,1,1,1
1396.517856638,1,0,1
1396.517857310,0,0,1
1396.656553160,0,1,1
1396.656553462,0,1,0
1396.656554762,1,1,0
1396.795251650,1,0,0
1396.795252250,1,0,1
1396.795253312,0,0,1
1396.933949170,0,1,1
1396.933949244,0,1,0
1396.933950890,1,1,0
1397.072647158,1,1,1
1397.072647660,1,0,1
1397.072649376,0,0,1
1397.211374182,0,1,1
1397.211375028,0,1,0
1397.211376954,1,1,0
1397.350073878,1,1,1
1397.350074734,1,0,1
1397.350075504,0,0,1
1397.488803130,0,1,1
1397.488803814,0,1,0
1397.488803958,1,1,0
1397.627499680,1,0,0
1397.627499726,1,0,1
1397.627501568,0,0,1
1397.766198596,0,0,0
1397.766200022,1,0,0
1397.766200140,1,1,0
1397.904895692,1,0,0
1397.904896510,1,0,1
1397.904897570,0,0,1
1398.043593442,0,0,0
1398.043594212,0,1,0
1398.043595148,1,1,0
1398.182291764,1,0,0
1398.182293230,1,0,1
1398.182293698,0,0,1
1398.320989160,0,1,1
1398.320990226,0,1,0
1398.320991152,1,1,0
1398.459749076,1,1,1
1398.459749650,1,0,1
1398.459750700,0,0,1
1398.598445170,0,1,1
1398.598447010,0,1,0
1398.598448216,1,1,0
1398.737143922,1,1,1
1398.737144660,1,0,1
1398.737145764,0,0,1
1398.875842182,0,1,1
1398.875842792,0,1,0
1398.875844344,1,1,0
1399.014539670,1,0,0
1399.014540206,1,0,1
1399.014541828,0,0,1
1399.153237192,0,1,1
1399.153237576,0,1,0
1399.153239346,1,1,0
1399.291936488,1,1,1
1399.291936680,1,0,1
1399.291937954,0,0,1
1399.430634204,0,1,1
1399.430634422,0,1,0
1399.430635472,1,1,0
1399.569331692,1,0,0
1399.569333958,0,0,0
1399.569334272,0,0,1
1399.708030150,0,1,1
1399.708030206,0,1,0
1399.708031534,1,1,0
1399.846727118,1,1,1
1399.846727640,1,0,1
1399.846729146,0,0,1
1399.985426224,0,1,1
1399.985426926,0,1,0
1399.985427538,1,1,0
1400.124123840,1,1,1
1400.124125150,0,1,1
1400.124125650,0,0,1
1400.262821772,0,0,0
1400.262822172,0,1,0
1400.262823666,1,1,0
1400.401518684,1,1,1
1400.401519722,1,0,1
1400.401521214,0,0,1
1400.540216554,0,0,0
1400.540218182,0,1,0
1400.540218730,1,1,0
1400.678945672,1,0,0
1400.678946468,1,0,1
1400.678947278,0,0,1
1400.817644026,0,0,0
1400.817644192,0,1,0
1400.817645730,1,1,0
1400.956341618,1,0,0
1400.956342252,1,0,1
1400.956343342,0,0,1
1401.095040140,0,1,1
1401.095040186,0,1,0
1401.095040858,1,1,0
1401.233767690,1,0,0
1401.233768034,1,0,1
1401.233769406,0,0,1
1401.372466150,0,1,1
1401.372466906,0,1,0
1401.372467922,1,1,0
1401.511163818,1,1,1
1401.511164640,1,0,1
1401.511165468,0,0,1
1401.649861752,0,0,0
1401.649862160,0,1,0
1401.649863986,1,1,0
1401.788558664,1,1,1
1401.788560710,1,0,1
1401.788561534,0,0,1
1401.927287170,0,1,1
1401.927289534,0,1,0
1401.927290112,1,1,0
1402.066016384,1,1,1
1402.066016658,1,0,1
1402.066018600,0,0,1
1402.204714118,0,1,1
1402.204714316,0,1,0
1402.204716114,1,1,0
1402.343412228,1,1,1
1402.343412668,1,0,1
1402.343414662,0,0,1
1402.482110162,0,0,0
1402.482111190,0,1,0
1402.482112178,1,1,0
1402.620807678,1,0,0
1402.620808012,1,0,1
1402.620809726,0,0,1
1402.759536882,0,0,0
1402.759537138,0,1,0
1402.759538242,1,1,0
1402.898263796,1,1,1
1402.898265690,1,0,1
1402.898266854,0,0,1
1403.036963148,0,1,1
1403.036963730,0,1,0
1403.036965370,1,1,0
1403.175660640,1,1,1
1403.175661698,1,0,1
1403.175662854,0,0,1
1403.314389158,0,1,1
1403.314390450,0,1,0
1403.314391432,1,1,0
1403.453087362,1,1,1
1403.453087708,1,0,1
1403.453088916,0,0,1
1403.591816104,0,1,1
1403.591816232,0,1,0
1403.591817494,1,1,0
1403.730513656,1,0,0
1403.730514144,1,0,1
1403.730516044,0,0,1
1403.869211078,0,0,0
1403.869212178,0,1,0
1403.869213558,1,1,0
1404.007909728,1,0,0
1404.007909990,1,0,1
1404.007911046,0,0,1
1404.146606860,0,0,0
1404.146607188,0,1,0
1404.146609622,1,1,0
1404.285305676,1,0,0
1404.285306772,1,0,1
1404.285307110,0,0,1
1404.424003706,0,0,0
1404.424004196,0,1,0
1404.424005624,1,1,0
1404.562701554,1,1,1
1404.562702686,1,0,1
1404.562703172,0,0,1
1404.701398206,0,1,1
1404.701398424,0,1,0
1404.701400750,1,1,0
1404.840127338,1,1,1
1404.840127696,1,0,1
1404.840129236,0,0,1
1404.978827216,0,1,1
1404.978827332,0,1,0
1404.978827814,1,1,0
1405.117524120,1,1,1
1405.117524704,1,0,1
1405.117525300,0,0,1
1405.256221052,0,0,0
1405.256222164,0,1,0
1405.256222814,1,1,0
1405.394918966,1,1,1
1405.394919776,1,0,1
1405.394921424,0,0,1
1405.533617174,0,1,1
1405.533617836,0,1,0
1405.533618940,1,1,0
1405.672315724,1,0,0
1405.672316748,1,0,1
1405.672317426,0,0,1
1405.811044182,0,1,1
1405.811044682,0,1,0
1405.811045942,1,1,0
1405.949742468,1,1,1
1405.949742732,1,0,1
1405.949743490,0,0,1
1406.088438128,0,1,1
1406.088439400,0,1,0
1406.088441006,1,1,0
1406.227137680,1,0,0
1406.227138314,1,0,1
1406.227139616,0,0,1
1406.365835202,0,1,1
1406.365836246,0,1,0
1406.365837132,1,1,0
1406.504564094,1,1,1
1406.504564690,1,0,1
1406.504565678,0,0,1
1406.643262028,0,0,0
1406.643262210,0,1,0
1406.643263196,1,1,0
1406.781959940,1,1,1
1406.781960700,1,0,1
1406.781961742,0,0,1
1406.920657160,0,1,1
1406.920657810,0,1,0
1406.920659196,1,1,0
1407.059356646,1,0,0
1407.059356660,1,0,1
1407.059357806,0,0,1
1407.198084166,0,1,1
1407.198084594,0,1,0
1407.198085258,1,1,0
1407.336782442,1,1,1
1407.336782654,1,0,1
1407.336783808,0,0,1
1407.475480116,0,1,1
1407.475480374,0,1,0
1407.475481384,1,1,0
1407.614209224,1,1,1
1407.614209664,1,0,1
1407.614209870,0,0,1
1407.752906156,0,0,0
1407.752906186,0,1,0
1407.752908386,1,1,0
1407.891604068,1,1,1
1407.891604736,1,0,1
1407.891605994,0,0,1
1408.030302000,0,0,0
1408.030302194,0,1,0
1408.030303448,1,1,0
1408.169029850,1,1,1
1408.169030682,1,0,1
1408.169031996,0,0,1
1408.307759784,0,0,0
1408.307760204,0,1,0
1408.307760510,1,1,0
1408.446457634,1,1,1
1408.446457692,1,0,1
1408.446459060,0,0,1
1408.585155150,0,1,1
1408.585155564,0,1,0
1408.585156574,1,1,0
1408.723851700,1,0,0
1408.723853478,1,0,1
1408.723854122,0,0,1
1408.862552160,0,1,1
1408.862552348,0,1,0
1408.862552638,1,1,0
1409.001247710,1,0,0
1409.001248258,1,0,1
1409.001250184,0,0,1
1409.139977130,0,0,0
1409.139977168,0,1,0
1409.139978638,1,1,0
1409.278674656,1,0,0
1409.278675040,1,0,1
1409.278676248,0,0,1
1409.417372910,0,0,0
1409.417373114,0,1,0
1409.417374764,1,1,0
1409.556070726,1,0,0
1409.556070824,1,0,1
1409.556072310,0,0,1
1409.694768756,0,0,0
1409.694769186,0,1,0
1409.694770826,1,1,0
1409.833466674,1,0,0
1409.833467604,1,0,1
1409.833468374,0,0,1
1409.972195538,0,0,0
1409.972196890,1,0,0
1409.972197194,1,1,0
1410.110923870,1,0,0
1410.110924386,1,0,1
1410.110925438,0,0,1
1410.249621204,0,1,1
1410.249621256,0,1,0
1410.249623014,1,1,0
1410.388319690,1,0,0
1410.388321168,1,0,1
1410.388321500,0,0,1
1410.527017162,0,0,0
1410.527018150,0,1,0
1410.527019014,1,1,0
1410.665713700,1,0,0
1410.665714012,1,0,1
1410.665716624,0,0,1
1410.804443158,0,1,1
1410.804444882,0,1,0
1410.804445078,1,1,0
1410.943142708,1,0,0
1410.943143688,0,0,0
1410.943143794,0,0,1
1411.081838106,0,1,1
1411.081840664,0,1,0
1411.081841142,1,1,0
1411.220568576,1,1,1
1411.220568718,1,0,1
1411.220569752,0,0,1
1411.359266112,0,1,1
1411.359266446,0,1,0
1411.359267266,1,1,0
1411.497963664,1,0,0
1411.497964358,1,0,1
1411.497965750,0,0,1
1411.636661290,0,0,0
1411.636662186,0,1,0
1411.636663266,1,1,0
1411.775360138,1,1,1
1411.775360672,1,0,1
1411.775361876,0,0,1
1411.914058072,0,0,0
1411.914058194,0,1,0
1411.914059392,1,1,0
1412.052754682,1,0,0
1412.052756876,0,0,0
1412.052756920,0,0,1
1412.191452854,0,0,0
1412.191454202,0,1,0
1412.191455454,1,1,0
1412.330150690,1,0,0
1412.330150764,1,0,1
1412.330153002,0,0,1
1412.468879634,0,0,0
1412.468880148,0,1,0
1412.468881454,1,1,0
1412.607577548,1,1,1
1412.607577700,1,0,1
1412.607579064,0,0,1
1412.746275158,0,1,1
1412.746275418,0,1,0
1412.746277580,1,1,0
1412.885004328,1,1,1
1412.885004644,1,0,1
1412.885006064,0,0,1
1413.023733104,0,1,1
1413.023734262,0,1,0
1413.023734580,1,1,0
1413.162430654,1,0,0
1413.162431110,1,0,1
1413.162432190,0,0,1
1413.301159174,0,1,1
1413.301159294,0,1,0
1413.301160704,1,1,0
1413.439886892,1,1,1
1413.439887662,1,0,1
1413.439889190,0,0,1
1413.578584824,0,0,0
1413.578586182,0,1,0
1413.578586768,1,1,0
1413.717312736,1,1,1
1413.717313672,1,0,1
1413.717315316,0,0,1
1413.856012192,0,1,1
1413.856012606,0,1,0
1413.856013830,1,1,0
1413.994708518,1,1,1
1413.994709678,1,0,1
1413.994711378,0,0,1
1414.133439138,0,1,1
1414.133439388,0,1,0
1414.133439830,1,1,0
1414.272166298,1,1,1
1414.272166688,1,0,1
1414.272168440,0,0,1
1414.410863708,0,1,1
1414.410865232,0,1,0
1414.410865892,1,1,0
1414.549592634,1,0,0
1414.549593080,1,0,1
1414.549594502,0,0,1
1414.688321154,0,1,1
1414.688321950,0,1,0
1414.688323018,1,1,0
1414.827018642,1,0,0
1414.827018862,1,0,1
1414.827020566,0,0,1
1414.965747162,0,1,1
1414.965747794,0,1,0
1414.965749080,1,1,0
1415.104446644,1,1,1
1415.104446660,1,0,1
1415.104447628,0,0,1
1415.243143514,0,0,0
1415.243144110,0,1,0
1415.243145142,1,1,0
1415.381841658,1,0,0
1415.381842426,1,0,1
1415.381842690,0,0,1
1415.520539358,0,0,0
1415.520540118,0,1,0
1415.520541204,1,1,0
1415.659236668,1,0,0
1415.659237206,1,0,1
1415.659238752,0,0,1
1415.797936126,0,1,1
1415.797936142,0,1,0
1415.797937268,1,1,0
1415.936663614,1,0,0
1415.936664050,1,0,1
1415.936665814,0,0,1
1416.075361920,0,0,0
1416.075362134,0,1,0
1416.075363392,1,1,0
1416.214058684,1,0,0
1416.214058832,1,0,1
1416.214060878,0,0,1
1416.352758142,0,1,1
1416.352758764,0,1,0
1416.352759392,1,1,0
1416.491485692,1,0,0
1416.491486614,1,0,1
1416.491487940,0,0,1
1416.630183546,0,0,0
1416.630184026,0,1,0
1416.630185454,1,1,0
1416.768912702,1,0,0
1416.768913394,1,0,1
1416.768914002,0,0,1
1416.907609890,0,0,0
1416.907610096,0,1,0
1416.907611580,1,1,0
1417.046308176,1,1,1
1417.046308646,1,0,1
1417.046310064,0,0,1
1417.185006106,0,1,0
1417.185007578,1,1,0
1417.323734020,1,1,1
1417.323734656,1,0,1
1417.323736126,0,0,1
1417.462431888,0,0,0
1417.462432176,0,1,0
1417.462433642,1,1,0
1417.601129800,1,1,1
1417.601130664,1,0,1
1417.601132190,0,0,1
1417.739827670,0,0,0
1417.739828184,0,1,0
1417.739829766,1,1,0
1417.878526582,1,1,1
1417.878526672,1,0,1
1417.878528252,0,0,1
1418.017223514,0,0,0
1418.017225192,0,1,0
1418.017225766,1,1,0
1418.155920618,1,0,0
1418.155921426,1,0,1
1418.155923314,0,0,1
1418.294650138,0,1,1
1418.294650296,0,1,0
1418.294651828,1,1,0
1418.433348626,1,0,0
1418.433349206,1,0,1
1418.433350438,0,0,1
1418.572077146,0,1,1
1418.572078076,0,1,0
1418.572078892,1,1,0
1418.710775696,1,0,0
1418.710775988,1,0,1
1418.710776438,0,0,1
1418.849471856,0,0,0
1418.849472216,0,1,0
1418.849474016,1,1,0
1418.988200642,1,0,0
1418.988200706,1,0,1
1418.988202500,0,0,1
1419.126898638,0,0,0
1419.126899162,0,1,0
1419.126901076,1,1,0
1419.265597548,1,1,1
1419.265597648,1,0,1
1419.265598624,0,0,1
1419.404294108,0,1,1
1419.404294418,0,1,0
1419.404296076,1,1,0
1419.542991658,1,0,0
1419.542993330,1,0,1
1419.542994624,0,0,1
1419.681722114,0,1,1
1419.681722262,0,1,0
1419.681723140,1,1,0
1419.820419110,1,1,1
1419.820419664,1,0,1
1419.820420686,0,0,1
1419.959117186,0,1,1
1419.959118042,0,1,0
1419.959119264,1,1,0
1420.097814952,1,1,1
1420.097816612,1,0,1
1420.097816812,0,0,1
1420.236513130,0,1,1
1420.236513886,0,1,0
1420.236514264,1,1,0
1420.375210672,1,1,1
1420.375211682,1,0,1
1420.375212874,0,0,1
1420.513909140,0,1,1
1420.513909978,0,1,0
1420.513910388,1,1,0
1420.652607518,1,1,1
1420.652608626,1,0,1
1420.652608998,0,0,1
1420.791304146,0,1,1
1420.791304384,0,1,0
1420.791306450,1,1,0
1420.930033260,1,0,0
1420.930034296,1,0,1
1420.930034996,0,0,1
1421.068731092,0,1,1
1421.068732166,0,1,0
1421.068732448,1,1,0
1421.207459642,1,0,0
1421.207460078,1,0,1
1421.207461058,0,0,1
1421.346158008,0,0,0
1421.346158162,0,1,0
1421.346159636,1,1,0
1421.484854922,1,1,1
1421.484855588,1,0,1
1421.484857118,0,0,1
1421.623553106,0,1,1
1421.623553728,0,1,0
1421.623554696,1,1,0
1421.762250638,1,1,1
1421.762252656,1,0,1
1421.762253182,0,0,1
1421.900949570,0,0,0
1421.900950178,0,1,0
1421.900950694,1,1,0
1422.039646602,1,0,0
1422.039647482,1,0,1
1422.039648242,0,0,1
1422.178345122,0,1,1
1422.178346352,0,1,0
1422.178346820,1,1,0
1422.317073610,1,0,0
1422.317074762,1,0,1
1422.317075304,0,0,1
1422.455802130,0,1,0
1422.455803818,1,1,0
1422.594499680,1,0,0
1422.594500042,1,0,1
1422.594501364,0,0,1
1422.733197138,0,1,1
1422.733197912,0,1,0
1422.733198880,1,1,0
1422.871895562,1,0,0
1422.871896886,1,0,1
1422.871897488,0,0,1
1423.010592708,0,1,1
1423.010592756,0,1,0
1423.010595004,1,1,0
1423.149290604,1,1,1
1423.149292572,1,0,1
1423.149293488,0,0,1
1423.287989090,0,1,1
1423.287989536,0,1,0
1423.287991002,1,1,0
1423.426686386,1,1,1
1423.426687580,1,0,1
1423.426688614,0,0,1
1423.565385098,0,1,1
1423.565385256,0,1,0
1423.565387064,1,1,0
1423.704083166,1,1,1
1423.704083650,1,0,1
1423.704084612,0,0,1
1423.842782098,0,0,0
1423.842782108,0,1,0
1423.842783188,1,1,0
1423.981478594,1,0,0
1423.981478946,1,0,1
1423.981480734,0,0,1
1424.120177116,0,1,1
1424.120177504,0,1,0
1424.120178188,1,1,0
1424.258875790,1,1,1
1424.258876602,1,0,1
1424.258876798,0,0,1
1424.397571060,0,1,1
1424.397572722,0,1,0
1424.397574312,1,1,0
1424.536270610,1,0,0
1424.536271570,1,0,1
1424.536272858,0,0,1
1424.674968440,0,0,0
1424.674969130,0,1,0
1424.674970310,1,1,0
1424.813696352,1,1,1
1424.813696616,1,0,1
1424.813698918,0,0,1
1424.952425076,0,1,1
1424.952425282,0,1,0
1424.952427434,1,1,0
1425.091122626,1,0,0
1425.091124196,1,0,1
1425.091124982,0,0,1
1425.229851064,0,0,0
1425.229851082,0,1,0
1425.229853432,1,1,0
1425.368548974,1,1,1
1425.368549634,1,0,1
1425.368551042,0,0,1
1425.507247844,0,0,0
1425.507249090,0,1,0
1425.507249556,1,1,0
1425.646005756,1,1,1
1425.646006702,1,0,1
1425.646008102,0,0,1
1425.784704688,0,0,0
1425.784706098,0,1,0
1425.784706680,1,1,0
1425.923402538,1,1,1
1425.923403648,1,0,1
1425.923404164,0,0,1
1426.062100106,0,1,1
1426.062100406,0,1,0
1426.062101678,1,1,0
1426.200798592,1,0,0
1426.200799318,1,0,1
1426.200800226,0,0,1
1426.339556186,0,0,0
1426.339557112,0,1,0
1426.339558740,1,1,0
1426.478255602,1,0,0
1426.478257098,1,0,1
1426.478257350,0,0,1
1426.616953030,0,0,0
1426.616953058,0,1,0
1426.616954802,1,1,0
1426.755649608,1,0,0
1426.755650878,1,0,1
1426.755652346,0,0,1
1426.894348810,0,0,0
1426.894349066,0,1,0
1426.894350924,1,1,0
1427.033077658,1,1,1
1427.033078616,1,0,1
1427.033079408,0,0,1
1427.171775590,0,0,0
1427.171776136,0,1,0
1427.171776922,1,1,0
1427.310473440,1,1,1
1427.310474560,1,0,1
1427.310475532,0,0,1
1427.449171372,0,0,0
1427.449172020,0,1,0
1427.449172984,1,1,0
1427.587868570,1,0,0
1427.587869220,1,0,1
1427.587870530,0,0,1
1427.726567152,0,0,0
1427.726568090,0,1,0
1427.726569106,1,1,0
1427.865265576,1,0,0
1427.865266064,1,0,1
1427.865266654,0,0,1
1428.003993994,0,0,0
1428.003994032,0,1,0
1428.003995166,1,1,0
1428.142690844,1,1,1
1428.142692584,1,0,1
1428.142692714,0,0,1
1428.281389776,0,0,0
1428.281390040,0,1,0
1428.281391166,1,1,0
1428.420086528,1,0,0
1428.420087686,1,0,1
1428.420088712,0,0,1
1428.558785554,0,0,0
1428.558786048,0,1,0
1428.558787290,1,1,0
1428.697482536,1,0,0
1428.697484468,1,0,1
1428.697484900,0,0,1
1428.836211398,0,0,0
1428.836213056,0,1,0
1428.836213350,1,1,0
1428.974939184,1,1,1
1428.974940544,1,0,1
1428.974941898,0,0,1
1429.113637116,0,0,0
1429.113638064,0,1,0
1429.113639412,1,1,0
1429.252335964,1,1,1
1429.252336612,1,0,1
1429.252337958,0,0,1
1429.391064008,0,1,1
1429.391064958,0,1,0
1429.391066472,1,1,0
1429.529762246,1,0,0
1429.529762808,1,0,1
1429.529764018,0,0,1
1429.668491740,0,0,0
1429.668492078,0,1,0
1429.668492534,1,1,0
1429.807188564,1,0,0
1429.807188588,1,0,1
1429.807190080,0,0,1
1429.945887086,0,1,1
1429.945888518,0,1,0
1429.945888594,1,1,0
1430.084584572,1,0,0
1430.084585368,1,0,1
1430.084586204,0,0,1
1430.223281298,0,0,0
1430.223283030,0,1,0
1430.223283654,1,1,0
1430.361979518,1,0,0
1430.361981210,1,0,1
1430.361982264,0,0,1
1430.500678038,0,1,1
1430.500678142,0,1,0
1430.500679716,1,1,0
1430.639376588,1,0,0
1430.639376928,1,0,1
1430.639378200,0,0,1
1430.778073860,0,0,0
1430.778075044,0,1,0
1430.778075776,1,1,0
1430.916770770,1,1,1
1430.916772530,1,0,1
1430.916773322,0,0,1
1431.055469638,0,0,0
1431.055470052,0,1,0
1431.055471898,1,1,0
1431.194166552,1,1,1
1431.194168538,1,0,1
1431.194169384,0,0,1
1431.332896482,0,0,0
1431.332897058,0,1,0
1431.332897960,1,1,0
1431.471593546,1,0,0
1431.471594394,1,0,1
1431.471595508,0,0,1
1431.610292190,0,1,1
1431.610293198,0,1,0
1431.610293958,1,1,0
1431.749020552,1,0,0
1431.749021174,1,0,1
1431.749022566,0,0,1
1431.887718072,0,1,1
1431.887719104,0,1,0
1431.887720018,1,1,0
1432.026417558,1,0,0
1432.026417890,1,0,1
1432.026418626,0,0,1
1432.165145078,0,1,1
1432.165145822,0,1,0
1432.165146140,1,1,0
1432.303842566,1,0,0
1432.303843670,1,0,1
1432.303844688,0,0,1
1432.442540024,0,1,1
1432.442540602,0,1,0
1432.442542202,1,1,0
1432.581238512,1,1,1
1432.581239510,1,0,1
1432.581240748,0,0,1
1432.719968030,0,1,1
1432.719968382,0,1,0
1432.719969198,1,1,0
1432.858694292,1,1,1
1432.858695516,1,0,1
1432.858696808,0,0,1
1432.997424036,0,1,1
1432.997424162,0,1,0
1432.997425322,1,1,0
1433.136121072,1,1,1
1433.136122524,1,0,1
1433.136123868,0,0,1
1433.274819004,0,0,0
1433.274820044,0,1,0
1433.274821384,1,1,0
1433.413518530,1,0,0
1433.413518914,1,0,1
1433.413519928,0,0,1
1433.552214988,0,1,1
1433.552215724,0,1,0
1433.552217504,1,1,0
1433.690913538,1,0,0
1433.690913632,1,0,1
1433.690915050,0,0,1
1433.829611564,0,0,0
1433.829612996,0,1,0
1433.829613502,1,1,0
1433.968308544,1,0,0
1433.968310412,1,0,1
1433.968311048,0,0,1
1434.107007002,0,1,1
1434.107008342,0,1,0
1434.107009624,1,1,0
1434.245705254,1,1,1
1434.245705488,1,0,1
1434.245707110,0,0,1
1434.384403186,0,0,0
1434.384404010,0,1,0
1434.384404622,1,1,0
1434.523101034,1,1,1
1434.523101556,1,0,1
1434.523103232,0,0,1
1434.661799904,0,0,0
1434.661799952,0,1,0
1434.661800744,1,1,0
1434.800526814,1,1,1
1434.800527564,1,0,1
1434.800529228,0,0,1
1434.939255682,0,0,0
1434.939256958,0,1,0
1434.939257868,1,1,0
1435.077953508,1,0,0
1435.077953592,1,0,1
1435.077955352,0,0,1
1435.216651524,0,0,0
1435.216652966,0,1,0
1435.216653804,1,1,0
1435.355350374,1,1,1
1435.355350516,1,0,1
1435.355351412,0,0,1
1435.494046972,0,1,1
1435.494047304,0,1,0
1435.494048864,1,1,0
1435.632746214,1,1,1
1435.632746522,1,0,1
1435.632747472,0,0,1
1435.771443146,0,0,0
1435.771443978,0,1,0
1435.771444986,1,1,0
1435.910141464,1,0,0
1435.910141932,1,0,1
1435.910143534,0,0,1
1436.048838922,0,1,1
1436.048840926,0,1,0
1436.048841046,1,1,0
1436.187597472,1,0,0
1436.187598774,1,0,1
1436.187599530,0,0,1
1436.326296706,0,0,0
1436.326296992,0,1,0
1436.326298044,1,1,0
1436.465024540,1,0,0
1436.465025554,1,0,1
1436.465026652,0,0,1
1436.603722934,0,1,1
1436.603723484,0,1,0
1436.603724102,1,1,0
1436.742421334,1,1,1
1436.742422484,1,0,1
1436.742422714,0,0,1
1436.881118004,0,1,1
1436.881118264,0,1,0
1436.881120226,1,1,0
1437.019815112,1,1,1
1437.019817490,1,0,1
1437.019817772,0,0,1
1437.158513948,0,1,1
1437.158514044,0,1,0
1437.158516286,1,1,0
1437.297211892,1,1,1
1437.297212496,1,0,1
1437.297213832,0,0,1
1437.435909954,0,1,1
1437.435910824,0,1,0
1437.435912408,1,1,0
1437.574608442,1,0,0
1437.574608672,1,0,1
1437.574609892,0,0,1
1437.713335666,0,0,0
1437.713335960,0,1,0
1437.713338468,1,1,0
1437.852033510,1,0,0
1437.852035452,1,0,1
1437.852035952,0,0,1
1437.990763966,0,1,1
1437.990764444,0,1,0
1437.990764464,1,1,0
1438.129461642,1,0,0
1438.129462356,1,0,1
1438.129463074,0,0,1
1438.268159162,0,0,0
1438.268159972,0,1,0
1438.268160522,1,1,0
1438.406856460,1,0,0
1438.406857448,1,0,1
1438.406858070,0,0,1
1438.545554916,0,1,1
1438.545555004,0,1,0
1438.545556646,1,1,0
1438.684251852,1,1,1
1438.684253466,1,0,1
1438.684254192,0,0,1
1438.822979922,0,1,1
1438.822981720,0,1,0
1438.822982704,1,1,0
1438.961677472,1,0,0
1438.961678694,1,0,1
1438.961680250,0,0,1
1439.100376562,0,0,0
1439.100377992,0,1,0
1439.100378702,1,1,0
1439.239074410,1,1,1
1439.239075416,1,0,1
1439.239076248,0,0,1
1439.377803342,0,0,0
1439.377803998,0,1,0
1439.377804822,1,1,0
1439.516531422,1,0,0
1439.516532250,1,0,1
1439.516533368,0,0,1
1439.655228942,0,1,1
1439.655229120,0,1,0
1439.655230882,1,1,0
1439.793927490,1,0,0
1439.793929030,1,0,1
1439.793929428,0,0,1
1439.932624900,0,0,0
1439.932625886,0,1,0
1439.932626942,1,1,0
1440.071354434,1,0,0
1440.071354810,1,0,1
1440.071355488,0,0,1
1440.210050578,0,1,1
1440.210051742,0,1,0
1440.210053000,1,1,0
1440.348749652,1,1,1
1440.348750502,1,0,1
1440.348751546,0,0,1
1440.487446834,0,1,1
1440.487447520,0,1,0
1440.487449060,1,1,0
1440.626145430,1,1,1
1440.626145450,1,0,1
1440.626147604,0,0,1
1440.764843966,0,1,1
1440.764844362,0,1,0
1440.764845120,1,1,0
1440.903602452,1,0,0
1440.903603210,1,0,1
1440.903603664,0,0,1
1441.042300080,0,0,0
1441.042300908,0,1,0
1441.042302178,1,1,0
1441.180997396,1,0,0
1441.180998926,1,0,1
1441.180999786,0,0,1
1441.319696914,0,1,1
1441.319696922,0,1,0
1441.319698236,1,1,0
1441.458393400,1,0,0
1441.458393768,1,0,1
1441.458395782,0,0,1
1441.597122636,0,0,0
1441.597122858,0,1,0
1441.597124358,1,1,0
1441.735851408,1,0,0
1441.735851610,1,0,1
1441.735852902,0,0,1
1441.874640926,0,1,1
1441.874641416,0,1,0
1441.874642354,1,1,0
1442.013337326,1,1,1
1442.013339412,1,0,1
1442.013339964,0,0,1
1442.152036932,0,1,1
1442.152038258,0,1,0
1442.152038414,1,1,0
1442.290733356,1,0,0
1442.290734168,1,0,1
1442.290736020,0,0,1
1442.429461876,0,1,1
1442.429462974,0,1,0
1442.429464534,1,1,0
1442.568160424,1,0,0
1442.568161884,1,0,1
1442.568162082,0,0,1
1442.706857816,0,0,0
1442.706857880,0,1,0
1442.706860594,1,1,0
1442.845617368,1,0,0
1442.845617726,1,0,1
1442.845619138,0,0,1
1442.984314594,0,0,0
1442.984315886,0,1,0
1442.984316654,1,1,0
1443.123043374,1,0,0
1443.123043506,1,0,1
1443.123045136,0,0,1
1443.261741436,0,0,0
1443.261741892,0,1,0
1443.261743710,1,1,0
1443.400439284,1,1,1
1443.400440440,1,0,1
1443.400441256,0,0,1
1443.539138216,0,0,0
1443.539138898,0,1,0
1443.539139708,1,1,0
1443.677835384,1,0,0
1443.677836064,1,0,1
1443.677837314,0,0,1
1443.816532904,0,1,1
1443.816533870,0,1,0
1443.816534828,1,1,0
1443.955230452,1,0,0
1443.955230842,1,0,1
1443.955233374,0,0,1
1444.093929772,0,0,0
1444.093929848,0,1,0
1444.093930886,1,1,0
1444.232626396,1,0,0
1444.232628620,1,0,1
1444.232629432,0,0,1
1444.371324552,0,0,0
1444.371325914,0,1,0
1444.371326946,1,1,0
1444.510023338,1,0,0
1444.510023462,1,0,1
1444.510024430,0,0,1
1444.648750858,0,1,1
1444.648751330,0,1,0
1444.648753004,1,1,0
1444.787449242,1,1,1
1444.787450406,1,0,1
1444.787451612,0,0,1
1444.926146926,0,1,1
1444.926148110,0,1,0
1444.926149064,1,1,0
1445.064845020,1,1,1
1445.064845350,1,0,1
1445.064846672,0,0,1
1445.203543870,0,1,1
1445.203543950,0,1,0
1445.203545120,1,1,0
1445.342241418,1,0,0
1445.342241798,1,0,1
1445.342242730,0,0,1
1445.480939668,0,0,0
1445.480940814,0,1,0
1445.480941180,1,1,0
1445.619636578,1,1,1
1445.619637298,1,0,1
1445.619638788,0,0,1
1445.758334508,0,0,0
1445.758335818,0,1,0
1445.758336238,1,1,0
1445.897032418,1,1,1
1445.897032436,1,0,1
1445.897034784,0,0,1
1446.035730288,0,0,0
1446.035730824,0,1,0
1446.035732298,1,1,0
1446.174429310,1,0,0
1446.174430908,0,0,0
1446.174431134,0,0,1
1446.313125830,0,1,1
1446.313126128,0,1,0
1446.313128420,1,1,0
1446.451823978,1,1,1
1446.451824316,1,0,1
1446.451825904,0,0,1
1446.590521834,0,1,1
1446.590522844,0,1,0
1446.590524478,1,1,0
1446.729219754,1,1,1
1446.729220136,1,0,1
1446.729222022,0,0,1
1446.867919686,0,0,0
1446.867919840,0,1,0
1446.867920474,1,1,0
1447.006615532,1,1,1
1447.006616390,1,0,1
1447.006618020,0,0,1
1447.145345464,0,0,0
1447.145345846,0,1,0
1447.145346594,1,1,0
1447.284042332,1,0,0
1447.284042374,1,0,1
1447.284044078,0,0,1
1447.422741788,0,1,1
1447.422742368,0,1,0
1447.422742652,1,1,0
1447.561438338,1,0,0
1447.561439090,1,0,1
1447.561440198,0,0,1
1447.700166856,0,1,1
1447.700167020,0,1,0
1447.700168710,1,1,0
1447.838864280,1,0,0
1447.838864930,1,0,1
1447.838866258,0,0,1
1447.977561800,0,1,1
1447.977562800,0,1,0
1447.977564770,1,1,0
1448.116292286,1,0,0
1448.116292710,1,0,1
1448.116293378,0,0,1
1448.254988804,0,1,1
1448.254989578,0,1,0
1448.254990890,1,1,0
1448.393716490,1,1,1
1448.393718352,1,0,1
1448.393719372,0,0,1
1448.532415810,0,1,1
1448.532416420,0,1,0
1448.532416886,1,1,0
1448.671113268,1,1,1
1448.671114296,1,0,1
1448.671115494,0,0,1
1448.809811198,0,0,0
1448.809811814,0,1,0
1448.809812944,1,1,0
1448.948508300,1,0,0
1448.948510046,1,0,1
1448.948510488,0,0,1
1449.087206820,0,1,1
1449.087207976,0,1,0
1449.087209064,1,1,0
1449.225905244,1,0,0
1449.225905824,1,0,1
1449.225906608,0,0,1
1449.364633754,0,0,0
1449.364633762,0,1,0
1449.364635122,1,1,0
1449.503332664,1,1,1
1449.503333186,1,0,1
1449.503333666,0,0,1
1449.642029532,0,0,0
1449.642029768,0,1,0
1449.642031118,1,1,0
1449.780727316,1,0,0
1449.780727442,1,0,1
1449.780728664,0,0,1
1449.919425836,0,1,1
1449.919426374,0,1,0
1449.919427236,1,1,0
1450.058154220,1,1,1
1450.058154320,1,0,1
1450.058155720,0,0,1
1450.196881776,0,1,1
1450.196882150,0,1,0
1450.196884296,1,1,0
1450.335579262,1,0,0
1450.335580000,1,0,1
1450.335581778,0,0,1
1450.474277930,0,0,0
1450.474278720,0,1,0
1450.474279290,1,1,0
1450.612975838,1,1,1
1450.612976268,1,0,1
1450.612977898,0,0,1
1450.751703708,0,0,0
1450.751705788,0,1,0
1450.751706410,1,1,0
1450.890403274,1,0,0
1450.890403556,1,0,1
1450.890403956,0,0,1
1451.029099792,0,1,1
1451.029100486,0,1,0
1451.029101468,1,1,0
1451.167798396,1,1,1
1451.167799278,1,0,1
1451.167799952,0,0,1
1451.306495796,0,1,1
1451.306496264,0,1,0
1451.306497526,1,1,0
1451.445193284,1,0,0
1451.445195112,1,0,1
1451.445196070,0,0,1
1451.583891802,0,1,1
1451.583892104,0,1,0
1451.583893584,1,1,0
1451.722588952,1,1,1
1451.722589288,1,0,1
1451.722591130,0,0,1
1451.861287820,0,0,0
1451.861288744,0,1,0
1451.861289642,1,1,0
1451.999985292,1,0,0
1451.999985730,1,0,1
1451.999987188,0,0,1
1452.138713598,0,0,0
1452.138713686,0,1,0
1452.138715700,1,1,0
1452.277411508,1,1,1
1452.277412236,1,0,1
1452.277413244,0,0,1
1452.416109754,0,1,1
1452.416110502,0,1,0
1452.416111822,1,1,0
1452.554839240,1,0,0
1452.554839286,1,0,1
1452.554840302,0,0,1
1452.693535760,0,1,1
1452.693537218,0,1,0
1452.693537878,1,1,0
1452.832235128,1,1,1
1452.832235308,1,0,1
1452.832236422,0,0,1
1452.970931762,0,1,1
1452.970933058,0,1,0
1452.970933874,1,1,0
1453.109630250,1,0,0
1453.109630904,1,0,1
1453.109631418,0,0,1
1453.248327706,0,1,1
1453.248327772,0,1,0
1453.248329994,1,1,0
1453.387025254,1,0,0
1453.387025682,1,0,1
1453.387027476,0,0,1
1453.525723614,0,0,0
1453.525723648,0,1,0
1453.525726050,1,1,0
1453.664451460,1,1,1
1453.664452260,1,0,1
1453.664453594,0,0,1
1453.803210392,0,0,0
1453.803210652,0,1,0
1453.803213110,1,1,0
1453.941909202,1,0,0
1453.941909238,1,0,1
1453.941910592,0,0,1
1454.080607168,0,0,0
1454.080607658,0,1,0
1454.080609104,1,1,0
1454.219305016,1,1,1
1454.219305206,1,0,1
1454.219306712,0,0,1
1454.358002662,0,1,1
1454.358002946,0,1,0
1454.358004222,1,1,0
1454.496701044,1,1,1
1454.496701210,1,0,1
1454.496702706,0,0,1
1454.635429730,0,1,1
1454.635430788,0,1,0
1454.635431280,1,1,0
1454.774126214,1,0,0
1454.774127634,1,0,1
1454.774128764,0,0,1
1454.912825502,0,0,0
1454.912826672,0,1,0
1454.912827338,1,1,0
1455.051553156,1,0,0
1455.051553412,1,0,1
1455.051554884,0,0,1
1455.190251738,0,1,1
1455.190252280,0,1,0
1455.190253336,1,1,0
1455.328948974,1,0,0
1455.328949190,1,0,1
1455.328950942,0,0,1
1455.467677058,0,0,0
1455.467677680,0,1,0
1455.467679392,1,1,0
1455.606407030,1,1,1
1455.606407228,1,0,1
1455.606407998,0,0,1
1455.745134898,0,0,0
1455.745135684,0,1,0
1455.745136448,1,1,0
1455.883832808,1,1,1
1455.883833172,1,0,1
1455.883834058,0,0,1
1456.022530628,0,1,1
1456.022530738,0,1,0
1456.022532632,1,1,0
1456.161228522,1,1,1
1456.161229176,1,0,1
1456.161230178,0,0,1
1456.299927454,0,0,0
1456.299927694,0,1,0
1456.299928626,1,1,0
1456.438623180,1,0,0
1456.438624302,1,0,1
1456.438626172,0,0,1
1456.577322636,0,1,1
1456.577323232,0,1,0
1456.577323750,1,1,0
1456.716019186,1,0,0
1456.716021142,1,0,1
1456.716022230,0,0,1
1456.854718704,0,1,1
1456.854719008,0,1,0
1456.854719742,1,1,0
1456.993416920,1,1,1
1456.993417126,1,0,1
1456.993418288,0,0,1
1457.132143644,0,1,1
1457.132143786,0,1,0
1457.132145800,1,1,0
1457.270873070,1,0,0
1457.270873760,1,0,1
1457.270874408,0,0,1
1457.409571564,0,0,0
1457.409571650,0,1,0
1457.409572858,1,1,0
1457.548268474,1,1,1
1457.548269136,1,0,1
1457.548270466,0,0,1
1457.687028592,0,1,1
1457.687029406,0,1,0
1457.687029978,1,1,0
1457.825725314,1,1,1
1457.825727140,1,0,1
1457.825727522,0,0,1
1457.964422658,0,1,1
1457.964423244,0,1,0
1457.964425036,1,1,0
1458.103122146,1,0,0
1458.103122156,1,0,1
1458.103123518,0,0,1
1458.241880664,0,1,1
1458.241880960,0,1,0
1458.241882092,1,1,0
1458.380579088,1,0,0
1458.380579870,1,0,1
1458.380580576,0,0,1
1458.519276738,0,0,0
1458.519277606,0,1,0
1458.519278150,1,1,0
1458.657974154,1,0,0
1458.657975648,1,0,1
1458.657975698,0,0,1
1458.796671610,0,1,1
1458.796672580,0,1,0
1458.796674146,1,1,0
1458.935369488,1,1,1
1458.935371096,1,0,1
1458.935371692,0,0,1
1459.074066614,0,1,1
1459.074068356,0,1,0
1459.074069268,1,1,0
1459.212766162,1,0,0
1459.212767204,1,0,1
1459.212767812,0,0,1
1459.351463136,0,0,0
1459.351464558,0,1,0
1459.351465264,1,1,0
1459.490161980,1,1,1
1459.490163168,1,0,1
1459.490163870,0,0,1
1459.628859912,0,0,0
1459.628860626,0,1,0
1459.628861384,1,1,0
1459.767587822,1,1,1
1459.767588048,1,0,1
1459.767589928,0,0,1
1459.906285754,0,0,0
1459.906286628,0,1,0
1459.906287440,1,1,0
1460.045014600,1,1,1
1460.045015114,1,0,1
1460.045015986,0,0,1
1460.183713468,0,0,0
1460.183713570,0,1,0
1460.183714498,1,1,0
1460.322441182,1,0,0
1460.322441376,1,0,1
1460.322443106,0,0,1
1460.461168576,0,1,1
1460.461169308,0,1,0
1460.461170556,1,1,0
1460.599898122,1,0,0
1460.599898154,1,0,1
1460.599899100,0,0,1
1460.738595580,0,1,1
1460.738596022,0,1,0
1460.738597614,1,1,0
1460.877293872,1,1,1
1460.877294066,1,0,1
1460.877295160,0,0,1
1461.015992586,0,1,1
1461.015993734,1,1,1
1461.015993864,1,1,0
1461.154689772,1,1,1
1461.154690072,1,0,1
1461.154691216,0,0,1
1461.293386640,0,0,0
1461.293387526,0,1,0
1461.293388730,1,1,0
1461.432115076,1,0,0
1461.432115552,1,0,1
1461.432117274,0,0,1
1461.570814532,0,1,1
1461.570815420,0,1,0
1461.570815786,1,1,0
1461.709511142,1,0,0
1461.709511330,1,0,1
1461.709513394,0,0,1
1461.848208198,0,0,0
1461.848209536,0,1,0
1461.848210906,1,1,0
1461.986937106,1,1,1
1461.986938022,1,0,1
1461.986939454,0,0,1
1462.125635478,0,1,1
1462.125636036,0,1,0
1462.125637964,1,1,0
1462.264332884,1,1,1
1462.264334026,1,0,1
1462.264335448,0,0,1
1462.403032546,0,1,1
1462.403032814,0,1,0
1462.403033960,1,1,0
1462.541760724,1,1,1
1462.541761092,1,0,1
1462.541761568,0,0,1
1462.680458488,0,1,1
1462.680458592,0,1,0
1462.680460018,1,1,0
1462.819155098,1,0,0
1462.819156438,1,0,1
1462.819157626,0,0,1
1462.957854432,0,0,0
1462.957854554,0,1,0
1462.957856138,1,1,0
1463.096551278,1,1,1
1463.096552040,1,0,1
1463.096553684,0,0,1
1463.235249146,0,0,0
1463.235250558,0,1,0
1463.235251134,1,1,0
1463.373947056,1,1,1
1463.373948044,1,0,1
1463.373949742,0,0,1
1463.512645562,0,1,1
1463.512645986,0,1,0
1463.512647254,1,1,0
1463.651342896,1,1,1
1463.651345048,1,0,1
1463.651345736,0,0,1
1463.790041568,0,1,1
1463.790041764,0,1,0
1463.790043310,1,1,0
1463.928769674,1,1,1
1463.928770428,1,0,1
1463.928771856,0,0,1
1464.067497570,0,1,1
1464.067498542,0,1,0
1464.067500368,1,1,0
1464.206195452,1,1,1
1464.206195994,1,0,1
1464.206197916,0,0,1
1464.344924512,0,1,1
1464.344925318,0,1,0
1464.344926426,1,1,0
1464.483622228,1,1,1
1464.483622998,1,0,1
1464.483624036,0,0,1
1464.622320518,0,1,1
1464.622321098,0,1,0
1464.622322546,1,1,0
1464.761018944,1,1,1
1464.761019002,1,0,1
1464.761020030,0,0,1
1464.899716522,0,1,1
1464.899716874,0,1,0
1464.899718542,1,1,0
1465.038413006,1,0,0
1465.038414782,1,0,1
1465.038416086,0,0,1
1465.177112464,0,1,1
1465.177112712,0,1,0
1465.177113538,1,1,0
1465.315810624,1,1,1
1465.315810948,1,0,1
1465.315812144,0,0,1
1465.454507466,0,1,1
1465.454508430,0,1,0
1465.454509720,1,1,0
1465.593206338,1,1,1
1465.593207014,1,0,1
1465.593208264,0,0,1
1465.731903472,0,1,1
1465.731904206,0,1,0
1465.731905714,1,1,0
1465.870632958,1,0,0
1465.870633116,1,0,1
1465.870634322,0,0,1
1466.009360046,0,0,0
1466.009361474,0,1,0
1466.009362772,1,1,0
1466.148059894,1,1,1
1466.148060210,1,0,1
1466.148060380,0,0,1
1466.286756542,0,1,1
1466.286756824,0,1,0
1466.286758892,1,1,0
1466.425454964,1,0,0
1466.425455732,1,0,1
1466.425456376,0,0,1
1466.564152422,0,1,1
1466.564152662,0,1,0
1466.564153886,1,1,0
1466.702880510,1,1,1
1466.702881032,1,0,1
1466.702882494,0,0,1
1466.841579440,0,0,0
1466.841579488,0,1,0
1466.841580944,1,1,0
1466.980338288,1,1,1
1466.980338974,1,0,1
1466.980339490,0,0,1
1467.119036218,0,0,0
1467.119036492,0,1,0
1467.119038002,1,1,0
1467.257732976,1,0,0
1467.257735064,1,0,1
1467.257735608,0,0,1
1467.396430932,0,0,0
1467.396431434,0,1,0
1467.396433122,1,1,0
1467.535129840,1,1,1
1467.535129918,1,0,1
1467.535131604,0,0,1
1467.673858500,0,1,1
1467.673858710,0,1,0
1467.673860178,1,1,0
1467.812556618,1,1,1
1467.812556922,1,0,1
1467.812557662,0,0,1
1467.951253442,0,1,1
1467.951253550,0,1,0
1467.951255238,1,1,0
1468.089981926,1,0,0
1468.089982396,1,0,1
1468.089983844,0,0,1
1468.228680326,0,0,0
1468.228680570,0,1,0
1468.228682294,1,1,0
1468.367377930,1,0,0
1468.367378236,1,0,1
1468.367379840,0,0,1
1468.506077104,0,0,0
1468.506078386,0,1,0
1468.506078414,1,1,0
1468.644804872,1,0,0
1468.644805012,1,0,1
1468.644805896,0,0,1
1468.783502390,0,1,1
1468.783502942,0,1,0
1468.783504408,1,1,0
1468.922260874,1,0,0
1468.922261788,1,0,1
1468.922262954,0,0,1
1469.060989456,0,1,1
1469.060990720,0,1,0
1469.060991466,1,1,0
1469.199748942,1,0,0
1469.199749566,1,0,1
1469.199751072,0,0,1
1469.338476434,0,0,0
1469.338477334,0,1,0
1469.338478524,1,1,0
1469.477205406,1,1,1
1469.477205944,1,0,1
1469.477207130,0,0,1
1469.615933274,0,0,0
1469.615933338,0,1,0
1469.615935580,1,1,0
1469.754632184,1,1,1
1469.754632886,1,0,1
1469.754634186,0,0,1
1469.893361050,0,0,0
1469.893361342,0,1,0
1469.893362638,1,1,0
1470.032057960,1,1,1
1470.032058890,1,0,1
1470.032060246,0,0,1
1470.170755828,0,0,0
1470.170756408,0,1,0
1470.170757756,1,1,0
1470.309484144,1,0,0
1470.309485736,1,0,1
1470.309486238,0,0,1
1470.448182350,0,1,1
1470.448182666,0,1,0
1470.448184814,1,1,0
1470.586911898,1,0,0
1470.586912514,1,0,1
1470.586913296,0,0,1
1470.725609380,0,0,0
1470.725609416,0,1,0
1470.725610808,1,1,0
1470.864306290,1,1,1
1470.864306900,1,0,1
1470.864308416,0,0,1
1471.003005220,0,0,0
1471.003005358,0,1,0
1471.003006866,1,1,0
1471.141701066,1,1,1
1471.141702904,1,0,1
1471.141704410,0,0,1
1471.280401298,0,1,1
1471.280401934,0,1,0
1471.280402922,1,1,0
1471.419127844,1,1,1
1471.419127908,1,0,1
1471.419130468,0,0,1
1471.557827300,0,1,1
1471.557827774,0,1,0
1471.557828980,1,1,0
1471.696524682,1,1,1
1471.696524850,1,0,1
1471.696526586,0,0,1
1471.835253368,0,1,1
1471.835253550,0,1,0
1471.835255036,1,1,0
1471.973951398,1,1,1
1471.973953580,0,1,1
1471.973953852,0,0,1
1472.112649326,0,0,0
1472.112649370,0,1,0
1472.112651094,1,1,0
1472.251346856,1,0,0
1472.251347236,1,0,1
1472.251348638,0,0,1
1472.390045104,0,0,0
1472.390045310,0,1,0
1472.390047148,1,1,0
1472.528742360,1,0,0
1472.528744012,1,0,1
1472.528744756,0,0,1
1472.667441942,0,0,0
1472.667442252,0,1,0
1472.667443206,1,1,0
1472.806138788,1,1,1
1472.806138862,1,0,1
1472.806140752,0,0,1
1472.944867256,0,1,1
1472.944867718,0,1,0
1472.944869326,1,1,0
1473.083564804,1,0,0
1473.083565564,1,0,1
1473.083566808,0,0,1
1473.222263494,0,0,0
1473.222264322,0,1,0
1473.222265382,1,1,0
1473.360961406,1,1,1
1473.360961870,1,0,1
1473.360962928,0,0,1
1473.499658270,0,0,0
1473.499659262,0,1,0
1473.499660438,1,1,0
1473.638357180,1,1,1
1473.638357812,1,0,1
1473.638358982,0,0,1
1473.777053328,0,1,1
1473.777053984,0,1,0
1473.777056494,1,1,0
1473.915753812,1,0,0
1473.915753956,1,0,1
1473.915755040,0,0,1
1474.054450268,0,1,1
1474.054451824,0,1,0
1474.054452552,1,1,0
1474.193147816,1,0,0
1474.193149732,1,0,1
1474.193150096,0,0,1
1474.331847334,0,1,1
1474.331847660,0,1,0
1474.331848610,1,1,0
1474.470574820,1,0,0
1474.470576510,1,0,1
1474.470577152,0,0,1
1474.609272438,0,0,0
1474.609273274,0,1,0
1474.609274664,1,1,0
1474.747970284,1,1,1
1474.747970822,1,0,1
1474.747972270,0,0,1
1474.886669214,0,0,0
1474.886670214,0,1,0
1474.886670720,1,1,0
1475.025366062,1,1,1
1475.025366764,1,0,1
1475.025368264,0,0,1
1475.164064990,0,0,0
1475.164065280,0,1,0
1475.164066840,1,1,0
1475.302761838,1,1,1
1475.302764322,0,1,1
1475.302764766,0,0,1
1475.441490220,0,1,1
1475.441491766,0,1,0
1475.441492834,1,1,0
1475.580188708,1,0,0
1475.580189614,1,0,1
1475.580190440,0,0,1
1475.718887162,0,1,1
1475.718887542,0,1,0
1475.718888890,1,1,0
1475.857615772,1,0,0
1475.857616450,1,0,1
1475.857617496,0,0,1
1475.996313228,0,1,1
1475.996313570,0,1,0
1475.996314946,1,1,0
1476.135010712,1,0,0
1476.135011166,1,0,1
1476.135012490,0,0,1
1476.273710230,0,1,1
1476.273711004,1,1,1
1476.273711094,1,1,0
1476.412405716,1,0,0
1476.412407004,1,0,1
1476.412408610,0,0,1
1476.551135234,0,1,1
1476.551136870,0,1,0
1476.551137122,1,1,0
1476.689833780,1,0,0
1476.689834780,1,0,1
1476.689835664,0,0,1
1476.828529708,0,0,0
1476.828531422,0,1,0
1476.828533176,1,1,0
1476.967229556,1,1,1
1476.967229784,1,0,1
1476.967230720,0,0,1
1477.105927486,0,0,0
1477.105928238,0,1,0
1477.105929232,1,1,0
1477.244625332,1,1,1
1477.244625724,1,0,1
1477.244626778,0,0,1
1477.383322322,0,0,0
1477.383323242,0,1,0
1477.383324228,1,1,0
1477.522021108,1,1,1
1477.522021726,1,0,1
1477.522022832,0,0,1
1477.660718182,0,1,1
1477.660720036,0,1,0
1477.660720344,1,1,0
1477.799417258,1,1,1
1477.799417666,1,0,1
1477.799418890,0,0,1
1477.938114184,0,1,1
1477.938114874,0,1,0
1477.938116400,1,1,0
1478.076811670,1,0,0
1478.076812722,1,0,1
1478.076813944,0,0,1
1478.215541650,0,0,0
1478.215542188,0,1,0
1478.215542394,1,1,0
1478.354238736,1,0,0
1478.354240558,1,0,1
1478.354240998,0,0,1
1478.492936128,0,1,1
1478.492937424,0,1,0
1478.492938510,1,1,0
1478.631665334,1,1,1
1478.631665676,1,0,1
1478.631667056,0,0,1
1478.770394132,0,1,1
1478.770394200,0,1,0
1478.770395628,1,1,0
1478.909091678,1,0,0
1478.909092110,1,0,1
1478.909093110,0,0,1
1479.047789758,0,1,1
1479.047790040,0,1,0
1479.047791622,1,1,0
1479.186487680,1,0,0
1479.186487822,1,0,1
1479.186489166,0,0,1
1479.325185814,0,0,0
1479.325186136,0,1,0
1479.325187742,1,1,0
1479.463883660,1,1,1
1479.463883684,1,0,1
1479.463885222,0,0,1
1479.602611528,0,0,0
1479.602612076,0,1,0
1479.602613796,1,1,0
1479.741309622,1,0,0
1479.741310436,1,0,1
1479.741311276,0,0,1
1479.880038140,0,1,1
1479.880038366,0,1,0
1479.880039852,1,1,0
1480.018736212,1,1,1
1480.018736624,1,0,1
1480.018738396,0,0,1
1480.157434144,0,1,1
1480.157435140,0,1,0
1480.157435844,1,1,0
1480.296131628,1,0,0
1480.296131988,1,0,1
1480.296133388,0,0,1
1480.434830084,0,1,1
1480.434830916,0,1,0
1480.434831962,1,1,0
1480.573558630,1,0,0
1480.573558824,1,0,1
1480.573560442,0,0,1
1480.712255690,0,0,0
1480.712256148,0,1,0
1480.712257956,1,1,0
1480.850985538,1,1,1
1480.850986498,0,1,1
1480.850986570,0,0,1
1480.989681466,0,0,0
1480.989682088,0,1,0
1480.989684010,1,1,0
1481.128380374,1,1,1
1481.128381634,1,0,1
1481.128382618,0,0,1
1481.267078090,0,1,1
1481.267079242,0,1,0
1481.267080128,1,1,0
1481.405776150,1,1,1
1481.405776576,1,0,1
1481.405777608,0,0,1
1481.544474016,0,0,0
1481.544474092,0,1,0
1481.544476184,1,1,0
1481.683203578,1,0,0
1481.683203926,1,0,1
1481.683204666,0,0,1
1481.821901792,0,0,0
1481.821902032,0,1,0
1481.821902238,1,1,0
1481.960598580,1,0,0
1481.960598700,1,0,1
1481.960600782,0,0,1
1482.099326566,0,0,0
1482.099327034,0,1,0
1482.099328232,1,1,0
1482.238024476,1,1,1
1482.238025582,1,0,1
1482.238026838,0,0,1
1482.376722406,0,0,0
1482.376723038,0,1,0
1482.376724350,1,1,0
1482.515421188,1,1,1
1482.515421522,1,0,1
1482.515422832,0,0,1
1482.654150102,0,1,1
1482.654150178,0,1,0
1482.654151404,1,1,0
1482.792847586,1,0,0
1482.792848088,1,0,1
1482.792848948,0,0,1
1482.931543954,0,0,0
1482.931543980,0,1,0
1482.931546458,1,1,0
1483.070243526,1,0,0
1483.070243802,1,0,1
1483.070245004,0,0,1
1483.208970982,0,1,1
1483.208971480,0,1,0
1483.208973452,1,1,0
1483.347669404,1,0,0
1483.347669576,1,0,1
1483.347671058,0,0,1
1483.486366504,0,0,0
1483.486366984,0,1,0
1483.486368570,1,1,0
1483.625065414,1,1,1
1483.625065532,1,0,1
1483.625067114,0,0,1
1483.763793986,0,1,1
1483.763795280,0,1,0
1483.763795624,1,1,0
1483.902491534,1,0,0
1483.902492188,1,0,1
1483.902493168,0,0,1
1484.041190118,0,0,0
1484.041190988,0,1,0
1484.041191680,1,1,0
1484.179888472,1,0,0
1484.179889026,1,0,1
1484.179889224,0,0,1
1484.318584894,0,0,0
1484.318584990,0,1,0
1484.318586736,1,1,0
1484.457284538,1,0,0
1484.457284802,1,0,1
1484.457285280,0,0,1
1484.595980668,0,0,0
1484.595980992,0,1,0
1484.595982730,1,1,0
1484.734709514,1,1,1
1484.734710540,1,0,1
1484.734711334,0,0,1
1484.873406442,0,0,0
1484.873406994,0,1,0
1484.873408846,1,1,0
1485.012105542,1,0,0
1485.012106726,1,0,1
1485.012107390,0,0,1
1485.150802280,0,0,0
1485.150803934,0,1,0
1485.150804902,1,1,0
1485.289501064,1,1,1
1485.289501482,1,0,1
1485.289503446,0,0,1
1485.428229936,0,1,1
1485.428229992,0,1,0
1485.428230958,1,1,0
1485.566927420,1,0,0
1485.566927840,1,0,1
1485.566929500,0,0,1
1485.705657000,0,1,1
1485.705657830,0,1,0
1485.705658014,1,1,0
1485.844385422,1,0,0
1485.844385676,1,0,1
1485.844386556,0,0,1
1485.983113606,0,0,0
1485.983113940,0,1,0
1485.983115068,1,1,0
1486.121842488,1,0,0
1486.121843450,1,0,1
1486.121843674,0,0,1
1486.260539382,0,0,0
1486.260539942,0,1,0
1486.260541122,1,1,0
1486.399237226,1,1,1
1486.399237488,1,0,1
1486.399238666,0,0,1
1486.537934154,0,0,0
1486.537934882,0,1,0
1486.537937178,1,1,0
1486.676633428,1,0,0
1486.676634000,1,0,1
1486.676634722,0,0,1
1486.815329928,0,0,0
1486.815330946,0,1,0
1486.815332170,1,1,0
1486.954057774,1,1,1
1486.954058430,1,0,1
1486.954060776,0,0,1
1487.092787702,0,0,0
1487.092787946,0,1,0
1487.092789288,1,1,0
1487.231486432,1,0,0
1487.231486674,1,0,1
1487.231487832,0,0,1
1487.370184478,0,0,0
1487.370184886,0,1,0
1487.370185404,1,1,0
1487.508880386,1,1,1
1487.508882434,1,0,1
1487.508882884,0,0,1
1487.647580252,0,0,0
1487.647580826,0,1,0
1487.647581396,1,1,0
1487.786278222,1,1,1
1487.786278374,1,0,1
1487.786278942,0,0,1
1487.925005890,0,1,1
1487.925006090,0,1,0
1487.925007452,1,1,0
1488.063704438,1,0,0
1488.063704996,1,0,1
1488.063705996,0,0,1
1488.202431892,0,1,1
1488.202432864,0,1,0
1488.202433444,1,1,0
1488.341130376,1,0,0
1488.341130708,1,0,1
1488.341132050,0,0,1
1488.479826892,0,1,1
1488.479828700,0,1,0
1488.479829560,1,1,0
1488.618525546,1,1,1
1488.618526376,1,0,1
1488.618528104,0,0,1
1488.757224894,0,1,1
1488.757225350,0,1,0
1488.757225616,1,1,0
1488.895952320,1,1,1
1488.895952378,1,0,1
1488.895954220,0,0,1
1489.034649834,0,1,1
1489.034650186,0,1,0
1489.034651670,1,1,0
1489.173348094,1,1,1
1489.173348380,1,0,1
1489.173350214,0,0,1
1489.312045836,0,1,1
1489.312046960,0,1,0
1489.312047786,1,1,0
1489.450744382,1,0,0
1489.450744930,1,0,1
1489.450746206,0,0,1
1489.589441836,0,1,1
1489.589442734,0,1,0
1489.589443778,1,1,0
1489.728139642,1,1,1
1489.728141382,0,0,1
1489.866838838,0,1,1
1489.866839634,0,1,0
1489.866839832,1,1,0
1490.005536322,1,0,0
1490.005536416,1,0,1
1490.005537376,0,0,1
1490.144264902,0,1,1
1490.144265346,0,1,0
1490.144265888,1,1,0
1490.282961386,1,0,0
1490.282962254,1,0,1
1490.282963430,0,0,1
1490.421659778,0,1,1
1490.421660118,0,1,0
1490.421661942,1,1,0
1490.560388028,1,1,1
1490.560388386,1,0,1
1490.560390486,0,0,1
1490.699085780,0,1,1
1490.699086894,0,1,0
1490.699087996,1,1,0
1490.837783738,1,1,1
1490.837784326,1,0,1
1490.837785538,0,0,1
1490.976481668,0,0,0
1490.976482782,0,1,0
1490.976484050,1,1,0
1491.115179576,1,1,1
1491.115180390,1,0,1
1491.115181654,0,0,1
1491.253877784,0,1,1
1491.253878504,0,1,0
1491.253880104,1,1,0
1491.392606350,1,1,1
1491.392608330,1,0,1
1491.392608708,0,0,1
1491.531304784,0,1,1
1491.531305278,0,1,0
1491.531306158,1,1,0
1491.670001188,1,1,1
1491.670001330,1,0,1
1491.670003764,0,0,1
1491.808700784,0,1,1
1491.808701052,0,1,0
1491.808702274,1,1,0
1491.947396962,1,1,1
1491.947398144,1,0,1
1491.947399816,0,0,1
1492.086095950,0,0,0
1492.086097786,0,1,0
1492.086098328,1,1,0
1492.224793270,1,0,0
1492.224793734,1,0,1
1492.224795870,0,0,1
1492.363490602,0,0,0
1492.363491726,0,1,0
1492.363493382,1,1,0
1492.502190334,1,0,0
1492.502190508,1,0,1
1492.502191926,0,0,1
1492.640887436,0,0,0
1492.640887790,0,1,0
1492.640889436,1,1,0
1492.779585212,1,0,0
1492.779585346,1,0,1
1492.779586980,0,0,1
1492.918283728,0,1,1
1492.918284212,0,1,0
1492.918285492,1,1,0
1493.057012120,1,1,1
1493.057013212,1,0,1
1493.057014032,0,0,1
1493.195708728,0,1,1
1493.195710986,0,1,0
1493.195711544,1,1,0
1493.334408830,1,1,1
1493.334409276,1,0,1
1493.334410086,0,0,1
1493.473106730,0,1,1
1493.473106758,0,1,0
1493.473107598,1,1,0
1493.611803214,1,0,0
1493.611804666,1,0,1
1493.611805140,0,0,1
1493.750501732,0,1,1
1493.750502534,0,1,0
1493.750503714,1,1,0
1493.889200216,1,0,0
1493.889200442,1,0,1
1493.889201194,0,0,1
1494.027957482,0,1,1
1494.027958306,0,1,0
1494.027960642,1,1,0
1494.166657214,1,0,0
1494.166657216,1,0,1
1494.166658248,0,0,1
1494.305353142,0,0,0
1494.305353734,0,1,0
1494.305355820,1,1,0
1494.444081990,1,1,1
1494.444083218,1,0,1
1494.444084240,0,0,1
1494.582810672,0,1,1
1494.582810916,0,1,0
1494.582812814,1,1,0
1494.721509762,1,1,1
1494.721510156,1,0,1
1494.721511418,0,0,1
1494.860236692,0,0,0
1494.860237672,0,1,0
1494.860238866,1,1,0
1494.998965220,1,0,0
1494.998965536,1,0,1
1494.998967410,0,0,1
1495.137664674,0,1,1
1495.137665464,0,1,0
1495.137665920,1,1,0
1495.276393158,1,0,0
1495.276393372,1,0,1
1495.276394524,0,0,1
1495.415120676,0,1,1
1495.415121238,0,1,0
1495.415122972,1,1,0
1495.553818160,1,0,0
1495.553820146,1,0,1
1495.553820578,0,0,1
1495.692516614,0,1,1
1495.692517012,0,1,0
1495.692518026,1,1,0
1495.831214920,1,1,1
1495.831215160,1,0,1
1495.831216632,0,0,1
1495.969911848,0,0,0
1495.969912676,0,1,0
1495.969914142,1,1,0
1496.108610692,1,1,1
1496.108612098,1,0,1
1496.108612748,0,0,1
1496.247338558,0,0,0
1496.247338616,0,1,0
1496.247340194,1,1,0
1496.386036466,1,1,1
1496.386037162,1,0,1
1496.386038738,0,0,1
1496.524734394,0,0,0
1496.524735616,0,1,0
1496.524736186,1,1,0
1496.663432100,1,0,0
1496.663432240,1,0,1
1496.663434792,0,0,1
1496.802130170,0,0,0
1496.802131618,0,1,0
1496.802132302,1,1,0
1496.940828164,1,0,0
1496.940829076,1,0,1
1496.940829906,0,0,1
1497.079526616,0,1,1
1497.079526942,0,1,0
1497.079528356,1,1,0
1497.218224788,1,1,1
1497.218225102,1,0,1
1497.218225898,0,0,1
1497.356953556,0,1,1
1497.356953778,0,1,0
1497.356954346,1,1,0
1497.495681686,1,1,1
1497.495682102,1,0,1
1497.495682950,0,0,1
1497.634377620,0,1,1
1497.634378490,0,1,0
1497.634380460,1,1,0
1497.773107396,1,1,1
1497.773108102,1,0,1
1497.773109004,0,0,1
1497.911835262,0,0,0
1497.911835558,0,1,0
1497.911837514,1,1,0
1498.050534104,1,0,0
1498.050534170,1,0,1
1498.050536058,0,0,1
1498.189232036,0,0,0
1498.189232558,0,1,0
1498.189233568,1,1,0
1498.327990944,1,1,1
1498.327991042,1,0,1
1498.327992110,0,0,1
1498.466688558,0,1,1
1498.466688872,0,1,0
1498.466690622,1,1,0
1498.605386042,1,0,0
1498.605387718,1,0,1
1498.605388164,0,0,1
1498.744115646,0,0,0
1498.744116558,0,1,0
1498.744116674,1,1,0
1498.882812044,1,0,0
1498.882814492,1,0,1
1498.882815218,0,0,1
1499.021540418,0,0,0
1499.021540496,0,1,0
1499.021542726,1,1,0
1499.160239042,1,0,0
1499.160239264,1,0,1
1499.160241334,0,0,1
1499.298968506,0,0,0
1499.298968560,0,1,0
1499.298969780,1,1,0
1499.437666046,1,0,0
1499.437666100,1,0,1
1499.437667324,0,0,1
1499.576363498,0,1,1
1499.576365028,0,1,0
1499.576365832,1,1,0
1499.715061876,1,1,1
1499.715062044,1,0,1
1499.715063376,0,0,1
1499.853758738,0,0,0
1499.853759498,0,1,0
1499.853760886,1,1,0
1499.992487584,1,1,1
1499.992487984,1,0,1
1499.992489492,0,0,1
1500.131186500,0,1,1
1500.131186514,0,1,0
1500.131187940,1,1,0
1500.269883420,1,1,1
1500.269883984,1,0,1
1500.269885482,0,0,1
1500.408581348,0,0,0
1500.408581500,0,1,0
1500.408583054,1,1,0
1500.547280194,1,1,1
1500.547280984,1,0,1
1500.547281536,0,0,1
1500.685976500,0,1,1
1500.685977122,0,1,0
1500.685979044,1,1,0
1500.824705966,1,1,1
1500.824705986,1,0,1
1500.824707650,0,0,1
1500.963433500,0,1,1
1500.963435894,0,1,0
1500.963436098,1,1,0
1501.102131802,1,1,1
1501.102132920,1,0,1
1501.102133704,0,0,1
1501.240830438,0,1,1
1501.240830730,0,1,0
1501.240832214,1,1,0
1501.379588576,1,1,1
1501.379588922,1,0,1
1501.379590758,0,0,1
1501.518317440,0,0,0
1501.518317500,0,1,0
1501.518319268,1,1,0
1501.657015348,1,1,1
1501.657016922,1,0,1
1501.657017808,0,0,1
1501.795742214,0,0,0
1501.795743438,0,1,0
1501.795745258,1,1,0
1501.934441860,1,0,0
1501.934442120,1,0,1
1501.934443862,0,0,1
1502.073139438,0,1,1
1502.073140048,0,1,0
1502.073141372,1,1,0
1502.211837894,1,1,1
1502.211839854,0,1,1
1502.211839922,0,0,1
1502.350566376,0,1,1
1502.350566822,0,1,0
1502.350568426,1,1,0
1502.489263730,1,1,1
1502.489264922,1,0,1
1502.489265968,0,0,1
1502.627961938,0,1,1
1502.627962534,0,1,0
1502.627963478,1,1,0
1502.766659440,1,1,1
1502.766659922,1,0,1
1502.766662022,0,0,1
1502.905357868,0,0,0
1502.905358376,0,1,0
1502.905359532,1,1,0
1503.044086274,1,1,1
1503.044086862,1,0,1
1503.044088010,0,0,1
1503.182784140,0,0,0
1503.182784376,0,1,0
1503.182785584,1,1,0
1503.321513046,1,1,1
1503.321513860,1,0,1
1503.321514126,0,0,1
1503.460210912,0,0,0
1503.460211376,0,1,0
1503.460212636,1,1,0
1503.598938820,1,1,1
1503.598940860,1,0,1
1503.598941180,0,0,1
1503.737667686,0,0,0
1503.737669376,0,1,0
1503.737669690,1,1,0
1503.876365594,1,1,1
1503.876365860,1,0,1
1503.876367294,0,0,1
1504.015062522,0,0,0
1504.015063314,0,1,0
1504.015064682,1,1,0
1504.153760860,1,0,0
1504.153761304,1,0,1
1504.153763284,0,0,1
1504.292490314,0,1,1
1504.292491294,0,1,0
1504.292491858,1,1,0
1504.431219138,1,1,1
1504.431219862,1,0,1
1504.431220338,0,0,1
1504.569946066,0,0,0
1504.569946252,0,1,0
1504.569947786,1,1,0
1504.708644724,1,1,1
1504.708644860,1,0,1
1504.708646390,0,0,1
1504.847341314,0,1,1
1504.847341776,0,1,0
1504.847343962,1,1,0
1504.986040798,1,0,0
1504.986041746,1,0,1
1504.986042508,0,0,1
1505.124737612,0,0,0
1505.124739314,0,1,0
1505.124739954,1,1,0
1505.263436798,1,0,0
1505.263437520,1,0,1
1505.263437560,0,0,1
1505.402134314,0,1,1
1505.402134386,0,1,0
1505.402136008,1,1,0
1505.540832292,1,1,1
1505.540833550,0,1,1
1505.540833798,0,0,1
1505.679530220,0,0,0
1505.679530252,0,1,0
1505.679532062,1,1,0
1505.818228066,1,1,1
1505.818228798,1,0,1
1505.818229664,0,0,1
1505.956924930,0,0,0
1505.956925314,0,1,0
1505.956927176,1,1,0
1506.095623736,1,0,0
1506.095623838,1,0,1
1506.095625656,0,0,1
1506.234321252,0,1,1
1506.234321766,0,1,0
1506.234323226,1,1,0
1506.373018798,1,0,0
1506.373020610,1,0,1
1506.373021772,0,0,1
1506.511717538,0,0,0
1506.511718314,0,1,0
1506.511719218,1,1,0
1506.650445798,1,0,0
1506.650447444,1,0,1
1506.650447822,0,0,1
1506.789144252,0,1,1
1506.789145312,0,1,0
1506.789145332,1,1,0
1506.927842218,1,1,1
1506.927842734,1,0,1
1506.927843814,0,0,1
1507.066539084,0,0,0
1507.066540190,0,1,0
1507.066541386,1,1,0
1507.205237672,1,0,0
1507.205237990,1,0,1
1507.205238928,0,0,1
1507.343935856,0,0,0
1507.343937250,0,1,0
1507.343937376,1,1,0
1507.482664736,1,0,0
1507.482664764,1,0,1
1507.482665982,0,0,1
1507.621361690,0,0,0
1507.621362188,0,1,0
1507.621363492,1,1,0
1507.760059536,1,1,1
1507.760059796,1,0,1
1507.760061972,0,0,1
1507.898757188,0,1,1
1507.898757462,0,1,0
1507.898759544,1,1,0
1508.037485672,1,0,0
1508.037487308,1,0,1
1508.037488150,0,0,1
1508.176184188,0,1,1
1508.176184236,0,1,0
1508.176185596,1,1,0
1508.314882672,1,0,0
1508.314883582,1,0,1
1508.314884140,0,0,1
1508.453580126,0,1,1
1508.453581008,0,1,0
1508.453581712,1,1,0
1508.592277672,1,0,0
1508.592277916,1,0,1
1508.592279192,0,0,1
1508.731005780,0,0,0
1508.731006126,0,1,0
1508.731007704,1,1,0
1508.869704688,1,1,1
1508.869705670,1,0,1
1508.869706308,0,0,1
1509.008433554,0,0,0
1509.008434124,0,1,0
1509.008434816,1,1,0
1509.147160608,1,0,0
1509.147161462,1,0,1
1509.147163298,0,0,1
1509.285858326,0,0,0
1509.285860186,0,1,0
1509.285860806,1,1,0
1509.424556232,1,1,1
1509.424556606,1,0,1
1509.424558350,0,0,1
1509.563285124,0,1,1
1509.563285160,0,1,0
1509.563286860,1,1,0
1509.701982668,1,0,0
1509.701984006,1,0,1
1509.701985402,0,0,1
1509.840680932,0,0,0
1509.840681124,0,1,0
1509.840682976,1,1,0
1509.979377588,1,1,1
1509.979378668,1,0,1
1509.979380456,0,0,1
1510.118107184,0,1,1
1510.118107706,0,1,0
1510.118109028,1,1,0
1510.256805606,1,0,0
1510.256805612,1,0,1
1510.256807570,0,0,1
1510.395503540,0,0,0
1510.395504120,0,1,0
1510.395505018,1,1,0
1510.534201384,1,1,1
1510.534201668,1,0,1
1510.534202620,0,0,1
1510.672899120,0,1,1
1510.672899250,0,1,0
1510.672901132,1,1,0
1510.811597604,1,0,0
1510.811598156,1,0,1
1510.811598612,0,0,1
1510.950325020,0,0,0
1510.950326182,0,1,0
1510.950327184,1,1,0
1511.089022930,1,1,1
1511.089023542,1,0,1
1511.089025728,0,0,1
1511.227721182,0,1,1
1511.227722856,0,1,0
1511.227723176,1,1,0
1511.366418602,1,0,0
1511.366418764,1,0,1
1511.366420780,0,0,1
1511.505116566,0,0,0
1511.505117120,0,1,0
1511.505119288,1,1,0
1511.643845536,1,1,1
1511.643845602,1,0,1
1511.643847832,0,0,1
1511.782543400,0,0,0
1511.782544056,0,1,0
1511.782545342,1,1,0
1511.921241246,1,1,1
1511.921241602,1,0,1
1511.921242886,0,0,1
1512.059940056,0,1,1
1512.059940174,0,1,0
1512.059941332,1,1,0
1512.198637080,1,1,1
1512.198638540,1,0,1
1512.198638938,0,0,1
1512.337334946,0,0,0
1512.337336056,0,1,0
1512.337337448,1,1,0
1512.476032790,1,1,1
1512.476033538,1,0,1
1512.476035052,0,0,1
1512.614730782,0,0,0
1512.614730992,0,1,0
1512.614732500,1,1,0
1512.753428624,1,1,1
1512.753429538,1,0,1
1512.753431040,0,0,1
1512.892127490,0,0,0
1512.892128054,0,1,0
1512.892128550,1,1,0
1513.030825396,1,1,1
1513.030825536,1,0,1
1513.030827094,0,0,1
1513.169553326,0,0,0
1513.169553990,0,1,0
1513.169554604,1,1,0
1513.308251168,1,1,1
1513.308251474,1,0,1
1513.308253208,0,0,1
1513.446948864,0,1,1
1513.446949096,0,1,0
1513.446950656,1,1,0
1513.585647004,1,1,1
1513.585648474,1,0,1
1513.585649198,0,0,1
1513.724375932,0,0,0
1513.724375990,0,1,0
1513.724377708,1,1,0
1513.863073712,1,1,1
1513.863075250,0,1,1
1513.863075534,0,0,1
1514.001770988,0,1,1
1514.001771640,0,1,0
1514.001772760,1,1,0
1514.140499534,1,0,0
1514.140500548,1,0,1
1514.140501302,0,0,1
1514.279197412,0,0,0
1514.279197924,0,1,0
1514.279199874,1,1,0
1514.417895470,1,0,0
1514.417896318,1,0,1
1514.417897416,0,0,1
1514.556592924,0,1,1
1514.556593246,0,1,0
1514.556594864,1,1,0
1514.695291092,1,1,1
1514.695292468,1,0,1
1514.695293406,0,0,1
1514.833988924,0,1,1
1514.833989956,0,1,0
1514.833990978,1,1,0
1514.972687468,1,0,0
1514.972687926,1,0,1
1514.972689520,0,0,1
1515.111385790,0,0,0
1515.111385986,0,1,0
1515.111386968,1,1,0
1515.250112404,1,0,0
1515.250114698,1,0,1
1515.250115572,0,0,1
1515.388811688,0,0,0
1515.388811922,0,1,0
1515.388813082,1,1,0
1515.527509404,1,0,0
1515.527509470,1,0,1
1515.527511626,0,0,1
1515.666206336,0,0,0
1515.666207858,0,1,0
1515.666209134,1,1,0
1515.804905242,1,1,1
1515.804906404,1,0,1
1515.804907678,0,0,1
1515.943633108,0,0,0
1515.943634920,0,1,0
1515.943635188,1,1,0
1516.082331404,1,0,0
1516.082332014,1,0,1
1516.082333730,0,0,1
1516.221029856,0,1,1
1516.221029942,0,1,0
1516.221031302,1,1,0
1516.359727786,1,1,1
1516.359728402,1,0,1
1516.359729780,0,0,1
1516.498425794,0,1,1
1516.498426652,0,1,0
1516.498427290,1,1,0
1516.637124402,1,0,0
1516.637124560,1,0,1
1516.637124894,0,0,1
1516.775821486,0,0,0
1516.775821856,0,1,0
1516.775823342,1,1,0
1516.914550338,1,0,0
1516.914551330,1,0,1
1516.914551948,0,0,1
1517.053247854,0,1,1
1517.053248258,0,1,0
1517.053249456,1,1,0
1517.192005914,1,1,1
1517.192007338,1,0,1
1517.192009000,0,0,1
1517.330704852,0,1,1
1517.330705094,0,1,0
1517.330706446,1,1,0
1517.469432938,1,1,1
1517.469433336,1,0,1
1517.469434988,0,0,1
1517.608130802,0,0,0
1517.608131852,0,1,0
1517.608132562,1,1,0
1517.746828708,1,1,1
1517.746830334,1,0,1
1517.746831040,0,0,1
1517.885526850,0,1,1
1517.885527636,0,1,0
1517.885528550,1,1,0
1518.024224396,1,0,0
1518.024224482,1,0,1
1518.024226154,0,0,1
1518.162951850,0,1,1
1518.162953408,0,1,0
1518.162954602,1,1,0
1518.301651316,1,1,1
1518.301652334,1,0,1
1518.301653144,0,0,1
1518.440348788,0,1,1
1518.440349180,0,1,0
1518.440350718,1,1,0
1518.579046332,1,0,0
1518.579047088,1,0,1
1518.579048196,0,0,1
1518.717744952,0,0,0
1518.717745786,0,1,0
1518.717746768,1,1,0
1518.856441332,1,0,0
1518.856441860,1,0,1
1518.856444310,0,0,1
1518.995141162,0,0,0
1518.995141784,0,1,0
1518.995142820,1,1,0
1519.133838268,1,0,0
1519.133839632,1,0,1
1519.133840362,0,0,1
1519.272596496,0,0,0
1519.272596722,0,1,0
1519.272598810,1,1,0
1519.411295466,1,1,1
1519.411296266,1,0,1
1519.411297352,0,0,1
1519.549992330,0,0,0
1519.549993782,0,1,0
1519.549994924,1,1,0
1519.688721176,1,1,1
1519.688722266,1,0,1
1519.688723402,0,0,1
1519.827419782,0,1,1
1519.827420104,0,1,0
1519.827421974,1,1,0
1519.966118072,1,1,1
1519.966118202,1,0,1
1519.966119580,0,0,1
1520.104814874,0,0,0
1520.104815718,0,1,0
1520.104816964,1,1,0
1520.243574782,1,1,1
1520.243575264,1,0,1
1520.243576568,0,0,1
1520.382272646,0,0,0
1520.382272716,0,1,0
1520.382274014,1,1,0
1520.520970554,1,1,1
1520.520971262,1,0,1
1520.520972620,0,0,1
1520.659668482,0,0,0
1520.659668716,0,1,0
1520.659670130,1,1,0
1520.798365198,1,0,0
1520.798365888,1,0,1
1520.798367610,0,0,1
1520.937093652,0,1,1
1520.937095190,0,1,0
1520.937096182,1,1,0
1521.075793260,1,0,0
1521.075794160,1,0,1
1521.075794724,0,0,1
1521.214551026,0,0,0
1521.214551714,0,1,0
1521.214553234,1,1,0
1521.353249260,1,0,0
1521.353249932,1,0,1
1521.353250714,0,0,1
1521.491946648,0,1,1
1521.491946798,0,1,0
1521.491949222,1,1,0
1521.630644642,1,1,1
1521.630645194,1,0,1
1521.630646828,0,0,1
1521.769403648,0,1,1
1521.769405570,0,1,0
1521.769406336,1,1,0
1521.908102194,1,0,0
1521.908102476,1,0,1
1521.908103878,0,0,1
1522.046799402,0,0,0
1522.046800710,0,1,0
1522.046801388,1,1,0
1522.185528248,1,1,1
1522.185529130,1,0,1
1522.185529930,0,0,1
1522.324227174,0,0,0
1522.324227646,0,1,0
1522.324228440,1,1,0
1522.462923080,1,1,1
1522.462924130,1,0,1
1522.462925982,0,0,1
1522.601622582,0,1,1
1522.601623196,0,1,0
1522.601624492,1,1,0
1522.740320854,1,1,1
1522.740321128,1,0,1
1522.740322094,0,0,1
1522.879018644,0,1,1
1522.879018718,0,1,0
1522.879019606,1,1,0
1523.017716624,1,1,1
1523.017717188,1,0,1
1523.017718086,0,0,1
1523.156412580,0,1,1
1523.156414490,0,1,0
1523.156415594,1,1,0
1523.295113126,1,0,0
1523.295113396,1,0,1
1523.295114198,0,0,1
1523.433810324,0,0,0
1523.433810578,0,1,0
1523.433811646,1,1,0
1523.572507124,1,0,0
1523.572508166,1,0,1
1523.572509186,0,0,1
1523.711206640,0,1,1
1523.711207032,0,1,0
1523.711207758,1,1,0
1523.849903122,1,0,0
1523.849903940,1,0,1
1523.849905302,0,0,1
1523.988663574,0,1,1
1523.988663866,0,1,0
1523.988664810,1,1,0
1524.127360710,1,1,1
1524.127361122,1,0,1
1524.127362290,0,0,1
1524.266058700,0,0,0
1524.266059800,1,0,0
1524.266059886,1,1,0
1524.404755544,1,1,1
1524.404757058,1,0,1
1524.404758404,0,0,1
1524.543485408,0,0,0
1524.543485572,0,1,0
1524.543486852,1,1,0
1524.682183118,1,0,0
1524.682184316,1,0,1
1524.682184394,0,0,1
1524.820910180,0,0,0
1524.820910572,0,1,0
1524.820912902,1,1,0
1524.959640118,1,0,0
1524.959641088,1,0,1
1524.959641506,0,0,1
1525.098336508,0,1,1
1525.098336952,0,1,0
1525.098339018,1,1,0
1525.237035860,1,1,1
1525.237036054,1,0,1
1525.237037496,0,0,1
1525.375733568,0,1,1
1525.375733786,0,1,0
1525.375735004,1,1,0
1525.514430692,1,1,1
1525.514431052,1,0,1
1525.514432610,0,0,1
1525.653159568,0,1,1
1525.653160558,0,1,0
1525.653161056,1,1,0
1525.791887050,1,0,0
1525.791888400,1,0,1
1525.791889662,0,0,1
1525.930586566,0,1,1
1525.930587328,0,1,0
1525.930588170,1,1,0
1526.069315236,1,1,1
1526.069315986,1,0,1
1526.069316712,0,0,1
1526.208042100,0,0,0
1526.208043502,0,1,0
1526.208044220,1,1,0
1526.346741006,1,1,1
1526.346742048,1,0,1
1526.346742762,0,0,1
1526.485468870,0,0,0
1526.485470500,0,1,0
1526.485471272,1,1,0
1526.624166982,1,0,0
1526.624167780,1,0,1
1526.624168812,0,0,1
1526.762895768,0,0,0
1526.762897322,1,0,0
1526.762897436,1,1,0
1526.901593548,1,1,1
1526.901593982,1,0,1
1526.901594864,0,0,1
1527.040291434,0,1,1
1527.040291476,0,1,0
1527.040293374,1,1,0
1527.179049980,1,0,0
1527.179050320,1,0,1
1527.179051916,0,0,1
1527.317778434,0,1,1
1527.317779248,0,1,0
1527.317780488,1,1,0
1527.456476916,1,0,0
1527.456478092,1,0,1
1527.456478966,0,0,1
1527.595205018,0,0,0
1527.595205432,0,1,0
1527.595206474,1,1,0
1527.733902914,1,0,0
1527.733903924,1,0,1
1527.733905016,0,0,1
1527.872600790,0,0,0
1527.872601494,0,1,0
1527.872602526,1,1,0
1528.011299508,1,1,1
1528.011299976,1,0,1
1528.011301132,0,0,1
1528.149996560,0,0,0
1528.149998492,0,1,0
1528.149998642,1,1,0
1528.288724912,1,0,0
1528.288726466,1,0,1
1528.288727120,0,0,1
1528.427423332,0,0,0
1528.427423428,0,1,0
1528.427424692,1,1,0
1528.566151238,1,1,1
1528.566151912,1,0,1
1528.566153170,0,0,1
1528.704848364,0,1,1
1528.704851104,0,1,0
1528.704851680,1,1,0
1528.843547910,1,0,0
1528.843548072,1,0,1
1528.843549284,0,0,1
1528.982243998,0,0,0
1528.982244424,0,1,0
1528.982246792,1,1,0
1529.120973782,1,1,1
1529.120973846,1,0,1
1529.120975334,0,0,1
1529.259671706,0,0,0
1529.259672422,0,1,0
1529.259673842,1,1,0
1529.398399906,1,0,0
1529.398400614,1,0,1
1529.398402386,0,0,1
1529.537098358,0,1,1
1529.537098478,0,1,0
1529.537099894,1,1,0
1529.675795842,1,0,0
1529.675796384,1,0,1
1529.675797374,0,0,1
1529.814494312,0,0,0
1529.814495358,0,1,0
1529.814495944,1,1,0
1529.953191902,1,0,0
1529.953192156,1,0,1
1529.953193424,0,0,1
1530.091890020,0,0,0
1530.091891356,0,1,0
1530.091891996,1,1,0
1530.230586926,1,1,1
1530.230588776,1,0,1
1530.230589538,0,0,1
1530.369284854,0,0,0
1530.369285292,0,1,0
1530.369287046,1,1,0
1530.507982696,1,1,1
1530.507983838,1,0,1
1530.507985650,0,0,1
1530.646680624,0,0,0
1530.646680852,0,1,0
1530.646683034,1,1,0
1530.785380530,1,1,1
1530.785380772,1,0,1
1530.785381638,0,0,1
1530.924077288,0,1,1
1530.924077396,0,1,0
1530.924079148,1,1,0
1531.062773834,1,0,0
1531.062775300,1,0,1
1531.062776754,0,0,1
1531.201473288,0,1,1
1531.201474164,0,1,0
1531.201475200,1,1,0
1531.340201770,1,0,0
1531.340202072,1,0,1
1531.340203804,0,0,1
1531.478900998,0,0,0
1531.478901248,1,0,0
1531.478901286,1,1,0
1531.617627768,1,0,0
1531.617627842,1,0,1
1531.617629854,0,0,1
1531.756357282,0,1,1
1531.756357708,0,1,0
1531.756358302,1,1,0
1531.895053828,1,0,0
1531.895054614,1,0,1
1531.895055842,0,0,1
1532.033782280,0,1,1
1532.033783540,0,1,0
1532.033784414,1,1,0
1532.172480384,1,1,1
1532.172481764,1,0,1
1532.172482892,0,0,1
1532.311178216,0,1,1
1532.311178310,0,1,0
1532.311180402,1,1,0
1532.449908218,1,1,1
1532.449908760,1,0,1
1532.449908944,0,0,1
1532.588635144,0,0,0
1532.588636214,0,1,0
1532.588637516,1,1,0
1532.727332822,1,0,0
1532.727332988,1,0,1
1532.727335056,0,0,1
1532.866031852,0,0,0
1532.866032650,0,1,0
1532.866033504,1,1,0
1533.004728758,1,1,1
1533.004728820,1,0,1
1533.004731044,0,0,1
1533.143426686,0,0,0
1533.143427212,0,1,0
1533.143428616,1,1,0
1533.282124694,1,0,0
1533.282125528,1,0,1
1533.282127094,0,0,1
1533.420823392,0,0,0
1533.420824208,0,1,0
1533.420824604,1,1,0
1533.559520754,1,0,0
1533.559521300,1,0,1
1533.559522208,0,0,1
1533.698219206,0,1,1
1533.698219226,0,1,0
1533.698220718,1,1,0
1533.836948070,1,1,1
1533.836948690,1,0,1
1533.836949196,0,0,1
1533.975644142,0,1,1
1533.975644998,0,1,0
1533.975646768,1,1,0
1534.114373840,1,1,1
1534.114374688,1,0,1
1534.114375246,0,0,1
1534.253069766,0,0,0
1534.253070202,0,1,0
1534.253072818,1,1,0
1534.391769624,1,0,0
1534.391770674,1,0,1
1534.391771360,0,0,1
1534.530467138,0,1,1
1534.530468538,0,1,0
1534.530468806,1,1,0
1534.669164444,1,1,1
1534.669165746,1,0,1
1534.669167412,0,0,1
1534.807862074,0,1,1
1534.807863308,0,1,0
1534.807864918,1,1,0
1534.946621214,1,1,1
1534.946621556,1,0,1
1534.946623398,0,0,1
1535.085320140,0,0,0
1535.085320196,0,1,0
1535.085321970,1,1,0
1535.224017616,1,0,0
1535.224017984,1,0,1
1535.224019448,0,0,1
1535.362716070,0,1,1
1535.362716974,0,1,0
1535.362718020,1,1,0
1535.501475614,1,0,0
1535.501475816,1,0,1
1535.501476560,0,0,1
1535.640171620,0,0,0
1535.640173128,0,1,0
1535.640174006,1,1,0
1535.778871612,1,0,0
1535.778872588,1,0,1
1535.778872610,0,0,1
1535.917598514,0,0,0
1535.917599064,0,1,0
1535.917601058,1,1,0
1536.056297358,1,1,1
1536.056297608,1,0,1
1536.056298662,0,0,1
1536.194996124,0,1,1
1536.194996222,0,1,0
1536.194997170,1,1,0
1536.333692128,1,1,1
1536.333692544,1,0,1
1536.333694648,0,0,1
1536.472390060,0,1,1
1536.472390992,0,1,0
1536.472392220,1,1,0
1536.611088898,1,1,1
1536.611089604,1,0,1
1536.611090760,0,0,1
1536.749817058,0,1,1
1536.749817824,0,1,0
1536.749819208,1,1,0
1536.888514292,1,1,1
1536.888515540,1,0,1
1536.888516812,0,0,1
1537.027213054,0,1,1
1537.027213594,0,1,0
1537.027214320,1,1,0
1537.165911286,1,0,0
1537.165911438,1,0,1
1537.165912798,0,0,1
1537.304608366,0,0,0
1537.304609052,0,1,0
1537.304610308,1,1,0
1537.443307208,1,1,1
1537.443307534,1,0,1
1537.443308910,0,0,1
1537.582005134,0,0,0
1537.582006050,0,1,0
1537.582006358,1,1,0
1537.720732530,1,0,0
1537.720734040,1,0,1
1537.720734898,0,0,1
1537.859430904,0,0,0
1537.859431984,0,1,0
1537.859432470,1,1,0
1537.998128810,1,1,1
1537.998130592,1,0,1
1537.998130948,0,0,1
1538.136826980,0,1,1
1538.136827736,0,1,0
1538.136828520,1,1,0
1538.275524518,1,1,1
1538.275525526,1,0,1
1538.275527062,0,0,1
1538.414252916,0,1,1
1538.414253508,0,1,0
1538.414254506,1,1,0
1538.552981352,1,1,1
1538.552981522,1,0,1
1538.552983110,0,0,1
1538.691679976,0,1,1
1538.691680278,0,1,0
1538.691681558,1,1,0
1538.830377182,1,1,1
1538.830378396,1,0,1
1538.830379100,0,0,1
1538.969075972,0,1,1
1538.969077048,0,1,0
1538.969077670,1,1,0
1539.107772954,1,1,1
1539.107773454,1,0,1
1539.107775212,0,0,1
1539.246470594,0,1,1
1539.246470818,0,1,0
1539.246472658,1,1,0
1539.385168514,1,0,0
1539.385170722,1,0,1
1539.385171262,0,0,1
1539.523867650,0,0,0
1539.523867904,0,1,0
1539.523868772,1,1,0
1539.662564448,1,0,0
1539.662564492,1,0,1
1539.662566248,0,0,1
1539.801293418,0,0,0
1539.801293902,0,1,0
1539.801294818,1,1,0
1539.939992262,1,1,1
1539.939992446,1,0,1
1539.939993360,0,0,1
1540.078748898,0,1,1
1540.078751128,0,1,0
1540.078751868,1,1,0
1540.217449032,1,1,1
1540.217449442,1,0,1
1540.217450410,0,0,1
1540.356175022,0,0,0
1540.356176832,0,1,0
1540.356177918,1,1,0
1540.494875302,1,1,1
1540.494875438,1,0,1
1540.494876458,0,0,1
1540.633572728,0,0,0
1540.633572892,0,1,0
1540.633573968,1,1,0
1540.772300436,1,0,0
1540.772301572,1,0,1
1540.772302570,0,0,1
1540.910998826,0,1,1
1540.910999560,0,1,0
1540.911001016,1,1,0
1541.049695432,1,0,0
1541.049696340,1,0,1
1541.049698558,0,0,1
1541.188394266,0,0,0
1541.188394886,0,1,0
1541.188396066,1,1,0
1541.327092368,1,0,0
1541.327094172,1,0,1
1541.327094606,0,0,1
1541.465789820,0,1,1
1541.465791100,0,1,0
1541.465792116,1,1,0
1541.604489364,1,0,0
1541.604489942,1,0,1
1541.604490656,0,0,1
1541.743215754,0,1,1
1541.743216870,0,1,0
1541.743218102,1,1,0
1541.881915360,1,0,0
1541.881915648,1,0,1
1541.881916706,0,0,1
1542.020610638,0,0,0
1542.020612814,0,1,0
1542.020614214,1,1,0
1542.159342294,1,0,0
1542.159342482,1,0,1
1542.159342756,0,0,1
1542.298038470,0,0,0
1542.298039810,0,1,0
1542.298041326,1,1,0
1542.436736312,1,1,1
1542.436737354,1,0,1
1542.436738868,0,0,1
1542.575434744,0,1,1
1542.575435176,0,1,0
1542.575436312,1,1,0
1542.714133082,1,1,1
1542.714133350,1,0,1
1542.714134854,0,0,1
1542.852830804,0,1,1
1542.852831008,0,1,0
1542.852832362,1,1,0
1542.991529286,1,0,0
1542.991529852,1,0,1
1542.991530966,0,0,1
1543.130227778,0,0,0
1543.130227800,0,1,0
1543.130228412,1,1,0
1543.268955622,1,1,1
1543.268956280,1,0,1
1543.268957014,0,0,1
1543.407652734,0,1,1
1543.407653546,0,1,0
1543.407654524,1,1,0
1543.546352278,1,0,0
1543.546352390,1,0,1
1543.546353004,0,0,1
1543.685048316,0,0,0
1543.685048730,0,1,0
1543.685050512,1,1,0
1543.823746274,1,0,0
1543.823747160,1,0,1
1543.823748114,0,0,1
1543.962474086,0,0,0
1543.962475728,0,1,0
1543.962476560,1,1,0
1544.101171990,1,1,1
1544.101174210,1,0,1
1544.101175164,0,0,1
1544.239870792,0,0,0
1544.239871724,0,1,0
1544.239872672,1,1,0
1544.378567698,1,1,1
1544.378568206,1,0,1
1544.378570150,0,0,1
1544.517266686,0,0,0
1544.517266720,0,1,0
1544.517268658,1,1,0
1544.655964200,1,0,0
1544.655965590,1,0,1
1544.655966262,0,0,1
1544.794663392,0,0,0
1544.794663716,0,1,0
1544.794664708,1,1,0
1544.933360134,1,0,0
1544.933361298,1,0,1
1544.933362248,0,0,1
1545.072057650,0,1,1
1545.072058224,0,1,0
1545.072059820,1,1,0
1545.210756194,1,0,0
1545.210757066,1,0,1
1545.210758360,0,0,1
1545.349453646,0,1,1
1545.349454994,0,1,0
1545.349455806,1,1,0
1545.488183190,1,0,0
1545.488183898,1,0,1
1545.488184348,0,0,1
1545.626910762,0,0,0
1545.626911642,0,1,0
1545.626912918,1,1,0
1545.765608668,1,1,1
1545.765610436,1,0,1
1545.765610460,0,0,1
1545.904307638,0,1,1
1545.904308532,0,1,0
1545.904308966,1,1,0
1546.043004374,1,1,1
1546.043005182,1,0,1
1546.043006444,0,0,1
1546.181703572,0,1,1
1546.181704952,1,1,1
1546.181705300,1,1,0
1546.320401116,1,0,0
1546.320401206,1,0,1
1546.320402556,0,0,1
1546.459130068,0,0,0
1546.459130632,0,1,0
1546.459131002,1,1,0
1546.597826112,1,0,0
1546.597826976,1,0,1
1546.597828604,0,0,1
1546.736525628,0,1,1
1546.736525902,0,1,0
1546.736527114,1,1,0
1546.875223108,1,0,0
1546.875224590,0,0,0
1546.875224806,0,0,1
1547.013920560,0,1,1
1547.013920670,0,1,0
1547.013922162,1,1,0
1547.152619106,1,0,0
1547.152619574,1,0,1
1547.152620702,0,0,1
1547.291316556,0,1,1
1547.291317502,0,1,0
1547.291318274,1,1,0
1547.430015102,1,0,0
1547.430015282,1,0,1
1547.430016752,0,0,1
1547.568712490,0,1,1
1547.568713208,0,1,0
1547.568714260,1,1,0
1547.707409112,1,1,1
1547.707410034,1,0,1
1547.707411800,0,0,1
1547.846139038,0,0,0
1547.846139548,0,1,0
1547.846140308,1,1,0
1547.984836880,1,1,1
1547.984837092,1,0,1
1547.984838850,0,0,1
1548.123564806,0,0,0
1548.123566482,0,1,0
1548.123567358,1,1,0
1548.262263026,1,0,0
1548.262263648,1,0,1
1548.262264900,0,0,1
1548.400960478,0,1,1
1548.400960576,0,1,0
1548.400962406,1,1,0
1548.539689022,1,0,0
1548.539689480,1,0,1
1548.539690948,0,0,1
1548.678417474,0,1,1
1548.678418344,0,1,0
1548.678419518,1,1,0
1548.817146018,1,0,0
1548.817146186,1,0,1
1548.817147996,0,0,1
1548.955843470,0,1,1
1548.955845114,0,1,0
1548.955846504,1,1,0
1549.094542014,1,0,0
1549.094543018,1,0,1
1549.094544044,0,0,1
1549.233239466,0,1,1
1549.233240944,0,1,0
1549.233241554,1,1,0
1549.371937946,1,0,0
1549.371938722,1,0,1
1549.371940094,0,0,1
1549.510636400,0,1,1
1549.510636648,0,1,0
1549.510637602,1,1,0
1549.649333554,1,1,1
1549.649333942,1,0,1
1549.649336142,0,0,1
1549.788060418,0,0,0
1549.788062396,0,1,0
1549.788063650,1,1,0
1549.926760322,1,1,1
1549.926760938,1,0,1
1549.926762254,0,0,1
1550.065458248,0,0,0
1550.065458390,0,1,0
1550.065459698,1,1,0
1550.204155872,1,0,0
1550.204156154,1,0,1
1550.204158240,0,0,1
1550.342884016,0,0,0
1550.342885386,0,1,0
1550.342886748,1,1,0
1550.481581868,1,0,0
1550.481581922,1,0,1
1550.481584288,0,0,1
1550.620279848,0,0,0
1550.620280382,0,1,0
1550.620281796,1,1,0
1550.758978628,1,1,1
1550.758979926,1,0,1
1550.758980400,0,0,1
1550.897676378,0,1,1
1550.897677614,0,1,0
1550.897677844,1,1,0
1551.036374458,1,1,1
1551.036375448,0,1,1
1551.036375922,0,0,1
1551.175072322,0,0,0
1551.175073374,0,1,0
1551.175073956,1,1,0
1551.313769792,1,0,0
1551.313770164,1,0,1
1551.313771436,0,0,1
1551.452468088,0,0,0
1551.452468306,0,1,0
1551.452470006,1,1,0
1551.591165848,1,0,0
1551.591165994,1,0,1
1551.591167484,0,0,1
1551.729863920,0,0,0
1551.729864362,0,1,0
1551.729865054,1,1,0
1551.868590846,1,0,0
1551.868592826,1,0,1
1551.868593534,0,0,1
1552.007289296,0,1,1
1552.007289688,0,1,0
1552.007292104,1,1,0
1552.145986532,1,1,1
1552.145988216,1,0,1
1552.145989582,0,0,1
1552.284686456,0,0,0
1552.284687104,0,1,0
1552.284688090,1,1,0
1552.423383362,1,1,1
1552.423384836,1,0,1
1552.423385692,0,0,1
1552.562112226,0,0,0
1552.562112288,0,1,0
1552.562114138,1,1,0
1552.700810130,1,1,1
1552.700810770,1,0,1
1552.700811742,0,0,1
1552.839509054,0,0,0
1552.839509282,0,1,0
1552.839510250,1,1,0
1552.978205836,1,1,1
1552.978206826,1,0,1
1552.978207726,0,0,1
1553.116903762,0,0,0
1553.116904278,0,1,0
1553.116905298,1,1,0
1553.255602666,1,1,1
1553.255602760,1,0,1
1553.255603838,0,0,1
1553.394298274,0,1,1
1553.394299590,0,1,0
1553.394301408,1,1,0
1553.533027754,1,0,0
1553.533028434,1,0,1
1553.533029886,0,0,1
1553.671756268,0,1,1
1553.671757358,0,1,0
1553.671758458,1,1,0
1553.810453688,1,0,0
1553.810455202,1,0,1
1553.810455934,0,0,1
1553.949153126,0,0,0
1553.949153202,0,1,0
1553.949154442,1,1,0
1554.087881032,1,1,1
1554.087881746,1,0,1
1554.087882920,0,0,1
1554.226578894,0,0,0
1554.226579196,0,1,0
1554.226580492,1,1,0
1554.365277800,1,1,1
1554.365278742,1,0,1
1554.365279032,0,0,1
1554.503974664,0,0,0
1554.503975192,0,1,0
1554.503976540,1,1,0
1554.642703568,1,1,1
1554.642703736,1,0,1
1554.642705082,0,0,1
1554.781431620,0,0,0
1554.781432188,0,1,0
1554.781433588,1,1,0
1554.920130400,1,1,1
1554.920130732,1,0,1
1554.920131130,0,0,1
1555.058826182,0,1,1
1555.058828198,0,1,0
1555.058828636,1,1,0
1555.197525102,1,1,1
1555.197525664,1,0,1
1555.197527240,0,0,1
1555.336223030,0,0,0
1555.336223178,0,1,0
1555.336224686,1,1,0
1555.474920934,1,1,1
1555.474921658,1,0,1
1555.474923226,0,0,1
1555.613679174,0,1,1
1555.613680860,0,1,0
1555.613681736,1,1,0
1555.752377592,1,0,0
1555.752377640,1,0,1
1555.752379338,0,0,1
1555.891076566,0,0,0
1555.891077104,0,1,0
1555.891077846,1,1,0
1556.029773648,1,0,0
1556.029774470,1,0,1
1556.029775324,0,0,1
1556.168502100,0,1,1
1556.168502334,0,1,0
1556.168503894,1,1,0
1556.307200582,1,0,0
1556.307201238,1,0,1
1556.307202372,0,0,1
1556.445898164,0,0,0
1556.445899096,0,1,0
1556.445899880,1,1,0
1556.584627006,1,1,1
1556.584627578,1,0,1
1556.584628484,0,0,1
1556.723323028,0,1,1
1556.723324932,0,1,0
1556.723325930,1,1,0
1556.862022572,1,0,0
1556.862023836,1,0,1
1556.862024532,0,0,1
1557.000720698,0,0,0
1557.000722040,1,0,0
1557.000722088,1,1,0
1557.139418542,1,1,1
1557.139418568,1,0,1
1557.139419580,0,0,1
1557.278116082,0,1,1
1557.278117468,0,1,0
1557.278118026,1,1,0
1557.416813564,1,0,0
1557.416814372,1,0,1
1557.416815630,0,0,1
1557.555511952,0,1,1
1557.555512234,0,1,0
1557.555514138,1,1,0
1557.694240560,1,0,0
1557.694241140,1,0,1
1557.694242616,0,0,1
1557.832939066,0,0,0
1557.832939072,0,1,0
1557.832940186,1,1,0
1557.971667554,1,0,0
1557.971667908,1,0,1
1557.971668664,0,0,1
1558.110365068,0,1,1
1558.110365834,0,1,0
1558.110366234,1,1,0
1558.249062676,1,1,1
1558.249064548,1,0,1
1558.249064774,0,0,1
1558.387760976,0,0,0
1558.387761000,0,1,0
1558.387762284,1,1,0
1558.526458444,1,1,1
1558.526458544,1,0,1
1558.526459824,0,0,1
1558.665157370,0,0,0
1558.665157496,0,1,0
1558.665158332,1,1,0
1558.803854478,1,0,0
1558.803855274,1,0,1
1558.803855874,0,0,1
1558.942582930,0,1,1
1558.942583138,0,1,0
1558.942584380,1,1,0
1559.081280472,1,0,0
1559.081282042,1,0,1
1559.081282924,0,0,1
1559.219978906,0,0,0
1559.219978988,0,1,0
1559.219980368,1,1,0
1559.358675406,1,0,0
1559.358675810,1,0,1
1559.358677970,0,0,1
1559.497373674,0,0,0
1559.497374920,0,1,0
1559.497376478,1,1,0
1559.636072464,1,0,0
1559.636072578,1,0,1
1559.636074082,0,0,1
1559.774769442,0,0,0
1559.774769914,0,1,0
1559.774771528,1,1,0
1559.913468346,1,1,1
1559.913468396,1,0,1
1559.913470068,0,0,1
1560.052165912,0,1,1
1560.052166272,0,1,0
1560.052167576,1,1,0
1560.190864676,1,1,1
1560.190865454,1,0,1
1560.190866116,0,0,1
1560.329562040,0,0,0
1560.329562844,0,1,0
1560.329563626,1,1,0
1560.468290388,1,0,0
1560.468290946,1,0,1
1560.468292164,0,0,1
1560.606987808,0,0,0
1560.606987840,0,1,0
1560.606989610,1,1,0
1560.745685320,1,0,0
1560.745686652,1,0,1
1560.745688212,0,0,1
1560.884384576,0,0,0
1560.884384896,0,1,0
1560.884385722,1,1,0
1561.023143314,1,0,0
1561.023143420,1,0,1
1561.023145262,0,0,1
1561.161840892,0,1,1
1561.161841344,0,1,0
1561.161842832,1,1,0
1561.300537372,1,0,0
1561.300539250,1,0,1
1561.300540310,0,0,1
1561.439236112,0,0,0
1561.439236824,0,1,0
1561.439238818,1,1,0
1561.577966368,1,0,0
1561.577967018,1,0,1
1561.577967358,0,0,1
1561.716662882,0,1,1
1561.716663942,0,1,0
1561.716664804,1,1,0
1561.855361784,1,1,1
1561.855362302,1,0,1
1561.855362470,0,0,1
1561.994088712,0,0,0
1561.994089814,0,1,0
1561.994090916,1,1,0
1562.132787616,1,1,1
1562.132788296,1,0,1
1562.132789456,0,0,1
1562.271484478,0,0,0
1562.271484748,0,1,0
1562.271486964,1,1,0
1562.410184290,1,0,0
1562.410184322,1,0,1
1562.410185504,0,0,1
1562.548880806,0,1,1
1562.548882248,0,1,0
1562.548883012,1,1,0
1562.687579152,1,1,1
1562.687579224,1,0,1
1562.687580554,0,0,1
1562.826307738,0,1,1
1562.826308014,0,1,0
1562.826309060,1,1,0
1562.965005920,1,1,1
1562.965006532,1,0,1
1562.965007600,0,0,1
1563.103733782,0,0,0
1563.103734732,0,1,0
1563.103736172,1,1,0
1563.242432214,1,0,0
1563.242432686,1,0,1
1563.242433650,0,0,1
1563.381129614,0,0,0
1563.381129728,0,1,0
1563.381131158,1,1,0
1563.519828394,1,1,1
1563.519829210,1,0,1
1563.519829698,0,0,1
1563.658525318,0,0,0
1563.658525724,0,1,0
1563.658527206,1,1,0
1563.797223206,1,0,0
1563.797224536,1,0,1
1563.797224746,0,0,1
1563.935921148,0,0,0
1563.935921720,0,1,0
1563.935923256,1,1,0
1564.074619200,1,0,0
1564.074620054,1,0,1
1564.074620860,0,0,1
1564.213316916,0,0,0
1564.213318714,0,1,0
1564.213319302,1,1,0
1564.352015196,1,0,0
1564.352015758,1,0,1
1564.352016844,0,0,1
1564.490712646,0,1,1
1564.490713684,0,1,0
1564.490714414,1,1,0
1564.629411190,1,0,0
1564.629411526,1,0,1
1564.629412954,0,0,1
1564.768109452,0,0,0
1564.768109704,0,1,0
1564.768110402,1,1,0
1564.906837186,1,0,0
1564.906838358,1,0,1
1564.906839004,0,0,1
1565.045596638,0,1,1
1565.045597282,0,1,0
1565.045598512,1,1,0
1565.184293124,1,1,1
1565.184294116,1,0,1
1565.184296050,0,0,1
1565.322991052,0,0,0
1565.322992632,0,1,0
1565.322993498,1,1,0
1565.461690892,1,1,1
1565.461691112,1,0,1
1565.461692102,0,0,1
1565.600387880,0,0,0
1565.600388566,0,1,0
1565.600389608,1,1,0
1565.739117108,1,0,0
1565.739117660,1,0,1
1565.739118150,0,0,1
1565.877845588,0,0,0
1565.877845684,0,1,0
1565.877846656,1,1,0
1566.016542490,1,1,1
1566.016544102,1,0,1
1566.016544196,0,0,1
1566.155271354,0,0,0
1566.155271616,0,1,0
1566.155272704,1,1,0
1566.293999098,1,0,0
1566.294000194,1,0,1
1566.294001244,0,0,1
1566.432698548,0,1,1
1566.432699122,0,1,0
1566.432699752,1,1,0
1566.571426090,1,1,1
1566.571426092,1,0,1
1566.571427292,0,0,1
1566.710123888,0,0,0
1566.710124482,0,1,0
1566.710125800,1,1,0
1566.848821086,1,0,0
1566.848822792,1,0,1
1566.848823340,0,0,1
1566.987550538,0,1,1
1566.987550658,0,1,0
1566.987551848,1,1,0
1567.126247560,1,1,1
1567.126250082,1,0,1
1567.126250390,0,0,1
1567.264945486,0,0,0
1567.264946096,0,1,0
1567.264947958,1,1,0
1567.403644076,1,0,0
1567.403644390,1,0,1
1567.403645438,0,0,1
1567.542341530,0,1,1
1567.542343254,0,1,0
1567.542343944,1,1,0
1567.681040010,1,0,0
1567.681040096,1,0,1
1567.681041546,0,0,1
1567.819737524,0,1,1
1567.819738022,0,1,0
1567.819740054,1,1,0
1567.958465864,1,1,1
1567.958466004,1,0,1
1567.958467534,0,0,1
1568.097164518,0,1,1
1568.097165790,0,1,0
1568.097166102,1,1,0
1568.235892756,1,1,1
1568.235893000,1,0,1
1568.235894644,0,0,1
1568.374590450,0,1,1
1568.374591556,0,1,0
1568.374592090,1,1,0
1568.513288462,1,1,1
1568.513288994,1,0,1
1568.513290692,0,0,1
1568.652016324,0,0,0
1568.652017384,0,1,0
1568.652018198,1,1,0
1568.790714230,1,1,1
1568.790715990,1,0,1
1568.790716740,0,0,1
1568.929412156,0,0,0
1568.929412440,0,1,0
1568.929414186,1,1,0
1569.068110922,1,0,0
1569.068111060,1,0,1
1569.068112790,0,0,1
1569.206808436,0,1,1
1569.206808986,0,1,0
1569.206810234,1,1,0
1569.345506766,1,1,1
1569.345506980,1,0,1
1569.345507836,0,0,1
1569.484203432,0,1,1
1569.484204692,0,1,0
1569.484206282,1,1,0
1569.622901974,1,0,0
1569.622902596,1,0,1
1569.622903886,0,0,1
1569.761600364,0,1,1
1569.761601520,0,1,0
1569.761602394,1,1,0
1569.900297908,1,0,0
1569.900298364,1,0,1
1569.900299870,0,0,1
1570.038994226,0,0,0
1570.038996420,0,1,0
1570.038997442,1,1,0
1570.177693902,1,0,0
1570.177695192,1,0,1
1570.177695980,0,0,1
1570.316392354,0,1,1
1570.316392992,0,1,0
1570.316393490,1,1,0
1570.455088896,1,1,1
1570.455089898,1,0,1
1570.455092030,0,0,1
1570.593817886,0,0,0
1570.593819350,0,1,0
1570.593819538,1,1,0
1570.732515664,1,1,1
1570.732517892,1,0,1
1570.732518016,0,0,1
1570.871213344,0,1,1
1570.871213590,0,1,0
1570.871215586,1,1,0
1571.009912496,1,1,1
1571.009913826,1,0,1
1571.009914128,0,0,1
1571.148609420,0,0,0
1571.148610338,0,1,0
1571.148611634,1,1,0
1571.287307262,1,1,1
1571.287307820,1,0,1
1571.287309174,0,0,1
1571.426005334,0,1,1
1571.426006124,0,1,0
1571.426007682,1,1,0
1571.564702816,1,0,0
1571.564705092,1,0,1
1571.564705284,0,0,1
1571.703401266,0,1,1
1571.703402954,0,1,0
1571.703403792,1,1,0
1571.842098796,1,1,1
1571.842098814,1,0,1
1571.842101270,0,0,1
1571.980797722,0,0,0
1571.980798262,0,1,0
1571.980798778,1,1,0
1572.119523564,1,1,1
1572.119525804,1,0,1
1572.119527318,0,0,1
1572.258224256,0,1,1
1572.258224488,0,1,0
1572.258225828,1,1,0
1572.396953392,1,1,1
1572.396953798,1,0,1
1572.396954428,0,0,1
1572.535650252,0,1,1
1572.535651256,0,1,0
1572.535651874,1,1,0
1572.674348794,1,0,0
1572.674349160,1,0,1
1572.674349414,0,0,1
1572.813045022,0,0,0
1572.813045184,0,1,0
1572.813047984,1,1,0
1572.951743728,1,0,0
1572.951744928,1,0,1
1572.951745462,0,0,1
1573.090441790,0,0,0
1573.090443240,0,1,0
1573.090444034,1,1,0
1573.229139696,1,1,1
1573.229139786,1,0,1
1573.229141574,0,0,1
1573.367868174,0,1,1
1573.367868620,0,1,0
1573.367870018,1,1,0
1573.506565780,1,0,0
1573.506566462,1,0,1
1573.506567620,0,0,1
1573.645264388,0,0,0
1573.645265232,0,1,0
1573.645266128,1,1,0
1573.783961712,1,0,0
1573.783962230,1,0,1
1573.783963606,0,0,1
1573.922660164,0,1,1
1573.922660216,0,1,0
1573.922661114,1,1,0
1574.061387708,1,0,0
1574.061388060,1,0,1
1574.061389716,0,0,1
1574.200086158,0,1,1
1574.200087922,0,1,0
1574.200088162,1,1,0
1574.338845826,1,1,1
1574.338846640,1,0,1
1574.338846702,0,0,1
1574.477543154,0,1,1
1574.477543752,0,1,0
1574.477545210,1,1,0
1574.616240592,1,1,1
1574.616240698,1,0,1
1574.616242812,0,0,1
1574.754938456,0,0,0
1574.754939148,0,1,0
1574.754940320,1,1,0
1574.893636630,1,0,0
1574.893637360,1,0,1
1574.893638798,0,0,1
1575.032334286,0,0,0
1575.032335144,0,1,0
1575.032336306,1,1,0
1575.171032624,1,0,0
1575.171033128,1,0,1
1575.171034908,0,0,1
1575.309730052,0,0,0
1575.309730138,0,1,0
1575.309732416,1,1,0
1575.448458958,1,1,1
1575.448459618,1,0,1
1575.448460956,0,0,1
1575.587156132,0,1,1
1575.587156820,0,1,0
1575.587158462,1,1,0
1575.725855614,1,0,0
1575.725855724,1,0,1
1575.725857002,0,0,1
1575.864552628,0,1,1
1575.864553588,0,1,0
1575.864554510,1,1,0
1576.003281490,1,1,1
1576.003282546,1,0,1
1576.003283112,0,0,1
1576.141977352,0,0,0
1576.141979122,0,1,0
1576.141980558,1,1,0
1576.280676540,1,0,0
1576.280678258,1,0,1
1576.280679160,0,0,1
1576.419374184,0,0,0
1576.419375992,0,1,0
1576.419376666,1,1,0
1576.558072598,1,0,0
1576.558074024,1,0,1
1576.558074080,0,0,1
1576.696770950,0,0,0
1576.696771048,0,1,0
1576.696772652,1,1,0
1576.835468530,1,0,0
1576.835468792,1,0,1
1576.835470192,0,0,1
1576.974197044,0,1,1
1576.974197718,0,1,0
1576.974198698,1,1,0
1577.112895560,1,1,1
1577.112896524,1,0,1
1577.112897302,0,0,1
1577.251593038,0,1,1
1577.251594546,0,1,0
1577.251594808,1,1,0
1577.390290326,1,1,1
1577.390291518,1,0,1
1577.390292288,0,0,1
1577.528989032,0,1,1
1577.528989250,0,1,0
1577.528990856,1,1,0
1577.667687156,1,1,1
1577.667687514,1,0,1
1577.667688396,0,0,1
1577.806416018,0,0,0
1577.806416028,0,1,0
1577.806416840,1,1,0
1577.945112922,1,1,1
1577.945113446,1,0,1
1577.945114444,0,0,1
1578.083841848,0,0,0
1578.083841958,0,1,0
1578.083842886,1,1,0
1578.222540502,1,0,0
1578.222540690,1,0,1
1578.222541490,0,0,1
1578.361267952,0,1,1
1578.361268614,0,1,0
1578.361269998,1,1,0
1578.499964518,1,1,1
1578.499966434,1,0,1
1578.499967474,0,0,1
1578.638662380,0,0,0
1578.638662946,0,1,0
1578.638665044,1,1,0
1578.777361428,1,0,0
1578.777362222,1,0,1
1578.777363584,0,0,1
1578.916059146,0,0,0
1578.916059940,0,1,0
1578.916061092,1,1,0
1579.054757988,1,1,1
1579.054758422,1,0,1
1579.054759632,0,0,1
1579.193455912,0,0,0
1579.193455998,0,1,0
1579.193457138,1,1,0
1579.332152816,1,1,1
1579.332153416,1,0,1
1579.332154678,0,0,1
1579.470881680,0,0,0
1579.470881928,0,1,0
1579.470883184,1,1,0
1579.609580410,1,0,0
1579.609580522,1,0,1
1579.609581724,0,0,1
1579.748276510,0,0,0
1579.748277862,0,1,0
1579.748279294,1,1,0
1579.886974976,1,1,1
1579.886975404,1,0,1
1579.886976708,0,0,1
1580.025673854,0,1,1
1580.025674214,0,1,0
1580.025675280,1,1,0
1580.164371054,1,1,1
1580.164371148,1,0,1
1580.164372880,0,0,1
1580.303098848,0,1,1
1580.303100042,0,1,0
1580.303101324,1,1,0
1580.441797884,1,1,1
1580.441798330,1,0,1
1580.441799864,0,0,1
1580.580524810,0,0,0
1580.580526842,0,1,0
1580.580527372,1,1,0
1580.719223650,1,1,1
1580.719224386,1,0,1
1580.719225912,0,0,1
1580.857921576,0,0,0
1580.857921838,0,1,0
1580.857923482,1,1,0
1580.996619416,1,1,1
1580.996620254,1,0,1
1580.996621958,0,0,1
1581.135348342,0,0,0
1581.135349830,0,1,0
1581.135350464,1,1,0
1581.274046246,1,1,1
1581.274046314,1,0,1
1581.274048068,0,0,1
1581.412744170,0,0,0
1581.412744762,0,1,0
1581.412745512,1,1,0
1581.551471306,1,0,0
1581.551472950,1,0,1
1581.551474112,0,0,1
1581.690169756,0,1,1
1581.690171876,0,1,0
1581.690172620,1,1,0
1581.828868778,1,1,1
1581.828869300,1,0,1
1581.828870160,0,0,1
1581.967565752,0,1,1
1581.967566704,0,1,0
1581.967567668,1,1,0
1582.106264546,1,1,1
1582.106265294,1,0,1
1582.106266206,0,0,1
1582.244961408,0,0,0
1582.244961996,0,1,0
1582.244963650,1,1,0
1582.383660226,1,0,0
1582.383660312,1,0,1
1582.383662252,0,0,1
1582.522357236,0,0,0
1582.522357676,0,1,0
1582.522359760,1,1,0
1582.661056080,1,1,1
1582.661056220,1,0,1
1582.661057362,0,0,1
1582.799754670,0,1,1
1582.799755004,0,1,0
1582.799755744,1,1,0
1582.938450908,1,1,1
1582.938451150,1,0,1
1582.938453346,0,0,1
1583.077150666,0,1,1
1583.077150770,0,1,0
1583.077151854,1,1,0
1583.215877674,1,1,1
1583.215878208,1,0,1
1583.215879394,0,0,1
1583.354576600,0,0,0
1583.354576658,0,1,0
1583.354577900,1,1,0
1583.493304378,1,1,1
1583.493306140,1,0,1
1583.493306378,0,0,1
1583.632001654,0,1,1
1583.632003366,0,1,0
1583.632003946,1,1,0
1583.770701196,1,0,0
1583.770701208,1,0,1
1583.770702486,0,0,1
1583.909398070,0,0,0
1583.909398710,0,1,0
1583.909399992,1,1,0
1584.048127128,1,0,0
1584.048127974,1,0,1
1584.048128532,0,0,1
1584.186824642,0,1,1
1584.186824898,0,1,0
1584.186826038,1,1,0
1584.325522740,1,1,1
1584.325523060,1,0,1
1584.325524578,0,0,1
1584.464220664,0,0,0
1584.464221572,0,1,0
1584.464222084,1,1,0
1584.602917570,1,1,1
1584.602918116,1,0,1
1584.602919624,0,0,1
1584.741646432,0,0,0
1584.741646628,0,1,0
1584.741648132,1,1,0
1584.880344274,1,1,1
1584.880345110,1,0,1
1584.880346670,0,0,1
1585.019042560,0,1,1
1585.019043198,0,1,0
1585.019044176,1,1,0
1585.157740040,1,1,1
1585.157742042,1,0,1
1585.157742716,0,0,1
1585.296437554,0,1,1
1585.296438528,0,1,0
1585.296440222,1,1,0
1585.435136034,1,0,0
1585.435136868,1,0,1
1585.435137762,0,0,1
1585.573833548,0,1,1
1585.573834792,0,1,0
1585.573836208,1,1,0
1585.712563028,1,0,0
1585.712563572,1,0,1
1585.712564810,0,0,1
1585.851260480,0,1,1
1585.851260498,0,1,0
1585.851262316,1,1,0
1585.989958402,1,1,1
1585.989959024,1,0,1
1585.989959856,0,0,1
1586.128656264,0,0,0
1586.128657536,0,1,0
1586.128658362,1,1,0
1586.267353168,1,1,1
1586.267354954,1,0,1
1586.267355900,0,0,1
1586.406052530,0,1,1
1586.406053092,0,1,0
1586.406054470,1,1,0
1586.544749996,1,1,1
1586.544751948,0,1,1
1586.544752010,0,0,1
1586.683446798,0,0,0
1586.683447524,0,1,0
1586.683449454,1,1,0
1586.822146702,1,1,1
1586.822148004,1,0,1
1586.822148056,0,0,1
1586.960874456,0,1,1
1586.960874626,0,1,0
1586.960876500,1,1,0
1587.099571998,1,0,0
1587.099572468,1,0,1
1587.099574040,0,0,1
1587.238269394,0,0,0
1587.238269450,0,1,0
1587.238271610,1,1,0
1587.376966930,1,0,0
1587.376968296,1,0,1
1587.376970086,0,0,1
1587.515665380,0,1,1
1587.515666158,0,1,0
1587.515667656,1,1,0
1587.654393924,1,0,0
1587.654394064,1,0,1
1587.654396134,0,0,1
1587.793092376,0,1,1
1587.793093988,0,1,0
1587.793094640,1,1,0
1587.931790766,1,1,1
1587.931790918,1,0,1
1587.931792178,0,0,1
1588.070518432,0,1,1
1588.070519756,0,1,0
1588.070520748,1,1,0
1588.209216596,1,1,1
1588.209217912,1,0,1
1588.209218224,0,0,1
1588.347975362,0,1,1
1588.347976522,0,1,0
1588.347977732,1,1,0
1588.486673362,1,1,1
1588.486673906,1,0,1
1588.486675270,0,0,1
1588.625371286,0,0,0
1588.625372358,0,1,0
1588.625372840,1,1,0
1588.764068838,1,0,0
1588.764069190,1,0,1
1588.764071380,0,0,1
1588.902798054,0,0,0
1588.902798350,0,1,0
1588.902799886,1,1,0
1589.041494894,1,0,0
1589.041495894,1,0,1
1589.041497364,0,0,1
1589.180254882,0,0,0
1589.180255344,0,1,0
1589.180256932,1,1,0
1589.318952824,1,0,0
1589.318953662,1,0,1
1589.318954410,0,0,1
1589.457649276,0,1,1
1589.457650586,0,1,0
1589.457651980,1,1,0
1589.596349490,1,1,1
1589.596349818,1,0,1
1589.596350518,0,0,1
1589.735046332,0,1,1
1589.735046352,0,1,0
1589.735048024,1,1,0
1589.873744256,1,1,1
1589.873745812,1,0,1
1589.873746564,0,0,1
1590.012442324,0,1,1
1590.012443180,0,1,0
1590.012444070,1,1,0
1590.151201806,1,0,0
1590.151202022,1,0,1
1590.151202608,0,0,1
1590.289898948,0,0,0
1590.289899320,0,1,0
1590.289901116,1,1,0
1590.428595800,1,0,0
1590.428597788,1,0,1
1590.428598716,0,0,1
1590.567295652,0,0,0
1590.567296250,0,1,0
1590.567297162,1,1,0
1590.706022554,1,1,1
1590.706022794,1,0,1
1590.706024764,0,0,1
1590.844721480,0,0,0
1590.844722184,0,1,0
1590.844723208,1,1,0
1590.983419726,1,0,0
1590.983420320,1,0,1
1590.983420744,0,0,1
1591.122117176,0,1,1
1591.122118248,0,1,0
1591.122119252,1,1,0
1591.260815150,1,1,1
1591.260815718,1,0,1
1591.260816854,0,0,1
1591.399543172,0,1,1
1591.399544012,0,1,0
1591.399545298,1,1,0
1591.538241712,1,0,0
1591.538241918,1,0,1
1591.538242898,0,0,1
1591.676940226,0,1,1
1591.676940840,0,1,0
1591.676941344,1,1,0
1591.815636644,1,0,0
1591.815637682,1,0,1
1591.815638944,0,0,1
1591.954335158,0,1,1
1591.954335544,0,1,0
1591.954336452,1,1,0
1592.093063388,1,1,1
1592.093063700,1,0,1
1592.093064928,0,0,1
1592.231762312,0,0,0
1592.231763088,0,1,0
1592.231763434,1,1,0
1592.370458632,1,0,0
1592.370459278,1,0,1
1592.370461036,0,0,1
1592.509158140,0,0,0
1592.509159146,0,1,0
1592.509159480,1,1,0
1592.647855044,1,1,1
1592.647855688,1,0,1
1592.647857082,0,0,1
1592.786552076,0,1,1
1592.786553844,0,1,0
1592.786554588,1,1,0
1592.925251620,1,0,0
1592.925252748,1,0,1
1592.925253128,0,0,1
1593.063948696,0,1,1
1593.063949674,0,1,0
1593.063950634,1,1,0
1593.202647612,1,0,0
1593.202648578,1,0,1
1593.202649174,0,0,1
1593.341344440,0,0,0
1593.341345064,0,1,0
1593.341346680,1,1,0
1593.480073606,1,0,0
1593.480074344,1,0,1
1593.480075156,0,0,1
1593.618770208,0,0,0
1593.618771120,0,1,0
1593.618772726,1,1,0
1593.757469538,1,0,0
1593.757470110,1,0,1
1593.757471264,0,0,1
1593.896167036,0,0,0
1593.896167052,0,1,0
1593.896168770,1,1,0
1594.034863594,1,0,0
1594.034863940,1,0,1
1594.034866248,0,0,1
1594.173563740,0,0,0
1594.173563982,0,1,0
1594.173564816,1,1,0
1594.312291644,1,1,1
1594.312293354,0,1,1
1594.312293588,0,0,1
1594.450989038,0,1,1
1594.450989568,0,1,0
1594.450990862,1,1,0
1594.589687410,1,1,1
1594.589688520,1,0,1
1594.589689400,0,0,1
1594.728415034,0,1,1
1594.728416334,0,1,0
1594.728416906,1,1,0
1594.867143176,1,1,1
1594.867144514,1,0,1
1594.867145508,0,0,1
1595.005842964,0,1,1
1595.005843100,0,1,0
1595.005843952,1,1,0
1595.144539006,1,1,1
1595.144540570,1,0,1
1595.144541490,0,0,1
1595.283237804,0,0,0
1595.283239394,0,1,0
1595.283239996,1,1,0
1595.421966500,1,0,0
1595.421966772,1,0,1
1595.421967536,0,0,1
1595.560664698,0,0,0
1595.560664950,0,1,0
1595.560666042,1,1,0
1595.699361430,1,0,0
1595.699361538,1,0,1
1595.699363644,0,0,1
1595.838090946,0,1,1
1595.838091464,0,1,0
1595.838092086,1,1,0
1595.976788306,1,1,1
1595.976789486,1,0,1
1595.976790688,0,0,1
1596.115546938,0,1,1
1596.115547228,0,1,0
1596.115549134,1,1,0
1596.254244070,1,1,1
1596.254245482,1,0,1
1596.254246670,0,0,1
1596.392972932,0,0,0
1596.392973870,0,1,0
1596.392975180,1,1,0
1596.531671412,1,0,0
1596.531671836,1,0,1
1596.531673778,0,0,1
1596.670368862,0,1,1
1596.670369762,0,1,0
1596.670371288,1,1,0
1596.809067406,1,0,0
1596.809067604,1,0,1
1596.809068762,0,0,1
1596.947765528,0,0,0
1596.947766856,0,1,0
1596.947767332,1,1,0
1597.086494336,1,0,0
1597.086494370,1,0,1
1597.086495806,0,0,1
1597.225222294,0,0,0
1597.225222848,0,1,0
1597.225224376,1,1,0
1597.363919392,1,0,0
1597.363920198,1,0,1
1597.363921914,0,0,1
1597.502618060,0,0,0
1597.502618842,0,1,0
1597.502619360,1,1,0
1597.641315964,1,1,1
1597.641316322,1,0,1
1597.641317960,0,0,1
1597.780013836,0,1,1
1597.780014826,0,1,0
1597.780015466,1,1,0
1597.918712316,1,0,0
1597.918712730,1,0,1
1597.918714006,0,0,1
1598.057409592,0,0,0
1598.057409766,0,1,0
1598.057411512,1,1,0
1598.196106310,1,0,0
1598.196107496,1,0,1
1598.196109052,0,0,1
1598.334835760,0,1,1
1598.334836420,0,1,0
1598.334837494,1,1,0
1598.473534302,1,0,0
1598.473535264,1,0,1
1598.473536096,0,0,1
1598.612262188,0,0,0
1598.612263816,0,1,0
1598.612264602,1,1,0
1598.750960028,1,1,1
1598.750961296,1,0,1
1598.750962140,0,0,1
1598.889657952,0,0,0
1598.889658808,0,1,0
1598.889659646,1,1,0
1599.028355858,1,1,1
1599.028356290,1,0,1
1599.028358186,0,0,1
1599.167053676,0,1,1
1599.167054720,0,1,0
1599.167055692,1,1,0
1599.305752220,1,0,0
1599.305752560,1,0,1
1599.305754230,0,0,1
1599.444450484,0,0,0
1599.444450732,0,1,0
1599.444451738,1,1,0
1599.583146274,1,0,0
1599.583147202,1,0,1
1599.583149214,0,0,1
1599.721845726,0,1,1
1599.721846250,0,1,0
1599.721847782,1,1,0
1599.860574154,1,1,1
1599.860575206,1,0,1
1599.860576322,0,0,1
1599.999271080,0,0,0
1599.999271720,0,1,0
1599.999273828,1,1,0
1600.137999920,1,1,1
1600.138002198,1,0,1
1600.138002428,0,0,1
1600.276698650,0,1,1
1600.276698782,0,1,0
1600.276699936,1,1,0
1600.415426750,1,1,1
1600.415427130,1,0,1
1600.415428412,0,0,1
1600.554125612,0,0,0
1600.554125642,0,1,0
1600.554126918,1,1,0
1600.692822186,1,0,0
1600.692822452,1,0,1
1600.692824456,0,0,1
1600.831550636,0,1,1
1600.831552378,0,1,0
1600.831553026,1,1,0
1600.970249178,1,0,0
1600.970249218,1,0,1
1600.970250564,0,0,1
1601.108947630,0,1,1
1601.108948142,0,1,0
1601.108949010,1,1,0
1601.247645046,1,1,1
1601.247645172,1,0,1
1601.247646548,0,0,1
1601.386343410,0,0,0
1601.386343622,0,1,0
1601.386345116,1,1,0
1601.525040164,1,0,0
1601.525040814,1,0,1
1601.525042592,0,0,1
1601.663737676,0,0,0
1601.663738240,0,1,0
1601.663740100,1,1,0
1601.802436578,1,1,1
1601.802437158,1,0,1
1601.802438638,0,0,1
1601.941134608,0,1,1
1601.941135442,0,1,0
1601.941136206,1,1,0
1602.079862344,1,1,1
1602.079864150,1,0,1
1602.079864746,0,0,1
1602.218560268,0,0,0
1602.218560538,0,1,0
1602.218562252,1,1,0
1602.357259082,1,0,0
1602.357259112,1,0,1
1602.357260730,0,0,1
1602.495956532,0,1,1
1602.495956972,0,1,0
1602.495958236,1,1,0
1602.634654938,1,1,1
1602.634656074,1,0,1
1602.634656774,0,0,1
1602.773352524,0,1,1
1602.773353800,0,1,0
1602.773354342,1,1,0
1602.912050642,1,1,1
1602.912051068,1,0,1
1602.912051820,0,0,1
1603.050748518,0,1,1
1603.050749566,0,1,0
1603.050750326,1,1,0
1603.189476998,1,0,0
1603.189477532,1,0,1
1603.189478866,0,0,1
1603.328174332,0,0,0
1603.328174510,0,1,0
1603.328176372,1,1,0
1603.466872172,1,1,1
1603.466873052,1,0,1
1603.466873912,0,0,1
1603.605570442,0,1,1
1603.605572098,0,1,0
1603.605572416,1,1,0
1603.744267938,1,1,1
1603.744268986,1,0,1
1603.744269958,0,0,1
1603.882967862,0,0,0
1603.882967872,0,1,0
1603.882968462,1,1,0
1604.021664768,1,1,1
1604.021664976,1,0,1
1604.021666062,0,0,1
1604.160360692,0,0,0
1604.160363490,0,1,0
1604.160363570,1,1,0
1604.299059532,1,1,1
1604.299060906,1,0,1
1604.299062046,0,0,1
1604.437757420,0,1,1
1604.437758394,0,1,0
1604.437759552,1,1,0
1604.576456360,1,1,1
1604.576456962,1,0,1
1604.576458154,0,0,1
1604.715153350,0,1,1
1604.715154222,0,1,0
1604.715155598,1,1,0
1604.853850892,1,0,0
1604.853852064,1,0,1
1604.853853138,0,0,1
1604.992578986,0,0,0
1604.992579468,0,1,0
1604.992581706,1,1,0
1605.131278830,1,1,1
1605.131278884,1,0,1
1605.131280182,0,0,1
1605.269976398,0,1,1
1605.269977688,1,1,1
1605.269977752,1,1,0
1605.408673594,1,1,1
1605.408673878,1,0,1
1605.408675288,0,0,1
1605.547373390,0,1,1
1605.547373518,0,1,0
1605.547373732,1,1,0
1605.686069422,1,1,1
1605.686069810,1,0,1
1605.686071272,0,0,1
1605.824797284,0,0,0
1605.824798384,0,1,0
1605.824799842,1,1,0
1605.963497188,1,1,1
1605.963497802,1,0,1
1605.963498316,0,0,1
1606.102193314,0,1,1
1606.102194050,0,1,0
1606.102195888,1,1,0
1606.240891856,1,0,0
1606.240891954,1,0,1
1606.240893424,0,0,1
1606.379589878,0,0,0
1606.379590306,0,1,0
1606.379591930,1,1,0
1606.518287782,1,1,1
1606.518287798,1,0,1
1606.518289406,0,0,1
1606.656985300,0,1,1
1606.656985580,0,1,0
1606.656986976,1,1,0
1606.795683484,1,1,1
1606.795683842,1,0,1
1606.795685576,0,0,1
1606.934381356,0,1,1
1606.934381408,0,1,0
1606.934383022,1,1,0
1607.073079250,1,1,1
1607.073081560,0,1,1
1607.073081774,0,0,1
1607.211778112,0,0,0
1607.211778286,0,1,0
1607.211779066,1,1,0
1607.350473766,1,0,0
1607.350475016,1,0,1
1607.350476542,0,0,1
1607.489203002,0,0,0
1607.489204216,0,1,0
1607.489205112,1,1,0
1607.627902758,1,0,0
1607.627902842,1,0,1
1607.627903714,0,0,1
1607.766598706,0,0,0
1607.766599272,0,1,0
1607.766601156,1,1,0
1607.905297688,1,0,0
1607.905298672,1,0,1
1607.905299694,0,0,1
1608.043995470,0,0,0
1608.043996264,0,1,0
1608.043997202,1,1,0
1608.182693374,1,1,1
1608.182693744,1,0,1
1608.182694740,0,0,1
1608.321420256,0,1,1
1608.321421298,0,1,0
1608.321423246,1,1,0
1608.460119674,1,0,0
1608.460120138,1,0,1
1608.460121784,0,0,1
1608.598818002,0,0,0
1608.598818250,0,1,0
1608.598819292,1,1,0
1608.737514904,1,1,1
1608.737515730,1,0,1
1608.737516832,0,0,1
1608.876243890,0,0,0
1608.876244180,0,1,0
1608.876245400,1,1,0
1609.014941730,1,1,1
1609.014942722,1,0,1
1609.014943876,0,0,1
1609.153639656,0,0,0
1609.153640172,0,1,0
1609.153641382,1,1,0
1609.292337652,1,0,0
1609.292338496,1,0,1
1609.292339920,0,0,1
1609.431035164,0,1,1
1609.431035358,0,1,0
1609.431037364,1,1,0
1609.569732262,1,1,1
1609.569733706,1,0,1
1609.569734966,0,0,1
1609.708431186,0,0,0
1609.708432094,0,1,0
1609.708433472,1,1,0
1609.847129088,1,1,1
1609.847129638,1,0,1
1609.847131074,0,0,1
1609.985826150,0,1,1
1609.985826888,0,1,0
1609.985828518,1,1,0
1610.124554630,1,0,0
1610.124554854,1,0,1
1610.124557056,0,0,1
1610.263253654,0,0,0
1610.263254142,0,1,0
1610.263255562,1,1,0
1610.401981622,1,0,0
1610.401982618,1,0,1
1610.401984100,0,0,1
1610.540680072,0,1,1
1610.540680480,0,1,0
1610.540681670,1,1,0
1610.679377384,1,1,1
1610.679377616,1,0,1
1610.679379146,0,0,1
1610.818137308,0,0,0
1610.818138064,0,1,0
1610.818138654,1,1,0
1610.956834606,1,0,0
1610.956835086,1,0,1
1610.956836192,0,0,1
1611.095533058,0,1,1
1611.095533074,0,1,0
1611.095534760,1,1,0
1611.234230914,1,1,1
1611.234231538,1,0,1
1611.234232298,0,0,1
1611.372958776,0,0,0
1611.372960050,0,1,0
1611.372960804,1,1,0
1611.511656678,1,1,1
1611.511657530,1,0,1
1611.511658280,0,0,1
1611.650384540,0,0,0
1611.650384980,0,1,0
1611.650386786,1,1,0
1611.789113506,1,1,1
1611.789113584,1,0,1
1611.789115388,0,0,1
1611.927840972,0,1,1
1611.927842304,0,1,0
1611.927843832,1,1,0
1612.066570452,1,0,0
1612.066571208,1,0,1
1612.066572434,0,0,1
1612.205267964,0,1,1
1612.205268132,0,1,0
1612.205269876,1,1,0
1612.343996570,1,0,0
1612.343997034,1,0,1
1612.343998478,0,0,1
1612.482694898,0,0,0
1612.482696456,0,1,0
1612.482696922,1,1,0
1612.621392498,1,0,0
1612.621393800,1,0,1
1612.621394462,0,0,1
1612.760120660,0,0,0
1612.760121950,0,1,0
1612.760123028,1,1,0
1612.898850428,1,0,0
1612.898850564,1,0,1
1612.898851568,0,0,1
1613.037547426,0,0,0
1613.037547940,0,1,0
1613.037549074,1,1,0
1613.176276330,1,1,1
1613.176276422,1,0,1
1613.176277550,0,0,1
1613.314974192,0,0,0
1613.314975934,0,1,0
1613.314976120,1,1,0
1613.453703414,1,0,0
1613.453704094,1,0,1
1613.453704656,0,0,1
1613.592400018,0,0,0
1613.592401862,0,1,0
1613.592402162,1,1,0
1613.731097858,1,1,1
1613.731098406,1,0,1
1613.731099702,0,0,1
1613.869795856,0,1,1
1613.869796720,0,1,0
1613.869798146,1,1,0
1614.008525398,1,0,0
1614.008525560,1,0,1
1614.008526746,0,0,1
1614.147222848,0,1,1
1614.147223484,0,1,0
1614.147224252,1,1,0
1614.285919328,1,0,0
1614.285919388,1,0,1
1614.285921730,0,0,1
1614.424618840,0,1,1
1614.424619312,0,1,0
1614.424620298,1,1,0
1614.563347382,1,0,0
1614.563348152,1,0,1
1614.563348836,0,0,1
1614.702075832,0,1,1
1614.702076076,0,1,0
1614.702077342,1,1,0
1614.840772916,1,1,1
1614.840774374,1,0,1
1614.840774880,0,0,1
1614.979470840,0,0,0
1614.979471824,0,1,0
1614.979472388,1,1,0
1615.118198744,1,1,1
1615.118199240,1,0,1
1615.118200924,0,0,1
1615.256896606,0,0,0
1615.256897816,0,1,0
1615.256899432,1,1,0
1615.395595508,1,1,1
1615.395596296,1,0,1
1615.395596908,0,0,1
1615.534292432,0,0,0
1615.534292746,0,1,0
1615.534294476,1,1,0
1615.672991226,1,0,0
1615.672992336,1,0,1
1615.672993014,0,0,1
1615.811688738,0,1,1
1615.811690196,0,1,0
1615.811690520,1,1,0
1615.950417038,1,1,1
1615.950417218,1,0,1
1615.950419058,0,0,1
1616.089115730,0,1,1
1616.089115962,0,1,0
1616.089117564,1,1,0
1616.227905210,1,0,0
1616.227906862,1,0,1
1616.227907104,0,0,1
1616.366603662,0,0,0
1616.366603722,0,1,0
1616.366604608,1,1,0
1616.505300628,1,1,1
1616.505301200,1,0,1
1616.505302148,0,0,1
1616.644029490,0,0,0
1616.644029714,0,1,0
1616.644030652,1,1,0
1616.782727330,1,1,1
1616.782728568,1,0,1
1616.782729190,0,0,1
1616.921424644,0,1,1
1616.921425252,0,1,0
1616.921426698,1,1,0
1617.060122156,1,1,1
1617.060123184,1,0,1
1617.060124234,0,0,1
1617.198851018,0,0,0
1617.198851636,0,1,0
1617.198852742,1,1,0
1617.337548920,1,1,1
1617.337549176,1,0,1
1617.337551278,0,0,1
1617.476246626,0,1,1
1617.476247220,0,1,0
1617.476248724,1,1,0
1617.614943684,1,1,1
1617.614944168,1,0,1
1617.614946324,0,0,1
1617.753643618,0,1,1
1617.753644544,0,1,0
1617.753644830,1,1,0
1617.892371160,1,0,0
1617.892371448,1,0,1
1617.892373368,0,0,1
1618.031069610,0,1,1
1618.031070310,0,1,0
1618.031070872,1,1,0
1618.169767090,1,0,0
1618.169768214,1,0,1
1618.169769412,0,0,1
1618.308495602,0,1,1
1618.308496074,0,1,0
1618.308496918,1,1,0
1618.447193976,1,1,1
1618.447194144,1,0,1
1618.447195456,0,0,1
1618.585891594,0,1,1
1618.585891900,0,1,0
1618.585893024,1,1,0
1618.724590804,1,1,1
1618.724591072,1,0,1
1618.724591500,0,0,1
1618.863286664,0,0,0
1618.863287772,0,1,0
1618.863289006,1,1,0
1619.001985568,1,1,1
1619.001986064,1,0,1
1619.001986546,0,0,1
1619.140682428,0,0,0
1619.140683516,0,1,0
1619.140684988,1,1,0
1619.279381056,1,0,0
1619.279381394,1,0,1
1619.279382586,0,0,1
1619.418079506,0,1,1
1619.418080256,0,1,0
1619.418081156,1,1,0
1619.556777048,1,0,0
1619.556777096,1,0,1
1619.556778630,0,0,1
1619.695474498,0,1,1
1619.695475018,0,1,0
1619.695476138,1,1,0
1619.834172038,1,0,0
1619.834173860,1,0,1
1619.834174676,0,0,1
1619.972870720,0,0,0
1619.972871490,0,1,0
1619.972872244,1,1,0
1620.111568624,1,1,1
1620.111569968,1,0,1
1620.111570720,0,0,1
1620.250265420,0,1,1
1620.250266548,0,1,0
1620.250268226,1,1,0
1620.388995022,1,0,0
1620.388995388,1,0,1
1620.388996762,0,0,1
1620.527691410,0,1,1
1620.527692374,0,1,0
1620.527694268,1,1,0
1620.666390952,1,0,0
1620.666392214,1,0,1
1620.666392806,0,0,1
1620.805088074,0,0,0
1620.805088464,0,1,0
1620.805090374,1,1,0
1620.943785978,1,1,1
1620.943786944,1,0,1
1620.943787850,0,0,1
1621.082513394,0,1,1
1621.082513900,0,1,0
1621.082516354,1,1,0
1621.221212742,1,1,1
1621.221213936,1,0,1
1621.221214954,0,0,1
1621.359910604,0,0,0
1621.359911446,0,1,0
1621.359912398,1,1,0
1621.498609506,1,1,1
1621.498609926,1,0,1
1621.498610998,0,0,1
1621.637306430,0,0,0
1621.637307376,0,1,0
1621.637308506,1,1,0
1621.776034854,1,0,0
1621.776035334,1,0,1
1621.776036980,0,0,1
1621.914733194,0,0,0
1621.914733368,0,1,0
1621.914734550,1,1,0
1622.053492034,1,1,1
1622.053492848,1,0,1
1622.053494022,0,0,1
1622.192188358,0,1,1
1622.192189958,0,1,0
1622.192191592,1,1,0
1622.330918798,1,1,1
1622.330918902,1,0,1
1622.330920066,0,0,1
1622.469615722,0,0,0
1622.469616288,0,1,0
1622.469617636,1,1,0
1622.608313768,1,0,0
1622.608314626,1,0,1
1622.608316174,0,0,1
1622.747042278,0,1,1
1622.747042486,0,1,0
1622.747044678,1,1,0
1622.885740202,1,1,1
1622.885740822,1,0,1
1622.885742216,0,0,1
1623.024469314,0,0,0
1623.024469334,0,1,0
1623.024470660,1,1,0
1623.163197876,1,0,0
1623.163198092,1,0,1
1623.163199260,0,0,1
1623.301896078,0,0,0
1623.301896264,0,1,0
1623.301896704,1,1,0
1623.440592918,1,1,1
1623.440593804,1,0,1
1623.440595306,0,0,1
1623.579322190,0,1,1
1623.579322840,0,1,0
1623.579323872,1,1,0
1623.718020744,1,1,1
1623.718020796,1,0,1
1623.718021286,0,0,1
1623.856716246,0,1,1
1623.856716606,0,1,0
1623.856718854,1,1,0
1623.995415724,1,0,0
1623.995416446,1,0,1
1623.995417392,0,0,1
1624.134113174,0,1,1
1624.134114370,0,1,0
1624.134114834,1,1,0
1624.272871716,1,0,0
1624.272873272,1,0,1
1624.272874436,0,0,1
1624.411569166,0,1,1
1624.411570134,0,1,0
1624.411571880,1,1,0
1624.550267708,1,0,0
1624.550269036,1,0,1
1624.550269480,0,0,1
1624.688966960,0,0,0
1624.688967158,0,1,0
1624.688967984,1,1,0
1624.827663700,1,0,0
1624.827663800,1,0,1
1624.827665522,0,0,1
1624.966361724,0,0,0
1624.966364028,1,0,0
1624.966364150,1,1,0
1625.105060502,1,1,1
1625.105060628,1,0,1
1625.105061566,0,0,1
1625.243757426,0,0,0
1625.243758140,0,1,0
1625.243759072,1,1,0
1625.382455390,1,1,1
1625.382456996,1,0,1
1625.382457610,0,0,1
1625.521213070,0,1,1
1625.521215250,0,1,0
1625.521216116,1,1,0
1625.659912610,1,0,0
1625.659914154,1,0,1
1625.659914652,0,0,1
1625.798610124,0,1,1
1625.798611952,0,1,0
1625.798612160,1,1,0
1625.937368602,1,0,0
1625.937368918,1,0,1
1625.937370634,0,0,1
1626.076067052,0,1,1
1626.076068780,0,1,0
1626.076069202,1,1,0
1626.214764594,1,0,0
1626.214765682,1,0,1
1626.214766740,0,0,1
1626.353464044,0,1,1
1626.353464542,0,1,0
1626.353465184,1,1,0
1626.492190446,1,1,1
1626.492191584,1,0,1
1626.492192784,0,0,1
1626.630888308,0,0,0
1626.630891034,0,1,0
1626.630891226,1,1,0
1626.769618210,1,1,1
1626.769619576,1,0,1
1626.769619826,0,0,1
1626.908316026,0,1,1
1626.908316134,0,1,0
1626.908317334,1,1,0
1627.047013974,1,1,1
1627.047014504,1,0,1
1627.047015870,0,0,1
1627.185711896,0,0,0
1627.185713016,0,1,0
1627.185713376,1,1,0
1627.324408496,1,0,0
1627.324409800,1,0,1
1627.324410914,0,0,1
1627.463106598,0,0,0
1627.463108946,0,1,0
1627.463109356,1,1,0
1627.601804424,1,0,0
1627.601805564,1,0,1
1627.601806956,0,0,1
1627.740502998,0,1,1
1627.740503424,0,1,0
1627.740504464,1,1,0
1627.879201478,1,0,0
1627.879202266,1,0,1
1627.879203000,0,0,1
1628.017928928,0,1,1
1628.017930188,0,1,0
1628.017931444,1,1,0
1628.156627090,1,1,1
1628.156627470,1,0,1
1628.156629044,0,0,1
1628.295355952,0,0,0
1628.295356918,0,1,0
1628.295357550,1,1,0
1628.434052856,1,1,1
1628.434054460,1,0,1
1628.434055086,0,0,1
1628.572750972,0,1,1
1628.572751778,0,1,0
1628.572753592,1,1,0
1628.711448618,1,1,1
1628.711450326,1,0,1
1628.711451068,0,0,1
1628.850147480,0,0,0
1628.850147838,0,1,0
1628.850149636,1,1,0
1628.988876382,1,1,1
1628.988877380,1,0,1
1628.988878174,0,0,1
1629.127574244,0,0,0
1629.127575680,1,0,0
1629.127575830,1,1,0
1629.266270372,1,0,0
1629.266271146,1,0,1
1629.266273218,0,0,1
1629.404969822,0,1,1
1629.404970070,0,1,0
1629.404971722,1,1,0
1629.543667364,1,0,0
1629.543668910,1,0,1
1629.543669198,0,0,1
1629.682366834,0,0,0
1629.682367000,0,1,0
1629.682367766,1,1,0
1629.821063354,1,0,0
1629.821064736,1,0,1
1629.821065306,0,0,1
1629.959820802,0,1,1
1629.959822598,0,1,0
1629.959823810,1,1,0
1630.098521346,1,0,0
1630.098522350,0,0,0
1630.098522440,0,0,1
1630.237217424,0,0,0
1630.237217794,0,1,0
1630.237219852,1,1,0
1630.375916336,1,0,0
1630.375917266,1,0,1
1630.375918392,0,0,1
1630.514643124,0,0,0
1630.514644786,0,1,0
1630.514645896,1,1,0
1630.653342030,1,1,1
1630.653343330,1,0,1
1630.653344436,0,0,1
1630.792039890,0,0,0
1630.792041714,0,1,0
1630.792041942,1,1,0
1630.930738256,1,0,0
1630.930738792,1,0,1
1630.930740480,0,0,1
1631.069436714,0,0,0
1631.069437706,0,1,0
1631.069437984,1,1,0
1631.208194556,1,1,1
1631.208195246,1,0,1
1631.208196520,0,0,1
1631.346892758,0,1,1
1631.346893478,0,1,0
1631.346895026,1,1,0
1631.485590256,1,1,1
1631.485592176,1,0,1
1631.485592564,0,0,1
1631.624288688,0,1,1
1631.624290180,0,1,0
1631.624291132,1,1,0
1631.762987082,1,1,1
1631.762988230,1,0,1
1631.762988672,0,0,1
1631.901714742,0,1,1
1631.901716006,0,1,0
1631.901717114,1,1,0
1632.040413094,1,0,0
1632.040413848,1,0,1
1632.040414714,0,0,1
1632.179111670,0,1,1
1632.179111770,0,1,0
1632.179113156,1,1,0
1632.317809148,1,0,0
1632.317809672,1,0,1
1632.317810694,0,0,1
1632.456537534,0,0,0
1632.456537660,0,1,0
1632.456539264,1,1,0
1632.595265438,1,1,1
1632.595266140,1,0,1
1632.595267738,0,0,1
1632.733963296,0,0,0
1632.733964652,0,1,0
1632.733965244,1,1,0
1632.872661202,1,1,1
1632.872662132,1,0,1
1632.872663782,0,0,1
1633.011420580,0,1,1
1633.011421060,0,1,0
1633.011422348,1,1,0
1633.150118964,1,1,1
1633.150119058,1,0,1
1633.150120824,0,0,1
1633.288816570,0,1,1
1633.288816950,0,1,0
1633.288818330,1,1,0
1633.427513112,1,0,0
1633.427514728,1,0,1
1633.427515868,0,0,1
1633.566212562,0,1,1
1633.566212650,0,1,0
1633.566214374,1,1,0
1633.704910042,1,0,0
1633.704911242,1,0,1
1633.704911910,0,0,1
1633.843607478,0,0,0
1633.843608614,0,1,0
1633.843609480,1,1,0
1633.982306094,1,0,0
1633.982306316,1,0,1
1633.982308016,0,0,1
1634.121003178,0,0,0
1634.121004544,0,1,0
1634.121005460,1,1,0
1634.259702022,1,0,0
1634.259703080,1,0,1
1634.259703998,0,0,1
1634.398400534,0,1,1
1634.398401004,0,1,0
1634.398401566,1,1,0
1634.537096844,1,1,1
1634.537098014,1,0,1
1634.537099040,0,0,1
1634.675795524,0,1,1
1634.675795704,0,1,0
1634.675797548,1,1,0
1634.814493608,1,1,1
1634.814495004,1,0,1
1634.814495146,0,0,1
1634.953191516,0,1,1
1634.953191532,0,1,0
1634.953193652,1,1,0
1635.091888934,1,0,0
1635.091889370,1,0,1
1635.091891128,0,0,1
1635.230587294,0,0,0
1635.230587444,0,1,0
1635.230588632,1,1,0
1635.369285986,1,0,0
1635.369286196,1,0,1
1635.369287234,0,0,1
1635.507983120,0,0,0
1635.507983436,0,1,0
1635.507984738,1,1,0
1635.646710914,1,0,0
1635.646710960,1,0,1
1635.646713278,0,0,1
1635.785410426,0,1,1
1635.785410820,0,1,0
1635.785411782,1,1,0
1635.924107722,1,1,1
1635.924107904,1,0,1
1635.924109258,0,0,1
1636.062804584,0,0,0
1636.062805792,0,1,0
1636.062806826,1,1,0
1636.201503486,1,1,1
1636.201503896,1,0,1
1636.201505364,0,0,1
1636.340200406,0,1,1
1636.340201410,0,1,0
1636.340202868,1,1,0
1636.478898188,1,1,1
1636.478898886,1,0,1
1636.478900406,0,0,1
1636.617596334,0,1,1
1636.617597174,0,1,0
1636.617598912,1,1,0
1636.756294076,1,1,1
1636.756294876,1,0,1
1636.756296512,0,0,1
1636.895053324,0,1,1
1636.895053938,0,1,0
1636.895055956,1,1,0
1637.033751866,1,0,0
1637.033752838,1,0,1
1637.033753556,0,0,1
1637.172449762,0,0,0
1637.172450316,0,1,0
1637.172450998,1,1,0
1637.311147856,1,0,0
1637.311148538,1,0,1
1637.311149536,0,0,1
1637.449875306,0,1,1
1637.449877462,0,1,0
1637.449877978,1,1,0
1637.588604302,1,1,1
1637.588605848,1,0,1
1637.588606580,0,0,1
1637.727301296,0,1,1
1637.727302224,0,1,0
1637.727304146,1,1,0
1637.866030190,1,1,1
1637.866031776,1,0,1
1637.866032620,0,0,1
1638.004728286,0,1,1
1638.004729050,0,1,0
1638.004730188,1,1,0
1638.143426764,1,0,0
1638.143426954,1,0,1
1638.143428664,0,0,1
1638.282123276,0,1,1
1638.282123814,0,1,0
1638.282126168,1,1,0
1638.420822654,1,1,1
1638.420822756,1,0,1
1638.420824706,0,0,1
1638.559520576,0,0,0
1638.559521206,0,1,0
1638.559522274,1,1,0
1638.698279416,1,1,1
1638.698279682,1,0,1
1638.698280812,0,0,1
1638.836977340,0,0,0
1638.836978194,0,1,0
1638.836979318,1,1,0
1638.975675492,1,1,1
1638.975675736,1,0,1
1638.975676792,0,0,1
1639.114373102,0,0,0
1639.114374186,0,1,0
1639.114375298,1,1,0
1639.253071006,1,1,1
1639.253071726,1,0,1
1639.253072898,0,0,1
1639.391860866,0,0,0
1639.391861174,0,1,0
1639.391862404,1,1,0
1639.530557768,1,1,1
1639.530558654,1,0,1
1639.530559878,0,0,1
1639.669318166,0,1,1
1639.669318628,0,1,0
1639.669319382,1,1,0
1639.808014708,1,0,0
1639.808015532,1,0,1
1639.808016920,0,0,1
1639.946773392,0,0,0
1639.946775156,0,1,0
1639.946776426,1,1,0
1640.085471294,1,1,1
1640.085471696,1,0,1
1640.085473964,0,0,1
1640.224200146,0,1,1
1640.224201218,0,1,0
1640.224202468,1,1,0
1640.362928376,1,0,0
1640.362929058,1,0,1
1640.362931006,0,0,1
1640.501626980,0,0,0
1640.501627074,0,1,0
1640.501628574,1,1,0
1640.640324616,1,0,0
1640.640324820,1,0,1
1640.640327050,0,0,1
1640.779022066,0,1,1
1640.779023244,0,1,0
1640.779024554,1,1,0
1640.917750646,1,1,1
1640.917751606,1,0,1
1640.917753090,0,0,1
1641.056479506,0,0,0
1641.056480056,0,1,0
1641.056481660,1,1,0
1641.195178410,1,1,1
1641.195178536,1,0,1
1641.195179196,0,0,1
1641.333876270,0,0,0
1641.333877640,1,0,0
1641.333878046,1,1,0
1641.472573588,1,0,0
1641.472574110,1,0,1
1641.472575238,0,0,1
1641.611271096,0,0,0
1641.611272038,0,1,0
1641.611272746,1,1,0
1641.749968516,1,0,0
1641.749970000,1,0,1
1641.749971282,0,0,1
1641.888697796,0,0,0
1641.888697964,0,1,0
1641.888699788,1,1,0
1642.027394506,1,0,0
1642.027395698,1,0,1
1642.027397326,0,0,1
1642.166092558,0,0,0
1642.166094018,0,1,0
1642.166094768,1,1,0
1642.304791462,1,1,1
1642.304791498,1,0,1
1642.304793368,0,0,1
1642.443488946,0,1,1
1642.443490386,0,1,0
1642.443490874,1,1,0
1642.582218050,1,0,0
1642.582218412,1,0,1
1642.582219350,0,0,1
1642.720915086,0,0,0
1642.720915936,0,1,0
1642.720916916,1,1,0
1642.859644050,1,1,1
1642.859644416,1,0,1
1642.859645390,0,0,1
1642.998341910,0,0,0
1642.998341928,0,1,0
1642.998343960,1,1,0
1643.137071468,1,0,0
1643.137071814,1,0,1
1643.137072498,0,0,1
1643.275767674,0,0,0
1643.275768854,0,1,0
1643.275770002,1,1,0
1643.414496458,1,0,0
1643.414497578,1,0,1
1643.414498538,0,0,1
1643.553194500,0,0,0
1643.553195908,0,1,0
1643.553196046,1,1,0
1643.691892340,1,1,1
1643.691892388,1,0,1
1643.691894582,0,0,1
1643.830589836,0,1,1
1643.830591200,0,1,0
1643.830592090,1,1,0
1643.969289104,1,1,1
1643.969289376,1,0,1
1643.969290688,0,0,1
1644.107985828,0,1,1
1644.107987024,0,1,0
1644.107988132,1,1,0
1644.246683866,1,1,1
1644.246684368,1,0,1
1644.246685666,0,0,1
1644.385382880,0,1,1
1644.385383102,0,1,0
1644.385384172,1,1,0
1644.524080630,1,1,1
1644.524081420,1,0,1
1644.524081710,0,0,1
1644.662777370,0,1,1
1644.662778552,0,1,0
1644.662780214,1,1,0
1644.801476286,1,0,0
1644.801476454,1,0,1
1644.801477814,0,0,1
1644.940174316,0,0,0
1644.940174798,0,1,0
1644.940175320,1,1,0
1645.078871276,1,0,0
1645.078872154,1,0,1
1645.078873794,0,0,1
1645.217569078,0,0,0
1645.217570726,0,1,0
1645.217571300,1,1,0
1645.356268268,1,0,0
1645.356268980,1,0,1
1645.356269900,0,0,1
1645.494965716,0,1,1
1645.494966840,0,1,0
1645.494967404,1,1,0
1645.633663320,1,0,0
1645.633663742,1,0,1
1645.633664942,0,0,1
1645.772361708,0,1,1
1645.772362666,0,1,0
1645.772363384,1,1,0
1645.911059248,1,0,0
1645.911060506,1,0,1
1645.911060986,0,0,1
1646.049756698,0,1,1
1646.049757428,0,1,0
1646.049758488,1,1,0
1646.188455144,1,1,1
1646.188455176,1,0,1
1646.188457026,0,0,1
1646.327153192,0,0,0
1646.327153626,0,1,0
1646.327154532,1,1,0
1646.465851166,1,0,0
1646.465852032,1,0,1
1646.465853130,0,0,1
1646.604548954,0,0,0
1646.604549678,0,1,0
1646.604550572,1,1,0
1646.743245094,1,0,0
1646.743245856,1,0,1
1646.743248110,0,0,1
1646.881944716,0,0,0
1646.881945918,0,1,0
1646.881946616,1,1,0
1647.020641620,1,1,1
1647.020643148,1,0,1
1647.020644092,0,0,1
1647.159340660,0,1,1
1647.159341542,0,1,0
1647.159342658,1,1,0
1647.298069382,1,1,1
1647.298071138,1,0,1
1647.298071196,0,0,1
1647.436766588,0,1,1
1647.436767242,0,1,0
1647.436768700,1,1,0
1647.575495066,1,0,0
1647.575495144,1,0,1
1647.575497238,0,0,1
1647.714193578,0,1,1
1647.714194004,0,1,0
1647.714194742,1,1,0
1647.852920970,1,1,1
1647.852921118,1,0,1
1647.852923282,0,0,1
1647.991618830,0,0,0
1647.991620568,0,1,0
1647.991621848,1,1,0
1648.130317046,1,0,0
1648.130318668,1,0,1
1648.130319322,0,0,1
1648.269014592,0,0,0
1648.269015622,0,1,0
1648.269016826,1,1,0
1648.407713494,1,1,1
1648.407714038,1,0,1
1648.407715426,0,0,1
1648.546411418,0,0,0
1648.546411550,0,1,0
1648.546412870,1,1,0
1648.685109028,1,0,0
1648.685109194,1,0,1
1648.685110408,0,0,1
1648.823805540,0,1,1
1648.823808116,0,1,0
1648.823808912,1,1,0
1648.962505020,1,1,1
1648.962505268,1,0,1
1648.962506510,0,0,1
1649.101232880,0,0,0
1649.101233468,0,1,0
1649.101234954,1,1,0
1649.239991720,1,1,1
1649.239992008,1,0,1
1649.239994492,0,0,1
1649.378689704,0,0,0
1649.378690520,0,1,0
1649.378691996,1,1,0
1649.517387544,1,1,1
1649.517387998,1,0,1
1649.517389596,0,0,1
1649.656085468,0,0,0
1649.656086448,0,1,0
1649.656088038,1,1,0
1649.794782990,1,0,0
1649.794784370,1,0,1
1649.794785576,0,0,1
1649.933483230,0,0,0
1649.933483438,0,1,0
1649.933484142,1,1,0
1650.072179916,1,0,0
1650.072181068,1,0,1
1650.072181680,0,0,1
1650.210907930,0,0,0
1650.210908428,0,1,0
1650.210910184,1,1,0
1650.349605970,1,0,0
1650.349606894,1,0,1
1650.349607722,0,0,1
1650.488303754,0,0,0
1650.488304356,0,1,0
1650.488306164,1,1,0
1650.627001658,1,1,1
1650.627001898,1,0,1
1650.627003764,0,0,1
1650.765698410,0,1,1
1650.765699518,0,1,0
1650.765701208,1,1,0
1650.904397418,1,1,1
1650.904398890,1,0,1
1650.904399808,0,0,1
1651.043095338,0,1,1
1651.043096280,0,1,0
1651.043097250,1,1,0
1651.181793880,1,0,0
1651.181794182,1,0,1
1651.181795788,0,0,1
1651.320492042,0,0,0
1651.320492328,0,1,0
1651.320493354,1,1,0
1651.459220006,1,1,1
1651.459220808,1,0,1
1651.459221892,0,0,1
1651.597948318,0,1,1
1651.597948804,0,1,0
1651.597950396,1,1,0
1651.736676768,1,1,1
1651.736678798,1,0,1
1651.736678934,0,0,1
1651.875374566,0,0,0
1651.875375310,0,1,0
1651.875376438,1,1,0
1652.014073470,1,1,1
1652.014074850,1,0,1
1652.014074912,0,0,1
1652.152771236,0,1,1
1652.152771454,0,1,0
1652.152772480,1,1,0
1652.291468294,1,1,1
1652.291468780,1,0,1
1652.291470018,0,0,1
1652.430196290,0,1,1
1652.430197154,0,1,0
1652.430198460,1,1,0
1652.568894770,1,0,0
1652.568896056,1,0,1
1652.568897060,0,0,1
1652.707592978,0,0,0
1652.707593218,0,1,0
1652.707594564,1,1,0
1652.846351698,1,0,0
1652.846351818,1,0,1
1652.846353102,0,0,1
1652.985049678,0,0,0
1652.985050210,0,1,0
1652.985051606,1,1,0
1653.123778642,1,1,1
1653.123779688,1,0,1
1653.123780144,0,0,1
1653.262475566,0,0,0
1653.262476260,0,1,0
1653.262477648,1,1,0
1653.401174404,1,1,1
1653.401174740,1,0,1
1653.401176248,0,0,1
1653.539873188,0,1,1
1653.539873204,0,1,0
1653.539873690,1,1,0
1653.678569668,1,0,0
1653.678570106,1,0,1
1653.678571228,0,0,1
1653.817268028,0,0,0
1653.817268118,0,1,0
1653.817269732,1,1,0
1653.955965658,1,0,0
1653.955965866,1,0,1
1653.955967270,0,0,1
1654.094663788,0,0,0
1654.094664170,0,1,0
1654.094664774,1,1,0
1654.233361648,1,0,0
1654.233361690,1,0,1
1654.233363374,0,0,1
1654.372059614,0,0,0
1654.372060098,0,1,0
1654.372060878,1,1,0
1654.510787454,1,1,1
1654.510787576,1,0,1
1654.510789352,0,0,1
1654.649485376,0,0,0
1654.649486088,0,1,0
1654.649487858,1,1,0
1654.788183216,1,1,1
1654.788183630,1,0,1
1654.788185394,0,0,1
1654.926911138,0,0,0
1654.926912016,0,1,0
1654.926913898,1,1,0
1655.065609978,1,1,1
1655.065610620,1,0,1
1655.065611498,0,0,1
1655.204369006,0,1,1
1655.204369838,0,1,0
1655.204371002,1,1,0
1655.343065740,1,1,1
1655.343066046,1,0,1
1655.343068478,0,0,1
1655.481763996,0,1,1
1655.481764600,0,1,0
1655.481765982,1,1,0
1655.620492502,1,1,1
1655.620493536,1,0,1
1655.620494582,0,0,1
1655.759191424,0,0,0
1655.759192048,0,1,0
1655.759193024,1,1,0
1655.897889264,1,1,1
1655.897890526,1,0,1
1655.897890562,0,0,1
1656.036587038,0,1,1
1656.036587188,0,1,0
1656.036589066,1,1,0
1656.175315088,1,1,1
1656.175315518,1,0,1
1656.175316602,0,0,1
1656.314013948,0,0,0
1656.314013966,0,1,0
1656.314015170,1,1,0
1656.452710444,1,0,0
1656.452710788,1,0,1
1656.452712708,0,0,1
1656.591409956,0,1,1
1656.591410774,0,1,0
1656.591411148,1,1,0
1656.730107434,1,0,0
1656.730107614,1,0,1
1656.730108688,0,0,1
1656.868804848,0,0,0
1656.868804946,0,1,0
1656.868806254,1,1,0
1657.007502374,1,1,1
1657.007503426,1,0,1
1657.007504790,0,0,1
1657.146199874,0,1,1
1657.146200298,0,1,0
1657.146202234,1,1,0
1657.284899200,1,1,1
1657.284899478,1,0,1
1657.284900832,0,0,1
1657.423595996,0,0,0
1657.423596864,0,1,0
1657.423598338,1,1,0
1657.562293962,1,1,1
1657.562294718,1,0,1
1657.562295812,0,0,1
1657.700992822,0,0,0
1657.700992854,0,1,0
1657.700994378,1,1,0
1657.839689662,1,1,1
1657.839690396,1,0,1
1657.839691854,0,0,1
1657.978417582,0,0,0
1657.978417844,0,1,0
1657.978420358,1,1,0
1658.117116322,1,0,0
1658.117116486,1,0,1
1658.117117958,0,0,1
1658.255814834,0,1,1
1658.255815346,0,1,0
1658.255816462,1,1,0
1658.394512186,1,1,1
1658.394512250,1,0,1
1658.394513938,0,0,1
1658.533211170,0,0,0
1658.533211824,0,1,0
1658.533212504,1,1,0
1658.671908302,1,0,0
1658.671908448,1,0,1
1658.671910042,0,0,1
1658.810636870,0,0,0
1658.810637814,0,1,0
1658.810638546,1,1,0
1658.949334292,1,0,0
1658.949334772,1,0,1
1658.949336020,0,0,1
1659.088031694,0,0,0
1659.088033742,0,1,0
1659.088034588,1,1,0
1659.226729470,1,1,1
1659.226731282,1,0,1
1659.226732062,0,0,1
1659.365458456,0,0,0
1659.365459730,0,1,0
1659.365460630,1,1,0
1659.504156296,1,1,1
1659.504157272,1,0,1
1659.504158166,0,0,1
1659.642854720,0,1,1
1659.642855156,0,1,0
1659.642856672,1,1,0
1659.781583200,1,0,0
1659.781584120,1,0,1
1659.781585208,0,0,1
1659.920279710,0,1,1
1659.920281916,0,1,0
1659.920282774,1,1,0
1660.058978252,1,0,0
1660.058979820,1,0,1
1660.058981248,0,0,1
1660.197676638,0,1,1
1660.197678742,0,1,0
1660.197678754,1,1,0
1660.336374178,1,0,0
1660.336374644,1,0,1
1660.336376290,0,0,1
1660.475073690,0,1,1
1660.475074502,0,1,0
1660.475074794,1,1,0
1660.613769344,1,1,1
1660.613771168,1,0,1
1660.613772332,0,0,1
1660.752468266,0,0,0
1660.752469680,0,1,0
1660.752470836,1,1,0
1660.891227096,1,0,0
1660.891227106,1,0,1
1660.891229372,0,0,1
1661.029925090,0,0,0
1661.029925606,0,1,0
1661.029926876,1,1,0
1661.168623148,1,0,0
1661.168623992,1,0,1
1661.168625414,0,0,1
1661.307320534,0,1,1
1661.307320852,0,1,0
1661.307322920,1,1,0
1661.446050074,1,0,0
1661.446050692,1,0,1
1661.446051516,0,0,1
1661.584746552,0,0,0
1661.584748650,0,1,0
1661.584748962,1,1,0
1661.723445064,1,0,0
1661.723446452,1,0,1
1661.723447496,0,0,1
1661.862174376,0,0,0
1661.862174576,0,1,0
1661.862175938,1,1,0
1662.000872116,1,0,0
1662.000872214,1,0,1
1662.000873474,0,0,1
1662.139568502,0,1,1
1662.139569138,0,1,0
1662.139571042,1,1,0
1662.278267044,1,0,0
1662.278268288,1,0,1
1662.278269642,0,0,1
1662.416965900,0,0,0
1662.416966554,0,1,0
1662.416967084,1,1,0
1662.555664034,1,0,0
1662.555664738,1,0,1
1662.555665620,0,0,1
1662.694361662,0,0,0
1662.694362482,0,1,0
1662.694363124,1,1,0
1662.833059960,1,0,0
1662.833060564,1,0,1
1662.833060600,0,0,1
1662.971757472,0,1,1
1662.971758484,0,1,0
1662.971759166,1,1,0
1663.110515324,1,1,1
1663.110516952,1,0,1
1663.110517642,0,0,1
1663.249214184,0,0,0
1663.249214462,0,1,0
1663.249216144,1,1,0
1663.387912088,1,1,1
1663.387912940,1,0,1
1663.387913744,0,0,1
1663.526609948,0,0,0
1663.526610388,0,1,0
1663.526611248,1,1,0
1663.665308848,1,1,1
1663.665308930,1,0,1
1663.665309786,0,0,1
1663.804036378,0,1,1
1663.804036708,0,1,0
1663.804038290,1,1,0
1663.942734674,1,1,1
1663.942734920,1,0,1
1663.942735764,0,0,1
1664.081432972,0,0,0
1664.081433432,0,1,0
1664.081434330,1,1,0
1664.220130910,1,0,0
1664.220131436,1,0,1
1664.220131868,0,0,1
1664.358827294,0,0,0
1664.358828358,0,1,0
1664.358829374,1,1,0
1664.497526900,1,0,0
1664.497527198,1,0,1
1664.497527910,0,0,1
1664.636224058,0,0,0
1664.636224286,0,1,0
1664.636225414,1,1,0
1664.774921896,1,1,1
1664.774923888,1,0,1
1664.774923952,0,0,1
1664.913619276,0,1,1
1664.913619820,0,1,0
1664.913621392,1,1,0
1665.052316816,1,0,0
1665.052317722,1,0,1
1665.052318992,0,0,1
1665.191015644,0,0,0
1665.191016328,0,1,0
1665.191017498,1,1,0
1665.329712484,1,1,1
1665.329712806,1,0,1
1665.329715034,0,0,1
1665.468442256,0,1,1
1665.468442408,0,1,0
1665.468443538,1,1,0
1665.607139246,1,1,1
1665.607139858,1,0,1
1665.607141076,0,0,1
1665.745868168,0,0,0
1665.745868244,0,1,0
1665.745869580,1,1,0
1665.884566008,1,1,1
1665.884566786,1,0,1
1665.884568116,0,0,1
1666.023264234,0,1,1
1666.023264930,0,1,0
1666.023265622,1,1,0
1666.161962026,1,0,0
1666.161962770,1,0,1
1666.161963096,0,0,1
1666.300690224,0,1,1
1666.300690692,0,1,0
1666.300691662,1,1,0
1666.439387532,1,1,1
1666.439388766,1,0,1
1666.439390138,0,0,1
1666.578116150,0,1,1
1666.578117454,0,1,0
1666.578118706,1,1,0
1666.716814358,1,1,1
1666.716814692,1,0,1
1666.716816304,0,0,1
1666.855511218,0,0,0
1666.855512202,0,1,0
1666.855513746,1,1,0
1666.994240118,1,1,1
1666.994240682,1,0,1
1666.994242284,0,0,1
1667.132939130,0,1,1
1667.132939978,0,1,0
1667.132940850,1,1,0
1667.271636670,1,0,0
1667.271636882,1,0,1
1667.271638324,0,0,1
1667.410364804,0,0,0
1667.410365118,0,1,0
1667.410366892,1,1,0
1667.549062580,1,1,1
1667.549063662,1,0,1
1667.549064304,0,0,1
1667.687761110,0,1,1
1667.687761190,0,1,0
1667.687762870,1,1,0
1667.826458588,1,0,0
1667.826459404,1,0,1
1667.826460406,0,0,1
1667.965187098,0,1,1
1667.965188326,0,1,0
1667.965188910,1,1,0
1668.103885168,1,1,1
1668.103885576,1,0,1
1668.103887448,0,0,1
1668.242583088,0,1,1
1668.242584952,1,1,1
1668.242585090,1,1,0
1668.381279990,1,1,1
1668.381280566,1,0,1
1668.381282490,0,0,1
1668.520009016,0,1,1
1668.520009850,0,1,0
1668.520010994,1,1,0
1668.658707556,1,0,0
1668.658708752,1,0,1
1668.658709530,0,0,1
1668.797405068,0,1,1
1668.797405612,0,1,0
1668.797407034,1,1,0
1668.936103452,1,1,1
1668.936103484,1,0,1
1668.936104572,0,0,1
1669.074801374,0,0,0
1669.074801994,0,1,0
1669.074803078,1,1,0
1669.213529214,1,1,1
1669.213530472,1,0,1
1669.213531612,0,0,1
1669.352227136,0,0,0
1669.352227922,0,1,0
1669.352229180,1,1,0
1669.490925850,1,1,1
1669.490926462,1,0,1
1669.490927718,0,0,1
1669.629622962,0,0,0
1669.629623972,0,1,0
1669.629625160,1,1,0
1669.768320862,1,1,1
1669.768321450,1,0,1
1669.768322694,0,0,1
1669.907018902,0,1,1
1669.907020660,0,1,0
1669.907021198,1,1,0
1670.045716440,1,0,0
1670.045717560,1,0,1
1670.045718736,0,0,1
1670.184414952,0,1,1
1670.184415484,0,1,0
1670.184416240,1,1,0
1670.323112430,1,0,0
1670.323113324,1,0,1
1670.323114778,0,0,1
1670.461840440,0,1,1
1670.461841246,0,1,0
1670.461843282,1,1,0
1670.600570418,1,0,0
1670.600571086,1,0,1
1670.600571820,0,0,1
1670.739297868,0,1,1
1670.739299008,0,1,0
1670.739300262,1,1,0
1670.877995910,1,1,1
1670.877996408,1,0,1
1670.877997860,0,0,1
1671.016692770,0,0,0
1671.016694796,0,1,0
1671.016695426,1,1,0
1671.155392336,1,0,0
1671.155392672,1,0,1
1671.155393902,0,0,1
1671.294089530,0,0,0
1671.294089784,0,1,0
1671.294091408,1,1,0
1671.432787494,1,1,1
1671.432788326,1,0,1
1671.432789944,0,0,1
1671.571515838,0,1,1
1671.571517292,0,1,0
1671.571517448,1,1,0
1671.710244252,1,0,0
1671.710244256,1,0,1
1671.710246046,0,0,1
1671.848942764,0,1,1
1671.848943054,0,1,0
1671.848944428,1,1,0
1671.987640304,1,0,0
1671.987640956,1,0,1
1671.987642026,0,0,1
1672.126338752,0,1,1
1672.126338878,0,1,0
1672.126340530,1,1,0
1672.265035718,1,1,1
1672.265036232,1,0,1
1672.265038132,0,0,1
1672.403733640,0,0,0
1672.403733742,0,1,0
1672.403735510,1,1,0
1672.542461542,1,1,1
1672.542463220,1,0,1
1672.542464108,0,0,1
1672.681160606,0,1,1
1672.681161402,0,1,0
1672.681162614,1,1,0
1672.819858208,1,0,0
1672.819858304,1,0,1
1672.819860150,0,0,1
1672.958616658,0,1,1
1672.958617162,0,1,0
1672.958618592,1,1,0
1673.097315002,1,1,1
1673.097315198,1,0,1
1673.097317192,0,0,1
1673.236012708,0,1,1
1673.236012988,0,1,0
1673.236014696,1,1,0
1673.374710888,1,1,1
1673.374711188,1,0,1
1673.374713170,0,0,1
1673.513409636,0,1,1
1673.513410686,0,1,0
1673.513410738,1,1,0
1673.652105176,1,0,0
1673.652107586,1,0,1
1673.652108274,0,0,1
1673.790806508,0,0,0
1673.790806688,0,1,0
1673.790806780,1,1,0
1673.929502104,1,0,0
1673.929504254,0,0,0
1673.929504348,0,0,1
1674.068200614,0,1,1
1674.068201270,0,1,0
1674.068202820,1,1,0
1674.206899092,1,0,0
1674.206899172,1,0,1
1674.206900358,0,0,1
1674.345596604,0,1,1
1674.345597094,0,1,0
1674.345597924,1,1,0
1674.484294934,1,1,1
1674.484296082,1,0,1
1674.484296400,0,0,1
1674.622992592,0,1,1
1674.622993792,0,1,0
1674.622993904,1,1,0
1674.761720632,1,1,1
1674.761721070,1,0,1
1674.761722442,0,0,1
1674.900418554,0,0,0
1674.900418582,0,1,0
1674.900419946,1,1,0
1675.039116060,1,0,0
1675.039116456,1,0,1
1675.039118484,0,0,1
1675.177845570,0,1,1
1675.177846376,0,1,0
1675.177846924,1,1,0
1675.316574050,1,0,0
1675.316574216,1,0,1
1675.316575522,0,0,1
1675.455272138,0,0,0
1675.455272560,0,1,0
1675.455273028,1,1,0
1675.593969038,1,0,0
1675.593969976,1,0,1
1675.593970564,0,0,1
1675.732697486,0,1,1
1675.732697900,0,1,0
1675.732699132,1,1,0
1675.871396800,1,1,1
1675.871397026,1,0,1
1675.871397606,0,0,1
1676.010093598,0,0,0
1676.010094476,0,1,0
1676.010095110,1,1,0
1676.148792016,1,0,0
1676.148792562,1,0,1
1676.148793710,0,0,1
1676.287489422,0,0,0
1676.287489528,0,1,0
1676.287491152,1,1,0
1676.426187942,1,0,0
1676.426188322,1,0,1
1676.426188690,0,0,1
1676.564886182,0,0,0
1676.564886390,0,1,0
1676.564887194,1,1,0
1676.703613994,1,0,0
1676.703614084,1,0,1
1676.703615732,0,0,1
1676.842312006,0,0,0
1676.842312380,0,1,0
1676.842313236,1,1,0
1676.981008782,1,1,1
1676.981008922,1,0,1
1676.981010772,0,0,1
1677.119707704,0,0,0
1677.119708432,0,1,0
1677.119709278,1,1,0
1677.258405608,1,1,1
1677.258405910,1,0,1
1677.258406814,0,0,1
1677.397103358,0,1,1
1677.397103528,0,1,0
1677.397105318,1,1,0
1677.535801366,1,1,1
1677.535801898,1,0,1
1677.535802918,0,0,1
1677.674498410,0,1,1
1677.674499288,0,1,0
1677.674500360,1,1,0
1677.813197888,1,0,0
1677.813198192,1,0,1
1677.813198896,0,0,1
1677.951894336,0,1,1
1677.951895050,0,1,0
1677.951896464,1,1,0
1678.090593888,1,1,1
1678.090594878,1,0,1
1678.090595002,0,0,1
1678.229289812,0,0,0
1678.229290324,0,1,0
1678.229292444,1,1,0
1678.368018866,1,0,0
1678.368019650,1,0,1
1678.368021042,0,0,1
1678.506748314,0,1,1
1678.506748572,0,1,0
1678.506749484,1,1,0
1678.645476412,1,1,1
1678.645476854,1,0,1
1678.645478082,0,0,1
1678.784173332,0,0,0
1678.784174302,0,1,0
1678.784175524,1,1,0
1678.922871172,1,1,1
1678.922871780,1,0,1
1678.922873062,0,0,1
1679.061570290,0,1,1
1679.061571156,0,1,0
1679.061571630,1,1,0
1679.200266996,1,1,1
1679.200267768,1,0,1
1679.200269102,0,0,1
1679.338965918,0,0,0
1679.338966218,0,1,0
1679.338967608,1,1,0
1679.477662758,1,0,0
1679.477663756,1,0,1
1679.477665144,0,0,1
1679.616361144,0,1,1
1679.616361678,0,1,0
1679.616362712,1,1,0
1679.755088518,1,1,1
1679.755089684,1,0,1
1679.755091248,0,0,1
1679.893788256,0,1,1
1679.893788440,0,1,0
1679.893789752,1,1,0
1680.032485672,1,0,0
1680.032487228,0,0,0
1680.032487278,0,0,1
1680.171183184,0,1,1
1680.171184200,0,1,0
1680.171185794,1,1,0
1680.309880662,1,0,0
1680.309882040,1,0,1
1680.309883330,0,0,1
1680.448578962,0,0,0
1680.448579110,0,1,0
1680.448580834,1,1,0
1680.587277650,1,0,0
1680.587277862,1,0,1
1680.587279308,0,0,1
1680.725974722,0,0,0
1680.725975098,0,1,0
1680.725976878,1,1,0
1680.864703686,1,1,1
1680.864704576,1,0,1
1680.864705350,0,0,1
1681.003401088,0,1,1
1681.003401482,0,1,0
1681.003402916,1,1,0
1681.142100384,1,1,1
1681.142100566,1,0,1
1681.142101452,0,0,1
1681.280797076,0,1,1
1681.280798306,0,1,0
1681.280798956,1,1,0
1681.419495208,1,1,1
1681.419495554,1,0,1
1681.419497432,0,0,1
1681.558193066,0,1,1
1681.558194004,0,1,0
1681.558194936,1,1,0
1681.696891970,1,1,1
1681.696892536,0,1,1
1681.696892606,0,0,1
1681.835588828,0,0,0
1681.835589052,0,1,0
1681.835591040,1,1,0
1681.974286532,1,0,0
1681.974286544,1,0,1
1681.974288516,0,0,1
1682.112984526,0,0,0
1682.112986042,0,1,0
1682.112987080,1,1,0
1682.251682522,1,0,0
1682.251683428,1,0,1
1682.251684616,0,0,1
1682.390380032,0,1,1
1682.390380350,0,1,0
1682.390382058,1,1,0
1682.529078446,1,0,0
1682.529079252,1,0,1
1682.529080596,0,0,1
1682.667776958,0,1,1
1682.667777110,0,1,0
1682.667778164,1,1,0
1682.806474498,1,0,0
1682.806475014,1,0,1
1682.806476700,0,0,1
1682.945171872,0,0,0
1682.945171946,0,1,0
1682.945174142,1,1,0
1683.083869774,1,1,1
1683.083870488,1,0,1
1683.083871740,0,0,1
1683.222568632,0,0,0
1683.222568934,0,1,0
1683.222570246,1,1,0
1683.361266414,1,0,0
1683.361266534,1,0,1
1683.361267720,0,0,1
1683.499964456,0,0,0
1683.499964924,0,1,0
1683.499965284,1,1,0
1683.638662402,1,0,0
1683.638663296,1,0,1
1683.638663822,0,0,1
1683.777358912,0,1,1
1683.777360592,0,1,0
1683.777361326,1,1,0
1683.916058390,1,0,0
1683.916059058,1,0,1
1683.916059802,0,0,1
1684.054785840,0,1,1
1684.054786978,0,1,0
1684.054788368,1,1,0
1684.193483818,1,1,1
1684.193484316,1,0,1
1684.193485840,0,0,1
1684.332181738,0,0,0
1684.332181828,0,1,0
1684.332183346,1,1,0
1684.470880306,1,0,0
1684.470880642,1,0,1
1684.470881944,0,0,1
1684.609609500,0,0,0
1684.609609816,0,1,0
1684.609610388,1,1,0
1684.748336402,1,1,1
1684.748337294,1,0,1
1684.748338986,0,0,1
1684.887034262,0,0,0
1684.887034804,0,1,0
1684.887036428,1,1,0
1685.025732282,1,0,0
1685.025733100,1,0,1
1685.025734026,0,0,1
1685.164430730,0,1,1
1685.164431084,0,1,0
1685.164432532,1,1,0
1685.303129272,1,0,0
1685.303129922,1,0,1
1685.303130066,0,0,1
1685.441827782,0,1,0
1685.441828572,1,1,0
1685.580523684,1,1,1
1685.580525322,1,0,1
1685.580526106,0,0,1
1685.719253606,0,0,0
1685.719253708,0,1,0
1685.719254612,1,1,0
1685.857950446,1,1,1
1685.857951246,1,0,1
1685.857952150,0,0,1
1685.996648758,0,1,1
1685.996649366,0,1,0
1685.996650654,1,1,0
1686.135376204,1,1,1
1686.135378234,1,0,1
1686.135379190,0,0,1
1686.274104684,0,1,1
1686.274106126,0,1,0
1686.274106692,1,1,0
1686.412833224,1,0,0
1686.412833966,1,0,1
1686.412835230,0,0,1
1686.551531672,0,1,1
1686.551531888,0,1,0
1686.551533734,1,1,0
1686.690229150,1,0,0
1686.690229790,1,0,1
1686.690231270,0,0,1
1686.828928598,0,1,1
1686.828928648,0,1,0
1686.828929774,1,1,0
1686.967626138,1,0,0
1686.967626550,1,0,1
1686.967627310,0,0,1
1687.106323410,0,0,0
1687.106323650,0,1,0
1687.106324816,1,1,0
1687.245022064,1,0,0
1687.245022374,1,0,1
1687.245023352,0,0,1
1687.383749576,0,1,1
1687.383749920,0,1,0
1687.383751856,1,1,0
1687.522478072,1,1,1
1687.522479052,1,0,1
1687.522480330,0,0,1
1687.661175994,0,0,0
1687.661176564,0,1,0
1687.661177898,1,1,0
1687.799874104,1,0,0
1687.799874832,1,0,1
1687.799875434,0,0,1
1687.938572614,0,1,1
1687.938572754,0,1,0
1687.938573936,1,1,0
1688.077269030,1,0,0
1688.077270656,1,0,1
1688.077271474,0,0,1
1688.215997516,0,0,0
1688.215997540,0,1,0
1688.215999978,1,1,0
1688.354695416,1,1,1
1688.354696018,1,0,1
1688.354697514,0,0,1
1688.493394338,0,0,0
1688.493394466,0,1,0
1688.493396018,1,1,0
1688.632092006,1,0,0
1688.632093116,1,0,1
1688.632093556,0,0,1
1688.770790516,0,1,1
1688.770791036,0,1,0
1688.770792058,1,1,0
1688.909486938,1,1,1
1688.909488994,1,0,1
1688.909489596,0,0,1
1689.048184442,0,1,1
1689.048185796,0,1,0
1689.048187102,1,1,0
1689.186884982,1,0,0
1689.186885074,1,0,1
1689.186885698,0,0,1
1689.325581620,0,0,0
1689.325582368,0,1,0
1689.325583202,1,1,0
1689.464279972,1,0,0
1689.464280458,1,0,1
1689.464281676,0,0,1
1689.602977420,0,1,1
1689.602977442,0,1,0
1689.602979182,1,1,0
1689.741675022,1,0,0
1689.741676220,1,0,1
1689.741676780,0,0,1
1689.880402142,0,0,0
1689.880403344,0,1,0
1689.880405222,1,1,0
1690.019101884,1,0,0
1690.019102980,1,0,1
1690.019103820,0,0,1
1690.157799902,0,0,0
1690.157800396,0,1,0
1690.157801262,1,1,0
1690.296496804,1,1,1
1690.296496874,1,0,1
1690.296498798,0,0,1
1690.435195322,0,1,1
1690.435195726,0,1,0
1690.435197302,1,1,0
1690.573892500,1,1,1
1690.573893862,1,0,1
1690.573894902,0,0,1
1690.712591424,0,0,0
1690.712592372,0,1,0
1690.712593344,1,1,0
1690.851289324,1,1,1
1690.851289788,1,0,1
1690.851290880,0,0,1
1690.989986246,0,0,0
1690.989987298,0,1,0
1690.989988384,1,1,0
1691.128714838,1,0,0
1691.128716086,1,0,1
1691.128716920,0,0,1
1691.267443286,0,1,1
1691.267444008,0,1,0
1691.267445424,1,1,0
1691.406142826,1,0,0
1691.406142846,1,0,1
1691.406143962,0,0,1
1691.544838766,0,0,0
1691.544839274,0,1,0
1691.544841464,1,1,0
1691.683537670,1,1,1
1691.683537690,1,0,1
1691.683539000,0,0,1
1691.822236262,0,1,1
1691.822236528,0,1,0
1691.822237568,1,1,0
1691.960932366,1,1,1
1691.960932490,1,0,1
1691.960935040,0,0,1
1692.099661352,0,0,0
1692.099662188,0,1,0
1692.099663546,1,1,0
1692.238359128,1,1,1
1692.238359728,1,0,1
1692.238361082,0,0,1
1692.377057238,0,1,1
1692.377058112,0,1,0
1692.377059586,1,1,0
1692.515755652,1,0,0
1692.515756952,1,0,1
1692.515757122,0,0,1
1692.654453874,0,0,0
1692.654454164,0,1,0
1692.654455688,1,1,0
1692.793181704,1,0,0
1692.793182712,1,0,1
1692.793184162,0,0,1
1692.931879570,0,0,0
1692.931880152,0,1,0
1692.931881666,1,1,0
1693.070577630,1,0,0
1693.070579202,0,0,0
1693.070579472,0,0,1
1693.209275140,0,1,1
1693.209276394,0,1,0
1693.209277706,1,1,0
1693.347972556,1,0,0
1693.347973232,1,0,1
1693.347975242,0,0,1
1693.486702128,0,1,1
1693.486702154,0,1,0
1693.486703684,1,1,0
1693.625398994,1,1,1
1693.625399606,1,0,1
1693.625401284,0,0,1
1693.764097914,0,0,0
1693.764098054,0,1,0
1693.764099788,1,1,0
1693.902795814,1,1,1
1693.902796594,1,0,1
1693.902797386,0,0,1
1694.041494674,0,0,0
1694.041495040,0,1,0
1694.041495830,1,1,0
1694.180190582,1,0,0
1694.180191576,1,0,1
1694.180193364,0,0,1
1694.318888438,0,0,0
1694.318890092,0,1,0
1694.318890870,1,1,0
1694.457587506,1,0,0
1694.457588336,1,0,1
1694.457589404,0,0,1
1694.596286018,0,1,1
1694.596286258,0,1,0
1694.596286910,1,1,0
1694.735013494,1,0,0
1694.735015098,1,0,1
1694.735015446,0,0,1
1694.873741958,0,0,0
1694.873742006,0,1,0
1694.873743950,1,1,0
1695.012439858,1,1,1
1695.012441544,1,0,1
1695.012441546,0,0,1
1695.151137930,0,1,1
1695.151139780,0,1,0
1695.151139990,1,1,0
1695.289835618,1,1,1
1695.289836470,1,0,1
1695.289837526,0,0,1
1695.428564918,0,1,1
1695.428565540,0,1,0
1695.428566030,1,1,0
1695.567261442,1,1,1
1695.567262396,1,0,1
1695.567263566,0,0,1
1695.705990906,0,1,1
1695.705991300,0,1,0
1695.705992132,1,1,0
1695.844688446,1,0,0
1695.844689200,1,0,1
1695.844690606,0,0,1
1695.983386894,0,1,1
1695.983387060,0,1,0
1695.983388110,1,1,0
1696.122085434,1,0,0
1696.122085900,1,0,1
1696.122086710,0,0,1
1696.260782320,0,0,0
1696.260783756,0,1,0
1696.260784214,1,1,0
1696.399480358,1,0,0
1696.399480720,1,0,1
1696.399481688,0,0,1
1696.538176808,0,1,1
1696.538179580,0,1,0
1696.538180190,1,1,0
1696.676876346,1,0,0
1696.676877544,1,0,1
1696.676877728,0,0,1
1696.815573796,0,1,1
1696.815575342,0,1,0
1696.815576292,1,1,0
1696.954271242,1,1,1
1696.954272334,1,0,1
1696.954273768,0,0,1
1697.092969782,0,1,1
1697.092970164,0,1,0
1697.092971334,1,1,0
1697.231698002,1,1,1
1697.231698260,1,0,1
1697.231699808,0,0,1
1697.370396924,0,0,0
1697.370397770,0,1,0
1697.370398312,1,1,0
1697.509093824,1,1,1
1697.509094310,1,0,1
1697.509095910,0,0,1
1697.647791686,0,0,0
1697.647791758,0,1,0
1697.647793414,1,1,0
1697.786551524,1,1,1
1697.786552298,1,0,1
1697.786552950,0,0,1
1697.925248446,0,0,0
1697.925248746,0,1,0
1697.925250392,1,1,0
1698.063947346,1,1,1
1698.063948224,1,0,1
1698.063948928,0,0,1
1698.202675734,0,1,1
1698.202676768,0,1,0
1698.202677494,1,1,0
1698.341374044,1,1,1
1698.341374968,0,1,1
1698.341375210,0,0,1
1698.480070658,0,1,1
1698.480071028,0,1,0
1698.480072534,1,1,0
1698.618768198,1,0,0
1698.618769866,1,0,1
1698.618771070,0,0,1
1698.757467646,0,1,1
1698.757468512,1,1,1
1698.757468726,1,1,0
1698.896164186,1,0,0
1698.896165626,1,0,1
1698.896166048,0,0,1
1699.034862548,0,0,0
1699.034862634,0,1,0
1699.034864552,1,1,0
1699.173560174,1,0,0
1699.173560386,1,0,1
1699.173562152,0,0,1
1699.312258246,0,0,0
1699.312259684,0,1,0
1699.312260592,1,1,0
1699.450956148,1,1,1
1699.450957098,1,0,1
1699.450958190,0,0,1
1699.589685068,0,0,0
1699.589686634,1,0,0
1699.589686672,1,1,0
1699.728413906,1,1,1
1699.728414086,1,0,1
1699.728415230,0,0,1
1699.867110534,0,1,1
1699.867110642,0,1,0
1699.867112736,1,1,0
1700.005809730,1,1,1
1700.005810074,1,0,1
1700.005811208,0,0,1
1700.144507522,0,1,1
1700.144507588,0,1,0
1700.144508714,1,1,0
1700.283204060,1,0,0
1700.283205428,1,0,1
1700.283206312,0,0,1
1700.421932570,0,1,1
1700.421933412,0,1,0
1700.421934816,1,1,0
1700.560631300,1,0,0
1700.560632250,1,0,1
1700.560633352,0,0,1
1700.699360496,0,1,1
1700.699361172,0,1,0
1700.699361856,1,1,0
1700.838058010,1,1,1
1700.838058036,1,0,1
1700.838059394,0,0,1
1700.976755484,0,1,1
1700.976755932,0,1,0
1700.976756894,1,1,0
1701.115452770,1,1,1
1701.115454022,1,0,1
1701.115455432,0,0,1
1701.254181692,0,0,0
1701.254182534,0,1,0
1701.254183874,1,1,0
1701.392940948,1,0,0
1701.392941530,1,0,1
1701.392942472,0,0,1
1701.531639452,0,0,0
1701.531639458,0,1,0
1701.531640976,1,1,0
1701.670366352,1,1,1
1701.670366998,1,0,1
1701.670368514,0,0,1
1701.809065274,0,0,0
1701.809065446,0,1,0
1701.809067016,1,1,0
1701.947791924,1,0,0
1701.947794112,1,0,1
1701.947795552,0,0,1
1702.086491434,0,1,1
1702.086492034,0,1,0
1702.086493056,1,1,0
1702.225219848,1,0,0
1702.225219874,1,0,1
1702.225221592,0,0,1
1702.363948420,0,1,1
1702.363948794,0,1,0
1702.363950096,1,1,0
1702.502646634,1,1,1
1702.502646836,1,0,1
1702.502647632,0,0,1
1702.641344492,0,0,0
1702.641345346,0,1,0
1702.641346136,1,1,0
1702.780041822,1,0,0
1702.780042394,1,0,1
1702.780043672,0,0,1
1702.918740332,0,1,1
1702.918742176,1,1,1
1702.918742314,1,1,0
1703.057437152,1,1,1
1703.057438872,1,0,1
1703.057439712,0,0,1
1703.196166320,0,1,1
1703.196168076,0,1,0
1703.196168154,1,1,0
1703.334863914,1,1,1
1703.334864798,1,0,1
1703.334865752,0,0,1
1703.473561834,0,0,0
1703.473562244,0,1,0
1703.473564320,1,1,0
1703.612289736,1,1,1
1703.612290786,1,0,1
1703.612292794,0,0,1
1703.751049596,0,0,0
1703.751050296,0,1,0
1703.751051296,1,1,0
1703.889746774,1,0,0
1703.889747496,1,0,1
1703.889748896,0,0,1
1704.028446220,0,1,1
1704.028446356,0,1,0
1704.028447398,1,1,0
1704.167174760,1,0,0
1704.167175256,1,0,1
1704.167175936,0,0,1
1704.305872178,0,0,0
1704.305872270,0,1,0
1704.305873438,1,1,0
1704.444569686,1,0,0
1704.444570016,1,0,1
1704.444570912,0,0,1
1704.583268194,0,1,1
1704.583268874,0,1,0
1704.583269416,1,1,0
1704.721965734,1,0,0
1704.721965838,1,0,1
1704.721967016,0,0,1
1704.860694634,0,0,0
1704.860695182,0,1,0
1704.860695520,1,1,0
1704.999421598,1,1,1
1704.999422660,1,0,1
1704.999424058,0,0,1
1705.138119456,0,0,0
1705.138120170,0,1,0
1705.138121498,1,1,0
1705.276818108,1,1,1
1705.276818646,1,0,1
1705.276820098,0,0,1
1705.415516218,0,0,0
1705.415517094,0,1,0
1705.415517602,1,1,0
1705.554244696,1,0,0
1705.554245118,1,0,1
1705.554246074,0,0,1
1705.692942976,0,0,0
1705.692943082,0,1,0
1705.692944578,1,1,0
1705.831640560,1,0,0
1705.831640878,1,0,1
1705.831642178,0,0,1
1705.970337800,0,0,0
1705.970338070,0,1,0
1705.970339618,1,1,0
1706.109035638,1,1,1
1706.109036548,1,0,1
1706.109038218,0,0,1
1706.247733996,0,1,1
1706.247734496,0,1,0
1706.247735722,1,1,0
1706.386432460,1,1,1
1706.386432536,1,0,1
1706.386434258,0,0,1
1706.525130046,0,1,1
1706.525131698,1,1,1
1706.525132318,1,1,0
1706.663826522,1,0,0
1706.663828158,1,0,1
1706.663829298,0,0,1
1706.802525970,0,1,1
1706.802527078,0,1,0
1706.802527802,1,1,0
1706.941222980,1,1,1
1706.941223510,1,0,1
1706.941225338,0,0,1
1707.079921714,0,0,0
1707.079922458,0,1,0
1707.079922844,1,1,0
1707.218619498,1,0,0
1707.218619740,1,0,1
1707.218621378,0,0,1
1707.357316946,0,1,1
1707.357317598,0,1,0
1707.357318882,1,1,0
1707.496045486,1,0,0
1707.496045500,1,0,1
1707.496047358,0,0,1
1707.634743932,0,1,1
1707.634744358,0,1,0
1707.634745922,1,1,0
1707.773471258,1,1,1
1707.773471472,1,0,1
1707.773473460,0,0,1
1707.912170118,0,0,0
1707.912170920,0,1,0
1707.912171964,1,1,0
1708.050867398,1,0,0
1708.050869018,1,0,1
1708.050869498,0,0,1
1708.189566906,0,1,1
1708.189566940,0,1,0
1708.189568002,1,1,0
1708.328263844,1,1,1
1708.328264446,1,0,1
1708.328265540,0,0,1
1708.466991894,0,1,1
1708.466992700,0,1,0
1708.466994106,1,1,0
1708.605689370,1,0,0
1708.605690602,1,0,1
1708.605691516,0,0,1
1708.744417818,0,1,1
1708.744418460,0,1,0
1708.744420084,1,1,0
1708.883116360,1,0,0
1708.883118362,1,0,1
1708.883118620,0,0,1
1709.021845282,0,0,0
1709.021845806,0,1,0
1709.021847124,1,1,0
1709.160542058,1,1,1
1709.160543284,1,0,1
1709.160544660,0,0,1
1709.299239794,0,1,1
1709.299240978,0,1,0
1709.299242164,1,1,0
1709.437938332,1,0,0
1709.437939882,1,0,1
1709.437940700,0,0,1
1709.576636740,0,0,0
1709.576636780,0,1,0
1709.576638268,1,1,0
1709.715364640,1,1,1
1709.715365258,1,0,1
1709.715366740,0,0,1
1709.854093500,0,0,0
1709.854093706,0,1,0
1709.854095306,1,1,0
1709.992791246,1,0,0
1709.992791400,1,0,1
1709.992792780,0,0,1
1710.131489322,0,0,0
1710.131490756,0,1,0
1710.131491284,1,1,0
1710.270188222,1,1,1
1710.270188296,1,0,1
1710.270188820,0,0,1
1710.408885680,0,1,1
1710.408887018,0,1,0
1710.408887386,1,1,0
1710.547582158,1,0,0
1710.547583918,1,0,1
1710.547584860,0,0,1
1710.686279730,0,1,1
1710.686279842,0,1,0
1710.686282366,1,1,0
1710.825008206,1,0,0
1710.825008740,1,0,1
1710.825010902,0,0,1
1710.963707600,0,0,0
1710.963707718,0,1,0
1710.963709406,1,1,0
1711.102405132,1,0,0
1711.102405502,1,0,1
1711.102406940,0,0,1
1711.241102422,0,0,0
1711.241103642,0,1,0
1711.241104508,1,1,0
1711.379800260,1,1,1
1711.379800870,1,0,1
1711.379802982,0,0,1
1711.518498628,0,1,1
1711.518499182,0,1,0
1711.518500486,1,1,0
1711.657197084,1,1,1
1711.657199084,0,1,1
1711.657199168,0,0,1
1711.795894942,0,0,0
1711.795895554,0,1,0
1711.795896526,1,1,0
1711.934591778,1,1,1
1711.934592094,1,0,1
1711.934594062,0,0,1
1712.073290700,0,0,0
1712.073291540,0,1,0
1712.073292628,1,1,0
1712.211988080,1,0,0
1712.211989602,1,0,1
1712.211990164,0,0,1
1712.350685528,0,1,1
1712.350687462,0,1,0
1712.350688604,1,1,0
1712.489383298,1,1,1
1712.489385068,1,0,1
1712.489386142,0,0,1
1712.628081578,0,1,1
1712.628082220,0,1,0
1712.628083708,1,1,0
1712.766780054,1,0,0
1712.766780120,1,0,1
1712.766782182,0,0,1
1712.905477502,0,1,1
1712.905477980,0,1,0
1712.905479686,1,1,0
1713.044206042,1,0,0
1713.044206880,1,0,1
1713.044208284,0,0,1
1713.182903802,0,0,0
1713.182904428,0,1,0
1713.182905726,1,1,0
1713.321602640,1,1,1
1713.321602966,1,0,1
1713.321604262,0,0,1
1713.460300478,0,1,1
1713.460300562,0,1,0
1713.460301828,1,1,0
1713.599028402,1,1,1
1713.599029454,1,0,1
1713.599030300,0,0,1
1713.737726322,0,0,0
1713.737726402,0,1,0
1713.737727868,1,1,0
1713.876424160,1,1,1
1713.876424942,1,0,1
1713.876426404,0,0,1
1714.015153390,0,1,1
1714.015154080,0,1,0
1714.015154908,1,1,0
1714.153850922,1,1,1
1714.153850938,1,0,1
1714.153852382,0,0,1
1714.292548376,0,1,1
1714.292550842,0,1,0
1714.292550948,1,1,0
1714.431245978,1,0,0
1714.431247742,1,0,1
1714.431248422,0,0,1
1714.569975364,0,1,1
1714.569975600,0,1,0
1714.569976988,1,1,0
1714.708671902,1,0,0
1714.708672502,1,0,1
1714.708674524,0,0,1
1714.847371350,0,1,1
1714.847372424,0,1,0
1714.847373028,1,1,0
1714.986068262,1,1,1
1714.986069828,1,0,1
1714.986070562,0,0,1
1715.124765120,0,0,0
1715.124766338,0,1,0
1715.124768068,1,1,0
1715.263526020,1,1,1
1715.263527604,0,1,1
1715.263527814,0,0,1
1715.402222880,0,0,0
1715.402223324,0,1,0
1715.402225044,1,1,0
1715.540921844,1,1,1
1715.540922802,1,0,1
1715.540923644,0,0,1
1715.679619702,0,0,0
1715.679620248,0,1,0
1715.679621146,1,1,0
1715.818317602,1,1,1
1715.818317788,1,0,1
1715.818318682,0,0,1
1715.957015462,0,0,0
1715.957016300,0,1,0
1715.957017186,1,1,0
1716.095773778,1,0,0
1716.095774300,1,0,1
1716.095775722,0,0,1
1716.234472224,0,1,1
1716.234473220,0,1,0
1716.234474164,1,1,0
1716.373169762,1,0,0
1716.373170122,1,0,1
1716.373171764,0,0,1
1716.511867982,0,0,0
1716.511868148,0,1,0
1716.511869268,1,1,0
1716.650566688,1,0,0
1716.650566882,1,0,1
1716.650567802,0,0,1
1716.789294136,0,1,1
1716.789294802,0,1,0
1716.789296306,1,1,0
1716.927991642,1,1,1
1716.927992674,1,0,1
1716.927993780,0,0,1
1717.066720184,0,1,1
1717.066720562,0,1,0
1717.066722346,1,1,0
1717.205449402,1,1,1
1717.205450662,1,0,1
1717.205450820,0,0,1
1717.344146322,0,0,0
1717.344148110,0,1,0
1717.344148388,1,1,0
1717.482845222,1,1,1
1717.482846586,1,0,1
1717.482846922,0,0,1
1717.621573080,0,0,0
1717.621573096,0,1,0
1717.621575426,1,1,0
1717.760271636,1,0,0
1717.760271982,1,0,1
1717.760272962,0,0,1
1717.899000082,0,1,1
1717.899000904,0,1,0
1717.899001402,1,1,0
1718.037727742,1,1,1
1718.037728622,1,0,1
1718.037730000,0,0,1
1718.176486070,0,1,1
1718.176487600,0,1,0
1718.176488506,1,1,0
1718.315185502,1,1,1
1718.315185610,1,0,1
1718.315187104,0,0,1
1718.453882424,0,0,0
1718.453883056,0,1,0
1718.453884544,1,1,0
1718.592580260,1,1,1
1718.592580534,1,0,1
1718.592582080,0,0,1
1718.731308182,0,0,0
1718.731309980,0,1,0
1718.731310584,1,1,0
1718.870006520,1,0,0
1718.870007020,1,0,1
1718.870009118,0,0,1
1719.008704968,0,1,1
1719.008705942,0,1,0
1719.008706624,1,1,0
1719.147433444,1,0,0
1719.147433842,1,0,1
1719.147435160,0,0,1
1719.286130702,0,0,0
1719.286131954,0,1,0
1719.286132662,1,1,0
1719.424859494,1,0,0
1719.424860600,1,0,1
1719.424861198,0,0,1
1719.563558398,0,0,0
1719.563558940,0,1,0
1719.563559702,1,1,0
1719.702255362,1,1,1
1719.702255416,1,0,1
1719.702257240,0,0,1
1719.840954220,0,0,0
1719.840954928,0,1,0
1719.840955742,1,1,0
1719.979652120,1,1,1
1719.979652404,1,0,1
1719.979653280,0,0,1
1720.118348852,0,1,1
1720.118350042,0,1,0
1720.118350782,1,1,0
1720.257048392,1,0,0
1720.257048880,1,0,1
1720.257049318,0,0,1
1720.395775800,0,0,0
1720.395775900,0,1,0
1720.395777820,1,1,0
1720.534473378,1,0,0
1720.534473638,1,0,1
1720.534475356,0,0,1
1720.673171560,0,0,0
1720.673171888,0,1,0
1720.673172860,1,1,0
1720.811870364,1,0,0
1720.811870460,1,0,1
1720.811871458,0,0,1
1720.950566382,0,0,0
1720.950566750,0,1,0
1720.950568902,1,1,0
1721.089265288,1,0,0
1721.089266218,1,0,1
1721.089267436,0,0,1
1721.227964142,0,0,0
1721.227964798,0,1,0
1721.227964942,1,1,0
1721.366661338,1,0,0
1721.366661978,1,0,1
1721.366662476,0,0,1
1721.505358898,0,0,0
1721.505359724,0,1,0
1721.505360980,1,1,0
1721.644055798,1,1,1
1721.644057262,1,0,1
1721.644058514,0,0,1
1721.782754772,0,1,1
1721.782756596,0,1,0
1721.782757082,1,1,0
1721.921452250,1,0,0
1721.921453558,1,0,1
1721.921454554,0,0,1
1722.060149418,0,0,0
1722.060149446,0,1,0
1722.060152058,1,1,0
1722.198848174,1,0,0
1722.198849254,1,0,1
1722.198850658,0,0,1
1722.337546176,0,0,0
1722.337546746,0,1,0
1722.337548096,1,1,0
1722.476244222,1,0,0
1722.476245076,1,0,1
1722.476246634,0,0,1
1722.614941998,0,0,0
1722.614942670,0,1,0
1722.614944200,1,1,0
1722.753640208,1,0,0
1722.753640834,1,0,1
1722.753641672,0,0,1
1722.892338656,0,1,1
1722.892338694,0,1,0
1722.892340176,1,1,0
1723.031035658,1,1,1
1723.031036132,1,0,1
1723.031037712,0,0,1
1723.169764644,0,1,1
1723.169765516,0,1,0
1723.169766216,1,1,0
1723.308461182,1,0,0
1723.308461352,1,0,1
1723.308463752,0,0,1
1723.447160566,0,1,1
1723.447161274,0,1,0
1723.447162254,1,1,0
1723.585889112,1,1,1
1723.585890168,1,0,1
1723.585890790,0,0,1
1723.724586032,0,0,0
1723.724586678,0,1,0
1723.724588294,1,1,0
1723.863284934,1,1,1
1723.863285092,1,0,1
1723.863286830,0,0,1
1724.001981792,0,0,0
1724.001983602,0,1,0
1724.001984272,1,1,0
1724.140680692,1,1,1
1724.140681140,1,0,1
1724.140681870,0,0,1
1724.279379526,0,1,1
1724.279379550,0,1,0
1724.279380372,1,1,0
1724.418076002,1,0,0
1724.418076452,1,0,1
1724.418077970,0,0,1
1724.556773310,0,0,0
1724.556774512,0,1,0
1724.556775412,1,1,0
1724.695472050,1,0,0
1724.695473210,1,0,1
1724.695473946,0,0,1
1724.834169130,0,0,0
1724.834169498,0,1,0
1724.834171514,1,1,0
1724.972867038,1,0,0
1724.972868968,1,0,1
1724.972870048,0,0,1
1725.111565828,0,0,0
1725.111566484,0,1,0
1725.111567490,1,1,0
1725.250262728,1,1,1
1725.250263024,1,0,1
1725.250265088,0,0,1
1725.388992470,0,1,1
1725.388992648,0,1,0
1725.388993528,1,1,0
1725.527689946,1,0,0
1725.527690486,1,0,1
1725.527692126,0,0,1
1725.666388408,0,0,0
1725.666388456,0,1,0
1725.666389630,1,1,0
1725.805085934,1,0,0
1725.805087308,1,0,1
1725.805088166,0,0,1
1725.943814380,0,1,1
1725.943815166,0,1,0
1725.943815668,1,1,0
1726.082513066,1,1,1
1726.082513920,1,0,1
1726.082514204,0,0,1
1726.221210368,0,1,1
1726.221211644,1,1,1
1726.221211924,1,1,0
1726.359908824,1,1,1
1726.359908906,1,0,1
1726.359910180,0,0,1
1726.498605748,0,0,0
1726.498606352,0,1,0
1726.498607746,1,1,0
1726.637302894,1,0,0
1726.637303584,1,0,1
1726.637305282,0,0,1
1726.776001506,0,0,0
1726.776002340,0,1,0
1726.776003722,1,1,0
1726.914698816,1,0,0
1726.914700404,1,0,1
1726.914701322,0,0,1
1727.053398326,0,1,1
1727.053399264,0,1,0
1727.053399824,1,1,0
1727.192095804,1,0,0
1727.192096164,1,0,1
1727.192097298,0,0,1
1727.330824022,0,0,0
1727.330825312,0,1,0
1727.330825862,1,1,0
1727.469521852,1,0,0
1727.469521862,1,0,1
1727.469523400,0,0,1
1727.608250844,0,0,0
1727.608251236,0,1,0
1727.608251902,1,1,0
1727.746978682,1,1,1
1727.746978774,1,0,1
1727.746980376,0,0,1
1727.885675222,0,1,1
1727.885676602,0,1,0
1727.885677942,1,1,0
1728.024374760,1,0,0
1728.024376440,1,0,1
1728.024376480,0,0,1
1728.163072360,0,0,0
1728.163073208,0,1,0
1728.163073980,1,1,0
1728.301770684,1,0,0
1728.301771198,1,0,1
1728.301772516,0,0,1
1728.440467194,0,1,1
1728.440469120,0,1,0
1728.440469956,1,1,0
1728.579165020,1,1,1
1728.579165670,1,0,1
1728.579167554,0,0,1
1728.717863182,0,1,1
1728.717864878,0,1,0
1728.717866058,1,1,0
1728.856562656,1,0,0
1728.856562778,1,0,1
1728.856563594,0,0,1
1728.995260104,0,1,1
1728.995260638,0,1,0
1728.995262096,1,1,0
1729.133957538,1,1,1
1729.133958642,1,0,1
1729.133959634,0,0,1
1729.272656152,0,1,1
1729.272656396,0,1,0
1729.272657136,1,1,0
1729.411383360,1,1,1
1729.411384628,1,0,1
1729.411385672,0,0,1
1729.550083076,0,1,1
1729.550084156,0,1,0
1729.550084238,1,1,0
1729.688810554,1,0,0
1729.688812054,1,0,1
1729.688812710,0,0,1
1729.827507976,0,0,0
1729.827509062,0,1,0
1729.827510212,1,1,0
1729.966266538,1,0,0
1729.966266814,1,0,1
1729.966268748,0,0,1
1730.104964734,0,0,0
1730.104965048,0,1,0
1730.104967314,1,1,0
1730.243694636,1,1,1
1730.243695524,1,0,1
1730.243695788,0,0,1
1730.382391494,0,0,0
1730.382392034,0,1,0
1730.382393352,1,1,0
1730.521090394,1,1,1
1730.521090510,1,0,1
1730.521091826,0,0,1
1730.659787956,0,1,1
1730.659788252,0,1,0
1730.659789330,1,1,0
1730.798485152,1,1,1
1730.798485432,1,0,1
1730.798486928,0,0,1
1730.937213004,0,1,1
1730.937214010,0,1,0
1730.937215368,1,1,0
1731.075942418,1,0,0
1731.075942910,1,0,1
1731.075943964,0,0,1
1731.214640832,0,0,0
1731.214641928,0,1,0
1731.214642406,1,1,0
1731.353337668,1,1,1
1731.353338466,1,0,1
1731.353339942,0,0,1
1731.492034588,0,0,0
1731.492036976,0,1,0
1731.492037506,1,1,0
1731.630734390,1,0,0
1731.630734428,1,0,1
1731.630736042,0,0,1
1731.769430348,0,0,0
1731.769430900,0,1,0
1731.769433484,1,1,0
1731.908160186,1,1,1
1731.908160376,1,0,1
1731.908162080,0,0,1
1732.046856886,0,1,1
1732.046859108,0,1,0
1732.046859584,1,1,0
1732.185556008,1,1,1
1732.185556424,1,0,1
1732.185558120,0,0,1
1732.324253864,0,0,0
1732.324253872,0,1,0
1732.324255624,1,1,0
1732.462981764,1,1,1
1732.462982410,1,0,1
1732.462984096,0,0,1
1732.601679624,0,0,0
1732.601679856,0,1,0
1732.601681662,1,1,0
1732.740377524,1,1,1
1732.740379334,1,0,1
1732.740380196,0,0,1
1732.879137382,0,0,0
1732.879138702,1,0,0
1732.879138842,1,1,0
1733.017835282,1,1,1
1733.017835320,1,0,1
1733.017837236,0,0,1
1733.156532766,0,1,1
1733.156533202,0,1,0
1733.156534676,1,1,0
1733.295230242,1,0,0
1733.295231102,1,0,1
1733.295232214,0,0,1
1733.433928752,0,1,1
1733.433928898,0,1,0
1733.433930778,1,1,0
1733.572626862,1,1,1
1733.572627228,1,0,1
1733.572628316,0,0,1
1733.711324674,0,1,1
1733.711324720,0,1,0
1733.711326816,1,1,0
1733.850022278,1,0,0
1733.850022556,1,0,1
1733.850024352,0,0,1
1733.988750660,0,1,1
1733.988751478,0,1,0
1733.988752854,1,1,0
1734.127448380,1,1,1
1734.127449200,1,0,1
1734.127450390,0,0,1
1734.266147710,0,1,1
1734.266148298,0,1,0
1734.266148894,1,1,0
1734.404845124,1,0,0
1734.404845136,1,0,1
1734.404846430,0,0,1
1734.543543632,0,1,1
1734.543544056,0,1,0
1734.543544932,1,1,0
1734.682240958,1,1,1
1734.682241172,1,0,1
1734.682242468,0,0,1
1734.820938680,0,1,1
1734.820938752,0,1,0
1734.820939972,1,1,0
1734.959636096,1,0,0
1734.959636652,1,0,1
1734.959638506,0,0,1
1735.098334604,0,1,1
1735.098335574,0,1,0
1735.098336010,1,1,0
1735.237031474,1,1,1
1735.237033080,1,0,1
1735.237033544,0,0,1
1735.375729590,0,1,1
1735.375730330,0,1,0
1735.375732110,1,1,0
1735.514428230,1,1,1
1735.514429066,1,0,1
1735.514429584,0,0,1
1735.653127152,0,0,0
1735.653127574,0,1,0
1735.653128086,1,1,0
1735.791823990,1,1,1
1735.791824052,1,0,1
1735.791825684,0,0,1
1735.930520562,0,1,1
1735.930520846,0,1,0
1735.930523188,1,1,0
1736.069220038,1,0,0
1736.069220748,1,0,1
1736.069221660,0,0,1
1736.207917484,0,1,1
1736.207917668,0,1,0
1736.207919226,1,1,0
1736.346615960,1,0,0
1736.346616506,1,0,1
1736.346617762,0,0,1
1736.485313364,0,0,0
1736.485313470,0,1,0
1736.485315202,1,1,0
1736.624011946,1,0,0
1736.624012264,1,0,1
1736.624012738,0,0,1
1736.762739456,0,1,1
1736.762740122,0,1,0
1736.762741302,1,1,0
1736.901438932,1,0,0
1736.901439776,0,0,0
1736.901440084,0,0,1
1737.040135442,0,1,1
1737.040136942,0,1,0
1737.040137342,1,1,0
1737.178834842,1,1,1
1737.178834918,1,0,1
1737.178835878,0,0,1
1737.317531426,0,1,1
1737.317532700,0,1,0
1737.317533380,1,1,0
1737.456260598,1,1,1
1737.456260904,1,0,1
1737.456261916,0,0,1
1737.594957520,0,0,0
1737.594958350,0,1,0
1737.594959418,1,1,0
1737.733657358,1,1,1
1737.733657886,1,0,1
1737.733657888,0,0,1
1737.872384278,0,0,0
1737.872385334,0,1,0
1737.872386456,1,1,0
1738.011110936,1,0,0
1738.011113116,1,0,1
1738.011113992,0,0,1
1738.149841034,0,0,0
1738.149841320,0,1,0
1738.149842558,1,1,0
1738.288569872,1,1,1
1738.288570858,1,0,1
1738.288571030,0,0,1
1738.427266368,0,1,1
1738.427268792,0,1,0
1738.427269532,1,1,0
1738.565996630,1,1,1
1738.565996844,1,0,1
1738.565998006,0,0,1
1738.704693290,0,1,1
1738.704695548,0,1,0
1738.704695570,1,1,0
1738.843422450,1,1,1
1738.843423830,1,0,1
1738.843424106,0,0,1
1738.981785340,0,1,1
1738.981786308,0,1,0
1738.981786610,1,1,0
1739.120237816,1,0,0
1739.120239206,1,0,1
1739.120240146,0,0,1
1739.258325064,0,0,0
1739.258326266,0,1,0
1739.258327652,1,1,0
1739.396504806,1,0,0
1739.396504964,1,0,1
1739.396506250,0,0,1
1739.534682882,0,0,0
1739.534684192,0,1,0
1739.534685754,1,1,0
1739.672863780,1,1,1
1739.672863800,1,0,1
1739.672865354,0,0,1
1739.811134638,0,0,0
1739.811135242,0,1,0
1739.811135920,1,1,0
1739.949494540,1,1,1
1739.949495720,1,0,1
1739.949497392,0,0,1
1740.087858460,0,0,0
1740.087859230,0,1,0
1740.087859896,1,1,0
1740.226220358,1,1,1
1740.226220770,1,0,1
1740.226222494,0,0,1
1740.364583216,0,0,0
1740.364583280,0,1,0
1740.364584998,1,1,0
1740.502945054,1,1,1
1740.502945696,1,0,1
1740.502946536,0,0,1
1740.641307974,0,0,0
1740.641308142,0,1,0
1740.641309102,1,1,0
1740.779670744,1,0,0
1740.779670872,1,0,1
1740.779671574,0,0,1
1740.918030192,0,1,1
1740.918031792,0,1,0
1740.918033142,1,1,0
1741.056393318,1,1,1
1741.056393670,1,0,1
1741.056395676,0,0,1
1741.194756180,0,1,1
1741.194756550,0,1,0
1741.194758180,1,1,0
1741.333117658,1,0,0
1741.333118386,1,0,1
1741.333119716,0,0,1
1741.471480042,0,1,1
1741.471480306,0,1,0
1741.471482222,1,1,0
1741.609843206,1,1,1
1741.609843644,1,0,1
1741.609844818,0,0,1
1741.748206126,0,0,0
1741.748206156,0,1,0
1741.748207322,1,1,0
1741.886567694,1,0,0
1741.886568024,1,0,1
1741.886568858,0,0,1
1742.024928820,0,0,0
1742.024929142,0,1,0
1742.024931426,1,1,0
1742.163291782,1,1,1
1742.163292618,1,0,1
1742.163293898,0,0,1
1742.301653640,0,0,0
1742.301654068,0,1,0
1742.301655466,1,1,0
1742.440015608,1,0,0
1742.440016538,1,0,1
1742.440017936,0,0,1
1742.578379118,0,1,1
1742.578379458,0,1,0
1742.578380504,1,1,0
1742.716738658,1,0,0
1742.716740296,1,0,1
1742.716742040,0,0,1
1742.855102166,0,1,1
1742.855103466,0,1,0
1742.855104606,1,1,0
1742.993465582,1,0,0
1742.993466052,1,0,1
1742.993467080,0,0,1
1743.131826972,0,0,0
1743.131828030,0,1,0
1743.131829584,1,1,0
1743.270188632,1,0,0
1743.270189934,1,0,1
1743.270191180,0,0,1
1743.408551142,0,1,1
1743.408552792,0,1,0
1743.408553748,1,1,0
1743.546945628,1,1,1
1743.546946222,0,1,1
1743.546946558,0,0,1
1743.685307068,0,1,1
1743.685307548,0,1,0
1743.685308726,1,1,0
1743.823669446,1,1,1
1743.823669544,1,0,1
1743.823671324,0,0,1
1743.962031366,0,0,0
1743.962032054,0,1,0
1743.962032828,1,1,0
1744.100393594,1,0,0
1744.100394266,1,0,1
1744.100395426,0,0,1
1744.238755122,0,0,0
1744.238757104,0,1,0
1744.238757866,1,1,0
1744.377116518,1,0,0
1744.377117960,1,0,1
1744.377119464,0,0,1
1744.515480028,0,1,1
1744.515480880,0,1,0
1744.515481968,1,1,0
1744.653843568,1,0,0
1744.653843778,1,0,1
1744.653844504,0,0,1
1744.792203700,0,0,0
1744.792204016,0,1,0
1744.792206072,1,1,0
1744.930567534,1,1,1
1744.930568492,1,0,1
1744.930568544,0,0,1
1745.068928454,0,0,0
1745.068929066,0,1,0
1745.068931110,1,1,0
1745.207292290,1,1,1
1745.207292480,1,0,1
1745.207293646,0,0,1
1745.345652988,0,1,1
1745.345654210,0,1,0
1745.345655148,1,1,0
1745.484015110,1,1,1
1745.484016468,1,0,1
1745.484017746,0,0,1
1745.622378030,0,0,0
1745.622379040,0,1,0
1745.622380188,1,1,0
1745.760739454,1,0,0
1745.760739930,1,0,1
1745.760741726,0,0,1
1745.899102964,0,1,1
1745.899103786,0,1,0
1745.899104292,1,1,0
1746.037464440,1,0,0
1746.037464622,1,0,1
1746.037466826,0,0,1
1746.175826542,0,0,0
1746.175826950,0,1,0
1746.175828330,1,1,0
1746.314219428,1,0,0
1746.314220442,1,0,1
1746.314221866,0,0,1
1746.452582000,0,1,1
1746.452582736,0,1,0
1746.452583370,1,1,0
1746.591036476,1,0,0
1746.591037260,1,0,1
1746.591037968,0,0,1
1746.729580118,0,0,0
1746.729580922,0,1,0
1746.729582408,1,1,0
1746.868126016,1,1,1
1746.868126400,1,0,1
1746.868128006,0,0,1
1747.006641910,0,1,1
1747.006642874,0,1,0
1747.006643508,1,1,0
1747.145156710,1,1,1
1747.145157448,1,0,1
1747.145158046,0,0,1
1747.283700896,0,1,1
1747.283702630,0,1,0
1747.283703546,1,1,0
1747.422245528,1,1,1
1747.422246372,1,0,1
1747.422248084,0,0,1
1747.560762386,0,0,0
1747.560762818,0,1,0
1747.560763648,1,1,0
1747.699275358,1,0,0
1747.699276286,1,0,1
1747.699278120,0,0,1
1747.837822208,0,0,0
1747.837822866,0,1,0
1747.837823686,1,1,0
1747.976366344,1,0,0
1747.976367042,1,0,1
1747.976369160,0,0,1
1748.114911900,0,0,0
1748.114912790,0,1,0
1748.114913726,1,1,0
1748.253457548,1,1,1
1748.253458328,1,0,1
1748.253459322,0,0,1
1748.391970776,0,1,1
1748.391971722,0,1,0
1748.391973764,1,1,0
1748.530517618,1,1,1
1748.530518252,1,0,1
1748.530519298,0,0,1
1748.669032538,0,0,0
1748.669032760,0,1,0
1748.669034804,1,1,0
1748.807548300,1,0,0
1748.807548376,1,0,1
1748.807549338,0,0,1
1748.946093810,0,1,1
1748.946094232,0,1,0
1748.946094904,1,1,0
1749.084607132,1,1,1
1749.084608224,1,0,1
1749.084609502,0,0,1
1749.223123052,0,0,0
1749.223123734,0,1,0
1749.223123942,1,1,0
1749.361666950,1,1,1
1749.361667270,1,0,1
1749.361669478,0,0,1
1749.500180746,0,0,0
1749.500183718,0,1,0
1749.500183980,1,1,0
1749.638727194,1,0,0
1749.638728708,1,0,1
1749.638729578,0,0,1
1749.777241562,0,0,0
1749.777241766,0,1,0
1749.777244020,1,1,0
1749.915758180,1,0,0
1749.915758402,1,0,1
1749.915759556,0,0,1
1750.054302878,0,1,1
1750.054302884,0,1,0
1750.054305120,1,1,0
1750.192818166,1,0,0
1750.192818220,1,0,1
1750.192819594,0,0,1
1750.331362676,0,1,1
1750.331364138,0,1,0
1750.331365158,1,1,0
1750.469877976,1,1,1
1750.469878152,1,0,1
1750.469879694,0,0,1
1750.608423896,0,0,0
1750.608424662,0,1,0
1750.608425196,1,1,0
1750.746969138,1,0,0
1750.746969796,1,0,1
1750.746970732,0,0,1
1750.885513652,0,0,0
1750.885514584,0,1,0
1750.885515298,1,1,0
1751.024059124,1,0,0
1751.024059552,1,0,1
1751.024060770,0,0,1
1751.162574472,0,0,0
1751.162574634,0,1,0
1751.162575274,1,1,0
1751.301089110,1,0,0
1751.301090308,1,0,1
1751.301090872,0,0,1
1751.439603166,0,0,0
1751.439604556,0,1,0
1751.439605376,1,1,0
1751.578149032,1,0,0
1751.578149126,1,0,1
1751.578150912,0,0,1
1751.716693984,0,0,0
1751.716694604,0,1,0
1751.716696416,1,1,0
1751.855210082,1,0,0
1751.855210258,1,0,1
1751.855210950,0,0,1
1751.993754528,0,1,1
1751.993754740,0,1,0
1751.993756452,1,1,0
1752.132269640,1,1,1
1752.132270068,1,0,1
1752.132270990,0,0,1
1752.270783514,0,1,1
1752.270784498,0,1,0
1752.270785554,1,1,0
1752.409329396,1,1,1
1752.409330052,1,0,1
1752.409331092,0,0,1
1752.547875498,0,1,1
1752.547876316,0,1,0
1752.547876594,1,1,0
1752.686420038,1,0,0
1752.686421154,1,0,1
1752.686422066,0,0,1
1752.824965074,0,0,0
1752.824966486,0,1,0
1752.824966634,1,1,0
1752.963481910,1,1,1
1752.963481962,1,0,1
1752.963482232,0,0,1
1753.102026830,0,0,0
1753.102027408,0,1,0
1753.102027672,1,1,0
1753.240541728,1,1,1
1753.240542010,1,0,1
1753.240542206,0,0,1
1753.379085458,0,1,1
1753.379085586,0,1,0
1753.379087710,1,1,0
1753.517600484,1,1,1
1753.517600932,1,0,1
1753.517602308,0,0,1
1753.656114342,0,0,0
1753.656115442,0,1,0
1753.656116810,1,1,0
1753.794660242,1,1,1
1753.794660920,1,0,1
1753.794662286,0,0,1
1753.933174162,0,0,0
1753.933175428,0,1,0
1753.933176850,1,1,0
1754.071689966,1,0,0
1754.071692060,1,0,1
1754.071692386,0,0,1
1754.210235918,0,0,0
1754.210236414,0,1,0
1754.210236888,1,1,0
1754.348750754,1,1,1
1754.348750890,1,0,1
1754.348752486,0,0,1
1754.487295736,0,0,0
1754.487297524,0,1,0
1754.487297992,1,1,0
1754.625810876,1,0,0
1754.625811572,1,0,1
1754.625812462,0,0,1
1754.764386384,0,1,1
1754.764386492,0,1,0
1754.764388030,1,1,0
1754.902900330,1,1,1
1754.902901862,1,0,1
1754.902902502,0,0,1
1755.041446308,0,1,1
1755.041447186,0,1,0
1755.041448130,1,1,0
1755.179991784,1,0,0
1755.179992086,1,0,1
1755.179993604,0,0,1
1755.318536294,0,1,1
1755.318539068,0,1,0
1755.318539106,1,1,0
1755.457083834,1,0,0
1755.457083966,1,0,1
1755.457084642,0,0,1
1755.595626762,0,0,0
1755.595628342,0,1,0
1755.595629144,1,1,0
1755.734172660,1,1,1
1755.734173756,1,0,1
1755.734174678,0,0,1
1755.872718518,0,0,0
1755.872719202,0,1,0
1755.872720244,1,1,0
1756.011264354,1,1,1
1756.011264740,1,0,1
1756.011265718,0,0,1
1756.149779312,0,1,1
1756.149779336,0,1,0
1756.149780284,1,1,0
1756.288324174,1,1,1
1756.288324788,1,0,1
1756.288325818,0,0,1
1756.426839094,0,0,0
1756.426839298,0,1,0
1756.426840322,1,1,0
1756.565383712,1,0,0
1756.565383992,1,0,1
1756.565385858,0,0,1
1756.703929220,0,1,1
1756.703930850,0,1,0
1756.703931422,1,1,0
1756.842444686,1,1,1
1756.842445760,1,0,1
1756.842445896,0,0,1
1756.980958206,0,1,1
1756.980959606,0,1,0
1756.980960462,1,1,0
1757.119474504,1,1,1
1757.119474682,1,0,1
1757.119475996,0,0,1
1757.257988424,0,0,0
1757.257989192,0,1,0
1757.257990438,1,1,0
1757.396533668,1,0,0
1757.396534324,1,0,1
1757.396535974,0,0,1
1757.535079178,0,1,1
1757.535079182,0,1,0
1757.535081540,1,1,0
1757.673623780,1,0,0
1757.673625080,1,0,1
1757.673626136,0,0,1
1757.812201100,0,1,1
1757.812201938,0,1,0
1757.812202578,1,1,0
1757.950745702,1,0,0
1757.950745838,1,0,1
1757.950748174,0,0,1
1758.089321694,0,0,0
1758.089323086,0,1,0
1758.089323616,1,1,0
1758.227836594,1,1,1
1758.227836624,1,0,1
1758.227838212,0,0,1
1758.366382134,0,1,1
1758.366382450,0,1,0
1758.366383716,1,1,0
1758.504927288,1,1,1
1758.504928610,1,0,1
1758.504929252,0,0,1
1758.643473056,0,1,1
1758.643474270,0,1,0
1758.643474754,1,1,0
1758.781986596,1,0,0
1758.781988106,1,0,1
1758.781989352,0,0,1
1758.920533042,0,1,1
1758.920534856,1,1,1
1758.920534964,1,1,0
1759.059047518,1,0,0
1759.059047926,1,0,1
1759.059049390,0,0,1
1759.197592782,0,0,0
1759.197593090,0,1,0
1759.197594894,1,1,0
1759.336107618,1,1,1
1759.336108566,1,0,1
1759.336109430,0,0,1
1759.474621602,0,0,0
1759.474622014,0,1,0
1759.474623934,1,1,0
1759.613167502,1,1,1
1759.613168490,1,0,1
1759.613169468,0,0,1
1759.751742358,0,0,0
1759.751742998,0,1,0
1759.751744970,1,1,0
1759.890258538,1,0,0
1759.890259194,1,0,1
1759.890260444,0,0,1
1760.028805048,0,1,1
1760.028805114,0,1,0
1760.028806072,1,1,0
1760.167319014,1,1,1
1760.167319460,1,0,1
1760.167320608,0,0,1
1760.305863872,0,0,0
1760.305863908,0,1,0
1760.305866048,1,1,0
1760.444378772,1,1,1
1760.444380446,1,0,1
1760.444380648,0,0,1
1760.582893892,0,1,1
1760.582894690,0,1,0
1760.582895148,1,1,0
1760.721438432,1,0,0
1760.721439526,1,0,1
1760.721440684,0,0,1
1760.859984446,0,0,0
1760.859984878,0,1,0
1760.859986188,1,1,0
1760.998498418,1,0,0
1760.998500284,1,0,1
1760.998500784,0,0,1
1761.137012926,0,1,1
1761.137013202,0,1,0
1761.137015224,1,1,0
1761.275528466,1,0,0
1761.275530040,1,0,1
1761.275530760,0,0,1
1761.414073912,0,1,1
1761.414073960,0,1,0
1761.414075326,1,1,0
1761.552588860,1,1,1
1761.552589388,1,0,1
1761.552590862,0,0,1
1761.691164834,0,1,1
1761.691165780,0,1,0
1761.691166364,1,1,0
1761.829709616,1,1,1
1761.829710374,1,0,1
1761.829711900,0,0,1
1761.968224534,0,0,0
1761.968224884,0,1,0
1761.968226402,1,1,0
1762.106800372,1,1,1
1762.106801360,1,0,1
1762.106801938,0,0,1
1762.245315868,0,1,1
1762.245316292,0,1,0
1762.245317502,1,1,0
1762.383830130,1,1,1
1762.383830282,1,0,1
1762.383832038,0,0,1
1762.522344792,0,1,1
1762.522345048,0,1,0
1762.522346478,1,1,0
1762.660890330,1,0,0
1762.660891448,1,0,1
1762.660892014,0,0,1
1762.799435776,0,1,1
1762.799436866,0,1,0
1762.799437580,1,1,0
1762.937981640,1,1,1
1762.937982254,1,0,1
1762.937983178,0,0,1
1763.076495564,0,0,0
1763.076495826,0,1,0
1763.076497618,1,1,0
1763.215041462,1,1,1
1763.215042240,1,0,1
1763.215043152,0,0,1
1763.353555318,0,0,0
1763.353555686,0,1,0
1763.353557720,1,1,0
1763.492100218,1,1,1
1763.492101288,1,0,1
1763.492103254,0,0,1
1763.630616136,0,0,0
1763.630616734,0,1,0
1763.630617694,1,1,0
1763.769160972,1,1,1
1763.769161210,1,0,1
1763.769163230,0,0,1
1763.907706956,0,0,0
1763.907707720,0,1,0
1763.907708734,1,1,0
1764.046282730,1,1,1
1764.046283196,1,0,1
1764.046284268,0,0,1
1764.184797704,0,1,1
1764.184797714,0,1,0
1764.184798834,1,1,0
1764.323313244,1,0,0
1764.323313548,1,0,1
1764.323314370,0,0,1
1764.461827468,0,0,0
1764.461827628,0,1,0
1764.461828936,1,1,0
1764.600373104,1,0,0
1764.600373304,1,0,1
1764.600374470,0,0,1
1764.738918226,0,0,0
1764.738919676,0,1,0
1764.738919974,1,1,0
1764.877432126,1,1,1
1764.877433152,1,0,1
1764.877434446,0,0,1
1765.015977662,0,1,1
1765.015978982,0,1,0
1765.015979948,1,1,0
1765.154492882,1,1,1
1765.154493200,1,0,1
1765.154494546,0,0,1
1765.293067648,0,1,1
1765.293069800,0,1,0
1765.293070050,1,1,0
1765.431584062,1,0,0
1765.431584640,1,0,1
1765.431585586,0,0,1
1765.570159496,0,0,0
1765.570160632,0,1,0
1765.570161088,1,1,0
1765.708674048,1,0,0
1765.708674394,1,0,1
1765.708675624,0,0,1
1765.847219314,0,0,0
1765.847219556,0,1,0
1765.847221126,1,1,0
1765.985795032,1,0,0
1765.985796214,1,0,1
1765.985796662,0,0,1
1766.124340540,0,1,1
1766.124341072,0,1,0
1766.124342166,1,1,0
1766.262885970,1,1,1
1766.262886080,1,0,1
1766.262887700,0,0,1
1766.401431526,0,1,1
1766.401431828,0,1,0
1766.401433328,1,1,0
1766.539946726,1,1,1
1766.539947066,1,0,1
1766.539947802,0,0,1
1766.678491450,0,1,1
1766.678492646,0,1,0
1766.678493240,1,1,0
1766.817036988,1,0,0
1766.817037484,1,0,1
1766.817038838,0,0,1
1766.955582404,0,0,0
1766.955582498,0,1,0
1766.955583342,1,1,0
1767.094127038,1,0,0
1767.094127240,1,0,1
1767.094128878,0,0,1
1767.232642222,0,0,0
1767.232644380,1,0,0
1767.232644544,1,1,0
1767.371158058,1,1,1
1767.371158334,1,0,1
1767.371158914,0,0,1
1767.509671532,0,1,1
1767.509671916,0,1,0
1767.509673480,1,1,0
1767.648216946,1,0,0
1767.648218814,1,0,1
1767.648219016,0,0,1
1767.786731516,0,1,1
1767.786731734,0,1,0
1767.786733520,1,1,0
1767.925277572,1,1,1
1767.925277994,1,0,1
1767.925278992,0,0,1
1768.063791440,0,1,1
1768.063793552,0,1,0
1768.063793558,1,1,0
1768.202337916,1,0,0
1768.202338390,1,0,1
1768.202339092,0,0,1
1768.340852248,0,0,0
1768.340853362,0,1,0
1768.340853594,1,1,0
1768.479428900,1,0,0
1768.479429084,1,0,1
1768.479430130,0,0,1
1768.617942410,0,1,1
1768.617944066,0,1,0
1768.617944696,1,1,0
1768.756487904,1,1,1
1768.756488886,1,0,1
1768.756490230,0,0,1
1768.895002760,0,0,0
1768.895004332,0,1,0
1768.895004670,1,1,0
1769.033548660,1,1,1
1769.033548870,1,0,1
1769.033550270,0,0,1
1769.172061580,0,0,0
1769.172064380,0,1,0
1769.172064834,1,1,0
1769.310607856,1,0,0
1769.310608478,1,0,1
1769.310610370,0,0,1
1769.449123336,0,0,0
1769.449123616,0,1,0
1769.449124810,1,1,0
1769.587637842,1,0,0
1769.587638234,1,0,1
1769.587640406,0,0,1
1769.726183290,0,1,1
1769.726184154,0,1,0
1769.726184910,1,1,0
1769.864727990,1,1,1
1769.864728766,1,0,1
1769.864730446,0,0,1
1770.003274336,0,1,1
1770.003274910,0,1,0
1770.003275948,1,1,0
1770.141818874,1,0,0
1770.141819748,1,0,1
1770.141821484,0,0,1
1770.280364604,0,0,0
1770.280366322,0,1,0
1770.280366988,1,1,0
1770.418879800,1,0,0
1770.418880566,1,0,1
1770.418881522,0,0,1
1770.557426244,0,1,1
1770.557426424,0,1,0
1770.557427024,1,1,0
1770.695939784,1,0,0
1770.695940260,1,0,1
1770.695941560,0,0,1
1770.834454242,0,0,0
1770.834455230,0,1,0
1770.834456062,1,1,0
1770.972970768,1,0,0
1770.972971080,1,0,1
1770.972971598,0,0,1
1771.111513936,0,0,0
1771.111514278,0,1,0
1771.111516100,1,1,0
1771.250030692,1,0,0
1771.250030834,1,0,1
1771.250031636,0,0,1
1771.388574200,0,1,1
1771.388574754,0,1,0
1771.388576202,1,1,0
1771.527120716,1,1,1
1771.527121676,1,0,1
1771.527121736,0,0,1
1771.665635186,0,1,1
1771.665636574,0,1,0
1771.665637240,1,1,0
1771.804149410,1,1,1
1771.804149662,1,0,1
1771.804151712,0,0,1
1771.942664170,0,1,1
1771.942664266,0,1,0
1771.942666278,1,1,0
1772.081179168,1,1,1
1772.081179648,1,0,1
1772.081180812,0,0,1
1772.219725086,0,0,0
1772.219725156,0,1,0
1772.219726314,1,1,0
1772.358239924,1,1,1
1772.358240696,1,0,1
1772.358241850,0,0,1
1772.496783844,0,0,0
1772.496785142,0,1,0
1772.496786356,1,1,0
1772.635300618,1,0,0
1772.635300680,1,0,1
1772.635301888,0,0,1
1772.773845600,0,0,0
1772.773846066,0,1,0
1772.773846394,1,1,0
1772.912360436,1,1,1
1772.912360666,1,0,1
1772.912361990,0,0,1
1773.050874050,0,1,1
1773.050875356,0,1,0
1773.050876494,1,1,0
1773.189420256,1,1,1
1773.189421588,1,0,1
1773.189422028,0,0,1
1773.327965036,0,1,1
1773.327966176,0,1,0
1773.327967594,1,1,0
1773.466479574,1,0,0
1773.466481076,1,0,1
1773.466482128,0,0,1
1773.605025932,0,0,0
1773.605026084,0,1,0
1773.605027632,1,1,0
1773.743570830,1,1,1
1773.743570998,1,0,1
1773.743572106,0,0,1
1773.882114688,0,0,0
1773.882117070,0,1,0
1773.882117608,1,1,0
1774.020692484,1,0,0
1774.020692588,1,0,1
1774.020694204,0,0,1
1774.159207054,0,1,1
1774.159208446,0,1,0
1774.159208708,1,1,0
1774.297752406,1,1,1
1774.297752530,1,0,1
1774.297754244,0,0,1
1774.436298978,0,1,1
1774.436299264,0,1,0
1774.436299746,1,1,0
1774.574843164,1,1,1
1774.574843516,1,0,1
1774.574844282,0,0,1
1774.713387962,0,1,1
1774.713389020,0,1,0
1774.713389786,1,1,0
1774.851900856,1,1,1
1774.851903502,1,0,1
1774.851904382,0,0,1
1774.990446776,0,0,0
1774.990447948,0,1,0
1774.990449886,1,1,0
1775.128962424,1,0,0
1775.128962676,1,0,1
1775.128964420,0,0,1
1775.267507532,0,0,0
1775.267507932,0,1,0
1775.267509924,1,1,0
1775.406054432,1,1,1
1775.406054472,1,0,1
1775.406055460,0,0,1
1775.544567352,0,0,0
1775.544567918,0,1,0
1775.544570024,1,1,0
1775.683084190,1,1,1
1775.683084394,1,0,1
1775.683085496,0,0,1
1775.821598172,0,0,0
1775.821598902,0,1,0
1775.821600000,1,1,0
1775.960112944,1,1,1
1775.960113066,1,0,1
1775.960114598,0,0,1
1776.098657950,0,1,1
1776.098658864,0,1,0
1776.098660038,1,1,0
1776.237203428,1,0,0
1776.237203762,1,0,1
1776.237205574,0,0,1
1776.375718872,0,1,1
1776.375719682,0,1,0
1776.375720138,1,1,0
1776.514233350,1,0,0
1776.514233520,1,0,1
1776.514234674,0,0,1
1776.652777858,0,1,1
1776.652779438,0,1,0
1776.652780178,1,1,0
1776.791293340,1,1,1
1776.791294398,1,0,1
1776.791295712,0,0,1
1776.929838758,0,0,0
1776.929838844,0,1,0
1776.929840278,1,1,0
1777.068354382,1,0,0
1777.068355032,1,0,1
1777.068355754,0,0,1
1777.206897014,0,0,0
1777.206898828,0,1,0
1777.206900256,1,1,0
1777.345414306,1,0,0
1777.345414850,1,0,1
1777.345415854,0,0,1
1777.483958708,0,0,0
1777.483959752,0,1,0
1777.483961356,1,1,0
1777.622473606,1,1,1
1777.622474290,1,0,1
1777.622475890,0,0,1
1777.761018800,0,1,1
1777.761019528,0,1,0
1777.761021332,1,1,0
1777.899564276,1,0,0
1777.899565364,1,0,1
1777.899565930,0,0,1
1778.038110284,0,0,0
1778.038110722,0,1,0
1778.038111432,1,1,0
1778.176623262,1,0,0
1778.176625120,1,0,1
1778.176626030,0,0,1
1778.315139706,0,1,1
1778.315140102,0,1,0
1778.315141472,1,1,0
1778.453715246,1,0,0
1778.453715940,1,0,1
1778.453717006,0,0,1
1778.592290754,0,1,1
1778.592291796,0,1,0
1778.592292572,1,1,0
1778.730836632,1,1,1
1778.730837232,1,0,1
1778.730838108,0,0,1
1778.869381678,0,1,1
1778.869382614,0,1,0
1778.869383610,1,1,0
1779.007895452,1,1,1
1779.007897152,1,0,1
1779.007898146,0,0,1
1779.146441662,0,1,1
1779.146442372,0,1,0
1779.146443710,1,1,0
1779.284956138,1,0,0
1779.284956270,1,0,1
1779.284958184,0,0,1
1779.423502128,0,0,0
1779.423502646,0,1,0
1779.423503688,1,1,0
1779.562047026,1,1,1
1779.562048124,1,0,1
1779.562049222,0,0,1
1779.700593570,0,1,1
1779.700593882,0,1,0
1779.700594788,1,1,0
1779.839138108,1,0,0
1779.839138782,1,0,1
1779.839140324,0,0,1
1779.977682616,0,1,1
1779.977683640,0,1,0
1779.977684826,1,1,0
1780.116228094,1,0,0
1780.116229602,1,0,1
1780.116230362,0,0,1
1780.254774458,0,0,0
1780.254775040,0,1,0
1780.254775864,1,1,0
1780.393319016,1,0,0
1780.393320358,1,0,1
1780.393321400,0,0,1
1780.531834276,0,0,0
1780.531834586,0,1,0
1780.531835904,1,1,0
1780.670349062,1,0,0
1780.670350114,1,0,1
1780.670350438,0,0,1
1780.808893508,0,1,1
1780.808893972,0,1,0
1780.808895940,1,1,0
1780.947410048,1,0,0
1780.947410870,1,0,1
1780.947411476,0,0,1
1781.085954556,0,1,1
1781.085954790,0,1,0
1781.085956042,1,1,0
1781.224499626,1,1,1
1781.224500032,1,0,1
1781.224501578,0,0,1
1781.363045544,0,0,0
1781.363046478,0,1,0
1781.363047080,1,1,0
1781.501590446,1,1,1
1781.501591016,1,0,1
1781.501592616,0,0,1
1781.640105302,0,0,0
1781.640105464,0,1,0
1781.640107056,1,1,0
1781.778651002,1,0,0
1781.778651202,1,0,1
1781.778652654,0,0,1
1781.917196448,0,1,1
1781.917197120,0,1,0
1781.917198156,1,1,0
1782.055740924,1,0,0
1782.055740958,1,0,1
1782.055742692,0,0,1
1782.194317494,0,1,1
1782.194317876,0,1,0
1782.194319258,1,1,0
1782.332862714,1,1,1
1782.332862970,1,0,1
1782.332864792,0,0,1
1782.471437416,0,1,1
1782.471439632,0,1,0
1782.471440296,1,1,0
1782.609984532,1,1,1
1782.609984892,1,0,1
1782.609985830,0,0,1
1782.748529404,0,1,1
1782.748530390,0,1,0
1782.748531336,1,1,0
1782.887044878,1,0,0
1782.887045226,1,0,1
1782.887045870,0,0,1
1783.025589386,0,1,1
1783.025591146,0,1,0
1783.025591310,1,1,0
1783.164134862,1,0,0
1783.164135046,1,0,1
1783.164135846,0,0,1
1783.302679964,0,0,0
1783.302680372,0,1,0
1783.302681410,1,1,0
1783.441225864,1,1,1
1783.441225910,1,0,1
1783.441226946,0,0,1
1783.579739660,0,0,0
1783.579740294,0,1,0
1783.579741450,1,1,0
1783.718285620,1,1,1
1783.718286894,1,0,1
1783.718286984,0,0,1
1783.856861278,0,1,1
1783.856861478,0,1,0
1783.856862488,1,1,0
1783.995375880,1,0,0
1783.995377376,1,0,1
1783.995378084,0,0,1
1784.133921326,0,1,1
1784.133921922,0,1,0
1784.133923588,1,1,0
1784.272436740,1,0,0
1784.272437132,1,0,1
1784.272438124,0,0,1
1784.410982248,0,1,1
1784.410983052,0,1,0
1784.410983626,1,1,0
1784.549497100,1,0,0
1784.549497890,1,0,1
1784.549498160,0,0,1
1784.688010808,0,0,0
1784.688011296,0,1,0
1784.688012666,1,1,0
1784.826524644,1,1,1
1784.826525772,1,0,1
1784.826527200,0,0,1
1784.965070566,0,0,0
1784.965072218,0,1,0
1784.965072764,1,1,0
1785.103586402,1,1,1
1785.103586756,1,0,1
1785.103588300,0,0,1
1785.242131384,0,0,0
1785.242132266,0,1,0
1785.242132802,1,1,0
1785.380676222,1,1,1
1785.380676742,1,0,1
1785.380678278,0,0,1
1785.519190140,0,0,0
1785.519191188,0,1,0
1785.519192842,1,1,0
1785.657735976,1,1,1
1785.657736664,1,0,1
1785.657738378,0,0,1
1785.796282110,0,1,1
1785.796282834,0,1,0
1785.796283880,1,1,0
1785.934826712,1,0,0
1785.934827734,1,0,1
1785.934829416,0,0,1
1786.073342158,0,1,1
1786.073342654,0,1,0
1786.073343918,1,1,0
1786.211857554,1,1,1
1786.211857634,1,0,1
1786.211858516,0,0,1
1786.350402142,0,1,1
1786.350402472,0,1,0
1786.350403956,1,1,0
1786.488918310,1,1,1
1786.488918682,1,0,1
1786.488919492,0,0,1
1786.627462316,0,1,1
1786.627463166,0,1,0
1786.627464058,1,1,0
1786.765978066,1,1,1
1786.765979104,1,0,1
1786.765979594,0,0,1
1786.904492050,0,1,1
1786.904493984,0,1,0
1786.904494098,1,1,0
1787.043067650,1,0,0
1787.043067884,1,0,1
1787.043069630,0,0,1
1787.181612742,0,0,0
1787.181614098,0,1,0
1787.181615134,1,1,0
1787.320158572,1,0,0
1787.320159640,1,0,1
1787.320160670,0,0,1
1787.458673560,0,0,0
1787.458674082,0,1,0
1787.458675234,1,1,0
1787.597218458,1,1,1
1787.597218558,1,0,1
1787.597220770,0,0,1
1787.735765066,0,1,1
1787.735766256,0,1,0
1787.735766274,1,1,0
1787.874309542,1,0,0
1787.874310152,1,0,1
1787.874311808,0,0,1
1788.012854010,0,0,0
1788.012855050,0,1,0
1788.012856248,1,1,0
1788.151400526,1,0,0
1788.151400908,1,0,1
1788.151401784,0,0,1
1788.289913830,0,0,0
1788.289913974,0,1,0
1788.289916412,1,1,0
1788.428429666,1,1,1
1788.428430448,1,0,1
1788.428431884,0,0,1
1788.566944958,0,1,1
1788.566945584,0,1,0
1788.566946450,1,1,0
1788.705489486,1,1,1
1788.705490496,1,0,1
1788.705491984,0,0,1
1788.844065404,0,0,0
1788.844066444,0,1,0
1788.844067488,1,1,0
1788.982611302,1,1,1
1788.982611482,1,0,1
1788.982613022,0,0,1
1789.121125926,0,1,1
1789.121126098,0,1,0
1789.121127526,1,1,0
1789.259641058,1,1,1
1789.259641466,1,0,1
1789.259643060,0,0,1
1789.398185912,0,1,1
1789.398186916,0,1,0
1789.398187564,1,1,0
1789.536731450,1,0,0
1789.536731752,1,0,1
1789.536733100,0,0,1
1789.675245672,0,0,0
1789.675245896,0,1,0
1789.675247602,1,1,0
1789.813761434,1,0,0
1789.813762572,1,0,1
1789.813763200,0,0,1
1789.952275880,0,1,1
1789.952276428,0,1,0
1789.952277702,1,1,0
1790.090821328,1,1,1
1790.090821356,1,0,1
1790.090823240,0,0,1
1790.229367246,0,0,0
1790.229367802,0,1,0
1790.229368678,1,1,0
1790.367881146,1,1,1
1790.367882404,1,0,1
1790.367883276,0,0,1
1790.506396004,0,0,0
1790.506397778,1,0,0
1790.506397848,1,1,0
1790.644910388,1,0,0
1790.644910902,1,0,1
1790.644912316,0,0,1
1790.783456760,0,0,0
1790.783457834,0,1,0
1790.783457880,1,1,0
1790.921970686,1,0,0
1790.921971660,1,0,1
1790.921973414,0,0,1
1791.060485580,0,0,0
1791.060485820,0,1,0
1791.060487856,1,1,0
1791.199031294,1,0,0
1791.199031416,1,0,1
1791.199033390,0,0,1
1791.337545804,0,1,1
1791.337546398,0,1,0
1791.337547954,1,1,0
1791.476090278,1,0,0
1791.476092234,1,0,1
1791.476093490,0,0,1
1791.614605788,0,1,1
1791.614607092,0,1,0
1791.614607932,1,1,0
1791.753121264,1,0,0
1791.753121928,1,0,1
1791.753122592,0,0,1
1791.891665774,0,1,1
1791.891666912,0,1,0
1791.891668032,1,1,0
1792.030180248,1,0,0
1792.030180748,1,0,1
1792.030182566,0,0,1
1792.168726668,0,0,0
1792.168726758,0,1,0
1792.168728070,1,1,0
1792.307271504,1,1,1
1792.307272234,1,0,1
1792.307273666,0,0,1
1792.445786680,0,1,1
1792.445787424,0,1,0
1792.445788172,1,1,0
1792.584301218,1,0,0
1792.584302324,1,0,1
1792.584303704,0,0,1
1792.722816664,0,1,1
1792.722817180,0,1,0
1792.722818272,1,1,0
1792.861361080,1,1,1
1792.861363142,1,0,1
1792.861363744,0,0,1
1792.999875500,0,0,0
1792.999876712,0,1,0
1792.999878246,1,1,0
1793.138421126,1,0,0
1793.138422836,1,0,1
1793.138423782,0,0,1
1793.276966634,0,1,1
1793.276967756,0,1,0
1793.276969348,1,1,0
1793.415512110,1,0,0
1793.415512656,1,0,1
1793.415513882,0,0,1
1793.554056680,0,1,1
1793.554057512,0,1,0
1793.554059384,1,1,0
1793.692572350,1,1,1
1793.692573156,1,0,1
1793.692573856,0,0,1
1793.831117666,0,1,1
1793.831118270,0,1,0
1793.831119422,1,1,0
1793.969634142,1,0,0
1793.969634170,1,0,1
1793.969634956,0,0,1
1794.108147588,0,1,1
1794.108148026,0,1,0
1794.108149460,1,1,0
1794.246692064,1,0,0
1794.246693862,1,0,1
1794.246694994,0,0,1
1794.385207846,0,0,0
1794.385209560,1,0,0
1794.385209572,1,1,0
1794.523722048,1,0,0
1794.523722682,1,0,1
1794.523724032,0,0,1
1794.662267540,0,0,0
1794.662267558,0,1,0
1794.662269536,1,1,0
1794.800813032,1,0,0
1794.800813438,1,0,1
1794.800815072,0,0,1
1794.939328358,0,0,0
1794.939328542,0,1,0
1794.939329636,1,1,0
1795.077873258,1,1,1
1795.077874018,1,0,1
1795.077875170,0,0,1
1795.216387526,0,1,1
1795.216389178,0,1,0
1795.216389674,1,1,0
1795.354904014,1,1,1
1795.354905002,1,0,1
1795.354905210,0,0,1
1795.493417510,0,1,1
1795.493419712,1,1,1
1795.493419872,1,1,0
1795.631962770,1,1,1
1795.631964988,1,0,1
1795.631965246,0,0,1
1795.770508432,0,1,1
1795.770508690,0,1,0
1795.770509750,1,1,0
1795.909054034,1,0,0
1795.909054590,1,0,1
1795.909055346,0,0,1
1796.047597448,0,0,0
1796.047599480,0,1,0
1796.047600848,1,1,0
1796.186111956,1,0,0
1796.186114284,1,0,1
1796.186115384,0,0,1
1796.324658206,0,0,0
1796.324659464,0,1,0
1796.324660824,1,1,0
1796.463203942,1,0,0
1796.463206166,1,0,1
1796.463206420,0,0,1
1796.601719450,0,1,1
1796.601720024,0,1,0
1796.601720924,1,1,0
1796.740233924,1,1,1
1796.740234924,1,0,1
1796.740235460,0,0,1
1796.878748780,0,0,0
1796.878749434,0,1,0
1796.878751026,1,1,0
1797.017324680,1,1,1
1797.017324910,1,0,1
1797.017326562,0,0,1
1797.155870418,0,1,1
1797.155870538,0,1,0
1797.155872000,1,1,0
1797.294384894,1,0,0
1797.294385374,1,0,1
1797.294386598,0,0,1
1797.432930592,0,1,1
1797.432931356,0,1,0
1797.432932100,1,1,0
1797.571475816,1,0,0
1797.571477256,1,0,1
1797.571477634,0,0,1
1797.710022052,0,0,0
1797.710022326,0,1,0
1797.710023138,1,1,0
1797.848565950,1,1,1
1797.848566864,1,0,1
1797.848567610,0,0,1
1797.987080808,0,0,0
1797.987083176,1,0,0
1797.987083310,1,1,0
1798.125625786,1,0,0
1798.125626708,1,0,1
1798.125627710,0,0,1
1798.264141356,0,1,1
1798.264141690,0,1,0
1798.264143212,1,1,0
1798.402686152,1,1,1
1798.402686832,1,0,1
1798.402688750,0,0,1
1798.541202278,0,1,1
1798.541202446,0,1,0
1798.541203314,1,1,0
1798.679716282,1,1,1
1798.679716818,1,0,1
1798.679717848,0,0,1
1798.818292204,0,0,0
1798.818292262,0,1,0
1798.818293288,1,1,0
1798.956837038,1,1,1
1798.956838802,1,0,1
1798.956838822,0,0,1
1799.095381958,0,0,0
1799.095383246,0,1,0
1799.095384388,1,1,0
1799.233927722,1,0,0
1799.233927796,1,0,1
1799.233929924,0,0,1
1799.372473716,0,0,0
1799.372474232,0,1,0
1799.372475490,1,1,0
1799.511020614,1,1,1
1799.511020708,1,0,1
1799.511021024,0,0,1
1799.649533534,0,0,0
1799.649533716,0,1,0
1799.649535464,1,1,0
1799.788080372,1,1,1
1799.788080754,1,0,1
1799.788081000,0,0,1
1799.926593200,0,1,1
1799.926594228,0,1,0
1799.926595564,1,1,0
1800.011776000,1,1,0
