:10000000F851002085360000B96C010071360000FF
:100010007136000071360000713600007136000044
:100020000000000000000000000000005537000044
:100030007136000000000000393900007136000000
:10004000B1390000B1390000B1390000B139000008
:10005000B1390000B1390000B1390000B1390000F8
:10006000B1390000B1390000B1390000B1390000E8
:10007000B1390000B1390000B1390000B1390000D8
:10008000B1390000B1390000B1390000B1390000C8
:10009000B1390000B1390000B1390000B1390000B8
:1000A000B1390000B1390000B1390000B1390000A8
:1000B000B1390000B1390000B1390000B139000098
:1000C000B1390000B1390000B1390000B139000088
:1000D000B1390000B1390000B1390000B139000078
:1000E000B1390000B1390000B1390000B139000068
:1000F000B1390000B1390000B1390000B139000058
:10010000B1390000B1390000B1390000B139000047
:10011000B1390000B1390000B1390000B139000037
:10012000B1390000B1390000B1390000B139000027
:10013000B1390000B1390000B1390000B139000017
:10014000B1390000B1390000B1390000B139000007
:04015000B1390000C1
:1001580080EA101404F0F01480EA0410604081EA88
:10016800111404F0F01481EA0411614082EA1214B7
:1001780004F0F01482EA0412624083EA131404F0D3
:10018800F01483EA0413634080EA102404F47F44E3
:1001980080EA0420604081EA112404F47F4481EA63
:1001A8000421614082EA122404F47F4482EA042292
:1001B800624083EA132404F47F4483EA04236340FF
:1001C80081EA500404F0553480EA4400614083EA2F
:1001D800520404F0553482EA4402634082EA9004EF
:1001E80004F0333480EA8400624083EA910404F026
:1001F800333481EA84016340704700BF82EA900487
:1002080004F0333480EA8400624083EA910404F005
:10021800333481EA8401634081EA500404F05534A0
:1002280080EA4400614083EA520404F0553482EACB
:100238004402634080EA102404F47F4480EA0420E6
:10024800604081EA112404F47F4481EA042161407A
:1002580082EA122404F47F4482EA0422624083EA98
:10026800132404F47F4483EA0423634080EA1014CF
:1002780004F0F01480EA0410604081EA111404F0DC
:10028800F01481EA0411614082EA121404F0F014B7
:1002980082EA0412624083EA131404F0F01483EA39
:1002A80004136340704700BF2DE9F14F94464FEAAD
:1002B800930B8A68CB6808684968FFF749FF0BF118
:1002C800060E33E083EA134480EA134582EA1347B3
:1002D80046BA96EA3444604000F00F1684EA0634C1
:1002E80020F00F1684EA161054BA94EA01067240F8
:1002F80002F00F1486EA043622F00F1486EA14126C
:100308004CBA6540694001F00F1485EA043521F0C4
:100318000F1485EA14115CBA67407B4003F00F1490
:1003280087EA043723F00F1487EA1413BCE8F000B7
:100338006040694072407B4000F0E03400F01035C6
:1003480000F00F3040EA540040EAC50080EA90040B
:1003580004F0332480EA8400604001F0E03401F0C6
:10036800103501F00F3141EA540141EAC50181EA33
:10037800910404F0332481EA8401614002F0E034FE
:1003880002F0103502F00F3242EA540242EAC50286
:1003980082EA920404F0332482EA8402624003F081
:1003A800E03403F0103503F00F3343EA540343EA13
:1003B800C50383EA930404F0332483EA8403634087
:1003C80081EA324787EA134581EA354690EA06040E
:1003D80084EA034B82EA1B4280EA044484EA054427
:1003E80083EA144A85EA14448BEA044B84EA3744C6
:1003F80081EA0B4181EA164104EA0A00454082EA93
:1004080004082BEA080041408AEA0B0602EA0600C3
:1004180084EA34438AEA3A4603EA060778404540C4
:10042800414088EA38478BEA3B4007EA000985EAF9
:10043800090583EA0709464006EA0906714085EA84
:10044800010005EA3546464006EA314181EA304175
:1004580081EA364606EA304686EA3546344008EAF6
:10046800010886EA01052A4086EA364003405A40D8
:1004780081EA31431F407C4080EA030709EA070903
:1004880088EA0908544088EA020806EA0A0601EAE6
:100498000B018AEA0B0215408AEA3A4210404540AD
:1004A8008BEA3B4003405E404240174079404D4054
:1004B8004E40E443F64386EA18435D4085EA05402A
:1004C80083EA134386EA034183EA384284EA114304
:1004D80083EA04435FEA3343BEF1010E3FF6F2AE0E
:1004E8001ED4BCE8F0006040694072407B4020BCEC
:1004F800FFF784FE28606960AA60EB60BDE8F08FB2
:100508002DE9E0414FF2F00280EA1031114080EA13
:100518000130484041088208C3084FF0000E4FE7F9
:1005280000F0113001F0113102F0113203F01133F3
:1005380040EA410040EA820040EAC3004FF2F0027C
:1005480080EA1031114080EA01304840BDE8E0817E
:100558002DE9F04F02F11C050646074600EB850819
:1005680051F8040B043A46F8040BF9D14FF0010C8A
:10057800FFF7C6FF5FEA302080EA0C001ECF41403B
:100588004A4053405C401EC62000464517D04FEAFB
:100598004C0C1CF4807F18BFACF1E50C2C2DE7D077
:1005A8003C2D06D1FFF7ACFF06CF41404A4006C6B6
:1005B800100006CF41404A4006C61000D8E736E989
:1005C8000F00FFF7C5FD043D86E80F00F7D1BDE831
:1005D800F08F00BF2DE9F14F03F11C0402EB840CEE
:1005E8004FEA930B8A68CB6808684968FFF7B0FD43
:1005F8003CE9F0006040694072407B400BF1060E18
:100608004EE083EA134480EA134582EA134746BA68
:1006180096EA3444604000F00F1684EA063420F06D
:100628000F1684EA161054BA94EA0106724002F0D2
:100638000F1486EA043622F00F1486EA14124CBA14
:100648006540694001F00F1485EA043521F00F1464
:1006580085EA14115CBA67407B4003F00F1487EAFF
:10066800043723F00F1487EA141344BA44404DBAF0
:100678004D4056BA56405FBA5F4087EA174886EA47
:10068800174B84EA17464FEA38488BEA1B4485EA39
:100698001B4788EA1B4580EA3440694072407B402A
:1006A80000F0703400F0803500F00F3040EA44006C
:1006B80040EAD50080EA900404F0332480EA8400FC
:1006C800604001F0703401F0803501F00F3141EAEB
:1006D800440141EAD50181EA910404F0332481EA16
:1006E8008401614002F0703402F0803502F00F326C
:1006F80042EA440242EAD50282EA920404F0332430
:1007080082EA8402624003F0703403F0803503F01B
:100718000F3343EA440343EAD50383EA930404F01E
:10072800332483EA84036340C943DB4381EA00043A
:1007380083EA044686EA020183EA014382EA3345F2
:1007480083EA14435C4084EA00077FEA040A8AEAE1
:10075800024A8AEA010B87EA11488AEA374A80EA9C
:10076800060181EA1A418AEA030A04EA0A004540B6
:1007780088EA040707EA0B0041408AEA0B0608EA00
:10078800060084EA34428AEA3A4602EA06035840F6
:100798004540414087EA37438BEA3B4003EA00097A
:1007A80085EA090582EA0309464006EA0906714016
:1007B80085EA010005EA3546464006EA314181EA04
:1007C800304181EA364606EA304686EA3546344004
:1007D8000F4086EA010508EA050886EA3640024025
:1007E80088EA020881EA314213405C4080EA020349
:1007F80009EA030987EA0907674088EA040806EA5C
:100808000A0601EA0B018AEA0B0425408AEA3A44FF
:10081800204045408BEA3B4B02EA0B02564084EAF3
:100828000B04234059406E40694087EA364080EA0D
:10083800384080EA060380EA104481EA134585EAD5
:10084800344585EA17427D4082EA354180EA054011
:100858003CE9F0006040694072407B40BEF1010E07
:100868003FF6CFAE20BCFFF7C9FC28606960AA60DC
:10087800EB60BDE8F08F00BFFFF76ABE30B44FF001
:10088800000310F8014B11F8015B013A84EA0504F2
:1008980043EA0403F5D1A3F101034FEAD37030BC56
:1008A800704700BF4FF0000310F8012B013943EAED
:1008B8000203F9D1A3F101034FEAD370704700BFD7
:1008C80030B411F8014B12F8015B6C4000F8014B91
:1008D800013BF6D130BC704753B94AB9002908BF6B
:1008E80000281CBF4FF0FF314FF0FF3000F00CB86C
:1008F800ADF1080C6DE904CE00F022F8DDF804E053
:10090800DDE9022304B07047704700BF10F8012BDF
:1009180011F8013B012A28BF9A42F7D0D01A704734
:10092800034611F8012B03F8012B002AF9D170476F
:10093800034613F8012B002AFBD1181A0138704717
:100948002DE9F0478C468E46089E15460446194602
:10095800002B40F0D080724547D9B2FA82F74FB1E8
:10096800C7F120030EFA07FCBD40BC4020FA03F390
:1009780043EA0C0C4FEA154EA8B2230CBCFBFEF858
:100988000EFB18CC08FB00F943EA0C43994528D91B
:10099800EB1808F1FF3204D2994502D9A8F10202F6
:1009A8002B44A3EB0903A4B2B3FBFEFC0EFB1C33E0
:1009B8000CFB00F044EA0344A04214D92C190CF1B2
:1009C800FF3304D2A04202D9ACF102032C44241A0A
:1009D80043EA02401EB1FC40002334607360BDE866
:1009E800F0874246DDE76346F1E7002A79D0B2FA9C
:1009F80082F3002B3FD01946C1F1200302FA01F51A
:100A080000FA01F42EFA03F20EFA01FE20FA03F3BB
:100A1800AFB243EA0E034FEA154EB2FBFEFC0EFBE3
:100A28001C201A0C0CFB07F842EA004290455AD9E0
:100A3800AA180CF1FF3004D2904502D9ACF102009B
:100A48002A44A2EB08029BB2B2FBFEFC0EFB1C225E
:100A58000CFB07F743EA02439F4246D9EB180CF117
:100A6800FF3204D29F4202D9ACF102022B44DB1BB5
:100A780042EA004202E0AEEB020301224FEA154EC1
:100A8800AFB2200CB3FBFEFC0EFB1C330CFB07F8CB
:100A980040EA034398452AD9EB180CF1FF3004D2F9
:100AA800984502D9ACF102002B44A3EB0803A4B289
:100AB800B3FBFEFC0EFB1C330CFB07F744EA0344B4
:100AC800A74216D92C190CF1FF3304D2A74202D938
:100AD800ACF102032C44E41B43EA00400F461146E4
:100AE80078E71F2188E76046ABE76246BFE76046C4
:100AF800DBE76346EFE7734506D916B900210846D8
:100B08006DE7C6E9000EF9E7B3FA83F787B97345CD
:100B180001D3824207D8841A6EEB030301209C4656
:100B28001EB900215BE73846FAE7C6E9004CF8E74A
:100B3800C7F1200CBB4000FA07F422FA0CF520FAA2
:100B48000CF1BA401D432EFA0CF30EFA07FE4FEAD9
:100B5800154941EA0E011FFA85FEB3FBF9F809FBB6
:100B680018300B0C08FB0EFA43EA00439A4540D9AB
:100B7800EB1808F1FF3004D29A4502D9A8F1020017
:100B88002B44A3EB0A0389B2B3FBF9F809FB18332A
:100B980008FB0EFE41EA03418E452CD9691808F17D
:100BA800FF3304D28E4502D9A8F10203294443EA4F
:100BB8000040A1EB0E01A0FB02984145CE464346FA
:100BC80002D306D14C4504D20138B9EB020E68EBCA
:100BD8000503002EA5D0B4EB0E0261EB030101FA68
:100BE8000CFC22FA07F3F9404CEA0303C6E900318A
:100BF80097E74046C5E74346D9E7000000000000F4
:100C080070B5114B11481A68BFF36F8F0168D1F89E
:100C18000455BFF36F8F1C689442F4D108A3D3E93D
:100C2800002307260A48A5FB000106FB0511FFF76C
:100C380053FE084BE4FB030170BD00BFAFF3008017
:100C480000CA9A3B0000000030150020D0010020A7
:100C58008D49FD1A0080841E4FF47A72F8B5A0FB06
:100C6800020302FB0131284B284A1C68772300192C
:100C780041EBE471FFF730FE14461D4620A3D3E98B
:100C880000232349234FA4FB010601FB0561FFF75D
:100C980023FE07224243064607FB0121A0FB070764
:100CA80000231B4A3944FFF717FE241A65EB01019C
:100CB80009014FF47A720023200141EA1471FFF709
:100CC8000BFE84B2082C38BF08240023B4F5F07F4B
:100CD80032461946104828BF4FF4F0740DF032FF21
:100CE80010B10E4815F0ADFC0023224619460C48F9
:100CF8000EF072F80B4B1878BDE8F8400CF0EEBD1A
:100D08008D49FD1A070000002C15002000009435BD
:100D180040420F008D49FD1AD00100202BBA010076
:100D2800C0010020DF28002008B5104815F089FC14
:100D380002F09EF80E4815F084FC02F089F8C0B263
:100D4800632808D070280CD10A4815F07AFC00F006
:100D580045FC002008BD084815F073FC00F09EFA19
:100D6800F7E7064815F06DFCE4E700BFB4B30100EF
:100D7800DBB3010015B4010038B40100DCE1010067
:100D88004FF4807330B585B0ADF8083000238DF886
:100D98000A30304D6B68A9681B682A695B060AD45B
:100DA8002D492E4840F2114215F061FC40F21141E4
:100DB800294815F053FC1368284643F04003136094
:100DC8000B68274A06219847044640B10146062386
:100DD8002A68244815F035FC204605B030BD224865
:100DE8000DF107010DF0B0FB28B1204815F029FCE2
:100DF8006FF00B04F0E79DF8073026218DF80C30D2
:100E080003238DF80D30012317488DF80E3002AA00
:100E180003AB0DF04FFA044608B11548E6E700F0B9
:100E280037FD2621054610480DF0DEFB0DF10602C0
:100E38000146284617F04FFF002801DA0D48D5E78C
:100E48009DF806000CF04AFD262107480DF09CFB92
:100E5800C2E700BFD4A6010055B4010086B4010062
:100E680001000A009EB4010078020020D2B40100FB
:100E780001B5010032B5010013B50446FFF7C0FE05
:100E88000D4BC31841F10001CDE900310B490A7837
:100E980082F001000870194615F06FFA6A46084991
:100EA800012006F073FF4FF400220023204610F0C3
:100EB80029F902B010BD00BF00127A00CB2800202B
:100EC8005511000038B50C4679B106F0B9FF054652
:100ED800204617F0B9FA3822054B02FB05339880F3
:100EE800044815F0AEFB002038BD0348F9E700BF01
:100EF800C80700205FB501007CB501001FB50B4A8B
:100F080001AB1068516803C390680949186001A8CB
:100F180006F024FB014628B1064815F092FB05B0FF
:100F28005DF804FB044815F08CFBF8E790AB010072
:100F3800B910000096B50100B9B5010070B5037885
:100F48008AB004460E4607AD032B20D8DFE803F02D
:100F580002191B1D11492846FFF7E2FC0595637825
:100F68001E210493A37830460393E3780C4A029336
:100F78002379019363790093A37914F083FF0AB06E
:100F880070BD0849E7E70849E5E70849E3E70A21AA
:100F98002846074A14F076FFE0E700BFCBB501000A
:100FA800F4B50100D2B50100D9B50100E3B50100DF
:100FB800EDB5010030B50C46054689B016F0EDF9DF
:100FC8006946FFF7BBFF22460D4C69460D4B0E489C
:100FD80015F037FB23782846013BDBB2237006F077
:100FE8002FFF3822094B002102FB003019F04AFA82
:100FF8002378022B01D1FFF781FF09B030BD00BF74
:10100800CA280020DDE1010017B60100C80700204A
:1010180030B50D4689B0044616F0BFF96946FFF7AA
:101028008DFF45B12A466946194B1A4815F009FB48
:10103800FFF764FF29E06946174815F002FB2046D0
:1010480006F0FEFE3823434314491548CA18506277
:10105800144824339062012090854FF6FF70508623
:101068000320194482F8340020460AF0D3F810F01F
:10107800FF0102D00C4815F0E4FA0C4A137801334A
:10108800DBB213701378022BD2D909B030BD00BF80
:10109800DDE101003BB601005EB60100C807002093
:1010A800E1ED0100CD0E00006DB60100CA28002058
:1010B800F0B5174695B005460C460F22002104A846
:1010C8001E4619F0DFF9012F33D830461A4904AA11
:1010D80003F07AFD194904A8FFF718FC48BB284615
:1010E8000CA9FFF72BFF224615480CA915F0A9FA01
:1010F80006F084FAE8B9134E08AC06F10C03019027
:101108000FCB84E80F00F069316A02AB03C302AA6F
:101118002146284601AB07F065FB024628B10A487C
:101128000CA915F08EFAFFF7E9FE019808B106F050
:10113800DDFC15B0F0BD00BF9F63010083B6010060
:1011480092B6010090AB0100AEB601002DE9F04760
:1011580090B0D1E900A907A9804607F0DBFA00287A
:101168003FD1404606F06CFE9DF83C300546022B08
:1011780037D138234343274FFC18A2888AB3D4E8D1
:10118800EF0F40F00102C4E8E12F0029F7D110F079
:10119800010026D1D4E90212C4E90412E28804F15C
:1011A800180622831C4AC4F81AA01278C4F81E90A4
:1011B80084F82220D4E8EF2F22F00102C4E8E12FBE
:1011C8000029F7D103F11002A1881323CDE901000A
:1011D80000903A4440460AF049FD28B10F4815F0FE
:1011E80030FA10B0BDE8F08729460D4815F029FA05
:1011F80094F822300B480493D6F80220D6F806302B
:10120800CDE90223238B0093D4E9042315F019FABE
:10121800E7E700BFC8070020CB280020CDB60100B3
:10122800EFB6010007B7010070B50121044603F0CD
:10123800A5F90378822B2BD124685CB3208816F09B
:101248005FF8054608B9012070BD06F0F9FD0646AD
:10125800284606F04BFC38220F4802FB0600D0E86F
:10126800EF3F43F00102C0E8E12F0029F7D1DB0787
:10127800E9D4A3686268C0E902236388C380D0E820
:10128800EF3F23F00103C0E8E23F002ADBD0F6E796
:101298000020D9E72046D7E7C807002007B5002077
:1012A80004F0FAFF014628B1154803B05DF804EBD5
:1012B80015F0C7B9134804F059F928B1124803B01A
:1012C8005DF804EB15F0BDB9012301A88DF80430D1
:1012D80015F0DCFC28B10D4815F0B3F903B05DF842
:1012E80004FBFFF74DFD0A4807F0D4F8FFF706FEA8
:1012F8004FF40022002307480FF004FFEEE700BF79
:101308004EB70100311200006EB7010092B701001C
:10131800880100200000002030B50C4D89B003ACD6
:101328000FCD0FC42B680A492360002302220093C3
:1013380003A805F06BFC014620B1064815F081F9B9
:1013480009B030BD044815F07CF9F9E7B4AB0100E9
:1013580084AC0100CAB70100F0B7010070B503788A
:101368008AB004460E4607AD032B20D8DFE803F009
:1013780002191B1D11492846FFF7D2FA0595637813
:101388001E210493A37830460393E3780C4A029312
:101398002379019363790093A37914F073FD0AB05C
:1013A80070BD0849E7E70849E5E70849E3E70A2186
:1013B8002846074A14F066FDE0E700BFCBB50100F8
:1013C800F4B50100D2B50100D9B50100E3B50100BB
:1013D800EDB5010010B50C4688B015F0DEFF694682
:1013E800FFF7BCFF22466946034B044815F029F96C
:1013F800FFF792FF08B010BDDDE1010017B601004C
:1014080010B50C4688B015F0C8FF6946FFF7A6FF6F
:101418004CB122466946064B064815F012F9FFF70B
:101428007BFF08B010BD6946034815F00AF9F8E7D4
:10143800DDE101003BB601005EB60100F0B5012117
:101448008BB0044603F09AF80378822B54D12468B1
:10145800002C53D0208815F053FF054610B9012001
:101468000BB0F0BD01A907F055F9002842D1069E3E
:10147800284606F03BFB224DD5E8EF3F43F001023A
:10148800C5E8E12F0029F7D1DB07E8D4FFF7B8FB5F
:101498001C4FD7F800C0D7F80A30D7F804E0B3EBF0
:1014A8000C03D7F80E20D4F804C062EB0E0213EB3D
:1014B8000C03D4F808E0B7F808C0648842EB0E02C1
:1014C800ACEB040474431B1942EBE47210F5FA7098
:1014D80041F100019842914103D21946B87C14F0B9
:1014E8004CFFD5E8EF3F23F00103C5E8E23F002AAF
:1014F800B5D0F6E70026BBE70020B1E72046AFE706
:1015080028150020CC28002030B5132B87B01446AE
:10151800BDF8282008D02B492B222B4815F0A7F816
:101528002B21284815F09AF832B126492C22264852
:1015380015F09DF82C21F4E7D4F80A102068D4F8A7
:101548000E2063688842934106D31E4930221E4804
:1015580015F08DF83021E4E71C4BD3E8EF2F42F06B
:101568000101C3E8E01F0028F7D1D20715D42246AD
:10157800174904F1100052F8045B824241F8045BF9
:10158800F9D11088088092788A70D3E8EF1F21F08B
:101598000101C3E8E21F002AF7D10E4815F051F8FF
:1015A800A37C0D480493D4F80A20D4F80E30CDE972
:1015B8000223238900932268636815F042F81320F8
:1015C80007B030BD05B8010086B401002815002019
:1015D800CC28002027B8010007B7010007B5002074
:1015E80004F05AFE014628B1134803B05DF804EB35
:1015F80015F027B8114803F0B9FF28B1104803B017
:101608005DF804EB15F01DB8012301A88DF804302E
:1016180015F03CFB28B10B4815F013F803B05DF842
:1016280004FB00F02FF9FFF7ABFB074806F032FF89
:10163800FFF772FEF2E700BF4EB701004514000045
:101648006EB7010092B70100A0010020B0F5827FBB
:1016580001BF024A13680133136070473015002038
:1016680073B52D4B00201E682C4B0DF107011D682A
:101678000CF03CF9041E05DA294814F0E2FF204674
:1016880002B070BD9DF8070017F04AFB254A0146D5
:1016980006F5A07017F01FFB041E01DA2248ECE7DC
:1016A800D6F8C0119DF80700002907DB6FF0150177
:1016B8001E4814F0C6FF6FF01504E0E705F5A074A6
:1016C80021F000410CF020F9204619490DF10602DD
:1016D80017F001FB041EE1DB9DF8070017F027FB5C
:1016E8009DF8061017F016FB041E04DA214611486F
:1016F80014F0A7FFC3E7D5F8C0119DF8070000292B
:1017080005DA21F000410CF0FFF80024B7E76FF08C
:1017180015010948CDE700BFD0010020C001002015
:1017280032B80100DF2800204BB801006CB8010076
:1017380000B001509EB80100DEB80100F0B50020ED
:1017480087B00AF0F1FF38B9404814F07AFF6FF01B
:101758001204204607B0F0BD00230393059301232C
:1017680002AD2946049300F09BFC041E04DA2146CE
:10177800374814F066FFECE7049B9B07FCD1059CF7
:1017880014B121463348F4E744F20713324E029469
:101798002946C5E901443046304AADF80A300DF013
:1017A8007DF9014618B12E4814F04BFFCFE72246C9
:1017B8000621142002F00CF8012130460DF02AFA17
:1017C800214630460DF006FA30460DF0A3F91022F6
:1017D800244B2549C3F8A02530680DF107020830CD
:1017E80017F079FA041E02DA21462048C1E79DF86D
:1017F80007000CF073F81E4B34681E4E93E8070080
:1018080085E80700294630461B4A37680DF090FAEC
:10181800014608B11948C7E704F580700DF10702C1
:1018280007F10C0117F057FA041E03DA144814F0F4
:1018380008FF8EE79DF807000CF050F830460DF0D1
:10184800B3FA07B0BDE8F040FFF70ABF19B90100C5
:101858003AB9010059B90100D0010020551600001D
:101868007EB9010000A0025010A10250A1B90100E8
:10187800C8AB0100C0010020C9630100D4B9010050
:10188800F9B90100014B1860704700BF2C15002002
:101898000048704700B101502DE9F04104460D465B
:1018A80014F0D4FD804600284AD12946204614F079
:1018B8009EFD0146204614F0E1FD04EB80010E690F
:1018C80096B90122E36882401343E36002220D6166
:1018D8002B462946204614F07FFD03222946204640
:1018E800BDE8F04114F078BD02223146204614F0DC
:1018F80068FD032201460746204614F062FD864231
:101908000AD045210F4815F031F988F31188BFF343
:101918006F8F0423184602DF3B46022229462046E1
:1019280014F05AFD032233462946204614F054FD8C
:1019380039462B46204614F04FFD02223146CEE7A9
:10194800BDE8F08143BA01002DE9F04117460322B2
:101958000E46044614F035FD8642054607F1040894
:101968000AD10122E368BA4023EA0203E3600023B4
:1019780044F82830BDE8F08102223146204614F0B0
:1019880020FD032201460746204614F01AFD864230
:1019980006D102222946204614F013FD86420BD0B8
:1019A80045210D4815F0E2F8002383F31188BFF3B1
:1019B8006F8F0423184602DF2B4639462046032240
:1019C80044F8285014F008FD3B4629462046BDE857
:1019D800F041022214F000BD43BA010038B50122DB
:1019E80005460C4614F0EDFCC30713D421462846DF
:1019F80014F026FD0146284614F01BFD844209D147
:101A08002146284614F015FD0146284614F018FD15
:101A180084420BD04521064815F0A8F8002383F32B
:101A28001188BFF36F8F0423184602DF38BD00BF4B
:101A38006CBA0100F8B50E46002900F084800468ED
:101A48000122204614F010FD01460546204614F0F8
:101A5800B8FC10EA02070BD1324645213A4815F086
:101A680085F887F31188BFF36F8F0423184602DFC8
:101A78002946204614F0E4FC0146204614F0D9FC1F
:101A8800A8420CD032464521304815F06FF80023A3
:101A980083F31188BFF36F8F0423184602DF2946AA
:101AA800204614F0C6FC0146204614F0C9FCA842A2
:101AB8000CD032464521264815F058F8002383F308
:101AC8001188BFF36F8F0423184602DF00222946CE
:101AD800204614F092FC294614F0B2FC012201467B
:101AE8000646204614F06DFCC2070CD43146204649
:101AF800FFF774FF3146204614F00FFD32462946A1
:101B0800204614F0C5FC2946204614F092FC012218
:101B180001460646204614F054FCC3070DD431464E
:101B28002046FFF75BFF3146204614F0F6FC2A46B4
:101B38003146204614F0ACFC354629462046BDE81F
:101B4800F840FFF7A9BEF8BD19BB0100BFBA0100F4
:101B5800EDBA0100B2F5802FF8B50CD2042A20D8CE
:101B6800394940F2E322394814F081FD40F2E3217B
:101B7800354814F073FD0823D21ACC1D114424F003
:101B8800070421F00701091B17294FEAD1060AD8D3
:101B98002D494FF43B722D4814F069FD4FF43B7109
:101BA800E6E70423E8E70023046031462046A66000
:101BB800E36014F063FC820002F11B05B6F5004FE8
:101BC8004FEAD5050BD26B1C9E4208D21E4940F243
:101BD80002321E4814F04BFD40F20231C8E70021E2
:101BE800043204F1100018F04DFC2A46204600216A
:101BF80014F01BFC002320461A46194614F0ECFB8F
:101C0800771B19462046012214F0F7FB3A4629466D
:101C180014F00BFC2B4600222946204614F0DCFB6E
:101C28003146204614F001FC3B463146204600224E
:101C380014F0D2FB31462046012214F0DEFB29467F
:101C4800BDE8F840FFF728BE43BB010086B4010099
:101C5800014B1B68184700BFE0010020014B1860CA
:101C6800704700BFE001002030B5044685B00D463E
:101C780010220021684618F005FC02238DF8023076
:101C8800044B2A4621466846019314F025F905B00D
:101C980030BD00BF591C000080B505460E461746EA
:101CA800984610F04FF9034601F090FEDFF83490A3
:101CB800044649F80030424639463046A8470A4BA0
:101CC8001B7853B909490A4840F2463214F0CFFC50
:101CD80040F24631054814F0C1FC54F8090001F0FF
:101CE80011FE00BF08000000AB2B00207FBB0100E5
:101CF80086B40100044608B5EFF31183202383F36B
:101D08001288BFF36F8F0BF077FC204602F076FD48
:101D1800024814F096FC14F0E4FFFCE7AABB0100AB
:101D28002DE9F84F838B04461807904613D50129EF
:101D38000CBF43F0100343F02003A38304F1140005
:101D480010F090FB002800F09A8088F31188BFF308
:101D58006F8FBDE8F88F022903F0070A40F04B8126
:101D6800204614F091FC052800F2F08001A353F8F6
:101D780020F000BF451D0000FF1F0000551F000098
:101D88000B1E00009B1E0000F71E000002F0070259
:101D9800531F012B1AD80023062A256889B2C4E9E3
:101DA800003309D12B4603E0E28B0132E2831B6842
:101DB800002BF9D141F002012046A18314F064FC04
:101DC800002800F0268141F0200121E1042A0DD1EC
:101DD80089B22046A18314F057FC0546002800F07C
:101DE800188141F020010025A18312E1944940F2B5
:101DF8001B12944814F03BFC40F21B11904814F05D
:101E08002DFCBAF1000F08D08D494FF4AB728D4804
:101E180014F02DFC4FF4AB71F0E7236843B98849FF
:101E280040F25712874814F022FC40F25711E5E7B8
:101E380023691F6847B982494FF4AD72814814F08D
:101E480016FC4FF4AD71D9E7564655464FF00609D2
:101E5800A18B21F0070141F0060189B2A183A36893
:101E6800002B00F0DD804FF0010B41F0080104F178
:101E7800140A5046A18310F0F5FA00286FD1724970
:101E88004FF499726F4814F0F2FB4FF499716E4851
:101E9800B5E7BAF1020F08D0694940F25D12694806
:101EA80014F0E5FB40F25D11A8E7E68B46B1644902
:101EB8004FF4AF72634814F0DAFB4FF4AF719DE74B
:101EC80023695F6847B95E4940F261125D4814F0C2
:101ED800CEFB40F2611191E7A18B354621F0070155
:101EE80041F0040189B24FF00409A183B7E7BAF1C0
:101EF800010F08D052494FF4B272524814F0B7FBA0
:101F08004FF4B2717AE7236843B94D4940F265123C
:101F18004C4814F0ACFB40F265116FE723699F68E9
:101F280047B947494FF4B472464814F0A0FB4FF440
:101F3800B47163E70026A18B354621F0070141F013
:101F4800050189B24FF00509A18388E73C4940F2B1
:101F58006B123C4814F08BFB40F26B114EE788F390
:101F68001188BFF36F8FBBF1000F16D165BB17B196
:101F780020463649B847EFF31188202383F31288A7
:101F8800BFF36F8F504610F05FFA28BB2E498422AA
:101F98002C4814F06CFB842179E7A1680029E5D06E
:101FA800D1F800800029E1D033464A462046D1F8CE
:101FB80004B0D847B8F1000F04D0D8F80030414633
:101FC8009846EFE74346FAE7294633464A4620460D
:101FD8002D6814F085FBC9E7504610F059FAA18B1B
:101FE80021F0080189B2A183CA061FD521F0100388
:101FF800A38301F0070AA669A28B002E22F007012D
:10200800BFF6C4AE00232568C4E9003341F00101DE
:10201800A18301F00709D1454FF000077FF41FAFF6
:102028000DB9002FE0D04FF0000B1EE78B067FF5AF
:1020380085AE21F02003A38301F0070A90E600BFD4
:10204800DEBB010086B4010003BC0100592000007A
:10205800F8B504460D4600F11406EFF31187202366
:1020680083F31288BFF36F8F304610F0EDF940B953
:1020780009490A48842214F0FAFA8421064814F01F
:10208800EDFA304610F004FAA5613A462046BDE85C
:10209800F8400121FFF744BE03BC010086B40100EB
:1020A8002DE9F04704460E4614F00AFB051E5ADBDC
:1020B80004F11409EFF3118A202383F31288BFF384
:1020C8006F8F484610F0C0F9804638B931498422EC
:1020D800314814F0CCFA84212E483CE0484610F0F0
:1020E800D7F94FF6FF72E38BA78B934207F00707E8
:1020F8003CD0062F26D8DFE807F0193C092519043B
:1021080019006FF085054FF0000802E00225013341
:10211800E383484610F0A6F970BB1E494FF4997244
:102128001D4814F0A4FA4FF49971D5E700233360E1
:10213800636823B9C4E900667FB13D46E3E71E60E2
:102148006660F9E7154914484FF4E47214F08FFA01
:102158004FF4E471114814F081FA524602212046E6
:10216800FFF7DEFD3D462846BDE8F0876FF00A051B
:10217800C9E76FF00405C6E78AF31188BFF36F8FCC
:10218800B8F1000FEFD000233A463146204614F04C
:10219800A7FAE8E703BC010086B40100DEBB010032
:1021A800F8B5054600F11406EFF31187202383F3F1
:1021B8001288BFF36F8F304610F046F938B92049BE
:1021C8008422204814F053FA84211D4825E0304623
:1021D80010F05EF9AC8B04F00704022C12D0012C2D
:1021E8000CBF6FF004046FF08504304610F03AF924
:1021F80008BB13494FF49972124814F038FA4FF497
:102208009971E2E7EB8B53B90F490E4840F2EF1290
:1022180014F02DFA40F2EF110B4814F01FFA013BAD
:102228009BB2EB83002BE0D13A4621462846FFF7C4
:1022380077FD2046F8BD87F31188BFF36F8FF8E765
:1022480003BC010086B40100DEBB010008B542688A
:10225800034602F00302032A816009D062B90749E4
:102268000748452214F003FA4521044814F0F6F90A
:10227800006800225A6008BD0020FAE730BC01005F
:1022880086B401002DE9F34106460F4615464FF086
:1022980000082A46304601A914F074FA044640B1F1
:1022A80002463946019818F0C7F82D1BA044274468
:1022B800EFD142463046311D14F082FA40B106494A
:1022C8000648482214F0D3F94821034814F0C6F907
:1022D800404602B0BDE8F08156BC010086B401005A
:1022E8002DE9F34107460E4615464FF000082A46E9
:1022F800384601A914F055FA044648B12EB10246F1
:102308000199304618F098F826442D1BA044EED1C8
:102318004246384607F10A0114F052FA40B106491C
:102328000648632214F0A3F96321034814F096F9D0
:10233800404602B0BDE8F08156BC010086B40100F9
:1023480010B530B90B48452114F010FC6FF015009A
:1023580010BD836833B90848452114F007FC6FF0B5
:102368000400F5E71B6813B1BDE81040184718468C
:10237800EEE700BF81BC010097BC010010B530B981
:102388000B48452114F0F2FB6FF0150010BD83686F
:1023980033B90848452114F0E9FB6FF00400F5E76C
:1023A8005B6813B1BDE8104018471846EEE700BF58
:1023B80081BC010097BC010070B508B101B132B908
:1023C8000B48452114F0D2FB6FF0150070BD8468EE
:1023D8000CB1256935B90748452114F0C7FB6FF0E2
:1023E8000400F3E741F8040B2369BDE8704018477F
:1023F800BABC010097BC010010B5044630B91048BA
:10240800452114F0B3FB6FF0150010BD006830B91A
:102418000C48452114F0AAFB6FF00100F5E783682A
:102428000BB15B6933B90848452114F09FFB6FF085
:102438000400EAE7616898470028E6D12060E4E7ED
:10244800EBBC010001BD010097BC010070B513464B
:10245800044630B91048452114F088FB6FF0150088
:1024680070BD006830B90D48452114F07FFB6FF04E
:102478000100F5E782680AB1956835B90848452131
:1024880014F074FB6FF00400EAE70A46AC46616892
:10249800BDE87040604700BFEBBC010001BD010012
:1024A80097BC0100034A13680BB9526813600020F7
:1024B800704700BFE401002030B50C460E4985B0D6
:1024C8000291D0F8CC110546CDE9003100F1F001B8
:1024D8004FF0FF3320460CF05BFE50B9012384F81F
:1024E8006C30D5F8C83123B1204605B0BDE830407E
:1024F800184705B030BD00BF036901002DE9F04F52
:10250800012381460569466889B005F55D77D7E8F6
:10251800EF2F002A03D1C7E8E13F0029F7D10CBF0C
:102528001A46002240F0B180B368B16A05F5F47824
:102538001C1F104614F031FA84426FD8013A00F09B
:102548009E80B2FA82F24FF00044D440726820466E
:10255800073222F00302C5F83422B16A14F01DFADA
:10256800C5F83802B36A40466343033323F00303D4
:1025780002EB4302230103EB4403093323F0030373
:1025880003EBC403C5F82C221A440832C5F82822E4
:102598007368C5F83042C5F824323D4BC5E9AB63D2
:1025A800316800F029FA0446002835D1D9F810B06E
:1025B800D9F804A0D9F800300BF53279CDE9060036
:1025C80005934846DAE90734012B08BF103C0EF0A2
:1025D800D9FBDAF824002F4905AB01EB80214FF431
:1025E80080624846009323460EF0E2FB2A490BF529
:1025F8002E700EF05DFADAE9050183685C684CB16B
:102608005B46264AA047044630B9DAE905018368E3
:102618001B692BB96FF05704002129E0013288E7C4
:102628000122984704460028F6D11D4B2846C5F8D4
:10263800C8311C4BC5F8CC311B4B0393D5F8383245
:102648000293D5F83432CDE9008305F50F73B26AE9
:10265800D5F8701300F098F904460028DCD105F18C
:10266800F0000CF03BFE0028C5F878030ADB0221D5
:10267800384614F07AF9204609B0BDE8F08F6FF0BB
:102688000B04C9E76FF01504C6E76FF07704F2E7AB
:102698005D690100B02B0020436901003769010022
:1026A80031270000796A0100B52600002DE9F041C4
:1026B80090460C4699B30B788BB3D0F8BC50A5F56F
:1026C800DE7614354FF0FF324FF0FF3328460DF019
:1026D8008DFC2146304614F012F90746A0B9304661
:1026E800104914F00CF9064620B92846BDE8F04117
:1026F80014F039B91F222146483017F0F4FE86F845
:102708006770C6F86880F0E7284614F02CF943464D
:10271800224639463046BDE8F041FFF7CDBEBDE858
:10272800F08100BFDDE1010013B5044640B100238C
:102738000122CDE90032074BD0E909120CF0FCFC6C
:10274800236F1B6823B1606F02B0BDE810401847C3
:1027580002B010BDDDE1010013B504460846216949
:1027680001F55D71D1E8AF1F022910D193B1A0B175
:102778000121CDE900311346D0E909120CF0DCFC47
:10278800074B984208BF6FF00B0002B010BD6FF006
:102798000F00FAE76FF04C00F7E76FF00100F4E77D
:1027A8002EF8FFFF2DE9F84389461546066906F518
:1027B8005D73D3E8AF3F022B66D11368EBB11B788A
:1027C800DBB1D6F87073002F3FD106F5E8784FF0EB
:1027D800FF324FF0FF3340460DF008FC30462968C1
:1027E80014F08DF8044660B93046294914F087F88A
:1027F800044638B9404614F0B6F86FF01500BDE845
:10280800F883012705F108032367AB6964646367EC
:10281800002384F86C3067B1404614F0A4F82146D0
:102828003046A36E2A68FFF747FE0020C9F800402B
:10283800E5E71F22296804F1480017F054FE4046D6
:1028480084F8677014F08FF8EFE73046104914F0F9
:1028580056F804460028D0D0002705F1080303677E
:10286800AB6980F86C70436740641F222968483060
:1028780017F039FE22460121304684F8677000F0CF
:1028880065F80028D1D0B8E76FF00F00B7E700BFB0
:10289800DDE1010010B50C46006900F55D73D3E871
:1028A800AF3F022B0FD189B10A4900F52E700EF007
:1028B800F9F9204616F00AFF78220021204617F081
:1028C800E1FD002010BD6FF00F00FBE76FF0010085
:1028D800F8E700BF341500202DE9F04F05460E46F5
:1028E80090460027D0F8BCA085B0AAF5BA74214656
:1028F8003046FEF70BF8E0B9134BA4F1480B0293EE
:10290800DAF810303246CDE9008329464FF0FF331C
:102918005846AAF5DE790CF03BFC88B978230122E9
:1029280003FB079383F86C20DAF80C300BB1584698
:1029380098477B1C022B4FF0010704F17804D6D18D
:1029480005B0BDE8F08F00BFA76A01001FB51446A7
:1029580090B18AB1012912D10A4B00F1F00102931A
:10296800D0F8CC31483201934FF0FF332046009322
:102978000CF00EFC04B010BD6FF01500FAE7002053
:10298800F8E700BFA76A01002DE9F04387B00E46BB
:10299800DDE90E811446DDE910251F4630B329B361
:1029A800DFF850C000F1F009002D08BF65469EB958
:1029B800CDE9034400F5DE742046059617F019F8B2
:1029C80003ABCDE900432A463B46414648460CF056
:1029D80035FE07B0BDE8F083002241460E92484616
:1029E8002A4607B0BDE8F0430CF07CBF6FF0150035
:1029F800EFE700BFE1280000F0B5044687B02B4A96
:102A080004AB0E4692E8030083E80300002C49D08B
:102A180018460CF095FA0546B0B94FF0FF33E16C53
:102A280004F15407A163CDE9010000933846236DF2
:102A380004F1380216F00BFBA06C14F05FF8C4F830
:102A4800BC0020B96FF00B05284607B0F0BDA06C9C
:102A580014F054F8C4F8C0000028F3D0236CD4F85C
:102A6800BC10C4F890300423C4F89430C4F8AC30D7
:102A78000223E3620E4BB4F84820C4F88C10616C52
:102A8800236204F18C03C4F8A070A4F89820C4F859
:102A9800B870C4F8A810A4F8B020C4F8A400A661BF
:102AA8002363D1E76FF01505CEE700BFD4AB010073
:102AB800C4AC0100014B036000207047F0AC01007A
:102AC80010B54FF42814DFF820C086B0CDE904C44F
:102AD8000824029404AC0194BDF82040009415F039
:102AE80097FC06B010BD00BF18002800044905482F
:102AF800B22208B513F0BBFDB221014813F0AEFDB8
:102B08002BBD010086B401002DE9F74F036C064682
:102B18000F469046002B47D114468D18AF4203D17B
:102B2800204603B0BDE8F08F306817F8011B8368B2
:102B38005B689847F2E70022002323E02C442F44E7
:102B4800A8EB0508B8F1000F25D04FF0010A42465E
:102B580039465846FFF796FB0546D9E8EF3FC9E8DE
:102B6800E2AF002AF9D123B9306883685B6903B101
:102B78009847002DE2D1351D17F05CF80028DAD10E
:102B8800D6E912230221CDE900232846002217F0B6
:102B98003BF90028DBD1002CC2D100F017FF6FF001
:102BA8000A04044B1C50BBE7002400F1300B00F171
:102BB8005009C7E70C0000002DE9F34705460C460D
:102BC8008368DB6B03B19847AB68DB6A002B3ED0A8
:102BD8002846984700283ADD002704F1140804F134
:102BE8001809218C238B626A5B1A9BB2D31A934211
:102BF80028BF13464946404601AA13F0ABFD82465A
:102C0800002853D0AB6801991B69B3B10246284626
:102C1800984706460028C8BF47F00107324649468C
:102C2800404613F0CDFD58B136493622364813F0E8
:102C38001EFD3621334813F011FD6FF05706EDE7FE
:102C4800564546D21FB10121201D17F0DAF8AB68AE
:102C5800DB69002B52D02846984700284EDD628F4A
:102C6800E38E04F130079B1A226C9BB2934204F165
:102C78003A0828BF13464146384601AA13F06AFDB0
:102C8800064660B3AB680199DB682BB30246284659
:102C9800984702464146384613F092FD50B3194909
:102CA8005722194813F0E3FC5721C3E77E2301227A
:102CB80020460DF103018DF80330FFF725FFAB68BF
:102CC8001B69002BBED0012228460DF1020198474E
:102CD8000646002E85DCB5E76FF05702DAE728468E
:102CE80013F085FF04F15003D3E8EF2FC3E8E16F39
:102CF8000029F9D10221201D17F083F802B0BDE8A0
:102D0800F08700BF5FBD010086B401002DE9F047E0
:102D1800D0F824A007460C46164686B0BAF1000F34
:102D280062D1D0E90A2302A817F005F8DDE9028983
:102D380096B3386883681B688BB10DF11701984703
:102D4800431C05460EDABAF1000F24D100F03EFE0E
:102D5800284B1D504FF0FF3006B0BDE8F0876FF0EC
:102D68005705F0E738B99DF81730013E04F8013BE4
:102D78000AF1010A0FD042464B4602A817F000F8A4
:102D8800DDE90223134306D00135D2D100212120E9
:102D98000FF068F8CDE756463046DDE700220023FD
:102DA80010E005440444361AAEB132462146404686
:102DB800FFF796FA0028F4D116F03CFF0028EDD171
:102DC800D7E90A230121CDE900234846002217F05C
:102DD8001BF80028E9D12DB900F0F8FD6FF00A05BD
:102DE800044B1D502846B7E7002500F1140800F1F0
:102DF8000409D9E70C00000070B504460E4609B373
:102E080000254FF0FF324FF0FF33C0E90555C0E908
:102E18000755C0E90A23C0E90C55C0E90E55C0E9B9
:102E2800122301604562056404300FF02DFE25650C
:102E3800B3682BB11B6C1BB1224630460349984737
:102E4800002070BD6FF01200FBE700BFC12B00002F
:102E580007B501220DF107010448FFF757FF0028C5
:102E6800A8BF9DF8070003B05DF804FB280C0020FC
:102E780038B5104D284616F0FAFDA0B129460E487F
:102E8800FFF7BAFF044660B9AB681B6C73B1102238
:102E98000A49094813F0CCFE10220949064813F0E4
:102EA800ABFE204638BD6FF01204FAE76FF08504D8
:102EB800F7E700BF44A70100280C0020E028002005
:102EC800F028002008B5044813F0BBFB034813F0B2
:102ED800B8FB002008BD00BF87BD0100BCBD0100D4
:102EE800014811F069B800BF7CAD010038B504464F
:102EF80018B90F4B0F485B6898476168B1F5683F90
:102F080010D0B1F5680F0DD00B4DA9420AD011F4BD
:102F18006861206807D0014608480CF0B3FF002319
:102F28002360656038BD142217F0ACFAF9E700BFDA
:102F380084040020E9BD01002C5F5CA9541A00201C
:102F480008B560B34368B3F5683F0ED0B3F5680FB2
:102F580018D0144A934220D000684FF0FF324FF047
:102F6800FF330DF043F858B115E001220368D3E8A8
:102F7800EF1F002903D1C3E8E02F0028F7D10AD1B9
:102F8800002008BD0368084A1B7803F5807352F8CF
:102F98002330002BF4D00548F3E70548F1E76FF438
:102FA800E040EEE72C5F5CA900000350E98FFFFFCB
:102FB800EA8FFFFF08B520B34368B3F5683F09D02F
:102FC800B3F5680F13D0114A93421DD000680DF075
:102FD800BBF814E000220368D3E8EF1F012903D1EE
:102FE800C3E8E02F0028F7D109D0094808BD00211F
:102FF8000368084A1B7803F5807342F82310002001
:10300800F4E76FF4E040F1E70348EFE72C5F5CA9D1
:10301800E98FFFFF00000350EA8FFFFF10B5044659
:1030280018B91D4B1D485B6898476368B3F5683F3E
:103038002FD0B3F5680F2CD0194A934219D12368C1
:1030480003BB4FF0FF324FF0FF33214615480CF019
:10305800A7FE08B923681BB90F4B13485B6898474C
:1030680014220021206817F00DFA4FF4686363609A
:1030780008E0B3F5680F0DD83A2B03D040F6BA62D2
:103088009342DED1206816F03FFD636843F03A03AF
:10309800636010BD054AF3E784040020E9BD010020
:1030A8002C5F5CA9541A00200FBE01003A00003AB8
:1030B80008B5064940231422054816F00FFDBDE85F
:1030C80008400449044811F007BA00BF541500200D
:1030D800541A002084AD010098AD010008B50348DA
:1030E800034A0021121A13F0DBFD08BDC8070020AF
:1030F800B02B0020074808B5074A0849121A13F0F0
:10310800D1FDBDE808400648064A0749121A13F0DF
:10311800C9BD00BF00000020C8070020C8EE01009C
:103128000000002000000020C8EE010037B5054669
:103138000C46C9B18B6814480093D1E90023452196
:1031480013F014FD636945210093D4E903230F4864
:1031580013F00CFD4521E2690D4813F007FD4521E8
:10316800A2690C4813F002FD012D06D1EFF3058288
:1031780045210948103A13F0F9FC2146284603B0C6
:10318800BDE830400CF0E8BB3CBE010070BE010059
:10319800A4BE0100B8BE0100EBBE010030BFFFF7BE
:1031A800FDBF00BF2DE9F04105460B4EDFF82C802E
:1031B800324606EB0807CC1B2046094917F03CF9B4
:1031C800A01942460021083C17F05CF9AC6707F1EA
:1031D8000800BDE8F08100BF000000000800000002
:1031E80090AB010010B5244C4521244813F0BEFCD7
:1031F800A36A99013ED52248452113F0B7FC1E2049
:10320800A36ADA0104D51F48452113F0AFFC1F203B
:10321800194CA36ADB0204D51B48452113F0A6FC10
:103228000220A36A1C0304D51848452113F09EFC0C
:103238002120114CA36A590304D51548452113F0E0
:1032480095FC2220A36A9A0304D51248452113F05D
:103258008DFC2320084CA36ADB0304D50E484521C6
:1032680013F084FC2420A36A6FEA03436FEA134334
:10327800A36210BD1D20C3E700ED00E003BF0100FD
:1032880020BF010038BF010057BF010086BF010001
:10329800A9BF0100D3BF0100F2BF010070B5284CDF
:1032A80006460D462748452113F060FCA36AD90459
:1032B8003BD52548452113F059FC1720A36A1A0568
:1032C80004D52248452113F051FC18201C4CA36A50
:1032D8009B0511D51E48452113F048FCA26BA36A33
:1032E800180408D545211B4813F040FC1EB1A36AF9
:1032F80023F40043A3621920114CA36A590504D58D
:103308001548452113F032FC1A20A36ADA050ED5B8
:103318001248452113F02AFC1B20094A936A43F4FA
:103328007F43936200232B7070BD1620C6E7A36A03
:103338009B04F2D50A48452113F018FC1C20ECE741
:1033480000ED00E022C001003DC0010053C00100B3
:103358006BC0010089C00100A3C00100C3C0010007
:10336800E0C0010070B5324C06460D463148452193
:1033780013F0FCFBA36AD90648D52F48452113F062
:10338800F5FB1120A36A1A0704D52C48452113F030
:10339800EDFB1220264CA36A9B0711D5452128482E
:1033A80013F0E4FB626BA36A190608D5452125488A
:1033B80013F0DCFB1EB1A36A23F08003A362132081
:1033C8001B4CA36ADA0704D51F48452113F0CEFB2E
:1033D8001420A36A9B0604D51C48452113F0C6FB9C
:1033E8001520134B9A6AD60602D49A6A94070FD509
:1033F8009B6AD9060CD51649164840F22D1213F0CF
:1034080036F940F22D11124813F028F91020B9E7C7
:10341800074B9A6A920642BF5A6A22F400525A62CD
:103428009A6A42F0FF029A6200232B7070BD00BFB7
:1034380000ED00E014C101002FC1010053C00100DC
:1034480067C1010084C101009FC10100E0C0010003
:10345800C3C1010086B40100F0B56E4B044658683C
:1034680000258BB0C0F3080385F31188BFF36F8F75
:1034780002F07F46B6F17F4F07D102F00C06082E06
:103488000ED14521644813F071FB644940F21B4298
:10349800634813F0ECF840F21B41604813F0DEF883
:1034A80016074CBF0C460125002CEED00026DA1E6C
:1034B8008DF80760092A00F29D80DFE802F0059088
:1034C800947B9B9B9B9B9B984521564813F04EFBF6
:1034D8008DF807604F4EF36A9A0705D54521524883
:1034E80013F044FB00232DE0F36A002B02DA452198
:1034F8004E48F5E7F36A5B0068D545214C4813F060
:1035080035FB7369A26943F480737361BFF34F8F0E
:10351800BFF36F8F32F8023C726922F480727261D5
:10352800BFF34F8FBFF36F8F03F47F42B2F55F4F46
:1035380027D1DBB2022B24D1452122683D4813F064
:1035480015FB23689DF80720CAB902AE04F12007CD
:10355800324620686168083403C2BC421646F7D177
:10356800099A002D52D0C2F3080121B96FEA5222FC
:103578006FEA42220992184602A9FFF7D7FD0BB05D
:10358800F0BD244B9A6AD2B232B101200DF1070185
:10359800FFF7E8FE0346D5E79A6A12F47F4F05D095
:1035A80001200DF10701FFF779FEF3E79B6AB3F5F8
:1035B800803F02D3FFF716FEECE7184940F2ED22F0
:1035C800174813F054F840F2ED2166E713494FF419
:1035D8003C72134813F04BF84FF43C715DE7002040
:1035E8000DF10701D4E700200DF10701DBE74521C4
:1035F800114875E7114910F4F87F114A114818BFAE
:103608000A46103B452113F0B1FA6BE76FF3080245
:10361800B0E700BF00ED00E023C20100C3C1010014
:1036280086B4010053C201006FC2010095C20100B7
:10363800A8C20100CCC20100EDC201000AC201000B
:10364800F5C1010016C30100064B5A6942F0100289
:103658005A615A6942F480625A615A6922F0080232
:103668005A61704700ED00E0EFF30880EFF309813D
:1036780001B57246FFF7F0FE01BD00BF002080F3E0
:103688001488BFF36F8F002080F30A8880F30B88BB
:103698000F4880F308880AF00BF800200D490860ED
:1036A800BFF34F8F00F02CF8202080F311880A48D0
:1036B8004FF40061401880F30988EFF31480022169
:1036C800084380F31488BFF36F8F00F0B5F800004B
:1036D800F851002094ED00E0B8400020002318467F
:1036E8000649D1F89020C2F30722934200DB7047C5
:1036F800C1F89830C1F8A0000133F6E700ED00E00A
:1037080010B572B6002484F31388FFF7E7FF234649
:103718004FF0FF300C4A03F120010133102B42F81F
:103728002100F8D100234FF0FF30074A03F1600170
:103738000133102B42F82100F8D162B6BFF34F8F46
:10374800BFF36F8F10BD00BF00E100E01EF0040F53
:103758000CBFEFF30880EFF30980816911F8021CB0
:103768000229FFD001B5724613F09EFA01BD00BFD1
:1037780040B2002807DB01234109034A00F01F007B
:10378800834042F82130704700E100E040B2002851
:103798000CDB01220649430900F01F008240203358
:1037A80041F82320BFF34F8FBFF36F8F704700BFDF
:1037B80000E100E0054B420953F82220012300F004
:1037C8001F0003FA00F01040704700BF00E100E05E
:1037D8000131072908B508D90D490E486B2212F0A6
:1037E80046FF6B210A4812F039FF40B20028ACBFEF
:1037F80000F16040084B4FEA4111C9B2ABBF00F578
:10380800614000F00F0080F80013195408BD00BF94
:103818002EC3010086B4010014ED00E0044B054AF4
:1038280023F07F039360BFF34F8FBFF36F8F704711
:103838000000000000ED00E008B5FFF7EFFF074AC1
:10384800D2F8883023F47003C2F88830FFF746FCBA
:10385800FFF750FC00F09CF80CF09EF900ED00E03A
:1038680042F8203C009B0B4942F81C3C019B21F08C
:10387800010142F8183C029B42F8081C42F8143C2B
:103888004FF0807342F8043C0023203A0265C36776
:10389800704700BFA11C000000B50D4B154698608D
:1038A800826F0C4B0E461A60836E83F30B882C468E
:1038B80086F309880020044B9847204600210022FF
:1038C8000023024C20470000DD6C0100A11C000011
:1038D800EC210020741A00201022014B1A61704755
:1038E80000ED00E0054B5A699B689A421FBF044AE5
:1038F800536843F080535360704700BFEC210020A9
:1039080000ED00E0084B9B6883420BD1EFF3058381
:1039180043B1064B5A6842F080525A605A6A22F400
:1039280000425A620EF014BBEC21002000ED00E0CA
:1039380014498A684FF030001044EFF3098C80E88E
:10394800F01F202080F31288BFF36F8F0E4F4FF0C7
:1039580000664A698A603E60906F0C4C2060D06FA8
:103968000023D36780F3118802F1300090E8F01F3C
:103978008CF3098802F1000004B513F0A4F9BDE83E
:1039880004407047EC21002004ED00E0741A002088
:10399800002320210348C2180133452B82F8001365
:1039A800F9D1704700E100E008B5EFF30583064A56
:1039B800103B02EBC30152F8330049688847BDE861
:1039C8000840FFF78FBF00BFB4A701000148006897
:1039D80070470000741A00201FB50121094B0A4ADC
:1039E8000A4800F00BF90023064A0393084B01210B
:1039F800019301A8D31A029300F01AF905B05DF8F3
:103A080004FB00BF0000072000000020A8AD010053
:103A1800C80700200A7A0B6810B562F304031C4635
:103A2800CB68520923F01F0343EA4203044A43F0D8
:103A38000103C2F89800C2F89C40C2F8A03010BD3B
:103A480000ED00E010B50A4B0446D3F89030C3F3FC
:103A58000723013B984208D902464521054813F03F
:103A680085F86FF01504204610BDFFF7D3FFFAE77D
:103A780000ED00E069C301002DE9F04F89461446C6
:103A880006464FF000084F4D85B0C84527DAD6F8EE
:103A980004A0BAF1000F44D0BAF11F0F18D91AF0D8
:103AA8001F0F15D1D6F800B01BF01F0F10D15846C4
:103AB80013F04CF907460AEB0B00013813F046F9EE
:103AC800874210D06FF015073A4645213E4802E07C
:103AD800424645213D4813F049F86FF01504204649
:103AE80005B0BDE8F08F17F1160FEDD0BC42EBDD45
:103AF800C5F89870D5F89C10C5F89870D5F8A0301E
:103B080021F01F0143F01F0BD6E900321A449942F5
:103B180002F1FF3A1AD1D34507D13146F8B213F072
:103B28001EF908F101080C36AFE73146C5F8987060
:103B3800D5F89C30E0B263F30402C5F89C2013F07A
:103B48000EF910F1160FC8D0441CEAE7C5F89870B2
:103B5800D5F8A020013B23F01F0302F01F021343F6
:103B6800D3453146E0B2C5F8A030E8D013F0F7F8F5
:103B780010F1160FB1D0C5F89870D5F89C209DF8B3
:103B880008300BF1FF3B62F304038DF80830D5F8D9
:103B9800A0309DF808205B0863F347128DF80820D1
:103BA800D6E900321344009323F01F035B44A3EBD0
:103BB8000A03013023F01F036946C0B20393FFF7DD
:103BC80041FFBEE700ED00E0BFC3010094C3010060
:103BD8000522044BC3F89420BFF34F8FBFF36F8FB8
:103BE800704700BF00ED00E0BFF35F8F0022024B7B
:103BF800C3F89420704700BF00ED00E010B5094CF1
:103C08002278FFF739FF207016300AD10649074895
:103C180040F2891212F02BFD40F28911024812F08D
:103C28001DFD10BD00290020E7C3010086B4010076
:103C38002DE9F74F2E4D8A4606464FF00008AB4651
:103C48002C4FD04502DB03B0BDE8F08FD6F80490C6
:103C5800B9F1000F47D031680846019113F076F8A2
:103C68000199044609EB0100013813F06FF884420A
:103C78004FF01402204B10D002FB08F36FF015022E
:103C88004BF803201D491E4840F2991212F0EFFC30
:103C980040F29911194812F0E1FC14F1160F2C604A
:103CA800F0D01978A142EDDD02FB08B0C7F89840C2
:103CB800C7F89840D7F89C4000F10801007B64F3EE
:103CC80004000871D7F8A0000C79400860F3471485
:103CD8000C71D7F89C1021F01F016960D7F8A0106B
:103CE80021F01F01296108F1010814350C36A8E7F5
:103CF800781A002000ED00E000290020E7C3010049
:103D080086B401002DE9F0416249634DD1F8903045
:103D18002C68C3F307239C4286B00AD95F4940F256
:103D280002225F4812F0A3FC40F202215B4812F025
:103D380095FC0020FFF758FF5A4BC1F8C030844269
:103D48001BD1594D01A82C70FEF7B4FE002607467A
:103D58004FF06108554CB74216D100202B784D49D9
:103D6800D1F89020C2F307229342C0F28D80002040
:103D7800FFF72EFF06B0BDE8F081696801EB00117E
:103D8800FFF748FE0130DAE7019A300102EB06132B
:103D9800D3F80CC00CEA0401B1F1807F53D00AD8E3
:103DA800B1F5001F29D0B1F5800F3FD0B1F5801FC4
:103DB80014D00136CFE7B1F1006F44D0B1F1805F84
:103DC800F7D159689B681258013B21F01F00034442
:103DD800CDE9021223F01F0301220BE059681258A3
:103DE8009B68CDE902122122013B21F01F00034408
:103DF80023F01F038DF8102032E0596812589B6891
:103E0800CDE902124122013B21F01F00034423F0B7
:103E18001F031CF0010F8DF81020059321D01F49B6
:103E280084221F4812F023FC84217FE759689B688D
:103E38001258013B21F01F000344CDE9021223F080
:103E48001F030622D6E7596812589B6821F01F0005
:103E5800013BCDE90212034423F01F038DF81080C3
:103E68000593287802A9FFF7EDFD002808DA0B4929
:103E780040F235220A4812F0FAFB40F2352155E7A4
:103E88002B7801332B7094E7C1F89830C1F8A00063
:103E9800013365E700ED00E0B4AD0100E7C30100C0
:103EA80086B40100AAFF4400002900200000F0FFAA
:103EB80008B5024811F0C6FFFEE700BF25C401009F
:103EC80008B5024B1B689847002008BD8C1A0020D3
:103ED800034B044A1860937843F0020393707047C9
:103EE8008C1A00206802002008B50649064821F00F
:103EF8000701C1F1005202F5E022FDF72BFE002078
:103F080008BD00BFCF760020901A002070B5416927
:103F18000446867A0A4D59B1437ADB0706D42C2326
:103F280003FB06535B6A1B689B6898470023636121
:103F38002C20214600FB0650BDE8704015F0FFBD5F
:103F4800680600202C22024B02FB0030704700BF9D
:103F5800680600202C21827A054B01FB02339A6AFD
:103F68001B7F801A1B3323F00303B0FBF3F0704769
:103F78006806002038B52C24827A064B04FB0233ED
:103F88005B6AD3E901240C601568FFF7E3FF04FBC3
:103F9800005038BD6806002008B5436843B106499B
:103FA8000648632212F063FB6321034812F056FBB4
:103FB80003824369C36008BD2AC4010086B40100B6
:103FC8002DE9FF470546684691461C46039115F0C2
:103FD800B2FEDDE900674DB956494FF4857256487F
:103FE80012F045FB4FF48571524813E005F11408AF
:103FF800EFF3118A202383F31288BFF36F8F4046B3
:104008000EF022FA40B94D4984224B4812F02FFB9A
:1040180084214A4812F022FB40460EF039FA6B8B95
:10402800002B54D02A8B9A4233D9002200232846E9
:104038000CF0F4F9044660B340460EF013FA40B9A8
:104048003E494FF499723C4812F011FB4FF49971B4
:10405800DFE78AF31188BFF36F8F039D002D58D0D7
:1040680032463B46684615F08BFE2C21A27A344B2B
:10407800204601FB02335B6A03A91B681E68DDE961
:104088000023B0476061002837D12046FFF73EFF84
:104098002EE06C8B4046631E6B830EF0E3F900281C
:1040A800CED08AF31188BFF36F8F2B7F2A8B1B33F7
:1040B800121BAC6A23F0030302FB0344204B214A82
:1040C800EB1A9B105343A3722B7FE372C5E740465C
:1040D8000EF0C8F90028B3D08AF31188BFF36F8FA8
:1040E80023464A4628460CF099F904460028B4D1DC
:1040F8000024204604B0BDE8F087039B9D420AD9FE
:104108000C4940F25F120C4812F0B1FA40F25F110C
:104118006AE72B4665610021012261602281638282
:10412800E27A04F1180016F0ADF92046FFF734FFE3
:10413800DFE700BF2AC4010086B4010003BC010008
:1041480068060020A38B2EBA70B50C46054650B9F8
:1041580022494FF4D372224812F089FA4FF4D371EE
:104168001E4812F07BFA41B91C4940F2A7121C48BC
:1041780012F07DFA40F2A711F2E7EFF3118620233F
:1041880083F31288BFF36F8F16480EF05DF938B9C4
:1041980015498422124812F06AFA84211248E0E78D
:1041A80010480EF075F9002323606B6873B9C5E9F0
:1041B80000440C480EF056F958B90B494FF499725F
:1041C800074812F054FA4FF49971E7E71C606C60E5
:1041D800EFE786F31188BFF36F8F70BD2AC4010023
:1041E80086B401009C1A002003BC010070B5044687
:1041F80050B91E491E4840F2B31212F038FA40F284
:10420800B3111A4812F02AFAEFF31186202383F328
:104218001288BFF36F8F17480EF016F938B9164990
:104228008422134812F023FA84211348EAE711483C
:104238000EF02EF925682DB162682B68954223602F
:1042480008BF63600B480EF00DF940B90A494FF4F6
:104258009972074812F00BFA4FF49971E5E786F363
:104268001188BFF36F8F284670BD00BF2AC40100B4
:1042780086B401009C1A002003BC0100F8B504466E
:10428800D0B100252C271A4E2046646800F1080298
:10429800D2E8EF3F591EC2E8EC1FBCF1000FF7D17E
:1042A80013F0FF0313D1134940F2D712124812F04A
:1042B800DEF940F2D71107E00E494FF4E2720E48DA
:1042C80012F0D5F94FF4E2710A4812F0C7F9012B40
:1042D80009D1837AC56007FB036345601B6A1BB17C
:1042E8009847002CD0D1F8BDFFF710FEF9E700BFC2
:1042F800680600202AC4010086B40100034610B5F0
:1043080050B910494FF4FE720F4812F0B0F94FF44B
:10431800FE710C4812F0A2F90833D3E8EF2F511CB4
:10432800C3E8E41F002CF8D1D3B2FF2B08D105490C
:104338004FF40072044812F09AF94FF40071E8E75C
:1043480010BD00BF2AC4010086B4010008B50346A9
:1043580050B90849084840F2492212F088F940F259
:104368004921044812F07AF918465B68002BFBD102
:1043780008BD00BF2AC4010086B4010070B50D460F
:10438800044650B90E494FF415720E4812F06FF9F1
:104398004FF415710A4812F061F941B9084940F221
:1043A8005522084812F063F940F25521F2E74668B1
:1043B8001EB10846FFF7CAFF4660656070BD00BFC2
:1043C8002AC4010086B4010038B505460C4651B927
:1043D8000B490C484FF4187212F049F94FF4187150
:1043E800074812F03BF920B9BDE838400846FFF706
:1043F80085BFFFF7ABFF2146FFF7C0FF284638BD52
:104408002AC4010086B401002DE9F84F06460C467F
:104418001546FFF79BFF002783464FF02C09DFF86E
:104428007CA0BBF81030BBF81220DBF81410D21AAD
:10443800DBF80C300BF10C005B1AD21AA24228BF31
:1044480022461FFA82F82946424612F0B8FCB4EB1D
:104458000804474445441DD00C9B53B1DDE90A01CB
:104468000D9A98478346A8B101463046FFF7ACFF3E
:10447800D7E7B07A09FB00A0436A9B6843B1A3421F
:1044880028BF23461946DDE90A23FFF799FDE9E726
:104498002146F8E73846BDE8F88F00BF68060020D7
:1044A80008B540B90A492B220A4812F0E0F82B2136
:1044B800074812F0D3F8838833B105492C22054800
:1044C80012F0D5F82C21F3E783680B44036008BD8C
:1044D80057C4010086B40100034670B5DC8805683E
:1044E80082889E68A818A41AAD1B641BA14208D92B
:1044F800054906483E2212F0BAF83E21024812F059
:10450800ADF80A449A8070BD57C4010086B4010012
:1045180008B5034600689A68821A91420AD9084980
:10452800084840F2551212F0A2F840F2551104481A
:1045380012F094F89A88401A11441860998008BDBE
:1045480057C4010086B4010008B5828803468A4230
:104558000AD20849084840F2C31212F088F840F21B
:10456800C311044812F07AF8521A8280006808448D
:10457800186008BD57C4010086B4010008B5034699
:104588009A8800688A420AD20749084840F2CF123E
:1045980012F06DF840F2CF11034812F05FF8521A8A
:1045A80001449A80196008BD57C4010086B401000F
:1045B800052370B5144D154E2C780134B4FBF3F374
:1045C80003EB8303E41A14F027FB114A137823B191
:1045D80056F82430C01A072814D94FF05023D3F8BE
:1045E800141141B10021C3F81411D3F814312C70FF
:1045F8000CB9012313702C7814F00EFB46F8240034
:10460800012070BD0020FCE702290020A01A00202C
:1046180001290020054B03EB8000D0F8003223F07D
:10462800E04343F04053C0F80032704700258450FF
:10463800012208B5104B1149C3F8002502230020B8
:10464800C1F8D036FFF7E6FF1046FFF7E3FFC1F8E1
:104658000427C1F80429C1F8002B00F097F850B1DD
:104668000749084840F23D2212F001F840F23D2186
:10467800034811F0F3FF08BD00100050004000503F
:1046880092C4010086B4010007B50022134B1449F7
:10469800C3F8A821C3F8AC204FF48062C3F8B8254A
:1046A8004FF400620F48C3F83C250DF1070214F0DF
:1046B80012FB00280ADA0C490C4840F2472211F094
:1046C800D6FF40F24721084811F0C8FF9DF80700BF
:1046D80009F004F903B05DF804FB00BF00A0025024
:1046E8002CA0025028A1025092C4010086B40100F7
:1046F80048B1054B054A1B68B3FBF2F35843044B1A
:1047080043F00103184770473804002040420F0067
:1047180040AC0100002170B5174C184D000714F883
:10472800013B5E0913D0012E06D14FF6FF7203F04C
:104738001F03DA40D2070DD4114912484FF48262A0
:1047480011F095FF4FF482610D4811F087FF4FF08B
:10475800FF32ECE70C4A0131012E18BF2A4602EB62
:104768008302D2F80032042923F0E04343EA00032D
:10477800C2F80032D3D170BD25EE01000025845067
:10478800C0C4010086B401000028845001490248D1
:1047980011F0BCBFECAD0100B41A00201FB508B37E
:1047A8000023019303930123694611480293FDF7FF
:1047B80077FC002808DA0F495A220F4811F057FFF2
:1047C8005A210C4811F04AFF029B9B0706D0094961
:1047D8006222094811F04BFF6221F2E7039B05B002
:1047E8005DF804FB0248FDF7DBFC0028F7DAEEE78A
:1047F800B41A0020F3C4010086B40100BFF34F8F40
:104808000549064BCA6802F4E0621343CB60BFF364
:104818004F8F00BFFDE700BF00ED00E00400FA0580
:1048280008B54FF0FF33044A13603F231046536026
:1048380009F030F8002008BDD41A002070B50B78B4
:1048480092B006460C4607AD032B31D8DFE803F0DB
:10485800022A2C2E19492846FCF762F80595637838
:10486800174A0493A3781E210393E3780AA80293B6
:10487800237910AD019363790093A37911F002FBBA
:1048880032460AAB1C4603CCAC421060516023464A
:1048980002F10802F6D1206810603046A3889380A0
:1048A80012B070BD0749D6E70749D4E70749D2E7F0
:1048B8000A212846064A11F0E5FACFE7CBB50100F0
:1048C800F4B50100D2B50100D9B50100E3B5010086
:1048D800EDB501000E4B402928BF402170B51D469B
:1048E8000C4C4618B04203F1020304D1002305F82A
:1048F8001130074870BD02781209A25C03F8022C37
:1049080010F8012B02F00F02A25C03F8012CE9E772
:104918000329002043EE010010B50024094B86B09E
:1049280009480393CDE904440CF02CFA03AB009337
:104938004FF4E1620A23054903480CF039FA20468E
:1049480006B010BD2BC50100800C0020B02F002040
:10495800014601480CF06ABB800C0020884208B56B
:1049680001F110030CD998420FD20C490C4840F2BF
:10497800B32211F07CFE40F2B321084811F06EFE1C
:10498800F3D000F110029142EEE7013813F8012D3F
:104998008B4200F8012FF9D108BD00BF34C50100D2
:1049A80086B40100034630B41A780846012A11D0AB
:1049B800022A20D062B9124A02F1100452F8045BAC
:1049C800A24241F8045BF9D15B881A0A8270C3706D
:1049D80030BC70470A4A02F1100452F8045BA24244
:1049E80041F8045BF9D15B681A0C190E427001702A
:1049F800C3F30722EAE7591C30BCFFF7AFBF00BF7B
:104A080054EE010038B5054615F014F9044608B906
:104A18000DF05AF8054BD3E8AF3F0BB1284698473D
:104A28001CB9BDE838400DF0A1B838BDDC1A00202B
:104A380038B50546022D104619460CD0082D12D05F
:104A4800202D10D0114912487A2211F010FE7A2137
:104A58000E4811F003FE0F4812F0A0F9044698B969
:104A68000024204638BD02460B460B4812F096F942
:104A780004460028F4D0082D0CBF0221052104F1BA
:104A88000C0012F0A8F9ECE70421F8E766C501006C
:104A980086B4010018070020680600200F2810B50A
:104AA8000CD80D280CD90A4812F078F9044618B128
:104AB80004210C3012F08FF9204610BD1328F2D0D3
:104AC80009B10448F0E70220BDE81040FFF7B0BF85
:104AD8009C070020EC06002038B50B6805460C46FC
:104AE80043B90D490D48FA2211F0C1FDFA210A48CF
:104AF80011F0B4FD4A68DA600B684A895A8208687E
:104B0800FFF7BCFB20461022002115F0BBFC28460D
:104B1800BDE8384012F034BA66C5010086B4010019
:104B28002DE9F84305460C461F46164642B9244966
:104B3800D622244811F09BFDD621214811F08EFD84
:104B480030B91F49D7221F4811F091FDD721F4E74A
:104B5800CA684B699A4206D11949DB22194811F0F3
:104B680086FDDB21E9E7084612F032FA804630B1CB
:104B78001349DD22134811F07AFDDD21DDE701F14B
:104B88000C09484605F10C0112F012F9E368626954
:104B980031469B1A13FA86F36B82012348466B72DF
:104BA8002E82FFF7D1FCE36828467B60638AC4F84D
:104BB8000C807B81A4F812803C60BDE8F88300BFBC
:104BC80066C5010086B40100F7B505460E461746CE
:104BD800AB88012B01D803B0F0BD284612F012F9BA
:104BE80004460028F7D0AB88984207D902465721D7
:104BF8000C4803B0BDE8F04011F0B8BF284612F0E9
:104C080001F92B688DF80000013C394668468DF89B
:104C180001400193B0470028DDD021462846FFF720
:104C280093FCD5E79CC50100C36857211A78014851
:104C380011F09CBFCCC5010038B50546144608469E
:104C480002EBC3039C4202D16FF05E000FE02246E4
:104C580012F8081BA9420FD1028A6378934207D938
:104C680006482B46452111F081FF6FF0150038BD2D
:104C7800636898470020FAE71446E3E7F9C501009E
:104C880038B5C4682378ABB9B4F801500F21284669
:104C980003F0A4F8E278044688B90D4B194633F8B6
:104CA800024B44B96FEA05536FEA135321F81030E9
:104CB800084B1A5438BD01300428F0D1FAE7427283
:104CC800012102F08FFF2046BDE8384002F00EBFF8
:104CD800802800208429002070B5C3681D786DBB2A
:104CE800B3F801600F21304603F078F8044630B974
:104CF8003246BDE870404521114811F037BF2946BA
:104D080002F070FFA378012B04D02046BDE8704064
:104D180002F0ECBE201D12F076F9C307F5D5032189
:104D2800204602F05FFF032012F0B1FA0246002885
:104D3800EBD05721034811F019FFE6E770BD00BF1B
:104D480020C601004BC6010010B5C3680121B3F8A5
:104D58000140204603F042F830B92246BDE8104031
:104D68004521034811F002BFBDE8104002F0BEBE65
:104D780076C60100012108B50C30FFF7FFFBBDE83E
:104D8800084002784521014811F0F0BE9FC6010095
:104D9800014608B50748FFF7D7F90749074814F04F
:104DA80039FF021E05DABDE808404521044811F024
:104DB800DDBE08BD6401002018030020D00D0020CE
:104DC800C6C6010010B5002486B003AB00934FF4AB
:104DD8002C724FF0FF3305490548CDE9034405948B
:104DE8000BF0E6FF204606B010BD00BFB836002025
:104DF800280D002010B5084C0146062294F86F00D3
:104E080003F000FC38B994F86F000522BDE81040A3
:104E1800024903F0F7BB10BD3000002029EE010065
:104E280073B505460C46FFF707FF5F300BD1268A9E
:104E3800E0683146FFF74EFD334600902A46572179
:104E4800024811F093FE02B070BD00BFE8C6010031
:104E580010B5012104460C30FFF790FB2146BDE850
:104E680010400223014A0078FFF7DABFB4AE010010
:104E780070B53B48FFF7BAF9044600286FD000F137
:104E88000C05284611F0BEFF0228024604D004286B
:104E980044D04521334804E0228A032A04D8452116
:104EA800314811F063FE11E004212846FFF766FB44
:104EB800FF22438806882276228AC6F30B00934293
:104EC800608307D04521294811F050FE2046FFF79E
:104ED800D5F913E00F2102F081FF054618B94521E5
:104EE800628B2348DDE702F0ABFF21462076320BC8
:104EF800284602F063FD284602F0F8FD1D4BD3F862
:104F0800343163B31C491D4814F084FE021E26DAAE
:104F1800BDE8704045211A4811F028BE28460221F4
:104F2800FFF72CFB054600783E2811D012F059F8FF
:104F380010F002060CD140F69A421249124811F0BC
:104F480096FB86F31188BFF36F8F0323184602DFA1
:104F5800042321460D4A2878FFF762FFB6E770BDA3
:104F680064010020B9C701000FC7010035C701005F
:104F78005EC701003000002018030020D00D00207B
:104F8800C6C6010085C7010086B40100C4AE010091
:104F980010B5012104460C30FFF7F0FA2146BDE8B0
:104FA80010400723014A0078FFF73ABFE4AE01003A
:104FB800F7B5174B04461A6800F10C06CAB9012167
:104FC8003046FFF7DBFA0578002321462846114AC8
:104FD800FFF732FE5F3019D1268AE0683146FFF7C5
:104FE80079FC334600902A4657210B4811F0BEFD44
:104FF8000CE0C3684169078A30465D1A90476369C7
:10500800278213FA85F3E3600028D8D003B0F0BDF7
:10501800701B00201CAF0100D2C7010070B5C56825
:105028000121B5F80160304602F0D8FE044630B9D7
:105038003246BDE8704045210B4811F097BD2B78EA
:105048003BB9D5F80330C0F89930D5F80730C0F827
:105058009D30201D4FF4003111F0DFFF2046BDE8E0
:10506800704002F043BD00BF76C6010008B502F0EB
:1050780005F9064B184611F0C6FF00F00B00D3E8FF
:10508800EF2FC3E8E10F0029F9D108BD0401002082
:105098002DE9F347D0F80C80018A98F80020930096
:1050A80001338B4265D900913348452111F05EFDEB
:1050B80002B0BDE8F0872A464521304811F056FD78
:1050C800013698F800309E42F2DA08EB8603B3F80E
:1050D80001500F212846B3F8037002F07FFE044602
:1050E8000028E8D000F1C0091FB9204602F0FEFCF4
:1050F800E6E7656975B94521214811F037FD214971
:1051080040F28722204811F0B2FA40F287211D4868
:1051180011F0A4FAA2692B6895422046636108BF82
:10512800A36102F0E1FB0BF02BFAC5F800A0236A9B
:1051380083B9C4E90755484611F065FF013FBFB27E
:1051480058B910494FF424720F4811F090FA4FF4EF
:105158002471DCE71D602562EDE7D9E8EF3F013BEC
:10516800C9E8E23F002AF8D10021204602F0C8FB36
:10517800BAE70026B246A4E709C8010039C8010009
:105188005AC8010085C7010086B401002DE9F0471F
:105198000C460CF099FCE5682A78022A73D0042A98
:1051A80009D045213C4811F0E1FC2046FFF766F89C
:1051B8006FF015040DE0B4F81080B8F1020F0DD8A7
:1051C80042464521354811F0D1FC2046FFF756F8F4
:1051D80000240CF0CBFC2046BDE8F08768783E2818
:1051E8000DD1B8F1030F03D1424645212C48EAE717
:1051F800EB78012B01D00A2B45D1032704E011F0ED
:10520800F0FE0746F8073ED504F10C0601213046AA
:10521800D4F814A0FFF798F902213046FFF7AEF949
:10522800814600783E2807D1E3681B78012B01D01E
:105238000A2B06D1032613E011F0D3FEC107064658
:105248000ED441F268121749174811F010FA0023DA
:1052580083F31188BFF36F8F0323184602DF0226FA
:10526800124A0623214699F80000FFF7D9FDB20734
:105278000DD56369A5EB0A0513FA85F5E560A4F871
:105288001080BB07A4D52046FFF782FDA0E7204683
:10529800FEF7F4FFF5E700BFBCC8010076C80100BF
:1052A80097C8010085C7010086B4010084AE0100DB
:1052B8002DE9F047884617460646002800F0828008
:1052C8000023DFF80491D9E8EF4FC9E8E23F002A4C
:1052D800F9D134B93246BDE8F04745213B4811F0D1
:1052E80045BC2046FEF736FE4FF00C0A384D0AFB47
:1052F80000504388B3421DD02046FEF72BFE0AFB20
:105308000050324643884521324811F02FFCD9E835
:10531800EF3FC9E8E24F002AF9D1002B52D02E49BD
:105328002E4840F6EE1211F0A2F940F6EE112A4886
:1053380011F094F9A74208D02046FEF72DFE3A8ACC
:10534800F96804F10C0011F03AFD2046FEF702FE60
:105358000C2606FB00504368ABB1B8F1000F12D120
:105368002046FEF7F7FD012106FB0050426853680E
:1053780003F01F00814010685B0900EB8300137A7B
:10538800E3B111F04AFE2046FEF7E4FD0C2606FBC9
:10539800005083686BB12046FEF7DCFD704305F8CA
:1053A80000802046FEF7D6FD06FB0055A8680BF0E6
:1053B800E7F82046BDE8F047FEF760BFC94311F0A3
:1053C80037FEE0E7BDE8F08760010020D5C801009E
:1053D800E01A002002C9010085C7010086B4010057
:1053E80073B5C5680121B5F80160304602F0F6FCD6
:1053F800044638B9324645213A4802B0BDE8704003
:1054080011F0B4BB2B78061D1A2B19D1C378012BC8
:105418004DD14FF48041304611F0FFFD42040FD4C6
:10542800D4F88C3069460093D4F894302046019320
:1054380003F0E8FD204602B0BDE8704002F056BB1C
:105448002B78A3BB40F2E243B5F8032026495A4320
:10545800C4F88820B5F80530A4F89030B5F80730BE
:10546800A4F89230A2F5EA530C3B8B4203D957219A
:105478001E4811F07BFBB4F89020B2F5FA7F03D3F5
:1054880057211B4811F072FB40F67641B4F8922080
:10549800A2F10A039BB28B4203D95721154811F098
:1054A80065FB6FF48051304611F0C2FD15E03046BF
:1054B80011F0A9FDC304F4D52B78202BF1D194F871
:1054C8009830002BEDD0013B84F898304FF420320F
:1054D800002304F140000BF015FE204602F032FFD5
:1054E800A8E700BF76C6010095F03C003AC9010064
:1054F80066C9010092C9010010B5C1E900239DF8F1
:1055080008300C460B72FEF725FD0C22024B02FBFD
:1055180000335C6010BD00BFE01A0020F8B50246F9
:105528000B46104811F03AFC0446C0B104210C3077
:10553800FEF7B6FF2046FEF70DFD0C2700260A4DA4
:1055480007FB005046802046FEF704FD07FB00508D
:1055580086602046FEF7FEFC07FB00556E6020467D
:10556800F8BD00BF70070020E01A0020014B18604A
:1055780000207047701B002010B5044692B04822E6
:105588006846064914F058FF112C9DBF12AB03EB77
:10559800840454F8480C024812B010BDDCAB01007A
:1055A800C3C90100034B0146D3F8500182689268D1
:1055B800104700BF3000002070B5042192B0274C7E
:1055C800274811F02AFD01F059FE4921254A2648AD
:1055D80011F0CCFA254DE179254A0AA8012998BF8E
:1055E80015462146FFF72AF92A46492121480AABE0
:1055F80011F0BCFA26460125E37907369D4220DBE7
:1056080094F870502846FFF7B7FFB4F87630024692
:105618000193B4F872304921009317482B4611F0D2
:10562800A5FA94F871502846FFF7A6FFB4F874302D
:105638000246009349212B46104811F097FA12B000
:1056480070BD314602A8FFF7F9F82A4649210C48EF
:1056580002AB11F08BFA0135CEE700BF3000002015
:1056680004010020CFC90100D3C90100CBC9010042
:10567800DDE10100EAC9010014CA010057CA0100AE
:10568800FEC901000048704783B6010008B5094902
:10569800094814F0BFFA00280ADA0849084841F214
:1056A8005F4210F0E4FF41F25F41044810F0D6FF7A
:1056B80008BD00BF08030020280D002085C7010091
:1056C80086B4010070B505460C4639B1CB684A6905
:1056D8009B1A032B0ED86FF0150509E04FF0FF3029
:1056E8004FF0FF31FFF71AFF044618B96FF068054D
:1056F800284670BD2046FEF72DFC0C22154BA61837
:1057080002FB0033032130465D80FEF701FF058070
:10571800238A0121033B8370304611F06CFB40F66D
:1057280035439D420ED12046FFF73CFF0546002831
:10573800DED002464521084811F018FA2046FEF747
:105748009DFDD5E72146054814F0EEF90025FFF741
:105758009DFFCDE7E01A002083CA01006C010020FC
:10576800F8B50446458B077E807AFEF7EBFB616946
:10577800064649B1637ADA0704D4436A20461B68AF
:105788009B689847002363612146304614F0D7F997
:10579800224B93F88A309B063FD5384603F056F9DA
:1057A800044630B93A46BDE8F84057211C4811F084
:1057B800DDB9837A073B012B08D91A48572111F024
:1057C800D5F92046BDE8F84002F090B902F08EF90C
:1057D8004FF0FF304FF0FF31FFF7A0FE044628B925
:1057E800BDE8F8404521104811F0C0B900F10C0798
:1057F80001213846FEF770FE01260421067038465E
:10580800FEF76AFE002305808670C3702146BDE856
:10581800F84040F63540FFF755BFF8BD300000208E
:10582800AACA0100D8CA010009CB01002DE9F0433A
:10583800804617460C4687B069B94FF0FF304FF0E5
:10584800FF31FFF76BFE0446B0B96FF068052846D4
:1058580007B0BDE8F083887AFEF774FB2F4B8342CC
:105868000AD02F492F484FF4D77210F000FF4FF499
:10587800D7712B4810F0F2FE02AE0122002130460B
:1058880014F067F92046FEF765FB0C23DFF89890C3
:1058980003FB009086602046FEF730FD0146404637
:1058A800FFF710FF054618B12046FEF7E7FCCEE7E4
:1058B8004FF4A022002330460AF0C6FE60B14FF430
:1058C800F1721749174810F0D2FE85F31188BFF31B
:1058D8006F8F0323184602DF2046FEF73BFB0C239D
:1058E800584319F800608EB1104B424657211048B2
:1058F80000933346093E11F039F9F6B22046FEF717
:10590800BDFC092E06D80B4B9D57A0E7002FCBD026
:105918003C609CE76FF0040599E700BF7007002022
:1059280085C7010086B40100E01A0020DDE101000E
:1059380031CB010064EE0100F7B5144B054693F92D
:105948009B300C46002B1DDA14B9204603B0F0BD7D
:10595800082C4FF0000142F2180001AA264628BF81
:105968000826FFF763FF0028F0D1019F3246F96847
:105978002846013114F060FD3846FEF77FFC3544B7
:10598800A41BE1E76FF08500E0E700BF30000020CE
:10599800F0B585B006460DF10301002000F0BAFF0E
:1059A8000446002846D14FF0FF304FF0FF31FFF793
:1059B800B5FD0746002840D019210C30FEF78CFDB4
:1059C80005462146192214F05DFD9DF8033006F1C5
:1059D80070012B73681D11F019FB194B38469A8911
:1059E800D4332A8033F8C62C6A80019307230293A4
:1059F8000123B6F88C208DF80C30A5F80D20B6F8E8
:105A08008E20A5F80F20B6F89020A5F81120B6F83A
:105A18009220A5F81320FEF79DFA0C22094B39466F
:105A280002FB003301AA5A6042F20D002246FFF73A
:105A3800FDFE0446204605B0F0BD6FF06804F9E7A6
:105A480030000020E01A00203C2870B505461AD125
:105A580001F0D8F86FF48071103011F0E9FA0020E5
:105A6800FFF7C8F9044628B9BDE870404521294820
:105A780011F07CB84572002102F0B4F82046BDE868
:105A8800704002F033B802283AD100210246084695
:105A980002F0B8FD044670B945211F4811F066F8B8
:105AA800032011F0F4FB024690B3BDE87040572183
:105AB8001A4811F05BB8043011F0A5FAC30707D5EE
:105AC8000321204602F08EF8204602F00FF8E7E79F
:105AD80004F140000BF068FA10F00C0606D15721CB
:105AE8000F4811F043F831466572EAE72046FFF7A0
:105AF8004FFF0028E8D045210A4811F037F8E3E7BE
:105B08000246BDE870405721074B084811F02EB8EF
:105B180070BD00BF55CB01007BCB01004BC6010017
:105B28009ECB0100C9CB0100DDE10100EACB0100F9
:105B380030B54FF0FF304FF0FF3185B0FFF7EEFC86
:105B48000446B0B10C4B0025019307238DF80C5087
:105B58000293FEF7FFF90C22084B214602FB0033A3
:105B680001AA5A6042F20E002A46FFF75FFE05B00E
:105B780030BD6FF06800FAE704010020E01A002049
:105B88002DE9F041047805468CB054B16449654864
:105B980040F2815210F06BFD40F28151604810F0E4
:105BA8005DFD614AB0F801802346104648F4704113
:105BB80032F8026BB1423ED1002220F813205B4A32
:105BC800D75CEB782E1D012B08BF594B304608BF18
:105BD80093F86F4011F0D0F9314688B302A811F05C
:105BE800C0F9D5F81130CDF80130B5F81530ADF859
:105BF800053001238DF80030E87868BB022202A93D
:105C080002F000FD0446EB7823B96FF080014948A3
:105C180011F00EFA44BB314604A8FEF70FFE4521E9
:105C2800454804AA10F0A2FF1321404611F04AFA91
:105C38000CB0BDE8F0810133042BB9D10027C0E7CF
:105C4800204611F0B2FA014602A811F0DFF93146F8
:105C5800684611F0DBF9CFE7012803D102A8FFF766
:105C6800C9F8CFE70024CEE7204640F2E242B5F873
:105C7800013002A920F8703B11F0C8F9B5F81730C7
:105C880053430022C4F88830B5F81930A4F890308E
:105C9800B5F81B30A4F89230EB786272012BE370F0
:105CA8000FD1694604F1770011F0B0F900F0AAFFAE
:105CB800217A1F4BC1EBC101194404F17E0011F098
:105CC800A5F9E3786BB9694604F17E0011F09EF9F5
:105CD800217A174BC1EBC101194404F1770011F087
:105CE80095F90721204601F07DFF27B101212046C3
:105CF800677201F077FF204602F00CF9204601F0A8
:105D0800F5FEE378002B93D1032011F0C0FA024688
:105D180000288DD05721094810F028FF88E700BFD8
:105D280085C7010086B4010080280020842900204E
:105D380030000020040100200BCC01004BC60100FC
:105D480000B5C16889B0087820B109B05DF804EBE6
:105D5800FFF77ABEB1F801308DF80000ADF80130D8
:105D6800CB7801A88DF80330B1F80B300431ADF8C9
:105D78001730B1F80930ADF81930B1F80B30ADF87B
:105D88001B304B7B8DF81D3011F040F9084B6846ED
:105D98001A689B88CDF80B20ADF80F30CDF811208C
:105DA800ADF81530FFF7ECFE09B05DF804FB00BF55
:105DB8003DEE01000022F0B5114640F6034087B0E1
:105DC800FFF734FD0446002840F09F80FFF74EF9A6
:105DD800214641F2030005AAFFF728FD04460028E2
:105DE80040F09380059A4A4DD16805F17803D1F8BF
:105DF8000100D1F8051003C31046FEF73FFA21460B
:105E080041F2010005AAFFF711FD044600287CD1E4
:105E18000598C3685A7885F870205A88A5F87220C2
:105E28001A7985F87120B3F80720A5F87420B3F81B
:105E38000530A5F87630FEF721FA214641F2020036
:105E480005AAFFF7F3FC044600285ED1059F05F17B
:105E58008006FA68531C413234461868596808337A
:105E680003C493422646F7D13846FEF707FA01F0F5
:105E7800D7FB0446002848D195F88A309F060ED4EF
:105E88005721244810F072FE95F87C305E0645D400
:105E98004521214810F06AFE6FF0120435E04FF0FA
:105EA800FF304FF0FF31FFF739FB0646002800F0BE
:105EB800AE8107210C30FEF70FFB1B2303700A236A
:105EC800C0F802408471447004712246C3703146A0
:105ED80040F63340FFF7AAFC0446B0B94FF0FF3054
:105EE8004FF0FF31FFF71AFB0646002800F08F81BC
:105EF80001210C3010F06FFF2246314640F6314048
:105F0800FFF794FC04460028BED0204607B0F0BD39
:105F1800300000202CCC01005FCC0100002142F2AF
:105F2800030005AAFFF782FC04460028EDD1059A74
:105F3800B84BD168D1F80100D1F8051003C3104659
:105F4800FEF79CF9214642F2020005AAFFF76EFC13
:105F580004460028D9D1059EF468B4F801309AB2F5
:105F680082B1E27872B1A5F8FC30E278032A04D055
:105F780003235721A84810F0F9FDE278A7481146F5
:105F880013F0E7FD3046FEF779F91F2395F87C609A
:105F9800A5F8103116F0200619D14FF0FF304FF058
:105FA800FF31FFF7BBFA0446002800F030810221D8
:105FB8000C30FEF791FA01232146037046703246F1
:105FC80040F66D40FFF732FC044600289DD195F855
:105FD8009C301C0712D5002142F21C0005AAFFF7CD
:105FE80025FC0446002890D10598C368D3F8012001
:105FF800D3F80530C5E93823FEF740F94FF0FF30F4
:106008004FF0FF31FFF78AFA0446002800F0FF80BE
:1060180008210C30FEF760FA95F8D83095F8D920A9
:1060280013F0020F14BF2F230F2312F0090F4FF0A4
:10603800000218BF43F4006303701B0A2146437033
:106048008270C270027142718271C27142F20100A3
:10605800FFF7ECFB044600287FF457AF95F87C3037
:10606800B5F8FC1098065BD4C9B941F2050005AA39
:10607800FFF7DCFB044600287FF447AFB5F8FC3097
:10608800059C4BB9E368B3F80120A5F8FC209A8871
:106098006248114613F05DFD2046FEF7EFF84FF019
:1060A800FF304FF0FF31FFF739FA0446002800F0BF
:1060B800AE8008210C30FEF70FFA102303708823F6
:1060C800437002230022C37020232146827002718C
:1060D80042718271C37140F60140FFF7A7FB044685
:1060E80000287FF412AF014605AA4FF60140FFF7DA
:1060F8009DFBF0B157214A4810F038FDEB79002B91
:1061080076D100F0CFFC044600287FF4FEAE02F002
:10611800A9FC044600287FF4F8AEFFF74DFAF4E630
:106128000029BCD145213F4810F020FD6FF0040440
:10613800EBE6059E4921F4683B48B4F80130042B8E
:1061480096BF3A4A3A4A52F8232010F00FFDB4F8A5
:106158000120B4F80330022A2AD1052B28D8354A61
:1061680052F823204921344810F000FDD4F80910D2
:1061780063790291B4F80710032B019198BF2F4A55
:10618800A17994BF52F82320294A2D48009149212A
:1061980010F0ECFC3046FEF771F800214FF6024093
:1061A80005AAFFF743FB044620B157212548A3E77A
:1061B8001F4AD7E70598C368B3F80130A5F8C1307E
:1061C800FEF75CF895F8C1305A0797D521464FF687
:1061D800034005AAFFF72AFB10B157211A488BE79D
:1061E8000598C3685B7885F8C030FEF747F885E7FF
:1061F8002E78002E85D195F8C1309B063BD54FF0FF
:10620800FF304FF0FF31FFF789F90446F0B96FF01E
:1062180068047AE60801002088CC010030010020DB
:10622800FBCC0100D3CC010024CD010070AE0100ED
:10623800C3C9010058AE010042CD010048AE0100BB
:106248005FCD010091CD0100BFCD010006210C30CA
:10625800FEF742F9D5F8013021460360074B324674
:106268009B8883804FF60640FFF7E0FA0446002833
:106278003FF447AF49E66FF0850446E63100002059
:1062880010B5FFF797FD034B1B6813B1BDE810402D
:10629800184710BD741B002073B5294D0646D5F864
:1062A800500113F0E4FB40B94521264810F05EFC8C
:1062B8006FF01204204602B070BD6FF0020105F1C4
:1062C800D40010F0B5FE012110F0A7FE10EA010479
:1062D80033D11D4B1E600A4605F5907013F039FC4A
:1062E80005F59E7013F017FC18480AF04BFD6FF087
:1062F80007034FF496621649144800940AF058FDB3
:106308001449124813F09CFCD5F8500112498368CF
:106318001B689847044628B1024645210F4810F0EB
:1063280025FCC7E726B902B0BDE87040FFF742BDBB
:1063380005F1C4000AF0B0FCBCE76FF07704B9E7D8
:1063480030000020EDCD0100741B0020D00D00208E
:10635800683900200ACE01009551000013CE0100D3
:1063680070B506460D464FF0FF304FF0FF31FFF78E
:10637800D5F8044628B9BDE870404521074810F013
:10638800F5BB03210C30FEF7A7F80680857021467F
:10639800BDE8704042F22100FFF794B934CE010005
:1063A80073B5C368D9789A781E8842EA0122ADF895
:1063B800002059791A79B4B242EA0122ADF80220D4
:1063C800D9799A79204642EA0122ADF804201A7A4E
:1063D8005B7A012142EA0323ADF8063001F0FEFCA6
:1063E800054650B945211C48224610F0BFFB022142
:1063F8002046FFF7B5FF02B070BD694601F0FEFF09
:1064080038B91E212046FFF7ABFF284601F06EFB86
:10641800F1E74FF0FF304FF0FF31FFF77FF8044608
:106428000028F2D00E210C30FEF756F80023068023
:10643800C0F80A30BDF8003021464380BDF802306C
:106448008380BDF80430C380BDF80630038142F272
:106458002000FFF737F9D8E776C6010070B5044683
:1064680003210C30FEF78AF8E2680346117840F6FB
:106478003542B0F80100904207D1BDE870400A46A5
:10648800084B5721084810F071BB1D782246FEF7CB
:106498000FFF35B105480AF073F8BDE87040FFF703
:1064A800F5B870BDDDE1010053CE010050010020B8
:1064B80038B50BF009FB2D4DD5F83C31002B52D0E7
:1064C8000022002305F590700AF0BEF800284AD192
:1064D8000022002305F59E7009F0A0FF044660B96C
:1064E80040F6AA422249234810F0C1F884F31188E3
:1064F800BFF36F8F0323184602DFD5F8303153B14D
:1065080045211D4810F032FBD5F83001FDF7B6FEE5
:106518000023C5F830312046FDF7F0FEC5F83001FC
:106528002046FFF73FF80246B8B14521134810F05E
:106538001DFB13480AF024F82046FDF70BFD0C223A
:10654800104B1F2102FB003022464088FEF7B0FEA8
:106558002046FDF793FEFFF799F8FFF797F8BDE897
:1065680038400BF003BB01F023FDF8E730000020B2
:1065780085C7010086B4010090CE010083CA0100DE
:1065880050010020E01A002038B5042104460C30E0
:10659800FDF7F4FF4578017822464088FEF788FE2B
:1065A80035B1044809F0ECFFBDE83840FFF76EB894
:1065B80038BD00BF50010020F8B506460024094D3B
:1065C800EF79E3B29F4202D86FF0010007E0294655
:1065D800304610F0DFFD0735631C08B12046F8BDD2
:1065E8001C46EEE73000002070B5194E06223146F1
:1065F800054613F056FF30B34FF0FF304FF0FF3130
:10660800FEF78CFF044600B3062229460C3010F032
:10661800D6FB2146002242F20500FFF707F904469F
:1066280040B110F10D0F03D157210A4810F09EFA1E
:10663800204670BD33462A6843F86929AA88B28083
:10664800012283F868200024F2E76FF06804EFE77E
:1066580099000020D5CF010073B504460D4689B1D5
:106668002846174910F096FD60B9164A2968C4EB08
:10667800C4041151A318AA889A80AA799A71002093
:1066880002B070BD6E46304610F05DFC0028F7D1B0
:106698003046FFF791FF0028F5DA0A4A0098C4EB64
:1066A800C4041051B179B088A31898809971002D4D
:1066B800E5D012592A609A88AA809B79AB71DEE7E7
:1066C80030EE01003000002008B528B1054810F070
:1066D80069FD030601D5012008BD024810F062FDDE
:1066E800F9E700BF0401002070B5044621BB30B3B0
:1066F800264910F04FFD10BB2046FFF75DFF00282C
:106708003DDA23786BB9224AD379002B37D1206838
:106718001060A179A0889171012190801846D171EB
:1067280070BD012B04D1A37903F0C003C02B06D0A0
:106738004521184810F01AFA6FF01500F0E7144DCB
:10674800EB79012B1ED005F1D40010F02BFDC30707
:1067580007D4002CF0D020460C4910F01BFD00286F
:10676800EAD1EE792146731C3046EB71FFF774FFCE
:1067780008B93046D4E7EB79013BEB71D0E76FF00D
:106788007700CDE76FF00B00CAE700BF30EE0100DD
:1067980030000020E9CF01002DE9F341044638B963
:1067A80057211A4810F0E2F9002002B0BDE8F08144
:1067B800002141F2090001AAFFF738F8054610B197
:1067C80057211348EEE7019E0622D6F80C8011499E
:1067D80008F10107384613F064FE28B1062238464E
:1067E8000D4913F05EFE18B93046FDF747FDDBE7AB
:1067F800D8F801303046C4F80130BB882570A4F8B9
:106808000530FDF73BFD0120CFE700BF1CD001009C
:106818003AD001003DEE010037EE010007B56846A9
:10682800FFF7BAFF044BD87118B169460020FFF78B
:1068380013FF03B05DF804FB300000202DE9F041A0
:10684800304E88B0F179002955D196F8C24014F03D
:10685800010410D157212C4810F088F90024F47154
:10686800162500240127F379E0B283422DD8002BA6
:1068780041D000203CE06A464FF60940FEF7D6FFBB
:1068880010B157212148E7E7DDF800C0DCF80C50CB
:1068980095F80180B8F1000F0ED0AB1C02AA123592
:1068A800174618685968083303C7AB423A46F7D108
:1068B800186838609B88BB806046FDF7DFFCB8F13C
:1068C800000FCCD157211248C6E708AB05FB0033AF
:1068D80053F8182C33F8143C6946CDF80120ADF86C
:1068E80005308DF80070FFF7B7FE01340028BAD0E4
:1068F80008B0BDE8F0810021084608B0BDE8F041C5
:10690800FFF7F2BE300000205DD001008ED00100FC
:10691800B3D0010038B50C4661B108480578012D9F
:1069280005D10130FFF760FE00B9257038BD0020A1
:106938000870FBE76FF01500F8E700BF3000002093
:1069480010B50C4641B300F05DF9A8B100F1100391
:10695800184610F027FCC1050ED5184610F022FC89
:10696800C20409D50E4B1B78012B03D1012300204B
:10697800237010BD0023FAE700F044F920B110306D
:1069880010F010FCC305F1D4002010F01BFC002807
:10699800EFD101232370ECE76FF01500E9E700BFA2
:1069A800300000202DE9F8430E4690461D46074664
:1069B80040B13BB10C0312D5710708D545213648C3
:1069C80010F0D4F86FF015042046BDE8F88310F0F5
:1069D8000FFC04460028F7D101232B70F4E78A073F
:1069E800047829D02D49B8F1000F05D0B30603D596
:1069F80091F8D83058064CD5C4EBC40411F804906B
:106A0800B9F1010F0AD101342144384610F0D2FB04
:106A180004460028D8D185F8009002E0B9F1000FAB
:106A2800F9D0B8F1000F05D0B10642BF2B7843F07A
:106A380002032B700024C7E711F0040311D0174993
:106A4800C4EBC4040F5D012F08D10134214410F0B8
:106A5800B1FB04460028B7D12F70E5E7002FE3D13A
:106A6800FAE70F4810F09EFB8206C0F3401605D5E2
:106A7800184600F01BFCB0FA80F67609384610F08C
:106A8800B7FB044601202870002E9DD000F00EFCB4
:106A98009AE76FF0850497E7E1D001003000002005
:106AA8000401002038B5104DEB7913B100242046BD
:106AB80038BDFFF7B3FE044620B145210B4810F05E
:106AC80055F8F4E7EB79002BF0D1FFF7B7FE044651
:106AD8000028F2D1681CFFF787FD04460028E6D09D
:106AE80045210348EBE700BF3000002005D1010035
:106AF80029D101002DE9F74F884601904FF0FF3169
:106B08004FF0FF30FEF70AFD044600284DD0202143
:106B18000C30FDF7E1FC002706460021202213F087
:106B2800B1FC3946D8F8005006F1010BD8F804300A
:106B38009F4208D3317000222146019803B0BDE876
:106B4800F04FFEF773BE6A78881C13181F2B95F850
:106B580000C05FFA80F914D9BCF1090FC9F11F020E
:106B680001D1002A0BDC452111480FF0FFFF204618
:106B7800FDF784FB6FF0150003B0BDE8F08F4FF010
:106B8800080C5FFA82FA0AF1010E0BF801E00131F4
:106B9800C9B20BF801C069685844D14413F04CFCE1
:106BA80001375FFA89F10835C0E76FF06800E3E75D
:106BB80051D10100F7B5CDE90001694642F208005C
:106BC80016461D469DF82070FFF794FF044648B905
:106BD8005FB90B4BD3E8EF1F41F00401C3E8E21F94
:106BE800002AF7D1204603B0F0BD694642F20900F9
:106BF800CDE90065FFF77EFF0028EAD00446F1E7FB
:106C08005800002000487047480000202DE9F04F48
:106C1800D0F810A089B0BAF100040546B54818BFED
:106C28000124039310F004FB47070E46934640F1F6
:106C38008481D5F8048018F4806F0BD06FF01504A8
:106C4800002340F201119B4540F08081204609B0A5
:106C5800BDE8F08FD5F81090B9F1000F02D018F008
:106C6800030FEBD0A44F2878FB798342E6D9C0EB19
:106C7800C0000722A149384413F013FC0028DDD0D6
:106C880018F0030F06D197F87030082B02D8AB68BC
:106C98009F2BD3D918F0300F72D0B9F1000FCDD097
:106CA80018F0100F6FD108F46038B8F5603FC5D000
:106CB8002846FFF709FD80460028BFD0904810F00D
:106CC800B7FAC0F30023C00500F13A81CDE90533D6
:106CD800CDF81B30AB686A68ADF81030EB6812F479
:106CE800004FADF8123014BF06230723D10348BF65
:106CF80003F00503920348BF03F0FB03DFF8F491A8
:106D08008DF81D30D9E8EF3F23F48073C9E8E23FDE
:106D1800002AF7D12B7822463B7687F86F306968CE
:106D28000DF11503A9F1BC00FFF73CFE044600284D
:106D380086D1A9F1B303BAF1000F30D02A691168DE
:106D480049F8B31C9188998092799A716B689C076D
:106D580027D0BAF1000F2BD013F0100F0CBF01236E
:106D680004238DF814302B691A68CDF816209A88F8
:106D7800ADF81A209B798DF81C304FF000081AE006
:106D8800B9F1000F8FD1D5E902239A423FF656AFE9
:106D98001F2A7FF653AFB3F5804F84D94EE7574A81
:106DA800CDE7980502D4039B002B3BD0022300E0DB
:106DB80053468DF814304FF0FF304FF0FF31FEF797
:106DC800ADFB0446002800F0BE800F2204A90C3059
:106DD8000FF0F5FF2146002242F20600FEF726FDDD
:106DE800044600287FF42CAFBAF1000F1ED0686863
:106DF80010F0030026D107460121424810F01BFA83
:106E08000446002844D045213F480FF0AFFE002F2C
:106E18003FF416AF3846002100F0E4FE384600F093
:106E280065FE0DE703238DF81430A6E75946304672
:106E3800129B039ACDF80080FFF7BCFE0446002899
:106E4800D5D0FDE63C7E07222C49304887F86F40B4
:106E580013F027FB60B920462D4901F033FB0746A4
:106E680010B96FF00B04EBE6052100F0BBFEC3E799
:106E78002046264901F074FB00287FF4DFAE387EF7
:106E8800224901F01FFB07460028EAD00621ECE75B
:106E980017B1384600F02AFE6B6813F0030F184B41
:106EA8001FD0D3E8EF2F42F40072C3E8E12F002986
:106EB800F7D1B8F1000F2DD0D3E8EF2F42F480625C
:106EC800C3E8E12F0029F7D16A6851072BD5D3E829
:106ED800EF1F41F48051C3E8E21F002A3FF4B0AE2F
:106EE800F5E7D3E8EF2F22F40072C3E8E12F002979
:106EF800DFD0F6E7040100203000002030EE01006A
:106F080058000020480000206FD1010051000020E7
:106F180029EE0100D3E8EF2F22F48062C3E8E12FC5
:106F28000029D1D0F6E7D3E8EF1F21F48051C3E858
:106F3800E21F002A3FF484AEF5E76FF00A047FE60B
:106F48006FF077047CE66FF0680479E632888A424D
:106F580004D1726812B11278D20702D4013308360C
:106F680071E60549054809F0F9FF4FF4702200233E
:106F780002480AF037F969E6217000006000002035
:106F880010B51E4810F07DF91D4810F051F9C105E3
:106F98002ED51B4810F04CF9820515D51949072242
:106FA800194813F07EFA03461849087E1BBB0522D0
:106FB800174901F027FB044630B10021417200F067
:106FC80011FE204600F092FD00210C4810F033F924
:106FD800044670B90F4810F02BF9830608D52046EF
:106FE80000F064F9204610F0EDF8012000F05EF999
:106FF8000024204610BD06222131DAE7480000208F
:107008005800002030EE0100510000203000002020
:1070180029EE01000401002008B5FFF7B1FF024680
:1070280028B1BDE80840572101480FF09FBD08BDB1
:107038008FD1010070B505460E464FF0FF304FF076
:10704800FF3186B0FEF76AFA0446A0B102210C307F
:10705800FDF742FA094A4670057003A92046052340
:107068000095FEF749FA0022214642F20C00FEF78D
:10707800DDFB06B070BD6FF06800FAE70401002080
:1070880008B50C4B0246400903EB800010F0FCF8F1
:1070980002F01F0340FA03F313F0010006D122B9EE
:1070A800054810F0F1F840F3C01008BD6FF0770004
:1070B800FBE700BF781B002004010020084A4309B1
:1070C80002EB8302012300F01F008340DB43D2E878
:1070D800EF0F1840C2E8E10F0029F8D1704700BF50
:1070E800781B002030B587B0002200235D4808F0E7
:1070F8007DFF0446002840F092805B4810F0C4F8F9
:1071080010F00103584D46D02B1D93E8070006AB3D
:1071180003E90700554810F0B7F8C0F34013524888
:1071280010F0B2F8044600286CD07BB10C2250490C
:107138000DEB020013F0B5F9044600286CD00021CD
:107148000846FFF777FF0446002865D10023ADF80D
:107158000930BDF80E309DF80C00ADF80530BDF8CB
:1071680010308DF80400ADF80730431E58420DF179
:1071780009015841FFF7E4FB044600284CD14FF0C1
:10718800FF304FF0FF31FEF7C9F90546002849D115
:107198006FF0680440E0354810F076F810F0800F82
:1071A800344A0ED04FF480749089D1891269ADF8B1
:1071B8000C40ADF80E00ADF81010ADF81230059285
:1071C800A8E72D4C03AB2068616803C3A06818606A
:1071D80092F8D930180748BF0523234848BF8DF8CF
:1071E8000D3010F051F8810706D53023ADF8103076
:1071F8006023ADF80E308DE71B4810F045F84207C4
:10720800F3D487E743B10146FFF714FF044618B9E2
:10721800174B2861C3E90100124808F095FF204682
:1072280007B030BD072201A90C300FF0C8FD224677
:10723800294642F20B00FEF7F9FA04460028EBD182
:107248009DF80D10012001F00101FFF7F3FE04463F
:107258000028E1D1064B06AA12E9070083E80700D7
:10726800DAE700BF941B0020781B002004010020EF
:10727800881B00203000002030AC0100442200218F
:1072880010B5084813F0FEF8064B03F11C001C4625
:1072980012F03AFC04F1300012F036FC0022024BE6
:1072A8001A6010BD781B0020C41B0020044B003856
:1072B800597C18BF012001F00101FFF7BBBE00BFD8
:1072C800781B0020032838B5054603D1BDE83840AF
:1072D800FFF708BFFFF7D4FE0446A8B90B4B6A09AD
:1072E80003EB8203012205F01F018A40D3E8EF0F68
:1072F8001043C3E8E10F0029F8D1FFF7F3FE044675
:1073080010B12846FFF7DAFE204638BD781B00206A
:107318002DE9F04F00F10C078BB0044638460FF00A
:1073280071FD064686480FF0AFFF00F00103844860
:1073380002930FF0A9FFC0F38003039316B90BB0B3
:10734800BDE8F08F029B13B9039B002BF7D0238A6B
:10735800082B06D845217B480BB0BDE8F04F0FF04D
:1073680005BC09213846FDF709F9037A228A013359
:107378009A420546EED30123ADF824307F238DF8D9
:107388001E30037A00F1010803445B7A8DF81D3042
:10739800FF238DF81C300023ADF822300278042A30
:1073A80098BF694B8DF81F2098BF9B5CADF82030C3
:1073B800037A634801930FF067FF00F00109604802
:1073C8000FF062FF8246B9F1000F0BD0BDF82030F4
:1073D8005A0707D5297A38460131013EFDF7B4F836
:1073E800F6B2ABE740460FF0C7FD0DF1100B0028D1
:1073F8004FD0414658460FF0B4FDB9F1000F02D105
:107408001AF0040F59D1514BD3F800A0BAF1000F6C
:1074180014D0E2686369B4F810B0A2EB0309019BC9
:107428009DF81F2023829DF91D103B4604A8D047D4
:107438006369A4F810B013FA89F3E36004AB069308
:10744800434B1B68002B36D053F80899B9F1000F4D
:1074580001D0A9F108091A688AB1E1686269B4F82B
:1074680010B0A1EB020A019A394622821B6806A8CD
:1074780098476369A4F810B013FA8AF3E360B9F186
:10748800000F18D0D9F8082002B1083A4B469146A7
:10749800E1E76B78FF2B09D12E4B186804909A8886
:1074A8009B79ABF804208BF80630A6E741460FF02D
:1074B8007CFE0346F1E7002306932148BDF82030FF
:1074C8000FF0E2FE10F0010984D1DB0782D5032218
:1074D800484604A901F096F8824600283FF47AAF9E
:1074E80002200FF0D4FED5F801305046CAF87E309D
:1074F800B8F80430AAF8823098F806308AF8843050
:107508000FF0DEFDA0B11F2349468AF80930504626
:1075180000F068FB504600F0E9FAFFF7E3FD024689
:1075280000283FF457AF57210B480FF01FFB51E7D6
:107538005046022100F056FB504600F0D7FA49E7C2
:10754800781B0020BAD101006EEE0100C41B002098
:10755800BC1B002030EE01004BC60100F8B5054603
:1075680022480FF091FE43070F463CD52A78012A9E
:1075780003D96FF015042046F8BD6B780F2BF8D8A7
:1075880043F6FC746888031F9BB2A342F1D8A9880C
:107598000B1F9BB2A342ECD88842EAD37AB90022E7
:1075A8000023134808F022FD04460028E3D1FFF722
:1075B80067FD044640B10E4808F0C6FDDBE70FF052
:1075C8002EFE0028EBD1D4E728686968094E0A4BDB
:1075D80003C6A8681F6030602046FFF773FE0446A4
:1075E80006F12400E8E76FF00A04C4E7040100206C
:1075F800A81B00207C1B0020C41B00200020024B7D
:1076080018600FF044BE00BFC41B002008B5034833
:107618000FF03AFE00F0010008BD00BF781B002003
:1076280008B50CF0C9F830B10246452102480FF000
:107638009DFA6FF0040008BDE0D1010008B50CF018
:1076480069F830B10246452102480FF08FFA6FF011
:10765800040008BD01D2010010B50446FCF77AFC0D
:10766800044901EB00112046FDF736FABDE8104049
:10767800FEF70CB8C81B002070B50546114B1C68F6
:1076880044B154F8143C143C13B12846697A98471D
:107698006469F5E70C4C0D4EB44211D90C490D48FC
:1076A80040F2B6720EF0E3FF40F2B67108480EF0F1
:1076B800D5FF236813B12846697A98471834EBE751
:1076C800F7D370BD2C1C0020A0AA0100A0AA0100BD
:1076D80035D2010086B4010008B5094B1B7853B9AF
:1076E8000849094840F246320EF0C1FF40F24631DF
:1076F80004480EF0B3FFFCF769F9044B185808BDAD
:10770800AB2B00207FBB010086B4010008000000FD
:1077180010B50C46817801290AD00B490B4840F274
:10772800EE320EF0A4FF40F2EE3107480EF096FF5D
:10773800A16904F118001160E26900211A60E27A77
:10774800BDE8104012F09EBE35D2010086B401009B
:1077580013B5837A0446072B10D10430D0E8EF3FE5
:1077680043F48062C0E8E12F0029F7D15B0505D416
:107778000FF09CFD810303D5E178A9B102B010BDDB
:10778800E37823B1154B93F8D8301A07F4D520467F
:107798000FF0BCFC024618B1452111480FF0E6F97C
:1077A800A37A072BEAD1E7E70C4B93F8D930DB072C
:1077B80007D4022257210B4802B0BDE810400FF051
:1077C800D5B9022320461A4600910FF0BAFC0246AA
:1077D8000028D3D045210448EEE700BF3000002040
:1077E80065D201008BD20100A9D2010070B505460F
:1077F80000220023144808F027FF18BB134B1C680D
:1078080034B154F80C3C143C03B198476469F7E769
:107818000F4C104EB4420FD90F49104840F27C6209
:107828000EF025FF40F27C610B480EF017FFA368AD
:1078380003B198471834EDE7F9D32846BDE87040FE
:1078480009F02ABA70BD00BF440600202C1C002095
:10785800A0AA0100A0AA010035D2010086B4010047
:107868002DE9F0410446FFF737FF1B4BD3F888306A
:10787800834223D120270025EFF3118287F3128852
:10788800BFF36F8FE16929B1206A0B688142E36118
:1078980008BF236282F31188BFF36F8FC9B1D1E9A2
:1078A80001680E48C1E9015512F03EF91EB10022E7
:1078B80041462046B047FDF7E9FEDDE7084909489B
:1078C8004FF493720EF0D3FE4FF4937104480EF008
:1078D800C5FEBDE8F08100BFA013002054060020BB
:1078E80035D2010086B401000448B0F8FC3000F538
:1078F8008070002B08BF0020704700BF30000020B8
:1079080030B589B004460D46FFF7E6FE114BD3F8B3
:107918008820824205D1204609B0BDE83040FFF7F3
:107928009FBF24342146184612F074F900280ADA59
:1079380009490A484FF4AF720EF099FE4FF4AF713F
:1079480005480EF08BFE1DB16946204609F0AAF9DC
:1079580009B030BDA013002035D2010086B4010063
:1079680038B5002204468A4202D10024204638BD98
:10797800012004F1C803D3E8EF5F002D04D1C3E868
:10798800EC0FBCF1000FF6D102D0D0340244EAE784
:10799800002CEAD0C8220021204612F073FD04F121
:1079A8004000044909F0DAFA034904F1240009F017
:1079B8007FF8DBE70D890000BB72010070B5164641
:1079C8000D4601210446FFF79BFF012E1FD0022E12
:1079D8004BD1236933B12C4845210FF0C7F8204615
:1079E8000FF085FC256121690A8A012A4BD9CB68E9
:1079F8001B8804339BB29A4245D33CD9234845217E
:107A08000FF0B4F82046BDE870400FF070BC206954
:107A180038B945211E480FF0A9F820460FF067FC39
:107A280001E02A8A22B92846BDE87040FCF726BC46
:107A3800018A438A46695B1AC168891B5B1A9A42A4
:107A48000BD9452113480FF091F8002220462169EF
:107A580001F0B0FA00232361E5E7E9680C300FF084
:107A6800AEF92846FCF70AFCBDE7324645210A482C
:107A78000FF07CF8D1E7002323612046BDE8704071
:107A8800012201F097BA70BDC5D2010059D3010097
:107A9800E7D201000AD3010036D30100034610B52E
:107AA80090B100F1C80210460FF000FCB8B1411CBB
:107AB800D2E8EF4F844204D1C2E8EC1FBCF1000FBA
:107AC800F6D1F0D1184610BD0649074840F2B55224
:107AD8000EF0CDFD40F2B55102480EF0BFFD034651
:107AE800F0E700BF35D2010086B4010038B504467E
:107AF80050B9224940F2DF5221480EF0B8FD40F259
:107B0800DF511E480EF0AAFD243009F03DF804F1BB
:107B1800C803D3E8EF2F511EC3E8E51F002DF8D1A5
:107B2800002A08DC15494FF4BE6215480EF09FFD87
:107B38004FF4BE61E5E7012A1FD140B10F4940F279
:107B4800F9520F480EF093FD40F2F951D9E70D4B69
:107B58009C4212D303F5507294420ED2E41AD023F9
:107B6800B4FBF3F203FB12443CB9074808F008FDE4
:107B7800BDE83840054809F08FB838BD35D2010056
:107B880086B40100780E0020440600203803002047
:107B980010B50446FFF782FF09F096FF104A04F17A
:107BA800BC03D2F8141161B9C4F8BC10D2F818118A
:107BB80059B9C2E9453309F0D9FFBDE81040FDF7CE
:107BC80065BD8B4205D00968EDE70B60C2F8183136
:107BD800F1E709F0CBFF2046FFF788FFEDE700BF8C
:107BE800300000202DE9F041857A04468D420E468A
:107BF8000BD15721082D96BF5B4B5C4A53F82520C3
:107C08005B48BDE8F0410EF0B1BF817265B1022D4D
:107C18000DD0A37A082B00F2A080DFE803F02570CE
:107C280058A2A2A2A20FA200FFF738FFF1E78378BB
:107C3800012BEED1403009F0DBFAEAE70023C4E972
:107C48000D33E378012B40F08C80A3784FF4203279
:107C5800012B04BF032384F89830002304F140006B
:107C6800BDE8F04109F04EBA082D7AD8DFE805F0F2
:107C78002B0521182626212B2B0004F14005284628
:107C880009F0B6FA20460121FFF73AFE20460FF028
:107C98002EFB2846BDE8F0410022002309F0A2BAD5
:107CA80002200FF0F4FA024618B1572131480EF0BD
:107CB8005DFF637A13B12046FFF7DEFC2046BDE87E
:107CC800F041FFF713BF324657212B4899E7A378B5
:107CD800012B46D1294B9D8A002D42D00A2340F220
:107CE800E73000214FF400465D434FF47A720023D9
:107CF800E5FB0601F8F7F0FD02460B46AEE7637AAE
:107D08003E2B04D1224657211D480EF02FFF1B4D54
:107D180005F58077616919B9BDE8F041FDF7B6BC92
:107D2800A2690B68914208BFA36163610023D1E98E
:107D380001681448C1E9013311F0F6FE26B16FF06D
:107D48006D0241462046B047B5F8FC30002B14BF01
:107D58003846002008F014FCDCE7324657210A4870
:107D68004FE7BDE8F08100BF30AF010079D30100D3
:107D780083D3010099D30100CFD301003000002044
:107D8800EBD301005406002017D401002DE9F04779
:107D980006460F46904600254FF0D009DFF828A088
:107DA80009FB05A0FFF77AFE044620B183781E423E
:107DB80006D1FFF79BFE0135042DF1D1BDE8F08710
:107DC8004146B8472046F4E7780E002000220120FB
:107DD8000149FFF7DBBF00BF597700002DE9F041EB
:107DE80005460E460027DFF850804046FFF756FE4E
:107DF800044658B1837A012B02D0073B012B03D8E4
:107E08002388AB420BD02046FFF770FE0137042FC2
:107E180008F1D008E9D100242046BDE8F081A37814
:107E28001E42F9D12A46572104480EF09FFE2046EB
:107E3800FFF75CFEEFE700BF780E002038D40100A2
:107E480008B50F4B98420AD303F55072904206D2F8
:107E5800D022C01AB0FBF2F302FB130353B1094955
:107E6800094840F21B620EF002FC40F21B61054813
:107E78000EF0F4FB054B00115843C0B208BD00BF1B
:107E8800780E002035D2010086B40100C54EECC43E
:107E98002DE9F84305460F4616461C469046994676
:107EA80011F0C8FE50B11649164840F237620EF07C
:107EB800DEFB40F2376112480EF0D0FB34430AD0A3
:107EC800FFF70AFC104BD3F88830834206D15721BC
:107ED8000E480EF04BFE4FF00008C1460C494246D2
:107EE8004B46002D14BF284608460EF057FF04469F
:107EF80018B1791D0C30FCF7D3FA2046BDE8F88399
:107F080035D2010086B40100A013002054D401002A
:107F18009406002010B50446054808F0BDFE20462A
:107F280000F028FF2046BDE81040FFF7A5BB00BFC2
:107F38002803002010B5837A0446023B062B30D86C
:107F4800DFE803F00D042F2F2F222D0041720021AE
:107F5800FFF748FEBDE810400220FFF7B3B9837869
:107F6800012B06D1403009F043F9BDE81040FDF778
:107F7800DFBD0D490D484FF4F4620EF078FB4FF465
:107F8800F46109480EF06AFB00880FF09BF838B9D5
:107F9800A37A072B03D108212046FFF723FE0020F0
:107FA80010BD6FF07F00FBE735D2010086B40100F9
:107FB80000232DE9F04F85B001930393914B5A8B21
:107FC80032B1914ED6F8144134B905B0BDE8F08FFE
:107FD8001B68002BF5D1F8E754F8BC3903B1BC3B5A
:107FE80000258A4913E01346B6F8FC20002A00F061
:107FF8009B81D6F80821BAB904F1BC05002BE4D05E
:10800800D3F8BC201C46002AEDD0A2F1BC039C4248
:10801800EAD17F4940F2B9327E480EF028FB40F29F
:10802800B9317B480EF01AFB0A68002AE4D0D4F86C
:10803800A820002AE0D0D4F8AC20002ADCD0D4F85C
:10804800B020002AD8D0A37A072B3AD120469047EF
:10805800002836D004F1C0000FF028F9022830DCDF
:108068002046FFF71BFD04460028AED0A37A072B55
:1080780040F057812046D4F8A830B6F8FC1002AA80
:1080880098470746002800F03C81B6F8FC20029B80
:108098009A4206D30146D4F8AC50204603AB01AA55
:1080A800A847DDE9019A3B8ADDF80C80002B39D11D
:1080B80057494FF4247257480EF0D9FA4FF42471F7
:1080C800AFE704F1BC03AB4208D1514940F2D632C4
:1080D80050480EF0CCFA40F2D631A2E7D4F8BC20D2
:1080E800C5B9D6F81811C6F814218B4201D1C6F8C3
:1080F800182100232046C4F8BC30D4F8B030984783
:108108000028B3D0A37A072B40F00B812046FFF755
:108118003FFDABE72A60D6F81821934208BFC6F89E
:108128001851E6E738460EF053FF40B1384940F29F
:10813800972238480EF09BFA40F2972171E7B6F87B
:10814800FC303548002B08BF00200022002308F02F
:108158007BFA40B12E4940F2A7222E480EF087FA4A
:1081680040F2A7215DE700220023284808F056F9CD
:10817800054640B9264940F2B22226480EF077FA61
:1081880040F2B2214DE7C0E90198B6F8FCB03B7A5D
:10819800DA4503F1FF3398BF1FFA8AFB012B08D990
:1081A8001B4940F2D2221B480EF061FA40F2D2215C
:1081B80037E738460EF00CFF814630B11449AC223F
:1081C80014480EF054FAAC212BE701460022002394
:1081D8000C48FBF7F5FE804658B1FBF7BBFE0F4B8A
:1081E800394603EB00135A464046FCF799FC07460C
:1081F800B0B9074940F2DB2206480EF038FA40F2DF
:10820800DB210EE744070020300000205406002040
:1082180035D2010086B4010030010020C81B0020BF
:10822800B6F8FC3094F8C4809A458CBF4FF0010929
:1082380008F1020884F8C49098BF5FFA88F804F13E
:10824800C009D9E8EF3F0133C9E8E23F002AF8D175
:1082580000232B60A369002B57D1C4E90555A378E7
:10826800012B55D107F10C0A04215046FCF750F9AF
:10827800238808F0FD0843EA083303803B8A02217B
:10828800043B438050460EF0B6FD3846FDF78AF9A8
:108298008046002845D0D9E8EF3F013BC9E8E23FD6
:1082A800002AF8D1294604F114000FF005F84246D7
:1082B80045211E480EF05AFC3846FBF7DFFFD5E98A
:1082C800017800232946C5E90133194811F02CFC2F
:1082D80027B16FF06D0241462046B847B6F8FC302A
:1082E8001448002B08BF002008F04AF9452112481D
:1082F80023466FF004020EF039FC13212046FFF7E5
:1083080019FE2046FFF7F2FB5FE61D60A561A6E7B0
:108318000A4940F2FF220A480EF0A9F940F2FF216B
:108328007FE6FDF7B3F9ECE79368FFDE83CA010047
:10833800540600203001002082D4010035D201000B
:1083480086B4010040F2E2432DE9F041D0F888609C
:108358000446B6FBF3F6031D18460EF0A7FF820489
:10836800B6B213D5B4F88C20B2420FD8B4F88E2028
:10837800B2420BD3D4E92412914207D1D3E8EF1FBC
:1083880021F40051C3E8E21F002AF7D1164B1D68FB
:1083980065B155F8047C143D37B131462046B4F830
:1083A8009230B4F89020B8476D69F1E70F4DDFF8C7
:1083B8004080454515D90F490F4840F2FC720EF030
:1083C80056F940F2FC710B480EF048F92F6937B1A5
:1083D80031462046B4F89230B4F89020B8471835A2
:1083E800E7E7F3D3BDE8F0812C1C0020A0AA010028
:1083F800A0AA010035D2010086B401002DE9F041A0
:10840800074608460D460EF037FE064618B9002600
:108418003046BDE8F0811A4B1C6884B154F8083C1A
:10842800143C0BB96469F8E7294638469847002890
:10843800EDD028460EF020FE0028F3D1E7E7114CD6
:10844800DFF84480444514D91049114840F63D02EC
:108458000EF00DF940F63D010C480EF0FFF82946E4
:10846800384698470028D2D028460EF005FE20B995
:10847800CDE7CDD2E368002BF1D11834E2E700BF95
:108488002C1C0020A0AA0100A0AA010035D20100DE
:1084980086B401000A4A00F11403116831B9416138
:1084A800516839B9C2E90033002070478B4204D0C3
:1084B8000968F3E70B605360F6E76FF01000704748
:1084C8002C1C002038B505460C460E480421FFF741
:1084D80047FAB0B1057223680367A388A0F874301F
:1084E800A37980F8763001238370074BC0F8A83051
:1084F800064BC0F8AC30064BC0F8B030054BC0F89E
:108508008C3038BD780E0020658C0000197700008B
:10851800A9720100180028002DE9F0410746884695
:1085280000250E4E3046FFF7B9FA044620B183788D
:10853800012B0AD0FFF7DAFA0135042D06F1D0062F
:10854800F0D100242046BDE8F081424639460EF0BD
:1085580004FF0028F6D12046ECE700BF780E002083
:1085680030B58BB00D46FFF7D7FF0446A8B12946B2
:1085780002A8FCF763F9A37A5721082B96BF084A8B
:10858800084B52F8233008482246009302AB0EF0FD
:10859800EDFA2046FFF7AAFA01200BB030BD00BF64
:1085A80030AF010079D30100AAD4010038B50446E0
:1085B80013480EF07BFE420702D46FF00A0038BD64
:1085C80008460EF059FD10B96FF01500F7E7FFF7F0
:1085D8001DF80028F1D10A480EF068FE0306C0F322
:1085E800C0150AD40EF01BFE0028EDD021462846FF
:1085F800FFF7B6FF0028E2D0E6E76FF07700DEE786
:10860800040100202DE9F04706460F469046002554
:108618004FF0D009DFF844A009FB05A0FFF73EFAA8
:10862800044620B18378012B06D0FFF75FFA0135A5
:10863800042DF1D100240DE037B13A4631460EF051
:108648008CFE08B92046F0E7A37A4345FAD1237A8D
:10865800B342F7D12046BDE8F08700BF780E00206E
:1086680070B58B780646012B0C4692B042D191F832
:10867800703007AD032B37D8DFE803F0023032340F
:108688001E492846F8F74CF9059594F871301E21D3
:10869800049394F872301A4A039394F873300AA832
:1086A800029394F87430019394F87530009394F819
:1086B80076300DF0E7FB32460AAB10AD1C4603CC12
:1086C800AC4210605160234602F10802F6D12068DE
:1086D80010603046A388938012B070BD0949D0E776
:1086E8000949CEE70949CCE70A212846084A0DF08E
:1086F800C9FBC9E700238DF82830DCE7CBB50100BA
:10870800F4B50100D2B50100D9B50100E3B5010007
:10871800EDB5010010B583780B70C3784B70037A00
:108728008B70837A082B0ED82A4AD35C81F82030C4
:10873800012381F8213000234B848378012B0DD04D
:108748006FF0150010BD2449244840F655320DF04D
:108758008EFF40F6553120480DF080FF00F1700380
:108768008B60037A1E4AC3EBC30313444B60C27881
:1087780000F1770300F17E0412BB1A462346C1E9D3
:10878800032340F2E242D0F888304B61B3FBF2F3A6
:108798000B83B0F890304B83B0F892308B83D0F8CD
:1087A800A4302BB15B7CDA0644BF012381F8233067
:1087B800D0F8A43013B15B7C9B0603D40020C1E73A
:1087C8002246DCE791F8233043F0020381F8233096
:1087D800F4E700BF73EE010035D2010086B4010052
:1087E800300000202DE9F04105460E4690461F4610
:1087F800002B47D01B681BB1572125480EF0B6F94E
:1088080041462846FFF7D2FE0446002835D12846BF
:1088180041460EF078FD0546002836D096E80F0050
:108828001C4C04F1080C8CE80F00A38A002B08BF2D
:108838004FF49673A382238A03B9A3892382638A98
:1088480003B9E389022128466382FFF7CBF928465A
:108858000EF036FC044698B1002128466972FFF7ED
:10886800C1F92846FFF742F90320FEF72BFD02461F
:1088780018B1572108480EF079F92046BDE8F08173
:108888003D60FAE76FF01504F7E76FF00B04F4E7C3
:10889800E8D40100300000204BC6010038B504467A
:1088A80008460D460EF0E8FB38B3154B93F8D83060
:1088B800990707D4E37873B129462046BDE83840C4
:1088C80000F0A0BB94F899309A07F3D5201D0EF05C
:1088D800EDFC4304EED4294620460EF064FD58B959
:1088E8002B88A4F88C306B88A4F88E30AB88A4F859
:1088F8009430EB88A4F8963038BD6FF01500FBE78C
:1089080030000020F7B510F8363C0446A0F14006C8
:108918006BBB30460EF091FD434B1D684DB155F8C9
:10892800103C143D1BB1304614F8371C98476D694C
:10893800F4E73E4D3E4FBD4212D93E493E4840F213
:10894800C5720DF094FE40F2C5713A480DF086FEEE
:108958006B681BB1304614F8371C98471835EAE79E
:10896800F6D3304603B0BDE8F040FFF7BFB810F8C3
:108978003E3C012B39D110F83D3C83B9FDF7D8F8BE
:10898800693032D157212D480EF0F0F84FF4A47217
:108998000023204603B0BDE8F04008F023BCA0F156
:1089A8003C05D5E8EF3F23F40052C5E8E12F002944
:1089B800F7D1990420D5E36C69460093636D30467E
:1089C8000193FFF76BFF024688B9D5E8EF3F23F420
:1089D8008053C5E8E23F002AF7D1D5E8EF3F43F4DA
:1089E8000063C5E8E23F002AF7D103B0F0BD572184
:1089F80013480EF0BBF8F0E74FF42813114A694604
:108A08003046CDE90023FFF749FF024640B9D5E8D3
:108A1800EF3F43F48053C5E8E23F002ADDD0F6E794
:108A280057210948E5E700BF2C1C0020A0AA010037
:108A3800A0AA010035D2010086B4010022D50100A8
:108A48005AD501001800280084D50100032805D84C
:108A5800D022034B02FB0030FFF720B800207047FC
:108A6800780E0020F8B51B4811F055F81A49194836
:108A780011F05AF81949174811F056F818491548CD
:108A880011F052F80FF0EBF803F0D0FA0446F8B9F9
:108A98000FF0A6FE0446D8B90EF05CFD2646114F2D
:108AA8003846FEF7FBFF054668B104300EF0FEFBC2
:108AB800C30705D50023032128462B72FFF792F838
:108AC8002846FFF713F80136042E07F1D007E7D13F
:108AD8002046F8BD54060020081C0020141C002065
:108AE800201C0020780E002010B50268D2F8B4309F
:108AF80053B90C490C484FF43C720DF0B8FD4FF4D3
:108B08003C7108480DF0AAFDD2F8B8401968A34294
:108B180000F1440008BFC2F8B8108342C2F8B4108C
:108B2800E7D110BD3CD6010086B4010070B50246FD
:108B380000244C260A4D06FB04F35819EB584BB198
:108B48000134042CF7D1074845210EF00FF86FF0D7
:108B58000B0003E0044A42600860184670BD00BF7D
:108B6800341C00206DD601007CAF010070B50446AE
:108B780052EA030007D1002213462046BDE87040A0
:108B88000431FFF785B90C48007850B90B490C48F7
:108B980040F246320DF06BFD40F2463107480DF0C9
:108BA8005DFDFAF713FF074D074ED5F8885030588A
:108BB8008542E2D1DFE700BFAB2B00207FBB01007D
:108BC80086B40100A013002008000000F8B50F4685
:108BD80000210546164600234FF480320846FFF769
:108BE800C5FF044630B92A46452106480DF0BEFFA8
:108BF8002046F8BD04210C30FBF76EFC0570477069
:108C08004680F5E799D6010070B505461E462B68E3
:108C18001046F3B19B7A072B1BD1002A0CBF012207
:108C280002220B7A934206DD45210B480DF09EFF88
:108C38006FF0150070BDCB7A072BF9D98861CE612A
:108C480005F1300010F070FF28460EF0D6FB00202A
:108C5800F0E76FF07F00EDE7C6D601002DE9F04799
:108C680006460F469046D0F8B4403CB1443C236BCE
:108C780053B92046FFF738FF646CF6E7FCF706FDAA
:108C880000263046BDE8F08704F13009484607F071
:108C980021FC05460028F1D0B37A072B0AD03149C8
:108CA80040F2D63230480DF0E2FC40F2D6312D4881
:108CB8000DF0D4FC0EF08CF928B12A4645212B483A
:108CC8000DF054FFDCE72846FBF718FBA56C0646B9
:108CD8009DB9A38C058A403B9BB23F2B03D8238DBB
:108CE8009D4228BF1D46042106F10C00FBF710FC2D
:108CF8000580A38C04354380A564AF4229D3B6F818
:108D080010A0AA4511D100220023484607F086FB8F
:108D1800864208D013494FF4816213480DF0A7FC2E
:108D28004FF48161C3E7FBF7A9FAA38CA3F14002D2
:108D38003F2A06D8AA451ABF002213460C4AF361F7
:108D4800B2612046FFF7D0FE236B13B120460EF028
:108D580054FBA36C9F422CBF0027DF1BC8F80030D0
:108D6800A7648EE73CD6010086B40100EBD601006B
:108D78000F7501002DE9F34104464FF00008364E07
:108D8800364FBE4263D936494FF4D37235480DF099
:108D98006EFC4FF4D3710BE031884B1E3E2B0AD981
:108DA8002F4940F2A9122F480DF061FC40F2A91199
:108DB8002B480DF053FC20460EF09CFB0546019015
:108DC80040B1274940F2AD1226480DF050FC40F260
:108DD800AD11EDE72046736801A99847002831DBFB
:108DE800019B32889A829A8403F11002D2E8EF1F1D
:108DF800C2E8E05F0028F9D15D649D649D60A16BC5
:108E080003F1080201BBC4E90D221C60C3F80C8001
:108E180003F1300010F07FFE019843681B6803B12E
:108E28009847019B1033D3E8EF1F41F00101C3E8D5
:108E3800E21F002AF7D101984368DB6913B100F1FA
:108E48001001984708369CE70A60A263DDE7A3D3C0
:108E580002B0BDE8F08100BF88AA0100A0AA010005
:108E68003CD6010086B4010073B50B8A0646032B75
:108E78000D4606D8452148480DF078FE002002B07E
:108E880070BD042105F10C00FBF778FB298A4288A4
:108E980004468A4206D013460A4645213F480DF04B
:108EA80065FEEBE7417811B945213D48E4E70378D1
:108EB800122B21D0132B19D0012BDFD01A465721A2
:108EC80038480DF053FE6178022201203568FFF71B
:108ED8007DFE04460028D1D002210C30FBF7FCFAB5
:108EE8000023214603704370284624E0022AC5D097
:108EF800022345212C48D2E7082A03D0082345211C
:108F08002A48CCE73468A37A072B02D0572128488F
:108F1800B2E7E37893B102220120FFF757FE054636
:108F28000028ABD002210C30FBF7D6FA00232946E3
:108F38000370437020460EF0F3FA9FE7EB681320A6
:108F48001A88ADF800205A88ADF802209A88ADF842
:108F58000420DB880222ADF80630FFF737FE05460D
:108F680000288BD069462046FFF748FA06460221BA
:108F780005F10C00FBF7B0FA86F00103DBB20380C1
:108F8800294620460EF0CCFA002E3FF477AF69460A
:108F980020460EF008FA71E708D701002BD7010028
:108FA80051D70100F1D7010077D70100A7D70100F9
:108FB800DED7010038B50B8A0546032B0C4608D8C6
:108FC80045210E480DF0D2FD2046BDE83840FBF79C
:108FD80055B9042104F10C00FBF7D0FA4288284661
:108FE80011460EF0AEFA20B9572105480DF0BEFD26
:108FF800EAE7436821465B699847E5E71ED8010020
:1090080040D8010070B5134A0C4613780646013360
:1090180013F0FF010ABF01230B46194613701220F3
:109028000822FFF7D3FD054688B108210C30FBF76D
:1090380053FA22882946028062884280A288828068
:10904800E288C2803046BDE870400EF069BA6FF021
:109058000B0070BD8829002023281FD81A2804D89F
:10906800431E182B0ED906207047A0F11B03082BAE
:109078001ED8DFE803F0051D1B231D19251D05005B
:109088000320704701230F4A83401A40C2B90E4A91
:109098001A40002A0CBF06200120704700F07F0309
:1090A800522B05D1002070470120704705207047DA
:1090B80010F0400F14BF00200620704704207047AE
:1090C80002207047AAAA8A025455450138B50446B9
:1090D800EFF31185202383F31288BFF36F8F1E48A7
:1090E80009F0B2F940B91D4984221D480DF0BFFAB4
:1090F80084211A480DF0B2FA174809F0C9F900237B
:109108002360184B5A6872B9C3E90044124809F041
:10911800A9F958B911494FF4997211480DF0A7FAF5
:109128004FF49971E5E714605C60EFE785F3118807
:10913800BFF36F8F0C4807F0AFFD021E0BDA452115
:109148000A480DF013FD002383F31188BFF36F8FD6
:109158000323184602DF38BD6C1D002003BC010044
:1091680086B40100641D00207003002081D801002E
:10917800094B011F9A680948914204BF00229A606E
:109188001A6A914204BF00221A629A6B914204BF84
:1091980000229A6306F076BE701D00204C05002060
:1091A80008B5094B1B7853B90849094840F24632BB
:1091B8000DF05DFA40F2463104480DF04FFAFAF727
:1091C80005FC044B185808BDAB2B00207FBB0100E1
:1091D80086B401000800000010B50446807AFAF74A
:1091E800B1FE0B4B83420AD00A490B484FF4B572C3
:1091F8000DF03DFA4FF4B57106480DF02FFA2046F0
:10920800FAF7A8FE1822054B02FB003010BD00BF7C
:10921800C0060020AFD8010086B40100701D0020F0
:109228002DE9F84F074608460C46FFF7D5FFE368D7
:109238000646D0F8089007F15002D2E8AF2FD207BF
:1092480008D4452127480DF091FC6FF015052846F4
:10925800BDE8F88F228A52B9234924484FF4DA72BC
:109268000DF005FA4FF4DA711F480DF0F7F9E268CE
:1092780012780271002202601B78D22B0ED13B6853
:10928800214618680FF0A9FA054638B14521184853
:109298000DF06CFC2046FAF7F1FFD8E70023D4F86C
:1092A8000C80D4F814B0B4F810A01A462146B76060
:1092B800381DFFF7A9FC05460028C8D010F1690F32
:1092C80003D145210B480DF051FC6369A8EB0B084D
:1092D80013FA88F3E360A4F810A0C6F80890356084
:1092E800B5E700BFDED80100AFD8010086B40100A1
:1092F800FDD8010015D9010070B5531C0E46428DEA
:10930800418B05468A4228BF0A46934206D957210F
:1093180019480DF02BFC0024204670BD3046FFF79D
:109328009BFE6FF01403034113F001030ED0FFF707
:1093380037FF124BD3F8883083421AD0104B1B6882
:109348001A1A18BF4FF0FF32134601E04FF470228B
:1093580000210C48FFF70AFC04460028DCD0FFF780
:109368003BFF0121856004F10C00FBF7B5F806709E
:10937800D2E70022E8E700BF3DD90100A013002092
:10938800B81D0020C006002070B5044601F10C008D
:109398000D460DF03FFD266801462B8AEA683068C5
:1093A8000FF095F91E2100222046FFF7A5FF014680
:1093B80028B9452104480DF0D9FB002070BD20468E
:1093C8000EF03CFAF9E700BF67D90100F8B54FF491
:1093D8007022074600230E480D460DF0DFFC0446B8
:1093E80030B92A4645210B480DF0C0FB2046F8BD90
:1093F80000F10C0609213046FBF752F82046FFF72A
:10940800EBFE012187603046FBF766F80570EDE753
:10941800C006002099D601002DE9F0410646904685
:109428001F460D46C9B104220121FFF765FF044616
:1094380028B9BDE8F041452109480DF097BB042142
:109448000C30FBF749F80570A0F80180C770214679
:109458003046BDE8F0410EF0F1B9BDE8F08100BF3B
:1094680089D901002DE9F0410B8A04460D4633B92C
:10947800452127480DF07AFB0020BDE8F0810768F8
:10948800012105F10C00FBF779F8BB7A0646072B9A
:10949800F2D154F8043C002BEED0002103781D4F84
:1094A800043C17F831204FEAC1089A4207EBC10083
:1094B80011D12A8A4178914223D9452116480DF0C5
:1094C80055FB04234744BA78012AD5D1002BD3D0C1
:1094D8000022317811E001311C29E2D11A465721C6
:1094E8000E480DF043FB31780846FFF7B5FD212201
:1094F800C24012F00102BFD106232046FFF78CFFBD
:10950800BAE743682946204698470346DAE700BF8A
:10951800ABD90100A4AF0100EAD90100CBD9010001
:109528007FB5CB6804461D888DB15E8876B1B5429B
:109538000DD810220021684610F0A4FF052120460E
:10954800FFF744FF019058B9112007E03546012381
:109558002A4604212046FFF75FFF002004B070BDB3
:109568006B4631462846084A00940EF075F9DDE945
:10957800011323B90846FAF781FE0A23E8E72046D3
:109588000EF05CF9E9E700BFAF760100F0B51D46C3
:1095980003680E460039044618BF012187B01868D1
:1095A80017460FF0A5F840B904F150000EF078F90D
:1095B800002845D0002007B0F0BD002D42D0182269
:1095C8000021684610F05EFF67B100221321204693
:1095D800FFF792FE019028B91B4845210DF0C6FA05
:1095E8001120E8E7236829461B68284600930023D2
:1095F800ADF812300C9B154A0393BDF834308DF842
:109608000860ADF8103001238DF814306B460EF069
:1096180023F99DF8143063B1002FCBD00198FAF7E5
:109628002DFE2A46314620469DF81430FFF7F4FEF9
:10963800C0E701990029BDD020460EF0FFF8B9E730
:109648001220B8E70120B6E70EDA01003D760100E6
:10965800F0B51D46036804460E4685B0012118681A
:1096680017460FF045F838B904F150000EF018F914
:1096780050BB122005B0F0BD65B31022002168462A
:1096880010F000FF39462046FFF7A0FE029018B3FD
:10969800BDF828302946ADF80430012328468DF856
:1096A8000C300E4A6B4600940EF0D6F89DF80C303C
:1096B80002995BB10846FAF7E1FD2A463146204691
:1096C8009DF80C30FFF7A8FE0020D3E720460EF0E7
:1096D800B5F8F9E70120CDE71120CBE7697B010058
:1096E8002DE9FF41036804460D46186801210EF074
:1096F800FFFF40B904F150000EF0D2F8A0BB1220D1
:1097080004B0BDE8F08110220021684610F0BAFECE
:109718000F212046FFF75AFE029038B34FF0010898
:10972800009405F10C072B8A012B04D820460299D6
:109738000EF084F818E038460DF06CFB6B460146D5
:109748000B4A06468DF80C800EF086F89DF80C3012
:10975800002BE8D00298FAF791FD32460E212046F8
:109768009DF80C30FFF758FE0020C9E71120C7E725
:10977800697B01002DE9FF41036804460D4618681E
:1097880001210EF0B5FF40B904F150000EF088F841
:10979800A0BB122004B0BDE8F08110220021684669
:1097A80010F070FE21212046FFF710FE029038B31A
:1097B8004FF00108009405F10C072B8A012B04D8FF
:1097C800204602990EF03AF818E038460DF022FBD0
:1097D8006B4601460B4A06468DF80C800EF03CF8A5
:1097E8009DF80C30002BE8D00298FAF747FD324676
:1097F800202120469DF80C30FFF70EFE0020C9E717
:109808001120C7E7E57A010010B5044600F14C03C2
:10981800D3E8EF1F41F00101C3E8E21F002AF7D1A6
:10982800201F0DF0D3FE04F16C00044907F096FBED
:109838002068BDE8104002F04BBB00BFCDA200007D
:109848002DE9F0430F460446062187B007F10C00C6
:10985800FAF794FE0588EDB1B0F80280B8F1000F70
:1098680017D0454516D8002382888DF800308DF82A
:1098780004304FF42053684601A9D7F80C90ADF88E
:109888000220ADF806300DF011FB064660B10A2340
:1098980001E0454601232A4606212046FFF7BCFD84
:1098A800002007B0BDE8F0830146142201A83F7CE0
:1098B80010F0E8FD07212046FFF788FD0290D8B197
:1098C8000A2341468DF81530284601AB0B4ACDE9ED
:1098D800036901948DF814700DF0BEFF9DF81530E2
:1098E80002992BB10846FAF7C9FC9DF81530D2E762
:1098F80020460DF0A3FFD3E71120D2E70D9B00000F
:109908002DE9F0410E8A0446043EF6B2022E0846BE
:109918008CB001D0102E76D104210C30FAF72EFE2F
:109928000DF1040805884788011D324640460DF0B0
:10993800EAFA002869D085B377B3BD422DD8012152
:1099480060680EF0D5FE064678BB42F602038DF835
:10995800000069464046ADF802300DF0A7FA20B382
:1099680042F60303404606A98DF81860ADF81A3090
:109978000DF09CFAC8B1012D03D14FF6FF739F4239
:1099880013D004F150000DF08BFF002814BF002005
:1099980012200CB0BDE8F0813D4601232A4608217B
:1099A8002046FFF739FD0020F3E7182200210DEBD0
:1099B800020010F067FD09212046FFF707FD089017
:1099C800F8B101210C30CDE90648FAF785FD0023EE
:1099D800099003700A2339468DF82C30284606ABC7
:1099E8000B4A0DF039FF9DF82C3008992BB1084629
:1099F800FAF744FC9DF82C30D0E720460DF01EFF06
:109A0800D1E71120C5E70420C3E70E20C1E700BF56
:109A1800199D00002DE9F0410E8A0446043EF6B275
:109A2800022E08468CB001D0102E64D104210C30CF
:109A3800FAF7A4FD0DF1080805884788011D32468C
:109A480040460DF060FA002857D0A5B300268FB322
:109A5800AF4230D34FF42053404601A98DF804603B
:109A6800ADF806300DF022FA48BB1422002107A8F1
:109A780010F008FD11212046FFF7A8FC09900028E6
:109A880037D001210C30CDE90748FAF725FD00232E
:109A98000A90394603701A4A0B93284607AB0DF013
:109AA800DBFEDDE909131B78FBB90846FAF7E6FB8C
:109AB8000A2301E03D4601232A4610210EE042F622
:109AC8000103404607A98DF81C60ADF81E300DF063
:109AD800EDF90028C9D010232A4619462046FFF779
:109AE8009BFC00200CB0BDE8F08120460DF0A6FEDE
:109AF800F7E71120F6E70420F4E70E20F2E700BFAD
:109B0800619C00002DE9F04342F60103002591B065
:109B1800D2F8008007460E4600680BA9D8F80490D2
:109B280014468DF82C50ADF82E300DF0BFF90028F2
:109B38006CD04FF4205338680BA98DF82C50ADF831
:109B48002E300DF0B3F938B1A3681BB15A88B24270
:109B580000D25E80012010E0616808460DF005FD26
:109B6800B8F81A20B8F82A309A4294BFC0EB02001D
:109B7800C0EB0300032803D8002011B0BDE8F08330
:109B88000846FAF7E3FB0546616808460DF0EDFC68
:109B98006B8A2A8AA3EB020C6B69EA68D21AACEBCF
:109BA8000203B8F82AC0B8F81A20944594BFC0EB4D
:109BB8000C00C0EB0200834228BF03466BB9887AC9
:109BC800FAF7C0F9002200230DF0E8F8054600284E
:109BD800D2D001466068FAF7F7FB002300933946B4
:109BE800D7F804801023484602AAC047071E0DDB99
:109BF800227CE068BA4227D001460BA80DF083F911
:109C080038B95721227C12480CF0B0FF0023A3601A
:109C1800A0E7FAB202A906A80DF075F918B93A46F4
:109C280057210C48F0E706A90BA80DF03FF90028CA
:109C3800ECD100230421637405F10C00FAF74CFC05
:109C4800A0600680A36884E702A910F02AFCEEE76A
:109C58002CDA010050DA01002DE9FF414FF000082D
:109C68004FF4205305460E46006802A914461768AB
:109C78008DF80880ADF80A300DF018F9A0B142F659
:109C88000103286803A98DF80C80ADF80E300DF09B
:109C98000DF948B123691BB15A88B24200D25E80DF
:109CA800012004B0BDE8F081616828680DF0FEF875
:109CB80010B100232361F3E7E368A0681A786AB15A
:109CC800B7F81AC0798D038A8C4594BFC3EB0C038F
:109CD800C3EB0103934201DA0020E2E704210C30D0
:109CE800FAF7FAFB20610680236929465E80074B54
:109CF8000194009338460023A2680DF066FE002800
:109D0800EADB2069003818BF0120CAE7677701003D
:109D18002DE9F347176805468946006851681446D7
:109D2800D7F804A00DF0C2F8804600284BD1952240
:109D3800294650460EF0EFFB0646207540B1E36811
:109D48001B780BB184F81480002002B0BDE8F087BE
:109D5800294650460EF004FD10B908232375F3E791
:109D6800A0682675FAF7F2FA02210C30FAF7B4FB6C
:109D7800164B2061A0F800900093019433462946C1
:109D88003846A2680DF021FE002807DA10F1FF0F0F
:109D980032BF0E204042C0B22075D5E72369002BA0
:109DA800D2D0A0680DF0E1FB7B8D7A8B9A4294BFEC
:109DB800C0EB0200C0EB0300E3681B78984294BF35
:109DC80000200120C1E70120BFE700BF8375010023
:109DD800F7B5002304460E46002269462B4805F0D5
:109DE800DFFF054648B12246452129480CF0BEFE52
:109DF8006FF00B05284603B0F0BDFFF7D1F9254BEE
:109E0800294618602822009810F03CFB009B00228D
:109E18001C60009C0023C4E90155C4E908551E488C
:109E280001A9019505F0BCFF054618B15721226824
:109E38001A48DBE70146A822019810F023FB019895
:109E4800174B836058300FF066FE019B5033D3E800
:109E5800EF2FC3E8E15F0029F9D1019B1C60236A59
:109E6800019F1BB904F10C000FF055FE226A07F19F
:109E7800A003C7F8A020626A236202B963621722AE
:109E8800019B5A855A8304333360B3E72C050020BD
:109E980074DA0100B81D00204C0500209EDA01008C
:109EA8004803002008B5837A072B05D057210C48B2
:109EB8000CF05CFE002008BD04210DF042FB10B937
:109EC80045210848F4E700F14C03D3E8AF3FDB072E
:109ED80002D445210448EBE750F8040CEBE700BF37
:109EE800DED70100C8DA0100DED801002DE9F74FFE
:109EF8000646EFF31187202383F31288BFF36F8F91
:109F08005C4808F0A1FA40B95B4984225B480CF030
:109F1800AEFB842158480CF0A1FB594D554808F078
:109F2800B7FA28460DF017FB2B68044651480093F2
:109F380008F098FA40B950494FF499724F480CF01C
:109F480096FB4FF49971E5E787F31188BFF36F8F9C
:109F5800002C4AD02046FFF73FF903690021D0E9D9
:109F6800025718220193D0F8009090F80480B0F8B6
:109F780006B010F087FAA07AF9F7E4FF6169824623
:109F880051B1627AD00705D4DAF824202046126845
:109F98009268904700226261214650460FF0CFFD3B
:109FA800B8F1000F0CD05DB12B684BB11B683BB109
:109FB800B9F1000F1CD04A46452132480CF0D6FDB5
:109FC800009B93B1314600200FF024FE031E0CDAEB
:109FD80045212D4A2D480CF0C9FD002383F3118833
:109FE800BFF36F8F0323184602DF03B0BDE8F08F7D
:109FF800281D0DF0E5FD4046FFF72EF8012303FA72
:10A0080000F010F01404DBD110F0090F05F1500333
:10A0180016D110F0220F23D0D3E8AF3FDA0704D4CB
:10A0280045211B480CF0A2FDCAE76B6D002BC7D079
:10A038004FF47022002305F1700007F0D3F8BFE752
:10A048002A681568D3E8AF3FDB07E9D5002FB7D0FA
:10A05800A3B25B45B4D228460199B8470134F7E763
:10A068000C49064840F216320CF001FB40F216315A
:10A07800084850E76C1D002003BC010086B40100AD
:10A08800641D0020E8DA01007CEE01000CDB010011
:10A09800DED80100AFD80100F8B50F461646FFF725
:10A0A80001FFB0B1036A18461BB150F8A03903B1DB
:10A0B800A03B741C214638B1428B458DAA4228BF6B
:10A0C8002A46A24207D263B92246572109480CF012
:10A0D8004DFD0020F8BD32463946BDE8F840FFF78F
:10A0E8000BB9D3F8A05005B1A03D18460C462B4635
:10A0F800E2E700BF2CDB0100002337B505460193DA
:10A108000C46FFF74DF80E4B1B68834204D00D4BED
:10A11800D3F88830834201D100252C4601A92A466C
:10A128002346094805F03CFE014630B91022019843
:10A1380010F0A8F9019803B030BD0020FBE700BF7C
:10A14800B81D0020A01300206C05002010B504469F
:10A15800806818B1FAF792F80023A3602146BDE899
:10A168001040014805F08EBE6C0500202DE9F7432C
:10A17800044670300F4690461E4607F039F8606D69
:10A1880048B9572113480CF0F1FC204603B0BDE84C
:10A19800F04300F083B8104B98424FF0000317D0FB
:10A1A80045684360606DD0F80C90FFF7CFFF00233F
:10A1B800206863650DF012FB3DB12068CDF8009072
:10A1C80043463A4631460068A84703B0BDE8F083E5
:10A1D8001D46ECE74CDB0100BC1D0020F7B550F82C
:10A1E800044C0546002C55D000F19C0104F12000D8
:10A1F8000DF03DFB2E1F05F15407002200233846C1
:10A2080006F00CF9024658BB2B6D2BB101466FF0D6
:10A2180067033046FFF7AAFF002345F8043C05F121
:10A228004C03D3E8EF1F21F00101C3E8E21F002A25
:10A23800F7D1236A73BB04F10C06002200233046D1
:10A2480006F0ECF878B9666886B9214612482660A7
:10A2580005F018FE286803B0BDE8F04001F068BEBC
:10A26800FAF70CF8C9E7FAF709F8E6E7A2683368DD
:10A278009642636008BFA36077683FB1F3686FF0E8
:10A2880067010093002320681A46B8473046FFF755
:10A298005DFFD8E703B0F0BD2C05002010B50446DB
:10A2A8000430FFF79BFF13216068FDF743FE024669
:10A2B80028B1BDE81040452101480CF057BC10BD3D
:10A2C80068DB010010B5044654F8703D88B0196881
:10A2D8006846FEF7C5F96A46452104480CF046FC75
:10A2E8002046FFF7DBFF08B010BD00BF8BDB010085
:10A2F80008B5436D6BB1084A93420AD0CB68DB7846
:10A30800002B08BF0E2300221146FFF72FFF002065
:10A3180008BD0E23F7E700BFBC1D002070B50D4631
:10A3280050B9214940F6D67220480CF0A0F940F601
:10A33800D6711D480CF092F941B91B4940F6D77205
:10A348001A480CF094F940F6D771F2E7FFF7AAFD26
:10A35800044628B92846F9F791FF6FF07F0070BDD1
:10A3680000F10C06294630460FF0DEFB246AC4B122
:10A3780054F8A05905B1A03D0022104607E0224636
:10A388007DB1D5F8A03003B1A03B2C461D46831CF7
:10A3980001D1002AF4D1314620460DF0FDFA0028FB
:10A3A800EDD10020DBE700BFAFD8010086B4010083
:10A3B80038B50C46054650B9174940F6EB721748B0
:10A3C8000CF055F940F6EB7113480CF047F941B918
:10A3D800114940F6EC7211480CF049F940F6EC715D
:10A3E800F2E707F071FB2846FFF75CFD20B907F09C
:10A3F800BDFB6FF07F0038BD0023236083683BB945
:10A40800C0E901440DF0EAF907F0B0FB0020F2E7DB
:10A418001C608460F6E700BFAFD8010086B4010075
:10A4280010B50C4608B301B3FFF73CFDE8B1036A69
:10A438003BB153F8A02902B1A03A596D8C4206D01D
:10A4480062B9043021460DF012FA204602E0204697
:10A45800064A5A65BDE81040FFF778BED2F8A0104A
:10A4680001B1A03913460A46E7E710BDBC1D00201C
:10A4780008B50FF033FE30B10246452102480CF012
:10A4880075FB6FF0040008BDC3DB0100F8B5054695
:10A4980000260B4C2746621C65B9104609490DF089
:10A4A800D2FC28B90136042E04F11004F2D1002799
:10A4B8003846F8BD284621780CF04FFFF1E700BF79
:10A4C8002C1E002030EE0100F8B506460F46002489
:10A4D800094D15F8013CB34207D1394628460DF01D
:10A4E800B2FC10B105482044F8BD0C34302C05F1FD
:10A4F8000C05EED10020F7E79928002098280020C5
:10A50800F8B506464C1C01F12905671E66B12246BE
:10A51800304614F8011C0CF020FF18B90A34AC427C
:10A52800F3D100273846F8BD204602490DF08BFCD0
:10A53800F3E700BF30EE0100F8B5054600260B4CE6
:10A548002746621C65B9104609490DF07CFC28B9FC
:10A558000136042E04F11004F2D100273846F8BD64
:10A56800284621780CF0F9FEF1E700BF781E00209C
:10A5780030EE01002DE9F8431E46BDF82030814633
:10A588000F46D1F80C80002B44D1731E012B44D800
:10A59800012E41460CBF15781588FFF7B1FF044618
:10A5A800B8B915B93046BDE8F8834146FFF7A8FFAA
:10A5B800044630B91A4857210CF0D8FA6FF0100049
:10A5C800F1E709F1700101300DF053FC99F80830FA
:10A5D8002370D8F830308BB92581B8F82830AB42D1
:10A5E80003D0414638460DF056FC002DDAD10D490E
:10A5F800601C0DF03EFC25702581D3E72A463946BC
:10A60800484698470028CEDB01380128E4D96FF086
:10A618000D00C8E76FF00600C5E76FF00C00C2E751
:10A62800DEDB010030EE010008B5836853B108494C
:10A63800084840F693520CF01AF840F69351044833
:10A648000CF00CF804490130BDE808400DF011BCCD
:10A65800FDDB010086B4010030EE0100024608B5BA
:10A66800074901300DF005FC00230C3202F8043CC8
:10A67800D2E8EF1FC2E8E03F0028F9D108BD00BFCB
:10A6880030EE01002DE9F04180460F4616461D4682
:10A69800FFF71AFF044678B91149FFF715FF04467A
:10A6A80028B9BDE8F04145210E480CF05FBA39469B
:10A6B80000F8018B0DF0DDFB23892BB962892AB9DB
:10A6C80026816581BDE8F0819E4204D36289AA4251
:10A6D800F8D29E42F5D263892681AB42F2D2F0E7E6
:10A6E80030EE01002DDC010073B50C46054608214B
:10A6F80004F1100016460DF0B1FB12230422314676
:10A70800CDE9003228462246024B0DF017FE02B072
:10A7180070BD00BFB78301002DE9F047284B1646EE
:10A72800826807469A422BD1C5682B8D43B34FF0F8
:10A7380000086C1C05F12909B4F807309BB12246C2
:10A74800304614F8011C0CF008FEE0B9214614F854
:10A75800010CFDF7E1FE30B1837A072B08BF48F002
:10A768000108FDF7C3F90A344C45E5D1B8F1000FEB
:10A7780006D1EB6AA5F8288013B1414638469847B8
:10A788000120BDE8F08706F1700A5146307A0CF0D6
:10A7980095FC78B90B4B9D4202D130460DF0A8FDCF
:10A7A800204609490DF065FB002304F8013CA4F894
:10A7B8000730D8E7514620460DF05BFBD3E700BFD2
:10A7C8007DA500009803002030EE01002DE9F0413E
:10A7D8009846BDF818300646012B174634D843442E
:10A7E800012B454633DCFFF751FE044660B9FFF7FD
:10A7F8004DFE044640B9572118480CF0B7F96FF0E0
:10A8080010052846BDE8F081B8F1000F11D00023EB
:10A81800217A21FA03F2D00703D53A78DA40D20731
:10A8280018D50133032BF4D13B7803F00703194300
:10A838002172601C06F170010DF01BFB337A204673
:10A8480023700DF0C9FDDCE76FF00605D9E76FF05E
:10A858000C05D6E76FF01205D3E700BF51DC010005
:10A8680010B56FF0020104460E480DF009FB0D48C3
:10A878000DF0F1FAC20704D5002200230A4806F0B9
:10A88800B1FC20460DF03DFA50B12046FFF7FEFD21
:10A8980030B1037ADB0703D5BDE810400DF09CBD4D
:10A8A80010BD00BF6812002038120020012110B529
:10A8B8001B480DF0D3FAC30731D4022118480DF014
:10A8C800CDFA08401BD11749174A0B88174CA242EA
:10A8D80012D900B10B801649164840F26B520BF0A2
:10A8E800C6FE40F26B5112480BF0B8FE50680832B1
:10A8F80003449BB20120EAE7F8D300B10B800E496C
:10A908000E4806F02BFB4FF4A47200230B48FAF70D
:10A918001FF8BDE810400A490A4806F01FBB10BDE1
:10A928006C1E0020C8280020A0AA0100B8AA0100B7
:10A93800FDDB010086B40100EDAB0000C81100206A
:10A94800B9AF00003812002003462DE9F04178B372
:10A95800008A68BB01244FF0140C1749DFF85CE04B
:10A96800714524D91649174840F2E7620BF07FFE7B
:10A9780040F2E76112480BF071FED1E90076BB4264
:10A9880004D30CFB0672143A93420ED93444A2B293
:10A9980014460831E4E70CFB057843450AD0013535
:10A9A8006219B54292B2F6D1F2E70025F8E7E4D38E
:10A9B800BDE8F0811046FBE7A0AA0100B8AA010093
:10A9C800FDDB010086B401002DE9F74F99464FF6EB
:10A9D800FF73BDF830500746002D08BF1D46294BB0
:10A9E80090461B880091834232D203B0BDE8F08FB5
:10A9F8004046895801930CF059FA019B90B10134F3
:10AA08000AF1010AA4B2736853452CD9009B9C42F1
:10AA1800EBD8BC42F3D30BFB0AF231688B18B8F1C0
:10AA2800000FE5D1B9F1000F0BD1013D1846ADB2C9
:10AA380021460E9A0D9B9847002DD6D00028DED1CE
:10AA4800D3E7DA689145DAD1EFE74FF0000ADAE7A1
:10AA580001244FF0140B0C4E06E0C6D27368234451
:10AA6800BB42F2D29CB20836084B9E42F5D908493F
:10AA7800084840F2AF720BF0FAFD40F2AF7104489B
:10AA88000BF0ECFDC8280020A0AA0100B8AA01001C
:10AA9800FDDB010086B4010030B5E5B010220021CD
:10AAA80001A80FF0EFFC182200210DEB02000FF0B7
:10AAB800E9FC4FF41053ADF814308023ADF816308C
:10AAC8004FF48063254C01A9CDE90734102262AB0D
:10AAD80005A808F065FD0CAD014630B145210246D8
:10AAE8001F480CF043F865B030BD4FF4AC722846EF
:10AAF8000FF0C8FC22462846D5F858110FF0EBFA9B
:10AB0800024610B145211748EBE72B464FF6FF7177
:10AB18000120154A0DF0DFFC10222846134905AB29
:10AB28000FF0EEFA0446D5F8580108F0F3FC1CB112
:10AB3800224645210E48D4E721460C4B03F110026A
:10AB4800187812F8014D0131082903F8014B1070EB
:10AB5800F6D108480DF082F9C5E700BF0002C0032E
:10AB680082DC0100B0DC0100A37D0100B8110020E7
:10AB7800D3DC0100681200202DE9F0411649044693
:10AB8800A1F1300015461E46BDF8187006F076FB98
:10AB980012480DF060F9010701D4FFF77DFF204648
:10ABA800FFF774FC68B1037ADA070AD500F10C04E0
:10ABB80020460DF050F9C30703D4022120460DF0BA
:10ABC8004DF910233A46069331462846BDE8F04130
:10ABD800034B0DF0C4BA00BFF81100206812002022
:10ABE800B811002008B505480DF035F9030703D45E
:10ABF800BDE80840FFF750BF08BD00BF681200203D
:10AC0800002307B50193FFF79FFE411C89B2084650
:10AC1800034A01AB0DF05FFC019803B05DF804FB3B
:10AC2800677D01002DE9F0410C461546064686B0C1
:10AC380050B9654940F63A5264480BF018FD40F6A1
:10AC48003A5161480BF00AFD41B95F4940F63B5261
:10AC58005E480BF00CFD40F63B51F2E7837A072B78
:10AC680040F0AD8000238DF8143042F603032068CD
:10AC780005A9ADF816300CF019F970BB676827B94B
:10AC8800452153480BF072FF99E0012321460090BB
:10AC980004AAB847031E05DA224645214D480BF0A1
:10ACA80065FF8CE0012B05D01A4645214A480BF078
:10ACB8005DFF84E09DF8103013F0300F7FD0204600
:10ACC800FFF79EFF044640B93F4940F659523F48B6
:10ACD8000BF0CDFC40F65951B3E7002320688DF8FE
:10ACE800143042F6021305A9ADF816300CF0DEF860
:10ACF80068B12046FFF784FF044640B9324940F660
:10AD08005F5232480BF0B3FC40F65F5199E70027D9
:10AD180042F60218206802A98DF80870ADF80A807A
:10AD28000CF0C4F808BB002320688DF8143042F6F4
:10AD3800021305A9ADF816300CF0B8F800283ED17A
:10AD48006768002F9CD0022300902146304605AA50
:10AD5800B847031EA0DB022BA6D1BDF8143005EAC4
:10AD68000300003818BF01202AE042F603032068D8
:10AD780003A98DF80C70ADF80E300CF097F8002888
:10AD8800D1D04FF42053206804A98DF81070ADF885
:10AD980012300CF08BF80028C5D042F60103206869
:10ADA80005A98DF81470ADF816300CF07FF800285E
:10ADB800B9D02046FFF724FF04460028AAD1002076
:10ADC80006B0BDE8F08100BFFDDB010086B40100DC
:10ADD800EEDC010007DD010032DD01002DE9F8435A
:10ADE800894651680746B1F81280154618F094084C
:10ADF8003CD10222FFF716FF00283AD04FF470200A
:10AE08000021AE8AFFF778F90236044660B11A4B82
:10AE180032464360C5601D213846FFF73DF90646B6
:10AE280038B92046FFF792F96FF00B052846BDE8C0
:10AE3800F8830123424641460CF085FFA98A06F1B2
:10AE48000C000231F9F748FB20F8029BAA8A29690D
:10AE58000FF0F2FA21463846A660FFF7A9FA054630
:10AE68000028E3D02046FFF771F9DFE74FF0FF3500
:10AE7800DCE76FF01505D9E76D7D010030B50546B3
:10AE88000C468BB051B9454940F6D73244480BF0CF
:10AE9800EEFB40F6D73141480BF0E0FB4B6853B965
:10AEA8000B6843B93D4940F6D8323D480BF0DFFB0B
:10AEB80040F6D831EFE73B480CF0CDFF420767D5A5
:10AEC80015B1AB7A072B66D160680590FFF73CFD9A
:10AED8002268ADF81800002A30D005A9029132493D
:10AEE80000230191012100914FF6FF710593FFF7AF
:10AEF8006BFD059B1BB96FF001000BB030BD6360A3
:10AF0800059B04A9186800238DF8103042F6030346
:10AF1800ADF812300BF0CAFF40B90598C3689B79A9
:10AF28009B0608D50DF090FAADF8180005980DF0BD
:10AF3800DDFA606028B96FF01500DEE70028DFD180
:10AF4800D9E7BDF818003DB101230146224628463D
:10AF5800A375FFF743FFD0E76FF07F030793022342
:10AF6800ADF8203042F60213ADF8123005ABA575E6
:10AF780002930E4B4FF6FF710193012304AA00932D
:10AF88002B4609948DF81050FFF71EFD0798B4E77B
:10AF98006FF00A00B1E76FF07F00AEE7FDDB01005C
:10AFA80086B40100040100209B7D010015B100005A
:10AFB800F7B500F130050446A0F1200728460CF04B
:10AFC8004AFF8307C0F340060AD51749174840F2DD
:10AFD800BA420BF04CFB40F2BA4113480BF03EFB6F
:10AFE80054F8083C6FF00101284601930CF048FF23
:10AFF8000F4B394644F81C3C0E4B304644F8183C7D
:10B0080001AB44F8103C042324F8086C24F8066CBF
:10B0180024F80C3CFFF732FF18B9022128460CF03F
:10B028001DFF03B0F0BD00BFFDDB010086B40100C9
:10B03800C0B0010069A800002DE9F0412B4B8168E0
:10B04800044699424FD1C76816687D1C07F1290844
:10B05800B5F807309BB12A46304615F8011C0CF0AC
:10B068007CF960B14FF49572214630460DF053FAE1
:10B07800032808D1224657211D480BF077FD0A35D1
:10B088004545E5D12FE0394620460CF004FF194B21
:10B098009F4228D1307A06F17001FFF715FA04466D
:10B0A80008B303890BB94389EBB13046FCF7C8FEF6
:10B0B8002289114B114923F82020628903EB800370
:10B0C8005A80182202FB00110B6104230C4A3046F7
:10B0D8004A600C4A8B828A60FFF7D0FE18B145217E
:10B0E80009480BF043FD0120BDE8F0817DA5000073
:10B0F80050DD01009803002088280020CC1D002086
:10B10800C0B00100E983010069DD01002DE9F047C5
:10B118003C4B1546826807469A4238D1D0F80C80D5
:10B12800394B98451BD10026384C204638490CF03D
:10B138008AFE78B90722214614F8010CFDF762FA55
:10B1480040BB2B6921461A6914F8010C53881288F0
:10B15800FFF798FA0136042E04F10C04E5D108F142
:10B16800010608F12909B6F80720AB899A420BD1E4
:10B17800314616F8010CFDF7CFF9824620B1837AE3
:10B18800072B0AD0FCF7B2FC0A364E45EBD101205A
:10B19800BDE8F087FCF7AAFCDCE7D8F8343023B127
:10B1A8003946984708B95046ECE77C8A14F094046D
:10B1B800F9D1AB89022B17D1B6F8074014F0020475
:10B1C8000AD050462A69A988FFF708FE044618B92C
:10B1D8002A69937D013393755046FCF787FC002C50
:10B1E800AC60D1DA0020D3E7012BF5D1B6F80740DF
:10B1F80014F00104F0D050462A69A9880DF0A9F985
:10B208000446E9E77DA5000098030020992800205E
:10B2180030EE010070B50C46054686B050B96B4952
:10B2280041F208226A480BF022FA41F208216748E5
:10B238000BF014FA09B14B6843B9644941F2092289
:10B2480063480BF014FA41F20921F0E70A890AB1C0
:10B25800CB8943B95D4941F20A225D480BF007FAF0
:10B2680041F20A21E3E79A4208D9584941F20C22EF
:10B2780057480BF0FCF941F20C21D8E7837A072BE9
:10B2880040F0A0800B7C062B0FD8DFE803F0040405
:10B298005959619427000B68C3B11A7842B1022A40
:10B2A80012D045214B480BF061FC6FF0150009E006
:10B2B800082301930623224600934749474B284613
:10B2C8000DF03CF806B070BD1623F2E710230421F8
:10B2D8002246CDE90031424B4249F0E70868002890
:10B2E800E3D00678002EE0D14FF4245302A98DF85C
:10B2F8000860ADF80A300BF0D9FD08B342F6021326
:10B30800206803A98DF80C60ADF80E300BF0CEFD67
:10B31800B0B142F60313206804A98DF81060ADF8A7
:10B3280012300BF0C3FD58B142F60413206805A98A
:10B338008DF81460ADF816300BF0B8FD0028B4D1C4
:10B34800082304222849CDE900322246274BB6E7D4
:10B35800086880B300264FF4205302A98DF80860CE
:10B36800ADF80A300BF0A2FD00289ED042F601038A
:10B37800206803A98DF80C60ADF80E300BF096FD2F
:10B38800002892D042F60203206804A98DF81060C4
:10B39800ADF812300BF08AFD002886D042F6030380
:10B3A800206805A98DF81460ADF816300BF07EFD05
:10B3B80000283FF47AAF04232246CDE900330C4934
:10B3C8000C4B7CE76FF07F007CE700BFFDDB0100E2
:10B3D80086B401008BDD0100018601002F82010087
:10B3E800417F010001B400001DB50000717F01001C
:10B3F800FDB80000FD7E01002DE9F0478EB006463D
:10B408001746169D31B12A4600216B680EB0BDE87B
:10B41800F04718475BB957213C480BF0A7FB2A4671
:10B42800002130466B6898470EB0BDE8F087127867
:10B43800062A07D0142A04D0452135480BF096FB7C
:10B44800EDE702214FF00008C146013B8DF81010CE
:10B458009CB207F1010A94420CD2002CDFD1B8F15A
:10B46800000FDCD02A46414630460EB0BDE8F04712
:10B478000DF0A4B81422002109A80FF003F8BAF8B7
:10B48800002093B2002BCAD0BAF802101FFA81F834
:10B49800B8F1000FC3D04345C1D89DF8103013B39D
:10B4A800022B25D02B7CADF80C10002B42F60103A3
:10B4B80008BF4FF42053ADF8063004AB029301AB3C
:10B4C800099302ABADF834200C932A4630466B68DA
:10B4D8008DF8049009A998470028A5D03A78A41AAD
:10B4E800A4B29244B7E7BAF80430ADF81230D9E7FD
:10B4F8000AF104030DF111000AF1140C53F804EBDE
:10B50800634540F804EBF9D1CCE700BFA5DD0100A5
:10B51800B4DD01002DE9F04F93B0804617461C9D1D
:10B5280031B12A4600216B6813B0BDE8F04F1847C7
:10B53800287C022840F082804BB95721AA480BF09A
:10B5480015FB2A46002140466B6898475AE0127856
:10B55800062A07D0082A04D04521A4480BF006FB88
:10B56800EFE70846002642F6020A5C1E8DF8200026
:10B57800A4B207F1010B94420BD2002CE1D1002EAA
:10B58800DFD02A463146404613B0BDE8F04F0DF0F3
:10B5980015B8BBF800901FFA89F6002ED1D0BBF879
:10B5A80002009DF82020ADF81C00BBF80410ADF88F
:10B5B8001E1062B1022A15D0296831B308A80BF011
:10B5C80075FC10B33A78A41AA4B29344D3E708AA36
:10B5D80006929BF806209BF8071042EA0122ADF874
:10B5E8002220E9E70A236881A981A5F80890404646
:10B5F800019200932A467E4B7E490CF09FFE86B24C
:10B60800002EBED113B0BDE8F08F4FF0000310221A
:10B6180000210EA88DF81430ADF816A00EF032FFF8
:10B6280005AA0D9206AA109240462A466B68ADF804
:10B6380044900DA998470028C4D1E3E7032865D1B1
:10B64800002B3FF47AAF1278072A02D0152A83D14B
:10B65800022100265C1E8DF82010A4B207F1010912
:10B668000DF1200A944288D3B9F800B01FFA8BF67E
:10B67800002E3FF466AF9DF8203063B1022B13D043
:10B688002968F1B150460BF011FCD0B13A78A41AF0
:10B69800A4B29144E6E799F8053099F8062043EA00
:10B6A8000223ADF82230EBE709F105030DF1210281
:10B6B80009F1150153F8040B8B4242F8040BF9D138
:10B6C800DEE799F80230B9F803208DF81E304FF004
:10B6D80000038DF8143042F603030021ADF81C2056
:10B6E8000EA81022ADF81630CDF818A00EF0CAFE3C
:10B6F80005AB0D9306AB10932A4640466B68ADF830
:10B7080044B00DA998470028C0D17BE729680E7876
:10B7180066B923B9572134480BF028FA06E01278A5
:10B72800012A08D8572131480BF020FA2A4600216F
:10B7380040466B68F8E6B1F802A05C1EA4B207F1B7
:10B748000109AAF5245A944204D2002CEED1002E05
:10B75800ECD016E7012C02D857212748DCE7B9F8C6
:10B7680000B01FFA8BF6002EE0D0BAF1040FDDD836
:10B7780001A353F82AF000BF95B7000035B70000C1
:10B788009FB70000A9B7000011B80000032C0CD81F
:10B7980057211A48C0E7032C07D857211848BBE798
:10B7A800032C02D857211748B6E7B9F80230ADF88C
:10B7B80020302B68102200210EA803930EF062FEA1
:10B7C800039B2A460D9308AB109340466B68ADF86F
:10B7D80044B00DA9984700283FF414AF3A78A41A4A
:10B7E800A4B29144AFE700BFA5DD0100B4DD0100BC
:10B7F800E97E010059B80000CDDD0100E0DD01005F
:10B80800F3DD010006DE0100082C02D857210F489D
:10B8180082E799F802308DF8203099F803308DF8D6
:10B82800213099F8052099F8043043EA0223ADF84D
:10B83800223099F806308DF8243099F8073099F8B5
:10B84800082043EA0223ADF82630B2E719DE0100EA
:10B85800F0B5102B8FB0114605461A46149C0BD034
:10B86800452123480BF082F92246002128466368C7
:10B878000FB0BDE8F0401847638904A8ADF80C3054
:10B88800A3892689ADF80E3002230A468DF81030B8
:10B8980002900DF11103103152F8047B8A4243F8EB
:10B8A800047BF9D12168C1B9002142F602031022B4
:10B8B8000AA88DF80410ADF806300EF0E3FD01ABD0
:10B8C800099302AB0C93224628466368ADF83460AE
:10B8D80009A9984728B90FB0F0BD0BF0E7FA00287E
:10B8E800E2D02246284621890CF068FEF3E700BF23
:10B8F800B4DD01002DE9F04F8FB007461446189DBE
:10B9080021B94BB9572153480BF030F92A46002189
:10B9180038466B6898479AE01278012A06D0022ABE
:10B928001FD045214C480BF021F9EFE70A464FF0AC
:10B938000409013B9BB24B458DF81020E6D34FF02C
:10B948000008B3FBF9FBC2460134CDF8008004AE11
:10B95800BBF1000F08D12A46384600990CF02EFE9C
:10B9680075E04FF01209E4E723880193BDF804302D
:10B978000093B8F1000F53D19DF81030002B37D049
:10B98800022B3CD02968002945D12B7C042B4DD1B2
:10B998004FF42053304602A98DF808A0ADF80A30BC
:10B9A8000BF084FA00283BD042F60103304603A985
:10B9B8008DF80CA0ADF80E300BF078FA80B342F693
:10B9C8000203304609A98DF824A0ADF826300BF003
:10B9D8006DFA28B342F60303304609A98DF824A06E
:10B9E800ADF826300BF062FA00BB4FF0010819E001
:10B9F800A378E27843EA0223ADF81230C2E7A31C29
:10BA08000DF1110204F1120153F8040B8B4242F8B4
:10BA1800040BF9D1B6E730460BF048FA0028B4D049
:10BA28004FF000080BF1FF3B4C4491E71022002136
:10BA38000AA80EF027FDBDF804302A46ADF83430C8
:10BA480038466B68099609A998470028EAD10FB0CB
:10BA5800BDE8F08FA5DD01002CDE010007B50A4620
:10BA680050B9254941F26E3224480AF000FE41F2ED
:10BA78006E3121480AF0F2FD09B1096841B91E4941
:10BA880041F26F321D480AF0F2FD41F26F31F0E7E2
:10BA9800837A072B2CD153683BB908234FF0040E47
:10BAA800CDE9003E164B174909E0012B11D0117B57
:10BAB8005B00019341B1202313490093134B0CF011
:10BAC8003DFC03B05DF804FB0E2311490093114BB4
:10BAD800F5E7538933B10C234FF0040CCDE9003C52
:10BAE8000D4BE0E70A230221CDE900310B4BDAE7E1
:10BAF8006FF07F00E5E700BFFDDB010086B40100C1
:10BB08007B82010029BB0000E5800100D57F010090
:10BB1800D97F0100AD7F0100297F0100157F010059
:10BB28002DE9F34B0A9C804691461E460D4641B9C5
:10BB38006BB92668002322460A93E9B24046B44608
:10BB480022E0B1F5807F28BF0E252668F2E76368FA
:10BB5800002B64D1013E27896589B6B202F1010B39
:10BB6800002E41D099F80020B24228BF3246012A5F
:10BB78000ED857213A480AF0F9FF0023224604213B
:10BB88000A9325684046AC4602B0BDE8F04B6047D2
:10BB9800BBF80010023A93B28AB232B94521314853
:10BBA80002B0BDE8F04B0AF0E1BF974201D89542D8
:10BBB8000BD23B4657212C4800950AF0D7FF0023AB
:10BBC8000A9322460E212568DCE72181009322464C
:10BBD80000214046D4F800C00BF10203E04748B109
:10BBE80099F80030B34208D921464046FFF736FF9E
:10BBF8000028E4DB02B0BDE8F08B238962899A4211
:10BC080005D100230A93224619462568BAE701336D
:10BC1800238199F80030F61AB6B29B44A0E7009643
:10BC2800134627682246B8470028E3D0238A013BF9
:10BC38009E4205DA0A952B462246294626687DE764
:10BC4800638921461E4440466681FFF707FF0028A6
:10BC5800D0DA0A952B4622460E2126686EE700BFE9
:10BC680043DE010080DE010094DE01002DE9FF477C
:10BC78001D46DDE90D9A0F46904606469DF8303080
:10BC880050B92A4941F29F3229480AF0F0FC41F2A2
:10BC98009F3126480AF0E2FC41B924494FF49D52ED
:10BCA80023480AF0E4FC4FF49D51F2E7827A072A10
:10BCB80033D113B3D22105F10E02FEF7EDF9044694
:10BCC80080B302210C30F8F707FC0022078000231C
:10BCD8000027CDE90023294642462046CDE90277D0
:10BCE800F8F792FBA8420BD0104941F2BC32104839
:10BCF8000AF0BDFC41F2BC31CBE75221AA1CDCE7BB
:10BD0800494620463B4652460CF01DF8214630462F
:10BD180004B0BDE8F047FEF701BB6FF07F0004B048
:10BD2800BDE8F0876FF00B00F9E700BFFDDB01000D
:10BD380086B40100F8B50C46054650B9304941F2C1
:10BD4800865230480AF093FC41F286512C480AF09A
:10BD580085FC41B92A4941F287522A480AF087FCF2
:10BD680041F28751F2E7837A072B42D1FEF7E4FBD1
:10BD78000646002840D08368002B3DD00022174695
:10BD8800143B9C4209D018892189884208BF47F092
:10BD980001075B691BB1143BF3E70122F9E75AB3CA
:10BDA80004F110000CF057F8430703D52146284644
:10BDB8000CF06EFC6FB104F1140106F108000CF0F0
:10BDC80073FAB36813B93046FEF72EFC57B9002052
:10BDD80007E0214628460C4AA781FEF785FC002883
:10BDE800E9D0F8BD002321461A4628462668B04700
:10BDF800EDE76FF07F00F4E76FF01500F1E700BFA3
:10BE0800FDDB010086B40100598001002DE9F047EF
:10BE18008C68064690469946BDF820A024B154F88F
:10BE2800145905B1143D0CB9BDE8F0872389434581
:10BE380010D153464A46214630462768B84748B984
:10BE480021463046FFF776FF024618B157210648CB
:10BE58000AF08CFE2DB1696901B114392C460D46E2
:10BE6800E1E72946FAE700BF00DF0100F0B587B037
:10BE780007460E461546FEF75FFB0446C0B12A4644
:10BE8800314603A80AF08EFFBDF81030042B0FD9F5
:10BE9800042103A8F8F772FBBDF810104688028841
:10BEA800B14207D22B463246452108480AF05EFEC9
:10BEB80007B0F0BD2146031D00963846FFF7A6FFE0
:10BEC800314603A8F8F75AFBDEE700BF24DF01007C
:10BED80007B5009001206B464FF6FF71034A8DF8B5
:10BEE80004000CF0F8FA03B05DF804FB41B0000060
:10BEF8002DE9F0410D4B06461B680F46904623B1CD
:10BF080053F8044904B1043C0BB9BDE8F0811B683F
:10BF18001BB142463946304698472CB1656805B191
:10BF2800043D23462C46EFE72546FAE7701E00201D
:10BF38002DE9F84F044603464FF6FF7101202D4ABC
:10BF48000CF0C9FA2046FEF7F7FA064638B920463B
:10BF5800FEF79CFA0546002839D1BDE8F88F8568B8
:10BF6800002DF4D055F8147907B1143F4FF00008AC
:10BF780004F17009C24601E03D461F4605F1100B69
:10BF88006FF0080158460BF07BFF4946207A0BF00A
:10BF980095F870B92B46424631462046A5F80CA0C4
:10BFA8000CF036F8002FD2D07B69002BE4D0143B7C
:10BFB800E2E758460BF04FFFC307EBD473781BB189
:10BFC8004946701C0BF055FF05F11408EAE704F127
:10BFD80070063146207A0BF071F820B92846BDE882
:10BFE800F84FFEF73BBB3146681CBDE8F84F0BF035
:10BFF80040BF00BF21A7000008B5094B42689A421C
:10C008000DD1C36853B90749074841F65A120AF0D7
:10C018002EFB41F65A1103480AF020FB198208BD8D
:10C0280029BB0000FDDB010086B401007FB54FF499
:10C0380020520023ADF8162004AA02920A4A0120D1
:10C04800CDE900324FF6FF7105AA04938DF814303C
:10C05800FEF7BAFC049B012B14BF6FF015000020FB
:10C0680007B05DF804FB00BF7187010070B5024698
:10C0780000244C260A4D06FB04F35819EB584BB123
:10C088000134042CF7D1074845210AF06FFD6FF001
:10C098000B0003E0044A42600860184670BD00BF08
:10C0A800B81E00204ADF010038B10100F8B50426A7
:10C0B8000D460769374438462A8AE968F6F7C6F90B
:10C0C80010F10C0F044608D000280CDA224645214E
:10C0D80007480AF04BFD2046F8BD4B200DF0C3FC85
:10C0E800013EE8D1F2E72846F8F7C8F80024F2E75D
:10C0F8007BDF01002DE9F74F03781746042BD2F8B0
:10C1080010A006460D4601F1FF320CD0052B00F0B9
:10C118009D80022B6DD01A464521704803B0BDE8BA
:10C12800F04F0AF023BD012A07D8022345216C48A5
:10C1380003B0BDE8F04F0AF019BD43783E2B35D166
:10C1480090F803B0ABF10203D3F1000B4BEB030BF8
:10C15800B6F80120033DB5EB122FADF804204FEAE5
:10C16800122329D1BBF1000F23D04FF000084FF064
:10C17800000942464B4659469DF80400F8F78EFCE4
:10C18800044608B300F10C08022201A940460AF04F
:10C1980016FE228A638A61699B1AE268521A9B1A00
:10C1A8009D4219D92A4645214E4842E04FF0000BDE
:10C1B800CEE74FF4A028DAE72A4645214A480AF094
:10C1C800D5FC03B0BDE8F08FBBF1000FF9D15721C2
:10C1D80046480AF0CBFCCCE72A46F11C40460AF058
:10C1E800EEFD21463846DAF8003003B0BDE8F04FDE
:10C1F8001847032A03D8042345213D4898E700221D
:10C2080000230820F8F714FC0446C0B10422D6F82D
:10C21800013000F10C0840460DEB020101930AF0D1
:10C22800CEFDBDF80630053D9D4249D02A46452140
:10C2380030480AF09BFC2046F8F720F8C1E7452172
:10C248002D4803B0BDE8F04F0AF090BC032A03D88C
:10C258000423452129486BE7002200232020F8F712
:10C26800E7FBDFF89C900446C0B10422D6F8013001
:10C2780000F10C0840460DEB020101930AF09FFD06
:10C288000023C9F80030BDF80630053DC3F30D039F
:10C298009D4215D02A4645211A48CAE76421D9F893
:10C2A8000020B2FBF1F301FB13231BB9452116480B
:10C2B8000AF05CFCD9F800300133C9F8003080E797
:10C2C800228A638A61699B1AE268521A9B1A9D4204
:10C2D8002A463FF668AF711D80E700BF66E101009E
:10C2E80098DF010037E00100C9DF0100FDDF010030
:10C2F8005FE00100ADE001008EE00100DFE0010039
:10C30800E81F002033E101000EE1010070B5056966
:10C3180000200E4600F060F8044630B14521024680
:10C3280015480AF023FC204670BDA86BF6F708F8FC
:10C33800044630B110F1780F03D0024645210F486A
:10C34800EFE7A86B05F10C02291DF6F735F804464E
:10C3580018B1024645210A48E3E74FF4803200232A
:10C3680005F1280004F070F9044618B10246452189
:10C378000448D6E72E60D6E77FE10100A9E1010075
:10C38800DEE1010007E2010038B50569281DF6F76E
:10C3980033F8044630B1452102460C480AF0E6FB62
:10C3A800204638BDA86BF5F7E9FF044618B10246E8
:10C3B80045210748F2E70CF019FA044618B102467D
:10C3C80045210448EAE72860EAE700BF2CE20100BB
:10C3D8005CE2010085E2010010B50C4BD3F8404443
:10C3E80014F480740AD00A490A4840F286420AF0D6
:10C3F8003EF940F2864106480AF030F91022012041
:10C40800C3F84024F8F7CAF9204610BD00300050A0
:10C41800D6E2010086B4010037B540230C460A492C
:10C428000093411A491105462346084A08480CF06A
:10C43800E3F9014628B12846234603B0BDE8304059
:10C44800184703B030BD00BF0020002071880100EC
:10C45800B8A60100C9B2032908B508D9084909488E
:10C468007E220AF004F97E2105480AF0F7F80C222A
:10C47800036901FB0233D3F8880000F0070008BD08
:10C488001DE3010086B4010070B5C9B20329034653
:10C4980000690AD91849194840F2E1120AF0E7F888
:10C4A80040F2E11114480AF0D9F8EFF3118620247C
:10C4B80084F31288BFF36F8F0C2505FB0104D4F8B1
:10C4C800884014F0C00401D0A24212D1012205FB19
:10C4D8000100C0F88820002086F31188BFF36F8F11
:10C4E80030B90C225B6802FB01335B689847002077
:10C4F80070BD4FF0FF30EFE71DE3010086B4010087
:10C5080070B50D4606490446411A491140220548AE
:10C51800FFF7BAFF2B4601462046BDE87040184792
:10C5280000200020B8A601002DE9F84300220121CF
:10C5380007460520F7F74CF9114801F031FA04468F
:10C54800C0B901F061FA25464FF00C094FF0010817
:10C558003E690C4906EB45100AF0D8F8031E0CDBBF
:10C5680009FB05660135042DC6F88880F0D1204600
:10C57800BDE8F8836FF00404F9E71C46F7E700BF4D
:10C5880049C6000060B101001FB5002201236C46B6
:10C59800CDE902236B46074ACDE900440CF05DF96A
:10C5A80028B94FF480420023684604F04DF804B0DF
:10C5B80010BD00BF9588010010B5EFF3118420234A
:10C5C80083F31288BFF36F8F074A136823F00201C1
:10C5D800DB07116002D4012001F06AFA84F31188A4
:10C5E800BFF36F8F10BD00BFB02000200C22124B8C
:10C5F800014602FB0033002030B4D3E92052C3F8CF
:10C608008000EFF31180202484F31288BFF36F8F2A
:10C61800D3F8884004F0C00444F00204C3F888400A
:10C6280080F31188BFF36F8F1DB12B4630BC0348D0
:10C63800184730BC704700BF00200020B8A6010092
:10C6480008B5092821D8DFE800F0051320202020AC
:10C658002015110F124BD3F8880010F007001DD1D8
:10C66800BDE80840FFF7C2BF0220F9E70320F7E75B
:10C678000120F5E70B4940F20B320B4809F0F7FFB0
:10C6880040F20B31074809F0E9FF064940F215323C
:10C69800054809F0ECFF40F21531F3E708BD00BF8B
:10C6A800002000201DE3010086B4010010B4EFF360
:10C6B8001180202282F31288BFF36F8F18490B680C
:10C6C80043F0020413F001030C601CD04FF0502318
:10C6D800D3F80C14D3F80C3413F0010313D0EFF390
:10C6E800118182F31288BFF36F8F0E4AD2F8883017
:10C6F80003F0C00343F00203C2F8883081F31188C5
:10C70800BFF36F8F012380F31188BFF36F8F1BB1C5
:10C71800002010BCFFF76ABF012010BC01F094B9DB
:10C72800B020002000200020024BC0B203EB4010D4
:10C73800704700BF002000202DE9F0410122064685
:10C748004249D1E8EF3FC1E8E02F0028F9D19BB971
:10C758003F4940484B60CB608A60F5F7A1FC002850
:10C768000ADA3D494FF42D723C4809F080FF4FF436
:10C778002D71394809F072FF002E50D0731E012B1D
:10C788005AD8012E07D14FF05023D3F81C3403F0A8
:10C798000303022B43D00DF04DFA054658B1EFF3D1
:10C7A8001188202383F31288BFF36F8F01254FF080
:10C7B80050242B4F22E02B4B1B78002BEFD04FF04F
:10C7C800502302228046C3F80823F0E74DB34046C1
:10C7D8000AF0A0FAD4F81835DBB2012B0ED1D4F840
:10C7E80004215AB10022C4F80421D4F804210222F9
:10C7F800C4F818252022C7F88021A360D4F818248B
:10C80800D4F81834D203E1D503F00303022B01D086
:10C81800012EDBD155B188F31188BFF36F8FBDE8C6
:10C82800F0810021212005F01DFBD3E74FF05023B4
:10C838000222C3F80423F2E7074940F2C622074858
:10C8480009F015FF40F2C62193E700BFFC1F002046
:10C85800EC1F0020202000201DE3010086B4010009
:10C8680000E100E0AB2B00200146024883685B68CA
:10C87800184700BF44A7010008B507480DF0F7F8AE
:10C8880038B10648F7F724FB0448F5F7E7F9002024
:10C8980008BD6FF01200FBE744A70100A98801005A
:10C8A800F7B50F46164640B918491822184809F036
:10C8B800DEFE1821154809F0D1FEE9B913491922FD
:10C8C800134809F0D4FE1921F4E7741BB4F5806FFE
:10C8D80028BF1C460020224601AB791907F054FCFA
:10C8E80070B9019B9C420BD123462544AE42ECD83B
:10C8F80009D0162003B0F0BD4FF480630025F5E79A
:10C908006FF01500F6E70020F4E700BFA3E301008D
:10C9180086B4010038B5036941B91D4964221D4830
:10C9280009F0A5FE64211A4809F098FE486830B954
:10C9380017496522174809F09AFE6521F3E75868F8
:10C9480000B30024884219D108688CB99C685860E3
:10C95800A14200D19860002008602AB15A680A6094
:10C968009A68596002B9996000200FE02846E9E703
:10C9780020609868814208BF9C60ECE7056804461F
:10C98800002DF3D1002AE9D16FF0150038BD00BFA2
:10C99800E3E3010086B4010008B50368590913D020
:10C9A800012906D14FF6FF7203F01F03DA40D207C0
:10C9B8000DD40A490A484FF4826209F058FE4FF430
:10C9C8008261064809F04AFE4FF0FF32ECE7036047
:10C9D800044B0548012908BF184608BDC0C401001A
:10C9E80086B40100002884500025845070B544683E
:10C9F80001F01F05207C86B045EA4015A068002894
:10CA080071D0B2F5001F04D1294601F07DFE002047
:10CA18004EE06068667CB2F5800F46624FF0000613
:10CA280001A80196466032D1B3F1007F14BF0523F7
:10CA380004238DF804300023CDE904030393E3684D
:10CA48006E46CB4013F0010F34D1B2F1A07F31D143
:10CA580068460095FFF7A0FF009B803350F823300D
:10CA6800DB0727D46A462946A06801F0B9FC1630CE
:10CA780018D002962946A06803AA01F05DFB002899
:10CA880016DB01222946A06801F0C6FDBFE7B3F115
:10CA9800C06F05D0B3F1007F14BF01230223C8E79C
:10CAA8000323C6E76946A06801F04EFD0028E0DAD6
:10CAB80006B070BD32462946A06801F091FC0028F6
:10CAC800D8D19DF80010A06801F022FD0028D1D02F
:10CAD8000649074840F2F11209F0C9FD40F2F11188
:10CAE800024809F0BBFD6FF08500E1E71FE4010093
:10CAF80086B401002DE9F043466840F20635337CE0
:10CB0800D00601F01F0747EA431748BF032302EA8C
:10CB1800050558BFC2F3401387B0B5F5837F1446A7
:10CB28008DF8033043D00DD8062D16D005D8A5B101
:10CB3800022D3ED06FF0150036E0B5F5807FF9D1B3
:10CB480001250AE040F20222954234D0B5F5407F33
:10CB580033D0B5F5007FEDD1022522032FD501236F
:10CB680072688B409360B06880BB03A80397FFF797
:10CB780013FF039B00EB8300C4F3004383F001031E
:10CB8800C4F34044D0F8002244EA43049DF803303B
:10CB980022F4706244EA830422F00F0244EA052377
:10CBA8001343C0F80032002007B0BDE8F083072522
:10CBB800D3E70425D1E70525CFE70325CDE76303B0
:10CBC80041BF012372688B40D360CCE739460DF131
:10CBD800020201F005FC14F4403F804616D13946A4
:10CBE800B06801F07FFCB8F1000FDCD19DF80210AD
:10CBF800B06801F08DFC0028D5D01E491E48FC22E3
:10CC080009F035FDFC211B4809F028FD4FF000090B
:10CC180001ABCDE90199CDE90439CDF80C9039463D
:10CC2800B06803AA01F088FA4845BCDB14F4003365
:10CC380014D09DF80330C4F3004484F001048DF847
:10CC48000E308DF80C508DF80D404B463946B068C3
:10CC580003AA01F02FFB0028C5DAA4E7CDE90433C5
:10CC68000DF1030303933946B06803AA01F064FA8F
:10CC7800F1E700BF1FE4010086B401004209034642
:10CC880070B502D0012A1AD070BD124E32695168AF
:10CC98000029F9D0012503F01F030C689D400029E5
:10CCA800F2D08A682A400ED04B6853B90A490B481B
:10CCB800892209F0DCFC8921074809F0CFFC084EDD
:10CCC800E4E7304698471CB1236821461C46E6E74E
:10CCD8002346FAE7F0A60100E3E3010086B4010069
:10CCE800D4A6010038B54568A86890B101F0E2FB08
:10CCF800014670B9A86801F0A1FB044658B902467C
:10CD08000649A86801F058FB224605210D20F6F7D0
:10CD18005FFD002038BD6FF00400FBE785CC000004
:10CD280010B504460269A2B01F49C2F8800000206D
:10CD380001F0F4FD002201212A20F6F749FD64687C
:10CD48008422002101A80DF09DFB6368B3F5803FA4
:10CD580003D35721154809F009FF2368B3F5803F2D
:10CD680003D35721124809F001FF00230120219322
:10CD780001AA61680432D940C90744BF00FA03F127
:10CD880042F8041C2168D940C90748BF00FA03F1DA
:10CD980003F1010348BFD163102BEAD101A801F0C8
:10CDA800DFFD002022B010BD85CE000063E4010045
:10CDB80094E4010038B505460C461AB157210B48D2
:10CDC80009F0D4FE0F2C0ED86B685B68E340DB07D4
:10CDD80009D501230020A400E4B204F1A04404F51D
:10CDE8002834236038BD6FF01500FBE7C5E4010067
:10CDF80038B50F290C4605693BD843681B68CB40FA
:10CE0800DB0736D5D5F88430CB4003F001031AB9D7
:10CE1800E3B96FF077002BE0002BFAD155F82130F9
:10CE28001BB95721144809F0A1FED5F8843013B96D
:10CE38002A20F6F79DFC0122D5F88430A24013433E
:10CE4800C5F88430E0B201F0BFFD0AE0C8B201F0D5
:10CE5800D7FD0122D5F88430A24023EA0203C5F8A1
:10CE68008430D5F8843013B92A20F6F78FFC0020D7
:10CE780038BD6FF01500FBE7E5E4010070B50F2839
:10CE880004460D46D1F8806004D873681B68C34017
:10CE9800DA0703D457210D4809F068FED5F8843025
:10CEA800E340DB0703D45721094809F05FFE05EB8F
:10CEB800840255F824503DB121463046AC46BDE8C1
:10CEC80070400023126C604770BD00BF1AE5010076
:10CED8003BE5010008B50368590913D0012906D1BB
:10CEE8004FF6FF7203F01F03DA40D2070DD40A4948
:10CEF8000A484FF4826209F0BAFB4FF4826106488F
:10CF080009F0ACFB4FF0FF32ECE70360044B054837
:10CF1800012908BF184608BDC0C4010086B4010035
:10CF280000288450002584502DE9F04F1546074607
:10CF38004FF0010985B000EB8108B84503D1002006
:10CF480005B0BDE8F08F3B68C3F3C322082AC3F3DA
:10CF5800080400F2B4805B498E5C40F2FF129442F0
:10CF680008BF4FF0FF34B3F10C5F4FEA136215D2DC
:10CF7800222A15D8DFE802F017262B3A2E353A1464
:10CF8800141414404C1414141414141414144F8648
:10CF9800898C1414148F94979A9DA0004E2A28D037
:10CFA8006FF08500CCE7C5F80C45621C68D003A873
:10CFB8000394FFF78FFF039B4FF0010A09FA03F36D
:10CFC80083603BE0C5F814454FF0000A1BE0C5F844
:10CFD8000845EAE74FF0000AC5F80845611C25D165
:10CFE8004EE04FF0010AC5F80C45F7E7C5F81045C3
:10CFF800EAE7C5F81445D8E7C5F80845002EE3D197
:10D008004FF0000A0626631C3AD04FF0000B17E0D9
:10D01800C5F80C45F2E7C5F860457B88601C03F04D
:10D0280001032DD0002BC2D14FF0010A03A80394AD
:10D03800FFF750FF039B09FA03F3C3604FF0010B9E
:10D048003A6803A8130444BF4FF0010A4FF0000BDD
:10D0580001920394FFF73EFF039B019A00EB8300C4
:10D06800C2F341223302D0F8001243EA8203164A7F
:10D0780043EA0B030A40134343EA4A03C0F8003269
:10D0880004375AE7C5F86445C7E7C5F86845C4E7F3
:10D09800C5F86C45C1E7C5F824454FF0010AB2E769
:10D0A800C5F8284581E7C5F83045F6E7C5F83445A1
:10D0B800F3E7C5F83845F0E7C5F83C4575E76FF084
:10D0C80015003DE798EE0100F0F0FCFF2DE9F04176
:10D0D80004460D4647680CF0ADFD88B14FF02008B6
:10D0E800EFF31186314688F31288BFF36F8F6068BB
:10D0F8000BF0EAFC50BB86F31188BFF36F8FEFE7A4
:10D108001F4B1B78002BE9D04FF02008642660687D
:10D118000BF0DAFC70B901200BF0A8FD013EF6D146
:10D128000021212004F09EFEF0E786F31188BFF36A
:10D138006F8FF5E7EFF31186314688F31288BFF356
:10D148006F8F60680BF0C0FC0028EED0FB690020F0
:10D158001D706368FA691B68C3F844250122C3F887
:10D168004825C3F82001D3F82041C3F85801D3F863
:10D1780058019A6081F31188BFF36F8FBDE8F08181
:10D18800AB2B00202DE9F0410546002201210820A3
:10D19800F6F71EFB0820F6F7EBFA6C680121E06849
:10D1A8000BF0E6FC6B6819682369C1F82435A27D89
:10D1B800637D207D1343228B02431343C1F86C35F2
:10D1C8006F680022D7E9004313F001031BD0D5F89C
:10D1D800108004F10C01C4F8A02104F59070C4F883
:10D1E8008C2008F10C020BF076FD061E06DA4521AC
:10D1F800214809F0BBFC3046BDE8F08198F80C00E6
:10D2080000F06CFB01230822C4F80025FA6901210B
:10D21800C4F844250022C4F84825A1606BB9D4F8A5
:10D228002031002BFBD0C4F82021D4F82031012371
:10D23800E3604FF48073C4F80433D4F85831002BFA
:10D24800FBD00021C4F800156D68E8682C680BF065
:10D258008FFC0823C4F800352A7A52B92B6AC4F81F
:10D2680034350123C4F83835C4F81021D4F8102116
:10D2780023600026BFE700BF76E5010038B51149F5
:10D2880022F07F45D1E90030D41AE31840F10000BC
:10D29800C1E90030A5F50013B3F5400F09D20A4BD8
:10D2A8001B681A0A1B065819084B42F10001C3E90A
:10D2B800000105F0C5FA01462046BDE8384005F0F2
:10D2C80039BA00BF801200205C210020881200209B
:10D2D8000D4B1868010A0006BFF35F8F0B4BD3F89C
:10D2E8000435181841F10001B3F5801F0AD2084B24
:10D2F800D3E90023904271EB030303D210F180704D
:10D3080041F10001704700BF5C210020005001502E
:10D31800881200202DE9F7432D4BD3F804239107F9
:10D328000BD5D3F8042142B10022C3F80421294ABD
:10D33800D3F80431136801331360254CD4F804334F
:10D34800DA033FD5244BD3E8EF2F22F00101C3E8DD
:10D35800E01F0028F7D1D30702D4D4F840318BB3AB
:10D368000025C4F84051D4F84031FFF7B1FFEFF37E
:10D378001182202383F31288BFF36F8F174BD3E9F1
:10D388000267B042B94120D3D3E900984FF0FF308B
:10D398004FF0FF311D60C3E902014FF48033C4F838
:10D3A8004833C4F84051D4F8403182F31188BFF3B0
:10D3B8006F8FB9F1000F05D032463B460020CDF8FB
:10D3C8000080C84703B0BDE8F083A946EDE700BF79
:10D3D800005001505C2100205421002070120020D0
:10D3E8002DE9F84F06460F46434DD5E8EF8F28F054
:10D3F8000103C5E8E23F002AF7D14FF480393F4CDA
:10D40800C4F80893BFF35F8FBFF36F8FFFF760FF18
:10D41800B04271EB070308F0010840D2384B301ACC
:10D4280067EB0101984271F1000148D2354BD3E90D
:10D4380002239F4208BF96423AD04FF0000C26F0D4
:10D448007F40834603216FF0020EC4F84893C4F866
:10D4580040C1D4F84031DFF8B0A02BF07F43C4F8C6
:10D468004035C4F84493D4F80425AEEB02035B447A
:10D4780023F07F4353451BD9D4F840315BB1D4F82E
:10D488000425131A23F07F43B3F5000F10D9C4F80D
:10D4980040C1D4F8403101EB020B0131DDE71B4BF1
:10D4A800D3E8EF1F41F00101C3E8E21F002AF7D1DA
:10D4B800144B174AC3E902671A6000225A60B8F190
:10D4C800000F16D0D5E8EF3F43F00103C5E8E23F6F
:10D4D800002AF7D14FF48032084BC3F804230B4BD2
:10D4E800D3E8AF3FDB0742BF4FF40012094BC3F844
:10D4F8000021BDE8F88F00BF5821002000500150DE
:10D508000100800070120020FDFF7F0054210020E0
:10D5180085D2000000E100E070B54FF0FF30002533
:10D528004FF0FF31164C174B0226C4F80833C4F8E5
:10D538004833154BC4F80855C3E902014FF480334A
:10D548004FF40012C4F80433104B0121C4F80463EB
:10D558001520C3F880212A46F6F73AF91520F6F780
:10D5680007F901230A4AA3600021236009481360D0
:10D57800FFF736FF3046FFF7DFF8284670BD00BFDB
:10D588000050015003000F007012002000E100E07D
:10D5980058210020FFFF7F00431C10B50F4C05D019
:10D5A8008442A8BF0446012CB8BF0124FFF790FEAF
:10D5B8000B4AD2E90031C01AB0F5000F074A0AD267
:10D5C8002044904228BF1046BDE81040C01841F1E1
:10D5D8000001FFF705BF1046F6E700BFFFFF7F0019
:10D5E8008012002008B5FFF773FE024B1B68C01AB3
:10D5F80008BD00BF80120020012310B5074C15207C
:10D608006360F6F7C3F84FF40012054BC4F808330B
:10D61800C4F84833034BC3F8802110BD00500150B3
:10D6280003000F0000E100E00348452108B509F0B8
:10D638009DFA0020F7F7E2F8B4E501004FF4007115
:10D64800014805F017BC00BFAB29002008B5F5F765
:10D6580047FCF5F72DFD0E4B0E4A92E803000E4AE3
:10D6680083E8030092E803000C4B0D4A83E80300AB
:10D6780092E803000B4B0C4A83E8030092E803008E
:10D688000A4B83E80300BDE8084006F03FBC00BF32
:10D698008421002038020020300200207821002058
:10D6A800280200206C210020400200206021002078
:10D6B80008B50BF0CBFA58B1614BD3F8202A3AB928
:10D6C8000D21C3F8201A0121C3F81C19C3F81C291D
:10D6D8000022D30003F57F03D3F80013013107D0EC
:10D6E800D3F800130132D3F80433202A0B60F0D1A9
:10D6F8000BF0ACFA002840F09A800BF0A7FA40B182
:10D70800504B514AC3F830254FF050230122C3F83B
:10D7180058254FF47F03D3F83021D3F83431072A42
:10D7280006D1023B012B9EBF0022484BC3F84C2573
:10D738000BF08CFA50B14FF05023D3F80024D107E6
:10D7480042BF0022C3F81421C3F818214FF47F0305
:10D75800D3F83021D3F83431072A09D14FF05023B8
:10D76800D3F80024D20744BF6FF00102C3F80024A5
:10D778000BF06CFA18B16522314BC3F80C274FF443
:10D788007F03D3F83021D3F83431072A16D12F4B31
:10D79800D3F82034002B11DA4FF050230322C3F8BA
:10D7A800182501229A60D3F80421002AFBD0002210
:10D7B800C3F804210122DA60C3F818254FF47F0367
:10D7C800D3F83021D3F83431072A20D1023B022B79
:10D7D8001DD97E221A4B1B49C3F80C27C3F83C29D4
:10D7E8007F231B4AC2F818310023C1F8043EC1F850
:10D7F800083E01F54821C1F81031C2F82431C2F8B9
:10D808002C3102F5FF1202F58052C2F8A032114AFB
:10D81800D2F88C3043F44063C2F88C300E4A0F4B78
:10D828001168C3F84415D269C3F84C2508BD2922EC
:10D83800034BC3F80C270322C3F83C275DE700BF5E
:10D8480000400050009003504400EFBE00200350F9
:10D858000020005000ED00E00080FF000060005054
:10D868001F2908B50AD9084908484FF4E77208F093
:10D87800FEFE4FF4E771044808F0F0FE044B41F057
:10D888000041195008BD00BF13E6010086B401002D
:10D8980080700150014B1860704700BF9021002034
:10D8A80010B50B4B1446186850B90A490A4840F29B
:10D8B800F31208F0DCFE40F2F311064808F0CEFE41
:10D8C8000BF0D6F90028A4BF2070002010BD00BFBF
:10D8D80090210020D6E5010086B401000123024A08
:10D8E8008340C2F8043570470070015010B5054BED
:10D8F8000C46186804300BF0BBF90028A4BF207050
:10D90800002010BD90210020F8B5184E0346C00035
:10D91800C0B237583246002FB8BF4FF0000C00F1A4
:10D928000404E4B222441568B8BF46F800C0002DCC
:10D93800BCBF0026166001229B0003F1A04303F53B
:10D94800B833D3F800688A403243002FC3F8002860
:10D9580002DAF9B2FFF784FF002D05DA2046E9B2B2
:10D96800BDE8F840FFF77CBFF8BD00BF80700150EC
:10D97800014B00201B68184794210020014B1B68AD
:10D98800184700BF94210020014B09201B68184745
:10D9980094210020014B08201B681847942100207F
:10D9A80010B5144C237913BB01232371124B0028A3
:10D9B800206018BF184600F0AFF8D0B923680F48A8
:10D9C800002B08BF184600F081F990B923680C486D
:10D9D800002B08BF184600F0E9F950B92368094838
:10D9E800002B08BF1846BDE8104000F003B96FF0DF
:10D9F800770010BD9421002079D9000091D900004A
:10DA080085D900009DD9000008B50C4B1A7942B998
:10DA18000B490C48B12208F02AFEB121084808F049
:10DA28001DFE1B6843B10520F5F7C4FE20B9BDE80B
:10DA380008400520F5F79CBE08BD00BF94210020D2
:10DA480046E6010086B4010008B5164B1B7953B9A8
:10DA5800154940F20512154808F009FE40F2051173
:10DA6800114808F0FBFD032813D8DFE800F0020690
:10DA78000A0EBDE8084000F0ABB9BDE8084000F068
:10DA88005DB8BDE8084000F033B9BDE8084000F0D3
:10DA9800BFB805494FF49272044808F0E8FD4FF406
:10DAA8009271DDE79421002046E6010086B401006A
:10DAB80008B5164B1B7953B9154940F22B12154876
:10DAC80008F0D5FD40F22B11114808F0C7FD0328D6
:10DAD80013D8DFE800F006020A0EBDE8084000F09F
:10DAE80059B8BDE8084000F0C5B9BDE8084000F0E5
:10DAF8002DB9BDE8084000F0B9B805494FF4A57242
:10DB0800044808F0B4FD4FF4A571DDE79421002026
:10DB180046E6010086B40100074B0246187938B979
:10DB28001A6001221A714FF05023C3F81425704768
:10DB38006FF07700704700BF9C21002008B512499C
:10DB48000B7943B911491248772208F090FD7721E3
:10DB58000E4808F083FD4FF050230022C3F800213F
:10DB6800D3F8002101221A60096811B1C3F804230F
:10DB780008BDD3F80021002AFBD00022C3F80021F9
:10DB8800D3F80031F4E700BF9C21002083E60100B0
:10DB980086B4010008B5084B1B7943B90749084802
:10DBA800892208F064FD8921044808F057FDBDE882
:10DBB80008400BF0CFB800BF9C21002083E601008D
:10DBC80086B401004FF05023D3F80423D2070DD5B3
:10DBD800D3F8002152B10022C3F80021D3F8002164
:10DBE8000122C3F80823024B1B681847704700BF7F
:10DBF8009C210020054B0246187918B91A600122A9
:10DC08001A7170476FF07700704700BFA421002099
:10DC180008B5134A137943B912491348612208F029
:10DC280026FD61210F4808F019FD4FF0502300210F
:10DC3800C3F82011D3F8201101219961126822B18B
:10DC48004FF48072C3F8042308BDD3F82021002ABA
:10DC5800FBD00022C3F82021D3F82031F4E700BF1D
:10DC6800A4210020C6E6010086B4010008B5084BCF
:10DC78001B7943B907490848732208F0F8FC732157
:10DC8800044808F0EBFCBDE808400BF07FB800BF83
:10DC9800A4210020C6E6010086B401004FF05023FD
:10DCA800D3F80423D2050ED5D3F820215AB1002287
:10DCB800C3F82021D3F820214FF48072C3F8082339
:10DCC800014B1B6818477047A4210020074B0246E8
:10DCD800187938B91A6001221A714FF05023C3F825
:10DCE800802570476FF07700704700BFAC21002097
:10DCF80008B5134A137943B912491348672208F043
:10DD0800B6FC67210F4808F0A9FC4FF0502300210A
:10DD1800C3F82411D3F8241101211962126822B121
:10DD28004FF40072C3F8042308BDD3F82421002A55
:10DD3800FBD00022C3F82421D3F82431F4E700BF34
:10DD4800AC2100200EE7010086B4010008B5084B9D
:10DD58001B7943B907490848792208F088FC7921DA
:10DD6800044808F07BFCBDE808400BF029B800BF68
:10DD7800AC2100200EE7010086B401004FF05023CB
:10DD8800D3F8042392050ED5D3F824215AB10022E2
:10DD9800C3F82421D3F824214FF40072C3F80823D0
:10DDA800014B1B6818477047AC210020074B0246FF
:10DDB800187938B91A6001221A714FF05023C3F844
:10DDC800182570476FF07700704700BFB421002016
:10DDD80010B5254C237943B924492548E52208F094
:10DDE80046FCE521214808F039FC4FF05023D3F8D0
:10DDF8001814D3F81824C9031BD502F00302022A09
:10DE080002D0012A12D101224FF05023C3F818255D
:10DE18000022C3F80421D3F8042101229A60226861
:10DE2800A2B9D3F80421002AFBD017E00AF0E2FFD8
:10DE3800E9E7D3F81424D207E5D5D3F81C2402F077
:10DE48000302013A012AF1D822681AB10222C3F862
:10DE5800042310BDD3F80421002AFBD00022C3F804
:10DE68000421D3F80431F4E7B421002055E7010078
:10DE780086B4010008B5094B1B7953B9084909480C
:10DE88004FF4917208F0F3FB4FF49171044808F0D5
:10DE9800E5FBBDE808400AF0ADBF00BFB421002093
:10DEA80055E7010086B40100F8B54FF0502301256D
:10DEB8000026D3F804431E4F04F0820404B9F8BDC9
:10DEC800B4FA84F0C0F11F00830003F580739BB29D
:10DED80003F1502305FA00F2196892B224EA020409
:10DEE8000029EBD01E601B684FF05023022AC3F8AC
:10DEF800082311D1D3F81814D3F8181401F003012A
:10DF0800012903D03B68C0B29847D7E7C3F8182562
:10DF1800C3F804239960D1E7064907484FF4F5721E
:10DF280008F0A5FB4FF4F571024808F097FB00BF15
:10DF3800B421002055E7010086B40100034A4309D3
:10DF4800D35C00F01F001844C0B27047A1EE010076
:10DF580010B504460846FFF7F1FF04EB4000838A3A
:10DF6800DA051CD5C3F3432123F4F853838204F163
:10DF7800120204F1720032F8023F13F4807F03D0DA
:10DF8800C3F3432399420AD09042F4D1002204EB10
:10DF9800C1035A6004F178000AF084FE00B910BD8C
:10DFA800054906484FF4DB7208F061FB4FF4DB715A
:10DFB800014808F053FB00BF98E7010086B4010050
:10DFC80008B50268014610460AF02DFF50B90F49FE
:10DFD8004FF482620E4808F04AFB4FF482610B4806
:10DFE80008F03CFB02F01F0352090B600AD0012A1B
:10DFF8000AD0064940F21942054808F038FB40F2B9
:10E008001941ECE7034808BD0348FCE7C0C4010018
:10E0180086B401000025845000288450072808B5DC
:10E028000AD90749074840F2A73208F020FB40F216
:10E03800A731034808F012FB800000F5807008BD86
:10E04800D6E7010086B40100024611F0010010B5C0
:10E058000BD18B07C1F340000DD50749086A506002
:10E068000862003818BF012005E0044C236A1360D9
:10E078002362002BEDD010BD002884500025845069
:10E0880010B5044608460AF0CEFE18B120460AF03C
:10E0980000FF50B90849094840F2E23208F0E7FAAF
:10E0A80040F2E231044808F0D9FA20460AF0FCFEB2
:10E0B800800000F0FC0010BD98E7010086B4010064
:10E0C800F7B504460846FFF739FF04EB4006B38A64
:10E0D8000D46DB072AD520460AF097FF2946204639
:10E0E8000AF0B3FE50B120460AF0DEFE002327688E
:10E0F80007EB8000C0F81035C0F810352046002422
:10E108002946FFF725FFB48201A80195FFF758FFBC
:10E11800019B00EB8300D0F80022064B134043F02C
:10E128000203C0F80032204603B0F0BD6FF01500BE
:10E13800FAE700BFF0F0FCFF2DE9F0430E46174662
:10E14800044685B050B95949594840F25E4208F032
:10E158008EFA40F25E41554808F080FA0846FFF70B
:10E16800EDFED7F800800546B8F1000F19D020461B
:10E178000AF08FFE18BB4346CDE900008DF80E006B
:10E188008DF80F000DF10F0230460DF10E010AF067
:10E19800B4FE04EB4502938A23F0020343F0010323
:10E1A80093827B689BB33146204693F80080D3F86E
:10E1B80004900AF063FE28B1B9F1000F1FD06FF088
:10E1C800150027E004EB4500838A23F4604323F01D
:10E1D80020038382B9F1000F11D0B8F1030FEED8F4
:10E1E8007B6821685B6893F800C04FEA8C03194488
:10E1F800B8F1000F11D1C1F81085C1F8108504EBF2
:10E208004502938A23F01C0343EA88039382BB6880
:10E2180043BB002005B0BDE8F083D1F8102522F0FB
:10E228000302C1F8102522681344D3F8102522F4FC
:10E238004F3222F44072C3F810253202D3F8101579
:10E2480002F47C5242EA08420A43C3F8102504EB60
:10E258004C03A3F87C60838A43EA4C3343F02003E1
:10E268008382CCE73146D3E900782046FFF770FE79
:10E27800002FCED063689F4206D004F178000AF0E0
:10E28800F7FC002804DAC5E7A3689845F5D1002013
:10E2980004EBC003C3E9017804EB4505AB8AC0B2BF
:10E2A80043EA402343F48073AB82B2E798E7010066
:10E2B80086B401002DE9FF410C4616461F46054667
:10E2C80050B93B493B484FF48D6208F0D0F94FF400
:10E2D8008D61374808F0C2F90846FFF72FFE8046DF
:10E2E80016B328460AF0CAFD18B928460AF0ADFD4B
:10E2F80008BB214628460AF0B3FD10B17378012BFC
:10E3080019D001238DF80F300023721CCDE900636A
:10E318002046B31C0DF10F010AF0EFFD05EB480292
:10E32800938A43F003039382002F3FD02146284667
:10E338000AF0A4FD20B96FF0150004B0BDE8F08123
:10E3480000223E782B6805EB480003EB8603C3F8F0
:10E358001025C3F81025838A4FEA860C23F46043FE
:10E3680023F020038382797801B32A68BF78624456
:10E37800D2F81035090423F4991323F4F853C2F89A
:10E388001035230201F4403103F47C530B43390563
:10E39800D2F8105501F480110B432B43C2F8103505
:10E3A800838A43EA463343F0200383820020C4E78C
:10E3B80098E7010086B4010008B550B90649074836
:10E3C80040F2714208F053F940F27141024808F0F6
:10E3D80045F9C0E9031208BD98E7010086B40100B9
:10E3E80070B51546044650B9124940F27A421248AF
:10E3F80008F03DF940F27A410E4808F02FF942B989
:10E408000C4940F223320C4808F031F940F223312C
:10E41800F2E70AF01AFD48B10846FFF78FFD04EB52
:10E4280040040020A38A5B0B2B7070BD6FF01500B1
:10E43800FBE700BF98E7010086B40100F8B5044681
:10E4480050B9194919484FF4916208F010F94FF47E
:10E458009161154808F002F990F88C5090F88D7089
:10E46800F5B96022294614300CF00CF8104B2668D8
:10E4780053F83770AF420ED1002546F30730C6F87F
:10E488007C51D6F87C31F5F773F90123284684F8D6
:10E498008C30A367F8BDE8B2FFF7C0FD0135E9E7A6
:10E4A8006FF07700F6E700BF98E7010086B4010037
:10E4B80014B2010008B550B90849094840F28F4222
:10E4C80008F0D5F840F28F41044808F0C7F890F8F2
:10E4D8008C00003818BF012008BD00BF98E7010074
:10E4E80086B4010008B550B90749084840F29D4272
:10E4F80008F0BDF840F29D41034808F0AFF8BDE8C8
:10E508000840FFF7DDBD00BF98E7010086B40100B1
:10E5180008B550B909490A4840F2A44208F0A7F8DA
:10E5280040F2A441054808F099F8064B90F88D0090
:10E5380003EB8000BDE808400AF0B4BB98E701008F
:10E5480086B401003C04002010B50C4650B90B49B4
:10E558000B4840F2AB4208F08AF840F2AB4107485A
:10E5680008F07CF8074B90F88D0003EB80000AF068
:10E578007FFB0028A4BF2070002010BD98E7010091
:10E5880086B401003C04002038B50446084654B956
:10E59800134940F2C742134808F069F840F2C741EE
:10E5A8000F4808F05BF80AF03EFC18B120460AF064
:10E5B80070FC40B90A494FF475720A4808F057F8D8
:10E5C8004FF47571ECE720460AF06EFC256805EB00
:10E5D8008000D0F8103543F00303C0F8103538BD7B
:10E5E80098E7010086B4010010B5044650B90849FF
:10E5F800084840F2DC4208F03AF840F2DC410448AE
:10E6080008F02CF8FFF73CFD2368184410BD00BF44
:10E6180098E7010086B401002DE9F3410D4616463E
:10E62800044650B936494FF4A562364808F01FF839
:10E638004FF4A561324808F011F80AF011FC40B90E
:10E648002F4940F235422F4808F011F840F2354181
:10E65800F0E720460AF0F9FB2768F8B120460AF0EF
:10E668000DFC8046D0B920460AF01EFC0546FFF78F
:10E67800D5FC47F800803B58236803EB8503D3F8A3
:10E68800102542F00102C3F8102526B101232268A3
:10E69800AB40C2F8043302B0BDE8F081D7F80433C8
:10E6A800002BA4BF4FF00043C7F8043346B9144900
:10E6B80040F24F42134807F0DAFF40F24F41B9E702
:10E6C8002846FFF73BFC04EB4004A38AC3F382030C
:10E6D800042B11D0052B11D001A80195FFF770FC70
:10E6E800019B0169D94001F001010231284602B0BD
:10E6F800BDE8F0410AF04EBC0321F7E70221F5E737
:10E7080098E7010086B4010008B550B907490848E0
:10E7180040F22F5207F0ABFF40F22F51034807F0A9
:10E728009DFFBDE808400AF070BC00BF98E70100F3
:10E7380086B401002DE9F04F07468DB050B97249F3
:10E74800724840F25C6207F092FF40F25C616E48EA
:10E7580007F084FF804658F804AB90F88D40DAF84B
:10E7680004136B4BC9B2504653F8342041F00041B2
:10E778000AF01FFC051E39DA0023CDE90A33644B81
:10E78800E60003EBC40463680AA819460193FFF77F
:10E798005BFC331D04934FF0000B5E4B0DF1280911
:10E7A8000393039A5A4912F8013B0392049A02EB25
:10E7B800D3028A5C03F0070322FA03F3DB071BD4B6
:10E7C8000BF10103022B4FF0010B09F10409E8D109
:10E7D8004FF00041002250460AF0EBFB01990AA8CD
:10E7E800FFF732FC0028D6D125F000450124002D82
:10E7F80074D10DB0BDE8F08F474B5B440593D9F851
:10E8080000100029DCD091FAA1F1B1FA81F1059B41
:10E818001C7841EA44142046FFF790FB07EB4000C0
:10E82800828AC808C2F38203CDE906230293012332
:10E8380019F8006001F0070103FA01F126EA010165
:10E8480009F8001009A80994FFF7BAFB0999069A74
:10E85800803150F8216012F0100F079BC6F3014673
:10E8680023D021464046029A0AF028FB09A80994B9
:10E87800FFF7A6FB099BF6B2803350F82330C3F3A9
:10E8880001439E4207D1002120460AF083FB31460E
:10E8980020460AF07FFB09A80994FFF791FB0122A3
:10E8A800099B02FA03F30362A9E7022E14BF0221AF
:10E8B8000321204606930AF06DFB069B032B03D029
:10E8C800022E07D1012BE6D121464046029A0AF0D2
:10E8D800F5FAE0E7032EDED1022BF4E795FAA5F36B
:10E8E800B3FA83F304FA03F225EA020503F5A272E8
:10E8F8005AF8222007EB43034046B3F87C10C2F3D2
:10E9080001420AF0DBFA72E798E7010086B40100D9
:10E9180014B20100B1EE0100B1EE0100F8B51746DE
:10E928000E4641B90B490C48342207F0A0FE3421A9
:10E93800084807F093FE094D2C7944B92A20F4F7CA
:10E9480017FF012320462B712E60AF60F8BD6FF0D2
:10E958007700FBE70BE8010086B40100BC2100202A
:10E9680038B518B1144B1B79012B08D0134914483A
:10E97800472207F07CFE4721104807F06FFE00236E
:10E98800104A50F8234003F5A2710133102B42F8C6
:10E998002140F6D100230B4A00F13C0103F5B27483
:10E9A80051F8045F0133102B42F82450F6D1D0F807
:10E9B8008030C2F8043338BDBC2100200BE80100C8
:10E9C80086B4010000A0025008B5094B1B79012B41
:10E9D80008D008490848762207F049FE76210548FC
:10E9E80007F03CFE054A8340C2F8043308BD00BF67
:10E9F800BC2100200BE8010086B4010000A00250F1
:10EA080008B5094B1B79012B08D0084908487E2214
:10EA180007F02DFE7E21054807F020FE054A8340B9
:10EA2800C2F8083308BD00BFBC2100200BE8010074
:10EA380086B4010000A00250F8B501260027124B49
:10EA4800124DD3F80C4304B9F8BD94FAA4F0B0FA07
:10EA580080F006FA00F30F2824EA03040ADD0C49C3
:10EA68000C4840F2172207F002FE40F2172108482E
:10EA780007F0F4FD084B82009F502B68002BE2D072
:10EA8800A9689847DFE700BF00A00250BC2100201A
:10EA980046E8010086B4010000A1025070B50D4699
:10EAA800044608B101B142B9174918483A2207F09B
:10EAB800DEFD3A21144807F0D1FD067B4260FEB91D
:10EAC800006840F30730F4F753FE2B882268B3F54B
:10EAD800805F09D30E490D484FF4027207F0C7FD55
:10EAE8004FF402710A48E6E7C2F808352B79304638
:10EAF8006373EB78A373AB68A3600123237370BDC2
:10EB08006FF07700FBE700BF78E8010086B40100EA
:10EB1800B3E8010008B510B1037B012B08D0074901
:10EB28000748702207F0A3FD7021044807F096FDFE
:10EB3800026813600223037308BD00BF78E8010070
:10EB480086B4010070B518B1047B0CB1032908D94B
:10EB58001E491F48A22207F08AFDA2211B4807F080
:10EB68007DFD4FF4803506688D40C6F84853C6F8D9
:10EB7800085301F150040568467BA40022F07F4247
:10EB880001F5A871A4B245F8212086B10168D1F831
:10EB98000455A91A954238BF01F1FF11827B38BF8D
:10EBA80001F57F418A4202DD6FF073000DE001211B
:10EBB8000268A0084038814023B10023135113593B
:10EBC800C2F804130020C2F8441370BD78E80100AD
:10EBD80086B4010008B508B1037B43B90B490C485A
:10EBE800CC2207F044FDCC21084807F037FD036824
:10EBF80039B10022C3F80021D3F800210122C3F85B
:10EC080004230122C3F8442308BD00BF78E80100AB
:10EC180086B4010008B508B1037B43B90B490C4819
:10EC2800DC2207F024FDDC21084807F017FD036803
:10EC380039B10022C3F80421D3F804210222C3F811
:10EC480004230222C3F8442308BD00BF78E801006A
:10EC580086B40100F8B5044640B916491648FA22A8
:10EC680007F005FDFA21134807F0F8FC01260027F4
:10EC78000368D3F8045305B9F8BD95FAA5F3B3FAB8
:10EC880083F32268980000F58070115806FA03F3A0
:10EC980025EA03050029EED01750B0F5A07F1258D9
:10ECA80022BF2268C2F84833C2F80833D4E90131D8
:10ECB8009847E0E778E8010086B40100F8B51B4AF8
:10ECC8000C68B2FBF4F304FB132565BB94422AD805
:10ECD8005A1E12EA030526D1B3F5007F23D893FA0A
:10ECE800A3F3B3FA83F302680F79D2F804454E7997
:10ECF80067F30104C2F80445D2F8081566F3010168
:10ED0800C2F80815C2F810354023006800F5807273
:10ED1800D550D1580433582BFAD140F30730F4F7C3
:10ED280027FD0020F8BD6FF01500FBE70024F40074
:10ED380010B5044640B919495C22194807F097FCF8
:10ED48005C21164807F08AFC037B1BBB4260F9B1C3
:10ED58008B68144A83600368934207D002F5805297
:10ED6800934203D002F58052934202D14B79032B90
:10ED780006D90A4970220A4807F079FC7021E0E7B1
:10ED88002046FFF79BFFB0FA80F35B09237310BDA1
:10ED98000846F8E76FF07700F9E700BFE5E80100FB
:10EDA80086B4010000F0005008B510B1037B012BB8
:10EDB80008D007490748B12207F059FCB121044897
:10EDC80007F04CFC026813600223037308BD00BF00
:10EDD800E5E8010086B4010070B508B1047B54B9B8
:10EDE800104911484FF4867207F041FC4FF48671C0
:10EDF8000C4807F033FC4FF4803405688C4073B13D
:10EE080000268B0003F5A073EE50EB580368C3F897
:10EE18000443036801F5A87143F8212070BDC5F8C3
:10EE28000843F6E7E5E8010086B401002DE9F04162
:10EE38000E4617460C4D55F81C4FAC4203D16FF0E7
:10EE48001200BDE8F081314654F8440CA4F144089E
:10EE5800F1F75CFD30B9C7F800804046BDE8F041E5
:10EE68000AF0C5B92468E8E7C821002010B5D0E940
:10EE780009124A60416A00F124031160C0E90933AC
:10EE88004368044603B19847054A936833B1127939
:10EE9800062A03D90720226802499847002010BD96
:10EEA800C821002022E901002DE9F04107460D465E
:10EEB8000B4E56F80C4FB44202D16FF001000AE035
:10EEC800394654F8240CA4F12408F1F71FFD20B9A1
:10EED8001DB1C5F80080BDE8F0812468EBE700BFEC
:10EEE800C821002038B5044600B30068F0B10378A3
:10EEF800E3B10021FFF7D8FFD8B104F11C03C4E93E
:10EF080007330D4B04F12402196903F10C00A162C7
:10EF180060621A610A609D6835B11B79062B03D9B6
:10EF2800072022680549A847002038BD6FF0150062
:10EF3800FBE76FF01000F8E7C821002024E9010082
:10EF480038B5124C0546216819B1002001312160FD
:10EF580038BD242220460BF095FA2B682846A3607A
:10EF68002B79237104F10C03C4E9033304F114036E
:10EF7800C4E9053304F11C03C4E9073300F01AF8A7
:10EF88000028E5D1236801332360E1E7C821002088
:10EF980038B5074D2C68013C2C6044B900F012F8D4
:10EFA80021462846BDE8384024220BF06BBA38BD0C
:10EFB800C821002008B50248FFF794FF002008BDCB
:10EFC800440400200148FFF751BF00BF440400205B
:10EFD8000EB4431E062B33B588BF0020094B05AC81
:10EFE80054F8045B53F82010074807F02AFB214621
:10EFF80028460194F2F738FE02B0BDE8304003B06D
:10F00800704700BF24B201003FE901002DE9F04F2D
:10F0180087B017469B460446DDF840A000284BD031
:10F02800056A35B12D6825B1AC4607B0BDE8F04F8B
:10F038006047E36A9F4242D80026BE4203D10020BF
:10F0480007B0BDE8F08F182303FB06F8D4F830901A
:10F05800A26909EB08052B1D0593CAB96869696897
:10F068000368B5F80CC0C91AAB680CF1030E5D1E35
:10F0780005EB0C155B4205EB4E051D4005EBCC037B
:10F0880085680633A94228BF4FF0FF310AF07BF8A4
:10F0980059F8083020460293236AB1B29B6A01935B
:10F0A8005AF8263000935BF82620059B0AF0E4F80E
:10F0B8000028C5D10136C0E76FF01500C0E7014848
:10F0C800BEE700BF40F4FFFF10B5044690B1028DC3
:10F0D80043899A4209D0084A936833B11279032ABE
:10F0E80003D942680549042098472046BDE81040E6
:10F0F8000AF090BE10BD00BFC8210020DAE9010067
:10F1080030B544898C4212D9436A013C5D882C4051
:10F1180003EBC40359609A60BFF35B8F426A53885C
:10F1280001335380438D01334385002030BD0148AE
:10F13800FCE700BF41F4FFFF70B4039E144658B1CA
:10F14800006A48B143B1013406D0002E04DBC46F15
:10F1580014B1A44670BC6047014870BC704700BF3A
:10F168002DF8FFFF70B4039E144660B1006A50B1D9
:10F178004BB1013407D0002E05DBD0F88C4014B118
:10F18800A44670BC6047014870BC70472DF8FFFF6B
:10F198002DE9FF47DDF834800E4691469A4605462C
:10F1A800002876D0002974D0B8F1000F71D001F191
:10F1B800640738460AF0CAF9BAF1FF3F49D1346EFC
:10F1C80006F1500204F18000844204F01F0C07D2BB
:10F1D800C4F3411152F8211021FA0CF1C90736D4B1
:10F1E800012104F07F04600952F8203004F5806A98
:10F1F80001FA0CF104F201440B4304F07F0442F8D5
:10F20800203034666B6C4A4603930E9B2946CDE941
:10F2180001830C9B3046009353460AF036FA384671
:10F2280001F0AEF92C7874B196F89C405CB1AB6AE9
:10F23800013330D1002128460AF0C7F9044610B13D
:10F2480028460AF098F9204604B0BDE8F087013452
:10F25800BAE7BAF5806FD5D3AAF580637F2B06F19C
:10F2680050010FD8580951F8204003F01F0324FA21
:10F2780003F2D2070BD4012202FA03F3234341F825
:10F288002030BFE7054C384601F07AF9DBE7044C3B
:10F29800F9E7024CD7E70024D5E700BF2DF8FFFFB8
:10F2A80029F8FFFF08B583681A0C0AD1094A936840
:10F2B8002BB11279022A02D9032007499847002066
:10F2C80008BDA3F580338360180CB0FA80F04009BC
:10F2D800F6E700BFC8210020FCE9010038B5044664
:10F2E800E8B100F1640528460AF020FAD4F8AC30F9
:10F2F8009B692BB9D4F8A040103C002C03DC01E03A
:10F30800012B05D0074C28460AF00EFA204638BDD6
:10F31800D4F8B4000AF002F9A0F11004EDE7024CA9
:10F32800F4E700BF2EF8FFFF2DF8FFFF38B50446BD
:10F33800E8B100F1640528460AF0F8F9D4F8AC30D1
:10F348009B692BB9D4F8A440103C002C03DC01E0E5
:10F35800012B05D0074C28460AF0E6F9204638BDAF
:10F36800D4F8B0000AF0DAF8A0F11004EDE7024C86
:10F37800F4E700BF2EF8FFFF2DF8FFFF2DE9F0415D
:10F38800A3F1100853F8087C002388B00693ADF861
:10F398001E301023CDE904120E9D0446D0F8B800A3
:10F3A800ADF81C5001688668A8EB0101B14228BF7E
:10F3B8004FF0FF310DEB030209F0ACFE1028BFB28D
:10F3C8000AD023494FF4DF72224807F050F94FF46E
:10F3D800DF711F4807F042F904F1640630460AF06D
:10F3E800A5F9D4F8AC309B69CBB9D4F8A020D4F8EF
:10F3F800AC30D4F8B4009B69C3B9CDE90282CDF82A
:10F408000080012202A909F064FFA8B1104940F266
:10F41800C912104807F02BF940F2C911D9E739464B
:10F42800D4F8B40009F0EBFF0246E0E7012B03D162
:10F438003946FFF765FEE8E7D4F8B4000AF038F873
:10F4480030460AF071F9284608B0BDE8F08100BFDF
:10F458001DEA010086B40100F0B504468E680D4629
:10F46800B6B23146D0F8B00085B009F0C8FFD4F87C
:10F47800AC3007469A6992B90095CDE9025001234C
:10F48800D4F8B00002A909F024FF40B10E497D224A
:10F498000E4807F0ECF87D210B4807F0DFF8D4F8A8
:10F4A800AC309B69012B0DD13A463146D4F8B000F7
:10F4B800FFF726FE30B104498322044807F0D7F845
:10F4C8008321E9E705B0F0BD1DEA010086B401001B
:10F4D8002DE9FF4103689E6A06F1640840460AF078
:10F4E80025F9D6F8AC309B69DBB9D6F8B0000DF138
:10F4F8000A0203A909F049FF0446D6F8AC309B6913
:10F50800012B07D1D6F8B00003AA0DF10A0109F0C2
:10F5180081FF04463CB940460AF006F904B0BDE84C
:10F52800F0810024E9E7BDF80A3000216268A36091
:10F5380030464FF0FF330AF07EF805460AF00CF823
:10F54800A368404603F58033A3600AF0EDF8DDB107
:10F55800AB6A696C013308BF2368284608BFAB62F1
:10F568002368A28900916F6B04F11001B847002845
:10F578000ADA1049104840F25A2207F078F840F2A7
:10F588005A210C4807F06AF840460AF0CFF8284696
:10F5980009F0E7FF2046FFF785FE38B130462146DF
:10F5A800FFF75AFFD6F8B00009F082FF40460AF08C
:10F5B800BBF893E71DEA010086B401002DE9F0438A
:10F5C80085B00F46904603A90D9A064699460AF05B
:10F5D80073F9044648B30C9D039BD6F8B8009D42C6
:10F5E800A8BF1D460168D0F808C0611A614528BF48
:10F5F8004FF0FF312B464A4609F08CFD85420AD070
:10F608000B490C484FF4057207F031F84FF40571B7
:10F61800074807F023F82346424639463046009506
:10F62800FFF7ACFE05B0BDE8F0830348FAE700BF7A
:10F638001DEA010086B401002EF8FFFF2DE9F0470E
:10F648008AB00D46DDE9129716469846044620B959
:10F65800944E30460AB0BDE8F0870029F8D0002B58
:10F66800F6D00021A022C0F8C8100AF00BFF012232
:10F6780004F1640011460AF06CFA8B4BC4F8AC50E4
:10F688006667AC62E367894BC4F88030884BC4F87E
:10F698008430884BC4F88830874BC4F88C30874B4B
:10F6A800C4F89030864BC4F89430864BC4F8983030
:10F6B800AB693BB9002FCBD097E8070004F1A00352
:10F6C80083E80700AB69012B04D02B6A03BB6FF0FA
:10F6D8000506BEE7D4F8AC00002800F0E080036A15
:10F6E800002BF4D09B68002BF1D0984742060CD52C
:10F6F8000021D4F8AC000AF007F806460028A8D183
:10F708000021212002F0AEFBE4E74307F8D5DCE74F
:10F718001B69002BDBD028469847AB69012B04BF37
:10F728000023286100F0010008BF6B6184F89C0089
:10F73800AB69DBB93B7A002B00F0838009F10C033D
:10F74800C4F8BC30B9F1000F82D0D9F80820002ADB
:10F7580000F0A3809B68002B00F09F805A4B049315
:10F768005A4B05935A4B06935A4B0793AB69012B97
:10F7780007D1564B0493544B0593564B0693544B61
:10F788000793002104F1C003C4E9303306ABC4F881
:10F79800B880022200932846019104ABFFF736FC9B
:10F7A800064600287FF455AFAB693BB92B6B1B6845
:10F7B800C4F8B0302B6B9B69C4F8B430AB69012B2B
:10F7C80007D12B6B9B69C4F8B0302B6B1B68C4F84E
:10F7D800B430D4F8B40009F03DFE2B6B1B68C3F8B5
:10F7E8002C802B6B9B69C3F82C80D5F818A0BAF134
:10F7F800000F07D1D4F8A4300993D4F8B0305B894E
:10F80800534520D894F89C30C4E9004463B10023E0
:10F818000293314B204601933523304A03940093D9
:10F8280004F1080109F031FFAB69002B7FF411AF37
:10F838000421284609F068FF074600283FF409AF6D
:10F8480026E04B467CE74846D4F8A4100AF025F891
:10F858000746E0B1D8F800100890411AD8F8080017
:10F868000022814228BF4FF0FF31D4F8A43040462F
:10F8780009F089FC009701230022D4F8B00008A9F8
:10F8880009F027FD074618B90AF1010AB5E7144F30
:10F89800284609F032FF3E46DBE6114ED9E66FF006
:10F8A8001506D6E62DF8FFFFC5F50000899701007B
:10F8B8006F980100C198010085F30000419701008D
:10F8C80035F30000E5F2000060EA010066EA010095
:10F8D800D9F400002F970100AD9701006CEA0100F0
:10F8E8002EF8FFFFF0B505460E46174687B0074AC3
:10F8F80003AC07CA84E807000C9A314600922846F0
:10F908003A460194FFF79AFE07B0F0BD24AC010017
:10F9180010B5436904463BB90020E2684042537879
:10F9280043F00103537010BD98470028F4D000F14C
:10F93800FF03FE2B08D906490648212206F097FE48
:10F948002121034806F08AFEE36840421870E4E784
:10F958006FEA010086B40100F7B504460D46EFF3DF
:10F968001187202383F31288BFF36F8F1F4A04285F
:10F97800966898BF1E4B127C94BF53F820301D4BDD
:10F988000092452102461C4807F0F0F83DB1EB69AA
:10F99800C3F308031BB14521184807F0E7F836B14F
:10F9A80030460AF050F9034608B1027802B9144B00
:10F9B80032464521134807F0D9F829462046FDF775
:10F9C80033FE042C08D110491048872206F04FFE58
:10F9D80087210D4806F042FE87F31188BFF36F8F29
:10F9E800304603B0BDE8F040F3F78CBFEC210020AF
:10F9F80044B2010092EA0100A0EA0100CDEA010048
:10FA0800C3C90100F3EA010010EB010086B401004C
:10FA180038B50A4B53F82040013053F82050A5421E
:10FA280000D838BD606830B1037EDB0701D4FFF72A
:10FA38006FFF0834F3E723689847FAE758B20100E4
:10FA4800012270B5334B86B003201A70FFF7E0FF30
:10FA5800F4F71AFE0AF0E5F90420FFF7D9FF2E4C57
:10FA68002E4DAC42264624D92D4944222D4806F075
:10FA7800FEFD44212A4806F0F1FD54F80C3C05939C
:10FA880054F8103C049354F8143C039354F8183C6D
:10FA9800029354F81C3C019354F8203C009354E919
:10FAA8000A2354E90C0101F05FFC54F8303C5E6510
:10FAB800D7E7AE4204F13004DFD302F005F8164C64
:10FAC800AC421BD916496822164806F0D0FD6821B9
:10FAD800D0E7D4E90A23B3F1FF3F08BFB2F1FF3FF3
:10FAE80005D052EA0301206803D102F0E5F9303469
:10FAF800E6E70D49183002F001FDF8E7E9D302F016
:10FB080035F8F1F711F9094A938923F00103938134
:10FB180006B070BDAB2B0020DCA90100DCA90100F8
:10FB28007CEB010086B40100E917010018130020DE
:10FB3800882370B5134E012203FB0066002386B0AC
:10FB4800CDE904230F220193CDE9023214234FF4A7
:10FB5800A0720D4D0D4903FB0055044602FB001130
:10FB68000B4B3046009501F0FFFB337C2C7423F0DF
:10FB780004033374074B013403EBC423EE606B605A
:10FB880006B070BD90120020EC210020B84800207B
:10FB9800B5FF0000B84000207FB50020FFF738FF10
:10FBA800314B03F5006282F3088883F30A88E02367
:10FBB8002E4C84F822300023E37723766376A376ED
:10FBC80084F82030626A42F4E022626284F82330CA
:10FBD800F3F73AFDF3F780FE4FF0FF33A362E362D9
:10FBE800F4F790F8F3F7F8FE214801F053FC214BA5
:10FBF800214A93420AD921492148CC2206F037FDEF
:10FC0800CC211E4806F02AFD1C33F2E7FCD3F4F79A
:10FC18000FFD0120FFF7FCFE02201A4CFFF7F8FE4B
:10FC280002F034F8184B00255C61184B4FF4006261
:10FC3800059301231649CDE903532046154BCDE919
:10FC48000155009501F090FB0646237C204623F0E1
:10FC58000403237401F090FD2846FFF769FF31463D
:10FC680020460C4AF3F718FEB840002000ED00E0EB
:10FC780048140020B8A60100B4A701007CEB0100DD
:10FC880086B4010018130020EC2100209DEB010030
:10FC9800F849002049FA000038B50B4C0B4DAC422E
:10FCA8000FD90B490B48252206F0E1FC252108480D
:10FCB80006F0D4FC2046D4E9011209F0E3FE18341A
:10FCC800EDE7F7D3002038BD8C050020A4050020FF
:10FCD800A5EB010086B40100F8B504460E4600F114
:10FCE8001405EFF31187202383F31288BFF36F8F76
:10FCF800284602F0A9FB40B916498422164806F0A6
:10FD0800B6FC8421134806F0A9FC284602F0C0FB83
:10FD180020463146F1F78EFE04F10C0001F080FF19
:10FD280028B139462846BDE8F84009F0D0BF284632
:10FD380002F098FB40B907494FF49972064806F05B
:10FD480096FC4FF49971DDE787F31188BFF36F8F45
:10FD5800F8BD00BF03BC010086B4010038B50C4CE7
:10FD68000C4DAC420ED90C490C48A22206F07FFC7F
:10FD7800A221094806F072FC204609F08DFE20B940
:10FD88002034EEE7F8D3002038BD6FF01500FBE70C
:10FD98002C0500208C050020C7EB010086B401006B
:10FDA8002DE9F74305460E4691461C4600F1080723
:10FDB800EFF31188202383F31288BFF36F8F38463F
:10FDC80002F042FB38B92B4984222B4806F04FFC3D
:10FDD8008421284822E0384602F05AFB2B69FBB1FF
:10FDE80033601C68EB692C610133EB6114B96A69F3
:10FDF80093421BD0EB68E41A09D4D5E905235A438A
:10FE0800A24204D9B4FBF3F203FB124474B11B49B8
:10FE18001948F72206F02BFCF721184806F01EFCBB
:10FE280059EA04020FD16FF00B043360384602F030
:10FE380019FBC8B90F494FF499720F4806F017FC1F
:10FE48004FF49971C5E7CDE900942A4641463846F2
:10FE580001F0FCFC044618B9094B9B685B693360E8
:10FE6800204603B0BDE8F08388F31188BFF36F8F95
:10FE7800F6E700BF03BC010086B40100C7EB010030
:10FE8800EC2100202DE9F843C3680546CB1A0E463D
:10FE98001ED4D0E905125143994219D9B3FBF2F1A6
:10FEA80002FB1133A3B900F10808EFF311892024EC
:10FEB80084F31288BFF36F8F404602F0C5FA90B9F9
:10FEC80036498422364806F0D2FB8421334808E0BC
:10FED8003449334840F21F1206F0C9FB40F21F11A3
:10FEE800304806F0BBFB404602F0D2FA2F69002FDB
:10FEF8003AD1EFF3118384F31288BFF36F8F83F342
:10FF08001188BFF36F8F3BB92749BB22244806F0FD
:10FF1800AEFBBB212448E4E72C68A54224D01CB3DF
:10FF2800A36833B92049A4221D4806F0A0FBA421E8
:10FF3800F0E7D4E9003213605A60237CC4E9007703
:10FF480023F002032374A76004F1180002F098FB61
:10FF58002046C4F88070666101F00EFC49464046B0
:10FF6800BDE8F84309F0B3BE2B6940463360EB693E
:10FF78002E61013BEB6102F075FA40B907494FF475
:10FF88009972074806F073FB4FF499719EE789F35D
:10FF98001188BFF36F8FBDE8F88300BF03BC010071
:10FFA80086B40100C7EB0100ECEB010008B50C4B6F
:10FFB8009B6893F90E30002B09DB2024EFF31183A3
:10FFC80084F31288BFF36F8F06F08BFEF6E70549BE
:10FFD80005481C2206F04BFB1C21024806F03EFB9C
:10FFE800EC21002017EC010086B401002DE9F34153
:08FFF800044617461E46EFF314
:020000021000EC
:10000000058545B14D494E48732206F034FB7321F6
:100010004A4806F027FBEFF31188202383F3128868
:10002000BFF36F8F474802F013FA38B9464984226C
:10003000434806F020FB84214348EAE7414802F0A8
:100040002BFA424BE2689B6892B1A068984222D09A
:1000500057EA060227D13B4802F008FA90B188F32C
:100060001188BFF36F8F6FF00F0002B0BDE8F08111
:1000700093F90E100132C4E902323248216102F0D4
:10008000F5F950B930494FF499722D4806F0F3FA5A
:100090004FF49971D0E72169ECE788F31188BFF339
:1000A0006F8F0020E1E793F90E1090F90E3099421E
:1000B00005DA9942A8BF194609F022FD05462246F5
:1000C0004146CDE900761F4801F0C4FB0028E8D086
:1000D000EFF31186202383F31288BFF36F8F194843
:1000E00002F0B6F90028A1D0164802F0D5F9A068B0
:1000F000C0B1236821699C420AD04BB193F90E30FC
:100100009942A8BF19466FF07F039942B8BF1946BC
:1001100009F0F6FC30B131460A4809F0DCFD6FF019
:100120000A00A2E7002DF6D1064802F09FF9002848
:10013000A8D086F31188BFF36F8FF0E738EC010089
:1001400086B401000C22002003BC0100EC21002039
:10015000F8B50546EFF3058343B14B49EA224B4816
:1001600006F089FAEA21484806F07CFA8368002BF9
:1001700000F08480464A9268934240F08280C368CF
:1001800043B941494FF48172404806F074FA4FF484
:100190008171E8E7012B03D0013BC3600020F8BD6B
:1001A000EFF31187202484F31288BFF36F8F39484F
:1001B00002F04EF938B938498422344806F05BFA27
:1001C00084213548D0E7334802F066F92969A868E8
:1001D00009F096FCEFF3118384F31288BFF36F8F5D
:1001E00083F31188BFF36F8F3BB92C49BB2227489B
:1001F00006F041FABB212948B6E72C68AC420FD182
:1002000000232448C5E9023302F030F988BB2249B3
:100210004FF499721D4806F02EFA4FF49971D0E709
:10022000002CEDD0A36833B91C49A422174806F06E
:1002300022FAA421DFE70026D4E9003213605A60D5
:10024000237CC4E9006623F002032374A66004F152
:10025000180002F019FAAC6094F90E3020462B61B8
:10026000C4F8806001F08CFA39460A4809F033FD81
:1002700094E787F31188BFF36F8F8FE76FF0150056
:100280008DE74FF0FF308AE738EC010086B40100BB
:10029000EC2100200C22002003BC0100ECEB01004B
:1002A00008B5836843B90B490B48A42206F0E3F96B
:1002B000A421084806F0D6F9D0E9003213605A604C
:1002C0000023027CC0E9003322F002020274836042
:1002D00008BD00BFECEB010086B401002DE9F0473A
:1002E00004460D4691469A469DF8206000F10807A5
:1002F000EFF31188202383F31288BFF36F8F384602
:1003000002F0A6F838B944498422444806F0B3F90B
:100310008421414817E0384602F0BEF806B165680E
:10032000EFF31183202282F31288BFF36F8F83F3E0
:100330001188BFF36F8F43B939493848BB2206F0A3
:100340009AF9BB21364806F08DF9234653F80C6F15
:100350009E4216D0AEB100243046FFF7A1FF06F151
:10036000180002F091F93046C6F88040C6F81490A3
:1003700001F006FA4146384609F0ADFC2046BDE8DA
:10038000F087BAF1000F14D0082002F01DFC0028FD
:100390003AD00122C0F804900260016801F0030124
:1003A0005DB922680A430260626820606AB96060D1
:1003B0000BE04846C9F800A0EFE72A68032A18D8DE
:1003C0000160616879B9C4E900000024384602F090
:1003D0004DF8E0B910494FF49972104806F04BF906
:1003E0004FF4997195E70A6802F0030202430A602C
:1003F000DDE722F003020A4302602A6802F00302EA
:1004000040EA02032B60E0E76FF00B04DEE788F3BD
:100410001188BFF36F8FB1E703BC010086B4010000
:10042000ECEB01002DE9F743054690461F4600F12D
:100430000806EFF31189202383F31288BFF36F8F2F
:10044000304602F005F840B921498422214806F0DF
:1004500012F984211E4806F005F9304602F01CF816
:100460002C68E4B123686A6823F00303944208BF50
:100470006B602B6023689B0704D06568204609F0F9
:10048000CDFC2C46304601F0F1FFC0B910494FF4C5
:100490009972104806F0EFF84FF49971DAE758EACC
:1004A0000703EFD049463046CDE9008705F10C023D
:1004B00001F0D0F938B9084B9B685C6903E089F317
:1004C0001188BFF36F8F204603B0BDE8F08300BFF3
:1004D00003BC010086B40100EC21002070B5044685
:1004E00000F10805EFF31186202383F31288BFF390
:1004F0006F8F284601F0ACFF40B9124984221248A0
:1005000006F0B9F884210F4806F0ACF8284601F04F
:10051000C3FF24681CB123689B0718BF6468284682
:1005200001F0A4FF40B907494FF49972064806F05C
:10053000A2F84FF49971E6E786F31188BFF36F8F45
:10054000204670BD03BC010086B4010008B5836875
:1005500043B90B490B48A42206F08DF8A4210848A2
:1005600006F080F8D0E9003213605A600023027C64
:10057000C0E9003322F002020274836008BD00BFAC
:10058000ECEB010086B4010070B50446EFF3118670
:10059000202585F31288BFF36F8F294801F058FF9B
:1005A00038B928498422284806F065F8842125486E
:1005B00014E0234801F070FFEFF3118385F31288F4
:1005C000BFF36F8F83F31188BFF36F8F43B91F4958
:1005D0001D48BB2206F04FF8BB211C4806F042F82C
:1005E0002568AC4213D095B12846FFF7AFFF05F15F
:1005F000180002F049F800232846C5F8803001F0C1
:10060000BFF83146BDE870400D4809F064BBD4E93D
:1006100002329A4218BF01330948A36001F026FF55
:1006200040B908494FF49972074806F024F84FF48E
:100630009971BCE786F31188BFF36F8F70BD00BF5F
:100640001022002003BC010086B40100ECEB010085
:10065000F7B5044616461D46EFF305835BB152EA33
:10066000050308D026492748882206F004F8882187
:10067000234805F0F7FFEFF31187202383F3128857
:10068000BFF36F8F204801F0E3FE38B91F49842281
:100690001C4805F0F0FF84211C48EAE71A4801F0E5
:1006A000FBFEA368ABB1013B1748A36001F0DEFE7F
:1006B00040B916494FF49972124805F0DCFF4FF427
:1006C0009971E9E787F31188BFF36F8F002003B0BA
:1006D000F0BD56EA05030BD10B4801F0C7FE002818
:1006E000E7D087F31188BFF36F8F6FF00F00EEE74D
:1006F00022463946CDE90065034801F0ABF8E6E74C
:100700005AEC010086B401001022002003BC010055
:1007100007B5074B4FF48062009306494FF0FF3353
:10072000054800F049FB002003B05DF804FB00BF62
:1007300070B20100F8510020A01300202DE9FF4104
:100740000446734EEFF31187202383F31288BFF31F
:100750006F8F704801F07CFE40B96F4984226F486A
:1007600005F089FF84216C4805F07CFF694801F0A1
:1007700093FED4F88C50F5B9022104F1A40009F0DD
:10078000F8F900283BD004F19C05002201212846FD
:1007900001F0E8FC0028F8D100234FF0FF3202936B
:1007A0004FF0FF333946CDE900235A4804F1940253
:1007B00001F024FDC6E7D4F890202B68954208BFCD
:1007C000C4F89030C4F88C30D4F8A430514843F0C9
:1007D0000203C4F8A430EB68D5F8048023F00403C6
:1007E00043F00103EB6001F041FED0B94A494FF4F8
:1007F00099724A4805F03FFF4FF49971B3E7D4F876
:10080000A430DD06C8D5C4F8A400424801F02EFE8D
:100810000028EBD087F31188BFF36F8F04B0BDE8D9
:10082000F08187F31188BFF36F8FB8F1000F09D102
:100830003B493A4840F2F32205F01DFF40F2F32114
:10084000374891E72846C047EFF31187202383F309
:100850001288BFF36F8F2F4801F0FAFD00283FF494
:100860007CAF2C4801F018FEEB68D90623F001029A
:1008700036D4EA60EB689A0716D5306823F0020395
:10088000EB6088B10022036870B141688D4235D1B8
:1008900003686ABB72683360904200D173600023C2
:1008A00040F8083BFFF770FED4F8A43023F00203B1
:1008B000C4F8A430DB0529D4D4F88C50003D18BF0F
:1008C0000125144801F0D2FD00288FD087F311884C
:1008D000BFF36F8F002D3FF435AF01F0E3F931E73F
:1008E00023F01103EB6005F11000FFF74DFEC1E7A7
:1008F00013607368984208BF7260D0E702461BB16C
:10090000196818460B46BFE71946FAE70025D8E7ED
:10091000142200201C22002003BC010086B4010028
:1009200083EC010070B5C3680546C3F340069B071E
:100930000C460DD50122002104F1080009F00DF943
:1009400000232360054B65605A681AB9C3E9004467
:10095000304670BD14605C60FAE700BF14220020CE
:10096000F8B5C36804469A070E46C3F340054ED453
:100970005F074ED40B680BB983680B60E368D80738
:1009800035D5A36853B92449244840F2571205F0DD
:1009900072FE40F25711204805F064FE02253360D4
:1009A000376867B31E4B9A68D7F888309A4220D1CF
:1009B00009F044F980F00100C0B2D7F8A430D9079B
:1009C000C3F380021ED502B308B300232360D7F817
:1009D000903083B9C7E92344384609F0E5F8E36865
:1009E00043F00403E3603368A3602846F8BD0125A3
:1009F000D6E70020E1E71C60C7F89040ECE76FF015
:100A0000150506E06FF0120503E01B07DDD56FF05A
:100A10000F0500233360E8E783EC010086B4010092
:100A2000EC21002073B50446EFF31185202383F3F6
:100A30001288BFF36F8F1D4801F00AFD40B91C49B1
:100A400084221C4805F017FE8421194805F00AFE8F
:100A5000164801F021FD00230193D4E90423B3F1EA
:100A6000004F08BF012A0CD0104801F0FFFCB8B9B4
:100A70000F494FF499720F4805F0FDFD4FF499713D
:100A8000E3E70321201FA4F1100609F072F8002803
:100A9000EAD0A369304601A90193FFF761FFE3E7BC
:100AA00085F31188BFF36F8F02B070BD1C22002048
:100AB00003BC010086B4010038B50D46044640B9B8
:100AC0000B499C220B4805F0D6FD9C21084805F0F7
:100AD000C9FD31B906499D22064805F0CCFD9D218E
:100AE000F4E71022002109F0D1FC656038BD00BF99
:100AF00083EC010086B40100F8B5C368064603F034
:100B00000503002B0C4614BF0127002728D0856859
:100B100055B91C491C4840F2C11205F0ACFD40F229
:100B2000C111184805F09EFD0122002104F11000BA
:100B300009F013F820461549FFF7BEFFE36843F0BC
:100B40001003E360F3685B0712D5336823606BB969
:100B5000D5F8903033B9C5E92344284609F024F884
:100B60003846F8BD1C60C5F89040F6E73460F4E7FD
:100B7000D5F88C302360D5F89030C5F88C40002B28
:100B8000EBD1F0E783EC010086B40100899B010002
:100B900038B50446EFF31185202383F31288BFF3A1
:100BA0006F8F134801F054FC40B912498422124857
:100BB00005F061FD84210F4805F054FD0C4801F05B
:100BC0006BFCE4680A4804F01F0401F04FFC40B9D4
:100BD00008494FF49972084805F04DFD4FF499719A
:100BE000E9E785F31188BFF36F8F204638BD00BF5A
:100BF0001C22002003BC010086B4010037B50C465E
:100C0000019051B9224940F27D12224805F033FD8E
:100C100040F27D111E4805F025FD4B6843B91C4983
:100C20004FF4BF721B4805F026FD4FF4BF71F1E78A
:100C3000EFF31185202383F31288BFF36F8F1648DB
:100C400001F006FC38B915498422124805F013FD5D
:100C500084211248DFE7104801F01EFC204601A95C
:100C6000FFF77EFE04460C4801F000FC40B90B493A
:100C70004FF49972074805F0FEFC4FF49971E8E7CC
:100C800085F31188BFF36F8F204603B030BD00BFDE
:100C900083EC010086B401001C22002003BC01008B
:100CA0000146014808F0BABFA013002070B50C46F9
:100CB000054650B9314940F2CD12314805F0DBFC10
:100CC00040F2CD112D4805F0CDFCC368DB0508D5F9
:100CD0002A494FF4E7722A4805F0CDFC4FF4E7713A
:100CE000F0E708F0ABFF40B1244940F2CF122448AE
:100CF00005F0C1FC40F2CF11E4E744B91F494FF4BD
:100D0000E8721F4805F0B7FC4FF4E871DAE7EFF33B
:100D10001186202383F31288BFF36F8F194801F0E7
:100D200097FB38B918498422154805F0A4FC8421A2
:100D30001548C8E7134801F0AFFB28462146FFF7E6
:100D4000DBFE05460F4801F091FB40B90E494FF418
:100D500099720B4805F08FFC4FF49971E8E786F320
:100D60001188BFF36F8F3DB14FF0FF324FF0FF336B
:100D700004F11000FFF76CFC284670BD83EC010005
:100D800086B401001C22002003BC010008B550B944
:100D90000749084840F2263205F06DFC40F2263142
:100DA000034805F05FFCA822002109F06FFB08BD95
:100DB00083EC010086B40100F0B589B004460E9DB5
:100DC00050B92D4940F253322C4805F054FC40F202
:100DD0005331294805F046FC41B927494FF4557273
:100DE000264805F048FC4FF45571F2E7D0F8A4000E
:100DF00010F0010008D0204940F255321F4805F09C
:100E00003AFC40F25531E4E7C4E9230004F19400D0
:100E1000C4E9250004F19C00C4E9270055B32879F2
:100E2000002840F2011008BF0120C4F8A4000020EF
:100E30004FF0FF364FF0FF37CDE90330CDE9010029
:100E4000CDE9066720460E4B009400F0E9FA55B153
:100E5000296811B1204608F0F7FE6B791BB1A38910
:100E600043F00103A381204601F02AF8C4F888402A
:100E700009B0F0BD0120D8E783EC010086B4010081
:100E80003D0701007FB50D46044650B9314940F297
:100E90008632314805F0EFFB40F286312D4805F0EF
:100EA000E1FB08F0CBFE40B12A4940F287322A48E4
:100EB00005F0E1FB40F28731F0E7EFF311862023E4
:100EC00083F31288BFF36F8F244801F0C1FA38B959
:100ED00023498422204805F0CEFB84212048DEE708
:100EE0001E4801F0D9FAD4F8A43013F0060F10D13F
:100EF0003DBBD4F88C506DB9184801F0B7FA18BB57
:100F000017494FF49972144805F0B5FB4FF49971E5
:100F1000E4E7B5B943F004032046C4F8A43008F070
:100F200043FE00234FF0FF3202934FF0FF33314670
:100F3000CDE90023094804F19C0201F05FF904B0F7
:100F400070BD43F00C03E7E786F31188BFF36F8FA2
:100F50002846F4E783EC010086B401001C2200203F
:100F600003BC010038B50D46044650B90E4940F2A5
:100F70000F420E4805F07FFB40F20F410A4805F092
:100F800071FB41B908494FF48262084805F073FBD0
:100F90004FF48261F2E73022002109F077FA4FF432
:100FA00080736560E36038BD83EC010086B40100A6
:100FB00038B5044650B91B491B484FF4846205F00C
:100FC0005AFB4FF48461174805F04CFBEFF3118591
:100FD000202383F31288BFF36F8F144801F038FA8F
:100FE00038B913498422104805F045FB8421104884
:100FF000EAE70E4801F050FAE4680C4804F01F04D8
:1010000001F034FA40B90A494FF49972064805F0E4
:1010100032FB4FF49971EAE785F31188BFF36F8FC4
:10102000204638BD83EC010086B401001C2200205C
:1010300003BC0100F7B50C4616461D46019050B999
:101040002D4940F286422D4805F015FB40F28641BD
:10105000294805F007FB41B9274940F28742274854
:1010600005F009FB40F28741F2E7EFF311872023F7
:1010700083F31288BFF36F8F214801F0E9F938B983
:10108000204984221D4805F0F6FA84211D48E0E736
:101090001B4801F001FAE36813F01E0F22D155EA54
:1010A000060211D1204601A9FFF75AFC0446144854
:1010B00001F0DCF9C0B913494FF499720F4805F0FB
:1010C000DAFA4FF49971E1E743F00803E360019B1A
:1010D00004F11000A36232462B460B4901F012FACC
:1010E0000124E4E70024E2E787F31188BFF36F8F60
:1010F000204603B0F0BD00BF83EC010086B40100C0
:101100001C22002003BC0100250A01000146014801
:10111000FFF790BFA0130020F7B50C4616461D46FA
:10112000019050B92C4940F2A9422C4805F0A3FA8D
:1011300040F2A941284805F095FA41B9264940F204
:10114000AA42264805F097FA40F2AA41F2E7EFF3E7
:101150001187202383F31288BFF36F8F204801F09B
:1011600077F938B91F4984221C4805F084FA842194
:101170001C48E0E71A4801F08FF9204608F005FD09
:1011800055EA060311D1204601A9FFF7E9FB044601
:10119000134801F06BF9B8B912494FF499720F482E
:1011A00005F069FA4FF49971E2E7E36804F1100081
:1011B00043F00803E360019B3246A3620A492B46D1
:1011C00001F0A0F90124E3E787F31188BFF36F8FE3
:1011D000204603B0F0BD00BF83EC010086B40100DF
:1011E0001C22002003BC0100250A01000146014821
:1011F000FFF792BFA013002038B5044650B91D492F
:101200001D4840F2CB4205F036FA40F2CB41194876
:1012100005F028FAEFF31185202383F31288BFF33A
:101220006F8F164801F014F938B915498422124815
:1012300005F021FA84211248EAE7104801F02CF960
:10124000204608F0A2FC204608F0B5FC04460B48F6
:1012500001F00CF940B90A494FF49972064805F0BB
:101260000AFA4FF49971E6E785F31188BFF36F8F9F
:10127000204638BD83EC010086B401001C2200200A
:1012800003BC01002DE9F0410E46054650B9344932
:1012900040F2DC42334805F0EEF940F2DC413048E0
:1012A00005F0E0F941B92E4940F2DD422D4805F044
:1012B000E2F940F2DD41F2E708F0C0FC044640B13B
:1012C000274940F2DE42274805F0D5F940F2DE41D9
:1012D000E5E7EFF31188202383F31288BFF36F8FC4
:1012E000214801F0B5F838B9204984221D4805F09D
:1012F000C2F984211D48D3E71B4801F0CDF8EB6803
:1013000003F01F03002B14BF012700270AD0284633
:1013100008F03BFC284608F04EFC31462846FFF713
:1013200001FB0446104801F0A1F840B90F494FF401
:1013300099720C4805F09FF94FF49971DAE788F338
:101340001188BFF36F8F3CB14FF0FF324FF0FF3386
:1013500006F10800FFF77CF93846BDE8F08100BFD0
:1013600083EC010086B401001C22002003BC0100B4
:101370002DE9F04385B098460F9B04460F2B0E468F
:1013800037D12349884538D104F15801C4E91611F1
:1013900010990027A1810421073222F0070506EBEE
:1013A00005092174A37349462046C4E90677A7605E
:1013B000E773F1F7FBFE0E9B073020F00700206774
:1013C000C4E91A6502930D9BA9EB000901930C9BDC
:1013D0004A460093314643462046F2F745FA0D4B04
:1013E00067659B6803B15B6F4846636705B0BDE8FE
:1013F000F08303F110011E29C6D90749074840F2BE
:101400004B2205F038F940F24B21034805F02AF948
:10141000B5FF0000EC210020A4EC010086B401001F
:10142000F0B587B00446DDE91276EFF3058555B1D6
:101430001749184840F2173205F01DF940F21731EC
:10144000134805F00FF90595109D04950F9D039520
:101450000E9D02950D9D01950C9D0095FFF788FF4F
:10146000B6F1FF3F08BFB7F1FF3F05D056EA0703CB
:1014700005D1204600F024FD204607B0F0BD3A46D5
:10148000334604F11800044901F03CF8F4E700BFCA
:10149000A4EC010086B40100E9170100012310B596
:1014A0000374838100230446C0E91A3301F086FBEC
:1014B000014B9C6010BD00BFEC21002070B590F97D
:1014C0001020037C002A44DBD90642D163F07F035D
:1014D0000374244B984208D123492448522205F032
:1014E000CAF85221204805F0BDF8214C224652F896
:1014F000183FE169934207D1C0E900210860E0612B
:101500000FE08B42F8D01B68002BF5D093F90E60EA
:1015100090F90E50AE42F4DD5968C0E90031086020
:101520005860A569954200D005B9E568A3683BB944
:1015300010490E48EA2205F09EF8EA210D48D2E74C
:101540001A7CD20606D1DA897F2A03D9AA690AB998
:10155000636170BDAB4202D0284600F005FF6561B3
:10156000F7E700BF90120020C7EC010086B401002D
:10157000EC210020E9EC010038B590F9102001467B
:10158000002A037C19DA1F4A03F07F039042037498
:1015900008D11D495A221D4805F06DF85A211A48F4
:1015A00005F060F8DC0706D517495B22174805F0FF
:1015B00062F85B21F3E708F04CFB154D2A4652F820
:1015C000184FAB68944200D004B9EC688B4210D03D
:1015D0003BB910490D48EA2205F04DF8EA210D48C3
:1015E000DEE71A7CD20604D1DA897F2A01D9A26902
:1015F0002AB1A34202D0204600F0B6FE23466B611A
:1016000038BD00BF90120020C7EC010086B4010075
:10161000EC210020E9EC010008B5114A936860B1A3
:10162000197C11F0090F08D10E490F48D92205F095
:1016300022F8D9210B4805F015F86FF00A01C3F81C
:1016400080100A49D8674B6843F080534B600023F1
:1016500083F31188BFF36F8F9368D3F8800008BDC0
:10166000EC21002015ED010086B4010000ED00E042
:1016700038B503460C46D1B9EFF30585BDB9154A17
:1016800051699268914212D000F0F0FE50B91249AF
:1016900040F26D12114804F0EEFF40F26D110E4859
:1016A00004F0E0FF2846BDE83840FFF7B5BF184614
:1016B00000F0DCFE40B908494FF49972074804F085
:1016C000DAFF4FF49971EAE784F31188BFF36F8F63
:1016D00038BD00BFEC21002003BC010086B401002E
:1016E00008B5836843B909490948A42204F0C3FF37
:1016F000A421064804F0B6FF08F0ABFA037C23F0FF
:10170000020303740023836008BD00BFECEB0100FB
:1017100086B4010038B5184CA168E0690B688142B5
:1017200014BF1A46002249680B605960A368E1693A
:101730002AB9124AC3E900210B60E3610AE092F979
:101740000E5093F90E00854212DD5168C3E9002165
:101750000B605360A569094B9D4200D005B9E5684F
:10176000A3689D4202D0284600F0FEFD656138BDA9
:101770008A42DED01268DBE7EC2100200422002040
:1017800038B50446EFF31185202383F31288BFF3A5
:101790006F8F124800F05CFE40B911498422114855
:1017A00004F069FF84210E4804F05CFF0B4800F050
:1017B00073FE2046FFF782FE084800F057FE40B94E
:1017C00007494FF49972074804F055FF4FF4997197
:1017D000E9E785F31188BFF36F8F38BD2022002021
:1017E00003BC010086B4010038B5A0F11804EFF382
:1017F0001185202383F31288BFF36F8F124800F006
:1018000027FE40B911498422114804F034FF842195
:101810000E4804F027FF0C4800F03EFE204608F07A
:1018200046FA094800F022FE40B908494FF499727F
:10183000074804F020FF4FF49971E9E785F3118818
:10184000BFF36F8F38BD00BF2022002003BC010012
:1018500086B401002DE9F047DFF8B0A02C4F164602
:10186000DDE90898DAF808202A4BB84204460D460C
:101870001A600AD12849294840F2B92204F0FBFE37
:1018800040F2B921244804F0EDFEEFF31183202348
:1018900083F31288BFF36F8F384600F0D9FD38B953
:1018A0001F4984221D4804F0E6FE84211C48EAE713
:1018B000384600F0F1FDDAF808703146384608F095
:1018C000D0F9B8F1FF3F08BFB9F1FF3F06D04A4653
:1018D0004346144907F1180000F014FE204600F0BA
:1018E000C5FD40B90E4940F26D120C4804F0C3FE2C
:1018F00040F26D11DAE7064800F0B8FD0028F1D09B
:101900002846BDE8F047FFF787BE00BFEC21002066
:101910002022002024220020C7EC010086B4010010
:1019200003BC0100E91701002DE9F04104460D4612
:10193000EFF31187202383F31288BFF36F8F53488F
:1019400000F086FD38B952498422524804F093FED3
:1019500084214F4817E04D4800F09EFD237C03F0A2
:101960001F02002A0CBF012600265BD103F07F0373
:101970002374494B9C4208D148495A22454804F0F7
:101980007AFE5A21454804F06DFE204608F061F9C0
:10199000237C6DB243F08003DA07A573237406D568
:1019A0003E4953223B4804F066FE5321EAE7DFF844
:1019B000F080424652F8183FD8F81C10934208D1E4
:1019C000C4E900210C60C8F81C400DE08B42F7D040
:1019D0001B68002BF4D093F90E00A842F6DD59687D
:1019E000C4E900310C605C60D8F81840944200D023
:1019F0000CB9D8F80C40D8F808309C4202D02046E8
:101A000000F0B2FCC8F81440204800F02FFD002878
:101A100034D11F494FF499721E4804F02CFE4FF444
:101A2000997196E79B0727D5A16839B91D491948CF
:101A3000A42204F020FEA4211A48A4E720466DB297
:101A400008F007F9A5730B68994209D14B68C4E9FE
:101A500000131C604C60D7E74A689342F6D01B68BD
:101A6000002BF3D093F90E20AA42F5DD5A68C4E9A1
:101A7000003214605C60C7E7A573C5E787F311887F
:101A8000BFF36F8F3046BDE8F08100BF20220020F9
:101A900003BC010086B4010090120020C7EC0100D5
:101AA000EC210020ECEB0100034648B9EFF305827E
:101AB00032B9064A51699268914201D0FFF7ACBD34
:101AC00083F31188BFF36F8F704700BFEC210020B4
:101AD00010B5EFF31184202383F31288BFF36F8FC7
:101AE0001F4800F0B5FC38B91E4984221E4804F096
:101AF000C2FD84211B480EE0194800F0CDFCEFF335
:101B0000058353B1194940F23B32174804F0B3FD45
:101B100040F23B31154804F0A5FD154B9A68D37B84
:101B2000012B08D111494FF44F720F4804F0A3FD67
:101B30004FF44F71EEE7013BD373094800F096FC78
:101B400040B908494FF49972074804F094FD4FF4E6
:101B50009971CFE784F31188BFF36F8F10BD00BF79
:101B60002022002003BC010086B40100C7EC010064
:101B7000EC21002070B5EFF31186202383F3128847
:101B8000BFF36F8F234800F063FC40B9224923481C
:101B9000842204F070FD84211F4804F063FD204D71
:101BA0001C4800F079FCAB68DA7B4AB91D4940F269
:101BB0004D321A4804F05FFD40F24D311948ECE710
:101BC000EFF3058141B1174940F24E32134804F05A
:101BD00052FD40F24E31F1E70132DA732A4652F8F3
:101BE000184F944200D004B9EC681A7CD20604D194
:101BF000DA897F2A01D9A2692AB19C4202D0204603
:101C000000F0B2FB23466B613146BDE870400148ED
:101C1000FFF72EBD2022002003BC010086B4010086
:101C2000EC210020C7EC010038B50446EFF3118524
:101C3000202383F31288BFF36F8F134800F008FC52
:101C400040B912498422124804F015FD84210F483E
:101C500004F008FD0C4800F01FFC204608F03DF899
:101C60000446094800F002FC40B908494FF4997253
:101C7000074804F000FD4FF49971E8E785F31188F7
:101C8000BFF36F8F204638BD2022002003BC010027
:101C900086B40100024B03F11802C3E90622704723
:101CA000EC21002070B5EFF3058353B13149324880
:101CB0004FF4906204F0DFFC4FF490612D4804F083
:101CC000D1FCEFF31186202383F31288BFF36F8FCB
:101CD0002A4800F0BDFB38B929498422264804F07F
:101CE000CAFC84212648EAE7264C244800F0D4FBAD
:101CF000A168E0690B68814214BF1A460022496856
:101D00000B605960A368E1692AB91F4AC3E9002141
:101D10000B60E3610AE092F90E5093F90E008542E0
:101D20001EDD5168C3E900210B605360A569164BA5
:101D30009D4200D005B9E568A3689D4202D02846BF
:101D400000F012FB0D48656100F090FB60B90C4992
:101D500040F26D12084804F08EFC40F26D11C1E7AC
:101D60008A42D2D01268CFE73046BDE87040FFF714
:101D700053BC00BFC7EC010086B401002022002044
:101D800003BC0100EC210020042200202DE9F041D9
:101D900006460C46EFF3058757B12D492D484FF401
:101DA000936204F068FC4FF49361294804F05AFCF4
:101DB00050EA010304D1FFF775FF0020BDE8F08170
:101DC000EFF31188202383F31288BFF36F8F22482B
:101DD00000F03EFB38B9214984221E4804F04BFC38
:101DE00084211E48E2E71E4D1B4800F055FBA86801
:101DF0001C4B1860FFF7C0FBA868234632461A49FF
:101E0000183000F07FFBAA680446137C124843F0A8
:101E10000403137400F02AFB40B9104940F26D121C
:101E20000C4804F028FC40F26D11DAE74046FFF759
:101E3000F3FBAB68D3E90A23B3F1004F08BFBA4202
:101E4000BBD107F078FF201A20EAE070B6E700BFA8
:101E5000C7EC010086B401002022002003BC010071
:101E6000EC21002024220020E917010070B506466D
:101E70000D46EFF3058454B10F49104840F2C642B5
:101E800004F0F9FB40F2C6410B4804F0EBFBFFF70E
:101E90007DFFB5F1FF3F08BFB6F1FF3F1FBF47F61B
:101EA000FF734FF47A72E0FB0234D80B0CBF4FF093
:101EB000FF3040EA444070BDC7EC010086B4010029
:101EC00038B50446EFF31185202383F31288BFF35E
:101ED0006F8F1B4800F0BCFA40B91A4984221A4897
:101EE00004F0C9FB8421174804F0BCFB144800F03F
:101EF000D3FA237C5B0710D504F1180000F0C4FB73
:101F0000237C204623F004032374FFF7D7FA2946E5
:101F1000BDE838400A48FFF7ABBB094800F0A6FA15
:101F200040B908494FF49972074804F0A4FB4FF4F4
:101F30009971D8E785F31188BFF36F8F38BD00BF63
:101F40002022002003BC010086B40100014B9868E8
:101F5000704700BFEC2100202DE9F8430446878933
:101F6000EFF31185202383F31288BFF36F8F754839
:101F700000F06EFA40B974498422744804F07BFB87
:101F80008421714804F06EFB6E4800F085FA237CD2
:101F9000180712D56B4800F069FA40B96A494FF446
:101FA00099726A4804F067FB4FF49971E9E785F389
:101FB0001188BFF36F8FBDE8F883D90943F0080299
:101FC0007DD12274A36813B12046FFF789FB04F189
:101FD000180000F059FBA66D04F15808B04511D067
:101FE0004FF0000976B13046FFF77AFB06F1180092
:101FF00000F04AFB3046C6F88090FFF75FFAA66D06
:10200000B045EFD1DFF84881D8F808309C4273D151
:10201000EFF30589B9F1000918BF4FF00109D8F8AD
:1020200018604C4A964200D00EB9D8F80C60B34202
:1020300002D0304600F098F92046C8F8146004F049
:102040004AFEB9F1000F02D04348FFF727FAD8F84B
:1020500008309C425FD1EFF30586002E5BD1A38947
:10206000DA071FD5374800F001FA002896D085F32B
:102070001188BFF36F8F86F31188BFF36F8F04232E
:10208000184602DFEFF31185202383F31288BFF394
:102090006F8F2C4800F0DCF900283FF46CAF294822
:1020A00000F0FAF9274800F0E1F940BB264940F278
:1020B0006D12264804F0DFFA40F26D1161E7274AFD
:1020C00003F07F0343F008039442237407D12449AB
:1020D0005A221E4804F0CFFA5A21214852E7D90764
:1020E00006D51F495B22194804F0C5FA5B21F4E7C5
:1020F000204607F0AEFD65E74FF000098FE7284660
:10210000FFF78AFA16494FF4EE72104804F0B3FA5A
:102110004FF4EE71E1E70B4800F0A8F900283FF416
:102120003DAF85F31188BFF36F8FFB077FF543AF9A
:102130000B4940F2A252054804F09DFA40F2A25128
:10214000CBE700BF2022002003BC010086B40100C1
:10215000EC210020042200204814002090120020CE
:10216000C7EC01002DE9F843064688461746EFF311
:102170001189202383F31288BFF36F8F1C4800F06E
:1021800067F9054640B91B4984221B4804F073FADD
:102190008421184804F066FA154800F07DF9346887
:1021A000A6421AD0DCB12046C4F880806761FFF7F0
:1021B00097FA04F1180000F067FA2046FFF77EF95D
:1021C0000B4800F053F960B90A494FF499720A4874
:1021D00004F051FA4FF49971DBE70025F0E725464A
:1021E000EEE789F31188BFF36F8F2846BDE8F883C7
:1021F0002022002003BC010086B40100D3B5DDE934
:102200000667089CCDE90067FFF724FB1CB1034B70
:102210009B685B69236002B0D0BD00BFEC21002049
:102220002DE9F0470546884616461F46EFF311890B
:10223000202383F31288BFF36F8F234800F008F93F
:1022400040B922498422224804F015FA84211F480B
:1022500004F008FA1C4800F01FF92868854208D0ED
:1022600038B16B6898420CBF4FF0000AD0F800A05C
:1022700088B9002416B139462046B047124800F00C
:10228000F5F8D0B911494FF49972114804F0F3F9F7
:102290004FF49971DBE73946C04704460028E9D17D
:1022A000BAF1000F07D06B68534501D0DAF800404F
:1022B0005046A246DCE75446FAE789F31188BFF39B
:1022C0006F8F2046BDE8F0872022002003BC01006C
:1022D00086B40100027C034612F01F0210D10A49A5
:1022E00088420DD00949086868B1D9897F2909D881
:1022F00093F90E20064B1B689A42B8BF0020704726
:102300000020704710467047901200207004002093
:102310002822002008B568B10E4B98420AD303F179
:102320001802904206D21822C01AB0FBF2F302FB48
:10233000130343B1084909483F2204F09CF93F21A7
:10234000054804F08FF90122054BC0105843054B96
:102350001A5408BDD01400203FED010086B40100DE
:10236000ABAAAAAAAC2B002070B50C4B0C4D1E7C5E
:10237000FFF7B0FF182303FB06550446284600F07C
:1023800083F90022074B9A553CB1621E2846BDE8EE
:1023900070400549D31700F0B5B870BDEC2100209E
:1023A000D0140020AC2B00201523010038B5EFF32A
:1023B0001185202383F31288BFF36F8F1E4800F02E
:1023C00047F840B91D4984221D4804F054F984217E
:1023D0001A4804F047F9184800F05EF8194B1A4AF9
:1023E0009C681068A0420ED1FFF7BEFF124800F0B3
:1023F0003DF8D8B911494FF49972114804F03BF9EE
:102400004FF49971E4E700211B7C11600F4AD35C03
:10241000002BEBD02046FFF75DFF0028E6D0237CA1
:10242000DB0601D1FFF776F92046DDE785F3118859
:10243000BFF36F8F38BD00BF2022002003BC010016
:1024400086B40100EC21002024220020AC2B0020C7
:10245000006838B1044B00F003001B7CC01A18BFA1
:102460000120704701207047EC2100200023026802
:102470000360EFF30581074B986811B1017CC90730
:1024800005D41B7C1843831A5842584170470120D9
:10249000704700BFEC210020024B1A7C9B6813435D
:1024A00003607047EC210020024B1868984208BF77
:1024B0000020704774040020034B1B680BB9FBF726
:1024C00095B80020704700BF2C22002030B570B1B5
:1024D0000B4B5B6898420AD0036843B1D3E90421EF
:1024E000D0E90445121941EB0501C3E90421D0E903
:1024F000003213605A600023C0E9003330BD00BFD2
:1025000074040020B3F1FF3F08BFB2F1FF3F2DE993
:10251000F84F04469B4615461F4600F0A480D0F8AD
:102520000090B9F1000F08D050495148642204F0DE
:10253000A2F864214D4804F095F88160EFF311880A
:10254000202383F31288BFF36F8F4A48FFF780FF81
:10255000824638B948498422454804F08CF88421E1
:102560004548E8E74348FFF797FFBBF1000F434AB0
:102570001FDBFFF7A1FF064601354BF1000B3F4A79
:102580002D184BEBE073D2E90017C4E904536D1822
:1025900043EB0707FFF788FF0346DFF8E4E0DEF8C8
:1025A0000490EBB9C4E900E9C9F80040CEF8044052
:1025B00028E06FF00103D2E900125B1A4FF0FF31FF
:1025C00061EB02025B1B62EB0B02012B72F100015B
:1025D000BCBF01234A464FF0000AC4E90432D9E7E0
:1025E000D3E9041CD4E904208A4270EB0C0B29DAED
:1025F000891A5A686CEB0000C3E90410C4E9003280
:1026000014605C60FFF750FF84420ED11D4B1B68C5
:102610005BB9BAF1000F02D1FFF74EFF0646304614
:1026200007F072FB0021FAF7BBFF1248FFF71EFF0D
:1026300088B911494FF499720D4804F01CF84FF411
:1026400099718DE7521A60EB0C004B45C4E90420E8
:10265000A8D01B68A5E788F31188BFF36F8F2846C1
:102660003946BDE8F88F00252F46F8E767ED0100F1
:1026700086B401003022002003BC0100E8140020D1
:10268000740400202C22002070B50446EFF311865C
:10269000202383F31288BFF36F8F2548FFF7D8FEFE
:1026A00040B924498422244803F0E5FF84212148CD
:1026B00003F0D8FF1E48FFF7EFFE236813B3FFF7C0
:1026C000F3FE05462046FFF701FF00224FF00043CE
:1026D000A542C4E904230DD000241548FFF7C6FE27
:1026E000F8B914494FF49972134803F0C4FF4FF43A
:1026F0009971DCE7FFF7E0FE07F006FB0021FAF72F
:102700004FFFE9E7D4E90423B3F1004F08BF012AE2
:1027100004D100224FF00043C4E904236FF01504F4
:10272000DBE786F31188BFF36F8F204670BD00BFD3
:102730003022002003BC010086B401002DE9F047DF
:10274000DFF8F0900246C9F80000FFF7ADFE8846BA
:10275000044600260027DFF8E0A04FEAE27CDAE931
:10276000001354B1D4E90450AA427CEB000E1EDAE7
:10277000AD1A60EB0C00C4E904500024521843EB7E
:102780000C032046CAE90023C9F8004007F0BCFA50
:102790002146FAF705FF2948FFF768FED0B188F314
:1027A0001188BFF36F8FBDE8F047FFF7FFBD6918D1
:1027B00043EBE5732046C4E90467CAE90013FFF759
:1027C00085FE01224FF000431C48C4E90423FFF7B3
:1027D0004DFE50B91A494FF499721A4803F04BFF55
:1027E0004FF49971164803F03DFF88F31188BFF349
:1027F0006F8F2046A3689847EFF31188202383F357
:102800001288BFF36F8F0D48FFF722FE30B90C49D5
:1028100084220C4803F02FFF8421E3E70748FFF7E9
:102820003BFED9F80020521BC9F80020FFF73CFE00
:10283000044692E72C220020E814002030220020D9
:1028400003BC010086B4010010B5EFF3118420230E
:1028500083F31288BFF36F8F0848FFF7F9FD40B983
:1028600007490848842203F006FF8421044803F046
:10287000F9FE0248FFF710FE204610BD302200206E
:1028800003BC010086B4010070B5EFF3118620236C
:1028900083F31288BFF36F8F1548FFF7D9FD40B956
:1028A00014498422144803F0E6FE8421114803F001
:1028B000D9FE0F48FFF7F0FDFFF7FEFD0F4AD2E902
:1028C0000045041945EBE0750948FFF7CFFD40B915
:1028D00008494FF49972084803F0CDFE4FF49971FE
:1028E000E4E786F31188BFF36F8F2046294670BD59
:1028F0003022002003BC010086B40100E81400204F
:102900002DE9F74305460C46914600F10C06EFF31E
:102910001188202383F31288BFF36F8F3046FFF7AF
:1029200097FD40B913491448842203F0A4FE842182
:10293000104803F097FE3046FFF7AEFDAB6828461F
:102940005C4004EA090203EA0907534000220093AD
:102950000A496B460192FFF763FCDDE9003223EA86
:10296000020330464146AB6007F0B5F9384603B084
:10297000BDE8F08303BC010086B40100CB9D0100DB
:102980002DE9F04F85B00F46DDE90E1B04461646D3
:10299000EFF305836BB151EA0B030AD039493A488A
:1029A00040F2211203F067FE40F22111354803F096
:1029B00059FE0291002F4CD006F001030393FFF75C
:1029C000C5FA04F10C098046EFF3118A202383F342
:1029D0001288BFF36F8F4846FFF73AFD029938B966
:1029E0002A498422284803F046FE84212748DEE74E
:1029F00048460291FFF750FD16F0020F1CBF00235E
:102A0000A360A36806F00102029903EA070592B1E8
:102A1000AF4212D1720744BFAB43A3604846FFF7F1
:102A200025FDC0B919494FF49972174803F023FEE8
:102A30004FF49971DAE7002DECD151EA0B0312D172
:102A40004846FFF713FD0028ECD08AF31188BFF346
:102A50006F8F002503E08AF31188BFF36F8F28463C
:102A600005B0BDE8F08FC8E918762246CDE9001B15
:102A700048465146FEF7EEFE0028EAD1D8F86050ED
:102A8000EDE700BF8BED010086B4010003BC01003F
:102A900008B5EFF3058343B1064907483A2203F02E
:102AA000EAFD3A21034803F0DDFDC0E90233C0E945
:102AB000000008BD8BED010086B401002DE9F84F40
:102AC0004F1E0F4206460D469A4607D0254918224A
:102AD000254803F0D0FD1821224817E0141D3ED2EE
:102AE00041F0040B00F11408EFF31189202383F364
:102AF0001288BFF36F8F4046FFF7AAFC40B91B490D
:102B00008422194803F0B7FD8421184803F0AAFD78
:102B10004046FFF7C1FC224659463046D04704469E
:102B20004046FFF7A3FC40B910494FF499720E4894
:102B300003F0A1FD4FF49971E7E789F31188BFF322
:102B40006F8F64B1204640F8046B4DB1384207D016
:102B500004493522044803F08EFD3521BCE70020EE
:102B6000BDE8F88FAEED010086B4010003BC0100A2
:102B70002DE9F04105460E46174607F05FF828B9E3
:102B8000074B9B685C6F14B9BDE8F081054C3B4670
:102B9000324629462046BDE8F041FFF78FBF00BF0F
:102BA000EC2100208C05002002460021014B024848
:102BB000FFF784BF416601008C050020014B43678D
:102BC000704700BF8C0500200146024A0020FFF735
:102BD000CFBF00BF4166010001680E4A0346914223
:102BE00015D1C169A2F11022A2F1EF1291420ED1CA
:102BF0008268012A0BD8C26812B101698A4206D0E4
:102C0000586928B19B691B1A5842584170470120E6
:102C1000704700BF55AA00FF70B50E4B9E68B6B155
:102C20003046FFF7D9FF044618B9F3687BB9356918
:102C30000DB9204670BD2846FFF7CEFF28B9EB68D6
:102C4000B34204D12E462D69F2E70446F1E7012490
:102C5000EFE700BF342200202DE9F041404D064649
:102C60006869884600F04CF918B100242046BDE898
:102C7000F0812C68DCB1AC68CCB1002E6AD0B8F120
:102C8000000F69D008FB06F7B7FBF6F6B04565D133
:102C9000391D63D8BA0710D027F003020432EC685C
:102CA00003E0616891420AD2A469002CF9D16869F5
:102CB00000F030F90028D9D0D7E73A46EFE7D4F84A
:102CC00008C0BCF1000F02D0012007F0E7FB891A11
:102CD000232904F120061CD80123A360D4E905238D
:102CE000AAB19361A3690BB162695A610023C4E977
:102CF00005332B69DB0703D5FFF78EFF0028E3D1EF
:102D00003A4600213046344607F0C0FBCFE7EB607F
:102D1000E8E702F1200023182039C3E9011CDC6038
:102D20002169DFF840C0196144F800C00E48D8613D
:102D300001B1CB6061695961A069986141B18B6152
:102D4000996901B14B6101212361C4E90121CDE7FA
:102D5000EB60F5E73446AAE74446A8E70446A6E751
:102D60003422002055AA00FF669911EE70B5424E3C
:102D70000546706900F0C4F800287BD1002D5FD0B3
:102D80003368002B5CD0B268002A59D09D4203D32F
:102D9000726813449D4202D3012007F07FFBA5F126
:102DA00020042046FFF718FF0028F5D155F8183CFD
:102DB000012BF1D155F8143C45F8180CC3B19A68B1
:102DC000002A42D155F81C2C02F120015A680A440D
:102DD0005A6055E905321A6155F8145C2B6903B144
:102DE000DD6020462022002107F050FB23462C46C0
:102DF0002069002836D08268002A33D1636842688F
:102E000020331344636003692361D4E90523F2B9D5
:102E100023BB436963618269A2610BB39C61A369AF
:102E200003B15C61236903B1DC602022002107F05B
:102E30002DFB33699B0703D5FFF7EEFE0028ABD1CE
:102E40007069BDE8704000F065B80023D0E7936179
:102E5000A369002BDDD062695A61DAE7F360F7E716
:102E6000F460DCE7002BE4D1F368A36103B15C619B
:102E7000F460DEE770BD00BF3422002070B50C4660
:102E8000164E142200210546304607F0FFFA14487A
:102E9000706100F02DF81349134800F051F8232C0D
:102EA0001BD915F003031FBF043CE418C3F104034E
:102EB000ED1822460021284607F0E8FAC6E900543A
:102EC000203CB5606C60B368084A1A60B368A2F130
:102ED0001022A2F1EF12DA61F36070BD34220020FB
:102EE000602100206D2D0100592C010055AA00FF22
:102EF000024B1B6803B11847704700BFA0040020B5
:102F0000034B9B6803B118476FF01D00704700BF6B
:102F1000A0040020034BDB6803B118476FF01D00CD
:102F2000704700BFA0040020014B1B68184700BF7A
:102F300080040020014B1B68184700BF7C04002060
:102F4000024B1860024B002019607047800400207B
:102F50007C04002010B50A46044619B1024B00213A
:102F60001B68984710BD00BF7CB201000E4B0340A8
:102F7000B3F1607F06D1B1F5885F0CBF00206FF020
:102F800086007047B3F1707F0BD101F4E043B3F5D5
:102F9000005F06D111F4E06F14BF00206FF08600CF
:102FA00070476FF0860070470000C07F8A42F8B516
:102FB00006460D4600F00A8101F0FE41B1F1C06FF6
:102FC00061D1884C22F4FF7121F00101A14222F06D
:102FD000FF0014D004F58854A04210D022F47F766C
:102FE00026F00306A4F57064A64208D004F5A06498
:102FF000A04204D004F57454A14240F0EB80D1B259
:10300000784E19B922F48061B14224D125F4FF74BD
:1030100024F00104B44225F0FF0112D0724EB142F7
:103020000FD025F47F7727F00307A6F57066B74227
:1030300007D006F5A066B14203D006F57456B44237
:1030400009D115F0FF0406D0684E44F00074B44274
:1030500004BF02460D468BB122F4FF7323F0010337
:10306000B3F1062F06D0624B22F4FF6121F0070175
:10307000994203D122F4807225F48075954214BFE1
:1030800000200120F8BDB1F1A06F16D102F0FE437F
:10309000B3F1A06F40F0888082EA050333F47E1319
:1030A00040F0828028047FD5C5F30540C2F3054275
:1030B00090428CBF00200120E4E74E4B9D4209D195
:1030C000A3F500439A4200F081804B4B22F47E101E
:1030D0009842D4E7B1F1407F60D102F0FE43B3F1F2
:1030E000407F5BD182EA050030F47E1456D1314630
:1030F0002846FFF73BFF00286AD1404912F47C17AD
:1031000001EA020113D0B1F1607FC2F3054333D16C
:10311000D1B241F0007101F17E410339122901D889
:103120003748445C15F47C1F2DD19C42A7E7B1F1D0
:10313000607F0AD1D3B243F0007303F17E43033BB7
:10314000122B4BD82F49CB5CE2E7B1F1707F17D13E
:1031500006F4E043B3F5005F42D10123C6F3022138
:103160008B4006F4E041B1F5005FDBD10120C6F3EE
:10317000022600FA06F4D5E7B1F1707FD2D1F0E76C
:1031800000242346CEE71FB9C5F30541A1421DD057
:10319000290403D5C5F3054098428AE71A4B9D429E
:1031A00002D1B2F1082F6AE725F0004323F47F0330
:1031B000B3F1106F0CD102F0FE43B3F1106F07D1E1
:1031C0001248104040F01060A84258E7012059E72B
:1031D000002057E7002B7FF446AF4FE7002397E727
:1031E0000023BEE70002000600130006FF000002F5
:1031F000004000060093C004000140050000C07FAD
:10320000B3EE0100B3EE01000002C0030000FFF6C0
:1032100070B505460F480E46FFF772FE044618B11A
:103220006FF08F04204670BD6B6933602B7F012BDC
:103230000ABF022330602B77064818BF6FF0960450
:10324000FFF768FE0028EDD0002CE9D06FF096045F
:10325000E8E700BF8421002038B50C4C0C48FFF78C
:103260004FFE65780A48FFF755FE0A48FFF748FE0B
:10327000022D08D12478E31F5C425C410548FFF72A
:1032800049FE204638BD0024F8E700BF4C2200204C
:103290006C210020782100202DE9F0478946154651
:1032A0001C4600F0BBFB0646002851D1D9F800703F
:1032B000B7F800A00AF4E043B3F5804FBB6808BF3D
:1032C00025F0010535EA03033AD1002C40D0B5F5CD
:1032D000006F40D0A5F5005255425541284A24F4CC
:1032E000FF7323F00103934213D0264924F0FF0219
:1032F0008A420ED024F47F7020F00300A1F57061A3
:10330000884206D001F5A0618A4202D01E4A93424B
:1033100023D114F0FF0304D01C4A43F000739342FE
:1033200022D02B4622465046F968FFF73FFE8046E2
:1033300070B92B46224650463969FFF737FEE0B98F
:103340006FF0840600233846C9F8003000F09EFB79
:103350003046BDE8F0870125C0E704F0FE43B3F135
:10336000407F04D12304DCD56FF08606EAE7B3F191
:10337000A06FF7D0054B9C42D2E74646E8E700BF76
:10338000000200060013000600460006FF000002CF
:1033900038B500F0FE43B3F1407F04460D4602D03D
:1033A0006FF0860038BDFFF7E1FD0028F8D114F476
:1033B0007C1F18D0C4F30543032B137022D9224A73
:1033C0002240B2F1607F31D1E4B244F0007404F1E4
:1033D0007E44033C122CE3D81C4A125D9342DFD892
:1033E000142BDFD90EE0184B2340B3F1607F0FD1CF
:1033F000E3B243F0007303F17E43033B122B04D985
:10340000002313706FF08500CCE71149CB5CD3E744
:10341000B3F1707FF4D101F4E043B3F5005FEFD175
:103420000123C1F302218B40DBB2C5E7B2F1707F0B
:10343000B6D105F4E042B2F5005FB1D10122C5F387
:103440000225AA40CAE700BF0000C07FB3EE01001A
:10345000B3EE01002DE9F3414768D0F8148004462B
:1034600038460E4606F092FE0546E8B9FFB22FB97F
:10347000B8F1000F05D06FF0860515E0B8F1000F28
:10348000F9D0A36823F0031323F47F43002BF2D178
:103490004FF6F87362889A4228D816482779FFF7C2
:1034A0002FFD28B16FF08F05284602B0BDE8F081EE
:1034B00007B901A8314600F061FA05460D48FFF74B
:1034C00029FD10B1002DEFD1ECE7002DECD10FCC90
:1034D000D6F800C066460FC694E8070086E80700E5
:1034E000002FE1D1019BCCF81430DDE76FF08505AA
:1034F000DAE700BF8421002010B5044650B1064829
:10350000FFF7FEFC204606F076FDBDE810400248BD
:10351000FFF700BD10BD00BF8421002013B5044695
:1035200010B301A900F07AFA0446E8B91D48FFF784
:10353000E7FC58B10024019806F013FE002818BFDC
:1035400004461848FFF7E6FC70B10AE00198037FD3
:10355000032B11D106F005FE04461248FFF7DAFCF2
:1035600028B10CB96FF08F04204602B010BD002CBA
:1035700008BF6FF08704F7E7022B0DD10323037711
:103580004368DAB2FF2A0AD01B0AD3D0D0E9091265
:1035900006F06FFE0446CEE76FF09604CBE76FF0BF
:1035A0008404C8E7842100202DE9F04190461E469E
:1035B000002288B0038805460F460592CDF81C808E
:1035C0003260B8F1000F65D0B8F1005F80F0A180E3
:1035D00023F0FF03B3F5E24F02D0B3F5824F25D1BC
:1035E000284606F030FC0446002840F08680EB6850
:1035F00083B16A8872B12B8803F44F41B1F5824FD1
:1036000002D0B1F5884F05D1DBB2222B36D02CD8B1
:10361000122B38D03A46002308EB070112F8010BB1
:103620008A4243EA0003F9D1002B33D0284605A98A
:10363000FFF710FF0446A0B9059B9B6A6BB3059B7F
:1036400039465A882846069206AA029203F12802B1
:1036500001929A6A00925B6A424606F0A6FD044611
:1036600080B30598FFF748FF47E0273BDBB21B2BF1
:10367000D0D8294921FA03F3DB07CBD50732B8EBC1
:10368000D20FC7D206E040F209239A42F6D1B8F130
:10369000400FBFD86FF086042FE06B681B0A07D17C
:1036A0000799059806F067FC04460028C7D0D8E7BC
:1036B00042463946284607AB06F072FD044600280C
:1036C000EED0CEE70599069B4A88D2B94B804FF6DB
:1036D000F873069A9A4219D82B88059813B1028874
:1036E0009A4210D16B8813B142889A420BD131466D
:1036F000FFF78EFD04460028B3D1204608B0BDE890
:10370000F0819A42E3D06FF08604AAE76FF0850457
:10371000A7E76FF08504F0E70102000C38B5044616
:103720000D46FFF799FD30B12A462146BDE83840E5
:10373000024806F08BBD6FF0880038BD5022002093
:1037400010B51B4C1B48FFF7DBFB2378590744BF20
:1037500003F0FB0323709A0705D500F0F5F82378F2
:1037600023F0020323701348FFF7D4FB1248FFF73E
:10377000C7FB637813B1114806F079FD00230421DB
:103780000E486370FFF7E6FB0B48FFF7C3FB0948E1
:10379000FFF7B6FB2378DB0705D506F000FD23789D
:1037A00023F0010323700348BDE81040FFF7B2BBCC
:1037B0004C220020782100206C2100205022002083
:1037C00070B5FFF749FD10B10024204670BD3448A4
:1037D000FFF796FB044620B16FF08F04FFF7B0FFB0
:1037E000F3E7304D2B789E0706D400F0A5F8044689
:1037F0002B7843F002032B702948FFF78BFB10B1A5
:10380000002CE9D0EAE7002CE8D12548FFF778FB47
:1038100004460028E0D12B78D80706D406F0BDFC7A
:1038200004462B7843F001032B701D48FFF772FB11
:103830000028E5D1002CD1D11948FFF761FB002801
:10384000CAD117482E78FFF765FB0028C4D1164867
:10385000FFF756FB04460028BED16B783BB9F10751
:1038600005D5124806F0F0FC022304466B700E48A2
:10387000FFF750FB0028C3D1002CAFD10848FFF759
:103880003FFB0028A8D12B7805485A075CBF43F0BE
:1038900004032B70FFF73EFB002895D09CE700BF88
:1038A000782100204C2200206C2100205022002092
:1038B00000F140420F2A30B50CD82C241C4B04FBDD
:1038C00002331A7F022A02D15A69824224D06FF051
:1038D0008B001AE06FF04043441E9C420ED2144A03
:1038E00000241346157F022D02D15569854210D060
:1038F0000134102C02F12C02F4D1E8E70D4BA2F5B3
:1039000080529A42EBD96FF0870030BD6FF096007D
:10391000FBE72C2202FB04331A7F022AF6D11A6A33
:10392000501CF3D001321A6200200B60EDE700BF9B
:1039300054220020FFDFFF3F0122024B002083F8CA
:10394000C0227047542200202DE9F0410A4C002586
:1039500026464FF0010803272046C4F82080277729
:10396000013506F048FB102D04F12C04F4D100239E
:1039700086F8C032BDE8F08154220020F8B5244D0D
:10398000064624480F46FFF7BBFA95F8C042214887
:10399000FFF7C0FA002C34D000242B462246197FB2
:1039A000F9B13CB9022905D1196A19B91979002967
:1039B00018BF1C460132102A03F12C03EFD114B9B1
:1039C0006FF08C000BE0237F022B04D1236A5A1C7A
:1039D0001CBF01332362204606F00DFB10B100240A
:1039E0000DE01C46237F7BB90123237736B10A4BB8
:1039F000651BAD105D4305F18045356000203C60DE
:103A0000F8BD6FF08800EAE76FF09600E7E700BFC7
:103A10005422002078210020A38B2EBA002370B5F9
:103A20000B60044616480D46FFF76AFA154B14481A
:103A300093F8C062FFF76EFAFEB11348FFF760FA21
:103A4000064618B16FF08F04204670BD2046294607
:103A5000FFF72EFF10F18C0F044607D00A48FFF73E
:103A600059FA0028F0D0002CEED1EBE706482E6082
:103A7000FFF750FA6FF08704E6E76FF08804E3E79A
:103A800078210020542200208421002010B5044613
:103A90000848FFF735FA40B9204606F062FB0446B5
:103AA0000448FFF737FA10B10CB96FF08F042046C5
:103AB00010BD00BF84210020F7B5089E0D4FF5B260
:103AC000044645F000754868BD424FEA10200AD010
:103AD00060B9009604F1080000F054F808B91C23FE
:103AE000236003B0F0BD6FF08500FAE76FF0860049
:103AF000F7E700BF05000002F7B5089E0D4FF5B2CD
:103B0000044645F000754868BD424FEA10200AD0CF
:103B100060B9009604F1080006F056FC08B91C23B1
:103B2000236003B0F0BD6FF08500FAE76FF0860008
:103B3000F7E700BF050000027FB50024C0F8484148
:103B40000F4C0546009406F03BFB044698B9102242
:103B500003AB05F59C76019328463346009205F5A4
:103B6000947106F040FB044628B9304606F084FB09
:103B7000204604B070BD284606F041FBF8E700BFC0
:103B8000004440042DE9F0411E46069B1746154AA5
:103B900023F47E13934204460D461BD10B88B3F5E4
:103BA000105F17D1A6F11002102A17D80E4BD34080
:103BB000DB0713D54FF4A672002106F067FC022341
:103BC00084F84C313A46334629462046BDE8F04158
:103BD000FFF7B2BF6FF08500BDE8F0816FF086009F
:103BE000FAE700BF0002C0030101010073B50C46F3
:103BF00011461A4623880546B3F5105F069E19D173
:103C0000A2F11004102C12D80C4BE340DB070ED5A8
:103C10000B4B9E420ED100242346009400F038F84E
:103C2000204685F81C41C5F8186102B070BD6FF0E0
:103C30008600FAE76FF08500F7E700BF0101010099
:103C4000004440042DE9F04116461F46D0F81821E3
:103C50000E4B05469A42884611D1314600F038F89D
:103C6000069B044698420DD83346284642463946BC
:103C700000F03CF80020079B1C60BDE8F0816FF06D
:103C80008500FAE76FF08900F7E700BF00444004C1
:103C9000F8B5069F04461D4661B11646AFB9ECF76C
:103CA0005BFC002384F8116184F8127184F81031F0
:103CB00084F8133145B11022294604F1F00006F0D2
:103CC000BFFB012384F81331F8BDECF7D9FDE8E719
:103CD00051B190F8103190F812210B4402F001021A
:103CE0009B1A23F00F00704708467047002B00F026
:103CF00081802DE9F04F1D4690F8109190F8123117
:103D000089B003F00106C9F1100A029306EB0A0319
:103D1000AB420446934600F2C280884600F58077A5
:103D2000BAF1000F40F0AD80029B002B63D194F8F4
:103D3000133104F1F009002B40F0BE8022463946D1
:103D4000484694F81131ECF7B3FA0F2D40F2DC80BD
:103D5000DA464646A5F11003039323F00F03103310
:103D60004344019394F8133163B3102351464A46F8
:103D70003846ECF7A9FD10224946304606F060FBB4
:103D800094F81131224639464846ECF791FA019BE6
:103D90001036B3420AF1100AE4D1039B08F110086F
:103DA00023F00F0115F00F05884440F08C80494640
:103DB000029B84F810311022404606F041FB09B006
:103DC000BDE8F08F51461022384606F039FB10222C
:103DD0004946304606F034FB94F811312246394604
:103DE0004846ECF765FA019B10369E420AF1100A2C
:103DF000B8D1D2E7704794F811312246394604A869
:103E0000ECF7ECFB94F81331002B6ED11036B54271
:103E100032D304F1F00906E0103DB54208F1100874
:103E20000BF1100B28D310225946384606F008FB38
:103E3000102240460DEB020106F002FB94F811310E
:103E40002246394604A8ECF7C9FB94F81331002B3D
:103E5000E2D010230DEB030108464A46ECF734FD8F
:103E6000103D10223946484606F0EAFAB54208F1FC
:103E700010080BF1100BD6D27DBB84F8105104A9A9
:103E800099E75946524607EB090006F0D9FA029B1A
:103E9000103DD3444D44002B3FF449AFABE700F550
:103EA0008070114648442A4606F0CAFAA94484F8AC
:103EB000109109B0BDE8F08F10234A4639463846C4
:103EC000ECF702FD3AE70BF1100B594438462A464D
:103ED00006F0B6FAEBB2029369E7594638462A462D
:103EE00006F0AEFA84F81051C9E7102304F1F00986
:103EF0000DEB03014A460846ECF7E6FC1022484663
:103F0000394606F09DFA81E7002D3FF450AF59463F
:103F1000DCE700BF10B50C4C236813B10B4B1B68DA
:103F20002BB900F041FF30B90122084B1A60012380
:103F30002360002010BD0138072801D9044810BDB6
:103F4000044B53F8200010BD1C250020182500202C
:103F5000FE8FFFFF80B20100BFF34F8F0549064B74
:103F6000CA6802F4E0621343CB60BFF34F8F00BF17
:103F7000FDE700BF00ED00E00400FA0530B44FF0AB
:103F8000FE3200250B4B0C4C0C494968C3F8002449
:103F9000C3F80424C3F80824C3F80C24C3F810247D
:103FA000C3F81424C3F81824C3F81C24C4F800551B
:103FB00030BC0847005084500040845084040020E6
:103FC000024BD0E90012C3E90012704784040020BC
:103FD0000B4670B58CB006461446202103AA04A8EF
:103FE0001D4600F0B7F9002835D1039B202B32D1B4
:103FF0004FF0FF31194800F08BFF40BB002000F06C
:10400000B7FF00BB00942B46202206F1100004A944
:1040100000F096FC0446012000F0AAFF78B90F4892
:1040200000F07EFF38B9B4B9202104A800F04EFF9B
:1040300020460CB070BD0A48FFF7A0FFF3E709481F
:10404000FFF79CFFEBE70748FFF798FFDAE7044824
:10405000FFF794FFD2E7044CEAE700BF1005002009
:10406000A0B20100B8B20100FE8FFFFFF0B5044618
:104070000E4615468FB0002859D03E4B02689A4232
:1040800064D00DB1002969D027464FF4A07138469D
:1040900000F01CFF202106A805AA00F05BF900280B
:1040A0005FD1059B202B5CD14FF0FF31324800F0EF
:1040B0002FFF70BB002000F05BFF30BB0023029598
:1040C0002022019606A907F11000009300F0DAFA09
:1040D0000546012000F04CFF98B9274800F020FF6A
:1040E00058B9002D41D1202106A800F0EFFE214B48
:1040F0003B609CB128460FB0F0BD2048FFF73EFF63
:10410000EFE71F48FFF73AFFE7E71D48FFF736FFE5
:10411000D4E71A48FFF732FFCCE70025194800F032
:10412000FFFE0028E6D01548FFF728FFE2E74FF032
:10413000FF31144800F0ECFE60B9134B0D4A1B68C8
:104140009342EAD005B196B10F4F9EE7002528466D
:104150000FB0F0BD0948FFF711FFEEE76FF4E0453F
:10416000C8E7202106A800F0B1FE084DC1E76FF4B2
:10417000E045D3E7A5BCC95A10050020A0B2010054
:10418000B8B20100FC04002020250020FE8FFFFFB4
:104190002DE9F04F83B0002B00F0C7801D460023AF
:1041A0000446884617462B608AB1002900F0BD807E
:1041B000002800F085805E4B02689A4244D1B7F532
:1041C000806F0AD95B4E304603B0BDE8F08F0028FF
:1041D00076D0574B02689A4236D1A146D9F8383189
:1041E0001BB1D9F83020934235D94FF0FF315248F6
:1041F00000F08EFE00287CD1002000F0B9FE0028DF
:1042000073D1002309F1100A4FEAC70B4246594601
:104210005046009300F09AFA0646012000F0A8FEEE
:1042200000285ED1444800F07BFE002855D11F2EA7
:104230001AD076B92F6044B9404800F071FE20B121
:104240003F48FFF79BFE00E03E4E304603B0BDE81E
:10425000F08F3D4EEFE7002248461146FFF7B8FECB
:1042600006460028C1D0E6E7002248461146FFF77F
:10427000AFFE06460028DED14FF0FF312E4800F099
:1042800047FE00284DD1002000F072FE002844D1E6
:104290000023424659465046009300F057FA06461E
:1042A000012000F065FE002833D1234800F038FEDD
:1042B0000028BED02248FFF761FE002EBAD0C8E722
:1042C0004FF0FF311D4800F023FED8B91F4B1A688C
:1042D000174B9A4211D01B4EAEE71948FFF74EFE1E
:1042E000A5E71B48FFF74AFE9CE71948FFF746FE83
:1042F00087E71348FFF742FE7EE7B7F5806F05D9E1
:104300000C4E99E70E48FFF739FEDFE7DFF83C90E7
:1043100064E70F48FFF732FEC7E70D48FFF72EFEB0
:10432000B6E70748FFF72AFEADE76FF4E0468CE7F3
:10433000A5BCC95ADE8FFFFF10050020FC04002039
:10434000A0B20100E88FFFFFFE8FFFFF20250020B5
:10435000B8B201002DE9F047DFF89CA080460D4679
:10436000DAF800004FF0FF31914600F0D1FDA8BB14
:10437000002000F0FDFD68BBC5B100261F4F0AE01C
:10438000182D2C4628BF18243946224600F09CFDE3
:104390002D1B26440BD01821384600F027FB03467E
:1043A00008EB0600002BEBD0154C03E02E46002452
:1043B000C9F800601148182100F088FD012000F0C4
:1043C000D7FDA8B9DAF8000000F0AAFD50B92046E0
:1043D000BDE8F0870B48FFF7D1FDCDE70A48FFF7AE
:1043E000CDFDC5E70848FFF7C9FD2046BDE8F087C9
:1043F0000448FFF7C3FDE5E7000500206026002024
:10440000FE8FFFFFB8B20100A0B2010010B5044654
:1044100050B1636813F0685F05D0064A934202D03A
:1044200000236260236010BD034B04485B6898471B
:10443000EFE700BF2C5F5CA984040020D8B2010024
:10444000C8B143680D4A934213D013F0685F0ED091
:10445000012350E8002F194640E8001C9CF0000F93
:10446000F7D1012AF5D0BFF35F8F002070470448D1
:104470007047044870476FF4E04070472C5F5CA9B8
:10448000E98FFFFFEA8FFFFF034680B142680949C9
:104490008A420AD012F0685F05D0BFF35F8F002216
:1044A00010461A60704704487047044870476FF41C
:1044B000E04070472C5F5CA9E98FFFFFEA8FFFFFA8
:1044C00010B5044620B10023034A2360626010BD8A
:1044D0000248FFF753FDF6E73A00003A00B3010047
:1044E00070B5184CD0F804C00568C4F804C0D0F802
:1044F00008C0C068C4F808C0E06025600868124BB6
:10450000124A18604868586088689860C8680969E5
:10451000D8601961536813F0685F05D000230C4917
:10452000104651601360A8470A48436813F0685F5B
:1045300007D0002206492368C0E90021BDE8704089
:10454000184770BDA00400208C040020C004002087
:104550002C5F5CA9B80400202DE9F047044684B024
:10456000A64694F81FC015464FF01008002294F894
:104570001E90637F0CF1010A09EB1A2994F81CC004
:1045800003EB19230CEB132C6377E37E84F81CC038
:1045900003EB1C2394F81AC0E3760CEB132C637E18
:1045A00084F81AC003EB1C2394F818C063760CEB54
:1045B000132CE37D84F818C003EB1C2394F816C079
:1045C000E3750CEB132C637D84F816C003EB1C23FE
:1045D00094F814C063750CEB132CE37C84F814C0BE
:1045E00003EB1C2394F812C0E3740CEB132C637CD4
:1045F00084F81E9003EB1C23637484F81FA084F8D6
:1046000012C094F810C00E460CEB13230EF8103FA6
:1046100004AF022110462346CDE901E8009200F0E4
:1046200073FE10B1BD46BDE8F0872021204600F0A2
:1046300001FF0028F6D12946304600F0FDFE002893
:10464000F0D11F2D15D8C5F1270323F007036E46BF
:10465000ADEB030DC5F120050DEB080401462A461C
:10466000204605F013FF2946204600F0E5FE38B944
:10467000B5460021084600F01BFFBD46BDE8F087A7
:10468000B546CFE7F0B589B00546DDE90F46002C09
:1046900047D02022684605F0D3FE66B3731E022B76
:1046A00051D921466A4626F00300204451F8043BC4
:1046B0001768814283EA070342F8043BF6D1B30747
:1046C00019D026F003031DF80310E25C4A400DF8F0
:1046D00003205A1C96420ED91DF80200A15C023339
:1046E00041409E420DF8021005D91DF80310E25C0E
:1046F0004A400DF8032024220021284605F0C6FE7A
:10470000202269462846FFF727FF044610B90123F7
:1047100000242B620821684600F022FB204609B0E5
:10472000F0BD0F462422214605F0B0FE2022394676
:104730002846FFF711FF04460028EFD10123204649
:104740002B6209B0F0BD0023BDE700BF2DE9F043A7
:1047500000271D46036ABDB00133CDE90477CDE9DA
:104760000677CDE90877CDE90A7775D004460E467D
:104770009046002D6ED02946449AFFF7EDFE0028A2
:1047800065D100221020E17F94F81EC0637F01F103
:10479000010E0CEB1E2C217F03EB1C2301EB1321DC
:1047A0006377E37E217703EB1123A17EE37601EBB0
:1047B0001321637EA17603EB1123217E637601EB47
:1047C0001321E37D217603EB1123A17DE37501EB3A
:1047D0001321637DA17503EB1123217D637501EB2B
:1047E0001321E37C217503EB1123A17CE37401EB1E
:1047F0001321637CA17403EB1123217C637404F106
:10480000100701EB1323237484F81EC084F81FE003
:104810002346CDE9017002211046009200F074FD9C
:10482000A8B94046F10800F005FE80B95FEA1629F4
:1048300016D080464FEA092901E0C84510D0202152
:1048400004A800F0F9FD08F580780028F5D03DB007
:10485000BDE8F08304AD94E71F203DB0BDE8F083D0
:10486000B14507D0A6EB0901C90804A800F0E4FD92
:104870000028ECD10CA800F0AFFD0021084600F0A4
:1048800017FE0028E3D1102212A9384605F0D8FD02
:10489000E07FA37F0138627FA3EBD0739BB2A2EBD2
:1048A000D332A377237F92B2A3EBD233E077E07EBB
:1048B0009BB2A0EBD3302377A37E80B2A3EBD0339F
:1048C0006277627E9BB2A2EBD332A376237E92B252
:1048D000A3EBD233E076E07D9BB2A0EBD33023761E
:1048E000A37D80B2A3EBD0336276627D9BB2A2EB54
:1048F000D332A375237D92B2A3EBD233E075E07C73
:104900009BB2A0EBD3306275A27C80B2A2EBD03216
:104910002375637C92B2A3EBD233E074207C9BB20C
:10492000A0EBD330A2742074294620222046637461
:10493000FFF712FE00288AD1236A0133236286E73B
:10494000F0B589B005460E9E002B43D06846174649
:104950001C4605F075FD66B3731E022B44D9A646AE
:10496000EC4626F003022244DCF800305EF8041B1B
:10497000594096454CF8041BF6D1B30719D026F0E0
:1049800003031DF80310E25C4A400DF803205A1C93
:1049900096420ED91DF80200A15C023341409E42AE
:1049A0000DF8021005D91DF80310E25C4A400DF81D
:1049B00003203A4669462846FFF7CEFD044610B963
:1049C000012300242B620821684600F0C9F9204623
:1049D00009B0F0BDFFF7C0FD04460028F7D1012360
:1049E00020462B6209B0F0BD0023CAE72DE9F04F45
:1049F0008FB0BF4C00AF2378C7E901012BB9204627
:104A000000F0B2FF204601F0E9F84FF0000BB94B7F
:104A1000BA68A3FB02231B09C7E9043BB44800F0B2
:104A2000FDFF8246002852D1B34C237C002B40F07E
:104A3000B3804FF47F03D3F80C2CE946013200F029
:104A40008081D3F80C2CAB4B172AA3FB02134FEA3F
:104A5000131640F29F80FE604FF000084E46C7F8E4
:104A600000A00622A24807F1200101F017F8002853
:104A700040F06A81A14BA168E568986807F1200CB5
:104A800007F1380EDCF800301F22994603E0A842F7
:104A90000ED0531C20D04B46D34013F0010313BF5C
:104AA000002101311D460135884202F1FF32EED16D
:104AB0009348C4E902154FF00E0AFFF75FFAB546B6
:104AC00000F0E2FF8A4801F08DF80028A6D1504698
:104AD0003C37BD46BDE8F08F0CF1040CE645D1D162
:104AE000864B4FF0180CD3E900921346C4E9021527
:104AF00062464FF0000B41469C46206807F1200EAD
:104B0000C0F580684FEA58184FEA8808904528BFDA
:104B100090465FEA980A034627D0C7E9063EAEF101
:104B20000400656800EB8A0A50F804EF4FEA5E0360
:104B300003F05533AEEB03034FEA930E0EF0333E12
:104B400003F03333734403EB131303F00F3303EB1E
:104B5000032303EB03431B0EC3F1200382451D44D3
:104B6000E2D1D7E9063E1846656000EBC803B3F50D
:104B7000806F1846A2EB08024BD0C644002ABFD172
:104B8000FB6801F1010898452060FFF46AAFD7F88F
:104B900000A0B54601232374BB68172B40F2A18007
:104BA00000237A697968984601EB82018946D346E9
:104BB000FA61062249464E4800F070FFCC460028B4
:104BC00040F0C580D4E902564C4BA9F1040E996817
:104BD000FB699A461F225EF8040F03E0B1420ED033
:104BE000531C22D020FA02F313F0010313BF002557
:104BF00001351E4601368D4202F1FF32EED14048AA
:104C0000C7F814A0C4E902564FF00E0AFFF7B6F930
:104C100056E763684B4580F08A80634540F28780A1
:104C20000023C4F804B01846A7E709F1140373453C
:104C3000C4E90256CED15246182140462F4BFA61A4
:104C4000D3E900EA2368C7F81490C3F580684FEAF7
:104C500058184FEA8808884528BF88465FEA9809AF
:104C600026D0ACF10405666805EB8909C7F818C0C1
:104C700055F804CF4FEA5C0202F05532ACEB020269
:104C80004FEA920C0CF0333C02F03332624402EBF8
:104C9000121202F00F3202EB022202EB0242120E5B
:104CA000C2F1200216444D456660E1D1D7F818C024
:104CB00003EBC803B3F5806F2360A1EB080121D09B
:104CC000C4440029C1D1FB69D7F814900633FB61B5
:104CD0003B6900F10108984509F11809FFF469AF33
:104CE000DA4600F0D1FE50463C37BD46BDE8F08FB5
:104CF00090260020ABAAAAAAF0140020E804002005
:104D000024B301006368734507D2534505D90023D6
:104D10000022C4E900230023D2E7FB690F487B612E
:104D20004FF00D0AFFF72AF900F0AEFECAE64FF485
:104D300080630A4823604FF00D0AFFF71FF9B5465C
:104D4000BEE64FF4047686E68246B546B8E60546EA
:104D5000FB69AA467B6100F097FEB3E624B301002D
:104D6000890000F047B900BF3AB101EB820251F867
:104D7000043B914240F8043BF9D1704708B500F07C
:104D800037F830B900F03EF828B9064AC2F80C0AE4
:104D900008BD032008BD00F02DF800F06DF80420D8
:104DA00008BD00BF0050845030B583B0FFF7E6FF68
:104DB000044610B90B4D2B6813B1204603B030BD2B
:104DC00002460146FFF752F950B96822064901AB85
:104DD000FFF7DEF920B92046044B2B6003B030BD4D
:104DE0000524EAE7A0260020A42600205AEA5A5A01
:104DF0000020704700207047014BC3F8040A704739
:104E00000050845010B5154800F06EF800B110BD88
:104E1000134800F069F80028F9D1124C204600F040
:104E200063F80028F3D1104B10481C6000F05CF8C8
:104E30000028ECD10E4800F057F80028E7D10D48C3
:104E400000F052F801460028E1D100F039F804469C
:104E500008B900F06FF8204610BD00BF1005002013
:104E60000C05002008050020000500200405002096
:104E7000FC040020F804002008B50B4800F03EF8C0
:104E80000A4800F03BF80A4800F038F8094800F0FA
:104E900035F8094800F032F8084800F02FF8BDE86E
:104EA000084000F00FB800BF100500200C050020DE
:104EB0000805002004050020FC040020F804002060
:104EC00000207047704700BF05F0C7BA82B001905C
:104ED00041B100239C461A4601980133994200F8DB
:104EE00002C0F8D102B0704708B5034B02681B68D6
:104EF00010689847002008BDA004002008B5034BA7
:104F000002685B6810689847002008BDA004002074
:104F1000024B02689B681068184700BFA00400207D
:104F200008B5034B0268DB6810689847002008BD8D
:104F3000A004002070B5094C094D2069AB68984762
:104F400018B1084B08485B6898470021074AEB688E
:104F500011602069BDE87040184700BF8C04002034
:104F6000A00400208404002030B301000C2700209E
:104F7000F8B51A4D1A4E0446B26828699047E8B948
:104F8000184F3B684CB1A3B1012B19D0013B3B60DA
:104F90002869F36898470020F8BD43B90121124AF7
:104FA000C2F800151149D1F81029002AFBD10133AC
:104FB0003B60F368286998470020F8BD0C48F8BDAD
:104FC0000A4AD2F81039002BFBD1074A6FF07E4015
:104FD000C2F80035FFF710FF3B68D7E78C040020CC
:104FE000A00400200C270020004084500050845072
:104FF000E98FFFFF2DE9F0410E4682B0002879D0FD
:1050000000296FD0054601273D4C55E0D4F80CC06F
:105010002068D4E901E14FEACE524B0980EAC0583A
:1050200042EA502243EACC638EEA02004B404FEA48
:10503000984E4EEA803E83EA08038CEA5C1283EACB
:105040000E03424011EB030E82EA90424CEB020049
:10505000082EB046C4E9023228BF4FF0080815F008
:105060000303C4E9001CCDE900E032D1072E3DD88E
:10507000032E2CD9B8F10402C5F800E018D004239F
:1050800003F10801694411F8081C012AE9540FD002
:1050900003F10900684410F8080C591C032A6854ED
:1050A00006D103F10A026A4412F8082C0233EA54CA
:1050B000B6EB0806454415D0237E002BA6D1182157
:1050C0002046FFF793FC0028F9D127769EE7424659
:1050D000D6E728464246694605F0B2F9B6EB08061F
:1050E0004544E9D1002002B0BDE8F081C5F800E0F8
:1050F0006860DDE70029F5D0142002B0BDE8F0813A
:105100000815002031B10023013800F8013F0133B8
:105110009942FAD1704700BF01202DE9F041764C49
:10512000764DC4F8100800F00BFC00236A68C4F840
:105130004034C4F84434C4F84834C4F84C34C4F897
:105140006034C4F86434C4F86834C4F86C34C4F807
:10515000BC34D4F8C03402F0010223F00103C4F8D7
:10516000C034D4F8C0341A43C4F8C02428680728CF
:1051700005D1D4F8C03423F00103C4F8C0345E4C28
:105180008300D4F8C02403F01C0322F01C02C4F8EE
:10519000C024D4F8C0241343C4F8C034D4F8C034B5
:1051A00095F89C2023F00203C4F8C034D4F8C0342E
:1051B00095F8341023F44053C4F8C034AE6BD4F8DF
:1051C000C074002A4FEA063202F4405242EA070253
:1051D0004B4BC4F8C02408BF002309BB1A68C4F8AD
:1051E00000245A68C4F804249A68C4F80824DA68C9
:1051F000C4F80C24002E76D01A69012EC4F81024AD
:105200005A69C4F814246ED09A69C4F81824DB696A
:10521000C4F81C342868072868D00020BDE8F08155
:105220000229F8D11F683146384600F0F9FCDFF852
:10523000D48050B3D8F800202F4B1268C3F8002454
:10524000D8F800205268C3F80424D8F800209268E7
:10525000C3F80824D8F80020D268C3F80C24D8F882
:1052600000201269C3F81024D8F800205269C3F84E
:105270001424D8F800209269C3F81824D8F8002024
:10528000D269C3F81C24BDE8F081D8F8003031465B
:105290001B683846C4F80034D8F800305B68C4F89E
:1052A0000434D8F800309B68C4F80834D8F80030CB
:1052B000DB68C4F80C34D8F800301B69C4F810342B
:1052C000D8F800305B69C4F81434D8F800309B6912
:1052D000C4F81834D8F80030DB69C4F81C3400F086
:1052E000B5FC0028A6D12868072896D10122024BD8
:1052F000C3F87C2491E700BF0050845010270020A1
:10530000B0270020F40400202DE9F84F002498462F
:1053100083460F4691462D4E2D4DC02221463046E4
:10532000DDF828A005F0B2F8C5F84044C5F84444BB
:10533000C5F84844C5F84C44C5F86044C5F8644411
:10534000C5F86844C5F86C4400F0F2FA2046C5F888
:10535000C04400F0F5FAC5F81048C6E9007B86F8AD
:105360003490C6F838A0B8F1000F0AD001230AF132
:1053700002024146D20006F1A00086F89C3005F0FA
:105380005FF8102000F0C6FAFFF7C6FE40B9022F02
:1053900008D0072F04D01FB10E48FEF7EFFD0620FE
:1053A000BDE8F88F0B9B1A68094BC3F860240B9A71
:1053B0005268C3F864240B9A9268C3F868240B9A65
:1053C000D268C3F86C24BDE8F88F00BF1027002016
:1053D0000050845024B3010010B50446C022124985
:1053E00005F02EF8114B6022D3F840041049A0605C
:1053F000D3F84404E060D3F848042061D3F84C04A7
:105400006061D3F86004A061D3F86404E061D3F86C
:1054100068042062D3F86C3404F13C006362BDE898
:10542000104005F00DB800BF102700200050845038
:105430002028002000F074BA70B51B4C2368072B9D
:1054400017D0A36A06460D46B3B1012000F078FAE2
:10545000A36A2B440F2BA3621CD9012301222946E6
:10546000304600F0C1F9034620B9104B1B6C102BDD
:1054700016D00023184670BDE36A002BE5D001204A
:1054800000F02CFA2368072BDFD1A36A2B440F2BE3
:10549000A362E2D82368012B94BF00230123DDE738
:1054A00000F01CFAE5E700BF1027002020280020AC
:1054B0002DE9F04184B0DFF85481554BD8F84020F5
:1054C000544CC3F8BC24A36A06460D4600AFB3B3E0
:1054D0002368072B7ED1002000F000FA00224C4BFD
:1054E000C3F8BC2415B1D8F858302B602368072BBB
:1054F0002FD000260024464DC0222146454804F006
:10550000C5FFC5F84044C5F84444C5F84844C5F84B
:105510004C44C5F86044C5F86444C5F86844C5F80F
:105520006C4400F005FA2046C5F8C04400F008FAC3
:1055300030461037C5F81048BD46BDE8F081E36A33
:10554000002BCBD02368072B57D0012000F0C6F9E1
:10555000C4E7E36A1BB901222D4BC3F824252C4B69
:10556000256BD3F8402403353A60D3F84424AD08C2
:105570007A60D3F84814EA1DB9606168D3F84C0426
:10558000012922F007036C46F860ADEB030D2CD126
:1055900029466846FFF7B6FD65B30020013D0DF1D1
:1055A000FF316D4411F8013F07F1100202EB830255
:1055B00052F8102C56F823305340034314BF0120F7
:1055C0000020A942EED1ABB11348FEF7D7FC12265A
:1055D000A5468FE7012000F0B3F92368002B7FF484
:1055E0007AAF012000F07AF978E72A46304639464A
:1055F000FFF7BAFB0026A5467CE7012000F0A0F9E2
:105600002368072B3FF467AF9FE700BF20280020E7
:10561000005084501027002024B30100F0B501246D
:105620006E4A6F4B92F85C5092F84870A5428646DD
:10563000C3F820483AD04FF4FE64C3F8044AD3F8C4
:10564000084A44F47F64C3F8084A002F3AD1002D79
:1056500040F0BE80634B1C7C14B11C6884425ED950
:1056600093F8244014B15C69844269D993F83840B6
:1056700014B19C6A84426FD993F84C401CB1DC6B26
:10568000844240F28480564BC3F828ECC3F82C1CAB
:105690004FF40061524AD2F8003A31EA0303FAD1DA
:1056A0000023C2F8081AC2F82038F0BD4FF476641F
:1056B000C3F8044AD3F8084A44F47F64C3F8084A9C
:1056C000002F43D0474BD46C1F7C17B11F68BC42DE
:1056D00048D293F8247017B15F69BC425FD293F847
:1056E000387017B19F6ABC4261D293F84C7017B101
:1056F000DF6BBC4263D227460C44D464946D0C44E7
:105700009465374CC4F8287DC4F82C1D002DA2D018
:10571000012DC4F8300CC4F8341C1BD0B8E75D6808
:10572000254485429CD9002505EB850503EB8503BF
:10573000556D9A68DB68161B064405FB036EA2E7ED
:105740009D692544854291D90125EDE7C3F8300CC8
:10575000C3F8341C90219DE7DD6A254485428BD92E
:105760000225E1E75E6807EB060C6445B1D24FF015
:10577000000C0CEB8C0C03EB8C0CDCF80860DCF8F8
:105780000CC0F71B566D274406FB0C77B4E71D6C65
:105790002544854288BF03257FF675AFC4E79E691F
:1057A00007EB060C64459AD24FF0010CE1E7DE6A84
:1057B00007EB060C644598D24FF0020CD9E71E6C3B
:1057C00007EB060C644538BF4FF0030C93D2D0E7CB
:1057D000C3F8300CC3F8341C5AE700BF202800205F
:1057E00000508450D02700202DE9F843DFF8E490E2
:1057F0000646D9E9105C0F461446002A59D1CDBBA4
:10580000FFB1D9F8401089F8484061BBD9F844305D
:105810007D1EB5FBF3F503FB05F545B1B5F5803FFE
:1058200012D230462946FFF7F9FE7F1B2E443A4636
:105830003146284804F004FED9F840303B44C9F80A
:1058400040300020BDE8F883D9F844403046C4F524
:1058500080384146FFF7E2FEA4F58033ED181F447F
:105860004644DBD1E3E71B48FFF7D8FE0023C9F825
:105870004030CBE799F8483043B129464846FFF716
:10588000CDFEC9F84040BBE7002DB9D0ACEB050216
:10589000BA4209EB0500154628BF3D46314604F0E3
:1058A000CFFDD9F840302E442B44C9F840307F1B3F
:1058B000A6E7002BE8D0D9F850308B4205D35B1A0D
:1058C000C9F85030002DE1D19AE70348FEF756FBA6
:1058D0001320B7E72028002024B3010010B50C4C9A
:1058E000216C29B128B90A48FFF798FE00232364E8
:1058F00010BDC1F140026018002104F0C7FD616CC9
:1059000003482164FFF78AFE00232364F0E700BF09
:1059100020280020014B5864704700BF2028002039
:105920000246024B0020C3E91321704720280020C3
:1059300060220021014804F0A9BD00BF20280020FA
:10594000074AD2F81039002BFBD1064B0449C2F8A4
:1059500000091870D1F81039002BFBD1704700BF37
:1059600000508450AD2B00204FF47F0310B4D3F8C7
:10597000102C013221D0D3F8102CF2B9D3F8142C0A
:1059800001322BD0D3F8142C42BBD3F8182C01329F
:1059900031D0D3F8182C72BBD3F81C2C013202D0B2
:1059A000D3F81C3CA3B34FF47F03D3F81C2C032182
:1059B00001322AD0D3F81C4C08E04FF47F03D3F80F
:1059C000102C0021013210D0D3F8104C01220023FA
:1059D000846001730270436010BC70474FF47F0312
:1059E000D3F8142C0121013202D140F2DC54EDE74E
:1059F000D3F8144CEAE74FF47F03D3F8182C0221B4
:105A0000013202D0D3F8184CE0E740F63404DDE769
:105A1000014810BCFEF7B2BA24B3010070B5037898
:105A200043B3D0E901520124154B90F80CC0C3F8E0
:105A3000C441C3F84041C3F8C441C3F83021D3F88E
:105A400030118A42F7D100203F261E210422C3F8DC
:105A50002C01C3F80861C3F80011C3F80C21D3F876
:105A60000C214CEA0202C3F80C21C3F83851C3F8E8
:105A70002C4170BD0348FEF781FA0C2070BD00BFB9
:105A80000050845024B301000020034BC3F82C01C4
:105A9000C3F8C401704700BF005084504FF0000CA1
:105AA0002DE9F84F864601244FF0FF354FF03F09AE
:105AB0004FF01E0804270E466046464BD3F80421DB
:105AC00012F00E0F53D0D3F80C21D3F8301102F09E
:105AD0000302032AC3F82C01C3F8BC41C3F80851E0
:105AE00069D0013242F0040AD2B2C3F80CA1C3F863
:105AF00030118EF80C20CEF80810D3F80C11D3F822
:105B0000302101F0030BD3F838A1C3F8C441C3F826
:105B10004041C3F8C441C3F83021D3F830118A4260
:105B2000F7D1C3F82C01C3F80891C3F80081C3F87A
:105B30000C71D3F80C210CF1010C4BEA0202C3F8F2
:105B40000C21C3F838A1C3F82C41D3F80421D107A4
:105B500011D4BCF1640FB1D100221E4B1E48C3F812
:105B60002C21C3F8C421FEF709FA102021E0D3F854
:105B70000421D207A2D5BCF1640FEDD04FF0FF3263
:105B800001210020134BC3F8BC11C3F80821D3F83E
:105B900014213260D3F818217260D3F81C21B2604E
:105BA000D3F82021F260D3F824213261D3F82831D0
:105BB0007361BDE8F88F4A1C9FD0491840EB000282
:105BC0008D4270EB020238BF4FF0FF3100224FF0E0
:105BD000040A8AE70050845024B301000A2343607A
:105BE000704700BFC368032B05D0022B14D80133C4
:105BF000C3600120704783685A1C0FD000224FF009
:105C0000FF3CDB1842EB020191420CBF1946614692
:105C1000C0E90212012070478368EFE70020704757
:105C20007F2809D851B10139022909D805497F28AF
:105C30000CBF08460020704702487047084670476E
:105C4000014870470100F7000300F7000129F0B494
:105C500007D0022900F0898000295AD07248F0BC90
:105C600070470022714C724B4FEAC00CC4F800150B
:105C7000451C0CF57F04C3F8082104F50444C3F85F
:105C80000021C3F80421C3F800556A4E2468B442C9
:105C900040F0B380196002E0002940F0B580D3F8ED
:105CA0000021D3F80841D3F804112243F4D0002C8A
:105CB00040F0B180002940F0A78001245B4AC3F87E
:105CC00000150230C2F800455B4AC3F80811C3F85A
:105CD0000011C3F80411C3F8000552F80C00574A2C
:105CE000904240F08E80524A1C6002E0002840F052
:105CF0008B80D2F80031D2F80811D2F804010B439E
:105D0000F4D0002940F08C8000287DD1C2F8000535
:105D100028E00124464BC200444E204402F57F0295
:105D2000C6F8004502F50442C3F80811C3F8001193
:105D3000C3F80411C3F800053E4D1268AA4260D1B1
:105D40001C6001E000285FD1D3F80021D3F80811CE
:105D5000D3F804010A43F5D000295CD1002853D1BF
:105D6000C3F800050020F0BC704701250022304B2D
:105D70002E4F4FEAC00C44190CF57F01C7F80055AF
:105D800001F50441C3F80821C3F80021C3F8042138
:105D9000C3F80045274E0968B1422ED11D6000E0CE
:105DA00091BBD3F80021D3F80841D3F80411224362
:105DB000F6D084BB41BB01241C4AC3F80015023055
:105DC000C2F800451C4AC3F80811C3F80011C3F813
:105DD0000411C3F8000552F80C00184A904210D183
:105DE000134A1C6000E078B9D2F80031D2F80811EB
:105DF000D2F804010B43F6D083E7C3F8002510481E
:105E00002DE7C3F80015FAE70022094B0D48C3F847
:105E10000025F0BC70470022C3F800250A481EE7A1
:105E20000023C2F80035F9E70C00F100004084506F
:105E300000900350005484500884FF001054845094
:105E40000600F7000200F7000100F700F8B50E4B5E
:105E500006461D68AB789B0712D56F6816F8014B94
:105E600029462CB90A20B847002805DB204609E05E
:105E70002046B8470028F1DAAB7843F00403AB7052
:105E80004FF0FF30F8BD00BFDCAD01000CB430B501
:105E90008BB004460D462022002102A804F0F6FA39
:105EA0000223002D06948DF80A300C4B039312DB6D
:105EB00001D06B1E1C440FAA0E9902A807940192F0
:105EC00000F00EF815B1069B00221A700BB0BDE869
:105ED000304002B070470024EDE700BFD9A50100B3
:105EE0002DE9F04F43688BB080469246009383784B
:105EF0009C0740F1F98000250878002800F0F68022
:105F000025280AD04B1C019301354146009B984738
:105F10000028C0F2E3800199EEE74E788B1C252E15
:105F20000193F1D000270A22B9463C461F2C22D803
:105F3000A6F12003102B20D8DFE803F0141F1F1A4E
:105F40001F1F1F0B1F1F1F121F171F1F090044F0C9
:105F50000104019B13F8016B0193002EE6D13AE096
:105F600044F0020444F00404F3E744F00804F0E7CA
:105F700044F01004EDE77F2C24D8A6F13003092B60
:105F800008D860064EBF02FB073744F0200402FB2E
:105F90000939DEE72A2E0DD161065AF8043B53D4A5
:105FA000002BA7BF44F020049946C3F1000944F038
:105FB0002804CEE72E2E05D1630600F1978044F029
:105FC0004004C6E76C2E2ED028D8682E32D06A2E18
:105FD00037D04C2E35D0002F46F02003B8BF24F028
:105FE0004004A3F16502BCBF0027A4B2022A01D974
:105FF000612B2BD10AF1070A07279D4E2AF0070AC9
:106000000AF1080A210760D506EB070B34465C4508
:106010005DD1AE1BA9EB0709A21959E1742E98D0E6
:106020007A2E96D0D7E7260648BF44F4007444F091
:1060300080048EE7E00548BF44F4007444F48074A3
:1060400087E744F4207484E71F4682E7A6F16302E1
:10605000122A00F2D880DFE812F013004D00D600BB
:10606000D600D600D6004D00D600D600D600D60009
:10607000D600E800D100D600D6001A00D600A00055
:106080005AF8043B012704AE8DF81030BAE75AF8ED
:10609000046B784B002E08BF1E4614F0400F3046AC
:1060A00014BF39464FF0FF3104F034FA0746A9E730
:1060B00041462020009B984700280FDB013CA74267
:1060C000F6D34D44A1462D1B9EE74C46F7E74146CB
:1060D00014F8010B009B9847002898DA98F80230D2
:1060E00043F0040388F802304FF0FF3528460BB028
:1060F000BDE8F08F220630D5A3052AD50AF1070A9C
:106100002AF007039A4659685AF8080B24F0100B36
:1061100000291FFA8BFB2FDA40424BF4806B61EBB6
:10612000410104AC0A23224604F000FA1BF0400FA0
:10613000A0EB040200F08E802BF001049742A4B281
:1061400040F38F80002E40F08E802BF01104A4B21B
:106150001DE05AF8040BC117D8E7E0055AF8041BF4
:1061600001D40846F7E7A20547BF48B241F3C01182
:1061700008B241F3C031C9E750EA0103D1D1630647
:10618000CFD5002FCDD124F011043A46A4B23B461E
:1061900040F206410C4262D124E024F010040A23AC
:1061A000A4B214F0800243D014F4007117BF0AF1B6
:1061B000070A5AF8040B2AF0070292461CBF5168DE
:1061C0005AF8080B50EA01023ED124F0160B620681
:1061D0001FFA8BFB3CD5002F3AD124F017043A4626
:1061E0003B46A4B221075AD4E10705D5994572DD93
:1061F000A9EB03039F184B469B464AE044F010046A
:1062000010237826CDE7782B04D1C6F1780343F02C
:106210001003C6E741462520009B98470028FFF65B
:106220005DAF02354146304670E608230026B8E7E8
:1062300014F480715AF8040BC4D014F400711ABF1E
:10624000C0B2114680B2BDE724F006041FFA84FBF9
:1062500004AC68E713465C46E10699D52EB90133D4
:10626000C0E71346F8E73B46F6E70233BAE700BF5C
:10627000D9ED0100D2ED0100CDE9023241462020E6
:10628000009B98470028FFF629AF0BF1010BDDE9D1
:106290000232D945F0DCEB1A03EB0B055B46E10655
:1062A00027D541463020CDE90232009B984700288F
:1062B000FFF614AFDDE902327EB901352F44791BB8
:1062C0008A4229DB144604AE94BB2A44A9EB030995
:1062D0001546914440E017468EE702354146304668
:1062E000CDE90232009B98470028DDE90232E5DA69
:1062F000F4E640F206410C42E0D014F0020F05F142
:106300000105414614BF2B20202014F4806FCDE9F5
:10631000023218BF2D20E5E7CDE902324146009B4D
:106320003020013598470028DDE90232C7DAD5E68A
:10633000013C4146CDE90232305D009B9847002880
:10634000DDE90232C0DAC9E641462020009B013572
:1063500098470028FFF6C2AEA9EB0503002BF3DC3B
:10636000D9E500BF38B5044C044DAC4200D138BD6E
:1063700054F8043D9847F8E70000000000000000D2
:10638000704710B50C46EAF73FFC844238BF013134
:106390002046BDE81040EAF763BC0020704710B506
:1063A00002780B46083A012A0CD8447841680E2C32
:1063B00028BF0E241846224604F042F80346002067
:1063C000185510BD0120FCE77047836800EBC10140
:1063D000B3F5004F2CBF51F8220031F8120070477E
:1063E00000EBC1018068B0F5004F2CBF41F82230AE
:1063F00021F812307047012208B5FFF7E6FFD040C0
:1064000008BD836800EBC101B3F5004F08D34B68AA
:106410001AB143F001034B60704723F00103FAE720
:106420004B881AB143F001034B80704723F00103FE
:10643000FAE753000122FFF7D3BF10B500220C4644
:10644000FFF7C3FF201A10BD10B50C46FFF7D3FFAE
:10645000204410BD08B58368B3F5004F06D3FFF79D
:10646000CAFF01288CBF0020012008BD0020FCE7E6
:106470008368B3F5004F34BF04230823C91A081AF0
:10648000C00870478368B3F5004F28BF0139B1FADF
:1064900081F0C0F11F0070472DE9F0410446164617
:1064A0000F46FFF7A8FF314605462046FFF7A3FF3A
:1064B00005442A4639462046FFF7BBFF31462046B1
:1064C000FFF7C2FF2B46014600222046BDE8F041FF
:1064D000FFF786BF2DE9F04115460E460446FFF74B
:1064E0008AFFA5EB0608771B074442463146204643
:1064F000FFF79FFF3A4629462046FFF79AFF43469B
:10650000002229462046FFF76BFF29462046FFF769
:106510009BFF3B46014600222046BDE8F041FFF7C5
:106520005FBF38B504460D46FFF794FF70B92946A2
:106530002046FFF760FF01462046FFF7A3FF2946EC
:1065400002462046BDE83840EBF702BA38BD2DE9D7
:10655000F04705468946FFF795FF05EB800ADAF814
:106560001070064677B94FF0FF34EB680136B4403F
:106570001C4019D094FAA4F6B6FA86F6331D55F8E5
:10658000234008E03C464FF0030821462846FFF729
:1065900032FF81450BD821462846EBF723FA3246D5
:1065A00021462846EBF7D4F92046BDE8F08721467E
:1065B00003222846FFF709FFB8F101080446CAF88C
:1065C0001000D0D08742E0D1CDE770B5056809B999
:1065D000002070BDAB6801F00704B3F5004F34BF75
:1065E0000422082207341444E40804EBD1049C423A
:1065F00028BF1C4628462146FFF7A9FF064600286B
:10660000E6D001462846FFF7F6FEA04209D93444F9
:10661000314628462246FFF75DFF21462846EBF724
:106620003FF9284601223146FFF7EBFEAB68B3F590
:10663000004F34BF0423082303EBC6031844C8E704
:106640001146FFF7C2BF002070470FB407B504A979
:1066500051F8040B0191EBF70BFB03B05DF804EB71
:1066600004B07047002383F31188BFF36F8F0423B6
:10667000184602DF70470FB407B504A951F8040BA0
:106680000191EBF7F5FA03B05DF804EB04B0704745
:10669000838B13F0070306D10368002B18BF032078
:1066A00008BF00207047022B05D1C08BB0FA80F0E4
:1066B000400980007047012B04D10368002B18BFEC
:1066C0000520EDE70020704710B50C4600B111B968
:1066D0006FF0150010BD081D00F02FF80028F9D14B
:1066E000A368032BF6D9F3E72DE9F0410D460746E1
:1066F0001946281D90461E46EBF7ACFD044638B1FE
:106700003346424629463846A446BDE8F041604734
:10671000BDE8F08138B50C46054658B151B10B685B
:1067200043B14B6833B12022002103F0AFFE0020BB
:106730002C6138BD6FF01500FBE7034658B1426885
:1067400002F00302012A03D0032A04D1026812B125
:106750000020986070476FF01500704770B50646CE
:106760000C888888241A3069A4B2844285B224BF78
:10677000641BA4B22D1BA8B2984228BF18463368E8
:10678000234413600B8803440B8070BD70B483896D
:1067900085880669ED1AADB2731B934228BF134674
:1067A00070BC0A46011DFFF7D9BF70B40E46014602
:1067B000C58831F80A3FEC1AA3B2934228BF1346AA
:1067C000324670BCFFF7CABF10B54B880C88E41A7C
:1067D000A4B294420ED31A4492B28B884A800A80A3
:1067E0000069D21A92B2824201D2002010BD034445
:1067F0008B80FAE76FF01500F8E770470369D3F86C
:10680000780370476FF085007047084608B5114659
:1068100018B102F001FF002008BD6FF00100FBE796
:10682000084608B5114618B102F0EDFE002008BD7B
:106830006FF00100FBE713B504460846216901F536
:106840005D71D1E8AF1F022909D15BB168B1009336
:106850001346D0E90912F8F789FC02B010BD6FF0B9
:106860000F00FAE76FF04C00F7E76FF00100F4E774
:106870002DE9F84315461C46DDE908230F46164668
:106880009846A9B3BDB3B4B312F1010C43F10001B2
:10689000BCF1020F71F1000130D2D4F800C0BCF19C
:1068A000000F09D00169D1F878138C4504D96FF035
:1068B0000B002160BDE8F883B3F1FF3F08BFB2F1E0
:1068C000FF3F0CBF4FF001094FF000094A46214637
:1068D000384602F0AAFE40B9B8F1FF3F08BFB6F152
:1068E000FF3FF3D06FF06800E4E728600020E1E7A5
:1068F0006FF00100DEE76FF01500DBE76FF0850059
:10690000D8E702F0E7BE38B50D46044600F148016D
:106910002846E9F7FFFF034630B1284604F1C001DD
:10692000E9F7F8FF28B901235B4203F07803E01888
:1069300038BD0020FCE702F52E7102F5327003F03D
:106940006DB9D0F8B830A0F52E70003B18BF012308
:1069500000EB8300D0F8A40202F0F6BDC86828B1AD
:10696000096983681B680BB1002218477047F9F763
:10697000EFBBD0E8EF3FC0E8E21F002AF9D1704733
:1069800010B5436804691B68C4F8703304F5E870F7
:1069900003F0BEF8002104F55D70FFF7EAFF08463A
:1069A00010BD030103EB4003093323F0030303EBA2
:1069B000C00348430330083320F00300184440006C
:1069C00070472DE9F84306464FF001080569D0F8F5
:1069D000049005F55D77D7E8EF3F022B03D1C7E8B8
:1069E000E28F002AF7D141D195F86C30002B40D1CD
:1069F00095F8E430002B3CD12846D5F8701300F010
:106A000054F8044680BB73683669D3E9050183688E
:106A10001B693BB322469847044628BB414606F50E
:106A20003270FAF72FFAD6F8500305F5F476ECF742
:106A30006DFF3046D9F8001000F072F8044698B99E
:106A40000146D022304603F021FD21464FF4F27278
:106A5000284603F01BFD21463846FFF78AFF2046F3
:106A6000BDE8F8836FF057040221F5E76FF0770473
:106A7000F5E76FF00F04F2E710B50846029B1146E8
:106A800052B993F86C202AB90122184683F86C2079
:106A9000EBF74EFE002010BD1A6F9468002CF9D061
:106AA0005A6FA047F6E702F015BE38B50D4604460A
:106AB00060B1F03002F0A8FF0DB1002038BDC4F87D
:106AC000BC51C4F8C051C4F8C451F6E76FF01500CA
:106AD000F4E70268D2F8C83013B1D2F8C4101847EE
:106AE0007047704783690BB9C36B197070470120F9
:106AF00070478369012B03D1C36B1878C0B270470C
:106B00000420704738B5C41DE4002046FCF74CF85B
:106B1000054618B12246002103F0B8FC284638BDCE
:106B200038B504463822002103F0B0FC18220021B9
:106B300004F1A40003F0AAFC1822002104F18C0047
:106B400003F0A4FCD4F8C000F8F7C2FAD4F8BC00F3
:106B5000F8F7BEFAD4F8803004F154050BB128469A
:106B6000984738220021284603F090FCF8F714FAE1
:106B7000002038BD0FB407B504A951F8040B0191EA
:106B8000EBF776F803B05DF804EB04B07047F0B5AE
:106B900087B01F4604460D46164600F091FA0223C0
:106BA00002930DF116030193BDF83030ADF81600D5
:106BB000009332463B462946204601F02DFC07B0A3
:106BC000F0BD2DE9FF411F460D4616460446EEF77F
:106BD0005DFD8046E9F7B0FEBDF8283080B2CDE912
:106BE0000180009332463B462946204601F014FCC2
:106BF00004B0BDE8F08183689B6903B11847704712
:106C000070B504460E461546006883685B6A03B19A
:106C10009847B5F5004F01D3EBF76CFF0023656291
:106C2000C4E906336661236225B1206883681B6A64
:106C300003B19847002070BD70B504460E46154656
:106C40000068FFF7D8FFB5F5004F01D3EBF752FF0F
:106C50000020C4E90D0025642663E06370BDF8B52B
:106C600005460E464FF0FF304FF0FF311746EEF766
:106C700059FC044658B13A4631460C3000F0A3F8AE
:106C800021462846BDE8F8400022EEF7D3BD6FF05C
:106C90000B00F8BD014601224FF61F50FFF7DFBF82
:106CA000002008B5EBF72AF803F0F0BB03F0C8BBEF
:106CB00001460068ECF73EBA08B5ECF773FABDE898
:106CC0000840ECF713BE00210120ECF733BA836EC5
:106CD00083F30B8870476FF08500704761B662B62A
:106CE00080F31188BFF36F8F704708B572B6002329
:106CF00083F31188BFF36F8F00F098F850B1BFF3A2
:106D00004F8F30BF00BF00BF00BF00BF00BF00BF3C
:106D100000BF00BF62B6BFF36F8F08BD10B5044659
:106D200072B6002383F31188BFF36F8F00F07EF8F3
:106D300050B1BFF34F8F20BF00BF00BF00BF00BFE7
:106D400000BF00BF00BF00BF84F31188BFF36F8F87
:106D500062B610BD40E800F313F4803FD8B208BF1C
:106D60006FF01500704730B50C684B6885B00A8924
:106D70004D890094013B24F01F04234402F01F02BC
:106D800042EA451223F01F0369468DF80820039359
:106D9000ECF75CFE05B030BD08B5EDF795F80020C6
:106DA00008BD7047416A8968EDF70EB992B28160FB
:106DB0000160C2808280704703680B6043684B604B
:106DC00083688B60704738B50D4614461146EDF761
:106DD00087FB22462946BDE8384003F031BB10B599
:106DE0000C460121EDF77CFB047010BD10B50C467C
:106DF0000221EDF775FB0470240A447010BD10B534
:106E00000C460121EDF788FB047010BD10B5036836
:106E100001211C78EDF79CFB204610BD10B50368DE
:106E200002211C88EDF794FB204610BDEDF7C4BB92
:106E30004FF05023012270B50C460546C3F81426C6
:106E40000020EDF76BFC28462346BDE8704000218A
:106E500018472DE9F041064601200D46EDF75EFC8E
:106E60004FF47F03D3F830214FF05024072AD3F892
:106E700034311BD1023B022B18D94FF001080027F7
:106E80000520C4F81886C4F8147601F0F3FE4046D5
:106E9000C4F8148601F0EEFEC4F81476C4F818762F
:106EA00030462B46BDE8F041002118470023C4F8C6
:106EB0001436F5E710B50C460178227888B08A427E
:106EC0000ED06946EDF772FD204604A9EDF76EFD80
:106ED000102268460DEB020103F0E7FA08B010BD7E
:106EE000012A06D0022A07D072B940886388C01AE6
:106EF000F4E740686368FAE71022611C013008B0CB
:106F0000BDE8104003F0D1BA6FF01500E6E7042A9F
:106F10000AD0102A0DD0022A4FF0000315D10370B9
:106F20000B88438001207047012303700B68436086
:106F3000F8E7022300F8013B01F1100351F8042B9C
:106F4000994240F8042BF9D1ECE718467047012329
:106F500010B50621044600F8013BF0F773FB18B9A1
:106F6000A37963F03F03A37110BD0B6803608B88A6
:106F700083808B798371037823F002030370704759
:106F80000078C0F34000704738B50446807AECF7CB
:106F9000DDFF6169054649B1637ADB0704D4436AC2
:106FA00020461B689B68984700236361214628465A
:106FB000BDE8384002F0C7BD08B5EEF7D5FBBDE827
:106FC00008400820EDF722BD08B5FFF7DDFFBDE85A
:106FD00008400220EDF71ABD438A23B9C068B0FA11
:106FE00080F040097047002070470F2806D80D2810
:106FF0000BD8052814BF022003207047132804D0A3
:107000001A2814BF02200120704701207047D0E8E1
:10701000AF0F70470B6803608B8883808B79837117
:107020007047034610B5D3E8EF0F40EA0102C3E80A
:10703000E42F002CF7D110BDD0E8EF3F0B40C0E8A3
:10704000E23F002AF8D1704710B5EFF7DFFD0446A4
:107050006FF480711030FFF7EFFF2046BDE810405D
:1070600000F013B9C368DB78012B01D1FFF7ECBF47
:107070007047C368DB78012B01D1FFF7E5BF70478C
:1070800010B5028843889A4218D8052A16D9B3F554
:10709000486F13D88488B4F5FA7F0FD2C18840F6C0
:1070A0007640A1F10A0292B2824207D804FB033370
:1070B000B3EB810F34BF0120002010BD0020FCE79E
:1070C0000020704700207047EEF766BC70B506469A
:1070D0000D464FF0FF304FF0FF31EEF723FA044634
:1070E00068B103210C30EDF7FBF90680857021466D
:1070F000BDE87040002240F20640EEF79BBB6FF007
:10710000680070BDC368187808B1EEF7A1BC1846D6
:10711000EEF73ABD38B54FF0FF3105464FF0FF307E
:10712000EEF700FA044668B102210C30EDF7D8F909
:107130002B88214603800022BDE8384042F2160029
:10714000EEF778BB6FF0680038BD2DE9F047814657
:1071500088464FF0FF304FF0FF3117461E469DF82E
:1071600020A0EEF7DFF90546A0B107210C30EDF7BE
:10717000B7F9B9F8003080F802800380C770067153
:10718000A0F805A02946BDE8F047002242F23200EF
:10719000EEF750BB6FF06800BDE8F087072208B536
:1071A00003F083F9B0FA80F0400908BDD0E8AF0FD2
:1071B000704700280CBF08460020704718B111B175
:1071C0000846EFF715BA6FF01500704707B580B99C
:1071D00006216846F0F736FA40B99DF80530684652
:1071E00003F03F038DF80530EFF702FA03B05DF8C6
:1071F00004FB6FF01500F9E713B5044680B10621D2
:107200006846F0F71FFA48B99DF80530694603F063
:107210003F0320468DF80530FFF7D0FF02B010BDC8
:107220006FF01500FAE708B5EFF7F0FC10B1103079
:10723000FFF7BCFF012008BDD0E8AF0F704770B565
:1072400006460D464FF0FF304FF0FF3186B0EEF7A7
:1072500069F90446B0B10C3095B10121FFF7BFFDCB
:10726000204606F1100203A908230095EEF748F91D
:107270000022214642F20A00EEF7DCFA06B070BDA9
:107280002946EBE76FF06800F8E71830F9F7B4BF6C
:10729000D0E8AF0F7047032808B501D0EFF712FF11
:1072A000BDE80840EFF722BFD0F8B400003818BF9F
:1072B00001207047D0E8AF0F70472438F0F7D4BAF8
:1072C000002203680BB9184670478B4210D10B6837
:1072D00042B942680360914200D14360002301201B
:1072E0000B60704713604368994208BF4260F5E73E
:1072F0001A461B68E6E710B50446006918B1ECF7BA
:10730000C1FF0023236110BD0F21F0F76BBD73B5E2
:1073100006460C46FFF734FE6D463146A8B1684676
:10732000FFF723FE29460020F1F7D0F858B1238853
:10733000A0F88C306388A0F88E30A388A0F8903035
:10734000E388A0F8923002B070BDFFF732FF034629
:10735000006800909A889B79ADF804208DF806307B
:10736000E0E738B5037A04468B42154615D100F1A3
:1073700070010722284603F098F880B1E3780722CD
:1073800043B904F17E01284603F08FF8B0FA80F08B
:10739000400938BD04F17701F5E70020F9E7012045
:1073A000F7E78378012B0CBF703000207047F8B5E9
:1073B00007460D464FF0FF304FF0FF31EEF7B2F8C1
:1073C0000646D0B10E210C30EDF78AF804460E22A5
:1073D000002103F05BF83B88314623802B88002294
:1073E00063806B8842F21300A380AB88E380EB8854
:1073F0002381BDE8F840EEF71DBA6FF06800F8BDD4
:10740000704710B50446FAF763FB234653F8442B44
:10741000D2F8B41061B96164D2F8B81061B9C2E9A8
:107420002D33FAF7A7FB2068BDE81040F0F7B4BB96
:107430008B42F6D00968EDE70B60C2F8B830F0E790
:1074400070472DE9F843446B2CB154F8085905B145
:10745000083D00270CB9BDE8F883D4E900682EB3D5
:10746000FAF736FB0022D6F8B43004F1440163B1D8
:10747000994233D1636C4ABBD6F8B820C6F8B43011
:10748000914201D1C6F8B8306764FAF773FB04F192
:107490003009002200234846F8F7C4FF064600BB27
:1074A000D8F804300BB1204698472760E3680BB149
:1074B00020469847D8F820300BB120469847DDB1D8
:1074C000AB6803B1083B2C461D46C3E71360D6F8F2
:1074D000B830994208BFC6F8B820D5E71A461B68ED
:1074E000C5E7B36923B16FF06D02F1692068984771
:1074F0003046ECF7C7FECCE72B46E4E7406B28B1FB
:10750000838B08388B4201D08068F8E7704710B54C
:107510004AB989B2FFF7F2FF28B143689B6913B1FA
:10752000BDE81040184710BD38B50D460521FFF7DE
:10753000E5FF002329461A46F1F76AFB044610B11D
:107540002846ECF79FFE204638BD406B28B1838962
:1075500008388B4201D08068F8E7704770470346CF
:10756000006828B15968026888421A6008BF5A60EA
:1075700070470346002003B970471A8A5B681044BD
:10758000F9E710B5D4680231237813B921700120CE
:1075900010BD8B42FBD0038A023B038200201061A6
:1075A000F6E708B503680A8A1868C968F4F762FC48
:1075B000002008BD38B5054601F10C000C46FFF768
:1075C0002DFC2D680146238A2868E26801F083F8C3
:1075D000002038BD70B40668326A5AB3144654F8B5
:1075E000A03903B1A03B002211467CB9438D408BEA
:1075F0008B4201D890421FD9824238BF024699423D
:10760000306838BF194670BCF4F776BC844207D0A6
:10761000658D648BA94238BF2946A24238BF2246F5
:1076200033B1D3F8A05005B1A03D1C462B46DCE792
:107630001D46FAE71146D9E770BC704773B514468A
:10764000014605464FF49572206800F068FF2075EA
:1076500030B92946206801F089F820B9082323753C
:10766000002002B070BD237AB3B1A3F118025342D7
:1076700053419B000193638A29460093AE68238A95
:10768000E2682068B047002808DB238A98420CD1C2
:10769000002301202375E4E70223EBE710F1FF0F3D
:1076A00003D34042C0B22075DAE70E20FBE7F8B5FD
:1076B000936805460F461446166863B95068012161
:1076C0000C30ECF70DFFA0602B681B78002B14BF6B
:1076D000022301230370A3681B78012B03D0022B24
:1076E0001FD000201CE02B681B78002BF9D16068AC
:1076F00004210C30ECF7F4FEE06007802A68E368B0
:1077000052885A806168728D738B088A9A4294BF3E
:10771000C0EB0200C0EB0300042894BF002001204E
:10772000F8BD2B681B78022BDBD1606812210C306E
:10773000ECF7D6FEE06007802B68E268591C023245
:10774000113351F8040B994242F8040BF9D16168E6
:10775000728D738B088A9A4294BFC0EB0200C0EB13
:1077600003001228D9E7D0680431037813B90170F7
:10777000012070478B42FBD0002091680B8A043BAC
:107780000B82106170472DE9F04104468868FFF7CD
:10779000F0FE638D628B0D46934228BF13468342F1
:1077A0001DD300276165D1F808808F60FAF790F942
:1077B00041462046F1F738FD064638B1C5F8088045
:1077C0006765FAF7D7F93046BDE8F081618D638BC4
:1077D0002846994228BF1946F4F712FCF1E76FF0EA
:1077E0007906F0E72DE9F041046A074644B154F800
:1077F000A06906B1A03E0022154607F104080CB9A5
:10780000BDE8F081636D9BB905B98AB94046FFF7C1
:10781000A6FE054658B101462046FFF7B4FF0028F2
:10782000EED07B682B60BB687D6003B9BD602246EB
:1078300036B1D6F8A03003B1A03B34461E46DEE791
:107840003346FAE738B504460D46F1F7EDFC30B1A2
:10785000294604F15800BDE8384002F069B938BD46
:107860001FB5CDE9012300231A460093F3F7B0F8C2
:1078700005B05DF804FB0022036803B970478B4232
:107880000FD10B683AB942680360914200D143605E
:1078900000230B60704713604368994208BF426041
:1078A000F6E71A461B68E8E7D0E8EF3F43F0080226
:1078B000C0E8E12F0029F7D1C3F3C000704737B506
:1078C0000C46054601F10C00FFF7A8FA228A034690
:1078D0000192E2681221009228461322F1F75AFE23
:1078E00003B030BD37B50C46054601F10C00FFF77B
:1078F00095FA228A03460192E26828460092002205
:107900001146F1F747FE03B030BD07B5CA680C2138
:107910001388528800920D22F1F79EFE03B05DF8A5
:1079200004FB07B50022CB680A211B8800920B22BA
:10793000F1F792FE03B05DF804FB2DE9F041CB684E
:1079400004461F88BBB2162B26D90321F1F742FD4E
:10795000064618B302210C30ECF7C2FD4FF01708B1
:10796000002580F80080457031462046FFF76AFF09
:107970002368A4F81A8067851B680433D3E8EF1FD7
:1079800041F48031C3E8E21F002AF7D12046FFF717
:1079900021FE2846BDE8F0810420FBE70E20F9E730
:1079A00070B504460E46002200230846F8F73AFD5B
:1079B000054658B101462046F1F736FC044618B199
:1079C0002946304602F0BFF8204670BD6FF0010432
:1079D000FAE72DE9F04F064685B0104690469946E5
:1079E000FFF7C7FD738B728D8B46934228BF1346FA
:1079F000834275D9736840460393ECF7ABFC4FF0B4
:107A0000000A04464046FFF7B4FDE168228A658A11
:107A10006369AD1ACB1AED1A778B738D9F4294BFB1
:107A2000C0EB0700C0EB0300854228BF054625BB1D
:107A300098F80A00ECF78AFA00220023FFF7B2F95F
:107A4000044608B9574627E001464046ECF7C0FC1B
:107A50004046FFF78EFDE168228A658A6369AD1AA8
:107A6000CB1AED1A778D738B9F4294BFC0EB070042
:107A7000C0EB0300854228BF0546CDF80090DBF837
:107A800004700A4403985946ABB2B847071E07DA98
:107A9000BAF1000F18BF5746384605B0BDE8F08F61
:107AA0000E9BABB9394604F10C00ECF719FD4046CA
:107AB000FFF75FFD738D728BB944934228BF134665
:107AC0008342BA441FFA89F9BCD9AF429AD0B9E7C8
:107AD000394620460F9A0E9B98470028E2D1B1E71D
:107AE0000027D9E700232DE9F34117681446D7F89A
:107AF00004800146137306469522404600F00FFDB0
:107B00000546207330B93146404600F02DFE28B9B5
:107B100008232373002002B0BDE8F081A068798DAE
:107B20007A8B038A914294BFC3EB0103C3EB020338
:107B3000012BEFDD02210C30ECF7D2FCCDE9005532
:107B40008046A38831463846A268FFF742FF031EED
:107B500006DA13F1FF0F2ABF5B420E23DBB2D8E730
:107B60000120A8F80030D6E700232DE9F34117687B
:107B70001446D7F804800146137306469522404602
:107B800000F0CDFC0546207330B93146404600F088
:107B9000EBFD28B908232373002002B0BDE8F08173
:107BA000CDE9005531463846A388A268FFF711FF9A
:107BB000002807DA10F1FF0F32BF0E204042C0B29A
:107BC0002073E9E70120E8E7F8B5054650F8044CD2
:107BD000071F00F14C03D3E8EF1F21F00401C3E8B5
:107BE000E21F002AF7D1FCB12B6D83B9636873B132
:107BF000201DFFF7B4FC064601463846FFF7C3FDDB
:107C000090B163683360A368666003B9A6603846C4
:107C100005F15401FFF7C4FE30B1384604F10C0100
:107C2000BDE8F840FFF7BCBEF8BD38B50546D1E861
:107C3000AF3FDB0716D550F8040C98B12B6D8BB90C
:107C40000430FFF78CFC044660B10146281FFFF7A3
:107C50009AFD38B155F8043C5A6822609A685C6015
:107C600002B99C6038BDF2F725BE70B5CE680446F7
:107C700033880D469AB2162A06D8002204231146EC
:107C8000F2F778FA002070BD172243854283FFF790
:107C9000A1FC0023314620462A8AF1E708B50023DB
:107CA0000A8AC968F2F766FA002008BDFFF7F6BF36
:107CB000FFF7F4BFFFF7F2BFFFF7F0BFFFF7EEBF2C
:107CC000FFF7ECBFFFF7EABFFFF7E8BFFFF7E6BF3C
:107CD000FFF7E4BFFFF7E2BF10B50C46F2F7E6F896
:107CE00090B1036A43B153F84C2CA03BD168A14238
:107CF00009D0D3F8A030F5E7406828B1C368A342A3
:107D000002D00068F9E7104610BD0120704708B5A1
:107D1000F2F7CCF878B1036A6BB1A03B03F15002E3
:107D2000D2E8EF0F20F00800C2E8E10F0029F7D1F8
:107D3000D3F8A030F0E708BD08B50421FFF705FC33
:107D400020B14C30D0E8AF0FC0F3C00008BD70B513
:107D50001C460E461546F1F743FA0123C0E90365B8
:107D6000C380047570BD10600020704710B5029C80
:107D7000A36833B1B1F5807F28BF0E21CAB2214676
:107D80009847A37DE268013BDBB2A37522B11BB922
:107D90002046BDE81040104710BD106091800020C3
:107DA0007047F0B5076806463D78144689B0E5B9D6
:107DB0007B88B3F5245F04D011D8A3F52053032B9F
:107DC00013D8ADF80A10022220460DF10A01F2F78D
:107DD00053FB70B16FF01503C4F85C3106E003F596
:107DE0005643FF339BB2042B20D90125284609B006
:107DF000F0BD7B88022220460DF10A01ADF80A3061
:107E0000F2F73AFB0028E5D1009003AA132331468C
:107E10007768B847021E02DAC4F85C21E6E703A9D6
:107E20002046F2F729FB0028DFD0D3E7ADF80A108F
:107E3000022220460DF10A01F2F71EFB0028C9D1EB
:107E40007B880222ADF80A300DF10A01E8E707222B
:107E500008B502F02AFBB0FA80F0400908BDD0E86E
:107E6000AF0F7047034610B5D3E8EF0F40EA0102A9
:107E7000C3E8E42F002CF7D110BD0B6803608B889A
:107E800083808B7983717047034610B5D3E8EF0F79
:107E900000EA0102C3E8E42F002CF7D110BD2DE960
:107EA000F04107460C4600264D1C01F129082946E1
:107EB00015F8010CF0F734FB30B1B5F807309E42ED
:107EC00038BF1E46EFF716FE0A354545EFD1238D24
:107ED000B34207D0E36A268523B131463846BDE870
:107EE000F0411847BDE8F08110B5144602210C306E
:107EF000ECF7F6FA63890380002010BD10B5144634
:107F000004210C30ECF7ECFA23890380E3894380E9
:107F1000002010BD10B5144602210C30ECF7E0FA39
:107F200023890380002010BD10B5144604210C30B5
:107F3000ECF7D6FA2389038063894380002010BDC3
:107F400038B5154600F10C0404212046ECF7C8FAB8
:107F50002B890380EB8943802B7C33B94FF420516C
:107F60002046FEF743FF002038BD42F60101F7E747
:107F700038B5154600F10C0404212046ECF7B0FAA0
:107F80002B890380EB8943802B7C022B04D0032BAD
:107F900009D02B68598801E042F602012046FEF71D
:107FA00025FF002038BD42F60301F7E770B51446FF
:107FB000002500F10C066268EBB29A4205F101055A
:107FC00001D8002070BDA268304632F81310FEF7C9
:107FD0000DFFF0E7FFF7EABFF7B5089D06460C4630
:107FE0002F6851B973B900232A460893E1B230468D
:107FF000BC4603B0BDE8F0406047B1F5807F28BFC4
:108000000E24F0E7009313462A46B8470894234607
:108010002A4621462F68EAE738B50C4619466BB167
:1080200003F114055B6982B9E268A360954200D14F
:10803000E36000230D681A464B61A847A36853B953
:108040002046BDE83840F2F7F3BA1360E3689D427A
:1080500008BFE260EDE738BD2DE9F0410D46069C12
:1080600006466FF0040104F11000FFF70DFF45B361
:108070003046F2F765FA074680B16368B5F5807F50
:1080800028BF0E251BB122463046E9B29847BB688F
:1080900023B10022196804F114050BB9BDE8F08181
:1080A000AB4206D1234639463046BDE8F041FFF7E2
:1080B000B3BF21B108681A460B460146EDE70846F2
:1080C000F9E763681BB12246294630469847A389E1
:1080D000002BE3D1256821463046AC46BDE8F0418F
:1080E0001A466047F0B50D4687B0114606461A4657
:1080F0000C9C5DB983B92768002322463046BC46F4
:10810000E9B20C9307B0BDE8F0406047B5F5807F59
:1081100028BF0E252768EFE703A8FEF747FEBDF846
:108120001030012B08D80023009322461946304610
:108130002568A84707B0F0BD022103A8ECF722FA92
:108140000346BDF8102033F8027B0021974228BF78
:1081500017460097224630462568A847394603A8A7
:10816000ECF710FADBE738B5BDF810401546A2422F
:108170000CD84CB16BB1A41A8C42A8BF0C46A4B267
:108180002246591902F05CF9204638BD6FF006040A
:10819000FAE76FF00D04F7E730B585B0C96814460B
:1081A0001D46F2F7B1F900B100890223ADF80E00C7
:1081B000009329462046BDF820200DF10E03FFF75D
:1081C000D2FF05B030BD1FB50C461946E368104616
:1081D0001C78BDF818203CB110240133069404B07B
:1081E000BDE81040FFF7BFBF5B88ADF80E3002233B
:1081F00000930DF10E03FFF7B6FF04B010BD30B5CC
:108200001D46002385B014468DF80C30F2F742F974
:1082100010B1037A8DF80C300123294600932046D3
:10822000BDF8202003ABFFF79EFF05B030BD38B589
:10823000144600F10C0506212846ECF751F9238974
:108240000380E3894380237C002B42F6010308BFAF
:108250004FF42053838021680B781BB1022B06D08A
:10826000002038BD28464988FEF7C0FDF8E71022F7
:1082700028460131FEF7A7FDF2E738B5154600F1B3
:108280000C0404212046ECF72BF92B8903806B8921
:108290004380E9680B782BB920464988FEF7A6FD94
:1082A000002038BD102220460131FEF78CFDF7E793
:1082B000002203680BB9184670478B4210D10B6837
:1082C00042B942680360914200D14360002301201B
:1082D0000B60704713604368994208BF4260F5E73E
:1082E0001A461B68E6E708B5F2F7F2F818B1002362
:1082F00003604360836008BD70B500F170060546F9
:108300003146007AFEF7DEFE04463146287A1CB17B
:10831000BDE87040FFF7E7BFF2F7DAF810B104608C
:108320004460846070BD022A10B508D1002300F1BA
:1083300070011A46007AF2F7A9F9022010BDFFF782
:10834000DBFFFAE72DE9F84306460D464FF47020AF
:10835000002117469846DDF82490F1F7D1FE044637
:1083600060B14560C7604A4630469DF82010F1F77D
:1083700097FE054638B92046F1F7ECFE6FF00B0585
:108380002846BDE8F883002201231146FFF7DFFCF1
:108390002846A5603A464946C047054618B12046DA
:1083A000F1F7D8FEECE721463046F2F705F805462E
:1083B0000028E5D0F3E738B5144600F10C0502219A
:1083C0002846ECF78DF863890380A1892846FEF7DB
:1083D0000DFD042104F11000FFF744FD002038BD1D
:1083E00001210C30FFF73EBD38B504461546FFF7B6
:1083F0008CFC40B12046F2F74DF820B1037ADB0740
:1084000001D5FFF7EDFF35B9207A04F17001F2F7DD
:108410005FF800B1856038BD38B5BDF81010BDF803
:1084200018401046A142059D0CD84CB16DB1641A9C
:108430009C42A8BF1C46A4B22246294402F000F880
:10844000204638BD6FF00604FAE76FF00D04F7E739
:1084500013B5044610B9002002B010BD00238DF8FA
:10846000043042F60303006801A9ADF80630FEF7B8
:1084700021FD0028EFD1E36898880028ECD1204640
:10848000F2F766FA013080B2E6E770B5CC681E46B6
:10849000A37988B008468DF80C301546FFF7D8FF51
:1084A000ADF80D00246823786BB96388ADF80F3000
:1084B0000523009331462846BDF8302003ABFFF773
:1084C00052FE08B070BD631C0DF10F02113453F859
:1084D000041BA34242F8041BF9D11323E9E71FB59B
:1084E000CDE9012300231A460093F2F771FA05B093
:1084F0005DF804FB002313B58DF8043042F6030346
:10850000044601A90068ADF80630FEF7D3FC18B99F
:108510002046F2F779FB0446204602B010BD4B8A94
:1085200012F0010FC3F30E0304D013F0950F10D017
:10853000486870B112F0020F04D013F4957F0AD08E
:10854000896841B1134013F4DE7F14BF0520002079
:1085500070470220704703207047F8B50F465168F6
:1085600006464B8A144603F0940313BB0122F2F72C
:108570005DFB08B3A2891B2130460232F1F790FD62
:108580000546E0B1A1890C300231EBF7A9FF20F8D4
:10859000027BA289A16801F053FFD4E904122846A6
:1085A0000123FFF7D4FB29463046BDE8F840F1F738
:1085B000B9BE4FF0FF30F8BD6FF01500FBE76FF06C
:1085C0000B00F8E770B50B460546144629B921465D
:1085D0002846F2F723FE28B970BD4FF6FF7291428C
:1085E00007D121812246284663680021BDE87040FA
:1085F0001847E28901339BB29A422381E7D2F1E71F
:108600002DE9F04F89B006461446129F11B913F0B8
:10861000030807D03A46002130467B6809B0BDE820
:10862000F04F1847C14642F6010A03F47F73D5188C
:10863000AC4207D13A464146304609B0BDE8F04F5A
:10864000FFF7C0BF3A7C6388002A14BF52464FF43C
:108650002052ADF802201022ADF808301FFA83F83E
:108660003B68B4F800B000210DEB020001938DF8D7
:10867000009001F00BFF01AB06933A4630467B6851
:10868000CDF80CD0ADF81CB003A9984704340028ED
:10869000CED109B0BDE8F08F73B504460D46F9F7A9
:1086A00017FA29462046FFF717FB014620B902B00A
:1086B000BDE87040F9F75EBA46682046F1F7B4FEAF
:1086C000F9F758FA2EB100230E211A4620460095DC
:1086D000B04702B070BDF7B50D46044616461F46BA
:1086E000F1F72EFF014628B133462A46204600976F
:1086F000F3F790FB03B0F0BD2DE9F0410546884645
:10870000F1F7C8FE0446D8B1037ADB0718D500F1AB
:108710000C073846FFF7A3FB10F0010610D1B8F1A3
:10872000000F0ED06FF002013846FFF7ADFB10F0DE
:10873000020F284608D0FFF7EAFA2046FFF750FE5E
:1087400001263046BDE8F081FFF7DFFA0028F8D0B7
:108750002846FFF7F1FA0028F3D06FF002013846FF
:10876000FFF792FB2846E6E701207047012070479B
:1087700013B5C068144668B100238DF804304FF477
:10878000C05301A9ADF80630FEF794FB10B9236879
:1087900001332360012002B010BD0021F8B54FF075
:1087A000FF324FF0FF3305460846F0F7E3F900F1DA
:1087B0000C07044601213846EBF792FE05260121FD
:1087C00006703846EBF78CFE002306701A462146E9
:1087D0002846F0F71DFA10B12046EBF753FD0020B4
:1087E000F8BD6FF0850070470020704700692830A1
:1087F000F7F7CABE08B50020EBF7D4FF002008BD8C
:10880000F8B5069F05460469C9B2EFF3118C202024
:1088100080F31288BFF36F8F0C2606FB0146D6F853
:10882000880000F0070EBEF1010F11D1C6F8887064
:1088300000268CF31188BFF36F8F3EB90C204143A3
:108840000C44C4E920236B685B5898473046F8BD58
:1088500000F0C00087420CBF6FF077064FF0FF3684
:10886000E7E713B580240094FFF7CAFF02B010BDFC
:108870000069CBB200EB4310002110470320F5F74D
:10888000E7B80220F5F7E4B80320F5F715B90220A0
:10889000F5F712B91046F7F777BEF5F7EFBAF5F727
:1088A0009BBA8022F3F7F4BD0A2810B5044602D122
:1088B0000D20F3F7DDFFE0B2F3F7DAFF204610BD3D
:1088C0000020704708461146EDF73AB8002208B577
:1088D00011461046FBF7CAFB002818BF6FF01500C1
:1088E00008BD436800205B681B690B6070474368E4
:1088F00002EA01005B6821EA020198600020D96069
:108900007047436800205B689960704743680020A7
:108910005B68D960704743685B685A6821EA020067
:10892000114098600020D9607047F5F707BF10B577
:1089300000690F299FBF00EB810440F821202364C8
:10894000002088BF6FF0150010BD00207047102078
:10895000704730B543681360057A446804EBC5047A
:10896000A34202D36FF0010030BD5C7908338C4222
:10897000F1D10020F8E743681B68D3F88004C3F8FE
:108980008004704742681368D3F8100150B100208A
:10899000126A12780A70C3F81001D3F8102101226C
:1089A0001A6070474FF0FF307047002A0FDD4268B1
:1089B0001368D3F8100158B10020C3F81001D3F8A0
:1089C00010010120126A12780A70186070470020A6
:1089D000704710B543681C680369EFF311802022CB
:1089E00082F31288BFF36F8F1A68D17B39B9917304
:1089F00001221B68DA734FF48003C4F8043380F358
:108A00001188BFF36F8F10BD03691A68D17B21B144
:108A10000121917300221B68DA73704702690346D3
:108A20001168C87B40B15B681B68D3F8580118B166
:108A300000230B6113689889704743681B68D3F85B
:108A40001001003818BF0120704743681B68D3F835
:108A50000423D2065CBF1022C3F804237047436886
:108A60001B68D3F80423D20644BF1022C3F808239E
:108A700070474FF4007243681B68C3F804237047C3
:108A80004FF4007243681B68C3F80823704738B579
:108A9000436804461D68D5F804335B0205D4D5F855
:108AA000040310F0100006D138BDFFF7B7FF00280F
:108AB000F5D00120F8E72046BDE83840FFF7BDBFFC
:108AC000012070470369186801601B685A6070478D
:108AD00002680346D2F8580140B95B68DB0706D448
:108AE000D2F82001003818BF0120704701207047DC
:108AF00010B4436802691B68D3F80413C90517D57D
:108B0000D3F82011A1B1EFF31181202484F312884E
:108B1000BFF36F8FD3F8204134B10024C3F8204154
:108B2000D3F820410124DC6081F31188BFF36F8FFB
:108B30001168D3F8584171B17CB100240C611168FF
:108B4000C97B19B94FF48001C3F8081311688C7BF5
:108B50001CB100238B7310BC7047D3F8241121B1D2
:108B60000021C3F82411D3F8243112681368002BB4
:108B7000F1D0516810BC184713B501AA0446FFF79D
:108B8000E8FE002805DB019B226819791868F4F7D4
:108B9000CFF902B010BD2DE9F041066905463368F2
:108BA00001279C8910339442A8BF1446D3E8EF2FC5
:108BB000002A03D1C3E8E07F0028F7D10CBF3B4671
:108BC00000232BD133682246986801F039FCEFF37B
:108BD0001188202383F31288BFF36F8F69680846DA
:108BE000FFF776FF326840B90446106188F31188B8
:108BF000BFF36F8F2046BDE8F0810B689268C3F821
:108C000044250022C3F84845C3F82021D3F8201199
:108C1000C3F85821D3F858219F60E7E71C46E9E7DD
:108C200008B5F4F759FB08BD08B5F4F70BFD0020B3
:108C300008BD08B5FAF7C4FD48B1002383F31188D5
:108C4000BFF36F8F0423184602DF6FF0040008BDE6
:108C5000FBF760B94FF47F03D3F83021D3F8340128
:108C6000022808BF072A0CBF0120002070470346D6
:108C70000020184700F0FBBE024610B5116891B104
:108C8000B1FA81F3C3F11F000123834021EA0303FA
:108C9000D2E8EF4F8C4204D1C2E8EC3FBCF1000FA8
:108CA000F6D1EBD110BD6FF00B00FBE710B50368F8
:108CB000CB40DB0710D401238B40026843EA02015A
:108CC000D0E8EF4F944204D1C0E8EC1FBCF1000F94
:108CD000F6D1F2D1002010BD6FF01500FBE770B5A2
:108CE000D0F880300646002B0C46154613DBD1F831
:108CF0008030002B0FDB00210846F4F7D5FD48B982
:108D00002B7843F00043C6F880302B7843F00043C3
:108D1000C4F8803070BD6FF01500FBE741F00041F2
:108D2000C0F8801000207047C000C0B200F1A04021
:108D300000F5B8307047C0000430C0B200F1A04068
:108D400000F5B830704708B5F4F740FFF5F7B0F814
:108D5000F5F718F8BDE80840F4F7A4BF38B54FF0B0
:108D600050240123C4F808336360002342F21075D5
:108D7000C4F80031D4F80031D4F80C24D4F80C3401
:108D8000D20306D5DB0704D50120FFF773FF013DB1
:108D9000F2D138BD38B54FF050244FF48073C4F889
:108DA00008330123E361002342F21075C4F8203137
:108DB000D4F82031D4F85434DB0304D50120FFF774
:108DC00059FF013DF6D138BD38B54FF050244FF46E
:108DD0000073C4F8083301236362002342F2107564
:108DE000C4F82431D4F82431D4F85C34DB0304D53E
:108DF0000120FFF73FFF013DF6D138BD38B54FF0F8
:108E000050240223C4F808330123E360002342F214
:108E10001075C4F80431D4F80431D4F81834DB03E5
:108E200004D50120FFF726FF013DF6D138BD4309E7
:108E30000AD0012B0BD14FF6FF7300F01F0023FA6D
:108E400000F000F0010070474FF0FF33F5E700201D
:108E5000704710B504460846F5F774F804EB400473
:108E6000207DC0F3401010BD10B504460846F5F74C
:108E700069F804EB4004A08A00F01C00003818BF19
:108E8000012010BD10B504460846F5F75BF804EB69
:108E90004004207DC0F3400010BD10B50446FFF72C
:108EA000F1FF20B12046BDE81040FFF7D2BF10BD52
:108EB00010B504460846F5F745F804EB4004A08ACF
:108EC000400B10BD70B5044608461646F5F73AF853
:108ED000083034F810300D46DA0509D5C3F34323C2
:108EE00004EBC3023146284654F8333052689847A1
:108EF000A3682BB131462846E268BDE870401847A8
:108F000070BD2DE9F3411746DDE90858019001A82D
:108F10000C461E46F5F758F8019B391E18BF012173
:108F200000EB8300231E18BF0123002E43EA4103F8
:108F30000CBF00210C21002D43EA01030CBF0021CE
:108F40004FF47061B8F1000F43EA01030CBF002138
:108F50004FF44031D0F800220B4322EA030304B15E
:108F600024780FB13F787F001C430EB13678B600ED
:108F70003C438DB1297809023443B8F1000F03D086
:108F800098F800804FEA0848214341EA0801C0F8F8
:108F9000001202B0BDE8F0812946EDE71FB50DF1E2
:108FA0000F03019300238DF80F101A461946009302
:108FB000FFF7A7FF05B05DF804FB2DE9F04700259A
:108FC0000446884617462E464FF00109AA46BE427F
:108FD0000CD1D4F87C3133B10023C4F87C31D4F8FF
:108FE0007C3145F000452846BDE8F087F0B2F5F742
:108FF00019F8A0F580739B0809FA03F318EA030F28
:1090000005D022581AB144F800A022581D43013659
:10901000DDE738B504460D46FFF71BFFA8B1204633
:10902000FFF730FF88B92046FFF742FF012322688F
:109030008340C2F80833236803EB8000D0F8103572
:1090400023F00303C0F8103538BD2846BDE838408A
:109050000021FFF7A3BF2DE9F04389B0109E04461D
:10906000894690460021202268461F46129D01F045
:109070000DFA1F2E97BF01234FF0FF33B34003F1CA
:10908000FF332361119BC4E90098C4E90276636150
:10909000183445B10FCD0FC495E80F0084E80F00D8
:1090A00009B0BDE8F0836D46F4E773B50468651C4C
:1090B00031D08568A9422ED264182CD05E18AE42F9
:1090C00088BF6B1A056A35B100930523A84703468C
:1090D000184602B070BD2146BFF35B8F184618B129
:1090E00042EA0104A4070AD103280EDC0139104426
:1090F0008242EDD011F8014F02F8014BF8E711F868
:10910000014B013802F8014BE9E751F8044B0438F0
:1091100042F8044BE8E76FF02103D9E773B5046820
:10912000651C31D08568A9422ED264182CD05E18F7
:10913000AE4288BF6B1A456A85B92146184618B1F8
:1091400041EA0204A4070ED1032812DC013A0844C4
:10915000814214D1BFF35B8F184602E000930523D0
:10916000A84702B070BD12F8014B013801F8014B5D
:10917000E5E752F8044B043841F8044BE4E712F8F1
:10918000014F01F8014BE3E76FF02100E9E773B508
:1091900004681D46661C2BD08368994228D2641847
:1091A00026D06E189E42866A88BF5D1A2EB10523AE
:1091B0000095B047284602B070BD4FF001302146FF
:1091C0002B4650430BB18C0707D1032B09DC0B4412
:1091D00099420AD1BFF35B8FECE701F8012B013B09
:1091E000F0E741F8040B043BEFE701F8012BEFE750
:1091F0006FF02100DFE70020704710B4046B0246D7
:109200000B4684B9C1681F2998BF23FA01F441684D
:1092100061B18068834209D21069184051F8243046
:10922000184410BC7047234610BC18474FF0FF305D
:10923000F7E770B5436B05460E46E3B90469621C57
:1092400009BF43680C401C680C1B21462846FFF7E9
:10925000D4FF864207D02B6901331C44AB689C4283
:10926000F3D34FF0FF342868431C07D0AB68A34208
:1092700004D9204470BD98470446F4E70020F9E77C
:1092800030B5059CC4E90002039A21811989E26086
:10929000049A618121856261D3E9002502EB011303
:1092A000C4E906128A1C236203EB42036A1C1344BE
:1092B0006D422B406362836953B90139E2698B4285
:1092C00002EB031206DB002393736FF07F03D3736B
:1092D000002030BD0133D381F0E72DE9F04FB0F825
:1092E00030A004465546002685B002EB030891469F
:1092F0000E9A00EBCA031FFA88FB9A63A3F83CB0EE
:1093000008F1FF32C3690F1D0192B0451ADC238DAD
:109310002586A3EB0B032385236A61895A880139CB
:109320000A4003EB4203A3F804A0BFF35B8F0020C5
:10933000226A538801335380638D0133638505B0FE
:10934000BDE8F08FE06A2A0157F8041C03EB05150D
:10935000029303680392C91A83680837994228BFA9
:109360004FF0FF31FFF749FFDDE90232985000224C
:109370006A6057F8082CAA60019A9642ACBF002296
:109380000122B145D8BF42F00202AA810136ED891F
:10939000BBE7F0B550B3456A448E6B88A34230D02A
:1093A000631C43864389BFF35B8F013B1C4005EB85
:1093B000C4056B689EB209B1AD680D60D0F81CC0E1
:1093C0009BB20CEB031100EBC3039D8F078D2F4461
:1093D000013D07859D878D896F070ED5058ECD814F
:1093E00000210686986B996302B11480F0BD9D8FB1
:1093F000C989013D0CEB01119D878D89ED07F6D4DC
:10940000ECE70020F2E7C36903EB011398687047AB
:10941000C36909015958C06AFFF70BBF70B5BFF3A4
:109420005B8F0D46016A1646838E4A8804469A422F
:1094300012D05A1C82864289013A134001EB430143
:109440008988298089B2FFF7E3FF2A88E36903EB63
:1094500002139B68336070BD0020FCE710B5026802
:1094600093691269920017D543B9438E026A8169E4
:109470004489013B1B1B02EB4102938003689B69FB
:10948000012B08D1838E426A81694089013B1B1AF6
:1094900002EBC102938010BD23B9026A138843F026
:1094A0000103138003689B69012B01BF426A138883
:1094B00043F001031380EEE710B5BFF35B8F026842
:1094C00004469369126992001AD57BB9036A426A0D
:1094D0005B888169013B02EBC10292889B1A628D15
:1094E0009BB29A4214D80023638510BD012BFAD198
:1094F000436A026A5B888169013B02EB4102ECE747
:1095000063B9436A1B88DB4303F00103002BEAD0F5
:109510006369002BE7D020469847E4E7012BE2D1AE
:10952000036AEFE7036A828E598891420AD0418923
:1095300001390A4003EB42039A88C36903EB021323
:109540009868704700207047BFF35B8FC36803B112
:10955000184770474FF0FF324FF0FF33F7F778B8F6
:1095600010B1C36A0133C362704738B1C26A013AAD
:10957000C2621AB9026B02B110470262704770B53D
:109580000446056A05F164063046FFF7E3FF636AA7
:10959000A3F580637F2B0BD801225909503503F0C6
:1095A0001F039A4055F8213023EA020345F8213081
:1095B000D4E90F124A60E16B04F13C0311602046CC
:1095C000C4E90F33FFF7D1FF3046BDE87040F6F72E
:1095D000DBBF10B5436A8CB00A93202304460246D1
:1095E0000B9102A8194600F023FA28230122CDE9A5
:1095F000003220463522616A02ABF5F7A1FD00EA90
:10960000E0700CB010BD30B1006A20B119B1D0F8D3
:10961000803003B11847704730B1006A20B119B1EA
:10962000D0F8843003B11847704730B1006A20B1D8
:1096300019B1D0F8883003B11847002070472DE9E0
:10964000F84307468846154699460668B74203D14F
:1096500000242046BDE8F8836A1CA6F13C0402D031
:10966000636AAB42F5D0B8F1000F10D0202241461A
:10967000204600F02AFF50B9B9F1FF3F02D0A36A9B
:109680004B45E6D06B1C02D1A36A0133E1D03668AA
:10969000DCE770B505460C461E46CAB120232046BD
:1096A000194600F0C5F90123E362049B6662A362D8
:1096B000059B25626363069BA363079B63646A68DB
:1096C00004F13C03C4E90F526B60226C136070BD5F
:1096D0000A70E8E710B5044690B1036A83B10278D6
:1096E0004AB193F89C3033B1436AB3F5806F02D32B
:1096F0000121FFF76EFF2046BDE81040FFF73FBF96
:1097000010BD20B1036A13B15B6803B118477047FD
:1097100008B530B1036A3BB1DB682BB19847002034
:1097200008BD6FF01500FBE76FF00500F8E7704724
:10973000F6F72ABF4FF0FF324FF0FF33F6F788BF3E
:10974000F8B500F16407A1F11006054638460C464D
:10975000FFF7F0FF3046F5F7A9FD80B154F8083C5B
:1097600024F8083CD5F8C43044F80C3C05F1C0039B
:1097700044F8103CC5F8C46054F80C3C1E603846F0
:10978000FFF7D6FF0020F8BD38B50D4600F16404A0
:109790002046FFF7CFFF55F8083C204603F58033FD
:1097A00045F8083CBDE83840FFF7C2BF2DE9F0435B
:1097B000282A89B08846109D52D1D5F8B8002023B8
:1097C00001688468A8EB0101A14228BF4FF0FF3176
:1097D0006A46FFF76AFC05F16406D8F82090304627
:1097E000FFF7A8FF4B464FF0FF3269462846FFF7C8
:1097F00026FF044640B3076B003F18BF0127D8F887
:109800002430DB0722D514B14FF0FF33A36217B128
:109810002046FFF7A5FE3046FFF78AFF1CB1A36B79
:109820000BB120469847AB6F1BB14A4669462846A4
:109830009847AFB13046FFF77DFF2046FFF795FE12
:109840003046FFF775FF0BE00746D8E764B93046AE
:10985000FFF76EFF6B6F1BB14A4669462846984773
:10986000002009B0BDE8F083C4F82890E8E770B59F
:1098700000F16406A1F1100504463046FFF75AFFD7
:109880002846F5F713FD38B120462946F5F7E8FDDF
:10989000D4F8B000FFF710FE3046BDE87040FFF787
:1098A00047BF10B548B149B143688B4206D38268BF
:1098B0000468D21A5B1A4360A01810BD0020FCE7B0
:1098C0002DE9F3470546D0F8AC000E46174618B907
:1098D000002002B0BDE8F087036A002BF8D09B6837
:1098E000002BF5D098474307F2D543F69823002F75
:1098F00018BF1F4605F1640805F1C0094046FFF78F
:1099000019FFD5F8C0404C4532D08CB3D4E90023C0
:10991000536022681A60C4E90044D5F8AC3021894C
:109920009B69ADF8061013B9D5F8A0303360D5F8AF
:10993000AC309B69012B04D1D5F8B400FFF763FD6F
:1099400030604046FFF7F4FE002C4BD1002FBFD013
:10995000D5E92B32182112891B6B01FB0233D5F894
:10996000C820AABB21200021F8F780FA013FC5E7F3
:10997000D5F8AC30D3F818A0BAF1000F1CD131469D
:10998000D5F8B4000DF10602FFF703FD04460028E8
:10999000D7D1D5F8B4301B8D0BB90024D1E7D5F859
:1099A000A010D5F8BC00FFF77CFFD5F8A030044626
:1099B0003360ADF806A0C4E7BAF1010FEDD132462D
:1099C000D5F8B4000DF10601FFF728FD0446B8E70D
:1099D0001969284690476FF4FB639842C2D000286B
:1099E0008CD075E7BDF8063004F1100003F5803324
:1099F000A3603368103B33606BE720B119B112B13B
:109A0000C0E901220160704738B5044618B938BD75
:109A10003C38FFF75FFE20688442F9D10025D4F876
:109A2000AC00C4E92C55FFF76CFEC4F8AC50EEE76F
:109A3000F8B50446A1B199420E4628BF1E46751CD2
:109A4000013D05D012F8017B00F8017B002FF7D112
:109A5000994207D9891B4A19002100F017FD711B93
:109A60000846F8BD00230C4404F8013CF7E708B1B0
:109A7000EAF742BE704740B1C368587810F0010061
:109A80001EBF1878B0FA80F04009704710B400F19A
:109A90000C04C0E903440024446110BCE8F75EB83C
:109AA00010B582696AB1C36842EA0301890708D127
:109AB0004169A2FB011424B95B182CBF01210021CC
:109AC00002D36FF0150005E001619B1A42698A42DA
:109AD00001D8002010BD026901311A60826903615A
:109AE0009B1AF3E710B5C0E905320023C160C361DA
:109AF00083600446FFF7D4FF08B9C4E9004410BDF1
:109B000090F90E308B4201D0F7F70EBF002070475E
:109B100003460020C3E90033C3E902007047002375
:109B2000C0E90033836000F10C03C0E903337047E0
:109B3000012307B5009300230A461946F6F7CEFB2A
:109B400003B05DF804FB002307B50A4600931946ED
:109B5000F6F7C4FB03B05DF804FB3AB18A4205D3C3
:109B6000C0E90212C0E90000002070476FF0150044
:109B70007047012302688B4022EA0303036022FA44
:109B800001F000F001007047704710B50321044652
:109B90000C30FFF7EEFF30B104F11000F8F774FD60
:109BA000B0FA80F0400910BD20B100229430114677
:109BB000F8F7D8BA704770B5C3680446C3F34006D7
:109BC0009B0716D4856802210C30FFF7D2FF80B1C5
:109BD000D5F88C206AB194421DD122689EB9D5F87F
:109BE0009030C5F88C209C4201D1C5F8902000230C
:109BF0002360E36813F01F001EBF43F00203E3601D
:109C000040F0020070BD3260D5F89020944208BF49
:109C1000C5F89060EBE716461268DBE710B5F6F77B
:109C2000EDFF041E08DDEFF31180202383F312887B
:109C3000BFF36F8FF7F738FF204610BDEFF30580B5
:109C4000003818BF012070476FF0570070470020A0
:109C50007047D0E9003213605A600023C0E9003336
:109C6000704738B504460D46F7F786FC237C43F071
:109C700002032374D5B1A5602B689D4209D16B689E
:109C8000C4E900531C606C6010E06A689A42F6D028
:109C90001B68002BF3D093F90E1094F90E2091421B
:109CA000F3DD5A68C4E9003214605C6038BD10B559
:109CB000037C044613F0280F0CD183680BB1F7F72F
:109CC0000FFD237C204623F004032374BDE81040DD
:109CD000F7F7F4BB10BDF7F7CBBC38B50546046801
:109CE0000020AC4200D138BD002CFCD02046F7F754
:109CF000F7FC04F11800F8F7C7FC2046F7F7DEFB85
:109D00002C680120A542EDE708B50246F8F7CCFB28
:109D100070B1D0E904319B1A61EBE272B3F1004FEC
:109D200072F1000104DA002AACBF1846002008BD19
:109D30006FF00040FBE708B5F8F7A6FD08BDB3F1EA
:109D4000FF3F08BFB2F1FF3F70B506461D461446FF
:109D500014D01A4316D0002B08DBF8F795FD041930
:109D600041EB0501C6E90041304670BD6FF00103CB
:109D70001C1B4FF0FF3363EB0501F3E74FF0FF349B
:109D80002146EFE70024FBE7B3F1FF3F08BFB2F144
:109D9000FF3FF8B5074616461C4610D054EA0203AA
:109DA00011D0F8F771FDB0420A46A14103460AD22C
:109DB000F31A64EB0204C7E900343846F8BD4FF0EB
:109DC000FF331C46F7E70023FBE710B50B6804469A
:109DD000D0E9180212F0010F03EA000301D0984203
:109DE00011D183B12366520748BF4A6804F11800B5
:109DF00044BF1A434A60F8F747FC00232046C4F8E2
:109E00008030FFF754FF002010BD0A46F8F778BDF8
:109E1000002A0CBF04220622F8F7B2BD20B1011FB0
:109E200050F8040CF5F75CBF70477047002070478E
:109E3000704710B5044608B1F9F78CF82046BDE824
:109E40001040F9F777B80346C068F8B15888E8B110
:109E50001B8803F44F42B2F5824F02D0B2F5884F0F
:109E600009D1DBB2272B2AD008D8172B0FD0222BF1
:109E700034D0122B16D06FF085007047302B2FD0C6
:109E8000413B012BF7D8FF2839D100207047C0286B
:109E9000FBD0E128F9D0B0F5807F14BF6FF08600C9
:109EA0000020704720F02003C02BEED020F080036C
:109EB000B3F5807FE9D040F209239842EDE7E92825
:109EC000E3D0EF28E1D040F21B139842DDD040F2FE
:109ED00099139842D9D040F23B23EEE7E928F1E705
:109EE00020F02003C02BD0D020F04003B3F5807FBA
:109EF000CBD0B0F5C07FC8D0B0F5007FCDE7B0F5CE
:109F0000E07FCAE73AB1002918BF00232121D21A05
:109F1000184400F0BBBA704741F2062398421AD8A1
:109F2000B0F5905F09D241F2010398420CD0B0F530
:109F3000885F09D06FF0850070476923A0F59050C5
:109F400080B2C340DB07F5D511F0070F14BF6FF0E7
:109F5000860000207047B0F5105FEBD121F0400380
:109F6000802B06D0B1F5807F14BF6FF086000020F3
:109F700070470020704770B5446A05460E463CB9EC
:109F80000120F8F7D1FF686228B12046AE6270BDAB
:109F90006FF08A00FBE76FF08C00F8E7F8B51E461B
:109FA0000F4615460388C2B103F4E043B3F5805F62
:109FB00002D0B3F5005F10D1089BE900196000885A
:109FC000FFF7AAFF044630B92A463946304600F06A
:109FD00037FA079B1D602046F8BD6FF08504FAE74D
:109FE00010B50446406A10B1A16AFFF722FF0020B5
:109FF000C4E9090010BD38B50446FFF7F1FF237F1F
:10A00000012B0FD0023B012B0FD8236A012B14BF69
:10A010006FF0960500252C220021204600F036FA2C
:10A02000284638BD236A002BF1E76FF09605F2E76A
:10A0300010B50368044643B100F0FEF80023236026
:10A04000A3886FF30803A38010BD1846FCE72DE931
:10A05000FF41984600230C460168054616460393C7
:10A06000002939D14FF4A872083000F00FFAB8F186
:10A07000000F204633460CBF4FF400624FF480625D
:10A0800003A9F9F709F90446B8B9039F304639889E
:10A090002A1DF9F77DF9044678B96B79394668F3DA
:10A0A00000036B71D7E9092328460096B8F1000F29
:10A0B0000FD0F9F701FD044610B12846FFF7B8FFAD
:10A0C0000398F9F7E3FC002C18BF204604B0BDE864
:10A0D000F081F9F711FDEEE76FF08804EDE7012359
:10A0E000FFF7B5BF38B50368054614464BB132B12A
:10A0F00000F08DF8044610B12846FFF799FF20467E
:10A1000038BD6FF08804FAE72DE9F0411646026881
:10A1100005460F469846F2B14279D2071BD502791F
:10A12000CAB1B2421AD800F07BF8044618B1002335
:10A13000C8F800602B7137B1324621463846D8F84E
:10A140000030FFF7DFFE2846FFF772FF002C18BF34
:10A150002046BDE8F0816FF08804E8E76FF08904DD
:10A16000E5E7034668B1017F8A1E012A0BD803295F
:10A17000026A03D1012A01D1FFF73DBF1AB1013AAA
:10A180001A62002070476FF096007047C0B2002836
:10A1900014BF6FF0850000207047002070477047A3
:10A1A00000226FF086001A60704710B44468240AD9
:10A1B00002D110BCFFF7F2BE6FF0860010BC7047F2
:10A1C00013B504464868000A0AD10498009004F1C7
:10A1D0000800F9F70BFD08B91C23236002B010BD7D
:10A1E0006FF08600FAE710B404681C2C03D110BC91
:10A1F0000830F9F727BD6FF0860010BC7047036880
:10A200001C2B02D1083000F006B90020704703680B
:10A210001C2B02D1083000F0D9B86FF086007047CF
:10A2200010B404681C2C03D110BC083000F0D7B85F
:10A230006FF0860010BC704703681C2B02D10830F9
:10A2400000F0D9B8002070470020704713B50020F7
:10A2500001AB1446F9F79CFF30B9019BA34218BF2C
:10A260006FF0930002B010BD6FF09200FAE700208B
:10A2700070476FF085007047024612F8103B43F3B9
:10A28000C01303F0870312F8011D83EA41039042D3
:10A2900013704FEA1323F6D170472DE9FF470546A7
:10A2A0008846144622B3D0F8486100F5947786B901
:10A2B0004FF01009A0440DF10C0A102CA8EB040279
:10A2C00037D823463946384600F0ADF8C5F848413E
:10A2D0000EE0C6F110094A450FD8B91913460846D1
:10A2E000424600F0A0F8D5F848312344C5F848317B
:10A2F0000026304604B0BDE8F087B9F1000F08D061
:10A30000B91942464B46084600F08DF8103EC84445
:10A310003444102203AB019339463B462846009251
:10A32000FFF761FF06460028C2D02846FFF767FF07
:10A33000DFE710233946384600F075F83B46102217
:10A3400039462846CDE9009AFFF74DFF064600281A
:10A35000EBD1103CB1E72DE9F0439846D0F84831F5
:10A360001746102B0446894685B000F5947500F514
:10A370009C721CD12946284600F055F8102203ABE8
:10A38000019329462B4620460092FFF72CFF0646F4
:10A3900030B93A462946484600F052F8C8F80070ED
:10A3A0002046FFF72CFF304605B0BDE8F083C61805
:10A3B000104696F8283183F0800386F82831FFF79D
:10A3C0005BFF10230246D5E7F9F7DCBB90F84C3170
:10A3D000022B01D1FFF761BF6FF08800704710B406
:10A3E00090F84C41022C02D110BCFFF7B4BF6FF0C3
:10A3F000880010BC704710B590F84C310446022B11
:10A4000007D1FFF7FCFE4FF4A8720021204600F0B0
:10A410003DF8002010BD08B54FF49072002100F007
:10A4200035F8002008BD30B50B4411F8014B12F887
:10A43000015B994284EA050400F8014BF5D130BD77
:10A440000A44431E914200D1704710B511F8014BE8
:10A45000914203F8014FF9D110BD884210B501EBCC
:10A46000020402D98442234607D8431EA14207D0E2
:10A4700011F8012B03F8012FF8E70244824200D1C2
:10A4800010BD13F8011D02F8011DF7E70244034651
:10A49000934200D1704703F8011BF9E7044608B561
:10A4A000FBF760FF2046E9F707FD0139024410B5CC
:10A4B000904201D1002005E0037811F8014FA3423A
:10A4C00001D0181B10BD0130F2E710B56AB1013997
:10A4D000841810F8012B11F8013F9A4203D1A042D1
:10A4E00001D0002AF5D1D01A10BD1046FCE7013981
:10A4F000034610B532B111F8014F013A03F8014B90
:10A50000002CF7D11A440021934200D110BD03F86A
:10A51000011BF9E70246014410B58A42134603D0F5
:10A520001C780132002CF8D1181A10BDF0B5C3F117
:10A530003707044603F01F031046FFB2082BE6B2AC
:10A5400032D0102B3DD06508A40845EAC17544EA15
:10A5500081748A082D1942EB5102290941EA0271DE
:10A560006D1842EB1212290A41EA02616D1842EBA2
:10A570001222290C41EA02416D1842EB1242AD1839
:10A5800042F10002EC0844EA4274D10804EB840270
:10A59000A6EB4205EDB2092D0CD90134A5F10A054F
:10A5A00041F10001EDB212E0E40806F0070544EACB
:10A5B0004174C908303554EA010200F8015BBDD18D
:10A5C000F0BD240906F00F0544EA01740909092DBC
:10A5D00084BFED19EDB2EDE7D1E9043293421EBF1D
:08A5E0005A1C0A611870704753
:08A5E8006063FE7F010000002A
:10A5F0002948000000000000AD2400000000000019
:10A6000000000000B8A60100A1FC0000000000004E
:10A6100065FD00000000000000000000F0A6010041
:10A6200000000000D4A60100518C010000000000D1
:10A63000000000000CA701000000000028A7010096
:10A640000000000044A7010081C8000000000000D5
:10A6500021D5000000000000F13E000000000000D5
:10A660000000000060A70100451700000000000086
:10A6700055D6000000000000110701000000000096
:10A68000000000007CA701000000000098A7010066
:10A690002149000000000000298C0100000000009A
:10A6A000338C010000000000CD4D000000000000D0
:08A6B000CD2E000000000000A7
:10A6B8005AE301006CB1010028AA01001C05002022
:10A6C8000020002031C50000000000004BE401001C
:10A6D800A4B10100E4A9010022050020B420002053
:10A6E800EDCC00000000000057E40100B8B1010003
:10A6F800E4A9010024050020C0200020EDCC0000C2
:10A708000000000094E3010000000000DCA9010043
:10A718001E05002000000000C188010000000000A4
:10A72800D3E30100000000009CB1010020050020D7
:10A7380000000000CD880100000000009AE501003B
:10A74800CCB1010044AA010028050020140400200F
:10A758008DD10000000000005DE501000C04002020
:10A7680008AA010026050020CC20002029CD0000E1
:10A7780000000000B8E20100E401002094AC0100F0
:10A7880018050020A80800208169010000000000C9
:10A79800B1E20100000000001CAA01001A05002017
:0CA7A800D00300200000000000000000B2
:10A7B40000000000C76C010000000000C76C01002D
:10A7C40000000000C76C010000000000C76C01001D
:10A7D40000000000C76C0100478D01006F8C010070
:10A7E40000000000C76C010000000000C76C0100FD
:10A7F40044A70100F18A010000000000C76C0100B9
:10A8040000000000C76C010000000000C76C0100DC
:10A8140000000000C76C0100780200202B890100B1
:10A8240000000000C76C010000000000C76C0100BC
:10A8340000000000C76C010000000000C76C0100AC
:10A8440000000000C76C010000000000C76C01009C
:10A85400D00100205DEC0000000000001DD30000CA
:10A8640000000000C76C010000000000C76C01007C
:10A8740000000000C76C010000000000C76C01006C
:10A8840000000000C76C010000000000C76C01005C
:10A8940000000000C76C010000000000C76C01004C
:10A8A40000000000C76C010000000000C76C01003C
:10A8B40000000000C76C010000000000C76C01002C
:10A8C40000000000C76C010000000000C76C01001C
:10A8D40000000000C76C010000000000C76C01000C
:10A8E40000000000C76C010000000000C76C0100FC
:10A8F40000000000C76C010000000000C76C0100EC
:10A9040041EA00006F8C010000000000C76C0100E8
:10A9140000000000C76C010000000000C76C0100CB
:10A9240000000000C76C010000000000C76C0100BB
:10A9340000000000C76C010000000000C76C0100AB
:10A9440000000000C76C010000000000C76C01009B
:10A9540000000000C76C010000000000C76C01008B
:10A9640000000000C76C010000000000C76C01007B
:10A9740000000000C76C010000000000C76C01006B
:10A9840000000000C76C010000000000C76C01005B
:10A9940000000000C76C010000000000C76C01004B
:10A9A40000000000C76C010000000000C76C01003B
:10A9B40000000000C76C010000000000C76C01002B
:10A9C40000000000C76C010000000000C76C01001B
:08A9D40000000000C76C010047
:08A9DC00C58801000000000025
:10A9E400FDCA0000E3880100EF880100038901002B
:10A9F4000D89010017890100F5C900001DC9000077
:04AA0400000000004E
:10AA0800BDCD00002F8901004B8901004F8901004D
:04AA1800F9CD000074
:0CAA1C0015C3000091C30000B5C000008D
:10AA280091C50000A38801006388010000000000B0
:0CAA38005DC400000000000000000000F1
:10AA440085890100D5D0000077890100978B01002A
:10AA5400AB890100D3890100098A01001D8A010024
:10AA64004B8A01005F8A01001D8A01003B8A0100B4
:10AA7400738A0100818A01008F8A0100C18A010062
:04AA8400C58A01007E
:10AA880005000000358B00000600000075C00000BE
:08AA980004000000D99D00003C
:10AAA00098B0010008000000F0AC010007000000B1
:08AAB00048AC010003000000A6
:10AAB800B3D1010003000000BCDB0100030000006B
:10AAC80095C501000300000034D601000300000012
:10AAD800C4C501000300000042DF010003000000BC
:10AAE800C9CF010003000000C8E201000300000014
:10AAF80008E301000300000026D201000300000063
:10AB08004BD101000300000078D8010003000000C9
:10AB1800D8D101000300000074DF01000300000029
:10AB28006EBB01000300000086E301000300000083
:10AB3800CAE50100030000001FBD0100030000007A
:10AB480068E501000300000065C301000300000080
:10AB58004FC401000300000083C40100030000008B
:10AB6800A2EB01000300000066BB01000300000027
:10AB7800BCC4010003000000D3BB010003000000B7
:08AB8800A4E501000300000038
:10AB90000101300030000000000000000000000053
:10ABA000600060000000000000000000800C800CCD
:10ABB0000000800C0000000003000000A000000066
:10ABC000F0000000000000000024F4000000070076
:10ABD00000000000D9EF000006000000B0CE010028
:10ABE000B5CE0100B9CE0100BDCE0100C1CE01003D
:10ABF000C5CE0100C9CE0100CDCE0100D1CE0100ED
:10AC0000D5CE0100D9CE0100DDCE0100E1CE01009C
:10AC1000E5CE0100E9CE0100EDCE0100F1CE01004C
:10AC2000F5CE01000002000000020000000000005C
:10AC300000010008120000000000000000000000F9
:10AC40000338FDD87047000054B30100C7810100EC
:10AC50000000000014EE01000000010050B30100EC
:10AC60008B84010000000000B801002000000100FA
:10AC7000F2ED0100000000001115000000000000CE
:10AC8000000003000101000014050020090E00006F
:10AC900083B6010005250000C3690100612700009B
:10ACA00000000000AD2700009D280000FD670100A6
:10ACB0007168010005680100376801002168010022
:10ACC0000B6801000000000000000000F36A0100B2
:10ACD000E56A0100EF6A0100E36A0100000000007C
:10ACE000000000000000000000000000D36A010026
:10ACF00080B30100C7810100000000007CB30100A7
:10AD00000000010078B301008B8401000000000006
:10AD1000200200200000010070B30100C36B01009D
:10AD20000000000000000000000001006CB3010002
:10AD30008B840100000000001802002000000100C8
:10AD400064B301008F6B01000000000000000000F0
:10AD50000000010060B301008B84010000000000CE
:10AD6000100200200000010058B30100C92A0000B1
:10AD700000000000000000000000010000000000D2
:10AD8000A16C010060020020580200205002002047
:10AD9000000000004802002025300000F52E0000D1
:10ADA000492F0000BD2F000000000020000000001F
:10ADB0000600010002000000BCAD01000000000020
:10ADC00016C4010006000000E0FF0F000000002094
:10ADD0001EC4010021000000E0FF062068020020E0
:10ADE0007D3F000000000000A36D0100536E0100D4
:10ADF000316E010000000000E0AD010008AE01006E
:10AE000047000000000000003C660020E0AD0100AB
:10AE10001CAE01002000000000000000F4690020CA
:10AE2000E0AD010030AE01002E0000000000000087
:10AE30003C6D0020E0AD010044AE010002010000C5
:10AE400000000000106E0020F9CE010017CF0100B5
:10AE500032CF010042CF01004FCF010058CF010097
:10AE60005FCF010066CF01006DCF010075CF0100FB
:10AE70004FCF01007DCF01008FCF0100A4CF010093
:10AE8000B7CF01000E030000656400000F0400004E
:10AE9000916500001A010000314C0000050400001B
:10AEA000894C000013010000995000003E01000091
:10AEB000594E000001120000657001000A1E0000DA
:10AEC00073700100FF010000B94F00003E01000057
:10AED000994F000005040000E14C00001001000043
:10AEE0007D4D0000020100001973000001120000F6
:10AEF000495D00000A1E0000057101000309000001
:10AF0000E9530000040B000025500000060A000071
:10AF1000A96300000C050000514D0000E0AD0100E8
:10AF20002CAF010047000000000000002C6F002043
:10AF3000B3D50100C0D50100E0D50100D4D5010092
:10AF4000EBD5010002D6010012D60100B6D50100F2
:10AF500026D60100E0AD010064AF01000000000052
:10AF600000000000A0730020E0AD010078AF0100F8
:10AF70002000000000000000407400200174010067
:10AF8000417401000000000000000000000000000B
:10AF9000718E0000000000000000000000000000B2
:10AFA00000000000020201003B79010004040100DE
:10AFB00029950000060601004998000008040100D8
:10AFC000099900000A020100237901000C04010024
:10AFD0000B7901000E040100E99600002004010035
:10AFE0007D970000100401001D9A0000120201006C
:10AFF000BF7801001E000400D57C01005202000051
:10B00000E578010001040200F9A200000302020039
:10B010006B7C0100050102009D7C01000704020019
:10B02000AD7C010009010200B17C01000B000200AF
:10B03000B57C01000D000200B97C01000F00020088
:10B04000BD7C010021020200C17C0100110102004F
:10B05000C57C010013000200C97C01001704020036
:10B06000CD7C010019000200D17C01001B0203000D
:10B07000B57501001D020500919300002304030033
:10B08000A3750100E0AD010094B0010022000000B2
:10B090000000000018750020B0B30100C781010056
:10B0A00000000000ACB3010000000100A8B30100E3
:10B0B0008B840100000000009003002000000100CC
:10B0C000A0B301000000000000000000000000002C
:10B0D000000000009CB30100998101007DA50000E3
:10B0E000980300200000030098B301008B84010046
:10B0F00000000000880300200000010090B3010060
:10B10000FF810100D5A7000000000000000003003F
:10B110008CB301008B84010000000000800300203C
:10B120000000010084B3010081AB000000000000BA
:10B13000000000000000010000000000000000000E
:10B140000000000000000000000000009B870100DC
:10B1500000000000000000000000000000000000EF
:10B1600021C4000009C5000000000000B5C60000B1
:10B17000C1C5000065E301009F8801009B880100B4
:10B180006BE30100838801008F88010071E30100F7
:10B190007D880100898801007BE30100A9C80000C7
:10B1A00000000000FFFF000000288450780200200B
:10B1B0000000000001000000FFFFFFFF0025845099
:10B1C0007802002000000000000000000080005015
:10B1D0000100000000000000F0B101000000D601F5
:10B1E00000000000000000008A29002089290020BA
:10B1F00000800050FCB101000100000004B2010019
:10B2000004000000140000001300000216060001F4
:10B2100015060003080000000300000008000000FD
:10B220000300000042E9010055E9010068E901005E
:10B230007BE901008EE90100A1E90100B4E9010008
:10B24000C7E9010032EB010040EB010054EB0100C3
:10B2500063EB01006FEB0100F0A50100F8A5010010
:10B2600050A6010058A60100B0A60100B8A6010032
:10B270007AEC010000010000881300008DA4010099
:10B28000FF8FFFFFFF8FFFFFFE8FFFFFFE8FFFFF90
:10B29000FD8FFFFFFC8FFFFFFC8FFFFFFB8FFFFF8A
:10B2A0004661696C20746F206163717569726520F5
:10B2B0006D757465780A00004661696C20746F20B2
:10B2C000696E63726561736520504D20636F756EA2
:10B2D0007465720A000000006D757465785F6672AF
:10B2E00065652063616C6C65642077697468204EC5
:10B2F000554C4C20706172616D6574657200000080
:10B3000043616E277420696E697469616C697A653E
:10B31000206D757465782C20776173204E554C4CE8
:10B320000D0A0000466174616C206572726F7200D4
:10B33000436F756C64206E6F74206C6F636B20704C
:10B340006F7765722073617665206D75746578001E
:10B3500000000328000000280000042A0000042A3E
:10B36000000003280000012A0000012A0000032831
:10B370000000002A0000002A000003280000001836
:10B380000000002800002A2B00002A2B00000328C0
:10B390000000292B0000292B0000032800000229AF
:10B3A0000000052A0000052A0000032800000118FB
:10B3B000000000285374617274696E6720636F6EB9
:10B3C0006E656374696F6E2074696D652073796E44
:10B3D000632073616D706C652E0A0043686F6F7334
:10B3E000652064657669636520726F6C65202D2029
:10B3F000747970652063202863656E7472616C29AE
:10B40000206F7220702028706572697068657261A3
:10B410006C293A20000A5065726970686572616C27
:10B420002E205374617274696E6720616476657250
:10B43000746973696E670A000A43656E7472616CA1
:10B440002E205374617274696E67207363616E6E2F
:10B45000696E670A00574553545F544F5044495230
:10B460002F7A65706879722F696E636C7564652FC9
:10B470007A65706879722F647269766572732F6766
:10B4800070696F2E6800415353455254494F4E2006
:10B490004641494C20402025733A25640A004572F4
:10B4A000726F722025643A206661696C656420744D
:10B4B0006F20636F6E666967757265204C45442026
:10B4C0006465766963652025732070696E20256444
:10B4D0000A004661696C656420616C6C6F6361741D
:10B4E000696E67204750494F5445206368616E205C
:10B4F000666F722073657474696E67206C65640A88
:10B50000004661696C656420636F6E666967757279
:10B51000696E67204750494F5445206368616E202B
:10B52000666F7220746F67676C696E67206C656404
:10B530000A004661696C656420616C6C6F636174BC
:10B54000696E6720505049206368616E20666F7293
:10B5500020746F67676C696E67206C65640A0053BE
:10B5600065727669636520646973636F7665727965
:10B5700020636F6D706C657465640A005365727644
:10B5800069636520646973636F76657279206661AB
:10B59000696C65640A005363616E6E696E6720664C
:10B5A00061696C656420746F207374617274202803
:10B5B000657272202564290A005363616E6E696E9C
:10B5C0006720737461727465640A007075626C69D7
:10B5D000630072616E646F6D007075626C69632DDB
:10B5E00069640072616E646F6D2D69640030782546
:10B5F00030327800253032583A253032583A2530EA
:10B6000032583A253032583A253032583A253032BD
:10B6100058202825732900446973636F6E6E656333
:10B620007465643A2025732C20726561736F6E20F7
:10B630003078253032782025730A004661696C65C0
:10B640006420746F20636F6E6E65637420746F2066
:10B650002573203078253032782025730A00436F17
:10B660006E6E65637465643A2025730A00446973DD
:10B67000636F76657279206661696C65642C20253C
:10B68000640A00436F6E6E2074696D652073796E75
:10B69000630044657669636520666F756E643A2061
:10B6A0002573202852535349202564290A004372E8
:10B6B0006561746520636F6E6E20746F2025732042
:10B6C0006661696C656420282564290A0046616901
:10B6D0006C65642077726974696E6720746F20638B
:10B6E000686172616374657269737469630A005397
:10B6F000656E7420746F20636F6E6E20696E646572
:10B70000782025643A2000635F616E63686F722061
:10B71000706F696E74202874696D653D256C6C7559
:10B720002C20636F756E7465723D2575292C20631E
:10B730005F747269676765725F74696D6520256CF7
:10B740006C752C2076616C75652025640A00426C4E
:10B750007565746F6F746820696E697420666169BD
:10B760006C65642028657272202564290A00466190
:10B77000696C656420746F207265676973746572A3
:10B78000204843492056532063616C6C6261636BAF
:10B790000A004661696C656420746F20656E6162A1
:10B7A0006C6520636F6E6E656374696F6E20616E89
:10B7B00063686F7220706F696E7420757064617455
:10B7C00065206576656E74730A00416476657274EF
:10B7D0006973696E67206661696C656420746F20A7
:10B7E00073746172742028657272202564290A00BE
:10B7F0004164766572746973696E672073746172EF
:10B800007465640A00434D414B455F534F555243A5
:10B81000455F4449522F7372632F70657269706877
:10B820006572616C2E630052656365697665643A82
:10B8300020004661696C656420616C6C6F636174A3
:10B84000696E672067726F75700A004661696C6582
:10B850006420616C6C6F636174696E6720666F72DF
:10B8600020525443206D617463680A004661696C1C
:10B87000656420617474616368696E6720616E201D
:10B880006576656E7420746F207468652067726FCA
:10B89000757020287265743A202564290A00466173
:10B8A000696C656420617474616368696E672064A3
:10B8B000697361626C65207461736B20746F2074AE
:10B8C000696D6572206D61746368206368616E6E76
:10B8D000656C20287265743A202564290A00466147
:10B8E000696C656420617474616368696E67207453
:10B8F000696D6572206D61746368206576656E742C
:10B9000020746F207468652067726F7570202872CC
:10B9100065743A202564290A00556E61626C6520C1
:10B92000746F206765742074686520636C6F636B47
:10B93000206D616E616765720A004846584F20723B
:10B94000657175657374206661696C65642028652E
:10B9500072723A202564290A004846584F20636FC6
:10B96000756C64206E6F74206265207374617274EC
:10B97000656420287265733A202564290A004661AF
:10B98000696C656420696E697469616C697A696E55
:10B99000672052544320287265743A202564290A8E
:10B9A000006E7266782044505049206368616E6E64
:10B9B000656C20616C6C6F63206572726F722066BB
:10B9C0006F72207374617274696E67205254433AC7
:10B9D000202564004661696C656420696E6974693C
:10B9E000616C697A696E672074696D65722028726E
:10B9F00065743A202564290A004661696C656420F3
:10BA0000616C6C6F636174696E6720666F7220632E
:10BA10006C656172696E672054494D4552206F6EA6
:10BA200020525443205449434B0A004661696C65D7
:10BA3000642073657474696E6720747269676765E2
:10BA4000720A0025633A206865617020636F727224
:10BA5000757074696F6E202866726565206C6973F5
:10BA600074206C696E6B616765290A0025633A2052
:10BA70006865617020636F7272757074696F6E2093
:10BA80002866726565206368756E6B206C696E6BE5
:10BA9000616765290A0025633A2068656170206343
:10BAA0006F7272757074696F6E20286E6F74206982
:10BAB0006E207573653F292061742025700A00256A
:10BAC000633A206865617020636F72727570746983
:10BAD0006F6E2028627566666572206F7665726685
:10BAE0006C6F773F292061742025700A0025633A26
:10BAF000206865617020636F7272757074696F6E13
:10BB000020286C656674206E65696768626F723F95
:10BB1000292061742025700A0025633A2068656138
:10BB20007020636F7272757074696F6E2028646F15
:10BB300075626C6520667265653F292061742025F9
:10BB4000700A00574553545F544F504449522F7A5E
:10BB500065706879722F6C69622F686561702F68F3
:10BB60006561702E63006F735F686561700063626A
:10BB70007072696E74665F7061636B6167650057B0
:10BB80004553545F544F504449522F7A6570687939
:10BB9000722F696E636C7564652F7A65706879724F
:10BBA0002F6B65726E656C2E68004661696C65640A
:10BBB00020746F207265626F6F743A207370696EC3
:10BBC0006E696E6720656E646C6573736C792E2E7A
:10BBD0002E0A007379735F6765746F707400574540
:10BBE00053545F544F504449522F7A6570687972AC
:10BBF0002F6C69622F7574696C732F6F6E6F666638
:10BC00002E6300574553545F544F504449522F7A86
:10BC100065706879722F696E636C7564652F7A65DB
:10BC2000706879722F7370696E6C6F636B2E680029
:10BC3000574553545F544F504449522F7A657068AA
:10BC400079722F6C69622F7574696C732F6E6F74C3
:10BC50006966792E6300574553545F544F504449E9
:10BC6000522F7A65706879722F6C69622F757469CA
:10BC70006C732F72696E675F6275666665722E639C
:10BC80000025633A20496E76616C696420696E73A1
:10BC900074616E63650A0025633A20496E76616CB3
:10BCA0006964206261636B656E6420636F6E6669B0
:10BCB0006775726174696F6E0A0025633A20496E78
:10BCC00076616C696420696E7374616E63652C20A3
:10BCD000656E64706F696E74206F7220636F6E663C
:10BCE000696775726174696F6E0A0025633A20494D
:10BCF0006E76616C696420656E64706F696E740A3B
:10BD00000025633A20456E64706F696E74206E6F13
:10BD10007420726567697374657265640A0A0069E4
:10BD200070635F7365727669636500574553545F4E
:10BD3000544F504449522F7A65706879722F696E5A
:10BD4000636C7564652F7A65706879722F73797387
:10BD50002F72696E675F6275666665722E6800573E
:10BD60004553545F544F504449522F7A6570687957
:10BD7000722F7375627379732F636F6E736F6C6557
:10BD80002F7474792E63002A2A2A20426F6F7469F7
:10BD90006E67206E524620436F6E6E65637420534B
:10BDA000444B2076332E342E312D623230663836B5
:10BDB000313962613961202A2A2A0A002A2A2A2076
:10BDC0005573696E67205A6570687972204F5320E9
:10BDD00076342E342E322D3333666136613761610D
:10BDE000633661202A2A2A0A006D757465785F69B6
:10BDF0006E69742063616C6C656420776974682077
:10BE00004E554C4C20706172616D657465720043D3
:10BE10006F756C64206E6F7420616C6C6F636174FD
:10BE200065206D75746578206265666F726520693E
:10BE30006E697469616C697A696E670025633A207E
:10BE400072302F61313A2020307825303878202028
:10BE500072312F61323A2020307825303878202016
:10BE600072322F61333A20203078253038780A003A
:10BE700025633A2072332F61343A20203078253000
:10BE80003878207231322F69703A2020307825308E
:10BE90003878207231342F6C723A20203078253077
:10BEA00038780A0025633A2020787073723A20208F
:10BEB0003078253038780A0025633A204661756C61
:10BEC00074696E6720696E737472756374696F6EDE
:10BED000206164647265737320287231352F70633A
:10BEE000293A203078253038780A0025633A2055E1
:10BEF0006E68616E646C6564204952516E3A20250B
:10BF0000640A0025633A202A2A2A2A2A2055534106
:10BF10004745204641554C54202A2A2A2A2A0A00FD
:10BF200025633A2020204469766973696F6E206228
:10BF300079207A65726F0A0025633A202020556EB9
:10BF4000616C69676E6564206D656D6F72792061E3
:10BF500063636573730A0025633A2020205374617C
:10BF6000636B206F766572666C6F772028636F6EE7
:10BF7000746578742061726561206E6F74207661DB
:10BF80006C6964290A0025633A2020204E6F2063E3
:10BF90006F70726F636573736F7220696E73747202
:10BFA000756374696F6E730A0025633A2020204917
:10BFB0006C6C6567616C206C6F6164206F662045F6
:10BFC00058435F52455455524E20696E746F20504D
:10BFD000430A0025633A202020496C6C6567616C38
:10BFE00020757365206F6620746865204550535234
:10BFF0000A0025633A202020417474656D70742016
:10C00000746F206578656375746520756E64656608
:10C01000696E656420696E737472756374696F6E9E
:10C020000A0025633A202A2A2A2A2A204255532028
:10C030004641554C54202A2A2A2A2A0A0025633AC6
:10C04000202020537461636B696E67206572726F84
:10C05000720A0025633A202020556E737461636B69
:10C06000696E67206572726F720A0025633A20203C
:10C070002050726563697365206461746120627524
:10C0800073206572726F720A0025633A2020204285
:10C0900046415220416464726573733A20307825BA
:10C0A000780A0025633A202020496D707265636923
:10C0B0007365206461746120627573206572726FAC
:10C0C000720A0025633A202020496E7374727563EA
:10C0D00074696F6E20627573206572726F720A00E8
:10C0E00025633A202020466C6F6174696E672D705D
:10C0F0006F696E74206C617A792073746174652045
:10C10000707265736572766174696F6E20657272A4
:10C110006F720A0025633A202A2A2A2A2A204D50C3
:10C1200055204641554C54202A2A2A2A2A0A0025FD
:10C13000633A202020537461636B696E67206572D7
:10C14000726F722028636F6E7465787420617265F7
:10C1500061206D69676874206265206E6F74207657
:10C16000616C6964290A0025633A202020446174C7
:10C1700061204163636573732056696F6C617469F4
:10C180006F6E0A0025633A2020204D4D4641522013
:10C19000416464726573733A20307825780A00250B
:10C1A000633A202020496E737472756374696F6EF0
:10C1B000204163636573732056696F6C6174696FA6
:10C1C0006E0A00574553545F544F504449522F7ADA
:10C1D00065706879722F617263682F61726D2F6369
:10C1E0006F72652F636F727465785F6D2F6661750E
:10C1F0006C742E63005265736572766564204578B1
:10C2000063657074696F6E20280053707572696F72
:10C21000757320696E746572727570742028495246
:10C2200051200025633A20535053454C20696E201D
:10C23000746872656164206D6F646520646F6573F6
:10C24000206E6F7420696E64696361746520505359
:10C25000500A0025633A202A2A2A2A2A20484152D5
:10C2600044204641554C54202A2A2A2A2A0A0025CD
:10C27000633A202020427573206661756C74206FCC
:10C280006E20766563746F72207461626C652072D3
:10C290006561640A0025633A202020446562756761
:10C2A000206576656E740A0025633A202020466179
:10C2B000756C7420657363616C6174696F6E20289E
:10C2C0007365652062656C6F77290A0025633A20E3
:10C2D000415243485F45584345505420776974683C
:10C2E00020726561736F6E2025780A0A0025633A13
:10C2F000202A2A2A2A2A204465627567206D6F6EDB
:10C3000069746F7220657863657074696F6E202A36
:10C310002A2A2A2A0A0025633A202A2A2A2A2A2097
:10C32000257320256429202A2A2A2A2A0A0057450B
:10C3300053545F544F504449522F7A657068797254
:10C340002F617263682F61726D2F636F72652F6347
:10C350006F727465785F6D2F6972715F6D616E6168
:10C3600067652E63006D70750025633A204661692C
:10C370006C656420746F20616C6C6F636174652000
:10C380006E6577204D505520726567696F6E202568
:10C39000750A0A0025633A20506172746974696FE6
:10C3A0006E2025753A20636F686572656E6365203F
:10C3B000636865636B206661696C65642E0A00259D
:10C3C000633A20496E76616C696420756E646572AB
:10C3D0006C79696E6720726567696F6E20696E643B
:10C3E00065782025750A00574553545F544F5044D3
:10C3F00049522F7A65706879722F617263682F6174
:10C40000726D2F636F72652F6D70752F61726D5F26
:10C410006D70752E6300464C4153485F3000535297
:10C42000414D5F30006578697400574553545F543F
:10C430004F504449522F7A65706879722F6C696247
:10C440002F6E65745F6275662F6275662E63006E6F
:10C4500065745F62756600574553545F544F50448E
:10C4600049522F7A65706879722F6C69622F6E65F8
:10C47000745F6275662F6275665F73696D706C6557
:10C480002E63006E65745F6275665F73696D706CB4
:10C490006500574553545F544F504449522F7A65B5
:10C4A000706879722F736F632F6E6F726469632F78
:10C4B0006E726635332F736F632E6300736F630084
:10C4C000574553545F544F504449522F6D6F647514
:10C4D0006C65732F68616C2F6E6F726469632F6E69
:10C4E0007266782F68616C2F6E72665F6770696F15
:10C4F0002E6800574553545F544F504449522F7A89
:10C5000065706879722F736F632F6E6F72646963E1
:10C510002F6E726635332F6E726635335F637075BA
:10C520006E65745F6D676D742E63004254204C57C6
:10C5300020575100574553545F544F504449522F90
:10C540007A65706879722F696E636C7564652F7A8D
:10C5500065706879722F7379732F627974656F7261
:10C560006465722E6800574553545F544F504449D8
:10C57000522F7A65706879722F7375627379732F91
:10C58000626C7565746F6F74682F686F73742F6257
:10C5900075662E630062745F6275660025633A20DB
:10C5A0006D616C666F726D6564206164766572742E
:10C5B0006973696E672064617461202575202F207E
:10C5C00025750A0062745F646174610025633A2016
:10C5D0004461746120627566666572206F7665726B
:10C5E000666C6F7720286C696E6B2074797065209B
:10C5F000307825303278290A0025633A20546F6F4D
:10C6000020736D616C6C20282575206279746573C8
:10C6100029206576656E74203078253032780A00DE
:10C6200025633A20556E61626C6520746F206C6FD3
:10C630006F6B20757020636F6E6E20776974682051
:10C6400068616E646C652025750A0025633A204593
:10C6500072726F72207768696C652075706461749E
:10C66000696E6720746865207363616E6E65722001
:10C67000282564290A0025633A20556E61626C659D
:10C6800020746F206C6F6F6B757020636F6E6E20FF
:10C69000666F722068616E646C652025750A0025DE
:10C6A000633A204861726477617265206572726FC7
:10C6B000722C20686172647761726520636F6465B3
:10C6C0003A2025640A0025633A20436F756C642084
:10C6D0006E6F74207375626D69742072785F776F06
:10C6E000726B3A2025640A0025633A20556E686112
:10C6F0006E646C6564206576656E742030782530D4
:10C700003278206C656E2025753A2025730A002545
:10C71000633A20496E76616C696420484349204140
:10C72000434C207061636B65742073697A652028BF
:10C730002575290A0025633A2041434C2064617421
:10C7400061206C656E677468206D69736D617463D8
:10C75000682028257520213D202575290A0025639C
:10C760003A20556E61626C6520746F2066696E6454
:10C7700020636F6E6E20666F722068616E646C65F8
:10C780002025750A00574553545F544F5044495271
:10C790002F7A65706879722F7375627379732F625F
:10C7A0006C7565746F6F74682F686F73742F68632E
:10C7B000695F636F72652E630025633A20556E6B67
:10C7C0006E6F776E206275662074797065202575AE
:10C7D0000A0025633A20556E68616E646C656420BA
:10C7E00076656E646F722D73706563696669632028
:10C7F0006576656E7420307825303278206C656EF1
:10C800002025753A2025730A0025633A2065767441
:10C81000206E756D5F68616E646C657320283D25C0
:10C82000752920746F6F206C617267652028257AE6
:10C8300075203E202575290A0025633A204E6F2079
:10C84000636F6E6E656374696F6E20666F722068C9
:10C85000616E646C652025750A0025633A2070615D
:10C86000636B65747320636F756E74206D69736D8F
:10C87000617463680A0025633A20496E76616C69C9
:10C880006420484349206576656E742073697A6533
:10C8900020282575290A0025633A20496E76616CA7
:10C8A0006964204C45206D657461206576656E7401
:10C8B0002073697A6520282575290A0025633A20A6
:10C8C000496E76616C696420627566207479706562
:10C8D0002025750A0025633A204E6F20636F6D6D29
:10C8E000616E642073656E7420666F7220636D6480
:10C8F00020636F6D706C65746520307825303478F6
:10C900000A0025633A204F70436F64652030782514
:10C9100030347820636F6D706C6574656420696E67
:10C920007374656164206F662065787065637465F3
:10C9300064203078253034780A0025633A20696E07
:10C9400074657276616C20657863656564732074C4
:10C9500068652076616C69642072616E6765202568
:10C96000752075730A0025633A206C6174656E63E7
:10C9700079206578636565647320746865207661E5
:10C980006C69642072616E67652030782530347878
:10C990000A0025633A20737570765F74696D656F60
:10C9A00075742065786365656473207468652076A6
:10C9B000616C69642072616E67652030782530345F
:10C9C000780A00756E6B6E6F776E005B305D0049A4
:10C9D00050430025633A20484349207472616E73C6
:10C9E000706F72743A2025730A0025633A204964F7
:10C9F000656E7469747925733A2025730A0025637E
:10CA00003A204964656E746974795B25645D3A20E7
:10CA100025730A0025633A204843493A2076657217
:10CA200073696F6E2025732028307825303278297D
:10CA3000207265766973696F6E203078253034789E
:10CA40002C206D616E75666163747572657220303D
:10CA500078253034780A0025633A204C4D503A202E
:10CA600076657273696F6E202573202830782530C3
:10CA700032782920737562766572203078253034DB
:10CA8000780A0025633A20556E61626C6520746FE8
:10CA90002073656E6420746F2064726976657220FD
:10CAA00028657272202564290A0025633A20556E94
:10CAB00061626C6520746F206C6F6F6B20757020E5
:10CAC000636F6E6E207769746820696E6465782084
:10CAD0003078253032780A0025633A204E6F742072
:10CAE0007265706F7274696E67207061636B6574D4
:10CAF00020666F72206E6F6E2D636F6E6E6563744D
:10CB0000656420636F6E6E0A0025633A20556E617E
:10CB1000626C6520746F20616C6C6F63617465205A
:10CB20006E65772048434920636F6D6D616E640ABE
:10CB30000025633A206F70636F646520307825307C
:10CB400034782073746174757320307825303278AE
:10CB50002025730A0025633A204E6F2070656E64AD
:10CB6000696E67207065726970686572616C2063B8
:10CB70006F6E6E656374696F6E0A0025633A204EAE
:10CB80006F2070656E64696E672063656E74726194
:10CB90006C20636F6E6E656374696F6E0A00256347
:10CBA0003A20436F6E6E656374696F6E20637265C1
:10CBB0006174696F6E2074696D656F75742074722D
:10CBC000696767657265640A0025633A2046616992
:10CBD0006C656420746F207265737461727420696F
:10CBE0006E69746961746F720A0025633A20556E2C
:10CBF00065787065637465642073746174757320FF
:10CC00003078253032782025730A0025633A204E8B
:10CC10006F2070656E64696E6720636F6E6E20664C
:10CC20006F7220706565722025730A0025633A20B3
:10CC3000436F6E74726F6C6C657220746F20686FD6
:10CC4000737420666C6F7720636F6E74726F6C20E4
:10CC50006E6F7420737570706F727465640A00254E
:10CC6000633A204E6F6E2D4C452063617061626C9B
:10CC70006520636F6E74726F6C6C6572206465748E
:10CC80006563746564210A0025633A204E756D2042
:10CC90006F6620436F6E74726F6C6C6572277320C1
:10CCA00041434C207061636B65747320213D2041CA
:10CCB000434C2062745F636F6E6E5F747820636FA5
:10CCC0006E74657874732028257520213D202575A4
:10CCD000290A0025633A2041434C2042522F454403
:10CCE000522062756666657273206E6F7420696E7D
:10CCF000697469616C697A65640A0025633A205633
:10CD0000656E646F722048434920657874656E7360
:10CD1000696F6E73206E6F7420617661696C6162F9
:10CD20006C650A0025633A20485720506C61746690
:10CD30006F726D3A20257320283078253034782999
:10CD40000A0025633A2048572056617269616E7463
:10CD50003A2025732028307825303478290A002598
:10CD6000633A204669726D776172653A20257320B7
:10CD700028307825303278292056657273696F6EB5
:10CD80002025752E2575204275696C642025750A4D
:10CD90000025633A204661696C656420746F2072D7
:10CDA00065616420737570706F7274656420766558
:10CDB0006E646F7220636F6D6D616E64730A00251F
:10CDC000633A204661696C656420746F2072656106
:10CDD0006420737570706F727465642076656E641C
:10CDE0006F722066656174757265730A0025633A17
:10CDF0002048434920647269766572206973206E09
:10CE00006F742072656164790A0042542052582080
:10CE100057510025633A204843492064726976657A
:10CE200072206F70656E206661696C6564202825CC
:10CE300064290A0025633A20556E61626C6520748E
:10CE40006F20616C6C6F63617465206275666665E6
:10CE5000720A0025633A20556E65787065637465C3
:10CE60006420484F53545F4E554D5F434F4D504CD7
:10CE7000455445445F5041434B4554532C207374F3
:10CE800061747573203078253032782025730A005C
:10CE900025633A20556E636C656172656420706528
:10CEA0006E64696E672073656E745F636D640A00FB
:10CEB000312E306200312E3100312E3200322E30D0
:10CEC00000322E3100332E3000342E3000342E311B
:10CED00000342E3200352E3000352E3100352E3202
:10CEE00000352E3300352E3400362E3000362E31EC
:10CEF00000362E3200362E33005374616E64617238
:10CF00006420426C7565746F6F746820636F6E7413
:10CF1000726F6C6C65720056656E646F7220737010
:10CF200065636966696320636F6E74726F6C6C65AC
:10CF300072004669726D77617265206C6F6164651D
:10CF4000720052657363756520696D616765007273
:10CF500065736572766564006E5246353178006E91
:10CF60005246353278006E5246353378006E52465E
:10CF700035344878006E524635344C7800496E742A
:10CF8000656C20436F72706F726174696F6E004ED2
:10CF90006F726469632053656D69636F6E64756356
:10CFA000746F72004E58502053656D69636F6E64E4
:10CFB0007563746F7273004573707265737369661D
:10CFC0002053797374656D730062745F6863695F81
:10CFD000636F72650025633A20636D642064697332
:10CFE000616C6C6F7765640A0025633A204F6E6C44
:10CFF000792072616E646F6D20737461746963204F
:10D000006964656E746974792061646472657373B0
:10D0100020737570706F727465640A0025633A201E
:10D02000496E76616C696420696E707574207061F8
:10D0300072616D65746572730A0025633A204661FA
:10D04000696C656420746F2072656164207075621C
:10D050006C696320616464726573730A0025633AC6
:10D060002052656164205374617469632041646473
:10D0700072657373657320636F6D6D616E64206E8E
:10D080006F7420617661696C61626C650A0025636A
:10D090003A204661696C656420746F207265616432
:10D0A000207374617469632061646472657373656D
:10D0B000730A0025633A204E6F20737461746963AC
:10D0C000206164647265737365732073746F726535
:10D0D0006420696E20636F6E74726F6C6C65720A87
:10D0E0000025633A2043616E2774207365742062C3
:10D0F0006F7468204944454E544954592026204EA7
:10D100005250410A0025633A20556E61626C6520D9
:10D11000746F20736574206964656E746974792016
:10D12000616464726573730A0025633A20556E6109
:10D13000626C6520746F207365742072616E646F19
:10D140006D20616464726573730A0062745F696460
:10D150000025633A20546F6F20626967206164760E
:10D160006572746973696E6720646174610A002571
:10D17000633A204661696C656420746F2073746142
:10D18000727420616476657274697365720A002531
:10D19000633A204661696C656420746F2073746F14
:10D1A00070206164766572746973696E673A2025D0
:10D1B000640A0062745F6164760025633A20556EEC
:10D1C000657870656374656420656E64206F6620A1
:10D1D0006275666665720A0062745F7363616E00F1
:10D1E00025633A207073615F63727970746F5F6951
:10D1F0006E69742829206661696C65642025640A5B
:10D200000025633A207073615F67656E65726174B3
:10D21000655F72616E646F6D2829206661696C6557
:10D22000642025640A0062745F686F73745F6372C0
:10D230007970746F00574553545F544F50444952AE
:10D240002F7A65706879722F7375627379732F62A4
:10D250006C7565746F6F74682F686F73742F636F6C
:10D260006E6E2E630025633A204661696C6564200A
:10D27000726561642072656D6F74652066656174A6
:10D280007572657320282564290A0025633A2050A9
:10D29000485920307825303278206E6F74207375AD
:10D2A00070706F727465640A0025633A2046616984
:10D2B0006C6564204C4520536574205048592028E3
:10D2C0002564290A0025633A20556E6578706563E8
:10D2D000746564206669727374204C324341502037
:10D2E0006672616D650A0025633A20556E65787037
:10D2F0006563746564204C3243415020636F6E74E3
:10D30000696E756174696F6E0A0025633A204E6F0D
:10D310007420656E6F756768206275666665722039
:10D32000737061636520666F72204C3243415020F8
:10D33000646174610A0025633A20556E65787065F2
:10D34000637465642041434C20666C6167732028D8
:10D35000307825303278290A0025633A2041434C41
:10D36000206C656E206D69736D617463682028257B
:10D3700075203E202575290A0028756E6B6E6F7723
:10D380006E290025633A206E6F207472616E736996
:10D3900074696F6E2025730A0025633A2045727206
:10D3A0006F72207768696C652072656D6F76696E43
:10D3B0006720636F6E6E20757365722066726F6D85
:10D3C000207363616E6E657220282564290A00252A
:10D3D000633A20496E76616C69642028257529209E
:10D3E0006F6C642073746174650A0025633A20636E
:10D3F0006F6E6E202570206661696C656420746FA5
:10D400002065737461626C6973682E205246206EC9
:10D410006F6973653F0A0025633A206E6F2076615D
:10D420006C696420282575292073746174652077E0
:10D430006173207365740A0025633A20696E636F17
:10D440006D70617469626C652068616E646C6520E2
:10D4500025750A0025633A2054696D656F7574203F
:10D460006469736361726465642E204E6F20626C20
:10D470006F636B696E6720696E2073797377712EA5
:10D480000A0025633A20466174616C206572726FF0
:10D490007220282564292E20446973636F6E6E659F
:10D4A0006374696E672025700A0025633A20466F11
:10D4B000756E642076616C696420636F6E6E65635F
:10D4C00074696F6E2028257029207769746820613F
:10D4D00064647265737320257320696E2025732040
:10D4E0007374617465200A0025633A202A636F6EA5
:10D4F0006E2073686F756C6420626520756E72654E
:10D50000666572656E63656420616E6420696E692C
:10D510007469616C697A656420746F204E554C4C57
:10D520000A0025633A204E6F206275666665727345
:10D5300020746F2063616E63656C20636F6E6E652F
:10D540006374696F6E2C207265747279696E6720DE
:10D55000696E203130206D730A0025633A205365CF
:10D560006E64204C4520706172616D20757064613D
:10D570007465206661696C65642028657272202577
:10D5800064290A0025633A2053656E64206175742E
:10D590006F204C4520706172616D207570646174FC
:10D5A00065206661696C6564202865727220256457
:10D5B000290A00646973636F6E6E65637465640045
:10D5C000646973636F6E6E6563742D636F6D706CE9
:10D5D000657465007363616E2D6265666F72652D9B
:10D5E000696E6974696174696E6700696E697469EE
:10D5F0006174696E672D66696C7465722D6C6973F0
:10D6000074006164762D636F6E6E65637461626C25
:10D6100065006164762D6469722D636F6E6E65635B
:10D620007461626C6500646973636F6E6E656374C8
:10D63000696E670062745F636F6E6E005745535486
:10D640005F544F504449522F7A65706879722F7336
:10D6500075627379732F626C7565746F6F74682F60
:10D66000686F73742F6C326361702E630025633AA8
:10D67000204E6F20617661696C61626C65204C326E
:10D6800043415020636F6E7465787420666F72201A
:10D69000636F6E6E2025700A0025633A20556E6117
:10D6A000626C6520746F20616C6C6F6361746520BF
:10D6B00062756666657220666F72206F70203078C2
:10D6C000253032780A0025633A2045787065637406
:10D6D000696E6720757020746F20256420726566FE
:10D6E000732C20676F742025640A0025633A20613B
:10D6F0006C7265616479206861766520766965770A
:10D70000206F6E2025700A0025633A20546F6F2029
:10D71000736D616C6C204C32434150207369676EAD
:10D72000616C696E67205044550A0025633A204CAD
:10D7300032434150206C656E677468206D69736D6B
:10D74000617463682028257520213D202575290AEC
:10D750000025633A20496E76616C696420696465CE
:10D760006E742076616C756520696E204C32434181
:10D7700050205044550A0025633A20496E76616C6A
:10D780006964204C4520636F6E6E20706172616D1C
:10D79000207273702073697A652028257520213DD9
:10D7A00020257A75290A0025633A20496E76616C36
:10D7B0006964204C4520636F6E6E207570646174DF
:10D7C0006520706172616D207265712073697A6580
:10D7D0002028257520213D20257A75290A002563FA
:10D7E0003A204E6F7420636F6E6E65637465640AD1
:10D7F0000025633A2052656A656374696E67207517
:10D800006E6B6E6F776E204C324341502050445502
:10D8100020636F6465203078253032780A002563F4
:10D820003A20546F6F20736D616C6C204C32434111
:10D8300050205044552072656365697665640A001E
:10D8400025633A2049676E6F72696E672064617460
:10D850006120666F7220756E6B6E6F776E206368E5
:10D86000616E6E656C204944203078253034780A2A
:10D8700000636F6E6669670062745F6C326361702B
:10D880000025633A204661696C656420746F2073DB
:10D8900075626D6974206174745F74785F64657318
:10D8A00074726F795F776F726B3A2025640A005744
:10D8B0004553545F544F504449522F7A65706879EC
:10D8C000722F7375627379732F626C7565746F6FE5
:10D8D00074682F686F73742F6174742E63002563EE
:10D8E0003A20415454206368616E6E656C206E6FFF
:10D8F0007420636F6E6E65637465640A0025633A15
:10D90000204572726F72207369676E696E6720645A
:10D910006174610A0025633A2052616E206F75744C
:10D92000206F662054582062756666657273206F9A
:10D930007220636F6E74657874732E0A0025633AE3
:10D9400020415454204D54552065786365656465C5
:10D95000642C206D61782025752C2077616E7465AC
:10D960006420257A750A0025633A20556E61626C41
:10D970006520746F2063726561746520636F6E66E5
:10D9800069726D205044550A0025633A20556E6136
:10D99000626C6520746F20637265617465206572C6
:10D9A0007220727370205044550A0025633A205447
:10D9B0006F6F20736D616C6C20415454205044553E
:10D9C0002072656365697665640A0025633A2055AF
:10D9D0006E68616E646C65642041545420636F64AA
:10D9E00065203078253032780A0025633A20496E68
:10D9F00076616C6964206C656E20257520666F7297
:10DA000020636F6465203078253032780A00256302
:10DA10003A20556E61626C6520746F206372656197
:10DA2000746520727370205044550A0025633A20B3
:10DA3000556E61626C6520746F20637265617465F8
:10DA400020555549443A2073697A652025750A00A6
:10DA500025633A20556E61626C6520746F20637295
:10DA60006561746520555549443A2073697A65208B
:10DA700025640A0025633A204E6F20617661696C47
:10DA800061626C652041545420636F6E74657874D4
:10DA900020666F7220636F6E6E2025700A0025630A
:10DAA0003A204E6F20617661696C61626C6520413D
:10DAB0005454206368616E6E656C20666F722063DB
:10DAC0006F6E6E2025700A0025633A20556E6162E4
:10DAD0006C6520746F2066696E6420415454206325
:10DAE00068616E6E656C0A0025633A20476F74208A
:10DAF0006572722025642C206E6F742063616C6CDB
:10DB0000696E67204154542063620A0025633A20FD
:10DB10004661696C656420746F2072652D7375624F
:10DB20006D69742025733A2025640A0025633A2024
:10DB30004E6F20415454206368616E6E656C2066A0
:10DB40006F72204D545520257A750A0025633A20BE
:10DB50004E6F2070656E64696E6720415454207268
:10DB60006571756573740A0025633A2044697363AF
:10DB70006F6E6E656374696E67206661696C65645B
:10DB80002028657272202564290A0025633A204105
:10DB900054542054696D656F757420666F722064EB
:10DBA00065766963652025732E20446973636F6E03
:10DBB0006E656374696E672E2E2E0A0062745F6153
:10DBC00074740025633A20434D41432075706461AD
:10DBD0007465206661696C65642025640A002563AC
:10DBE0003A204E6F20737061636520746F207374E8
:10DBF0006F726520434343206366670A00574553AD
:10DC0000545F544F504449522F7A65706879722F8F
:10DC10007375627379732F626C7565746F6F746856
:10DC20002F686F73742F676174742E630025633AD5
:10DC300020756E61626C6520746F2073617665205B
:10DC400053433A206E6F20636667206C6566740AE2
:10DC50000025633A204E6F20737061636520746FF6
:10DC60002073746F726520436C69656E7420537500
:10DC700070706F7274656420466561747572657347
:10DC80000A0025633A20556E61626C6520746F202E
:10DC9000696D706F727420746865206B6579206699
:10DCA0006F722041455320434D41432025640A00B3
:10DCB00025633A20434D4143206F7065726174695A
:10DCC0006F6E20696E6974206661696C65642025D9
:10DCD000640A0025633A20434D41432066696E691A
:10DCE0007368206661696C65642025640A00256399
:10DCF0003A2052656164206D6574686F64206E6FB0
:10DD000074207365740A0025633A204661696C6566
:10DD10006420746F2072656164206174747269623A
:10DD2000757465202570202865727220257A642913
:10DD30000A0025633A20496E76616C696420726539
:10DD40006164206C656E6774683A20257A640A0005
:10DD500025633A20434343202570206E6F7420775B
:10DD600072697461626C650A0025633A205343202E
:10DD7000726573746F726520696E6469636174693A
:10DD80006F6E206661696C65640A0025633A2055F0
:10DD90006E6B6E6F776E20555549442074797065AF
:10DDA0002025750A0025633A20506172736520654D
:10DDB00072720A0025633A20496E76616C696420AC
:10DDC00064617461206C656E2025750A0025633AD4
:10DDD00020506172736520657272206461740A005C
:10DDE00025633A2050617273652065727220636505
:10DDF000700A0025633A2050617273652065727263
:10DE0000206363630A0025633A20506172736520C2
:10DE1000657272207363630A0025633A2050617251
:10DE2000736520657272206370660A0025633A206C
:10DE3000496E76616C696420666F726D617420252D
:10DE4000750A0025633A2042616420706565723A64
:10DE50002041545420726561642D62792D75756975
:10DE600064207273703A20696E76616C6964204137
:10DE700054545220504455206C656E2025750A007C
:10DE800025633A20496E76616C69642068616E642E
:10DE90006C650A0025633A204261642070656572F2
:10DEA0003A2041545420726561642D62792D757554
:10DEB0006964207273703A2048616E646C6520302A
:10DEC0007825303478206973206F757473696465C0
:10DED000207265717565737465642072616E676523
:10DEE000203078253034782D3078253034782E2045
:10DEF00041626F7274696E6720726561642E0A00F8
:10DF000025633A204661696C656420746F20756EE4
:10DF10007375627363726962652028657272202569
:10DF200064290A0025633A20496E76616C69642091
:10DF300064617461206C656E202575203E20257516
:10DF40000A0062745F676174740025633A204E6F43
:10DF500020617661696C61626C6520534D5020636D
:10DF60006F6E7465787420666F7220636F6E6E20BA
:10DF700025700A0062745F736D700025633A204655
:10DF800061696C656420746F2073656E6420286518
:10DF90007272202564290A0025633A204E6F74208E
:10DFA000656E6F7567682064617461202825752926
:10DFB00020666F72206576656E74206865616465A1
:10DFC000722028257A75290A0025633A204576654E
:10DFD0006E74207061796C6F6164206C656E67741B
:10DFE00068206973206E6F7420636F72726563744A
:10DFF0002028257520213D202575290A0025633A12
:10E0000020436F756C646E277420616C6C6F636164
:10E01000746520612062756666657220616674654C
:10E02000722077616974696E67203130207365638F
:10E030006F6E64732E0A0025633A204E6F7420655C
:10E040006E6F75676820737061636520696E20620A
:10E05000756666657220257A752F257A750A002502
:10E06000633A204E6F7420656E6F75676820646137
:10E070007461202825752920666F722041434C2049
:10E080006865616465722028257A75290A00256310
:10E090003A204E6F20617661696C61626C65204147
:10E0A000434C2062756666657273210A0025633AE7
:10E0B0002041434C207061796C6F6164206C656E07
:10E0C000677468206973206E6F7420636F72726565
:10E0D00063742028257520213D202575290A0025F7
:10E0E000633A204E6F7420656E6F756768206461B7
:10E0F0007461202825752920666F722049534F20AE
:10E100006865616465722028257A75290A0025638F
:10E110003A204E6F20617661696C61626C652049BE
:10E12000534F20627566666572732028257A7529BB
:10E13000210A0025633A2049534F207061796C6FA2
:10E140006164206C656E677468206973206E6F74FB
:10E1500020636F72726563742028257520213D202D
:10E16000256C75290A0025633A20556E6B6E6F7712
:10E170006E2048434920747970652025750A002572
:10E18000633A20484349207472616E73706F7274F1
:10E19000207365747570206661696C6564207769A9
:10E1A00074683A2025640A0A0025633A20495043DE
:10E1B000207365727669636520696E7374616E633E
:10E1C0006520696E697469616C697A6174696F6EE2
:10E1D000206661696C65643A2025640A0A0025633B
:10E1E0003A205265676973746572696E6720656E5F
:10E1F00064706F696E74206661696C65642077690C
:10E2000074682025640A0025633A20456E64706FA7
:10E21000696E742062696E64696E67206661696CFC
:10E22000656420776974682025640A0025633A20B4
:10E2300044657265676973746572696E67204843E7
:10E240004920656E64706F696E74206661696C65E3
:10E250006420776974683A2025640A0025633A20AF
:10E26000436C6F73696E6720495043207365727603
:10E27000696365206661696C656420776974683AD2
:10E280002025640A0025633A2048434920747261BE
:10E290006E73706F72742074656172646F776E2034
:10E2A0006661696C656420776974683A2025640A40
:10E2B0000062745F6863695F69706330006E7266E4
:10E2C0005F62745F6863690062745F6863695F645A
:10E2D000726976657200574553545F544F504449F4
:10E2E000522F6D6F64756C65732F68616C2F6E6F44
:10E2F000726469632F6E7266782F68616C2F6E721C
:10E30000665F7370752E680062745F6863695F6E24
:10E31000726635335F737570706F72740057455352
:10E32000545F544F504449522F7A65706879722F68
:10E33000647269766572732F636C6F636B5F636F72
:10E340006E74726F6C2F636C6F636B5F636F6E7450
:10E35000726F6C5F6E72662E6300636C6F636B40EE
:10E3600035303030006866636C6B006C66636C6BD4
:10E37000006866636C6B3139326D006866636C6B84
:10E38000617564696F00636C6F636B5F636F6E745C
:10E39000726F6C00656E74726F70795F62745F6823
:10E3A000636900574553545F544F504449522F6E90
:10E3B00072662F647269766572732F656E74726F00
:10E3C00070792F656E74726F70795F6363337878DC
:10E3D0002E630063727970746F4035303834343096
:10E3E000303000574553545F544F504449522F7AB0
:10E3F00065706879722F696E636C7564652F7A65D4
:10E40000706879722F647269766572732F677069AC
:10E410006F2F6770696F5F7574696C732E68005732
:10E420004553545F544F504449522F7A6570687970
:10E43000722F647269766572732F6770696F2F67C8
:10E4400070696F5F6E7266782E63006770696F40E7
:10E45000383432383030006770696F4038343235C4
:10E4600030300025633A2074785F6D61736B2074DF
:10E470006F6F2062696720286F72204950435F43A5
:10E480004F4E465F4E554D20746F6F20736D616C1B
:10E490006C290A0025633A2072785F6D61736B20E6
:10E4A000746F6F2062696720286F72204950435F44
:10E4B000434F4E465F4E554D20746F6F20736D6114
:10E4C0006C6C290A0025633A2053656E64696E6797
:10E4D0002064617461206E6F7420737570706F7248
:10E4E0007465640A0025633A20456E61626C696E4A
:10E4F00067206368616E6E656C20776974686F75FC
:10E500007420612072656769737465726564206345
:10E51000616C6C6261636B0A0A0025633A20525891
:10E52000206576656E74206F6E20696C6C6567611E
:10E530006C206368616E6E656C0A0025633A205238
:10E5400058206576656E74206F6E20646973616211
:10E550006C6564206368616E6E656C0A006D626F45
:10E5600078403261303030006D626F785F6E726675
:10E57000785F6970630025633A204661696C656461
:10E5800020746F20616C6C6F63617465205050491A
:10E59000204368616E6E656C0A0075617274403864
:10E5A00030303000756172745F6E7266785F7561CD
:10E5B0007274650025633A20526573657474696EE0
:10E5C000672073797374656D0A00666174616C5FAE
:10E5D0006572726F7200574553545F544F504449EF
:10E5E000522F6D6F64756C65732F68616C2F6E6F41
:10E5F000726469632F6E7266782F68656C706572DD
:10E60000732F6E7266785F677070695F647070698F
:10E610002E6300574553545F544F504449522F6D59
:10E620006F64756C65732F68616C2F6E6F726469AF
:10E63000632F6E7266782F68616C2F6E72665F64EE
:10E640007070692E6800574553545F544F504449C9
:10E65000522F6D6F64756C65732F68616C2F6E6FD0
:10E66000726469632F6E7266782F64726976657260
:10E67000732F7372632F6E7266785F636C6F636B58
:10E680002E6300574553545F544F504449522F6DE9
:10E690006F64756C65732F68616C2F6E6F7264693F
:10E6A000632F6E7266782F647269766572732F734A
:10E6B00072632F6E7266785F636C6F636B5F686600
:10E6C000636C6B2E6300574553545F544F5044495D
:10E6D000522F6D6F64756C65732F68616C2F6E6F50
:10E6E000726469632F6E7266782F647269766572E0
:10E6F000732F7372632F6E7266785F636C6F636BD8
:10E700005F6866636C6B617564696F2E6300574563
:10E7100053545F544F504449522F6D6F64756C656C
:10E72000732F68616C2F6E6F726469632F6E7266EF
:10E73000782F647269766572732F7372632F6E72AD
:10E7400066785F636C6F636B5F6866636C6B3139AF
:10E75000326D2E6300574553545F544F5044495215
:10E760002F6D6F64756C65732F68616C2F6E6F729F
:10E770006469632F6E7266782F647269766572734E
:10E780002F7372632F6E7266785F636C6F636B5F5B
:10E790006C66636C6B2E6300574553545F544F5047
:10E7A0004449522F6D6F64756C65732F68616C2FCF
:10E7B0006E6F726469632F6E7266782F6472697609
:10E7C0006572732F7372632F6E7266785F677069FC
:10E7D0006F74652E6300574553545F544F5044493E
:10E7E000522F6D6F64756C65732F68616C2F6E6F3F
:10E7F000726469632F6E7266782F68616C2F6E7217
:10E80000665F6770696F74652E6800574553545F83
:10E81000544F504449522F6D6F64756C65732F6867
:10E82000616C2F6E6F726469632F6E7266782F64ED
:10E830007269766572732F7372632F6E7266785F7A
:10E840006970632E6300574553545F544F504449D9
:10E85000522F6D6F64756C65732F68616C2F6E6FCE
:10E86000726469632F6E7266782F68616C2F6E72A6
:10E87000665F6970632E6800574553545F544F506C
:10E880004449522F6D6F64756C65732F68616C2FEE
:10E890006E6F726469632F6E7266782F6472697628
:10E8A0006572732F7372632F6E7266785F72746312
:10E8B0002E6300574553545F544F504449522F6DB7
:10E8C0006F64756C65732F68616C2F6E6F7264690D
:10E8D000632F6E7266782F68616C2F6E72665F723E
:10E8E00074632E6800574553545F544F5044495247
:10E8F0002F6D6F64756C65732F68616C2F6E6F720E
:10E900006469632F6E7266782F64726976657273BC
:10E910002F7372632F6E7266785F74696D65722EE5
:10E920006300756E7265676973746572656420252E
:10E9300073206275730A0067656E657269630025EE
:10E9400073006D6574616C3A20656D657267656E04
:10E9500063793A20006D6574616C3A20616C657270
:10E96000743A2020202020006D6574616C3A206389
:10E970007269746963616C3A2020006D6574616C22
:10E980003A206572726F723A2020202020006D6557
:10E9900074616C3A207761726E696E673A2020204C
:10E9A000006D6574616C3A206E6F746963653A201E
:10E9B000202020006D6574616C3A20696E666F3AA4
:10E9C000202020202020006D6574616C3A20646551
:10E9D0006275673A20202020200025733A20667255
:10E9E0006565696E67206E6F6E2D656D7074792038
:10E9F0007669727471756575650D0A00756E657856
:10EA0000706563746564206275666665722068650A
:10EA10006C6420636F756E7465720D0A0057455300
:10EA2000545F544F504449522F6D6F64756C657339
:10EA30002F6C69622F6F70656E2D616D702F6F7016
:10EA4000656E2D616D702F6C69622F72706D7367CA
:10EA50002F72706D73675F76697274696F2E6300D1
:10EA600072785F76710074785F7671004E5300574C
:10EA70004553545F544F504449522F7A657068791A
:10EA8000722F6B65726E656C2F6465766963652E97
:10EA90006300556E6B6E6F776E206572726F7200D9
:10EAA00025633A203E3E3E205A4550485952204662
:10EAB0004154414C204552524F522025643A202562
:10EAC00073206F6E204350552025640A0025633A59
:10EAD000204661756C7420647572696E6720696E7A
:10EAE000746572727570742068616E646C696E67AB
:10EAF0000A0A0025633A2043757272656E742074A9
:10EB000068726561643A20257020282573290A00FF
:10EB1000574553545F544F504449522F7A6570689B
:10EB200079722F6B65726E656C2F666174616C2EE5
:10EB3000630043505520657863657074696F6E009B
:10EB4000556E68616E646C656420696E746572727E
:10EB500075707400537461636B206F766572666CB8
:10EB60006F77004B65726E656C206F6F7073004B32
:10EB700065726E656C2070616E6963005745535411
:10EB80005F544F504449522F7A65706879722F6BE9
:10EB900065726E656C2F696E69742E63006D6169B4
:10EBA0006E006F7300574553545F544F50444952A1
:10EBB0002F7A65706879722F6B65726E656C2F6B3A
:10EBC000686561702E6300574553545F544F50443D
:10EBD00049522F7A65706879722F6B65726E656C19
:10EBE0002F6D656D5F736C61622E630057455354E2
:10EBF0005F544F504449522F7A65706879722F6B79
:10EC000065726E656C2F696E636C7564652F6B73CE
:10EC1000636865642E6800574553545F544F5044F1
:10EC200049522F7A65706879722F6B65726E656CC8
:10EC30002F69646C652E6300574553545F544F50E1
:10EC40004449522F7A65706879722F6B65726E65D0
:10EC50006C2F6D757465782E6300574553545F545F
:10EC60004F504449522F7A65706879722F6B6572E4
:10EC70006E656C2F73656D2E6300737973776F7299
:10EC80006B7100574553545F544F504449522F7A8B
:10EC900065706879722F6B65726E656C2F776F7215
:10ECA0006B2E6300574553545F544F504449522FC5
:10ECB0007A65706879722F6B65726E656C2F7468F7
:10ECC000726561642E6300574553545F544F50443E
:10ECD00049522F7A65706879722F6B65726E656C18
:10ECE0002F73636865642E6300574553545F544F18
:10ECF000504449522F7A65706879722F6B65726E35
:10ED0000656C2F696E636C7564652F6B74687265D2
:10ED100061642E6800574553545F544F5044495224
:10ED20002F7A65706879722F6B65726E656C2F69CA
:10ED30006E636C7564652F6B737761702E68005716
:10ED40004553545F544F504449522F7A6570687947
:10ED5000722F6B65726E656C2F74696D65736C696B
:10ED600063696E672E6300574553545F544F504498
:10ED700049522F7A65706879722F6B65726E656C77
:10ED80002F74696D656F75742E6300574553545F1A
:10ED9000544F504449522F7A65706879722F6B65D1
:10EDA000726E656C2F6576656E74732E63005745C1
:10EDB00053545F544F504449522F7A6570687972AA
:10EDC0002F6B65726E656C2F6D656D706F6F6C2E3D
:10EDD0006300286E756C6C29002A666C6F61742A5A
:10EDE0000002922BF03FDCE1F8A6EE4B0970D178DF
:10EDF00082A802922BF03FDCE1F8A6EE4B0970D11D
:10EE00007882A802922BF03FDCE1F8A6EE4B097065
:10EE1000D17882A802922BF03FDCE1F8A6EE4B09F4
:10EE200070D07882A821200B0A00FFFFFFFFFFFFB0
:10EE300000000000000000FFFFFFFFFFFF000000D8
:10EE4000000000303132333435363738396162638F
:10EE50006465660000000000000010008000008073
:10EE60005F9B34FB91FBFBF3F4FBFBFBFBEA03052D
:10EE700002000A0000010101010102036174745FD4
:10EE800074785F64657374726F795F776F726B5FAC
:10EE900068616E646C657200000102030405060778
:10EEA0000B002030303030303030303030303030C7
:10EEB00030000110141400001C2030401C20000001
:08EEC0001C203040004000005E
:10EEC80000000000810E00000000000000010000AA
:10EED800000000000000000000000000000000002A
:10EEE800000000000000000000000000000000001A
:10EEF800000000000000000000000000000000000A
:10EF080000000000000000000000000000000000F9
:10EF180000000000000000000000000000000000E9
:10EF280000000000000000000000000000000000D9
:10EF380000000000000000000000000000000000C9
:10EF480000000000000000000000000000000000B9
:10EF580000000000000000000000000000000000A9
:10EF68000000000000000000000000000000000099
:10EF78000000000000000000000000000000000089
:10EF88000000000000000000000000000000000079
:10EF98000000000000000000000000000000000069
:10EFA8000000000000000000000000000000000059
:10EFB800000000000000000089620000000000005E
:10EFC8000000000000000000000000000000000039
:10EFD8000000000000000000000000000000000029
:10EFE8000000000000000000000000000000000019
:10EFF8000000000000000000000000000000000009
:10F0080000000000000000000000000000000000F8
:10F0180000000000000000000000000000000000E8
:10F0280000000000000000000000000000000000D8
:10F0380000000000000000000000000000000000C8
:10F0480098A701000000000019100000BD0F000083
:10F05800000000009B6301000000000000000000A9
:10F0680009140000DD13000000000000000000008B
:10F07800000000000000000003EE01000000040092
:10F0880000F0005000000000000000000000000038
:10F0980000400150000000000000000000000000D7
:10F0A8004766010000000000000007200000010082
:10F0B80060A701000000000060A701000100000037
:10F0C8000200000000000000000000000002000034
:10F0D8005CB301000000020068B3010000000200F8
:10F0E80074B3010000000200080600203A00000086
:10F0F800F40500203A000000CC0500203A0000008A
:10F10800B80500203A000000E00500203A000000A1
:10F118001C0600203A000000A40500203A00000068
:10F12800300600203A00000000000000996D010040
:10F13800000000000000000000D0005000000000A7
:10F1480000000000000000000000000000000000B7
:10F1580000000000000000000000000000000000A7
:10F168000000000000000000000000000000000097
:10F178000000000000000000000000000000000087
:10F188000000000000000000000000000000000077
:10F198000000000000000000000000000000000067
:10F1A8000000000000000000000000000000000057
:10F1B8000000000000000000000000000000000047
:10F1C800000000000000000000000000B96400001A
:10F1D800000000000000000000000000794E000060
:10F1E800000000000000000000000000D57D0000C5
:10F1F800000000000000000000000000F57700009B
:10F20800000000000000000011980000E5A10000C7
:10F218000000000000000000000000006D940000E5
:10F22800C97B01002B7C01007991000000000000DF
:10F2380000000000F59E0000000000000000000033
:10F2480088B301000000020094B3010000000A0026
:10F25800A4B301000000200000000000000000002E
:10F268000000000000000000000000000000000096
:10F278000000000000000000000000000000000086
:10F2880000000000000000002783010000000000CB
:10F29800000000000000000000000000BDE20100C6
:10F2A80000000000ED87010000000000FDC0000024
:10F2B8000000000098A70100F8030020F8030020D0
:10F2C80000000000010000007CA70100FFFF000013
:10F2D800FFFF0000240400200000000000000000E0
:10F2E8000000000000000000000000008B29002042
:10F2F80020000000000000000090D003FF00000084
:10F30800FF00000037E901000000000035EE0000B2
:10F3180000000000000000000000000000000000E5
:10F3280000000000000000000000000000000000D5
:10F33800900200007404002074040020319E010033
:10F348002D9E010000000000593F0100E00400204C
:10F35800D8040020D004002000000000C8040020C9
:10F36800C14401000D4401004144010089440100E9
:10F37800B8040020C0040020782600203A00003A93
:10F388007C2600203A00003A802600203A00003A05
:10F39800842600203A00003A882600203A00003AE5
:10F3A8008C2600203A00003A35030000CB0000000C
:10F3B80051000000A4260020B0040020B40400205E
:10F3C800080500209C0400209404002090040020DC
:05F3D8008C040020067A
:10F3DD000000000000000000000000000000000020
:07F3ED000000000000000019
:10F3F4002C0500202C05002000000000F8750020DA
:10F4040000000000040000002800000000000000CC
:10F414004C0500204C05002000000000183E002090
:10F424000000000004000000A8000000000000002C
:10F434006C0500206C050020000000009876002078
:10F4440000000000030000001000000000000000A5
:10F4540000000000F85500204410000000000000E7
:08F464000000000000000000A0
:10F46C00A4050020A40500200000000000000000FE
:10F47C000E000000B8050020B805002000000000B8
:10F48C00000000000E000000CC050020CC05002080
:10F49C0000000000000000000E000000E00500204D
:10F4AC00E005002000000000000000000E0000003D
:10F4BC00F4050020F405002000000000000000000E
:10F4CC000E000000080600200806002000000000C6
:10F4DC00000000000E0000001C0600201C0600208E
:10F4EC0000000000000000000E00000030060020AC
:10F4FC003006002000000000000000000E0000009C
:10F50C00440600204406002000000000FFFFFFFF1F
:10F51C000000000000000000000000006006002059
:04F52C006006002055
:10F530000000000000000000000000007406002031
:10F5400074060020000000000E000E000400000001
:10F55000B96F01000CAE0100B46B00200000000088
:10F560000000000000000000A0060020A00600200F
:10F570000000000003000300100000000000000075
:10F5800068AF0100A074002000000000000000002F
:10F5900000000000CC060020CC0600200000000087
:10F5A0000300030010000000D590000084B00100AB
:10F5B0008075002000000000000000000000000036
:10F5C000F8060020F80600200000000003000300F9
:10F5D000000000000000000020AE0100C86D002007
:10F5E00000000000000000000000000024070020D0
:10F5F00024070020000000000A000A0000000000AC
:10F60000C96F0100F8AD010004690020000000008E
:10F6100000000000000000005007002050070020FC
:10F6200000000000040004001000000061760000EB
:10F6300054AF0100A0730020000000000000000093
:10F64000000000007C0700207C0700200000000074
:10F650000C000C0000000000000000001CAF0100C6
:10F660008072002000000000000000000000000088
:10F67000A8070020A80700200000000001000100EA
:10F68000000000000000000034AE0100146F0020F4
:04F6900015E015E08C
:04000003000036853E
:00000001FF
