Time [s],Channel 4,Channel 5
0.000000000,1,0
0.030691882,1,1
0.030693530,0,1
0.159657276,0,0
0.159658830,1,0
0.288622702,1,1
0.288624160,0,1
0.417588160,0,0
0.417590398,1,0
0.546553524,1,1
0.546555792,0,1
0.675550984,0,0
0.675552028,1,0
0.804515346,1,1
0.804517358,0,1
0.933479804,0,0
0.933482660,1,0
1.062447230,1,1
1.062448926,0,1
1.191412624,0,0
1.191414290,1,0
1.320378052,1,1
1.320379558,0,1
1.449343444,0,0
1.449345854,1,0
1.578309872,1,1
1.578311186,0,1
1.707275266,0,0
1.707276420,1,0
1.836240690,1,1
1.836241814,0,1
1.965207084,0,0
1.965208048,1,0
2.094201508,1,1
2.094203314,0,1
2.223167964,0,0
2.223169674,1,0
2.352133388,1,1
2.352134940,0,1
2.481098780,0,0
2.481100236,1,0
2.610064204,1,1
2.610066502,0,1
2.739030594,0,0
2.739031860,1,0
2.867995016,1,1
2.867997124,0,1
2.996991468,0,0
2.996993420,1,0
3.125987828,1,1
3.125989682,0,1
3.254954282,0,0
3.254955040,1,0
3.383948640,1,1
3.383951362,0,1
3.512915090,0,0
3.512916594,1,0
3.641879446,1,1
3.641881918,0,1
3.770845896,0,0
3.770848210,1,0
3.899812254,1,1
3.899813532,0,1
4.028807764,0,0
4.028809760,1,0
4.157774120,1,1
4.157775020,0,1
4.286738506,0,0
4.286740372,1,0
4.415703922,1,1
4.415706632,0,1
4.544670306,0,0
4.544671982,1,0
4.673635782,1,1
4.673637238,0,1
4.802632168,0,0
4.802633526,1,0
4.931596518,1,1
4.931598846,0,1
5.060562964,0,0
5.060565068,1,0
5.189558376,1,1
5.189560324,0,1
5.318524756,0,0
5.318526672,1,0
5.447490168,1,1
5.447491924,0,1
5.576456548,0,0
5.576457270,1,0
5.705422022,1,1
5.705423522,0,1
5.834387336,0,0
5.834388742,1,0
5.963383746,1,1
5.963385120,0,1
6.092348186,0,0
6.092350340,1,0
6.221313532,1,1
6.221315652,0,1
6.350278970,0,0
6.350280932,1,0
6.479245378,1,1
6.479247244,0,1
6.608209752,0,0
6.608212522,1,0
6.737208220,1,1
6.737208832,0,1
6.866172532,0,0
6.866174048,1,0
6.995136936,1,1
6.995139356,0,1
7.124134372,0,0
7.124135634,1,0
7.253100776,1,1
7.253101878,0,1
7.382065148,0,0
7.382067218,1,0
7.511031552,1,1
7.511032462,0,1
7.639995922,0,0
7.639997800,1,0
7.768962322,1,1
7.768964042,0,1
7.897927754,0,0
7.897929318,1,0
8.026924092,1,1
8.026925624,0,1
8.155888524,0,0
8.155890832,1,0
8.284853860,1,1
8.284856136,0,1
8.413820292,0,0
8.413822346,1,0
8.542786628,1,1
8.542787648,0,1
8.671751118,0,0
8.671752984,1,0
8.800746454,1,1
8.800749160,0,1
8.929712820,0,0
8.929714430,1,0
9.058678216,1,1
9.058680730,0,1
9.187643642,0,0
9.187646000,1,0
9.316609914,1,1
9.316611298,0,1
9.445605402,0,0
9.445607504,1,0
9.574570736,1,1
9.574572804,0,1
9.703537160,0,0
9.703539132,1,0
9.832503554,1,1
9.832504368,0,1
9.961467916,0,0
9.961469634,1,0
10.090434310,1,1
10.090434868,0,1
10.219429670,0,0
10.219431134,1,0
10.348395062,1,1
10.348396430,0,1
10.477360422,0,0
10.477362632,1,0
10.606326814,1,1
10.606327990,0,1
10.735293192,1,1
10.735293236,1,0
10.864287562,1,1
10.864289486,0,1
10.993252984,0,0
10.993254748,1,0
11.122249312,1,1
11.122251042,0,1
11.251215732,0,0
11.251216242,1,0
11.380210058,1,1
11.380212536,0,1
11.509177540,0,0
11.509178796,1,0
11.638142864,1,1
11.638144024,0,1
11.767138220,0,0
11.767140286,1,0
11.896104670,1,1
11.896105638,0,1
12.025069962,0,0
12.025070834,1,0
12.154035348,1,1
12.154037126,0,1
12.283000764,0,0
12.283002322,1,0
12.411965088,1,1
12.411967610,0,1
12.540931566,0,0
12.540932870,1,0
12.669896826,1,1
12.669899094,0,1
12.798862304,0,0
12.798864352,1,0
12.927828624,1,1
12.927829640,0,1
13.056793038,0,0
13.056795896,1,0
13.185758670,1,1
13.185761184,0,1
13.314723336,0,0
13.314726438,1,0
13.443690154,1,1
13.443691664,0,1
13.572685192,0,0
13.572687918,1,0
13.701650762,1,1
13.701653202,0,1
13.830648238,0,0
13.830649458,1,0
13.959612556,1,1
13.959615678,0,1
14.088579340,0,0
14.088580932,1,0
14.217543972,1,1
14.217546216,0,1
14.346509632,0,0
14.346511468,1,0
14.475476262,1,1
14.475477752,0,1
14.604441922,0,0
14.604442942,1,0
14.733406550,1,1
14.733408224,0,1
14.862373272,0,0
14.862374412,1,0
14.991338900,1,1
14.991339758,0,1
15.120303496,0,0
15.120304944,1,0
15.249269184,1,1
15.249270226,0,1
15.378264656,0,0
15.378266476,1,0
15.507262532,1,1
15.507262694,0,1
15.636226376,0,0
15.636227942,1,0
15.765192752,1,1
15.765194222,0,1
15.894158096,0,0
15.894159472,1,0
16.023123534,1,1
16.023124750,0,1
16.152087814,0,0
16.152089998,1,0
16.281084190,1,1
16.281086214,0,1
16.410051596,0,0
16.410052460,1,0
16.539014906,1,1
16.539017676,0,1
16.667981310,0,0
16.667982984,1,0
16.796947684,1,1
16.796948200,0,1
16.925943024,0,0
16.925944444,1,0
17.054907398,1,1
17.054909722,0,1
17.183903738,0,0
17.183905904,1,0
17.312870110,1,1
17.312872180,0,1
17.441836512,0,0
17.441837424,1,0
17.570800822,1,1
17.570802700,0,1
17.699766224,0,0
17.699767942,1,0
17.828731532,1,1
17.828734156,0,1
17.957696934,0,0
17.957699398,1,0
18.086663242,1,1
18.086664734,0,1
18.215630642,0,0
18.215630852,1,0
18.344595012,1,1
18.344596188,0,1
18.473559350,0,0
18.473561368,1,0
18.602524718,1,1
18.602526704,0,1
18.731491118,0,0
18.731492882,1,0
18.860485426,1,1
18.860488156,0,1
18.989452822,0,0
18.989454332,1,0
19.118417190,1,1
19.118419606,0,1
19.247414526,0,0
19.247415782,1,0
19.376409830,1,1
19.376412054,0,1
19.505376230,0,0
19.505377356,1,0
19.634340594,1,1
19.634342564,0,1
19.763307992,0,0
19.763308804,1,0
19.892273296,1,1
19.892274010,0,1
20.021237692,0,0
20.021239248,1,0
20.150202996,1,1
20.150204518,0,1
20.279199392,0,0
20.279200692,1,0
20.408163756,1,1
20.408166024,0,1
20.537130090,0,0
20.537132200,1,0
20.666096392,1,1
20.666097530,0,1
20.795060786,0,0
20.795062704,1,0
20.924118150,1,1
20.924119972,0,1
21.053267484,0,0
21.053269146,1,0
21.182414848,1,1
21.182417414,0,1
21.311564242,0,0
21.311565650,1,0
21.440712542,1,1
21.440714916,0,1
21.569861810,0,0
21.569863090,1,0
21.699009298,1,1
21.699011356,0,1
21.828158628,0,0
21.828160592,1,0
21.957306990,1,1
21.957308858,0,1
22.086456258,0,0
22.086458030,1,0
22.215604618,1,1
22.215606298,0,1
22.344782948,0,0
22.344785530,1,0
22.473932310,1,1
22.473933732,0,1
22.603171702,0,0
22.603173966,1,0
22.732413000,1,1
22.732414230,0,1
22.861653392,0,0
22.861654402,1,0
22.990893750,1,1
22.990894666,0,1
23.120134080,0,0
23.120134898,1,0
23.249373438,1,1
23.249375162,0,1
23.378643766,0,0
23.378645332,1,0
23.507884126,1,1
23.507885596,0,1
23.637125454,0,0
23.637125826,1,0
23.766363812,1,1
23.766366028,0,1
23.895604200,0,0
23.895606258,1,0
24.024845496,1,1
24.024846458,0,1
24.154084886,0,0
24.154086752,1,0
24.283325242,1,1
24.283327012,0,1
24.412565568,0,0
24.412567180,1,0
24.541805864,1,1
24.541807380,0,1
24.671046188,0,0
24.671047610,1,0
24.800286546,1,1
24.800287870,0,1
24.929527934,0,0
24.929528040,1,0
25.058765226,1,1
25.058768300,0,1
25.188005614,0,0
25.188008464,1,0
25.317245968,1,1
25.317248788,0,1
25.446487292,0,0
25.446489016,1,0
25.575727648,1,1
25.575729212,0,1
25.704966034,0,0
25.704968440,1,0
25.834207324,1,1
25.834208700,0,1
25.963447648,0,0
25.963448802,1,0
26.092687004,1,1
26.092689124,0,1
26.221927324,0,0
26.221929288,1,0
26.351167680,1,1
26.351169546,0,1
26.480408002,0,0
26.480409774,1,0
26.609647354,1,1
26.609650028,0,1
26.738888676,0,0
26.738890192,1,0
26.868129028,1,1
26.868130450,0,1
26.997369412,0,0
26.997370676,1,0
27.126638702,1,1
27.126640870,0,1
27.255880086,0,0
27.255881096,1,0
27.385119376,1,1
27.385121350,0,1
27.514360758,0,0
27.514361576,1,0
27.643601048,1,1
27.643601832,0,1
27.772841430,0,0
27.772841994,1,0
27.902079780,1,1
27.902082250,0,1
28.031320100,0,0
28.031322474,1,0
28.160561450,1,1
28.160562666,0,1
28.289800708,0,0
28.289802888,1,0
28.419042058,1,1
28.419043080,0,1
28.548281376,0,0
28.548283306,1,0
28.677521726,1,1
28.677523560,0,1
28.806762106,0,0
28.806763782,1,0
28.936001394,1,1
28.936003972,0,1
29.065241774,0,0
29.065243194,1,0
29.194482060,1,1
29.194483450,0,1
29.323721440,0,0
29.323723670,1,0
29.452961788,1,1
29.452963924,0,1
29.582202168,0,0
29.582204082,1,0
29.711443390,1,1
29.711444272,0,1
29.840682770,0,0
29.840684494,1,0
29.969923056,1,1
29.969924682,0,1
30.099194434,0,0
30.099195904,1,0
30.228433780,1,1
30.228436154,0,1
30.357673158,0,0
30.357675376,1,0
30.486914506,1,1
30.486915626,0,1
30.616154758,0,0
30.616155846,1,0
30.745394104,1,1
30.745395972,0,1
30.874665482,0,0
30.874667254,1,0
31.003905766,1,1
31.003907442,0,1
31.133146206,0,0
31.133147662,1,0
31.262386426,1,1
31.262387912,0,1
31.391626802,0,0
31.391628130,1,0
31.520865148,1,1
31.520867380,0,1
31.650106398,0,0
31.650107536,1,0
31.779345744,1,1
31.779347722,0,1
31.908586056,0,0
31.908587940,1,0
32.037826402,1,1
32.037828188,0,1
32.167067776,0,0
32.167068406,1,0
32.296307120,1,1
32.296308592,0,1
32.425547434,0,0
32.425548810,1,0
32.554786778,1,1
32.554789058,0,1
32.684027090,0,0
32.684029212,1,0
32.813267432,1,1
32.813269522,0,1
32.942508806,0,0
32.942509676,1,0
33.071747024,1,1
33.071749860,0,1
33.200988398,0,0
33.200990076,1,0
33.330257742,1,1
33.330260326,0,1
33.459468052,0,0
33.459470478,1,0
33.588709394,1,1
33.588710788,0,1
33.717948766,0,0
33.717949940,1,0
33.847219108,1,1
33.847221186,0,1
33.976459356,0,0
33.976461400,1,0
34.105699634,1,1
34.105701584,0,1
34.234940008,0,0
34.234941736,1,0
34.364180348,1,1
34.364181980,0,1
34.493450720,0,0
34.493452258,1,0
34.622720936,1,1
34.622723378,0,1
34.751962308,0,0
34.751963592,1,0
34.881202648,1,1
34.881203838,0,1
35.010442020,0,0
35.010443050,1,0
35.139682298,1,1
35.139683296,0,1
35.268921606,0,0
35.268923446,1,0
35.398162008,1,1
35.398163690,0,1
35.527403314,0,0
35.527403902,1,0
35.656673592,1,1
35.656675084,0,1
35.785913962,0,0
35.785915296,1,0
35.915154300,1,1
35.915155540,0,1
36.044393608,0,0
36.044395690,1,0
36.173633948,1,1
36.173634932,0,1
36.302903254,0,0
36.302906142,1,0
36.432144592,1,1
36.432146386,0,1
36.561384898,0,0
36.561386596,1,0
36.690625174,1,1
36.690626776,0,1
36.819865542,0,0
36.819866926,1,0
36.949105880,1,1
36.949107168,0,1
37.078344248,0,0
37.078347380,1,0
37.207585524,1,1
37.207587622,0,1
37.336824890,0,0
37.336826832,1,0
37.466066166,1,1
37.466067072,0,1
37.595335470,0,0
37.595338220,1,0
37.724575806,1,1
37.724578398,0,1
37.853817112,0,0
37.853818608,1,0
37.983057448,1,1
37.983058786,0,1
38.112297814,0,0
38.112299056,1,0
38.241537150,1,1
38.241539236,0,1
38.370807454,0,0
38.370809444,1,0
38.500048790,1,1
38.500049684,0,1
38.629317094,0,0
38.629319832,1,0
38.758558368,1,1
38.758560072,0,1
38.887799794,0,0
38.887800216,1,0
39.017039006,1,1
39.017040518,0,1
39.146279370,0,0
39.146280726,1,0
39.275519706,1,1
39.275520902,0,1
39.404760070,0,0
39.404761110,1,0
39.533999280,1,1
39.534001348,0,1
39.663239644,0,0
39.663241494,1,0
39.792479978,1,1
39.792481670,0,1
39.921720344,0,0
39.921721876,1,0
40.050959614,1,1
40.050962114,0,1
40.180200918,0,0
40.180202322,1,0
40.309439250,1,1
40.309442496,0,1
40.438680612,0,0
40.438682702,1,0
40.567921884,1,1
40.567922942,0,1
40.697161246,0,0
40.697163148,1,0
40.826400518,1,1
40.826403322,0,1
40.955639818,0,0
40.955642526,1,0
41.084882088,1,1
41.084882702,0,1
41.214121514,0,0
41.214122906,1,0
41.343391844,1,1
41.343394142,0,1
41.472632144,0,0
41.472634346,1,0
41.601872414,1,1
41.601874524,0,1
41.731113776,0,0
41.731114724,1,0
41.860353108,1,1
41.860354962,0,1
41.989594344,0,0
41.989595104,1,0
42.118832676,1,1
42.118834340,0,1
42.248073038,0,0
42.248074544,1,0
42.377343306,1,1
42.377345778,0,1
42.506584666,0,0
42.506585982,1,0
42.635824998,1,1
42.635826154,0,1
42.765065358,0,0
42.765066358,1,0
42.894305564,1,1
42.894306592,0,1
43.023544924,0,0
43.023546734,1,0
43.152785254,1,1
43.152786906,0,1
43.282025552,0,0
43.282026170,1,0
43.411264880,1,1
43.411266342,0,1
43.540504240,0,0
43.540506544,1,0
43.669745508,1,1
43.669746778,0,1
43.798985804,0,0
43.798986918,1,0
43.928225134,1,1
43.928227150,0,1
44.057464492,0,0
44.057467352,1,0
44.186705822,1,1
44.186707586,0,1
44.315946056,0,0
44.315947724,1,0
44.445187384,1,1
44.445187894,0,1
44.574425680,0,0
44.574428096,1,0
44.703665008,1,1
44.703668328,0,1
44.832907366,0,0
44.832908528,1,0
44.962147632,1,1
44.962148698,0,1
45.091386990,0,0
45.091388898,1,0
45.220627316,1,1
45.220629192,0,1
45.349897550,0,0
45.349899268,1,0
45.479137940,1,1
45.479139500,0,1
45.608377236,0,0
45.608379700,1,0
45.737618498,1,1
45.737619930,0,1
45.866858856,0,0
45.866860130,1,0
45.996097182,1,1
45.996100298,0,1
46.125368476,0,0
46.125370500,1,0
46.254608804,1,1
46.254610730,0,1
46.383849096,0,0
46.383850866,1,0
46.513090424,1,1
46.513091096,0,1
46.642330718,0,0
46.642331294,1,0
46.771569042,1,1
46.771571462,0,1
46.900811336,0,0
46.900811660,1,0
47.030080662,1,1
47.030081892,0,1
47.159291016,0,0
47.159292088,1,0
47.288530278,1,1
47.288532254,0,1
47.417771634,0,0
47.417772452,1,0
47.547011960,1,1
47.547012680,0,1
47.676249814,0,0
47.676252816,1,0
47.805491514,1,1
47.805492982,0,1
47.934731370,0,0
47.934732242,1,0
48.063971568,1,1
48.063972408,0,1
48.193211860,0,0
48.193212668,1,0
48.322449746,1,1
48.322452832,0,1
48.451691100,0,0
48.451693030,1,0
48.580932610,1,1
48.580933256,0,1
48.710171716,0,0
48.710173392,1,0
48.839413100,1,1
48.839413618,0,1
48.968652328,0,0
48.968653814,1,0
49.097891714,1,1
49.097893916,0,1
49.227131006,0,0
49.227134112,1,0
49.356372264,1,1
49.356374338,0,1
49.485613368,0,0
49.485614596,1,0
49.614852814,1,1
49.614854760,0,1
49.744093168,0,0
49.744094954,1,0
49.873363488,1,1
49.873365182,0,1
50.002603842,0,0
50.002605314,1,0
50.131844164,1,1
50.131845476,0,1
50.261084452,0,0
50.261085670,1,0
50.390324712,1,1
50.390325896,0,1
50.519565000,0,0
50.519566028,1,0
50.648804322,1,1
50.648806252,0,1
50.778044610,0,0
50.778046446,1,0
50.907284932,1,1
50.907286672,0,1
51.036526284,0,0
51.036526866,1,0
51.165765540,1,1
51.165767090,0,1
51.295004892,0,0
51.295007220,1,0
51.424244148,1,1
51.424246446,0,1
51.553485500,0,0
51.553486576,1,0
51.682724820,1,1
51.682726800,0,1
51.811965044,0,0
51.811966992,1,0
51.941204364,1,1
51.941207154,0,1
52.070446712,0,0
52.070447346,1,0
52.199684970,1,1
52.199687506,0,1
52.328925320,0,0
52.328927760,1,0
52.458166638,1,1
52.458167984,0,1
52.587406924,0,0
52.587408114,1,0
52.716647180,1,1
52.716648336,0,1
52.845915530,0,0
52.845918466,1,0
52.975155848,1,1
52.975158688,0,1
53.104397134,0,0
53.104398878,1,0
53.233638452,1,1
53.233639038,0,1
53.362876738,0,0
53.362879230,1,0
53.492117054,1,1
53.492119452,0,1
53.621388402,0,0
53.621390578,1,0
53.750627658,1,1
53.750629802,0,1
53.879897946,0,0
53.879900990,1,0
54.009139324,1,1
54.009141150,0,1
54.138380608,0,0
54.138381338,1,0
54.267619924,1,1
54.267621560,0,1
54.396859208,0,0
54.396861686,1,0
54.526100524,1,1
54.526101908,0,1
54.655340872,0,0
54.655342096,1,0
54.784581064,1,1
54.784582318,0,1
54.913819408,0,0
54.913821508,1,0
55.043058662,1,1
55.043061664,0,1
55.172301008,0,0
55.172301854,1,0
55.301540324,1,1
55.301542074,0,1
55.430780608,0,0
55.430782262,1,0
55.560050922,1,1
55.560053420,0,1
55.689291268,0,0
55.689293544,1,0
55.818532520,1,1
55.818533764,0,1
55.947771864,0,0
55.947773950,1,0
56.077011118,1,1
56.077013172,0,1
56.206252464,0,0
56.206253296,1,0
56.335492776,1,1
56.335493514,0,1
56.464733060,0,0
56.464733700,1,0
56.594002372,1,1
56.594004858,0,1
56.723242592,0,0
56.723245044,1,0
56.852483906,1,1
56.852485200,0,1
56.981723250,0,0
56.981725386,1,0
57.110963502,1,1
57.110965604,0,1
57.240203844,0,0
57.240204792,1,0
57.369443096,1,1
57.369445010,0,1
57.498683438,0,0
57.498685196,1,0
57.627953752,1,1
57.627956286,0,1
57.757195032,0,0
57.757196534,1,0
57.886434344,1,1
57.886436752,0,1
58.015674624,0,0
58.015676876,1,0
58.144914938,1,1
58.144917094,0,1
58.274156280,0,0
58.274157276,1,0
58.403396530,1,1
58.403397496,0,1
58.532635872,0,0
58.532636618,1,0
58.661874184,1,1
58.661876834,0,1
58.791115464,0,0
58.791116956,1,0
58.920354712,1,1
58.920357172,0,1
59.049596056,0,0
59.049597294,1,0
59.178835302,1,1
59.178837510,0,1
59.308075582,0,0
59.308077694,1,0
59.437315894,1,1
59.437317910,0,1
59.566557172,0,0
59.566558030,1,0
59.695796482,1,1
59.695798246,0,1
59.825036824,0,0
59.825038430,1,0
59.954276072,1,1
59.954278644,0,1
60.083517414,0,0
60.083518828,1,0
60.212758722,1,1
60.212758918,0,1
60.341997000,0,0
60.341999100,1,0
60.471237248,1,1
60.471239314,0,1
60.600477588,0,0
60.600479498,1,0
60.729716834,1,1
60.729718712,0,1
60.858957174,0,0
60.858958894,1,0
60.988198484,1,1
60.988199046,0,1
61.117437760,0,0
61.117439228,1,0
61.246677070,1,1
61.246679442,0,1
61.375918410,0,0
61.375919624,1,0
61.505157654,1,1
61.505159712,0,1
61.634397994,0,0
61.634399894,1,0
61.763638302,1,1
61.763640108,0,1
61.892878516,0,0
61.892880288,1,0
62.022118824,1,1
62.022120502,0,1
62.151360162,0,0
62.151360620,1,0
62.280599408,1,1
62.280600832,0,1
62.409869748,0,0
62.409871016,1,0
62.539078992,1,1
62.539081226,0,1
62.668319330,0,0
62.668321344,1,0
62.797559574,1,1
62.797561556,0,1
62.926799912,0,0
62.926801674,1,0
63.056039220,1,1
63.056040886,0,1
63.185279558,0,0
63.185281066,1,0
63.314520738,1,1
63.314521216,0,1
63.443760076,0,0
63.443761396,1,0
63.572999320,1,1
63.573001608,0,1
63.702239658,0,0
63.702241788,1,0
63.831480964,1,1
63.831482000,0,1
63.960721238,0,0
63.960722116,1,0
64.089961544,1,1
64.089962328,0,1
64.219200818,0,0
64.219202506,1,0
64.348471062,1,1
64.348472654,0,1
64.477710398,0,0
64.477712834,1,0
64.606950704,1,1
64.606953044,0,1
64.736193040,0,0
64.736193222,1,0
64.865431284,1,1
64.865433434,0,1
64.994671618,0,0
64.994673548,1,0
65.123942860,1,1
65.123944758,0,1
65.253184196,0,0
65.253184874,1,0
65.382422438,1,1
65.382424082,0,1
65.511662712,0,0
65.511664262,1,0
65.640902078,1,1
65.640904408,0,1
65.770143352,0,0
65.770144588,1,0
65.899382656,1,1
65.899384796,0,1
66.028622928,0,0
66.028624974,1,0
66.157863232,1,1
66.157865182,0,1
66.287103566,0,0
66.287105298,1,0
66.416343808,1,1
66.416345442,0,1
66.545583142,0,0
66.545585620,1,0
66.674823382,1,1
66.674825828,0,1
66.804063654,0,0
66.804065942,1,0
66.933304958,1,1
66.933306150,0,1
67.062544230,0,0
67.062546326,1,0
67.191784532,1,1
67.191786534,0,1
67.321024802,0,0
67.321026710,1,0
67.450265168,1,1
67.450266856,0,1
67.579505438,0,0
67.579507094,1,0
67.708744678,1,1
67.708746176,0,1
67.837986012,0,0
67.837986352,1,0
67.967226188,1,1
67.967226560,0,1
68.096496584,0,0
68.096497734,1,0
68.225735884,1,1
68.225737942,0,1
68.354976154,0,0
68.354978054,1,0
68.484217394,1,1
68.484218260,0,1
68.613456788,0,0
68.613458374,1,0
68.742696028,1,1
68.742698580,0,1
68.871966234,0,0
68.871968756,1,0
69.001208598,1,1
69.001208898,0,1
69.130447868,0,0
69.130449072,1,0
69.259688108,1,1
69.259689278,0,1
69.388928438,0,0
69.388929452,1,0
69.518166738,1,1
69.518169658,0,1
69.647408006,0,0
69.647409706,1,0
69.776648306,1,1
69.776649912,0,1
69.905888636,0,0
69.905890086,1,0
70.035127812,1,1
70.035129290,0,1
70.164367144,0,0
70.164369402,1,0
70.293607380,1,1
70.293609606,0,1
70.422847710,0,0
70.422849782,1,0
70.552089010,1,1
70.552089986,0,1
70.681327340,0,0
70.681330160,1,0
70.810568576,1,1
70.810570364,0,1
70.939869844,0,0
70.939871474,1,0
71.069109144,1,1
71.069111614,0,1
71.198350472,0,0
71.198351788,1,0
71.327590708,1,1
71.327591990,0,1
71.456831038,0,0
71.456832164,1,0
71.586071276,1,1
71.586072304,0,1
71.715310604,0,0
71.715312476,1,0
71.844580840,1,1
71.844582680,0,1
71.973821170,0,0
71.973822852,1,0
72.103061404,1,1
72.103062994,0,1
72.232301734,0,0
72.232303164,1,0
72.361542030,1,1
72.361543368,0,1
72.490782296,0,0
72.490783476,1,0
72.620051594,1,1
72.620053678,0,1
72.749292860,0,0
72.749293850,1,0
72.878563158,1,1
72.878564990,0,1
73.007804486,0,0
73.007805160,1,0
73.137042722,1,1
73.137045362,0,1
73.266283986,0,0
73.266285470,1,0
73.395524284,1,1
73.395525610,0,1
73.524765548,0,0
73.524765844,1,0
73.654033844,1,1
73.654035984,0,1
73.783275172,0,0
73.783276154,1,0
73.912514406,1,1
73.912516354,0,1
74.041753670,0,0
74.041756524,1,0
74.170994966,1,1
74.170996600,0,1
74.300234294,0,0
74.300236770,1,0
74.429475528,1,1
74.429476972,0,1
74.558714790,0,0
74.558717078,1,0
74.687955086,1,1
74.687957280,0,1
74.817194414,0,0
74.817196448,1,0
74.946434708,1,1
74.946436650,0,1
75.075675972,0,0
75.075676818,1,0
75.204915266,1,1
75.204917018,0,1
75.334156530,0,0
75.334157126,1,0
75.463396824,1,1
75.463397326,0,1
75.592636026,0,0
75.592637432,1,0
75.721876382,1,1
75.721877568,0,1
75.851115708,0,0
75.851117736,1,0
75.980356878,1,1
75.980357936,0,1
76.109596142,0,0
76.109598104,1,0
76.238837436,1,1
76.238838304,0,1
76.368076760,0,0
76.368078472,1,0
76.497317992,1,1
76.497318670,0,1
76.626587316,0,0
76.626588776,1,0
76.755827610,1,1
76.755828912,0,1
76.885067870,0,0
76.885069080,1,0
77.014307102,1,1
77.014309278,0,1
77.143548426,0,0
77.143549446,1,0
77.272787658,1,1
77.272789580,0,1
77.402029044,0,0
77.402029748,1,0
77.531267274,1,1
77.531269946,0,1
77.660508536,0,0
77.660510112,1,0
77.789748828,1,1
77.789750250,0,1
77.918988152,0,0
77.918990352,1,0
78.048229444,1,1
78.048230548,0,1
78.177468704,0,0
78.177470714,1,0
78.306707872,1,1
78.306709912,0,1
78.435948194,0,0
78.435950080,1,0
78.565187488,1,1
78.565190212,0,1
78.694428746,0,0
78.694430380,1,0
78.823668040,1,1
78.823670578,0,1
78.952909362,0,0
78.952910680,1,0
79.082149654,1,1
79.082150938,0,1
79.211389914,0,0
79.211391042,1,0
79.340629204,1,1
79.340631176,0,1
79.469869464,0,0
79.469871340,1,0
79.599140694,1,1
79.599141536,0,1
79.728379014,0,0
79.728381638,1,0
79.857619244,1,1
79.857621896,0,1
79.986861566,0,0
79.986862062,1,0
80.116100856,1,1
80.116102194,0,1
80.245341116,0,0
80.245342360,1,0
80.374612344,1,1
80.374613492,0,1
80.503852664,0,0
80.503853656,1,0
80.633090892,1,1
80.633092850,0,1
80.762331274,0,0
80.762332952,1,0
80.891571502,1,1
80.891573146,0,1
81.020811824,0,0
81.020813310,1,0
81.150050800,1,1
81.150053506,0,1
81.279292308,0,0
81.279293544,1,0
81.408531222,1,1
81.408533740,0,1
81.537771418,0,0
81.537773902,1,0
81.667043206,1,1
81.667045096,0,1
81.796282400,0,0
81.796285258,1,0
81.925521690,1,1
81.925524452,0,1
82.054762822,0,0
82.054764614,1,0
82.184002236,1,1
82.184004748,0,1
82.313242556,0,0
82.313244846,1,0
82.442483530,1,1
82.442485040,0,1
82.571723162,0,0
82.571725202,1,0
82.700962388,1,1
82.700965396,0,1
82.830204144,0,0
82.830205494,1,0
82.959442932,1,1
82.959445688,0,1
83.088685626,0,0
83.088685850,1,0
83.217924414,1,1
83.217925980,0,1
83.347195544,0,0
83.347196142,1,0
83.476434020,1,1
83.476436272,0,1
83.605674276,0,0
83.605676434,1,0
83.734915562,1,1
83.734916626,0,1
83.864154880,0,0
83.864156786,1,0
83.993396044,1,1
83.993396978,0,1
84.122634360,0,0
84.122637138,1,0
84.251876648,1,1
84.251877268,0,1
84.381115964,0,0
84.381117428,1,0
84.510355190,1,1
84.510357556,0,1
84.639657444,0,0
84.639658718,1,0
84.768865730,1,1
84.768867910,0,1
84.898107046,0,0
84.898108070,1,0
85.027346270,1,1
85.027348198,0,1
85.156586586,0,0
85.156588358,1,0
85.285826748,1,1
85.285828548,0,1
85.415066126,0,0
85.415068708,1,0
85.544307350,1,1
85.544308898,0,1
85.673546666,0,0
85.673548934,1,0
85.802787890,1,1
85.802789124,0,1
85.932027206,0,0
85.932029282,1,0
86.061267490,1,1
86.061269472,0,1
86.190507806,0,0
86.190509570,1,0
86.319748028,1,1
86.319749758,0,1
86.448986282,0,0
86.448988980,1,0
86.578227504,1,1
86.578229108,0,1
86.707467818,0,0
86.707469266,1,0
86.836707040,1,1
86.836709392,0,1
86.965948354,0,0
86.965949550,1,0
87.095218640,1,1
87.095220678,0,1
87.224458954,0,0
87.224460836,1,0
87.353699114,1,1
87.353700962,0,1
87.482939428,0,0
87.482941120,1,0
87.612179710,1,1
87.612181372,0,1
87.741419962,0,0
87.741420466,1,0
87.870690246,1,1
87.870691594,0,1
87.999930560,0,0
87.999931750,1,0
88.129199780,1,1
88.129201876,0,1
88.258441094,0,0
88.258442096,1,0
88.387680316,1,1
88.387682284,0,1
88.516920628,0,0
88.516922378,1,0
88.646160912,1,1
88.646162564,0,1
88.775402162,0,0
88.775402660,1,0
88.904641444,1,1
88.904642848,0,1
89.033881758,0,0
89.033882942,1,0
89.163120976,1,1
89.163123128,0,1
89.292362290,0,0
89.292363284,1,0
89.421601510,1,1
89.421603472,0,1
89.550840822,0,0
89.550843628,1,0
89.680081042,1,1
89.680083752,0,1
89.809321292,0,0
89.809323908,1,0
89.938561510,1,1
89.938564094,0,1
90.067800824,0,0
90.067803124,1,0
90.197041166,1,1
90.197043310,0,1
90.326281416,0,0
90.326283466,1,0
90.455520634,1,1
90.455523652,0,1
90.584762946,0,0
90.584763746,1,0
90.714002164,1,1
90.714003932,0,1
90.843242412,0,0
90.843244150,1,0
90.972482692,1,1
90.972484272,0,1
91.101722004,0,0
91.101724426,1,0
91.230962222,1,1
91.230964612,0,1
91.360203470,0,0
91.360204704,1,0
91.489473752,1,1
91.489474890,0,1
91.618684060,0,0
91.618684980,1,0
91.747924340,1,1
91.747925104,0,1
91.877193588,0,0
91.877195320,1,0
92.006433806,1,1
92.006435504,0,1
92.135674116,0,0
92.135675658,1,0
92.264914334,1,1
92.264915782,0,1
92.394155642,0,0
92.394155872,1,0
92.523394860,1,1
92.523395994,0,1
92.652635168,0,0
92.652636146,1,0
92.781874448,1,1
92.781876332,0,1
92.911114758,0,0
92.911116484,1,0
93.040355974,1,1
93.040356668,0,1
93.169596158,0,0
93.169596820,1,0
93.298836436,1,1
93.298836942,0,1
93.428074746,0,0
93.428077094,1,0
93.557314024,1,1
93.557316278,0,1
93.686554270,0,0
93.686556430,1,0
93.815825548,1,1
93.815827550,0,1
93.945065856,0,0
93.945067640,1,0
94.074305010,1,1
94.074307824,0,1
94.203545318,0,0
94.203547976,1,0
94.332787594,1,1
94.332788158,0,1
94.462027842,0,0
94.462028310,1,0
94.591267118,1,1
94.591268492,0,1
94.720505426,0,0
94.720507580,1,0
94.849746640,1,1
94.849747700,0,1
94.978984948,0,0
94.978987852,1,0
95.108225226,1,1
95.108228034,0,1
95.237467470,0,0
95.237468186,1,0
95.366706684,1,1
95.366708306,0,1
95.495946930,0,0
95.495948456,1,0
95.625218206,1,1
95.625219638,0,1
95.754458512,0,0
95.754459726,1,0
95.883697728,1,1
95.883698906,0,1
96.012938034,0,0
96.012939058,1,0
96.142177310,1,1
96.142179176,0,1
96.271417552,0,0
96.271419326,1,0
96.400657830,1,1
96.400659508,0,1
96.529898012,0,0
96.529899656,1,0
96.659168286,1,1
96.659170776,0,1
96.788409592,0,0
96.788410862,1,0
96.917650868,1,1
96.917651106,0,1
97.046888110,0,0
97.046890254,1,0
97.176128386,1,1
97.176130374,0,1
97.305368692,0,0
97.305370460,1,0
97.434608842,1,1
97.434610702,0,1
97.563849148,0,0
97.563850788,1,0
97.693088422,1,1
97.693090970,0,1
97.822328664,0,0
97.822331118,1,0
97.951568938,1,1
97.951571298,0,1
98.080810182,0,0
98.080811384,1,0
98.210049456,1,1
98.210051502,0,1
98.339320762,0,0
98.339321652,1,0
98.468529972,1,1
98.468531830,0,1
98.597771276,0,0
98.597771978,1,0
98.727009488,1,1
98.727012094,0,1
98.856250730,0,0
98.856252242,1,0
98.985492004,1,1
98.985492420,0,1
99.114730246,0,0
99.114732568,1,0
99.243971518,1,1
99.243972746,0,1
99.373240884,0,0
99.373242832,1,0
99.502482096,1,1
99.502482948,0,1
99.631722336,0,0
99.631723096,1,0
99.760961548,1,1
99.760963274,0,1
99.890201788,0,0
99.890203420,1,0
100.019441060,1,1
100.019443538,0,1
100.148682302,0,0
100.148683746,1,0
100.277922574,1,1
100.277923860,0,1
100.407162878,0,0
100.407163944,1,0
100.536402086,1,1
100.536403122,0,1
100.665641390,0,0
100.665643268,1,0
100.794881662,1,1
100.794883382,0,1
100.924120902,0,0
100.924123528,1,0
101.053361174,1,1
101.053363706,0,1
101.182601350,0,0
101.182603852,1,0
101.311842686,1,1
101.311844028,0,1
101.441081924,0,0
101.441084112,1,0
101.570322134,1,1
101.570324290,0,1
101.699561436,0,0
101.699564434,1,0
101.828801644,1,1
101.828804486,0,1
101.958042946,0,0
101.958044630,1,0
102.087283216,1,1
102.087284806,0,1
102.216523456,0,0
102.216524952,1,0
102.345791664,1,1
102.345795126,0,1
102.475032966,0,0
102.475035274,1,0
102.604273236,1,1
102.604275448,0,1
102.733514474,0,0
102.733515530,1,0
102.862753744,1,1
102.862755706,0,1
102.991994982,0,0
102.991995788,1,0
103.121234252,1,1
103.121235900,0,1
103.250474554,0,0
103.250476044,1,0
103.379713760,1,1
103.379716220,0,1
103.508954998,0,0
103.508956364,1,0
103.638195268,1,1
103.638196538,0,1
103.767435506,0,0
103.767436618,1,0
103.896675776,1,1
103.896676856,0,1
104.025915076,0,0
104.025915936,1,0
104.155155282,1,1
104.155156110,0,1
104.284395582,0,0
104.284396190,1,0
104.413634788,1,1
104.413636304,0,1
104.542875088,0,0
104.542876444,1,0
104.672114292,1,1
104.672116620,0,1
104.801353656,0,0
104.801356762,1,0
104.930594798,1,1
104.930596936,0,1
105.059836098,0,0
105.059837016,1,0
105.189076304,1,1
105.189077190,0,1
105.318315538,0,0
105.318317332,1,0
105.447554808,1,1
105.447557504,0,1
105.576795106,0,0
105.576797584,1,0
105.706035372,1,1
105.706037694,0,1
105.835276610,0,0
105.835277836,1,0
105.964515876,1,1
105.964518008,0,1
106.093755112,0,0
106.093758150,1,0
106.222995380,1,1
106.222997260,0,1
106.352235552,0,0
106.352237400,1,0
106.481475820,1,1
106.481477572,0,1
106.610717118,0,0
106.610717714,1,0
106.739956384,1,1
106.739957884,0,1
106.869227620,0,0
106.869228966,1,0
106.998436886,1,1
106.998438134,0,1
107.127707120,0,0
107.127709276,1,0
107.256947386,1,1
107.256949384,0,1
107.386186620,0,0
107.386188588,1,0
107.515427888,1,1
107.515428696,0,1
107.644668184,0,0
107.644668838,1,0
107.773907388,1,1
107.773909008,0,1
107.903147622,0,0
107.903149146,1,0
108.032386888,1,1
108.032389256,0,1
108.161628184,0,0
108.161629332,1,0
108.290868386,1,1
108.290869504,0,1
108.420107682,0,0
108.420109642,1,0
108.549348886,1,1
108.549349752,0,1
108.678587118,0,0
108.678589890,1,0
108.807827384,1,1
108.807830062,0,1
108.937068616,0,0
108.937070200,1,0
109.066308882,1,1
109.066310370,0,1
109.195548176,0,0
109.195550446,1,0
109.324788380,1,1
109.324790554,0,1
109.454028674,0,0
109.454030692,1,0
109.583269940,1,1
109.583270862,0,1
109.712509172,0,0
109.712509936,1,0
109.841779372,1,1
109.841781170,0,1
109.971018668,0,0
109.971021244,1,0
110.100257870,1,1
110.100261476,0,1
110.229499164,0,0
110.229501552,1,0
110.358739428,1,1
110.358741658,0,1
110.487980660,0,0
110.487981796,1,0
110.617220924,1,1
110.617221902,0,1
110.746460218,0,0
110.746462040,1,0
110.875730354,1,1
110.875732208,0,1
111.004970650,0,0
111.004972346,1,0
111.134210914,1,1
111.134212514,0,1
111.263452206,0,0
111.263452652,1,0
111.392690408,1,1
111.392692694,0,1
111.521930700,0,0
111.521932830,1,0
111.651170900,1,1
111.651172998,0,1
111.780441132,0,0
111.780443196,1,0
111.909682394,1,1
111.909683240,0,1
112.038921624,0,0
112.038923378,1,0
112.168161886,1,1
112.168163544,0,1
112.297402178,0,0
112.297403618,1,0
112.426641378,1,1
112.426643786,0,1
112.555882672,0,0
112.555883920,1,0
112.685122932,1,1
112.685124088,0,1
112.814363226,0,0
112.814364160,1,0
112.943602424,1,1
112.943604328,0,1
113.072841592,0,0
113.072844462,1,0
113.202081852,1,1
113.202084630,0,1
113.331323144,0,0
113.331323766,1,0
113.460561406,1,1
113.460563868,0,1
113.589832634,0,0
113.589835004,1,0
113.719102834,1,1
113.719105170,0,1
113.848314124,0,0
113.848315242,1,0
113.977552386,1,1
113.977555344,0,1
114.106793552,0,0
114.106795542,1,0
114.236034874,1,1
114.236035644,0,1
114.365273104,0,0
114.365275778,1,0
114.494513364,1,1
114.494514882,0,1
114.623783654,0,0
114.623786016,1,0
114.753024852,1,1
114.753026182,0,1
114.882265142,0,0
114.882266316,1,0
115.011504340,1,1
115.011506418,0,1
115.140743192,0,0
115.140746550,1,0
115.269984826,1,1
115.269986716,0,1
115.399223616,0,0
115.399226788,1,0
115.528465250,1,1
115.528467012,0,1
115.657704978,0,0
115.657706020,1,0
115.786945176,1,1
115.786946184,0,1
115.916184090,0,0
115.916186254,1,0
116.045424286,1,1
116.045426482,0,1
116.174664514,0,0
116.174666552,1,0
116.303905898,1,1
116.303906714,0,1
116.433174998,0,0
116.433177848,1,0
116.562386320,1,1
116.562386948,0,1
116.691624546,0,0
116.691627080,1,0
116.820864742,1,1
116.820867244,0,1
116.950104968,0,0
116.950107378,1,0
117.079345226,1,1
117.079347478,0,1
117.208585452,0,0
117.208587610,1,0
117.337826398,1,1
117.337827710,0,1
117.467065934,0,0
117.467067840,1,0
117.596305194,1,1
117.596308002,0,1
117.725546482,0,0
117.725548134,1,0
117.854784676,1,1
117.854787296,0,1
117.984025964,0,0
117.984027364,1,0
118.113265220,1,1
118.113267526,0,1
118.242506384,0,0
118.242507658,1,0
118.371776642,1,1
118.371778758,0,1
118.501017928,0,0
118.501018888,1,0
118.630258122,1,1
118.630258988,0,1
118.759497472,0,0
118.759499118,1,0
118.888737604,1,1
118.888739278,0,1
119.018007890,0,0
119.018009346,1,0
119.147248146,1,1
119.147249506,0,1
119.276488370,0,0
119.276489636,1,0
119.405728626,1,1
119.405729736,0,1
119.534969850,0,0
119.534969866,1,0
119.664208106,1,1
119.664210026,0,1
119.793449392,0,0
119.793450156,1,0
119.922688586,1,1
119.922690316,0,1
120.051928810,0,0
120.051930382,1,0
120.181169002,1,1
120.181170542,0,1
120.310407288,0,0
120.310409610,1,0
120.439647480,1,1
120.439649768,0,1
120.568887766,0,0
120.568889898,1,0
120.698127960,1,1
120.698129932,0,1
120.827368244,0,0
120.827370122,1,0
120.956607498,1,1
120.956610282,0,1
121.085849720,0,0
121.085850410,1,0
121.215088976,1,1
121.215090570,0,1
121.344359198,0,0
121.344361636,1,0
121.473599452,1,1
121.473600732,0,1
121.602838674,0,0
121.602840860,1,0
121.732079864,1,1
121.732081018,0,1
121.861319150,0,0
121.861321084,1,0
121.990559404,1,1
121.990561242,0,1
122.119829626,0,0
122.119832370,1,0
122.249100878,1,1
122.249102468,0,1
122.378371100,0,0
122.378373654,1,0
122.507611354,1,1
122.507613750,0,1
122.636852638,0,0
122.636853876,1,0
122.766091828,1,1
122.766092972,0,1
122.895332048,0,0
122.895333098,1,0
123.024571300,1,1
123.024573194,0,1
123.153812584,0,0
123.153813320,1,0
123.283051774,1,1
123.283053416,0,1
123.412292058,0,0
123.412293540,1,0
123.541531248,1,1
123.541533760,0,1
123.670772530,0,0
123.670773824,1,0
123.800011782,1,1
123.800013980,0,1
123.929252002,0,0
123.929254106,1,0
124.058492192,1,1
124.058494202,0,1
124.187732412,0,0
124.187734328,1,0
124.316972662,1,1
124.316974482,0,1
124.446211882,0,0
124.446214546,1,0
124.575453196,1,1
124.575454702,0,1
124.704692416,0,0
124.704694764,1,0
124.833933666,1,1
124.833934920,0,1
124.963203948,0,0
124.963205106,1,0
125.092473138,1,1
125.092475138,0,1
125.221713356,0,0
125.221715262,1,0
125.350953606,1,1
125.350955418,0,1
125.480194826,0,0
125.480195542,1,0
125.609434076,1,1
125.609435636,0,1
125.738675294,0,0
125.738675760,1,0
125.867914546,1,1
125.867915914,0,1
125.997153826,0,0
125.997156038,1,0
126.126425014,1,1
126.126427194,0,1
126.255665232,0,0
126.255666254,1,0
126.384904482,1,1
126.384906408,0,1
126.514145700,0,0
126.514146470,1,0
126.643384950,1,1
126.643386686,0,1
126.772624230,0,0
126.772626746,1,0
126.901865416,1,1
126.901866902,0,1
127.031105696,0,0
127.031107024,1,0
127.160345822,1,1
127.160347116,0,1
127.289585100,0,0
127.289587238,1,0
127.418825288,1,1
127.418827332,0,1
127.548064566,0,0
127.548067454,1,0
127.677305814,1,1
127.677307606,0,1
127.806546094,0,0
127.806547728,1,0
127.935786280,1,1
127.935787820,0,1
128.065026558,0,0
128.065027942,1,0
128.194266744,1,1
128.194268094,0,1
128.323506022,0,0
128.323508216,1,0
128.452747210,1,1
128.452748306,0,1
128.581986424,0,0
128.581987428,1,0
128.711224672,1,1
128.711227518,0,1
128.840496952,0,0
128.840498640,1,0
128.969736136,1,1
128.969738792,0,1
129.099006352,0,0
129.099008914,1,0
129.228217662,1,1
129.228219064,0,1
129.357456878,0,0
129.357459186,1,0
129.486698062,1,1
129.486699276,0,1
129.615937340,0,0
129.615939396,1,0
129.745176524,1,1
129.745178422,0,1
129.874446800,0,0
129.874449604,1,0
130.003689046,1,1
130.003689694,0,1
130.132928262,0,0
130.132929876,1,0
130.262167510,1,1
130.262169966,0,1
130.391407722,0,0
130.391410086,1,0
130.520648908,1,1
130.520650236,0,1
130.649889184,0,0
130.649890356,1,0
130.779128366,1,1
130.779130382,0,1
130.908368582,0,0
130.908369500,1,0
131.037607890,1,1
131.037609650,0,1
131.166847166,0,0
131.166849770,1,0
131.296088348,1,1
131.296089858,0,1
131.425328624,0,0
131.425329976,1,0
131.554567808,1,1
131.554570128,0,1
131.683808082,0,0
131.683810244,1,0
131.813079266,1,1
131.813081334,0,1
131.942319542,0,0
131.942321452,1,0
132.071558724,1,1
132.071560538,0,1
132.200798936,0,0
132.200800656,1,0
132.330039180,1,1
132.330040806,0,1
132.459279456,0,0
132.459280924,1,0
132.588520638,1,1
132.588521010,0,1
132.717758912,0,0
132.717761190,1,0
132.847029094,1,1
132.847032214,0,1
132.976301368,0,0
132.976302332,1,0
133.105541550,1,1
133.105542480,0,1
133.234780824,0,0
133.234782596,1,0
133.364021006,1,1
133.364022684,0,1
133.493261218,0,0
133.493262864,1,0
133.622500462,1,1
133.622502950,0,1
133.751742672,0,0
133.751743004,1,0
133.880981916,1,1
133.880983152,0,1
134.010221128,0,0
134.010223268,1,0
134.139461370,1,1
134.139463352,0,1
134.268701582,0,0
134.268703468,1,0
134.397941824,1,1
134.397942616,0,1
134.527182098,0,0
134.527182670,1,0
134.656452278,1,1
134.656453818,0,1
134.785692552,0,0
134.785693934,1,0
134.914932732,1,1
134.914934016,0,1
135.044172004,0,0
135.044174132,1,0
135.173413246,1,1
135.173414280,0,1
135.302652458,0,0
135.302654394,1,0
135.431892698,1,1
135.431894542,0,1
135.561162908,0,0
135.561164656,1,0
135.690402088,1,1
135.690404676,0,1
135.819642298,0,0
135.819644792,1,0
135.948912540,1,1
135.948914940,0,1
136.078123810,0,0
136.078125052,1,0
136.207362990,1,1
136.207365136,0,1
136.336604262,0,0
136.336605250,1,0
136.465843502,1,1
136.465845396,0,1
136.595083712,0,0
136.595085510,1,0
136.724323952,1,1
136.724325656,0,1
136.853563162,0,0
136.853564708,1,0
136.982803340,1,1
136.982804852,0,1
137.112043610,0,0
137.112044902,1,0
137.241282790,1,1
137.241285048,0,1
137.370555060,0,0
137.370556162,1,0
137.499796244,0,0
137.499796300,0,1
137.629034570,0,0
137.629036358,1,0
137.758274686,1,1
137.758276502,0,1
137.887514956,0,0
137.887516614,1,0
138.016753134,1,1
138.016755696,0,1
138.145993404,0,0
138.145995746,1,0
138.275233582,1,1
138.275235890,0,1
138.404474912,0,0
138.404476002,1,0
138.533714090,1,1
138.533716146,0,1
138.662954360,0,0
138.662956258,1,0
138.792194600,1,1
138.792196400,0,1
138.921434806,0,0
138.921436450,1,0
139.050675046,1,1
139.050676596,0,1
139.179914190,0,0
139.179916708,1,0
139.309155428,1,1
139.309156848,0,1
139.438395636,0,0
139.438396898,1,0
139.567635874,1,1
139.567636978,0,1
139.696876142,0,0
139.696877090,1,0
139.826114318,1,1
139.826117232,0,1
139.955355586,0,0
139.955357280,1,0
140.084596762,1,1
140.084597422,0,1
140.213836030,0,0
140.213836534,1,0
140.343106204,1,1
140.343107674,0,1
140.472346412,0,0
140.472347724,1,0
140.601585710,1,1
140.601587866,0,1
140.730826916,0,0
140.730827914,1,0
140.860066092,1,1
140.860068056,0,1
140.989306358,0,0
140.989308166,1,0
141.118546534,1,1
141.118548306,0,1
141.247785866,0,0
141.247788416,1,0
141.377026038,1,1
141.377028494,0,1
141.506266242,0,0
141.506267604,1,0
141.635506416,1,1
141.635507744,0,1
141.764746684,0,0
141.764747792,1,0
141.893985858,1,1
141.893987870,0,1
142.023226124,0,0
142.023227978,1,0
142.152466362,1,1
142.152468120,0,1
142.281706626,0,0
142.281708228,1,0
142.410945802,1,1
142.410948306,0,1
142.540187066,0,0
142.540188414,1,0
142.669427240,1,1
142.669428554,0,1
142.798696446,0,0
142.798698602,1,0
142.927906618,1,1
142.927908804,0,1
143.057146884,0,0
143.057148850,1,0
143.186387056,1,1
143.186388988,0,1
143.315628322,0,0
143.315629034,1,0
143.444866556,1,1
143.444869172,0,1
143.574107760,0,0
143.574109280,1,0
143.703346994,1,1
143.703348356,0,1
143.832587198,0,0
143.832588464,1,0
143.961827432,1,1
143.961828602,0,1
144.091098636,0,0
144.091099708,1,0
144.220336868,1,1
144.220339786,0,1
144.349578134,0,0
144.349579830,1,0
144.478818244,1,1
144.478819970,0,1
144.608058508,0,0
144.608060074,1,0
144.737299742,1,1
144.737300150,0,1
144.866537006,0,0
144.866539320,1,0
144.995778178,1,1
144.995779394,0,1
145.125048442,0,0
145.125050440,1,0
145.254289612,1,1
145.254290578,0,1
145.383528876,0,0
145.383530682,1,0
145.512769048,1,1
145.512770820,0,1
145.642009312,0,0
145.642010864,1,0
145.771249482,1,1
145.771251000,0,1
145.900488746,0,0
145.900491104,1,0
146.029728916,1,1
146.029731242,0,1
146.158968242,0,0
146.158970286,1,0
146.288208350,1,1
146.288210422,0,1
146.417447612,0,0
146.417450526,1,0
146.546688782,1,1
146.546690600,0,1
146.675929046,0,0
146.675930706,1,0
146.805169278,1,1
146.805170842,0,1
146.934408478,0,0
146.934410884,1,0
147.063649710,1,1
147.063651020,0,1
147.192889910,0,0
147.192891124,1,0
147.322129204,1,1
147.322131260,0,1
147.451370404,0,0
147.451371300,1,0
147.580609574,1,1
147.580611436,0,1
147.709849772,0,0
147.709851542,1,0
147.839089940,1,1
147.839091614,0,1
147.968330202,0,0
147.968331718,1,0
148.097569434,1,1
148.097571854,0,1
148.226809696,0,0
148.226811894,1,0
148.356049864,1,1
148.356051030,0,1
148.485289124,0,0
148.485291132,1,0
148.614530356,1,1
148.614531266,0,1
148.743770554,0,0
148.743771306,1,0
148.873040722,1,1
148.873042380,0,1
149.002281920,0,0
149.002282482,1,0
149.131520276,1,1
149.131522554,0,1
149.260761412,0,0
149.260762718,1,0
149.390001578,1,1
149.390002790,0,1
149.519240838,0,0
149.519241892,1,0
149.648479880,1,1
149.648482024,0,1
149.777721268,0,0
149.777722126,1,0
149.906961496,1,1
149.906962196,0,1
150.036199694,0,0
150.036202300,1,0
150.165439922,1,1
150.165442432,0,1
150.294680682,0,0
150.294682470,1,0
150.423920286,1,1
150.423922604,0,1
150.553160546,0,0
150.553162704,1,0
150.682400712,1,1
150.682402774,0,1
150.811640972,0,0
150.811642876,1,0
150.940911200,1,1
150.940913008,0,1
151.070151396,0,0
151.070153108,1,0
151.199390624,1,1
151.199393240,0,1
151.328692884,0,0
151.328694280,1,0
151.457930986,1,1
151.457934410,0,1
151.587173306,0,0
151.587174448,1,0
151.716413472,1,1
151.716414580,0,1
151.845652732,0,0
151.845654680,1,0
151.974892834,1,1
151.974894750,0,1
152.104133092,0,0
152.104134848,1,0
152.233373256,1,1
152.233374918,0,1
152.362613514,0,0
152.362615016,1,0
152.491854742,1,1
152.491855148,0,1
152.621123998,0,0
152.621125246,1,0
152.750365164,1,1
152.750365376,0,1
152.879603420,0,0
152.879605414,1,0
153.008843522,1,1
153.008845480,0,1
153.138082844,0,0
153.138085580,1,0
153.267325006,1,1
153.267325710,0,1
153.396565264,0,0
153.396565746,1,0
153.525804426,1,1
153.525805876,0,1
153.655044684,0,0
153.655046036,1,0
153.784283848,1,1
153.784286104,0,1
153.913525104,0,0
153.913526202,1,0
154.042764268,1,1
154.042766268,0,1
154.172003522,0,0
154.172006430,1,0
154.301243750,1,1
154.301245432,0,1
154.430483942,0,0
154.430485530,1,0
154.559723106,1,1
154.559725660,0,1
154.688964360,0,0
154.688965694,1,0
154.818203524,1,1
154.818205884,0,1
154.947444780,0,0
154.947445920,1,0
155.076684004,1,1
155.076686048,0,1
155.205923196,0,0
155.205926144,1,0
155.335164360,1,1
155.335166272,0,1
155.464404614,0,0
155.464406370,1,0
155.593674776,1,1
155.593676374,0,1
155.722915032,0,0
155.722916532,1,0
155.852154192,1,1
155.852156534,0,1
155.981395448,0,0
155.981396694,1,0
156.110635672,1,1
156.110636758,0,1
156.239875926,0,0
156.239876854,1,0
156.369147088,1,1
156.369147920,0,1
156.498386280,0,0
156.498388014,1,0
156.627656502,1,1
156.627658142,0,1
156.756896756,0,0
156.756898236,1,0
156.886135918,1,1
156.886138364,0,1
157.015378170,0,0
157.015378460,1,0
157.144617332,1,1
157.144618524,0,1
157.273856586,0,0
157.273858556,1,0
157.403096746,1,1
157.403098682,0,1
157.532336936,0,0
157.532338778,1,0
157.661577160,1,1
157.661578842,0,1
157.790816350,0,0
157.790817934,1,0
157.920055572,1,1
157.920058062,0,1
158.049295826,0,0
158.049298156,1,0
158.178596986,1,1
158.178599220,0,1
158.307807176,0,0
158.307809312,1,0
158.437047398,1,1
158.437049438,0,1
158.566287586,0,0
158.566289470,1,0
158.695527810,1,1
158.695529594,0,1
158.824767062,0,0
158.824769688,1,0
158.954007284,1,1
158.954008814,0,1
159.083248474,0,0
159.083248846,1,0
159.212487694,1,1
159.212488906,0,1
159.341727884,0,0
159.341729062,1,0
159.470967104,1,1
159.470969186,0,1
159.600207356,0,0
159.600209154,1,0
159.729448452,1,1
159.729449280,0,1
159.858687704,0,0
159.858689310,1,0
159.987928862,1,1
159.987929496,0,1
160.117168112,0,0
160.117169590,1,0
160.246408332,1,1
160.246409714,0,1
160.375678582,0,0
160.375679742,1,0
160.504918804,1,1
160.504919866,0,1
160.634158992,0,0
160.634159834,1,0
160.763398150,1,1
160.763399958,0,1
160.892639398,0,0
160.892640050,1,0
161.021879558,1,1
161.021880172,0,1
161.151118806,0,0
161.151120264,1,0
161.280358964,1,1
161.280360388,0,1
161.409629214,0,0
161.409630480,1,0
161.538869434,1,1
161.538870540,0,1
161.668108496,0,0
161.668110568,1,0
161.797349716,1,1
161.797350692,0,1
161.926587964,0,0
161.926590782,1,0
162.055829184,1,1
162.055830904,0,1
162.185068434,0,0
162.185070996,1,0
162.314309590,1,1
162.314311056,0,1
162.443548840,0,0
162.443551146,1,0
162.572789058,1,1
162.572791268,0,1
162.702029244,0,0
162.702031360,1,0
162.831269462,1,1
162.831271420,0,1
162.960509650,0,0
162.960511446,1,0
163.089749804,1,1
163.089751568,0,1
163.218989052,0,0
163.218991660,1,0
163.348260208,1,1
163.348261782,0,1
163.477499458,0,0
163.477501870,1,0
163.606739674,1,1
163.606741930,0,1
163.735979860,0,0
163.735982020,1,0
163.865221078,1,1
163.865222140,0,1
163.994460262,0,0
163.994462106,1,0
164.123730480,1,1
164.123732226,0,1
164.252971602,0,0
164.252972314,1,0
164.382210884,1,1
164.382212436,0,1
164.511450068,0,0
164.511452524,1,0
164.640691222,1,1
164.640692646,0,1
164.769932470,0,0
164.769932734,1,0
164.899170686,1,1
164.899172730,0,1
165.028410872,0,0
165.028412758,1,0
165.157651026,1,1
165.157652940,0,1
165.286891272,0,0
165.286892966,1,0
165.416131426,1,1
165.416133022,0,1
165.545371736,0,0
165.545373174,1,0
165.674611826,1,1
165.674613232,0,1
165.803851072,0,0
165.803853320,1,0
165.933091290,1,1
165.933093440,0,1
166.062331474,0,0
166.062332528,1,0
166.191570688,1,1
166.191572646,0,1
166.320809874,0,0
166.320812610,1,0
166.450050026,1,1
166.450052728,0,1
166.579291210,0,0
166.579292816,1,0
166.708529488,1,1
166.708532936,0,1
166.837771670,0,0
166.837773022,1,0
166.967011886,1,1
166.967013078,0,1
167.096282070,0,0
167.096284166,1,0
167.225521284,1,1
167.225523222,0,1
167.354760530,0,0
167.354763310,1,0
167.484002682,1,1
167.484003428,0,1
167.613241864,0,0
167.613243452,1,0
167.742483080,1,1
167.742483570,0,1
167.871753264,0,0
167.871754658,1,0
168.000992540,1,1
168.000994714,0,1
168.130233722,0,0
168.130234862,1,0
168.259473936,1,1
168.259474918,0,1
168.388713056,0,0
168.388714004,1,0
168.517953270,1,1
168.517954058,0,1
168.647191452,0,0
168.647194146,1,0
168.776432666,1,1
168.776434200,0,1
168.905671910,0,0
168.905674286,1,0
169.034913062,1,1
169.034914402,0,1
169.164153306,0,0
169.164154488,1,0
169.293393520,1,1
169.293394606,0,1
169.422632700,0,0
169.422634692,1,0
169.551872914,1,1
169.551874746,0,1
169.681113158,0,0
169.681114768,1,0
169.810354246,1,1
169.810354886,0,1
169.939592428,0,0
169.939594908,1,0
170.068832640,1,1
170.068835024,0,1
170.198072884,0,0
170.198075110,1,0
170.327312096,1,1
170.327315226,0,1
170.456553338,0,0
170.456555312,1,0
170.585794490,1,1
170.585795428,0,1
170.715032732,0,0
170.715034450,1,0
170.844272882,1,1
170.844274566,0,1
170.973511064,0,0
170.973514650,1,0
171.102752276,1,1
171.102754704,0,1
171.231993456,0,0
171.231994724,1,0
171.361234604,1,1
171.361234840,0,1
171.490472848,0,0
171.490474862,1,0
171.619743060,1,1
171.619745978,0,1
171.748985238,0,0
171.748986124,1,0
171.878283452,1,1
171.878286116,0,1
172.007495630,0,0
172.007496196,1,0
172.136734842,1,1
172.136736312,0,1
172.265976022,0,0
172.265976396,1,0
172.395214232,1,1
172.395216448,0,1
172.524485474,0,0
172.524486594,1,0
172.653725686,1,1
172.653726584,0,1
172.782964802,0,0
172.782966666,1,0
172.912206012,1,1
172.912206780,0,1
173.041445192,0,0
173.041446864,1,0
173.170684402,1,1
173.170686916,0,1
173.299924644,0,0
173.299926998,1,0
173.429164854,1,1
173.429167050,0,1
173.558406034,0,0
173.558407132,1,0
173.687644244,1,1
173.687647308,0,1
173.816886422,0,0
173.816887266,1,0
173.946124632,1,1
173.946127442,0,1
174.075365810,0,0
174.075367400,1,0
174.204604956,1,1
174.204606512,0,1
174.333845198,0,0
174.333846656,1,0
174.463085344,1,1
174.463086708,0,1
174.592354584,0,0
174.592357788,1,0
174.721595794,1,1
174.721597902,0,1
174.850834970,0,0
174.850837920,1,0
174.980077180,1,1
174.980077970,0,1
175.109316356,0,0
175.109318052,1,0
175.238556504,1,1
175.238558104,0,1
175.367795682,0,0
175.367797246,1,0
175.497035952,1,1
175.497037296,0,1
175.626306130,0,0
175.626308378,1,0
175.755547338,1,1
175.755548488,0,1
175.884787514,0,0
175.884788570,1,0
176.014026724,1,1
176.014028620,0,1
176.143267898,0,0
176.143268636,1,0
176.272507108,1,1
176.272508748,0,1
176.401748284,0,0
176.401748828,1,0
176.530987492,1,1
176.530987878,0,1
176.660226668,0,0
176.660228020,1,0
176.789466876,1,1
176.789468068,0,1
176.918706114,0,0
176.918708148,1,0
177.047947260,1,1
177.047948258,0,1
177.177185498,0,0
177.177188340,1,0
177.306425642,1,1
177.306428386,0,1
177.435666882,0,0
177.435668342,1,0
177.564907026,1,1
177.564908514,0,1
177.694146202,0,0
177.694148594,1,0
177.823386408,1,1
177.823388642,0,1
177.952625582,0,0
177.952628720,1,0
178.081867788,1,1
178.081868832,0,1
178.211108026,0,0
178.211108846,1,0
178.340347232,1,1
178.340348956,0,1
178.469587408,0,0
178.469589034,1,0
178.598827614,1,1
178.598829146,0,1
178.728066790,0,0
178.728069160,1,0
178.857305870,1,1
178.857308270,0,1
178.986547106,0,0
178.986548286,1,0
179.115787312,1,1
179.115788396,0,1
179.245027548,0,0
179.245028474,1,0
179.374297692,1,1
179.374299582,0,1
179.503538928,0,0
179.503539662,1,0
179.632778134,1,1
179.632779708,0,1
179.762018306,0,0
179.762019724,1,0
179.891258450,1,1
179.891259832,0,1
180.020496686,0,0
180.020498908,1,0
180.149737892,1,1
180.149739018,0,1
180.278978064,0,0
180.278979030,1,0
180.408280142,0,0
180.408280270,0,1
180.537488506,0,0
180.537490218,1,0
180.666728648,1,1
180.666730326,0,1
180.795968882,0,0
180.795970338,1,0
180.925207962,1,1
180.925210448,0,1
181.054448196,0,0
181.054450462,1,0
181.183688338,1,1
181.183689570,0,1
181.312928574,0,0
181.312929582,1,0
181.442167778,1,1
181.442169690,0,1
181.571407200,0,0
181.571409766,1,0
181.700647340,1,1
181.700649812,0,1
181.829889388,0,0
181.829889950,1,0
181.959128528,1,1
181.959130056,0,1
182.088399700,0,0
182.088401006,1,0
182.217638904,1,1
182.217641114,0,1
182.346878514,0,0
182.346880190,1,0
182.476117278,1,1
182.476120296,0,1
182.605357450,0,0
182.605360372,1,0
182.734598902,1,1
182.734600416,0,1
182.863839074,0,0
182.863840490,1,0
182.993078026,1,1
182.993080596,0,1
183.122350196,0,0
183.122351608,1,0
183.251588900,1,1
183.251591714,0,1
183.380860634,0,0
183.380861728,1,0
183.510070210,1,1
183.510070834,0,1
183.639308944,0,0
183.639310908,1,0
183.768550522,1,1
183.768550952,0,1
183.897788378,0,0
183.897791026,1,0
184.027029518,1,1
184.027031130,0,1
184.156269750,0,0
184.156271142,1,0
184.285509952,1,1
184.285511248,0,1
184.414750122,0,0
184.414751258,1,0
184.543989324,1,1
184.543991364,0,1
184.673229492,0,0
184.673231438,1,0
184.802469632,1,1
184.802471542,0,1
184.931709864,0,0
184.931711552,1,0
185.060950816,1,1
185.060951658,0,1
185.190188234,0,0
185.190191730,1,0
185.319429372,1,1
185.319431772,0,1
185.448670668,0,0
185.448671782,1,0
185.577909742,1,1
185.577911888,0,1
185.707150974,0,0
185.707151962,1,0
185.836391064,0,0
185.836391176,0,1
185.965629344,0,0
185.965631138,1,0
186.094867544,1,1
186.094871180,0,1
186.224108712,0,0
186.224111252,1,0
186.353348850,1,1
186.353351356,0,1
186.482590082,0,0
186.482591428,1,0
186.611829218,1,1
186.611831470,0,1
186.741069512,0,0
186.741071540,1,0
186.870340648,1,1
186.870342580,0,1
186.999579816,0,0
186.999581592,1,0
187.128821016,1,1
187.128821756,0,1
187.258060186,0,0
187.258061766,1,0
187.387300382,1,1
187.387301868,0,1
187.516539612,0,0
187.516541940,1,0
187.645779748,1,1
187.645781980,0,1
187.775020980,0,0
187.775022114,1,0
187.904292116,1,1
187.904293092,0,1
188.033531282,0,0
188.033533164,1,0
188.162770482,1,1
188.162772264,0,1
188.292010710,0,0
188.292012336,1,0
188.421250846,1,1
188.421252438,0,1
188.550491076,0,0
188.550492446,1,0
188.679730212,1,1
188.679732548,0,1
188.808971440,0,0
188.808972556,1,0
188.938210638,1,1
188.938212594,0,1
189.067450804,0,0
189.067452664,1,0
189.196690004,1,1
189.196692766,0,1
189.325931106,0,0
189.325932836,1,0
189.455171304,1,1
189.455172874,0,1
189.584412530,0,0
189.584412942,1,0
189.713651666,1,1
189.713653044,0,1
189.842920894,0,0
189.842923052,1,0
189.972161030,1,1
189.972163154,0,1
190.101402258,0,0
190.101403160,1,0
190.230640454,1,1
190.230643324,0,1
190.359881620,0,0
190.359883330,1,0
190.489121754,1,1
190.489123430,0,1
190.618391982,0,0
190.618393498,1,0
190.747632116,1,1
190.747633538,0,1
190.876871344,0,0
190.876873544,1,0
191.006112540,1,1
191.006113644,0,1
191.135351704,0,0
191.135353712,1,0
191.264591900,1,1
191.264593750,0,1
191.393832002,0,0
191.393833880,1,0
191.523072198,1,1
191.523073918,0,1
191.652344426,0,0
191.652344986,1,0
191.781582622,1,1
191.781584024,0,1
191.910822786,0,0
191.910824090,1,0
192.040062980,1,1
192.040064190,0,1
192.169302206,0,0
192.169304258,1,0
192.298542278,1,1
192.298544294,0,1
192.427782504,0,0
192.427784362,1,0
192.557022636,1,1
192.557024398,0,1
192.686262862,0,0
192.686264464,1,0
192.815503058,1,1
192.815504564,0,1
192.944742220,0,0
192.944744630,1,0
193.073983414,1,1
193.073984730,0,1
193.203222578,0,0
193.203224672,1,0
193.332463772,1,1
193.332464770,0,1
193.461702998,0,0
193.461704836,1,0
193.590943130,1,1
193.590944934,0,1
193.720182292,0,0
193.720184938,1,0
193.849422486,1,1
193.849425036,0,1
193.978662648,0,0
193.978664102,1,0
194.107932844,1,1
194.107935202,0,1
194.237143004,0,0
194.237144204,1,0
194.366413198,1,1
194.366415302,0,1
194.495652424,0,0
194.495655366,1,0
194.624892616,1,1
194.624895402,0,1
194.754133716,0,0
194.754135468,1,0
194.883373908,1,1
194.883375564,0,1
195.012614070,0,0
195.012615570,1,0
195.141854262,1,1
195.141855666,0,1
195.271092486,0,0
195.271094732,1,0
195.400332680,1,1
195.400334828,0,1
195.529572840,0,0
195.529574830,1,0
195.658813034,1,1
195.658814866,0,1
195.788053194,0,0
195.788054932,1,0
195.917293388,1,1
195.917295026,0,1
196.046532548,0,0
196.046535028,1,0
196.175772678,1,1
196.175775124,0,1
196.305013838,0,0
196.305015188,1,0
196.434253092,1,1
196.434255284,0,1
196.563494254,0,0
196.563495348,1,0
196.692734446,1,1
196.692735444,0,1
196.821972606,0,0
196.821975446,1,0
196.951213798,1,1
196.951215478,0,1
197.080455020,0,0
197.080455542,1,0
197.209693150,1,1
197.209695576,0,1
197.338934372,0,0
197.338935638,1,0
197.468173438,1,1
197.468174672,0,1
197.597413596,0,0
197.597414798,1,0
197.726652850,1,1
197.726654832,0,1
197.855893010,0,0
197.855894894,1,0
197.985133200,1,1
197.985134990,0,1
198.114373360,0,0
198.114375052,1,0
198.243612552,1,1
198.243615084,0,1
198.372852708,0,0
198.372855084,1,0
198.502093900,1,1
198.502095178,0,1
198.631334122,0,0
198.631335242,1,0
198.760573312,1,1
198.760575336,0,1
198.889813408,0,0
198.889815336,1,0
199.019053598,1,1
199.019055430,0,1
199.148293756,0,0
199.148295492,1,0
199.277532946,1,1
199.277535584,0,1
199.406774166,0,0
199.406775584,1,0
199.536044294,1,1
199.536045678,0,1
199.665253514,0,0
199.665255678,1,0
199.794492704,1,1
199.794494772,0,1
199.923732862,0,0
199.923734832,1,0
200.052973052,1,1
200.052974864,0,1
200.182212146,0,0
200.182214926,1,0
200.311454336,1,1
200.311455018,0,1
200.440693494,0,0
200.440695018,1,0
200.569933682,1,1
200.569935172,0,1
200.699173902,0,0
200.699175172,1,0
200.828414028,1,1
200.828415264,0,1
200.957684246,0,0
200.957685262,1,0
201.086924436,1,1
201.086925354,0,1
201.216163530,0,0
201.216165352,1,0
201.345403718,1,1
201.345405444,0,1
201.474643938,0,0
201.474645506,1,0
201.603884126,1,1
201.603885534,0,1
201.733123282,0,0
201.733125594,1,0
201.862363406,1,1
201.862365686,0,1
201.991603688,0,0
201.991605746,1,0
202.120873814,1,1
202.120875776,0,1
202.250113968,0,0
202.250115834,1,0
202.379354096,1,1
202.379355926,0,1
202.508593314,0,0
202.508595922,1,0
202.637834502,1,1
202.637836016,0,1
202.767073656,0,0
202.767076074,1,0
202.896314844,1,1
202.896316166,0,1
203.025555062,0,0
203.025556100,1,0
203.154795186,1,1
203.154796190,0,1
203.284034340,0,0
203.284036250,1,0
203.413273590,1,1
203.413276276,0,1
203.542514682,0,0
203.542516336,1,0
203.671754868,1,1
203.671756426,0,1
203.800994086,0,0
203.800996484,1,0
203.930235210,1,1
203.930236574,0,1
204.059474428,0,0
204.059476632,1,0
204.188714550,1,1
204.188716660,0,1
204.317954766,0,0
204.317956718,1,0
204.447193890,1,1
204.447195746,0,1
204.576435108,0,0
204.576435802,1,0
204.705674294,1,1
204.705675892,0,1
204.834914446,0,0
204.834915890,1,0
204.964154570,1,1
204.964155978,0,1
205.093394786,0,0
205.093396036,1,0
205.222634910,1,1
205.222636124,0,1
205.351874064,0,0
205.351876120,1,0
205.481113248,1,1
205.481116208,0,1
205.610354464,0,0
205.610356266,1,0
205.739594648,1,1
205.739596354,0,1
205.868864864,0,0
205.868866284,1,0
205.998104924,1,1
205.998106372,0,1
206.127376078,0,0
206.127377492,1,0
206.256615324,1,1
206.256617518,0,1
206.385855540,0,0
206.385857512,1,0
206.515095660,1,1
206.515097540,0,1
206.644335876,0,0
206.644337656,1,0
206.773574998,1,1
206.773576682,0,1
206.902815150,0,0
206.902816738,1,0
207.032055272,1,1
207.032056762,0,1
207.161294484,0,0
207.161296880,1,0
207.290535670,1,1
207.290536908,0,1
207.419774822,0,0
207.419776960,1,0
207.549015004,1,1
207.549017050,0,1
207.678254156,0,0
207.678257042,1,0
207.807496340,1,1
207.807497066,0,1
207.936735554,0,0
207.936737122,1,0
208.065974736,1,1
208.065977208,0,1
208.195215888,0,0
208.195217264,1,0
208.324455008,1,1
208.324457350,0,1
208.453696158,0,0
208.453697342,1,0
208.582936342,1,1
208.582937428,0,1
208.712176494,0,0
208.712177482,1,0
208.841416676,1,1
208.841417568,0,1
208.970655888,0,0
208.970657624,1,0
209.099895008,1,1
209.099896584,0,1
209.229134222,0,0
209.229136638,1,0
209.358375402,1,1
209.358376724,0,1
209.487614554,0,0
209.487616718,1,0
209.616855672,1,1
209.616856802,0,1
209.746095884,0,0
209.746096856,1,0
209.875366004,1,1
209.875367940,0,1
210.004606216,0,0
210.004607994,1,0
210.133846398,1,1
210.133847954,0,1
210.263085548,0,0
210.263087008,1,0
210.392324728,1,1
210.392327092,0,1
210.521564940,0,0
210.521567084,1,0
210.650804996,1,1
210.650807230,0,1
210.780045208,0,0
210.780047284,1,0
210.909286328,1,1
210.909287306,0,1
211.038524538,0,0
211.038527296,1,0
211.167796720,1,1
211.167798322,0,1
211.297005868,0,0
211.297007434,1,0
211.426246048,1,1
211.426247520,0,1
211.555485260,0,0
211.555487508,1,0
211.684725378,1,1
211.684727592,0,1
211.813965588,0,0
211.813967582,1,0
211.943205706,1,1
211.943207666,0,1
212.072445854,0,0
212.072447720,1,0
212.201685970,1,1
212.201687802,0,1
212.330926182,0,0
212.330927854,1,0
212.460165362,1,1
212.460167874,0,1
212.589436510,0,0
212.589437864,1,0
212.718676688,1,1
212.718677948,0,1
212.847915898,0,0
212.847918000,1,0
212.977156014,1,1
212.977158082,0,1
213.106396162,0,0
213.106398070,1,0
213.235637342,1,1
213.235638154,0,1
213.364876488,0,0
213.364878204,1,0
213.494116668,1,1
213.494118288,0,1
213.623355876,0,0
213.623358276,1,0
213.752595994,1,1
213.752597420,0,1
213.881836204,0,0
213.881837346,1,0
214.011075382,1,1
214.011077428,0,1
214.140316528,0,0
214.140317480,1,0
214.269555644,1,1
214.269557498,0,1
214.398795852,0,0
214.398797550,1,0
214.528036968,1,1
214.528037630,0,1
214.657276178,0,0
214.657277682,1,0
214.786516294,1,1
214.786517702,0,1
214.915755500,0,0
214.915757752,1,0
215.044995616,1,1
215.044997832,0,1
215.174235824,0,0
215.174237882,1,0
215.303477002,1,1
215.303477900,0,1
215.432716148,0,0
215.432717950,1,0
215.561957326,1,1
215.561957970,0,1
215.691195534,0,0
215.691198018,1,0
215.820436584,1,1
215.820438100,0,1
215.949675794,0,0
215.949677086,1,0
216.078915908,1,1
216.078917166,0,1
216.208156116,0,0
216.208157216,1,0
216.337396292,1,1
216.337397296,0,1
216.466636436,0,0
216.466637344,1,0
216.595875240,1,1
216.595877362,0,1
216.725115320,0,0
216.725117350,1,0
216.854356434,1,1
216.854357368,0,1
216.983595142,0,0
216.983597416,1,0
217.112836692,1,1
217.112837496,0,1
217.242076774,0,0
217.242077544,1,0
217.371345574,1,1
217.371347624,0,1
217.500585718,0,0
217.500587670,1,0
217.629824896,1,1
217.629827688,0,1
217.759065100,0,0
217.759067672,1,0
217.888306214,1,1
217.888307752,0,1
218.017577422,0,0
218.017578802,1,0
218.146786532,1,1
218.146787880,0,1
218.276026802,0,0
218.276027864,1,0
218.405265914,1,1
218.405267944,0,1
218.534505994,0,0
218.534507990,1,0
218.663746168,1,1
218.663748068,0,1
218.792986312,0,0
218.792988116,1,0
218.922226486,1,1
218.922228194,0,1
219.051465690,0,0
219.051468116,1,0
219.180706866,1,1
219.180708194,0,1
219.309946008,0,0
219.309948240,1,0
219.439185182,1,1
219.439187318,0,1
219.568426326,0,0
219.568427366,1,0
219.697665500,1,1
219.697667382,0,1
219.826905704,0,0
219.826907426,1,0
219.956144752,1,1
219.956147504,0,1
220.085386956,0,0
220.085387488,1,0
220.214627130,1,1
220.214627568,0,1
220.343865272,0,0
220.343867614,1,0
220.473106446,1,1
220.473107566,0,1
220.602345586,0,0
220.602347612,1,0
220.731586760,1,1
220.731587688,0,1
220.860826964,0,0
220.860827734,1,0
220.990066138,1,1
220.990067810,0,1
221.119336216,0,0
221.119337854,1,0
221.248576388,1,1
221.248577868,0,1
221.377816530,0,0
221.377817852,1,0
221.507055704,1,1
221.507057866,0,1
221.636295906,0,0
221.636297972,1,0
221.765537016,1,1
221.765537988,0,1
221.894776220,0,0
221.894778032,1,0
222.024016392,1,1
222.024018108,0,1
222.153255532,0,0
222.153258154,1,0
222.282495578,1,1
222.282498166,0,1
222.411735782,0,0
222.411738210,1,0
222.540976954,1,1
222.540978286,0,1
222.670216094,0,0
222.670218330,1,0
222.799456328,1,1
222.799458344,0,1
222.928695468,0,0
222.928697388,1,0
223.057935578,1,1
223.057937400,0,1
223.187175780,0,0
223.187177444,1,0
223.316415888,1,1
223.316417456,0,1
223.445656090,0,0
223.445657562,1,0
223.574895262,1,1
223.574897574,0,1
223.704135400,0,0
223.704137618,1,0
223.833376508,1,1
223.833377692,0,1
223.962616710,0,0
223.962617674,1,0
224.091885820,1,1
224.091887686,0,1
224.221126020,0,0
224.221127730,1,0
224.350366190,1,1
224.350367740,0,1
224.479606328,0,0
224.479607784,1,0
224.608847500,1,1
224.608847858,0,1
224.738085638,0,0
224.738087900,1,0
224.867326746,1,1
224.867327976,0,1
224.996566948,0,0
224.996568018,1,0
225.125837118,1,1
225.125839028,0,1
225.255076318,0,0
225.255078008,1,0
225.384316486,1,1
225.384318082,0,1
225.513556624,0,0
225.513558124,1,0
225.642796668,1,1
225.642798198,0,1
225.772036868,0,0
225.772038178,1,0
225.901276038,1,1
225.901278250,0,1
226.030517176,0,0
226.030518292,1,0
226.159757344,1,1
226.159758302,0,1
226.288997544,0,0
226.288998344,1,0
226.418235714,1,1
226.418238418,0,1
226.547476852,0,0
226.547478398,1,0
226.676717020,1,1
226.676718470,0,1
226.805957156,0,0
226.805958512,1,0
226.935196326,1,1
226.935198522,0,1
227.064437462,0,0
227.064438562,1,0
227.193675568,1,1
227.193678636,0,1
227.322916768,0,0
227.322918676,1,0
227.452156872,1,1
227.452158686,0,1
227.581396072,0,0
227.581397664,1,0
227.710636240,1,1
227.710637736,0,1
227.839906376,0,0
227.839908776,1,0
227.969146544,1,1
227.969148848,0,1
228.098386680,0,0
228.098388890,1,0
228.227626786,1,1
228.227628898,0,1
228.356866984,0,0
228.356868936,1,0
228.486107088,1,1
228.486108946,0,1
228.615347288,0,0
228.615348986,1,0
228.744586454,1,1
228.744587994,0,1
228.873857652,0,0
228.873859036,1,0
229.003127694,1,1
229.003129106,0,1
229.132367954,0,0
229.132369084,1,0
229.261607060,1,1
229.261609156,0,1
229.390847194,0,0
229.390849194,1,0
229.520088360,1,1
229.520089264,0,1
229.649327496,0,0
229.649329240,1,0
229.778568662,1,1
229.778569312,0,1
229.907807860,0,0
229.907809350,1,0
230.037048902,1,1
230.037049422,0,1
230.166288098,0,0
230.166289400,1,0
230.295528266,1,1
230.295529470,0,1
230.424768400,0,0
230.424769508,1,0
230.554006566,1,1
230.554009452,0,1
230.683247700,0,0
230.683249554,1,0
230.812487866,1,1
230.812489560,0,1
230.941727062,0,0
230.941729598,1,0
231.070967166,1,1
231.070968668,0,1
231.200205362,0,0
231.200208644,1,0
231.329447528,1,1
231.329448714,0,1
231.458687598,0,0
231.458688752,1,0
231.587957764,1,1
231.587959760,0,1
231.717198898,0,0
231.717199796,1,0
231.846468064,1,1
231.846469864,0,1
231.975707194,0,0
231.975709840,1,0
232.104947360,1,1
232.104949908,0,1
232.234188494,0,0
232.234189946,1,0
232.363428658,1,1
232.363430014,0,1
232.492668792,0,0
232.492669988,1,0
232.621907956,1,1
232.621909996,0,1
232.751149150,0,0
232.751150032,1,0
232.880388252,1,1
232.880390100,0,1
233.009629448,0,0
233.009630138,1,0
233.138869612,1,1
233.138870206,0,1
233.268108744,0,0
233.268110180,1,0
233.397349846,1,1
233.397350248,0,1
233.526587976,0,0
233.526589284,1,0
233.655828140,1,1
233.655829352,0,1
233.785099336,0,0
233.785100326,1,0
233.914338498,1,1
233.914340394,0,1
234.043579694,0,0
234.043580430,1,0
234.172817794,1,1
234.172820434,0,1
234.302058926,0,0
234.302060408,1,0
234.431299026,1,1
234.431300538,0,1
234.560539220,0,0
234.560540510,1,0
234.689777320,1,1
234.689779578,0,1
234.819016512,0,0
234.819019550,1,0
234.948257676,1,1
234.948259618,0,1
235.077496808,0,0
235.077499652,1,0
235.206737970,1,1
235.206739656,0,1
235.335979164,0,0
235.335979692,1,0
235.465219264,1,1
235.465219758,0,1
235.594489394,0,0
235.594490794,1,0
235.723727494,1,1
235.723730796,0,1
235.852967688,0,0
235.852969770,1,0
235.982208848,1,1
235.982209836,0,1
236.111449042,0,0
236.111449870,1,0
236.240688140,1,1
236.240689936,0,1
236.369959270,0,0
236.369960972,1,0
236.499199434,1,1
236.499201036,0,1
236.628440562,0,0
236.628441070,1,0
236.757679724,1,1
236.757681074,0,1
236.886919854,0,0
236.886921046,1,0
237.016160014,1,1
237.016160110,0,1
237.145399144,0,0
237.145400082,1,0
237.274639306,1,1
237.274640084,0,1
237.403879498,0,0
237.403880180,1,0
237.533119658,1,1
237.533120246,0,1
237.662358788,0,0
237.662360278,1,0
237.791598884,1,1
237.791600282,0,1
237.920838076,0,0
237.920840314,1,0
238.050078176,1,1
238.050080378,0,1
238.179319304,0,0
238.179320350,1,0
238.308559528,1,1
238.308560414,0,1
238.437798654,0,0
238.437800384,1,0
238.567039754,1,1
238.567040450,0,1
238.696278008,0,0
238.696280484,1,0
238.825518104,1,1
238.825520486,0,1
238.954758296,0,0
238.954760516,1,0
239.083999330,1,1
239.084000582,0,1
239.213238520,0,0
239.213240614,1,0
239.342477618,1,1
239.342479678,0,1
239.471717808,0,0
239.471719648,1,0
239.600956906,1,1
239.600959648,0,1
239.730198094,0,0
239.730199680,1,0
239.859438254,1,1
239.859439744,0,1
239.988678382,0,0
239.988679714,1,0
240.117948478,1,1
240.117950778,0,1
240.247219670,0,0
240.247220748,1,0
240.376457828,1,1
240.376460872,0,1
240.505700018,0,0
240.505700842,1,0
240.634940112,1,1
240.634940902,0,1
240.764179302,0,0
240.764180936,1,0
240.893420398,1,1
240.893420934,0,1
241.022660588,0,0
241.022661030,1,0
241.151899682,1,1
241.151901030,0,1
241.281139810,0,0
241.281140996,1,0
241.410378968,1,1
241.410381060,0,1
241.539619156,0,0
241.539621028,1,0
241.668858254,1,1
241.668860090,0,1
241.798099440,0,0
241.798100120,1,0
241.927337598,1,1
241.927340184,0,1
242.056578726,0,0
242.056580150,1,0
242.185818820,1,1
242.185820212,0,1
242.315058010,0,0
242.315060242,1,0
242.444298104,1,1
242.444300242,0,1
242.573537292,0,0
242.573540272,1,0
242.702778386,1,1
242.702780334,0,1
242.832018574,0,0
242.832020362,1,0
242.961258670,1,1
242.961260362,0,1
243.090497856,0,0
243.090500330,1,0
243.219738014,1,1
243.219740392,0,1
243.348978138,0,0
243.348980420,1,0
243.478219358,1,1
243.478220482,0,1
243.607458484,0,0
243.607460512,1,0
243.736698578,1,1
243.736700510,0,1
243.865938702,0,0
243.865940602,1,0
243.995177796,1,1
243.995179600,0,1
244.124449046,0,0
244.124450566,1,0
244.253689140,1,1
244.253690626,0,1
244.382929326,0,0
244.382930594,1,0
244.512169484,1,1
244.512170652,0,1
244.641409608,0,0
244.641410684,1,0
244.770648764,1,1
244.770650744,0,1
244.899889826,0,0
244.899890772,1,0
245.029129918,1,1
245.029130832,0,1
245.158369168,0,0
245.158369798,1,0
245.287608260,1,1
245.287609794,0,1
245.416848384,0,0
245.416849822,1,0
245.546088540,1,1
245.546089820,0,1
245.675327662,0,0
245.675329848,1,0
245.804567882,1,1
245.804569906,0,1
245.933807942,0,0
245.933809936,1,0
246.063048160,1,1
246.063049994,0,1
246.192287220,0,0
246.192289960,1,0
246.321528376,1,1
246.321530018,0,1
246.450766498,0,0
246.450770108,1,0
246.580009652,1,1
246.580010104,0,1
246.709248838,0,0
246.709250072,1,0
246.838487930,1,1
246.838490128,0,1
246.967728116,0,0
246.967730094,1,0
247.096998208,1,1
247.097000152,0,1
247.226238330,0,0
247.226240180,1,0
247.355477484,1,1
247.355480238,0,1
247.484718670,0,0
247.484720264,1,0
247.613958822,1,1
247.613960260,0,1
247.743198944,0,0
247.743200224,1,0
247.872468100,1,1
247.872470346,0,1
248.001708282,0,0
248.001710310,1,0
248.130949374,1,1
248.130950368,0,1
248.260189496,0,0
248.260190394,1,0
248.389428650,1,1
248.389430390,0,1
248.518667834,0,0
248.518670416,1,0
248.647909924,1,1
248.647910410,0,1
248.777148048,0,0
248.777150438,1,0
248.906389198,1,1
248.906390496,0,1
249.035629382,0,0
249.035630520,1,0
249.164869474,1,1
249.164870514,0,1
249.294110542,1,1
249.294110656,1,0
249.423348810,1,1
249.423350598,0,1
249.552588930,0,0
249.552590624,1,0
249.681829020,1,1
249.681830618,0,1
249.811068578,0,0
249.811069642,1,0
249.940307292,1,1
249.940309762,0,1
250.069546476,0,0
250.069549662,1,0
250.198787564,1,1
250.198789718,0,1
250.328029744,1,1
250.328029748,1,0
250.457267900,1,1
250.457269800,0,1
250.586509020,0,0
250.586509762,1,0
250.715748108,1,1
250.715749818,0,1
250.844988166,0,0
250.844989780,1,0
250.974227444,1,1
250.974229836,0,1
251.103467564,0,0
251.103469862,1,0
251.232708402,1,1
251.232709916,0,1
251.361948522,0,0
251.361949940,1,0
251.491187922,1,1
251.491189874,0,1
251.620458166,0,0
251.620459958,1,0
251.749698256,1,1
251.749699952,0,1
251.878938498,0,0
251.878939976,1,0
252.008178588,1,1
252.008180032,0,1
252.137418770,0,0
252.137419992,1,0
252.266659608,1,1
252.266660048,0,1
252.395897914,0,0
252.395900010,1,0
252.525138064,1,1
252.525140064,0,1
252.654378246,0,0
252.654380088,1,0
252.783619396,1,1
252.783620142,0,1
252.912859516,0,0
252.912860168,1,0
253.042097602,1,1
253.042100160,0,1
253.171337784,0,0
253.171339184,1,0
253.300576936,1,1
253.300579238,0,1
253.429818052,0,0
253.429819198,1,0
253.559058204,1,1
253.559059254,0,1
253.688296322,0,0
253.688299214,1,0
253.817536408,1,1
253.817539268,0,1
253.946776590,0,0
253.946779228,1,0
254.076016676,1,1
254.076019282,0,1
254.205257856,0,0
254.205259304,1,0
254.334497944,1,1
254.334499296,0,1
254.463737124,0,0
254.463739382,1,0
254.593006274,1,1
254.593009374,0,1
254.722247392,0,0
254.722249396,1,0
254.851487478,1,1
254.851489386,0,1
254.980728658,0,0
254.980729408,1,0
255.109966744,1,1
255.109969338,0,1
255.239207924,0,0
255.239209484,1,0
255.368478074,1,1
255.368480476,0,1
255.497719252,0,0
255.497720560,1,0
255.627018340,1,1
255.627020490,0,1
255.756228456,0,0
255.756230510,1,0
255.885469604,1,1
255.885470562,0,1
256.014707720,0,0
256.014710522,1,0
256.143948870,1,1
256.143950576,0,1
256.273189048,0,0
256.273190596,1,0
256.402430134,1,1
256.402430590,0,1
256.531670312,0,0
256.531670610,1,0
256.660909400,1,1
256.660910662,0,1
256.790147516,0,0
256.790149622,1,0
256.919387664,1,1
256.919389612,0,1
257.048628780,0,0
257.048629694,1,0
257.177867928,1,1
257.177869684,0,1
257.307108044,0,0
257.307109706,1,0
257.436348192,1,1
257.436349758,0,1
257.565588370,0,0
257.565589778,1,0
257.694827456,1,1
257.694829830,0,1
257.824067632,0,0
257.824069788,1,0
257.953308780,1,1
257.953309840,0,1
258.082548832,0,0
258.082549860,1,0
258.211818980,1,1
258.211819850,0,1
258.341088158,0,0
258.341090870,1,0
258.470328306,1,1
258.470330920,0,1
258.599569482,0,0
258.599570878,1,0
258.728809506,1,1
258.728810868,0,1
258.858048682,0,0
258.858050890,1,0
258.987288766,1,1
258.987290878,0,1
259.116527946,0,0
259.116529960,1,0
259.245768090,1,1
259.245769948,0,1
259.375038268,0,0
259.375040968,1,0
259.504309290,1,1
259.504310958,0,1
259.633518466,0,0
259.633521038,1,0
259.762759550,1,1
259.762761026,0,1
259.891999728,0,0
259.892000984,1,0
260.021239874,1,1
260.021241036,0,1
260.150479988,0,0
260.150481054,1,0
260.279718134,1,1
260.279720106,0,1
260.408958248,0,0
260.408960062,1,0
260.538198456,1,1
260.538200112,0,1
260.667438508,0,0
260.667440194,1,0
260.796678654,1,1
260.796680180,0,1
260.925917828,0,0
260.925920136,1,0
261.055158912,1,1
261.055160186,0,1
261.184398026,0,0
261.184400144,1,0
261.313638172,1,1
261.313640130,0,1
261.442879286,0,0
261.442880148,1,0
261.572119430,1,1
261.572120198,0,1
261.701358608,0,0
261.701360154,1,0
261.830599690,1,1
261.830600266,0,1
261.959838866,0,0
261.959840284,1,0
262.089078010,1,1
262.089080272,0,1
262.218318124,0,0
262.218320352,1,0
262.347558268,1,1
262.347560276,0,1
262.476799320,0,0
262.476800296,1,0
262.606037464,1,1
262.606039282,0,1
262.735308638,0,0
262.735310298,1,0
262.864548720,1,1
262.864550348,0,1
262.993788894,0,0
262.993790364,1,0
263.123058976,1,1
263.123060352,0,1
263.252298150,0,0
263.252300370,1,0
263.381538232,1,1
263.381540356,0,1
263.510779406,0,0
263.510780372,1,0
263.640018552,1,1
263.640020422,0,1
263.769257726,0,0
263.769260438,1,0
263.898498808,1,1
263.898500486,0,1
264.027738920,0,0
264.027740440,1,0
264.156978062,1,1
264.156980492,0,1
264.286220236,0,0
264.286220506,1,0
264.415459256,1,1
264.415460554,0,1
264.544698430,0,0
264.544700508,1,0
264.673938574,1,1
264.673940492,0,1
264.803179684,0,0
264.803180510,1,0
264.932417828,1,1
264.932419560,0,1
265.061657940,0,0
265.061659576,1,0
265.190929082,1,1
265.190930622,0,1
265.320168256,0,0
265.320170576,1,0
265.449409336,1,1
265.449410560,0,1
265.578650448,0,0
265.578650576,1,0
265.707888590,1,1
265.707890560,0,1
265.837159764,0,0
265.837160640,1,0
265.966397844,1,1
265.966400624,0,1
266.095669954,0,0
266.095671642,1,0
266.224908098,1,1
266.224910626,0,1
266.354149208,0,0
266.354150642,1,0
266.483388350,1,1
266.483390688,0,1
266.612628460,0,0
266.612630704,1,0
266.741868602,1,1
266.741870750,0,1
266.871107776,0,0
266.871110702,1,0
267.000348854,1,1
267.000350748,0,1
267.129589028,0,0
267.129590764,1,0
267.258829168,1,1
267.258830748,0,1
267.388068216,0,0
267.388070764,1,0
267.517308296,1,1
267.517310746,0,1
267.646548468,0,0
267.646550762,1,0
267.775788610,1,1
267.775790806,0,1
267.905029780,0,0
267.905030758,1,0
268.034269860,1,1
268.034270804,0,1
268.163510032,0,0
268.163510820,1,0
268.292748174,1,1
268.292750864,0,1
268.421989284,0,0
268.421990818,1,0
268.551228424,1,1
268.551229926,0,1
268.680467534,0,0
268.680469878,1,0
268.809708612,1,1
268.809709860,0,1
268.938947782,0,0
268.938949874,1,0
269.068218862,1,1
269.068220920,0,1
269.197459094,0,0
269.197460934,1,0
269.326699174,1,1
269.326700978,0,1
269.455939284,0,0
269.455940930,1,0
269.585179484,1,1
269.585180976,0,1
269.714417532,0,0
269.714419988,1,0
269.843688672,1,1
269.843690972,0,1
269.972928778,0,0
269.972930982,1,0
270.102168918,1,1
270.102170964,0,1
270.231410090,0,0
270.231410978,1,0
270.360649168,1,1
270.360651022,0,1
270.489889400,0,0
270.489890972,1,0
270.619129414,1,1
270.619131016,0,1
270.748368522,0,0
270.748371032,1,0
270.877608662,1,1
270.877610014,0,1
271.006879832,0,0
271.006880964,1,0
271.136087910,1,1
271.136090068,0,1
271.265328078,0,0
271.265330020,1,0
271.394568156,1,1
271.394570062,0,1
271.523809326,0,0
271.523810014,1,0
271.653048464,1,1
271.653050056,0,1
271.782288572,0,0
271.782290068,1,0
271.911527710,1,1
271.911530112,0,1
272.040767880,0,0
272.040770060,1,0
272.170008894,1,1
272.170010104,0,1
272.299248062,0,0
272.299250054,1,0
272.428488138,1,1
272.428490096,0,1
272.557728308,0,0
272.557730108,1,0
272.686968446,1,1
272.686970150,0,1
272.816207552,0,0
272.816210100,1,0
272.945448690,1,1
272.945450204,0,1
273.074688798,0,0
273.074690156,1,0
273.203926934,1,1
273.203929198,0,1
273.333168104,0,0
273.333169146,1,0
273.462408178,1,1
273.462409188,0,1
273.591678346,0,0
273.591680136,1,0
273.720919420,1,1
273.720920178,0,1
273.850158590,0,0
273.850160188,1,0
273.979398666,1,1
273.979400168,0,1
274.108638832,0,0
274.108640180,1,0
274.237878908,1,1
274.237880220,0,1
274.367148076,0,0
274.367150170,1,0
274.496390150,1,1
274.496390214,0,1
274.625658318,0,0
274.625660222,1,0
274.754898392,1,1
274.754900264,0,1
274.884138560,0,0
274.884140274,1,0
275.013378696,1,1
275.013380252,0,1
275.142618802,0,0
275.142620200,1,0
275.271857876,1,1
275.271860180,0,1
275.401099044,0,0
275.401100188,1,0
275.530338116,1,1
275.530340230,0,1
275.659578284,0,0
275.659580302,1,0
275.788818420,1,1
275.788820280,0,1
275.918057524,0,0
275.918060290,1,0
276.047298662,1,1
276.047300268,0,1
276.176537766,0,0
276.176540278,1,0
276.305777902,1,1
276.305780318,0,1
276.435017944,0,0
276.435020264,1,0
276.564259080,1,1
276.564260242,0,1
276.693498246,0,0
276.693499252,1,0
276.822736318,1,1
276.822739294,0,1
276.951976486,0,0
276.951979302,1,0
277.081218560,1,1
277.081219342,0,1
277.210458724,0,0
277.210459288,1,0
277.339728860,1,1
277.339730390,0,1
277.468968962,0,0
277.468970336,1,0
277.598208036,1,1
277.598210312,0,1
277.727449202,0,0
277.727450320,1,0
277.856687276,1,1
277.856689362,0,1
277.985927440,0,0
277.985929308,1,0
278.115167512,1,1
278.115169346,0,1
278.244407678,0,0
278.244409354,1,0
278.373678814,1,1
278.373680392,0,1
278.502917916,0,0
278.502920338,1,0
278.632157988,1,1
278.632160378,0,1
278.761399154,0,0
278.761400322,1,0
278.890638288,1,1
278.890640362,0,1
279.019876390,0,0
279.019879370,1,0
279.149148526,1,1
279.149150410,0,1
279.278388688,0,0
279.278390416,1,0
279.407628698,1,1
279.407630392,0,1
279.536868864,0,0
279.536870338,1,0
279.666108934,1,1
279.666110376,0,1
279.795348098,0,0
279.795350382,1,0
279.924589232,1,1
279.924590358,0,1
280.053828396,0,0
280.053830364,1,0
280.183067468,1,1
280.183069404,0,1
280.312307632,0,0
280.312309412,1,0
280.441546704,1,1
280.441549448,0,1
280.570786868,0,0
280.570789456,1,0
280.700027002,1,1
280.700029492,0,1
280.829299102,0,0
280.829300374,1,0
280.958538172,1,1
280.958540412,0,1
281.087808336,0,0
281.087810418,1,0
281.217049470,1,1
281.217050456,0,1
281.346288570,0,0
281.346290400,1,0
281.475528640,1,1
281.475530374,0,1
281.604768804,0,0
281.604770380,1,0
281.734008874,1,1
281.734010416,0,1
281.863249038,0,0
281.863250422,1,0
281.992489106,1,1
281.992490398,0,1
282.121758270,0,0
282.121760466,1,0
282.250998402,1,1
282.251000502,0,1
282.380239502,0,0
282.380240446,1,0
282.509478572,1,1
282.509480420,0,1
282.638718734,0,0
282.638720424,1,0
282.767958178,1,1
282.767960462,0,1
282.897198966,0,0
282.897200404,1,0
283.026439036,1,1
283.026440440,0,1
283.155679198,0,0
283.155680446,1,0
283.284919328,1,1
283.284920482,0,1
283.414158492,0,0
283.414160424,1,0
283.543398624,1,1
283.543400522,0,1
283.672637596,0,0
283.672640466,1,0
283.801877604,1,1
283.801879502,0,1
283.931116952,0,0
283.931119380,1,0
284.060357710,1,1
284.060359416,0,1
284.189597120,0,0
284.189599420,1,0
284.318837876,1,1
284.318839456,0,1
284.448077914,0,0
284.448079398,1,0
284.577317480,1,1
284.577319496,0,1
284.706557644,0,0
284.706559438,1,0
284.835799084,1,1
284.835799472,0,1
284.965037872,0,0
284.965039476,1,0
285.094307002,1,1
285.094309448,0,1
285.223547038,0,0
285.223549452,1,0
285.352788168,1,1
285.352789488,0,1
285.482027266,0,0
285.482029428,1,0
285.611268396,1,1
285.611269462,0,1
285.740508494,0,0
285.740509466,1,0
285.869778688,1,1
285.869780438,0,1
285.999018784,0,0
285.999020440,1,0
286.128257852,1,1
286.128259412,0,1
286.257497950,0,0
286.257499416,1,0
286.386737080,1,1
286.386739452,0,1
286.515978178,0,0
286.515979454,1,0
286.645218306,1,1
286.645219488,0,1
286.774457468,0,0
286.774459428,1,0
286.903729596,1,1
286.903730460,0,1
287.032968692,0,0
287.032970402,1,0
287.162208760,1,1
287.162210434,0,1
287.291446858,0,0
287.291449438,1,0
287.420686986,1,1
287.420689472,0,1
287.549927146,0,0
287.549929412,1,0
287.679166150,1,1
287.679169444,0,1
287.808407372,0,0
287.808409446,1,0
287.937647438,1,1
287.937649418,0,1
288.066887596,0,0
288.066889418,1,0
288.196127724,1,1
288.196129390,0,1
288.325367822,0,0
288.325369390,1,0
288.454606950,1,1
288.454609424,0,1
288.583848046,0,0
288.583849426,1,0
288.713088112,1,1
288.713089396,0,1
288.842327270,0,0
288.842329396,1,0
288.971568398,1,1
288.971569430,0,1
289.100807496,0,0
289.100809430,1,0
289.230047622,1,1
289.230049400,0,1
289.359287718,0,0
289.359289402,1,0
289.488527846,1,1
289.488529434,0,1
289.617767004,0,0
289.617768372,1,0
289.747007068,1,1
289.747008404,0,1
289.876247164,0,0
289.876248344,1,0
290.005485230,1,1
290.005488376,0,1
290.134726386,0,0
290.134728376,1,0
290.263967514,1,1
290.263968346,0,1
290.393207610,0,0
290.393208346,1,0
290.522445800,1,1
290.522448440,0,1
290.651687832,0,0
290.651688378,1,0
290.780926958,1,1
290.780928408,0,1
290.910167116,0,0
290.910168346,1,0
291.039406180,1,1
291.039408378,0,1
291.168645338,0,0
291.168648314,1,0
291.297886402,1,1
291.297888346,0,1
291.427125496,0,0
291.427128346,1,0
291.556365624,1,1
291.556368314,0,1
291.685605718,0,0
291.685608314,1,0
291.814845844,1,1
291.814847344,0,1
291.944086000,0,0
291.944087342,1,0
292.073325064,1,1
292.073327374,0,1
292.202565220,0,0
292.202567312,1,0
292.331806346,1,1
292.331807280,0,1
292.461046440,0,0
292.461047280,1,0
292.590317504,1,1
292.590318308,0,1
292.719556596,0,0
292.719558308,1,0
292.848795722,1,1
292.848798338,0,1
292.978037880,0,0
292.978038274,1,0
293.107277004,1,1
293.107277304,0,1
293.236516098,0,0
293.236517242,1,0
293.365757160,1,1
293.365757272,0,1
293.494995316,0,0
293.494997206,1,0
293.624266378,1,1
293.624268236,0,1
293.753506534,0,0
293.753508234,1,0
293.882746658,1,1
293.882748264,0,1
294.011986752,0,0
294.011988262,1,0
294.141226876,1,1
294.141228290,0,1
294.270464970,0,0
294.270467288,1,0
294.399705094,1,1
294.399707192,0,1
294.528945186,0,0
294.528947190,1,0
294.658186248,1,1
294.658187158,0,1
294.787424340,0,0
294.787427156,1,0
294.916666464,1,1
294.916667184,0,1
295.045904618,0,0
295.045907182,1,0
295.175144744,1,1
295.175147148,0,1
295.304385836,0,0
295.304387146,1,0
295.433624958,1,1
295.433627174,0,1
295.562865052,0,0
295.562867170,1,0
295.692105174,1,1
295.692107136,0,1
295.821344266,0,0
295.821347134,1,0
295.950585390,1,1
295.950587100,0,1
296.079826482,0,0
296.079827098,1,0
296.209065604,1,1
296.209067124,0,1
296.338305696,0,0
296.338307120,1,0
296.467543818,1,1
296.467546148,0,1
296.596783974,0,0
296.596786146,1,0
296.726024034,1,1
296.726026110,0,1
296.855264124,0,0
296.855266108,1,0
296.984505248,1,1
296.984506134,0,1
297.113744402,0,0
297.113746006,1,0
297.242984462,1,1
297.242986034,0,1
297.372284552,0,0
297.372287030,1,0
297.501525674,1,1
297.501527120,0,1
297.630765828,0,0
297.630767054,1,0
297.760004950,1,1
297.760007018,0,1
297.889246040,0,0
297.889247014,1,0
298.018485100,1,1
298.018487042,0,1
298.147725192,0,0
298.147726974,1,0
298.276966312,1,1
298.276967002,0,1
298.406205404,0,0
298.406206996,1,0
298.535446524,1,1
298.535447022,0,1
298.664685676,0,0
298.664687020,1,0
298.793924736,1,1
298.793926982,0,1
298.923163890,0,0
298.923165978,1,0
299.052404948,1,1
299.052405942,0,1
299.181643100,0,0
299.181645936,1,0
299.310884222,1,1
299.310885900,0,1
299.440123248,0,0
299.440125896,1,0
299.569363368,1,1
299.569365922,0,1
299.698604520,0,0
299.698605916,1,0
299.827844642,1,1
299.827845942,0,1
299.957084730,0,0
299.957085938,1,0
300.086323854,1,1
300.086325902,0,1
300.215564940,0,0
300.215565896,1,0
300.344804062,1,1
300.344805920,0,1
300.474043150,0,0
300.474045852,1,0
300.603283270,1,1
300.603285816,0,1
300.732524298,0,0
300.732525810,1,0
300.861764480,1,1
300.861765836,0,1
300.991004568,0,0
300.991005828,1,0
301.120243688,1,1
301.120244792,0,1
301.249483840,0,0
301.249484786,1,0
301.378722834,1,1
301.378724810,0,1
301.507994046,0,0
301.507995742,1,0
301.637204106,1,1
301.637204766,0,1
301.766443256,0,0
301.766444762,1,0
301.895683314,1,1
301.895684724,0,1
302.024922464,0,0
302.024924656,1,0
302.154163520,1,1
302.154164680,0,1
302.283403608,0,0
302.283404736,1,0
302.412643664,1,1
302.412644698,0,1
302.541912878,0,0
302.541914752,1,0
302.671152998,1,1
302.671154776,0,1
302.800392084,0,0
302.800394584,1,0
302.929632204,1,1
302.929634668,0,1
303.058872290,0,0
303.058874664,1,0
303.188112348,1,1
303.188114626,0,1
303.317352436,0,0
303.317354618,1,0
303.446592554,1,1
303.446594642,0,1
303.575832704,0,0
303.575834572,1,0
303.705072758,1,1
303.705074658,0,1
303.834313908,0,0
303.834314588,1,0
303.963553966,1,1
303.963554612,0,1
304.092792114,0,0
304.092794604,1,0
304.222032232,1,1
304.222034502,0,1
304.351271318,0,0
304.351274494,1,0
304.480512374,1,1
304.480514518,0,1
304.609752462,0,0
304.609753508,1,0
304.738992642,1,1
304.738993532,0,1
304.868261728,0,0
304.868264524,1,0
304.997503844,1,1
304.997504548,0,1
305.126742994,0,0
305.126744476,1,0
305.255983050,1,1
305.255984438,0,1
305.385223196,0,0
305.385224428,1,0
305.514463190,1,1
305.514464450,0,1
305.643703340,0,0
305.643704380,1,0
305.772941456,1,1
305.772943466,0,1
305.902182542,0,0
305.902183394,1,0
306.031421660,1,1
306.031423416,0,1
306.160661808,0,0
306.160663408,1,0
306.289900862,1,1
306.289903430,0,1
306.419140010,0,0
306.419143358,1,0
306.548381064,1,1
306.548383318,0,1
306.677622212,0,0
306.677623248,1,0
306.806861330,1,1
306.806863270,0,1
306.936102354,0,0
306.936103260,1,0
307.065340408,1,1
307.065343284,0,1
307.194581556,0,0
307.194583274,1,0
307.323820672,1,1
307.323823296,0,1
307.453060756,0,0
307.453063222,1,0
307.582301872,1,1
307.582303244,0,1
307.711542020,0,0
307.711543234,1,0
307.840782074,1,1
307.840783256,0,1
307.970021222,0,0
307.970023184,1,0
308.099260276,1,1
308.099262142,0,1
308.228501360,0,0
308.228502132,1,0
308.357740476,1,1
308.357742154,0,1
308.486979560,0,0
308.486982144,1,0
308.616221678,1,1
308.616222166,0,1
308.745459760,0,0
308.745462092,1,0
308.874699876,1,1
308.874702114,0,1
309.003939960,0,0
309.003942102,1,0
309.133181076,1,1
309.133182124,0,1
309.262421160,0,0
309.262422112,1,0
309.391660276,1,1
309.391662008,0,1
309.520900420,0,0
309.520902060,1,0
309.650140412,1,1
309.650142018,0,1
309.779380558,0,0
309.779382006,1,0
309.908620674,1,1
309.908622026,0,1
310.037858756,0,0
310.037861954,1,0
310.167099872,1,1
310.167101974,0,1
310.296339018,0,0
310.296341962,1,0
310.425579070,1,1
310.425580982,0,1
310.554819216,0,0
310.554820908,1,0
310.684059330,1,1
310.684060928,0,1
310.813298414,0,0
310.813300916,1,0
310.942538530,1,1
310.942540874,0,1
311.071778548,0,0
311.071780862,1,0
311.201018664,1,1
311.201020880,0,1
311.330259746,0,0
311.330260868,1,0
311.459498860,1,1
311.459500826,0,1
311.588769006,0,0
311.588770876,1,0
311.718008120,1,1
311.718010772,0,1
311.847248202,0,0
311.847250758,1,0
311.976489254,1,1
311.976490716,0,1
312.105728398,0,0
312.105730766,1,0
312.234969450,1,1
312.234970722,0,1
312.364209594,0,0
312.364210710,1,0
312.493449646,1,1
312.493450728,0,1
312.622687790,0,0
312.622690656,1,0
312.751928842,1,1
312.751930736,0,1
312.881168986,0,0
312.881170660,1,0
313.010409100,1,1
313.010410742,0,1
313.139649244,0,0
313.139650604,1,0
313.268888296,1,1
313.268890622,0,1
313.398129376,0,0
313.398130610,1,0
313.527369428,1,1
313.527370566,0,1
313.656609572,0,0
313.656610552,1,0
313.785848624,1,1
313.785849570,0,1
313.915087766,0,0
313.915089494,1,0
314.044326878,1,1
314.044329512,0,1
314.173567960,0,0
314.173569500,1,0
314.302808072,1,1
314.302809516,0,1
314.432047216,0,0
314.432049440,1,0
314.561288266,1,1
314.561289458,0,1
314.690527410,0,0
314.690529444,1,0
314.819766396,1,1
314.819769402,0,1
314.949007540,0,0
314.949009386,1,0
315.078247652,1,1
315.078249404,0,1
315.207486732,0,0
315.207489330,1,0
315.336756846,1,1
315.336759346,0,1
315.465996990,0,0
315.465999268,1,0
315.595268038,1,1
315.595270350,0,1
315.724507180,0,0
315.724510272,1,0
315.853748232,1,1
315.853750290,0,1
315.982988374,0,0
315.982990212,1,0
316.112228422,1,1
316.112230292,0,1
316.241467566,0,0
316.241469216,1,0
316.370738614,1,1
316.370740234,0,1
316.499978756,0,0
316.499980156,1,0
316.629218804,1,1
316.629220172,0,1
316.758457948,0,0
316.758460096,1,0
316.887697996,1,1
316.887700174,0,1
317.016939138,0,0
317.016940096,1,0
317.146178188,1,1
317.146180114,0,1
317.275419330,0,0
317.275420036,1,0
317.404658440,1,1
317.404658990,0,1
317.533897770,0,0
317.533899036,1,0
317.663137818,1,1
317.663138990,0,1
317.792376710,0,0
317.792378974,1,0
317.921617882,1,1
317.921618990,0,1
318.050856900,0,0
318.050858914,1,0
318.180096948,1,1
318.180098930,0,1
318.309336088,0,0
318.309338914,1,0
318.438577012,1,1
318.438578928,0,1
318.567817090,0,0
318.567818916,1,0
318.697056328,1,1
318.697058866,0,1
318.826296468,0,0
318.826298790,1,0
318.955537140,1,1
318.955538806,0,1
319.084778594,0,0
319.084778790,1,0
319.214017266,1,1
319.214018804,0,1
319.343256846,0,0
319.343258788,1,0
319.472496892,1,1
319.472498804,0,1
319.601735034,0,0
319.601737726,1,0
319.730976082,1,1
319.730977740,0,1
319.860216220,0,0
319.860217662,1,0
319.989456270,1,1
319.989457740,0,1
320.118726472,0,0
320.118728598,1,0
320.247967518,1,1
320.247968614,0,1
320.377206660,0,0
320.377208660,1,0
320.506446644,1,1
320.506448610,0,1
320.635686784,0,0
320.635688594,1,0
320.764926892,1,1
320.764928546,0,1
320.894166970,0,0
320.894167592,1,0
321.023405080,1,1
321.023407544,0,1
321.152647158,0,0
321.152647464,1,0
321.281885266,1,1
321.281887416,0,1
321.411125344,0,0
321.411127462,1,0
321.540366454,1,1
321.540367476,0,1
321.669605592,0,0
321.669607458,1,0
321.798845638,1,1
321.798847410,0,1
321.928085716,0,0
321.928087330,1,0
322.057324824,1,1
322.057327406,0,1
322.186564902,0,0
322.186567326,1,0
322.315805010,1,1
322.315807342,0,1
322.445045086,0,0
322.445047324,1,0
322.574285194,1,1
322.574287212,0,1
322.703525334,0,0
322.703527194,1,0
322.832766380,1,1
322.832767208,0,1
322.962005520,0,0
322.962007190,1,0
323.091274564,1,1
323.091277202,0,1
323.220515702,0,0
323.220517184,1,0
323.349754750,1,1
323.349757198,0,1
323.478994824,0,0
323.478997118,1,0
323.608235996,1,1
323.608237068,0,1
323.737475070,0,0
323.737477050,1,0
323.866745116,1,1
323.866747062,0,1
323.995985194,0,0
323.995987046,1,0
324.125256362,1,1
324.125257994,0,1
324.254496438,0,0
324.254497976,1,0
324.383734546,1,1
324.383736926,0,1
324.512975622,0,0
324.512976906,1,0
324.642215666,1,1
324.642216920,0,1
324.771454804,0,0
324.771456900,1,0
324.900694848,1,1
324.900696914,0,1
325.029934986,0,0
325.029936832,1,0
325.159176030,1,1
325.159176844,0,1
325.288414168,0,0
325.288416824,1,0
325.417654276,1,1
325.417656774,0,1
325.546895350,0,0
325.546896754,1,0
325.676135396,1,1
325.676136704,0,1
325.805375534,0,0
325.805376686,1,0
325.934615640,1,1
325.934616698,0,1
326.063854714,0,0
326.063856680,1,0
326.193093758,1,1
326.193096628,0,1
326.322334896,0,0
326.322336608,1,0
326.451574940,1,1
326.451576620,0,1
326.580816078,0,0
326.580816600,1,0
326.710054120,1,1
326.710055610,0,1
326.839325258,0,0
326.839326464,1,0
326.968564364,1,1
326.968566540,0,1
327.097805438,0,0
327.097806458,1,0
327.227044482,1,1
327.227046470,0,1
327.356284618,0,0
327.356286448,1,0
327.485523662,1,1
327.485526460,0,1
327.614764798,0,0
327.614766376,1,0
327.744003904,1,1
327.744006388,0,1
327.873273978,0,0
327.873276366,1,0
328.002515084,1,1
328.002516316,0,1
328.131755220,0,0
328.131756296,1,0
328.260993200,1,1
328.260996304,0,1
328.390234336,0,0
328.390236222,1,0
328.519475442,1,1
328.519476234,0,1
328.648744516,0,0
328.648746148,1,0
328.777984622,1,1
328.777986158,0,1
328.907224756,0,0
328.907226076,1,0
329.036463800,1,1
329.036466086,0,1
329.165703872,0,0
329.165706064,1,0
329.294943916,1,1
329.294946074,0,1
329.424184050,0,0
329.424185992,1,0
329.553425156,1,1
329.553426064,0,1
329.682663290,0,0
329.682665980,1,0
329.811904332,1,1
329.811905990,0,1
329.941143406,0,0
329.941145906,1,0
330.070384510,1,1
330.070385916,0,1
330.199623646,0,0
330.199624894,1,0
330.328863688,1,1
330.328864840,0,1
330.458102822,0,0
330.458104818,1,0
330.587341864,1,1
330.587344764,0,1
330.716582936,0,0
330.716584806,1,0
330.845853042,1,1
330.845855692,0,1
330.975094112,0,0
330.975095668,1,0
331.104334216,1,1
331.104335678,0,1
331.233573352,0,0
331.233575654,1,0
331.362812456,1,1
331.362814664,0,1
331.492051526,0,0
331.492054640,1,0
331.621292568,1,1
331.621294586,0,1
331.750533640,0,0
331.750534562,1,0
331.879772744,1,1
331.879774572,0,1
332.009012814,0,0
332.009014550,1,0
332.138252918,1,1
332.138254496,0,1
332.267493052,0,0
332.267494410,1,0
332.396733092,1,1
332.396734418,0,1
332.525973226,0,0
332.525974394,1,0
332.655213266,1,1
332.655214402,0,1
332.784453400,0,0
332.784454380,1,0
332.913692440,1,1
332.913694324,0,1
333.042932512,0,0
333.042934302,1,0
333.172173614,1,1
333.172174310,0,1
333.301411748,0,0
333.301414286,1,0
333.430652850,1,1
333.430654232,0,1
333.559921920,0,0
333.559924208,1,0
333.689162024,1,1
333.689164152,0,1
333.818402092,0,0
333.818404190,1,0
333.947642134,1,1
333.947644072,0,1
334.076883202,0,0
334.076884112,1,0
334.206122304,1,1
334.206124120,0,1
334.335363438,0,0
334.335364032,1,0
334.464602540,1,1
334.464604040,0,1
334.593841610,0,0
334.593843954,1,0
334.723082712,1,1
334.723083960,0,1
334.852320780,0,0
334.852322872,1,0
334.981561820,1,1
334.981562880,0,1
335.110801016,0,0
335.110802854,1,0
335.240042054,1,1
335.240042862,0,1
335.369311124,0,0
335.369313838,1,0
335.498553162,1,1
335.498553782,0,1
335.627791294,0,0
335.627793756,1,0
335.757031396,1,1
335.757033700,0,1
335.886272464,0,0
335.886273674,1,0
336.015511504,1,1
336.015512618,0,1
336.144751696,0,0
336.144752594,1,0
336.273990674,1,1
336.273992598,0,1
336.403231804,0,0
336.403232572,1,0
336.532470906,1,1
336.532472578,0,1
336.661710974,0,0
336.661712490,1,0
336.790951012,1,1
336.790952496,0,1
336.920190144,0,0
336.920192470,1,0
337.049430244,1,1
337.049432414,0,1
337.178671312,0,0
337.178672388,1,0
337.307910412,1,1
337.307912330,0,1
337.437150544,0,0
337.437152304,1,0
337.566390580,1,1
337.566392310,0,1
337.695630650,0,0
337.695632284,1,0
337.824870688,1,1
337.824872226,0,1
337.954109816,0,0
337.954112262,1,0
338.083351918,1,1
338.083352206,0,1
338.212590986,0,0
338.212592180,1,0
338.341829084,1,1
338.341831122,0,1
338.471069152,0,0
338.471071094,1,0
338.600309252,1,1
338.600311036,0,1
338.729549382,0,0
338.729551010,1,0
338.858789418,1,1
338.858791014,0,1
338.988029550,0,0
338.988030988,1,0
339.117300586,1,1
339.117301992,0,1
339.246539652,0,0
339.246541904,1,0
339.375840752,1,1
339.375842908,0,1
339.505080820,0,0
339.505082880,1,0
339.634319918,1,1
339.634321884,0,1
339.763561046,0,0
339.763561794,1,0
339.892800084,1,1
339.892801798,0,1
340.022040214,0,0
340.022041708,1,0
340.151280312,1,1
340.151281648,0,1
340.280520378,0,0
340.280521620,1,0
340.409759476,1,1
340.409761624,0,1
340.538999544,0,0
340.539001596,1,0
340.668240578,1,1
340.668241600,0,1
340.797479708,0,0
340.797481510,1,0
340.926719744,1,1
340.926721574,0,1
341.055959874,0,0
341.055961484,1,0
341.185197908,1,1
341.185201424,0,1
341.314440036,0,0
341.314441334,1,0
341.443679134,1,1
341.443681336,0,1
341.572920202,0,0
341.572921310,1,0
341.702159298,1,1
341.702161312,0,1
341.831400284,1,1
341.831400426,1,0
341.960638462,1,1
341.960640286,0,1
342.089878528,0,0
342.089880258,1,0
342.219118562,1,1
342.219120198,0,1
342.348358690,0,0
342.348360168,1,0
342.477598726,1,1
342.477600170,0,1
342.606838852,0,0
342.606840078,1,0
342.736078950,1,1
342.736080018,0,1
342.865318014,0,0
342.865319990,1,0
342.994558112,1,1
342.994559992,0,1
343.123828178,0,0
343.123829962,1,0
343.253068212,1,1
343.253069964,0,1
343.382308338,0,0
343.382309934,1,0
343.511547436,1,1
343.511549874,0,1
343.640788500,0,0
343.640789844,1,0
343.770027596,1,1
343.770029782,0,1
343.899267722,0,0
343.899269752,1,0
344.028507756,1,1
344.028509754,0,1
344.157747884,0,0
344.157749662,1,0
344.286987918,1,1
344.286989662,0,1
344.416227982,0,0
344.416229632,1,0
344.545467016,1,1
344.545469570,0,1
344.674708142,0,0
344.674709540,1,0
344.803947238,1,1
344.803949542,0,1
344.933187302,0,0
344.933189510,1,0
345.062428398,1,1
345.062429388,0,1
345.191667462,0,0
345.191669358,1,0
345.320907558,1,1
345.320908420,0,1
345.450146684,0,0
345.450148326,1,0
345.579386716,1,1
345.579388328,0,1
345.708626842,0,0
345.708628296,1,0
345.837896874,1,1
345.837899234,0,1
345.967137938,0,0
345.967139202,1,0
346.096378034,1,1
346.096379140,0,1
346.225617160,0,0
346.225619112,1,0
346.354858254,1,1
346.354859108,0,1
346.484127254,0,0
346.484129078,1,0
346.613367348,1,1
346.613369078,0,1
346.742608474,0,0
346.742609046,1,0
346.871878508,1,1
346.871878984,0,1
347.001117632,0,0
347.001118892,1,0
347.130356726,1,1
347.130358890,0,1
347.259596790,0,0
347.259598858,1,0
347.388837820,1,1
347.388838858,0,1
347.518076884,0,0
347.518078826,1,0
347.647316978,1,1
347.647318762,0,1
347.776557102,0,0
347.776558730,1,0
347.905797196,1,1
347.905798668,0,1
348.035036258,0,0
348.035038634,1,0
348.164277354,1,1
348.164278634,0,1
348.293516414,0,0
348.293518540,1,0
348.422757446,1,1
348.422758538,0,1
348.551995634,0,0
348.551998508,1,0
348.681235664,1,1
348.681238506,0,1
348.810475664,0,0
348.810477410,1,0
348.939715756,1,1
348.939717410,0,1
349.068955882,0,0
349.068957376,1,0
349.198194912,1,1
349.198197374,0,1
349.327436036,0,0
349.327437280,1,0
349.456676128,1,1
349.456677216,0,1
349.585916190,0,0
349.585917182,1,0
349.715156222,1,1
349.715157180,0,1
349.844395406,0,0
349.844397148,1,0
349.973635438,1,1
349.973637146,0,1
350.102875498,0,0
350.102877050,1,0
350.232115528,1,1
350.232117048,0,1
350.361355652,0,0
350.361357014,1,0
350.490596744,1,1
350.490596948,0,1
350.619865868,0,0
350.619866916,1,0
350.749104898,1,1
350.749106914,0,1
350.878344958,0,0
350.878346818,1,0
351.007586050,1,1
351.007586814,0,1
351.136826110,0,0
351.136826780,1,0
351.266064452,1,1
351.266066778,0,1
351.395306264,0,0
351.395306682,1,0
351.524544542,1,1
351.524546678,0,1
351.653785414,0,0
351.653786706,1,0
351.783024568,1,1
351.783026578,0,1
351.912264628,0,0
351.912266482,1,0
352.041505658,1,1
352.041506540,0,1
352.170743654,0,0
352.170746444,1,0
352.299982810,1,1
352.299985442,0,1
352.429223680,0,0
352.429225408,1,0
352.558463024,1,1
352.558465404,0,1
352.687703706,0,0
352.687705306,1,0
352.816943736,1,1
352.816945302,0,1
352.946183172,0,0
352.946185268,1,0
353.075422202,1,1
353.075425200,0,1
353.204663322,0,0
353.204665166,1,0
353.333904788,1,1
353.333905162,0,1
353.463143534,0,0
353.463145064,1,0
353.592383562,1,1
353.592385060,0,1
353.721623684,0,0
353.721625024,1,0
353.850862712,1,1
353.850864958,0,1
353.980103832,0,0
353.980104922,1,0
354.109342924,1,1
354.109344918,0,1
354.238583982,0,0
354.238584882,1,0
354.367853010,1,1
354.367854816,0,1
354.497093130,0,0
354.497094780,1,0
354.626333220,1,1
354.626334712,0,1
354.755572280,0,0
354.755574678,1,0
354.884812308,1,1
354.884814672,0,1
355.014053428,0,0
355.014054636,1,0
355.143292518,1,1
355.143294630,0,1
355.272532514,0,0
355.272534594,1,0
355.401772602,1,1
355.401774526,0,1
355.531012660,0,0
355.531014426,1,0
355.660252750,1,1
355.660254420,0,1
355.789492870,0,0
355.789493386,1,0
355.918730960,1,1
355.918733380,0,1
356.047971018,0,0
356.047973280,1,0
356.177211108,1,1
356.177213276,0,1
356.306452226,0,0
356.306453238,1,0
356.435692254,1,1
356.435693232,0,1
356.564932310,0,0
356.564933194,1,0
356.694171338,1,1
356.694173126,0,1
356.823411458,0,0
356.823413090,1,0
356.952651546,1,1
356.952653020,0,1
357.081891604,0,0
357.081892982,1,0
357.211130692,1,1
357.211132914,0,1
357.340371748,0,0
357.340372876,1,0
357.469610774,1,1
357.469612870,0,1
357.598850894,0,0
357.598852770,1,0
357.728091982,1,1
357.728092826,0,1
357.857332100,0,0
357.857332726,1,0
357.986571064,1,1
357.986572720,0,1
358.115841184,0,0
358.115842620,1,0
358.245081210,1,1
358.245082612,0,1
358.374350390,0,0
358.374352576,1,0
358.503591416,1,1
358.503592568,0,1
358.632830408,0,0
358.632832468,1,0
358.762071498,1,1
358.762072460,0,1
358.891310616,0,0
358.891312360,1,0
359.020550704,1,1
359.020552352,0,1
359.149790760,0,0
359.149792314,1,0
359.279030784,1,1
359.279032306,0,1
359.408270904,0,0
359.408272268,1,0
359.537509990,1,1
359.537512260,0,1
359.666749108,0,0
359.666752158,1,0
359.795990134,1,1
359.795992150,0,1
359.925229188,0,0
359.925232112,1,0
360.054470214,1,1
360.054472042,0,1
360.183709270,0,0
360.183712002,1,0
360.312950356,1,1
360.312951932,0,1
360.442188474,0,0
360.442190892,1,0
360.571429562,1,1
360.571430824,0,1
360.700668616,0,0
360.700670846,1,0
360.829909704,1,1
360.829910776,0,1
360.959149758,0,0
360.959150736,1,0
361.088419784,1,1
361.088421726,0,1
361.217659900,0,0
361.217661686,1,0
361.346899986,1,1
361.346901616,0,1
361.476141042,0,0
361.476141576,1,0
361.605378066,1,1
361.605380508,0,1
361.734619182,0,0
361.734620466,1,0
361.863859268,1,1
361.863860458,0,1
361.993099386,0,0
361.993100354,1,0
362.122369346,1,1
362.122371408,0,1
362.251609464,0,0
362.251611242,1,0
362.380850550,1,1
362.380851232,0,1
362.510089666,0,0
362.510091192,1,0
362.639329690,1,1
362.639331184,0,1
362.768567744,0,0
362.768570082,1,0
362.897807828,1,1
362.897810074,0,1
363.027048946,0,0
363.027050032,1,0
363.156289030,1,1
363.156290022,0,1
363.285528084,0,0
363.285529982,1,0
363.414769046,1,1
363.414769910,0,1
363.544008160,0,0
363.544009868,1,0
363.673248184,1,1
363.673249796,0,1
363.802486300,0,0
363.802489756,1,0
363.931727384,1,1
363.931729682,0,1
364.060967500,0,0
364.060969642,1,0
364.190207522,1,1
364.190209630,0,1
364.319447638,0,0
364.319449590,1,0
364.448686660,1,1
364.448689580,0,1
364.577927714,0,0
364.577929538,1,0
364.707168734,1,1
364.707169464,0,1
364.836406850,0,0
364.836409422,1,0
364.965647936,1,1
364.965649412,0,1
365.094885988,0,0
365.094888308,1,0
365.224126134,1,1
365.224128236,0,1
365.353366188,0,0
365.353368194,1,0
365.482606208,1,1
365.482608182,0,1
365.611847324,0,0
365.611848078,1,0
365.741087346,1,1
365.741088130,0,1
365.870357396,0,0
365.870359086,1,0
365.999598482,1,1
365.999599014,0,1
366.128837596,0,0
366.128838970,1,0
366.258076680,1,1
366.258077898,0,1
366.387316730,0,0
366.387317854,1,0
366.516554814,1,1
366.516557844,0,1
366.645795866,0,0
366.645797740,1,0
366.775034950,1,1
366.775037790,0,1
366.904276062,0,0
366.904277684,1,0
367.033516084,1,1
367.033517672,0,1
367.162757134,0,0
367.162757630,1,0
367.291996156,1,1
367.291997618,0,1
367.421235268,0,0
367.421237512,1,0
367.550474352,1,1
367.550477438,0,1
367.679715464,0,0
367.679717394,1,0
367.808955486,1,1
367.808957382,0,1
367.938194600,0,0
367.938197276,1,0
368.067435618,1,1
368.067437264,0,1
368.196674670,0,0
368.196677220,1,0
368.325915752,1,1
368.325917208,0,1
368.455154742,0,0
368.455157164,1,0
368.584394824,1,1
368.584396088,0,1
368.713634936,0,0
368.713636044,1,0
368.842906018,1,1
368.842906970,0,1
368.972175130,0,0
368.972176928,1,0
369.101415086,1,1
369.101416914,0,1
369.230656200,0,0
369.230656870,1,0
369.359895220,1,1
369.359896794,0,1
369.489166394,0,0
369.489167750,1,0
369.618436476,1,1
369.618437738,0,1
369.747676464,0,0
369.747677692,1,0
369.876916544,1,1
369.876917616,0,1
370.006156594,0,0
370.006157510,1,0
370.135395676,1,1
370.135397496,0,1
370.264636724,0,0
370.264637452,1,0
370.393875806,1,1
370.393877436,0,1
370.523115918,0,0
370.523117330,1,0
370.652354938,1,1
370.652357316,0,1
370.781596050,0,0
370.781597270,1,0
370.910836068,1,1
370.910837194,0,1
371.040073116,0,0
371.040076212,1,0
371.169313198,1,1
371.169316136,0,1
371.298554308,0,0
371.298556090,1,0
371.427793328,1,1
371.427796016,0,1
371.557034376,0,0
371.557035908,1,0
371.686274458,1,1
371.686275956,0,1
371.815513506,0,0
371.815515846,1,0
371.944753648,1,1
371.944755832,0,1
372.073993698,0,0
372.073995786,1,0
372.203233778,1,1
372.203235772,0,1
372.332474826,0,0
372.332475724,1,0
372.461713842,1,1
372.461715648,0,1
372.590953954,0,0
372.590955602,1,0
372.720192972,1,1
372.720195526,0,1
372.849433082,0,0
372.849435478,1,0
372.978643100,1,1
372.978644464,0,1
373.107882148,0,0
373.107884356,1,0
373.237122226,1,1
373.237124340,0,1
373.366361338,0,0
373.366364294,1,0
373.495603354,1,1
373.495604216,0,1
373.624871464,0,0
373.624874232,1,0
373.754113544,1,1
373.754114154,0,1
373.883353592,0,0
373.883354108,1,0
374.012592608,1,1
374.012594092,0,1
374.141832718,0,0
374.141833920,1,0
374.271072734,1,1
374.271073904,0,1
374.400312844,0,0
374.400313858,1,0
374.529551862,1,1
374.529553842,0,1
374.658792970,0,0
374.658793732,1,0
374.788031050,1,1
374.788033778,0,1
374.917271096,0,0
374.917273668,1,0
375.046512176,1,1
375.046513652,0,1
375.175751160,0,0
375.175753604,1,0
375.304992240,1,1
375.304993526,0,1
375.434232286,0,0
375.434233478,1,0
375.563502364,1,1
375.563503398,0,1
375.692740472,0,0
375.692743352,1,0
375.821980552,1,1
375.821983336,0,1
375.951221596,0,0
375.951223224,1,0
376.080461676,1,1
376.080463270,0,1
376.209701660,0,0
376.209703158,1,0
376.338970736,1,1
376.338973082,0,1
376.468210846,0,0
376.468213032,1,0
376.597450922,1,1
376.597453016,0,1
376.726691970,0,0
376.726692968,1,0
376.855932048,1,1
376.855932950,0,1
376.985232094,0,0
376.985233840,1,0
377.114472170,1,1
377.114473822,0,1
377.243713216,0,0
377.243713710,1,0
377.372951294,1,1
377.372953694,0,1
377.502193402,0,0
377.502193644,1,0
377.631432416,1,1
377.631433626,0,1
377.760672462,0,0
377.760673516,1,0
377.889912538,1,1
377.889913498,0,1
378.019149584,0,0
378.019152510,1,0
378.148391598,1,1
378.148392368,0,1
378.277631706,0,0
378.277632320,1,0
378.406870784,1,1
378.406872300,0,1
378.536109892,0,0
378.536112252,1,0
378.665349906,1,1
378.665352172,0,1
378.794591012,0,0
378.794592122,1,0
378.923830028,1,1
378.923832106,0,1
379.053070134,0,0
379.053072056,1,0
379.182310086,1,1
379.182312036,0,1
379.311549194,0,0
379.311551924,1,0
379.440789206,1,1
379.440791844,0,1
379.570030314,0,0
379.570031792,1,0
379.699269390,1,1
379.699271774,0,1
379.828510434,0,0
379.828511724,1,0
379.957749510,1,1
379.957751642,0,1
380.087018616,0,0
380.087021594,1,0
380.216259632,1,1
380.216261574,0,1
380.345498674,0,0
380.345501524,1,0
380.474739688,1,1
380.474741444,0,1
380.603979858,0,0
380.603981330,1,0
380.733219870,1,1
380.733221374,0,1
380.862459914,0,0
380.862461260,1,0
380.991699990,1,1
380.991701240,0,1
381.120970034,0,0
381.120971190,1,0
381.250210048,1,1
381.250211172,0,1
381.379449152,0,0
381.379451058,1,0
381.508690228,1,1
381.508690976,0,1
381.637930334,0,0
381.637930924,1,0
381.767169284,1,1
381.767170904,0,1
381.896410452,0,0
381.896410854,1,0
382.025649464,1,1
382.025650772,0,1
382.154919448,0,0
382.154920722,1,0
382.284158522,1,1
382.284160764,0,1
382.413399628,0,0
382.413400586,1,0
382.542638702,1,1
382.542640566,0,1
382.671878808,0,0
382.671880516,1,0
382.801118820,1,1
382.801120432,0,1
382.930358862,0,0
382.930360444,1,0
383.059597936,1,1
383.059600360,0,1
383.188839042,0,0
383.188840308,1,0
383.318078116,1,1
383.318080288,0,1
383.447318158,0,0
383.447320174,1,0
383.576558170,1,1
383.576560152,0,1
383.705799212,0,0
383.705800038,1,0
383.835037288,1,1
383.835039018,0,1
383.964277330,0,0
383.964278902,1,0
384.093516404,1,1
384.093518880,0,1
384.222756508,0,0
384.222758828,1,0
384.351996518,1,1
384.351998806,0,1
384.481237624,0,0
384.481238756,1,0
384.610477696,1,1
384.610478734,0,1
384.739716738,0,0
384.739718682,1,0
384.868987750,1,1
384.868989598,0,1
384.998226792,0,0
384.998228482,1,0
385.127466866,1,1
385.127468460,0,1
385.256707970,0,0
385.256708406,1,0
385.385946980,1,1
385.385948322,0,1
385.515187084,0,0
385.515188270,1,0
385.644426156,1,1
385.644428248,0,1
385.773667198,0,0
385.773668196,1,0
385.902906210,1,1
385.902908174,0,1
386.032146312,0,0
386.032148058,1,0
386.161386324,1,1
386.161387974,0,1
386.290626426,0,0
386.290627920,1,0
386.419866436,1,1
386.419867896,0,1
386.549105166,0,0
386.549107844,1,0
386.678346550,1,1
386.678347820,0,1
386.807586154,0,0
386.807587766,1,0
386.936826162,1,1
386.936827682,0,1
387.066064828,0,0
387.066067628,1,0
387.195304838,1,1
387.195307604,0,1
387.324543878,0,0
387.324546550,1,0
387.453784950,1,1
387.453786528,0,1
387.583025054,0,0
387.583026348,1,0
387.712264000,1,1
387.712266324,0,1
387.841504104,0,0
387.841506270,1,0
387.970744112,1,1
387.970746186,0,1
388.099984216,0,0
388.099986132,1,0
388.229225098,1,1
388.229226108,0,1
388.358465140,0,0
388.358466054,1,0
388.487704398,1,1
388.487705968,0,1
388.616974374,0,0
388.616975850,1,0
388.746214446,1,1
388.746215888,0,1
388.875455548,0,0
388.875455770,1,0
389.004694558,1,1
389.004695746,0,1
389.133934660,0,0
389.133935630,1,0
389.263173668,1,1
389.263175670,0,1
389.392413770,0,0
389.392415550,1,0
389.521653840,1,1
389.521655528,0,1
389.650894880,0,0
389.650895472,1,0
389.780133950,1,1
389.780135448,0,1
389.909374052,0,0
389.909375268,1,0
390.038612998,1,1
390.038615244,0,1
390.167854100,0,0
390.167855188,1,0
390.297094108,1,1
390.297095162,0,1
390.426334208,0,0
390.426335044,1,0
390.555602280,1,1
390.555605084,0,1
390.684874320,0,0
390.684875966,1,0
390.814083388,1,1
390.814084940,0,1
390.943322426,0,0
390.943324884,1,0
391.072562436,1,1
391.072564796,0,1
391.201803536,0,0
391.201804740,1,0
391.331042544,1,1
391.331044654,0,1
391.460282644,0,0
391.460284596,1,0
391.589551714,1,1
391.589554570,0,1
391.718792752,0,0
391.718794514,1,0
391.848032820,1,1
391.848034488,0,1
391.977272858,0,0
391.977274368,1,0
392.106511866,1,1
392.106514282,0,1
392.235752966,0,0
392.235754286,1,0
392.364991974,1,1
392.364994200,0,1
392.494232074,0,0
392.494234142,1,0
392.623501142,1,1
392.623504114,0,1
392.752743242,0,0
392.752744060,1,0
392.881953248,1,1
392.881954032,0,1
393.011191348,0,0
393.011193912,1,0
393.140431354,1,1
393.140432886,0,1
393.269671454,0,0
393.269672704,1,0
393.398911398,1,1
393.398912740,0,1
393.528152498,0,0
393.528152684,1,0
393.657391506,1,1
393.657392594,0,1
393.786630604,0,0
393.786632536,1,0
393.915870672,1,1
393.915872508,0,1
394.045110772,0,0
394.045112390,1,0
394.174350778,1,1
394.174352426,0,1
394.303589876,0,0
394.303592306,1,0
394.432829882,1,1
394.432832278,0,1
394.562068982,0,0
394.562072220,1,0
394.691310048,1,1
394.691312068,0,1
394.820550024,0,0
394.820552010,1,0
394.949790092,1,1
394.949791982,0,1
395.079030126,0,0
395.079031924,1,0
395.208270196,1,1
395.208271898,0,1
395.337540294,0,0
395.337541840,1,0
395.466780362,1,1
395.466781812,0,1
395.596019398,0,0
395.596021692,1,0
395.725259340,1,1
395.725261602,0,1
395.854498438,0,0
395.854501542,1,0
395.983739506,1,1
395.983741514,0,1
396.112979602,0,0
396.112981456,1,0
396.242219608,1,1
396.242221366,0,1
396.371489706,0,0
396.371491306,1,0
396.500729774,1,1
396.500731278,0,1
396.629968808,0,0
396.629971158,1,0
396.759209812,1,1
396.759211130,0,1
396.888449848,0,0
396.888451070,1,0
397.017689914,1,1
397.017690978,0,1
397.146930012,0,0
397.146930920,1,0
397.276169018,1,1
397.276170828,0,1
397.405409114,0,0
397.405410768,1,0
397.534649118,1,1
397.534650740,0,1
397.663889216,0,0
397.663890680,1,0
397.793127220,1,1
397.793129652,0,1
397.922367316,0,0
397.922369530,1,0
398.051607382,1,1
398.051609500,0,1
398.180848356,0,0
398.180849316,1,0
398.310086422,1,1
398.310089348,0,1
398.439327456,0,0
398.439329226,1,0
398.568567584,1,1
398.568569198,0,1
398.697806618,0,0
398.697809136,1,0
398.827046624,1,1
398.827049110,0,1
398.956287718,0,0
398.956288988,1,0
399.085526724,1,1
399.085529020,0,1
399.214766822,0,0
399.214768898,1,0
399.344036824,1,1
399.344038804,0,1
399.473276918,0,0
399.473278682,1,0
399.602515922,1,1
399.602518652,0,1
399.731757020,0,0
399.731758592,1,0
399.860997022,1,1
399.860998562,0,1
399.990237118,0,0
399.990238502,1,0
400.119537120,1,1
400.119539472,0,1
400.248777216,0,0
400.248779348,1,0
400.378017220,1,1
400.378019320,0,1
400.507257316,0,0
400.507259196,1,0
400.636497382,1,1
400.636499228,0,1
400.765737414,0,0
400.765739104,1,0
400.894977416,1,1
400.894979074,0,1
401.024217514,0,0
401.024218950,1,0
401.153457514,1,1
401.153458922,0,1
401.282696548,0,0
401.282697796,1,0
401.411936614,1,1
401.411937766,0,1
401.541176708,0,0
401.541177704,1,0
401.670415712,1,1
401.670417612,0,1
401.799656806,0,0
401.799657550,1,0
401.928895872,1,1
401.928897518,0,1
402.058134966,0,0
402.058137456,1,0
402.187375968,1,1
402.187377428,0,1
402.316615062,0,0
402.316617366,1,0
402.445855002,1,1
402.445857272,0,1
402.575095096,0,0
402.575097210,1,0
402.704335100,1,1
402.704337116,0,1
402.833576194,0,0
402.833577054,1,0
402.962815258,1,1
402.962817024,0,1
403.092086290,0,0
403.092086960,1,0
403.221324354,1,1
403.221326866,0,1
403.350564450,0,0
403.350566742,1,0
403.479805388,1,1
403.479806712,0,1
403.609044420,0,0
403.609046648,1,0
403.738284484,1,1
403.738286618,0,1
403.867524578,0,0
403.867526554,1,0
403.996764642,1,1
403.996766522,0,1
404.126004674,0,0
404.126006396,1,0
404.255245674,1,1
404.255246366,0,1
404.384484768,0,0
404.384486238,1,0
404.513723832,1,1
404.513726270,0,1
404.642963926,0,0
404.642966144,1,0
404.772202988,1,1
404.772205050,0,1
404.901443958,0,0
404.901444986,1,0
405.030682958,1,1
405.030684954,0,1
405.159923052,0,0
405.159924828,1,0
405.289162114,1,1
405.289164796,0,1
405.418403146,0,0
405.418404732,1,0
405.547643208,1,1
405.547644700,0,1
405.676882302,0,0
405.676884574,1,0
405.806153302,1,1
405.806155542,0,1
405.935392332,0,0
405.935394478,1,0
406.064664398,1,1
406.064665386,0,1
406.193903488,0,0
406.193905320,1,0
406.323143488,1,1
406.323145350,0,1
406.452383518,0,0
406.452385222,1,0
406.581622582,1,1
406.581625126,0,1
406.710862674,0,0
406.710865000,1,0
406.840133674,1,1
406.840134968,0,1
406.969372704,0,0
406.969374904,1,0
407.098611766,1,1
407.098614870,0,1
407.227853860,0,0
407.227854806,1,0
407.357092860,1,1
407.357094710,0,1
407.486332952,0,0
407.486334644,1,0
407.615602950,1,1
407.615604548,0,1
407.744843042,0,0
407.744844484,1,0
407.874114044,1,1
407.874115450,0,1
408.003354134,0,0
408.003355448,1,0
408.132594198,1,1
408.132595352,0,1
408.261833226,0,0
408.261835288,1,0
408.391072226,1,1
408.391074190,0,1
408.520312318,0,0
408.520314126,1,0
408.649552316,1,1
408.649554028,0,1
408.778792408,0,0
408.778794026,1,0
408.908031406,1,1
408.908033930,0,1
409.037272498,0,0
409.037273802,1,0
409.166512560,1,1
409.166513770,0,1
409.295752590,0,0
409.295753702,1,0
409.424992650,1,1
409.424993670,0,1
409.554231742,0,0
409.554233604,1,0
409.683471742,1,1
409.683473506,0,1
409.812710768,0,0
409.812713440,1,0
409.941951768,1,1
409.941953344,0,1
410.071191796,0,0
410.071193278,1,0
410.200431858,1,1
410.200433244,0,1
410.329671948,0,0
410.329673176,1,0
410.458912008,1,1
410.458913080,0,1
410.588181100,0,0
410.588183014,1,0
410.717421098,1,1
410.717422854,0,1
410.846660126,0,0
410.846662850,1,0
410.975901188,1,1
410.975902752,0,1
411.105141214,0,0
411.105142686,1,0
411.234380214,1,1
411.234382650,0,1
411.363621304,0,0
411.363622584,1,0
411.492862364,1,1
411.492862548,0,1
411.622130454,0,0
411.622132418,1,0
411.751371390,1,1
411.751372384,0,1
411.880610478,0,0
411.880612254,1,0
412.009850476,1,1
412.009852218,0,1
412.139090568,0,0
412.139092150,1,0
412.268331564,1,1
412.268332054,0,1
412.397570592,0,0
412.397571986,1,0
412.526809652,1,1
412.526811950,0,1
412.656049742,0,0
412.656051884,1,0
412.785289800,1,1
412.785291848,0,1
412.914559830,0,0
412.914561718,1,0
413.043830888,1,1
413.043831680,0,1
413.173069914,0,0
413.173071552,1,0
413.302308974,1,1
413.302311578,0,1
413.431549064,0,0
413.431551448,1,0
413.560789060,1,1
413.560791410,0,1
413.690030148,0,0
413.690031280,1,0
413.819270084,1,1
413.819271244,0,1
413.948509172,0,0
413.948511114,1,0
414.077749170,1,1
414.077751078,0,1
414.206990258,0,0
414.206991010,1,0
414.336259316,1,1
414.336260972,0,1
414.465499344,0,0
414.465500904,1,0
414.594739402,1,1
414.594740804,0,1
414.723979428,0,0
414.723980674,1,0
414.853217486,1,1
414.853220636,0,1
414.982459512,0,0
414.982460570,1,0
415.111699570,1,1
415.111700470,0,1
415.240938598,0,0
415.240940402,1,0
415.370178656,1,1
415.370180364,0,1
415.499417682,0,0
415.499420296,1,0
415.628658738,1,1
415.628660258,0,1
415.757898828,0,0
415.757900190,1,0
415.887138886,1,1
415.887140088,0,1
416.016377912,0,0
416.016379958,1,0
416.145618906,1,1
416.145619920,0,1
416.274856934,0,0
416.274859850,1,0
416.404097928,1,1
416.404099750,0,1
416.533337016,0,0
416.533338680,1,0
416.662577074,1,1
416.662578642,0,1
416.791817100,0,0
416.791818574,1,0
416.921056156,1,1
416.921058472,0,1
417.050296244,0,0
417.050298404,1,0
417.179537238,1,1
417.179538366,0,1
417.308777328,0,0
417.308778296,1,0
417.438017320,1,1
417.438018194,0,1
417.567256346,0,0
417.567258064,1,0
417.696496404,1,1
417.696498026,0,1
417.825736490,0,0
417.825737956,1,0
417.954976424,1,1
417.954977918,0,1
418.084216510,0,0
418.084217786,1,0
418.213455568,1,1
418.213457746,0,1
418.342726656,0,0
418.342727676,1,0
418.471964650,1,1
418.471967576,0,1
418.601204674,0,0
418.601207506,1,0
418.730446668,1,1
418.730447404,0,1
418.859685754,0,0
418.859687396,1,0
418.988925812,1,1
418.988927294,0,1
419.118164836,0,0
419.118167224,1,0
419.247405892,1,1
419.247407186,0,1
419.376644980,0,0
419.376647052,1,0
419.505884974,1,1
419.505887014,0,1
419.635126060,0,0
419.635126942,1,0
419.764365056,1,1
419.764366778,0,1
419.893636078,0,0
419.893636768,1,0
420.022874446,1,1
420.022876732,0,1
420.152115220,0,0
420.152116660,1,0
420.281355214,1,1
420.281356558,0,1
420.410595300,0,0
420.410596488,1,0
420.539834356,1,1
420.539836448,0,1
420.669073318,0,0
420.669076376,1,0
420.798314372,1,1
420.798316212,0,1
420.927554396,0,0
420.927556140,1,0
421.056824828,1,1
421.056826100,0,1
421.186063476,0,0
421.186066030,1,0
421.315304782,1,1
421.315305928,0,1
421.444543554,0,0
421.444545856,1,0
421.573784734,1,1
421.573785816,0,1
421.703023632,0,0
421.703025744,1,0
421.832264688,1,1
421.832265640,0,1
421.961504710,0,0
421.961505568,1,0
422.090773766,1,1
422.090775466,0,1
422.220013788,0,0
422.220015394,1,0
422.349252844,1,1
422.349255354,0,1
422.478493868,0,0
422.478495282,1,0
422.607733922,1,1
422.607735242,0,1
422.736974006,0,0
422.736975044,1,0
422.866212998,1,1
422.866215004,0,1
422.995454084,0,0
422.995454868,1,0
423.124693076,1,1
423.124694890,0,1
423.253933098,0,0
423.253934754,1,0
423.383173090,1,1
423.383174714,0,1
423.512412238,0,0
423.512413642,1,0
423.641652230,1,1
423.641653538,0,1
423.770891252,0,0
423.770893464,1,0
423.900132306,1,1
423.900133424,0,1
424.029372328,0,0
424.029373352,1,0
424.158611382,1,1
424.158613184,0,1
424.287851468,0,0
424.287853112,1,0
424.417122458,1,1
424.417124070,0,1
424.546360480,0,0
424.546363998,1,0
424.675601534,1,1
424.675603956,0,1
424.804871556,0,0
424.804873822,1,0
424.934111608,1,1
424.934113780,0,1
425.063381630,0,0
425.063383642,1,0
425.192622684,1,1
425.192623602,0,1
425.321862768,0,0
425.321863528,1,0
425.451100760,1,1
425.451103484,0,1
425.580341844,0,0
425.580343410,1,0
425.709582834,1,1
425.709583244,0,1
425.838852856,0,0
425.838854232,1,0
425.968091908,1,1
425.968093130,0,1
426.097330930,0,0
426.097333054,1,0
426.226570982,1,1
426.226573012,0,1
426.355812002,0,0
426.355812938,1,0
426.485052056,1,1
426.485052896,0,1
426.614323140,0,0
426.614323698,1,0
426.743531130,1,1
426.743532716,0,1
426.872802212,0,0
426.872803580,1,0
427.002043202,1,1
427.002043536,0,1
427.131281286,0,0
427.131282462,1,0
427.260521274,1,1
427.260522420,0,1
427.389761296,0,0
427.389762346,1,0
427.519060348,1,1
427.519063240,0,1
427.648271494,0,0
427.648273104,1,0
427.777511420,1,1
427.777513060,0,1
427.906751504,0,0
427.906753048,1,0
428.035991492,1,1
428.035992942,0,1
428.165230576,0,0
428.165232804,1,0
428.294471564,1,1
428.294472760,0,1
428.423708584,0,0
428.423711686,1,0
428.552949700,1,1
428.552951642,0,1
428.682189718,0,0
428.682191442,1,0
428.811460708,1,1
428.811462398,0,1
428.940700790,0,0
428.940702322,1,0
429.069938778,1,1
429.069942278,0,1
429.199179860,0,0
429.199182204,1,0
429.328420850,1,1
429.328422160,0,1
429.457660932,0,0
429.457662084,1,0
429.586930984,1,1
429.586931916,0,1
429.716171004,0,0
429.716171840,1,0
429.845409992,1,1
429.845411796,0,1
429.974650072,0,0
429.974651658,1,0
430.103890062,1,1
430.103891674,0,1
430.233131142,0,0
430.233131538,1,0
430.362371194,1,1
430.362371492,0,1
430.491610212,0,0
430.491611416,1,0
430.620880262,1,1
430.620881248,0,1
430.750119282,0,0
430.750121170,1,0
430.879360270,1,1
430.879361126,0,1
431.008600352,0,0
431.008601050,1,0
431.137839338,1,1
431.137841004,0,1
431.267078420,0,0
431.267080928,1,0
431.396318470,1,1
431.396320820,0,1
431.525558488,0,0
431.525560744,1,0
431.654799540,1,1
431.654800636,0,1
431.784038558,0,0
431.784040498,1,0
431.913278608,1,1
431.913279452,0,1
432.042516626,0,0
432.042519374,1,0
432.171756612,1,1
432.171759330,0,1
432.300997694,0,0
432.300999190,1,0
432.430268682,1,1
432.430270206,0,1
432.559508760,0,0
432.559510068,1,0
432.688747810,1,1
432.688749960,0,1
432.817987890,0,0
432.817989882,1,0
432.947227878,1,1
432.947229836,0,1
433.076467958,0,0
433.076468696,1,0
433.205706882,1,1
433.205708650,0,1
433.334947962,0,0
433.334948574,1,0
433.464218014,1,1
433.464219528,0,1
433.593459028,0,0
433.593459450,1,0
433.722697078,1,1
433.722699342,0,1
433.851937158,0,0
433.851939264,1,0
433.981178144,1,1
433.981179154,0,1
434.110417162,0,0
434.110419076,1,0
434.239657148,1,1
434.239658030,0,1
434.368896228,0,0
434.368897890,1,0
434.498136276,1,1
434.498137906,0,1
434.627377294,0,0
434.627377764,1,0
434.756616342,1,1
434.756617718,0,1
434.885856422,0,0
434.885857576,1,0
435.015095406,1,1
435.015097530,0,1
435.144367424,0,0
435.144368390,1,0
435.273606410,1,1
435.273608344,0,1
435.402845490,0,0
435.402847264,1,0
435.532086536,1,1
435.532087154,0,1
435.661356616,0,0
435.661358078,1,0
435.790595602,1,1
435.790597968,0,1
435.919836680,0,0
435.919837888,1,0
436.049075666,1,1
436.049077842,0,1
436.178314682,0,0
436.178317762,1,0
436.307556730,1,1
436.307557652,0,1
436.436794746,0,0
436.436797572,1,0
436.566035794,1,1
436.566037526,0,1
436.695274810,0,0
436.695276384,1,0
436.824514858,1,1
436.824516336,0,1
436.953754936,0,0
436.953756256,1,0
437.082994920,1,1
437.082996146,0,1
437.212234998,0,0
437.212236066,1,0
437.341474046,1,1
437.341476018,0,1
437.470714000,0,0
437.470715878,1,0
437.599954046,1,1
437.599955830,0,1
437.729194062,0,0
437.729195750,1,0
437.858434108,1,1
437.858435640,0,1
437.987675186,0,0
437.987675560,1,0
438.116944170,1,1
438.116945448,0,1
438.246184310,0,0
438.246185368,1,0
438.375424296,1,1
438.375425256,0,1
438.504664246,0,0
438.504665176,1,0
438.633903294,1,1
438.633905128,0,1
438.763143372,0,0
438.763144984,1,0
438.892383356,1,1
438.892385000,0,1
439.021623370,0,0
439.021624920,1,0
439.150863416,1,1
439.150864808,0,1
439.280103494,0,0
439.280104726,1,0
439.409342476,1,1
439.409344616,0,1
439.538582554,0,0
439.538584472,1,0
439.667822600,1,1
439.667824422,0,1
439.797061614,0,0
439.797064342,1,0
439.926301598,1,1
439.926304292,0,1
440.055571676,0,0
440.055574212,1,0
440.184812658,1,1
440.184814164,0,1
440.314081736,0,0
440.314083958,1,0
440.443291718,1,1
440.443293908,0,1
440.572532794,0,0
440.572533826,1,0
440.701771840,1,1
440.701773714,0,1
440.831012790,0,0
440.831013696,1,0
440.960252836,1,1
440.960253582,0,1
441.089520912,0,0
441.089523500,1,0
441.218760896,1,1
441.218763452,0,1
441.348000972,0,0
441.348003308,1,0
441.477242016,1,1
441.477243258,0,1
441.606482030,0,0
441.606483114,1,0
441.735722074,1,1
441.735723064,0,1
441.864991026,0,0
441.864992980,1,0
441.994231072,1,1
441.994232992,0,1
442.123471148,0,0
442.123472848,1,0
442.252742128,1,1
442.252743674,0,1
442.381982204,0,0
442.381983654,1,0
442.511222188,1,1
442.511222602,0,1
442.640461262,0,0
442.640462458,1,0
442.769700244,1,1
442.769702408,0,1
442.898941320,0,0
442.898942324,1,0
443.028180302,1,1
443.028182212,0,1
443.157421378,0,0
443.157422066,1,0
443.286660422,1,1
443.286662078,0,1
443.415899434,0,0
443.415901934,1,0
443.545139416,1,1
443.545141820,0,1
443.674379492,0,0
443.674381738,1,0
443.803619474,1,1
443.803621688,0,1
443.932860546,0,0
443.932861604,1,0
444.062098528,1,1
444.062101490,0,1
444.191339602,0,0
444.191341406,1,0
444.320578584,1,1
444.320581356,0,1
444.449818660,0,0
444.449821210,1,0
444.579060640,1,1
444.579061220,0,1
444.708298714,0,0
444.708301012,1,0
444.837568696,1,1
444.837570962,0,1
444.966808770,0,0
444.966810878,1,0
445.096047750,1,1
445.096050826,0,1
445.225289824,0,0
445.225290680,1,0
445.354529806,1,1
445.354530690,0,1
445.483769880,0,0
445.483770544,1,0
445.613007860,1,1
445.613010430,0,1
445.742248934,0,0
445.742250346,1,0
445.871487976,1,1
445.871490230,0,1
446.000727988,0,0
446.000729148,1,0
446.129968030,1,1
446.129969094,0,1
446.259208980,0,0
446.259209010,1,0
446.388447022,1,1
446.388448896,0,1
446.517687096,0,0
446.517688812,1,0
446.646927138,1,1
446.646928758,0,1
446.776167148,0,0
446.776168612,1,0
446.905408130,1,1
446.905408558,0,1
447.034645202,0,0
447.034648474,1,0
447.163886184,1,1
447.163888360,0,1
447.293126256,0,0
447.293128276,1,0
447.422396236,1,1
447.422398222,0,1
447.551637244,0,0
447.551638136,1,0
447.680876350,1,1
447.680878020,0,1
447.810116360,0,0
447.810117936,1,0
447.939355340,1,1
447.939357882,0,1
448.068595412,0,0
448.068597736,1,0
448.197835454,1,1
448.197837620,0,1
448.327076526,0,0
448.327077534,1,0
448.456315568,1,1
448.456317482,0,1
448.585585516,0,0
448.585587396,1,0
448.714825558,1,1
448.714827280,0,1
448.844064630,0,0
448.844067196,1,0
448.973304608,1,1
448.973307202,0,1
449.102545680,0,0
449.102546992,1,0
449.231784658,1,1
449.231786876,0,1
449.361025730,0,0
449.361026790,1,0
449.490265772,1,1
449.490266738,0,1
449.619533780,0,0
449.619536650,1,0
449.748775760,1,1
449.748776596,0,1
449.878015830,0,0
449.878016510,1,0
450.007254810,1,1
450.007256456,0,1
450.136494882,0,0
450.136496308,1,0
450.265734922,1,1
450.265736190,0,1
450.394974930,0,0
450.394976104,1,0
450.524214908,1,1
450.524216048,0,1
450.653454916,0,0
450.653455902,1,0
450.782694958,1,1
450.782695846,0,1
450.911934028,0,0
450.911935760,1,0
451.041174006,1,1
451.041175704,0,1
451.170414078,0,0
451.170415554,1,0
451.299653054,1,1
451.299655500,0,1
451.428894186,0,0
451.428895350,1,0
451.558134102,1,1
451.558135294,0,1
451.687373174,0,0
451.687375146,1,0
451.816612212,1,1
451.816614090,0,1
451.945852158,0,0
451.945854002,1,0
452.075092196,1,1
452.075093948,0,1
452.204331266,0,0
452.204333796,1,0
452.333571246,1,1
452.333573742,0,1
452.462812314,0,0
452.462813654,1,0
452.592082354,1,1
452.592084536,0,1
452.721322362,0,0
452.721324448,1,0
452.850561400,1,1
452.850564392,0,1
452.979801344,0,0
452.979803242,1,0
453.109041384,1,1
453.109043186,0,1
453.238281392,0,0
453.238283098,1,0
453.367551430,1,1
453.367554042,0,1
453.496793500,0,0
453.496793892,1,0
453.626032538,1,1
453.626033834,0,1
453.755272546,0,0
453.755273684,1,0
453.884511522,1,1
453.884513626,0,1
454.013752590,0,0
454.013753538,1,0
454.142991566,1,1
454.142992482,0,1
454.272230822,0,0
454.272232330,1,0
454.401502674,1,1
454.401503210,0,1
454.530741744,0,0
454.530743124,1,0
454.659981718,1,1
454.659983066,0,1
454.789221724,0,0
454.789222914,1,0
454.918461200,1,1
454.918462856,0,1
455.047701706,0,0
455.047702768,1,0
455.176941118,1,1
455.176942710,0,1
455.306181062,0,0
455.306182622,1,0
455.435419786,1,1
455.435421502,0,1
455.564658854,0,0
455.564661412,1,0
455.693899830,1,1
455.693901356,0,1
455.823138896,0,0
455.823141202,1,0
455.952379936,1,1
455.952381146,0,1
456.081618940,0,0
456.081620992,1,0
456.210859790,1,1
456.210860934,0,1
456.340129982,0,0
456.340131844,1,0
456.469371332,1,1
456.469371786,0,1
456.598608024,0,0
456.598610634,1,0
456.727849062,1,1
456.727850638,0,1
456.857089066,0,0
456.857090422,1,0
456.986328040,1,1
456.986330364,0,1
457.115569108,0,0
457.115570274,1,0
457.244808144,1,1
457.244810152,0,1
457.374047150,0,0
457.374050062,1,0
457.503289124,1,1
457.503290002,0,1
457.632529128,0,0
457.632529914,1,0
457.761768226,1,1
457.761769856,0,1
457.891008230,0,0
457.891009702,1,0
458.020248204,1,1
458.020249644,0,1
458.149487270,0,0
458.149489490,1,0
458.278728308,1,1
458.278729368,0,1
458.407968310,0,0
458.407969278,1,0
458.537207348,1,1
458.537209218,0,1
458.666447350,0,0
458.666449126,1,0
458.795686386,1,1
458.795688004,0,1
458.924927454,0,0
458.924927976,1,0
459.054166364,1,1
459.054167854,0,1
459.183405368,0,0
459.183407762,1,0
459.312645464,1,1
459.312647702,0,1
459.441885406,0,0
459.441887548,1,0
459.571156504,1,1
459.571158488,0,1
459.700396508,0,0
459.700398334,1,0
459.829636542,1,1
459.829638274,0,1
459.958875546,0,0
459.958877182,1,0
460.088146582,1,1
460.088148122,0,1
460.217385584,0,0
460.217387968,1,0
460.346625618,1,1
460.346627846,0,1
460.475866622,0,0
460.475867754,1,0
460.605105656,1,1
460.605107694,0,1
460.734345658,0,0
460.734347600,1,0
460.863585694,1,1
460.863587478,0,1
460.992825696,0,0
460.992827384,1,0
461.122064730,1,1
461.122067324,0,1
461.251305734,0,0
461.251306170,1,0
461.380544768,1,1
461.380546108,0,1
461.509784770,0,0
461.509785952,1,0
461.639023804,1,1
461.639025892,0,1
461.768263868,0,0
461.768265800,1,0
461.897504842,1,1
461.897505738,0,1
462.026775780,0,0
462.026776584,1,0
462.156014814,1,1
462.156016584,0,1
462.285254880,0,0
462.285256430,1,0
462.414493850,1,1
462.414495304,0,1
462.543764916,0,0
462.543766150,1,0
462.673004948,1,1
462.673006152,0,1
462.802243950,0,0
462.802245994,1,0
462.931513984,1,1
462.931515932,0,1
463.060783984,0,0
463.060786840,1,0
463.190024020,1,1
463.190026716,0,1
463.319265020,0,0
463.319266622,1,0
463.448506054,1,1
463.448506498,0,1
463.577743056,0,0
463.577745404,1,0
463.706983026,1,1
463.706985342,0,1
463.836253152,0,0
463.836256186,1,0
463.965494122,1,1
463.965496124,0,1
464.094734186,0,0
464.094736030,1,0
464.223974156,1,1
464.223975906,0,1
464.353214158,0,0
464.353215812,1,0
464.482454190,1,1
464.482455748,0,1
464.611694130,0,0
464.611695654,1,0
464.740934162,1,1
464.740935530,0,1
464.870203224,0,0
464.870205436,1,0
464.999444258,1,1
464.999445310,0,1
465.128683258,0,0
465.128685216,1,0
465.257923228,1,1
465.257925154,0,1
465.387163354,0,0
465.387165058,1,0
465.516403324,1,1
465.516404932,0,1
465.645643324,0,0
465.645644838,1,0
465.774883356,1,1
465.774884776,0,1
465.904124356,0,0
465.904124680,1,0
466.033361326,1,1
466.033363616,0,1
466.162601388,0,0
466.162603396,1,0
466.291842420,1,1
466.291843332,0,1
466.421081420,0,0
466.421083238,1,0
466.550321390,1,1
466.550323174,0,1
466.679561514,0,0
466.679563080,1,0
466.808800546,1,1
466.808802952,0,1
466.938041420,0,0
466.938042858,1,0
467.067281514,1,1
467.067282794,0,1
467.196520514,0,0
467.196522698,1,0
467.325760544,1,1
467.325762634,0,1
467.455000544,0,0
467.455002414,1,0
467.584240576,1,1
467.584242350,0,1
467.713480574,0,0
467.713482256,1,0
467.842719606,1,1
467.842722128,0,1
467.971960668,0,0
467.971962032,1,0
468.101198636,1,1
468.101201968,0,1
468.230439696,0,0
468.230440808,1,0
468.359678666,1,1
468.359680744,0,1
468.488918666,0,0
468.488920648,1,0
468.618189694,1,1
468.618191522,0,1
468.747428694,0,0
468.747431426,1,0
468.876669724,1,1
468.876671360,0,1
469.005909786,0,0
469.005911202,1,0
469.135149752,1,1
469.135151136,0,1
469.264388814,0,0
469.264391040,1,0
469.393628784,1,1
469.393630976,0,1
469.522867780,0,0
469.522869814,1,0
469.652107748,1,1
469.652109750,0,1
469.781347872,0,0
469.781349654,1,0
469.910587838,1,1
469.910589462,0,1
470.039827836,0,0
470.039829366,1,0
470.169067866,1,1
470.169069300,0,1
470.298307926,0,0
470.298309202,1,0
470.427547892,1,1
470.427549074,0,1
470.556786954,0,0
470.556788978,1,0
470.686027922,1,1
470.686028974,0,1
470.815266918,0,0
470.815268876,1,0
470.944506948,1,1
470.944508686,0,1
471.073747008,0,0
471.073748590,1,0
471.202986974,1,1
471.202988524,0,1
471.332226972,0,0
471.332228426,1,0
471.461466000,1,1
471.461468296,0,1
471.590737060,0,0
471.590738198,1,0
471.719975964,1,1
471.719978130,0,1
471.849216024,0,0
471.849217972,1,0
471.978457052,1,1
471.978457968,0,1
472.107695112,0,0
472.107697806,1,0
472.236935078,1,1
472.236937678,0,1
472.366175138,0,0
472.366177580,1,0
472.495415102,1,1
472.495417450,0,1
472.624655162,0,0
472.624657352,1,0
472.753895190,1,1
472.753897286,0,1
472.883135250,0,0
472.883136186,1,0
473.012374216,1,1
473.012376056,0,1
473.141614210,0,0
473.141615958,1,0
473.270855176,1,1
473.270855890,0,1
473.400095234,0,0
473.400095792,1,0
473.529334200,1,1
473.529335662,0,1
473.658574260,0,0
473.658575500,1,0
473.787814286,1,1
473.787815432,0,1
473.917053282,0,0
473.917055334,1,0
474.046293310,1,1
474.046295204,0,1
474.175533306,0,0
474.175535104,1,0
474.304773334,1,1
474.304775036,0,1
474.434012266,0,0
474.434014936,1,0
474.563253232,1,1
474.563254808,0,1
474.692493352,0,0
474.692494770,1,0
474.821733316,1,1
474.821734640,0,1
474.950972374,0,0
474.950974478,1,0
475.080212340,1,1
475.080214408,0,1
475.209451398,0,0
475.209453248,1,0
475.338722424,1,1
475.338724178,0,1
475.467962420,0,0
475.467964078,1,0
475.597201382,1,1
475.597203948,0,1
475.726441378,0,0
475.726443910,1,0
475.855682406,1,1
475.855683780,0,1
475.984922462,0,0
475.984923618,1,0
476.114161428,1,1
476.114163550,0,1
476.243402484,0,0
476.243403450,1,0
476.372670510,1,1
476.372673380,0,1
476.501912504,0,0
476.501913216,1,0
476.631151470,1,1
476.631153148,0,1
476.760391526,0,0
476.760393046,1,0
476.889631490,1,1
476.889632978,0,1
477.018871546,0,0
477.018872754,1,0
477.148111572,1,1
477.148112684,0,1
477.277351566,0,0
477.277352582,1,0
477.406590592,1,1
477.406592512,0,1
477.535829588,0,0
477.535831350,1,0
477.665069612,1,1
477.665071342,0,1
477.794308606,0,0
477.794311180,1,0
477.923610568,1,1
477.923612048,0,1
478.052820626,0,0
478.052821944,1,0
478.182059652,1,1
478.182061874,0,1
478.311299644,0,0
478.311301712,1,0
478.440540670,1,1
478.440541640,0,1
478.569780664,0,0
478.569781602,1,0
478.699017688,1,1
478.699020470,0,1
478.828258620,0,0
478.828260368,1,0
478.957499706,1,1
478.957500298,0,1
479.086738700,0,0
479.086740134,1,0
479.215978724,1,1
479.215980062,0,1
479.345217718,0,0
479.345219898,1,0
479.474457744,1,1
479.474459828,0,1
479.603696736,0,0
479.603699726,1,0
479.732937698,1,1
479.732939654,0,1
479.862177816,0,0
479.862179490,1,0
479.991418778,1,1
479.991419356,0,1
480.120656832,0,0
480.120659254,1,0
480.249896732,1,1
480.249899184,0,1
480.379136788,0,0
480.379139080,1,0
480.508377810,1,1
480.508379010,0,1
480.637617804,0,0
480.637618844,1,0
480.766856826,1,1
480.766858712,0,1
480.896097820,0,0
480.896098610,1,0
481.025335844,1,1
481.025337538,0,1
481.154575898,0,0
481.154577434,1,0
481.283815922,1,1
481.283817362,0,1
481.413055914,0,0
481.413057198,1,0
481.542295812,1,1
481.542297126,0,1
481.671534866,0,0
481.671537022,1,0
481.800774890,1,1
481.800776888,0,1
481.930014944,0,0
481.930016784,1,0
482.059255904,1,1
482.059256650,0,1
482.188494958,0,0
482.188496484,1,0
482.317733920,1,1
482.317736412,0,1
482.446973910,0,0
482.446976308,1,0
482.576214934,1,1
482.576216236,0,1
482.705454988,0,0
482.705456132,1,0
482.834724886,1,1
482.834726060,0,1
482.963965002,0,0
482.963965894,1,0
483.093204962,1,1
483.093205758,0,1
483.222442952,0,0
483.222445654,1,0
483.351681976,1,1
483.351685580,0,1
483.480924028,0,0
483.480925476,1,0
483.610164990,1,1
483.610165342,0,1
483.739404042,0,0
483.739405236,1,0
483.868673002,1,1
483.868675164,0,1
483.997912992,0,0
483.997915060,1,0
484.127154014,1,1
484.127154924,0,1
484.256393068,0,0
484.256394758,1,0
484.385664090,1,1
484.385665686,0,1
484.514872080,0,0
484.514874516,1,0
484.644112040,1,1
484.644114506,0,1
484.773382030,0,0
484.773384340,1,0
484.902592050,1,1
484.902594264,0,1
485.031833104,0,0
485.031834158,1,0
485.161072062,1,1
485.161074086,0,1
485.290311052,0,0
485.290313918,1,0
485.419552072,1,1
485.419553784,0,1
485.548792126,0,0
485.548793676,1,0
485.678031084,1,1
485.678032604,0,1
485.807271136,0,0
485.807272436,1,0
485.936510096,1,1
485.936512424,0,1
486.065750146,0,0
486.065752256,1,0
486.194990168,1,1
486.194992182,0,1
486.324231156,0,0
486.324232014,1,0
486.453470114,1,1
486.453472002,0,1
486.582710104,0,0
486.582711832,1,0
486.711950124,1,1
486.711951758,0,1
486.841189176,0,0
486.841191590,1,0
486.970429198,1,1
486.970431452,0,1
487.099669186,0,0
487.099671346,1,0
487.228910142,1,1
487.228911270,0,1
487.358150194,0,0
487.358151164,1,0
487.487390216,1,1
487.487391090,0,1
487.616658642,0,0
487.616660984,1,0
487.745899162,1,1
487.745900846,0,1
487.875140212,0,0
487.875140676,1,0
488.004379232,1,1
488.004380602,0,1
488.133619220,0,0
488.133620432,1,0
488.262858302,1,1
488.262860356,0,1
488.392098290,0,0
488.392100250,1,0
488.521338248,1,1
488.521340174,0,1
488.650578172,0,0
488.650580004,1,0
488.779818192,1,1
488.779819928,0,1
488.909058242,0,0
488.909059822,1,0
489.038298138,1,1
489.038299748,0,1
489.167536188,0,0
489.167538516,1,0
489.296776894,1,1
489.296778440,0,1
489.426016256,0,0
489.426018332,1,0
489.555256276,1,1
489.555258256,0,1
489.684496264,0,0
489.684498086,1,0
489.813736282,1,1
489.813738010,0,1
489.942976270,0,0
489.942977902,1,0
490.072217540,1,1
490.072217826,0,1
490.201455338,0,0
490.201457718,1,0
490.330696232,1,1
490.330697578,0,1
490.459936220,0,0
490.459937470,1,0
490.589175238,1,1
490.589177332,0,1
490.718416226,0,0
490.718417160,1,0
490.847654244,1,1
490.847657084,0,1
490.976895292,0,0
490.976897038,1,0
491.106135248,1,1
491.106136836,0,1
491.235376110,0,0
491.235376790,1,0
491.364644316,1,1
491.364646652,0,1
491.493885240,0,0
491.493886544,1,0
491.623153260,1,1
491.623156468,0,1
491.752395308,0,0
491.752396296,1,0
491.881634264,1,1
491.881636220,0,1
492.010875312,0,0
492.010876048,1,0
492.140113330,1,1
492.140115970,0,1
492.269353378,0,0
492.269355862,1,0
492.398594272,1,1
492.398595784,0,1
492.527834258,0,0
492.527835612,1,0
492.657074276,1,1
492.657075534,0,1
492.786313324,0,0
492.786315426,1,0
492.915553342,1,1
492.915555286,0,1
493.044792328,0,0
493.044795176,1,0
493.174032282,1,1
493.174035098,0,1
493.303273332,0,0
493.303274928,1,0
493.432512284,1,1
493.432514848,0,1
493.561753332,0,0
493.561754738,1,0
493.690993350,1,1
493.690994662,0,1
493.820232272,0,0
493.820233488,1,0
493.949471290,1,1
493.949473410,0,1
494.078712336,0,0
494.078713238,1,0
494.207952354,1,1
494.207953098,0,1
494.337191340,0,0
494.337192988,1,0
494.466432294,1,1
494.466432908,0,1
494.595670342,0,0
494.595672798,1,0
494.724911358,1,1
494.724912720,0,1
494.854151406,0,0
494.854152548,1,0
494.983391360,1,1
494.983392530,0,1
495.112631344,0,0
495.112632358,1,0
495.241870360,1,1
495.241872278,0,1
495.371140346,0,0
495.371142106,1,0
495.500380298,1,1
495.500382026,0,1
495.629621346,0,0
495.629621916,1,0
495.758860362,1,1
495.758861774,0,1
495.888099346,0,0
495.888101664,1,0
496.017339362,1,1
496.017341584,0,1
496.146579346,0,0
496.146581474,1,0
496.275819362,1,1
496.275821268,0,1
496.405060346,0,0
496.405061220,1,0
496.534299362,1,1
496.534301078,0,1
496.663539408,0,0
496.663540966,1,0
496.792778362,1,1
496.792780886,0,1
496.922048408,0,0
496.922050776,1,0
497.051288360,1,1
497.051290696,0,1
497.180529406,0,0
497.180530522,1,0
497.309769298,1,1
497.309770380,0,1
497.439009342,0,0
497.439010268,1,0
497.568278358,1,1
497.568280188,0,1
497.697517404,0,0
497.697520014,1,0
497.826759356,1,1
497.826759996,0,1
497.955997402,0,0
497.955999822,1,0
498.085239354,1,1
498.085239740,0,1
498.214477336,0,0
498.214479628,1,0
498.343717352,1,1
498.343719422,0,1
498.472957334,0,0
498.472959310,1,0
498.602197348,1,1
498.602199230,0,1
498.731438394,0,0
498.731439054,1,0
498.860677346,1,1
498.860679036,0,1
498.989918390,0,0
498.989918862,1,0
499.119185342,1,1
499.119188844,0,1
499.248427386,0,0
499.248428544,1,0
499.377668340,1,1
499.377668524,0,1
499.506907384,0,0
499.506908412,1,0
499.636145336,1,1
499.636148266,0,1
499.765386380,0,0
499.765388154,1,0
499.894626332,1,1
499.894628010,0,1
500.023866376,0,0
500.023867898,1,0
500.153136328,1,1
500.153137818,0,1
500.282346372,0,0
500.282347640,1,0
500.411585384,1,1
500.411587620,0,1
500.540825304,0,0
500.540827444,1,0
500.670065318,1,1
500.670067300,0,1
500.799304298,0,0
500.799306186,1,0
500.928544314,1,1
500.928546104,0,1
501.057784356,0,0
501.057785930,1,0
501.187023370,1,1
501.187025910,0,1
501.316264352,0,0
501.316265734,1,0
501.445504364,1,1
501.445505652,0,1
501.574743346,0,0
501.574745538,1,0
501.703984358,1,1
501.703985392,0,1
501.833223338,0,0
501.833225280,1,0
501.962463226,1,1
501.962465194,0,1
502.091733332,0,0
502.091734954,1,0
502.220973282,1,1
502.220974934,0,1
502.350213324,0,0
502.350214758,1,0
502.479453336,1,1
502.479454674,0,1
502.608693316,0,0
502.608694496,1,0
502.737933328,1,1
502.737934474,0,1
502.867172308,0,0
502.867174360,1,0
502.996413256,1,1
502.996414214,0,1
503.125653362,0,0
503.125654036,1,0
503.254893248,1,1
503.254893890,0,1
503.384131290,0,0
503.384133774,1,0
503.513372302,1,1
503.513373690,0,1
503.642612282,0,0
503.642613512,1,0
503.771852294,1,1
503.771853428,0,1
503.901092336,0,0
503.901093376,1,0
504.030332284,1,1
504.030333228,0,1
504.159571326,0,0
504.159573112,1,0
504.288810274,1,1
504.288812028,0,1
504.418050254,0,0
504.418051852,1,0
504.547289202,1,1
504.547291702,0,1
504.676529244,0,0
504.676531588,1,0
504.805769256,1,1
504.805771568,0,1
504.935009234,0,0
504.935011388,1,0
505.064249246,1,1
505.064251304,0,1
505.193489288,0,0
505.193491126,1,0
505.322729236,1,1
505.322731040,0,1
505.451968276,0,0
505.451970924,1,0
505.581210286,1,1
505.581210776,0,1
505.710450202,0,0
505.710450660,1,0
505.839689212,1,1
505.839690512,0,1
505.968929192,0,0
505.968930396,1,0
506.098168200,1,1
506.098170310,0,1
506.227409180,0,0
506.227410132,1,0
506.356648190,1,1
506.356650046,0,1
506.485888230,0,0
506.485888928,1,0
506.615157178,1,1
506.615159844,0,1
506.744399156,0,0
506.744399664,1,0
506.873638166,1,1
506.873639516,0,1
507.002877144,0,0
507.002879462,1,0
507.132118154,1,1
507.132119314,0,1
507.261358194,0,0
507.261359196,1,0
507.390658140,1,1
507.390660048,0,1
507.519867182,0,0
507.519868994,1,0
507.649108128,1,1
507.649108908,0,1
507.778348106,0,0
507.778348728,1,0
507.907587114,1,1
507.907588578,0,1
508.036827156,0,0
508.036828398,1,0
508.166067102,1,1
508.166068312,0,1
508.295306142,0,0
508.295308256,1,0
508.424546088,1,1
508.424548106,0,1
508.553785128,0,0
508.553787990,1,0
508.683026076,1,1
508.683027904,0,1
508.812265114,0,0
508.812267784,1,0
508.941504122,1,1
508.941506636,0,1
509.070744038,0,0
509.070746516,1,0
509.199984108,1,1
509.199986368,0,1
509.329225022,0,0
509.329226186,1,0
509.458465030,1,1
509.458466100,0,1
509.587704070,0,0
509.587705982,1,0
509.716943014,1,1
509.716945894,0,1
509.846183054,0,0
509.846185714,1,0
509.975424000,1,1
509.975425626,0,1
510.104665102,0,0
510.104665508,1,0
510.233903048,1,1
510.233905420,0,1
510.363174022,0,0
510.363175240,1,0
510.492412968,1,1
510.492415150,0,1
510.621653006,0,0
510.621654970,1,0
510.750893952,1,1
510.750894882,0,1
510.880133052,0,0
510.880134764,1,0
511.009373998,1,1
511.009374612,0,1
511.138612036,0,0
511.138614494,1,0
511.267851982,1,1
511.267854406,0,1
511.397091956,0,0
511.397094286,1,0
511.526332964,1,1
511.526334136,0,1
511.655572940,0,0
511.655573952,1,0
511.784810946,1,1
511.784813864,0,1
511.914050922,0,0
511.914053744,1,0
512.043290930,1,1
512.043293656,0,1
512.172530904,0,0
512.172533536,1,0
512.301769912,1,1
512.301772448,0,1
512.431009948,0,0
512.431012266,1,0
512.560249894,1,1
512.560252178,0,1
512.689489930,0,0
512.689491994,1,0
512.818729874,1,1
512.818731904,0,1
512.947969850,0,0
512.947971724,1,0
513.077241856,1,1
513.077242634,0,1
513.206480892,0,0
513.206482450,1,0
513.335750838,1,1
513.335752426,0,1
513.464989810,0,0
513.464992180,1,0
513.594229818,1,1
513.594232090,0,1
513.723470792,0,0
513.723471968,1,0
513.852709798,1,1
513.852711818,0,1
513.981979772,0,0
513.981981758,1,0
514.111220778,1,1
514.111221668,0,1
514.240459814,0,0
514.240461486,1,0
514.369730758,1,1
514.369732334,0,1
514.498971794,0,0
514.498972274,1,0
514.628211800,1,1
514.628212122,0,1
514.757448774,0,0
514.757451000,1,0
514.886688716,1,1
514.886690910,0,1
515.015928752,0,0
515.015930790,1,0
515.145169758,1,1
515.145170636,0,1
515.274409730,0,0
515.274410514,1,0
515.403647674,1,1
515.403650364,0,1
515.532889712,0,0
515.532890180,1,0
515.662127652,1,1
515.662130088,0,1
515.791368626,0,0
515.791370030,1,0
515.920607630,1,1
515.920609878,0,1
516.049847666,0,0
516.049849754,1,0
516.179087608,1,1
516.179089602,0,1
516.308326644,0,0
516.308329480,1,0
516.437567648,1,1
516.437569388,0,1
516.566836558,0,0
516.566839202,1,0
516.696077564,1,1
516.696079048,0,1
516.825317600,0,0
516.825318928,1,0
516.954557540,1,1
516.954558836,0,1
517.083826576,0,0
517.083829714,1,0
517.213067580,1,1
517.213068622,0,1
517.342306490,0,0
517.342308500,1,0
517.471546494,1,1
517.471548346,0,1
517.600786528,0,0
517.600788160,1,0
517.730026532,1,1
517.730028068,0,1
517.859266506,0,0
517.859267946,1,0
517.988506508,1,1
517.988507856,0,1
518.117776480,0,0
518.117778668,1,0
518.247018484,1,1
518.247018638,0,1
518.376286456,0,0
518.376288392,1,0
518.505526460,1,1
518.505528300,0,1
518.634765432,0,0
518.634768238,1,0
518.764006434,1,1
518.764008084,0,1
518.893246468,0,0
518.893247960,1,0
519.022485410,1,1
519.022487868,0,1
519.151726442,0,0
519.151727682,1,0
519.280966320,1,1
519.280967590,0,1
519.410205416,0,0
519.410207340,1,0
519.539444358,1,1
519.539446248,0,1
519.668684328,0,0
519.668686124,1,0
519.797924332,1,1
519.797926030,0,1
519.927164302,0,0
519.927165906,1,0
520.056403304,1,1
520.056405816,0,1
520.185643338,0,0
520.185645628,1,0
520.314884278,1,1
520.314885536,0,1
520.444123312,0,0
520.444125410,1,0
520.573363250,1,1
520.573365318,0,1
520.702603222,0,0
520.702605192,1,0
520.831843224,1,1
520.831845036,0,1
520.961083256,0,0
520.961084850,1,0
521.090323196,1,1
521.090324756,0,1
521.219562228,0,0
521.219564632,1,0
521.348802168,1,1
521.348804474,0,1
521.478043140,0,0
521.478044350,1,0
521.607283202,1,1
521.607284256,0,1
521.736522172,0,0
521.736524130,1,0
521.865792112,1,1
521.865793976,0,1
521.995032080,0,0
521.995033850,1,0
522.124272084,1,1
522.124273694,0,1
522.253512114,0,0
522.253513630,1,0
522.382782118,1,1
522.382783474,0,1
522.512022150,0,0
522.512023348,1,0
522.641262024,1,1
522.641263254,0,1
522.770501994,0,0
522.770503066,1,0
522.899741996,1,1
522.899742972,0,1
523.028980776,0,0
523.028982782,1,0
523.158220654,1,1
523.158222688,0,1
523.287460560,0,0
523.287462562,1,0
523.416700498,1,1
523.416702468,0,1
523.545939968,0,0
523.545942340,1,0
523.675181406,1,1
523.675182184,0,1
523.804419936,0,0
523.804422056,1,0
523.933659874,1,1
523.933661900,0,1
524.062899968,0,0
524.062901836,1,0
524.192137844,1,1
524.192140616,0,1
524.321377874,0,0
524.321380488,1,0
524.450618814,1,1
524.450620394,0,1
524.579858844,0,0
524.579860268,1,0
524.709097782,1,1
524.709100108,0,1
524.838368812,0,0
524.838371044,1,0
524.967638812,1,1
524.967640888,0,1
525.096878780,0,0
525.096880698,1,0
525.226119718,1,1
525.226120602,0,1
525.355358686,0,0
525.355360474,1,0
525.484597686,1,1
525.484600378,0,1
525.613837716,0,0
525.613840188,1,0
525.743078716,1,1
525.743080094,0,1
525.872346684,0,0
525.872349902,1,0
526.001588620,1,1
526.001589806,0,1
526.130828650,0,0
526.130829680,1,0
526.260067588,1,1
526.260069582,0,1
526.389307616,0,0
526.389309392,1,0
526.518547554,1,1
526.518549296,0,1
526.647818646,0,0
526.647819168,1,0
526.777057582,1,1
526.777059010,0,1
526.906297612,0,0
526.906298818,1,0
527.035536486,1,1
527.035538720,0,1
527.164808514,0,0
527.164809594,1,0
527.294047514,1,1
527.294049496,0,1
527.423287480,0,0
527.423289368,1,0
527.552527480,1,1
527.552529208,0,1
527.681766510,0,0
527.681769080,1,0
527.811006444,1,1
527.811007920,0,1
527.940245474,0,0
527.940247792,1,0
528.069486410,1,1
528.069487694,0,1
528.198725376,0,0
528.198727504,1,0
528.327965312,1,1
528.327967470,0,1
528.457205340,0,0
528.457207278,1,0
528.586475340,1,1
528.586478180,0,1
528.715715368,0,0
528.715717988,1,0
528.844955366,1,1
528.844957890,0,1
528.974195270,0,0
528.974196700,1,0
529.103434268,1,1
529.103436600,0,1
529.232674236,0,0
529.232676474,1,0
529.361914170,1,1
529.361916374,0,1
529.491155198,0,0
529.491156244,1,0
529.620424196,1,1
529.620427148,0,1
529.749666224,0,0
529.749666892,1,0
529.878904158,1,1
529.878906794,0,1
530.008145124,0,0
530.008146664,1,0
530.137384058,1,1
530.137385566,0,1
530.266624150,0,0
530.266625374,1,0
530.395865084,1,1
530.395865276,0,1
530.525104112,0,0
530.525105146,1,0
530.654343110,1,1
530.654344984,0,1
530.783583076,0,0
530.783584856,1,0
530.912822008,1,1
530.912824758,0,1
531.042063036,0,0
531.042064626,1,0
531.171303034,1,1
531.171304466,0,1
531.300542000,0,0
531.300544336,1,0
531.429781934,1,1
531.429784174,0,1
531.559051960,0,0
531.559054042,1,0
531.688291958,1,1
531.688293944,0,1
531.817531922,0,0
531.817533812,1,0
531.946771918,1,1
531.946773714,0,1
532.076011884,0,0
532.076013460,1,0
532.205251880,1,1
532.205253360,0,1
532.334490844,0,0
532.334493230,1,0
532.463731778,1,1
532.463733130,0,1
532.592970804,0,0
532.592972998,1,0
532.722210738,1,1
532.722212898,0,1
532.851449764,0,0
532.851452706,1,0
532.980690762,1,1
532.980692606,0,1
533.109930724,0,0
533.109932474,1,0
533.239171722,1,1
533.239172312,0,1
533.368439684,0,0
533.368442182,1,0
533.497680618,1,1
533.497682018,0,1
533.626920644,0,0
533.626921888,1,0
533.756160576,1,1
533.756161786,0,1
533.885399604,0,0
533.885401592,1,0
534.014639600,1,1
534.014641492,0,1
534.143880624,0,0
534.143881360,1,0
534.273119558,1,1
534.273121198,0,1
534.402360522,0,0
534.402361128,1,0
534.531599516,1,1
534.531600902,0,1
534.660839544,0,0
534.660840772,1,0
534.790078474,1,1
534.790079670,0,1
534.919317438,0,0
534.919319538,1,0
535.048557432,1,1
535.048559436,0,1
535.177798396,0,0
535.177799304,1,0
535.307037392,1,1
535.307039202,0,1
535.436277416,0,0
535.436278946,1,0
535.565517348,1,1
535.565518846,0,1
535.694756310,0,0
535.694758776,1,0
535.823997368,1,1
535.823998550,0,1
535.953237330,0,0
535.953238480,1,0
536.082507264,1,1
536.082508316,0,1
536.211717226,0,0
536.211718120,1,0
536.340956220,1,1
536.340958018,0,1
536.470197182,0,0
536.470197886,1,0
536.599434178,1,1
536.599437722,0,1
536.728676202,0,0
536.728677588,1,0
536.857916134,1,1
536.857917486,0,1
536.987155156,0,0
536.987157352,1,0
537.116425088,1,1
537.116427190,0,1
537.245665050,0,0
537.245667056,1,0
537.374905044,1,1
537.374906954,0,1
537.504145068,0,0
537.504146820,1,0
537.633386000,1,1
537.633386656,0,1
537.762625024,0,0
537.762626524,1,0
537.891864954,1,1
537.891866420,0,1
538.021104978,0,0
538.021106286,1,0
538.150344972,1,1
538.150346182,0,1
538.279582932,0,0
538.279584924,1,0
538.408823926,1,1
538.408824822,0,1
538.538061888,0,0
538.538064688,1,0
538.667302880,1,1
538.667304524,0,1
538.796542842,0,0
538.796544450,1,0
538.925782772,1,1
538.925784284,0,1
539.055022796,0,0
539.055024150,1,0
539.184262726,1,1
539.184264050,0,1
539.313501750,0,0
539.313503852,1,0
539.442741744,1,1
539.442743750,0,1
539.571981704,0,0
539.571983552,1,0
539.701222696,1,1
539.701223450,0,1
539.830462656,0,0
539.830463252,1,0
539.959700650,1,1
539.959703212,0,1
540.088971610,0,0
540.088973012,1,0
540.218211602,1,1
540.218212910,0,1
540.347449624,0,0
540.347452776,1,0
540.476691556,1,1
540.476692672,0,1
540.605930576,0,0
540.605932474,1,0
540.735170570,1,1
540.735172370,0,1
540.864439468,0,0
540.864442234,1,0
540.993680458,1,1
540.993682130,0,1
541.122919418,0,0
541.122921932,1,0
541.252160410,1,1
541.252161766,0,1
541.381400432,0,0
541.381401692,1,0
541.510639362,1,1
541.510641588,0,1
541.639879384,0,0
541.639881330,1,0
541.769120376,1,1
541.769121226,0,1
541.898389272,0,0
541.898391088,1,0
542.027629264,1,1
542.027630984,0,1
542.156868286,0,0
542.156870786,1,0
542.286109276,1,1
542.286110680,0,1
542.415348236,0,0
542.415350546,1,0
542.544589226,1,1
542.544590378,0,1
542.673828248,0,0
542.673830244,1,0
542.803069114,1,1
542.803070076,0,1
542.932338138,0,0
542.932339940,1,0
543.061578064,1,1
543.061579834,0,1
543.190817086,0,0
543.190819698,1,0
543.320058012,1,1
543.320059592,0,1
543.449298034,0,0
543.449299456,1,0
543.578536962,1,1
543.578539226,0,1
543.707777984,0,0
543.707779088,1,0
543.837047974,1,1
543.837049984,0,1
543.966287932,0,0
543.966289848,1,0
544.095526922,1,1
544.095529742,0,1
544.224765880,0,0
544.224768604,1,0
544.354005870,1,1
544.354008436,0,1
544.483246828,0,0
544.483248300,1,0
544.612486818,1,1
544.612488134,0,1
544.741726776,0,0
544.741727994,1,0
544.870965766,1,1
544.870967828,0,1
545.000205724,0,0
545.000207750,1,0
545.129445652,1,1
545.129447520,0,1
545.258685734,0,0
545.258687446,1,0
545.387925662,1,1
545.387927278,0,1
545.517165620,0,0
545.517167140,1,0
545.646405608,1,1
545.646407034,0,1
545.775645628,0,0
545.775646834,1,0
545.904884616,1,1
545.904886664,0,1
546.034124574,0,0
546.034126526,1,0
546.163365438,1,1
546.163366420,0,1
546.292604458,0,0
546.292606282,1,0
546.421844386,1,1
546.421845176,0,1
546.551082404,0,0
546.551084976,1,0
546.680323394,1,1
546.680324868,0,1
546.809563414,0,0
546.809564730,1,0
546.938803340,1,1
546.938804622,0,1
547.068043358,0,0
547.068044422,1,0
547.197282346,1,1
547.197284314,0,1
547.326522304,0,0
547.326524114,1,0
547.455763230,1,1
547.455764008,0,1
547.585002248,0,0
547.585003808,1,0
547.714242174,1,1
547.714243700,0,1
547.843480130,0,0
547.843483560,1,0
547.972722118,1,1
547.972723454,0,1
548.101961138,0,0
548.101963314,1,0
548.231202064,1,1
548.231203206,0,1
548.360442082,0,0
548.360443006,1,0
548.489682070,1,1
548.489682898,0,1
548.618951026,0,0
548.618952696,1,0
548.748190952,1,1
548.748192588,0,1
548.877430970,0,0
548.877432450,1,0
549.006669896,1,1
549.006672280,0,1
549.135910912,0,0
549.135912202,1,0
549.265148838,1,1
549.265152032,0,1
549.394390858,0,0
549.394391892,1,0
549.523629844,1,1
549.523631722,0,1
549.652869864,0,0
549.652871520,1,0
549.782108788,1,1
549.782111412,0,1
549.911348680,0,0
549.911350272,1,0
550.040588668,1,1
550.040590162,0,1
550.169827684,0,0
550.169829960,1,0
550.299067610,1,1
550.299069852,0,1
550.428307626,0,0
550.428309712,1,0
550.557579614,1,1
550.557580604,0,1
550.686819570,0,0
550.686820464,1,0
550.816058556,1,1
550.816060292,0,1
550.945299512,0,0
550.945300152,1,0
551.074537434,1,1
551.074538980,0,1
551.203778452,0,0
551.203778840,1,0
551.333017378,1,1
551.333018732,0,1
551.462289396,0,0
551.462289530,1,0
551.591528380,1,1
551.591529420,0,1
551.720767398,0,0
551.720769280,1,0
551.850006320,1,1
551.850009108,0,1
551.979247276,0,0
551.979248966,1,0
552.108488198,1,1
552.108488858,0,1
552.237726216,0,0
552.237727716,1,0
552.366997202,1,1
552.366998608,0,1
552.496237220,0,0
552.496238404,1,0
552.625477204,1,1
552.625478232,0,1
552.754716160,0,0
552.754718092,1,0
552.883956020,1,1
552.883957982,0,1
553.013196036,0,0
553.013197778,1,0
553.142434960,1,1
553.142437668,0,1
553.271674976,0,0
553.271677526,1,0
553.400914962,1,1
553.400916354,0,1
553.530154978,0,0
553.530156212,1,0
553.659394902,1,1
553.659396164,0,1
553.788633854,0,0
553.788635960,1,0
553.917873840,1,1
553.917875850,0,1
554.047113856,0,0
554.047115646,1,0
554.176353842,1,1
554.176355472,0,1
554.305594732,0,0
554.305595330,1,0
554.434833718,1,1
554.434835220,0,1
554.564073670,0,0
554.564075080,1,0
554.693313656,1,1
554.693314908,0,1
554.822553610,0,0
554.822554766,1,0
554.951793594,1,1
554.951794654,0,1
555.081033608,0,0
555.081034512,1,0
555.210272594,1,1
555.210274338,0,1
555.339542484,0,0
555.339544196,1,0
555.468782468,1,1
555.468784084,0,1
555.598021734,0,0
555.598023880,1,0
555.727262406,1,1
555.727263770,0,1
555.856502422,0,0
555.856503626,1,0
555.985742406,1,1
555.985743516,0,1
556.115010358,0,0
556.115013246,1,0
556.244250842,1,1
556.244253198,0,1
556.373491732,0,0
556.373492992,1,0
556.502731654,1,1
556.502732880,0,1
556.631971608,0,0
556.631972738,1,0
556.761210152,1,1
556.761212564,0,1
556.890450168,0,0
556.890452484,1,0
557.019690090,1,1
557.019692308,0,1
557.148931228,0,0
557.148932166,1,0
557.278171150,1,1
557.278171992,0,1
557.407410038,0,0
557.407411786,1,0
557.536649960,1,1
557.536651736,0,1
557.665889850,0,0
557.665891530,1,0
557.795129770,1,1
557.795131418,0,1
557.924367972,0,0
557.924371274,1,0
558.053608830,1,1
558.053610098,0,1
558.182847844,0,0
558.182849954,1,0
558.312087766,1,1
558.312089842,0,1
558.441359778,0,0
558.441360636,1,0
558.570599760,1,1
558.570600522,0,1
558.699838712,0,0
558.699840316,1,0
558.829078694,1,1
558.829080204,0,1
558.958318646,0,0
558.958320060,1,0
559.087587566,1,1
559.087589946,0,1
559.216828580,0,0
559.216829802,1,0
559.346067562,1,1
559.346069626,0,1
559.475307576,0,0
559.475309420,1,0
559.604547496,1,1
559.604549308,0,1
559.733787448,0,0
559.733789162,1,0
559.863056366,1,1
559.863059048,0,1
559.992297380,0,0
559.992298840,1,0
560.121536364,1,1
560.121538728,0,1
560.250777312,0,0
560.250778584,1,0
560.380016296,1,1
560.380018406,0,1
560.509256308,0,0
560.509258200,1,0
560.638496228,1,1
560.638498088,0,1
560.767737240,0,0
560.767738004,1,0
560.896976222,1,1
560.896977828,0,1
561.026216110,0,0
561.026217682,1,0
561.155456092,1,1
561.155457568,0,1
561.284695042,0,0
561.284697360,1,0
561.413936024,1,1
561.413937246,0,1
561.543174972,0,0
561.543177100,1,0
561.672412954,1,1
561.672415924,0,1
561.801652966,0,0
561.801655778,1,0
561.930893886,1,1
561.930895600,0,1
562.060163836,0,0
562.060166456,1,0
562.189404816,1,1
562.189406340,0,1
562.318643828,0,0
562.318646194,1,0
562.447883748,1,1
562.447886018,0,1
562.577124758,0,0
562.577125872,1,0
562.706364678,1,1
562.706365694,0,1
562.835602690,0,0
562.835604548,1,0
562.964843608,1,1
562.964844370,0,1
563.094081620,0,0
563.094084224,1,0
563.223322602,1,1
563.223324110,0,1
563.352561488,0,0
563.352563962,1,0
563.481802468,1,1
563.481803786,0,1
563.611043480,0,0
563.611043702,1,0
563.740313460,1,1
563.740314462,0,1
563.869582472,0,0
563.869584376,1,0
563.998822326,1,1
563.998824262,0,1
564.128062338,0,0
564.128064054,1,0
564.257303256,1,1
564.257303938,0,1
564.386541266,0,0
564.386543790,1,0
564.515781246,1,1
564.515783612,0,1
564.645022194,0,0
564.645023528,1,0
564.774261176,1,1
564.774263350,0,1
564.903501186,0,0
564.903503078,1,0
565.032741104,1,1
565.032743024,0,1
565.161980052,0,0
565.161981814,1,0
565.291220032,1,1
565.291221698,0,1
565.420459980,0,0
565.420461550,1,0
565.549698896,1,1
565.549701434,0,1
565.678938906,0,0
565.678941224,1,0
565.808179886,1,1
565.808181108,0,1
565.937419834,0,0
565.937420960,1,0
566.066657814,1,1
566.066660782,0,1
566.195928824,0,0
566.195931636,1,0
566.325169680,1,1
566.325170456,0,1
566.454409690,0,0
566.454410370,1,0
566.583679668,1,1
566.583681256,0,1
566.712919678,0,0
566.712920982,1,0
566.842159596,1,1
566.842160866,0,1
566.971398606,0,0
566.971400718,1,0
567.100638522,1,1
567.100640602,0,1
567.229879532,0,0
567.229880452,1,0
567.359119386,1,1
567.359120274,0,1
567.488357396,0,0
567.488359124,1,0
567.617627374,1,1
567.617630006,0,1
567.746868322,0,0
567.746869736,1,0
567.876109300,1,1
567.876109682,0,1
568.005348310,0,0
568.005349470,1,0
568.134587288,1,1
568.134589352,0,1
568.263827234,0,0
568.263829204,1,0
568.393067152,1,1
568.393069088,0,1
568.522307098,0,0
568.522308876,1,0
568.651547076,1,1
568.651548758,0,1
568.780786086,0,0
568.780787610,1,0
568.910026000,1,1
568.910027428,0,1
569.039264948,0,0
569.039267280,1,0
569.168504926,1,1
569.168507100,0,1
569.297744934,0,0
569.297746952,1,0
569.426984912,1,1
569.426986834,0,1
569.556224858,0,0
569.556226684,1,0
569.685463776,1,1
569.685466504,0,1
569.814703784,0,0
569.814706354,1,0
569.943943698,1,1
569.943946236,0,1
570.073184708,0,0
570.073186088,1,0
570.202424622,1,1
570.202425908,0,1
570.331664632,0,0
570.331665758,1,0
570.460904608,1,1
570.460905576,0,1
570.590173616,0,0
570.590175490,1,0
570.719444470,1,1
570.719446310,0,1
570.848684478,0,0
570.848686160,1,0
570.977924392,1,1
570.977926042,0,1
571.107163400,0,0
571.107164830,1,0
571.236403316,1,1
571.236404648,0,1
571.365672324,0,0
571.365675500,1,0
571.494914238,1,1
571.494915380,0,1
571.624155230,1,1
571.624155250,1,0
571.753394160,1,1
571.753395110,0,1
571.882633168,0,0
571.882634962,1,0
572.011874146,1,1
572.011874716,0,1
572.141113090,0,0
572.141114566,1,0
572.270352068,1,1
572.270353448,0,1
572.399622012,0,0
572.399624234,1,0
572.528862926,1,1
572.528864178,0,1
572.658100996,0,0
572.658103966,1,0
572.787341848,1,1
572.787343784,0,1
572.916581856,0,0
572.916583696,1,0
573.045820832,1,1
573.045823514,0,1
573.175060838,0,0
573.175063362,1,0
573.304299752,1,1
573.304303180,0,1
573.433539760,0,0
573.433542030,1,0
573.562780736,1,1
573.562781848,0,1
573.692019618,0,0
573.692021760,1,0
573.821259532,1,1
573.821261576,0,1
573.950498538,0,0
573.950501426,1,0
574.079739516,1,1
574.079741306,0,1
574.208980522,0,0
574.208981154,1,0
574.338249498,1,1
574.338251974,0,1
574.467489442,0,0
574.467491760,1,0
574.596729418,1,1
574.596730640,0,1
574.725969362,0,0
574.725970488,1,0
574.855209276,1,1
574.855210368,0,1
574.984449282,0,0
574.984450216,1,0
575.113719258,1,1
575.113721034,0,1
575.242960202,0,0
575.242960882,1,0
575.372198178,1,1
575.372200700,0,1
575.501439122,0,0
575.501440548,1,0
575.630679034,1,1
575.630680428,0,1
575.759918040,0,0
575.759919276,1,0
575.889157952,1,1
575.889159092,0,1
576.018395958,0,0
576.018399002,1,0
576.147637872,1,1
576.147638820,0,1
576.276877876,0,0
576.276878604,1,0
576.406116852,1,1
576.406118484,0,1
576.535355796,0,0
576.535358268,1,0
576.664596770,1,1
576.664598148,0,1
576.793835712,0,0
576.793837996,1,0
576.923075688,1,1
576.923077812,0,1
577.052314630,0,0
577.052317722,1,0
577.181555542,1,1
577.181557538,0,1
577.310795548,0,0
577.310797384,1,0
577.440035522,1,1
577.440037264,0,1
577.569304464,0,0
577.569306986,1,0
577.698544440,1,1
577.698546864,0,1
577.827786444,0,0
577.827786774,1,0
577.956690418,1,1
577.956690590,0,1
578.085654360,0,0
578.085656500,1,0
578.214619272,1,1
578.214621316,0,1
578.343584278,0,0
578.343586100,1,0
578.472549190,1,1
578.472550976,0,1
578.601514196,0,0
578.601516826,1,0
578.730479170,1,1
578.730481702,0,1
578.859446112,0,0
578.859446550,1,0
578.988502022,1,1
578.988503366,0,1
579.117558088,0,0
579.117560148,1,0
579.246614938,1,1
579.246617088,0,1
579.375671942,0,0
579.375673934,1,0
579.504729980,1,1
579.504730750,0,1
579.633783920,0,0
579.633786596,1,0
579.762841896,1,1
579.762843474,0,1
579.891897836,0,0
579.891900322,1,0
580.020955810,1,1
580.020957198,0,1
580.150012752,0,0
580.150013980,1,0
580.279069662,1,1
580.279070858,0,1
580.408124666,0,0
580.408126642,1,0
580.537181578,1,1
580.537183518,0,1
580.666237582,0,0
580.666240426,1,0
580.795295616,1,1
580.795297242,0,1
580.924351494,0,0
580.924354088,1,0
581.053409468,1,1
581.053410902,0,1
581.182465472,0,0
581.182466748,1,0
581.311521382,1,1
581.311523562,0,1
581.440577386,0,0
581.440580408,1,0
581.569665358,1,1
581.569667284,0,1
581.698722300,0,0
581.698724128,1,0
581.827780272,1,1
581.827781006,0,1
581.956836276,0,0
581.956837788,1,0
582.085893124,1,1
582.085894664,0,1
582.214949128,0,0
582.214951448,1,0
582.344005100,1,1
582.344007324,0,1
582.473064040,0,0
582.473064168,1,0
582.602119012,1,1
582.602121046,0,1
582.731176952,0,0
582.731177890,1,0
582.860232924,1,1
582.860234640,0,1
582.989289864,0,0
582.989291548,1,0
583.118376900,1,1
583.118378360,0,1
583.247463838,0,0
583.247465268,1,0
583.376520810,1,1
583.376522082,0,1
583.505577750,0,0
583.505578926,1,0
583.634633660,1,1
583.634635802,0,1
583.763721662,0,0
583.763722644,1,0
583.892777634,1,1
583.892779458,0,1
584.021835574,0,0
584.021836304,1,0
584.150892484,1,1
584.150893116,0,1
584.279949486,0,0
584.279949960,1,0
584.409003456,1,1
584.409005898,0,1
584.538060460,0,0
584.538062616,1,0
584.667148368,1,1
584.667150556,0,1
584.796205370,0,0
584.796206400,1,0
584.925260278,1,1
584.925263212,0,1
585.054317280,0,0
585.054319992,1,0
585.183375188,1,1
585.183376928,0,1
585.312431190,0,0
585.312433710,1,0
585.441488100,1,1
585.441490586,0,1
585.570545102,0,0
585.570547430,1,0
585.699602072,1,1
585.699603242,0,1
585.828658010,0,0
585.828660086,1,0
585.957715982,1,1
585.957716898,0,1
586.086770920,0,0
586.086773802,1,0
586.215828892,1,1
586.215830678,0,1
586.344885830,0,0
586.344887458,1,0
586.473941802,1,1
586.473943332,0,1
586.602998738,0,0
586.603000114,1,0
586.732055710,1,1
586.732057050,0,1
586.861112650,0,0
586.861113894,1,0
586.990169682,1,1
586.990170644,0,1
587.119255620,0,0
587.119257548,1,0
587.248313528,1,1
587.248314358,0,1
587.377369528,0,0
587.377371202,1,0
587.506426498,1,1
587.506428076,0,1
587.635482374,0,0
587.635483856,1,0
587.764538406,1,1
587.764540668,0,1
587.893688344,0,0
587.893689574,1,0
588.022836316,1,1
588.022837384,0,1
588.151984252,0,0
588.151985290,1,0
588.281132224,1,1
588.281134100,0,1
588.410280224,0,0
588.410281880,1,0
588.539458066,1,1
588.539460816,0,1
588.668607130,0,0
588.668609532,1,0
588.797756100,1,1
588.797757470,0,1
588.926903036,0,0
588.926905312,1,0
589.056051944,1,1
589.056054184,0,1
589.185199944,0,0
589.185201900,1,0
589.314348038,1,1
589.314349838,0,1
589.443495414,0,0
589.443498678,1,0
589.572645820,1,1
589.572646490,0,1
589.701793132,0,0
589.701795270,1,0
589.830941664,1,1
589.830943204,0,1
589.960090600,0,0
589.960091046,1,0
590.089267570,1,1
590.089269856,0,1
590.218417068,0,0
590.218418698,1,0
590.347564350,1,1
590.347566506,0,1
590.476714476,0,0
590.476715350,1,0
590.605862444,1,1
590.605863220,0,1
590.735009380,0,0
590.735011000,1,0
590.864188286,1,1
590.864189936,0,1
590.993337662,0,0
590.993338716,1,0
591.122486254,1,1
591.122486586,0,1
591.251633256,0,0
591.251634430,1,0
591.380782660,1,1
591.380783238,0,1
591.509930034,0,0
591.509931016,1,0
591.639078064,1,1
591.639079950,0,1
591.768226062,0,0
591.768227792,1,0
591.897373968,1,1
591.897375600,0,1
592.026522968,0,0
592.026524442,1,0
592.155670934,1,1
592.155672250,0,1
592.284816934,0,0
592.284820154,1,0
592.413966776,1,1
592.413969024,0,1
592.543115774,0,0
592.543116804,1,0
592.672263742,1,1
592.672265674,0,1
592.801412678,0,0
592.801413514,1,0
592.930559584,1,1
592.930561386,0,1
593.059708580,0,0
593.059710164,1,0
593.188855548,1,1
593.188857972,0,1
593.318004546,0,0
593.318006876,1,0
593.447152452,1,1
593.447154746,0,1
593.576301386,0,0
593.576302524,1,0
593.705449354,1,1
593.705451332,0,1
593.834628290,0,0
593.834630234,1,0
593.963775256,1,1
593.963778044,0,1
594.092924254,0,0
594.092925884,1,0
594.222074222,1,1
594.222074756,0,1
594.351221156,0,0
594.351222594,1,0
594.480370124,1,1
594.480371404,0,1
594.609518058,0,0
594.609519180,1,0
594.738664962,1,1
594.738667050,0,1
594.867843960,0,0
594.867845890,1,0
594.996993926,1,1
594.996994760,0,1
595.126141922,0,0
595.126142600,1,0
595.255288766,1,1
595.255291408,0,1
595.384437762,0,0
595.384439184,1,0
595.513585728,1,1
595.513587054,0,1
595.642734726,0,0
595.642735956,1,0
595.771882630,1,1
595.771883764,0,1
595.901030562,0,0
595.901031604,1,0
596.030179592,1,1
596.030180410,0,1
596.159325526,0,0
596.159328250,1,0
596.288475430,1,1
596.288477118,0,1
596.417623426,0,0
596.417624958,1,0
596.546771392,1,1
596.546772764,0,1
596.675918326,0,0
596.675921604,1,0
596.805067230,1,1
596.805069476,0,1
596.934216226,0,0
596.934218250,1,0
597.063364192,1,1
597.063366120,0,1
597.192542126,0,0
597.192545020,1,0
597.321691092,1,1
597.321692766,0,1
597.450839024,0,0
597.450841604,1,0
597.579986992,1,1
597.579989536,0,1
597.709135924,0,0
597.709137310,1,0
597.838313890,1,1
597.838316116,0,1
597.967462886,0,0
597.967465018,1,0
598.096610788,1,1
598.096612826,0,1
598.225759722,0,0
598.225761600,1,0
598.354907688,1,1
598.354909470,0,1
598.484056682,0,0
598.484057370,1,0
598.613233586,1,1
598.613236114,0,1
598.742383582,0,0
598.742385016,1,0
598.871530486,1,1
598.871532886,0,1
599.000680416,0,0
599.000680596,1,0
599.129827382,1,1
599.129829466,0,1
599.258975378,0,0
599.258977366,1,0
599.388124280,1,1
599.388126172,0,1
599.517273274,0,0
599.517273948,1,0
599.646420240,1,1
599.646421878,0,1
599.775570174,0,0
599.775570654,1,0
599.904716076,1,1
599.904718520,0,1
600.033866070,0,0
600.033867296,1,0
600.163014036,1,1
600.163015164,0,1
600.292161966,0,0
600.292163002,1,0
600.421308870,1,1
600.421311870,0,1
600.550457864,0,0
600.550459646,1,0
600.679604830,1,1
600.679607512,0,1
600.808754824,0,0
600.808756350,1,0
600.937902726,1,1
600.937904216,0,1
601.067051658,0,0
601.067052992,1,0
601.196229620,1,1
601.196231860,0,1
601.325377616,0,0
601.325379696,1,0
601.454525516,1,1
601.454527502,0,1
601.583674512,0,0
601.583676338,1,0
601.712822476,1,1
601.712824206,0,1
601.841970344,0,0
601.841973042,1,0
601.971119310,1,1
601.971120848,0,1
602.100266304,0,0
602.100268684,1,0
602.229415266,1,1
602.229417552,0,1
602.358563198,0,0
602.358565386,1,0
602.487711162,1,1
602.487713192,0,1
602.616890156,0,0
602.616892028,1,0
602.746069056,1,1
602.746070832,0,1
602.875218050,0,0
602.875219668,1,0
603.004365950,1,1
603.004367536,0,1
603.133513882,0,0
603.133515372,1,0
603.262662846,1,1
603.262664176,0,1
603.391809840,0,0
603.391812014,1,0
603.520958740,1,1
603.520960880,0,1
603.650106734,0,0
603.650108778,1,0
603.779254634,1,1
603.779256520,0,1
603.908404626,0,0
603.908405354,1,0
604.037552590,1,1
604.037553222,0,1
604.166700460,0,0
604.166702056,1,0
604.295847420,1,1
604.295849862,0,1
604.424995414,0,0
604.424997698,1,0
604.554144378,1,1
604.554146564,0,1
604.683293308,0,0
604.683294400,1,0
604.812441270,1,1
604.812443202,0,1
604.941589202,0,0
604.941591040,1,0
605.070737164,1,1
605.070738904,0,1
605.199885094,0,0
605.199887740,1,0
605.329034056,1,1
605.329035482,0,1
605.458181050,0,0
605.458183380,1,0
605.587330010,1,1
605.587332182,0,1
605.716477880,0,0
605.716480018,1,0
605.845625842,1,1
605.845628882,0,1
605.974774834,0,0
605.974776718,1,0
606.103923796,1,1
606.103924584,0,1
606.233070726,0,0
606.233073356,1,0
606.362250688,1,1
606.362252222,0,1
606.491489618,0,0
606.491491996,1,0
606.620667518,1,1
606.620670924,0,1
606.749816508,0,0
606.749818694,1,0
606.878965472,1,1
606.878966560,0,1
607.008112338,0,0
607.008115396,1,0
607.137261362,1,1
607.137263198,0,1
607.266410292,0,0
607.266412032,1,0
607.395558254,1,1
607.395559898,0,1
607.524706184,0,0
607.524707668,1,0
607.653855082,1,1
607.653856536,0,1
607.783002074,0,0
607.783004368,1,0
607.912150036,1,1
607.912152172,0,1
608.041329030,0,0
608.041331008,1,0
608.170447926,1,1
608.170448808,0,1
608.299596918,0,0
608.299597704,1,0
608.428742880,1,1
608.428745508,0,1
608.557892746,0,0
608.557893340,1,0
608.687039708,1,1
608.687042206,0,1
608.816188698,0,0
608.816190040,1,0
608.945336660,1,1
608.945338844,0,1
609.074485526,0,0
609.074486676,1,0
609.203632550,1,1
609.203634542,0,1
609.332781478,0,0
609.332783312,1,0
609.461929440,1,1
609.461931178,0,1
609.591108306,0,0
609.591109948,1,0
609.720256330,1,1
609.720257874,0,1
609.849404320,0,0
609.849406646,1,0
609.978552156,1,1
609.978554572,0,1
610.107701146,0,0
610.107703282,1,0
610.236849108,1,1
610.236851146,0,1
610.365996100,0,0
610.365998978,1,0
610.495145996,1,1
610.495147844,0,1
610.624294926,0,0
610.624295614,1,0
610.753442886,1,1
610.753444480,0,1
610.882590878,0,0
610.882592310,1,0
611.011738774,1,1
611.011740238,0,1
611.140887704,0,0
611.140888946,1,0
611.270035662,1,1
611.270036812,0,1
611.399183652,0,0
611.399185642,1,0
611.528332552,1,1
611.528333568,0,1
611.657479542,0,0
611.657481276,1,0
611.786628502,1,1
611.786630142,0,1
611.915776430,0,0
611.915777974,1,0
612.044924328,1,1
612.044926838,0,1
612.174072318,0,0
612.174074608,1,0
612.303220278,1,1
612.303222472,0,1
612.432369268,0,0
612.432371304,1,0
612.561518102,1,1
612.561519168,0,1
612.690665092,0,0
612.690666938,1,0
612.819814052,1,1
612.819815802,0,1
612.948961042,0,0
612.948963570,1,0
613.078110938,1,1
613.078112498,0,1
613.207259928,0,0
613.207260204,1,0
613.336437888,1,1
613.336439130,0,1
613.465584754,0,0
613.465586962,1,0
613.594733714,1,1
613.594735762,0,1
613.723881702,0,0
613.723883594,1,0
613.853030662,1,1
613.853031458,0,1
613.982179590,0,0
613.982180290,1,0
614.111326548,1,1
614.111328092,0,1
614.240476538,0,0
614.240476922,1,0
614.369653372,1,1
614.369655784,0,1
614.498802362,0,0
614.498803554,1,0
614.627949320,1,1
614.627951354,0,1
614.757098310,0,0
614.757100248,1,0
614.886247206,1,1
614.886248112,0,1
615.015395134,0,0
615.015396880,1,0
615.144543092,1,1
615.144544744,0,1
615.273690082,0,0
615.273692514,1,0
615.402839916,1,1
615.402841438,0,1
615.531987968,0,0
615.531989206,1,0
615.661134866,1,1
615.661137070,0,1
615.790314790,0,0
615.790315900,1,0
615.919462812,1,1
615.919464700,0,1
616.048610676,0,0
616.048612534,1,0
616.177758696,1,1
616.177761332,0,1
616.306907622,0,0
616.306909226,1,0
616.436055520,1,1
616.436056964,0,1
616.565204508,0,0
616.565205856,1,0
616.694351466,1,1
616.694353720,0,1
616.823501392,0,0
616.823502486,1,0
616.952650288,0,0
616.952650352,0,1
617.081796276,0,0
617.081798180,1,0
617.210947042,0,0
617.210947236,0,1
617.340093162,0,0
617.340094810,1,0
617.469240120,1,1
617.469242610,0,1
617.598388046,0,0
617.598391440,1,0
617.727537004,1,1
617.727539366,0,1
617.856686930,0,0
617.856688132,1,0
617.985834826,1,1
617.985835932,0,1
618.115012876,0,0
618.115014826,1,0
618.244160710,1,1
618.244162686,0,1
618.373309698,0,0
618.373311392,1,0
618.502457654,1,1
618.502459316,0,1
618.631606644,0,0
618.631608146,1,0
618.760754476,1,1
618.760756008,0,1
618.889901526,0,0
618.889903714,1,0
619.019050484,1,1
619.019052574,0,1
619.148198410,0,0
619.148200404,1,0
619.277346304,1,1
619.277348266,0,1
619.406495292,0,0
619.406497034,1,0
619.535643186,1,1
619.535644894,0,1
619.664792238,0,0
619.664793786,1,0
619.793971070,1,1
619.793972522,0,1
619.923119058,0,0
619.923120352,1,0
620.052267014,1,1
620.052268276,0,1
620.181413940,0,0
620.181417042,1,0
620.310563834,1,1
620.310564842,0,1
620.439709822,0,0
620.439712672,1,0
620.568859778,1,1
620.568861532,0,1
620.698006704,0,0
620.698009360,1,0
620.827187662,1,1
620.827188220,0,1
620.956335648,0,0
620.956336990,1,0
621.085513544,1,1
621.085514788,0,1
621.214661530,0,0
621.214663616,1,0
621.343809424,1,1
621.343811540,0,1
621.472959350,0,0
621.472960306,1,0
621.602106306,1,1
621.602108168,0,1
621.731254294,0,0
621.731255998,1,0
621.860403126,1,1
621.860404794,0,1
621.989551174,0,0
621.989552622,1,0
622.118729132,1,1
622.118731484,0,1
622.247878992,0,0
622.247880312,1,0
622.377026950,1,1
622.377028110,0,1
622.506173936,0,0
622.506175940,1,0
622.635322892,1,1
622.635324800,0,1
622.764470754,0,0
622.764472566,1,0
622.893618710,1,1
622.893620428,0,1
623.022768698,0,0
623.022769256,1,0
623.151915654,1,1
623.151917116,0,1
623.281094580,0,0
623.281095882,1,0
623.410212534,1,1
623.410213678,0,1
623.539391458,0,0
623.539392506,1,0
623.668537914,1,1
623.668540430,0,1
623.797687338,0,0
623.797689196,1,0
623.926834294,1,1
623.926836994,0,1
624.055982280,0,0
624.055984884,1,0
624.185132298,1,1
624.185133744,0,1
624.314280598,0,0
624.314281510,1,0
624.443429054,1,1
624.443430370,0,1
624.572577288,0,0
624.572578198,1,0
624.701724620,1,1
624.701726058,0,1
624.830872856,0,0
624.830874762,1,0
624.960022312,1,1
624.960022620,0,1
625.089199798,0,0
625.089201510,1,0
625.218348442,1,1
625.218350308,0,1
625.347495678,0,0
625.347498136,1,0
625.476675634,1,1
625.476676994,0,1
625.605824760,1,1
625.605824932,1,0
625.734973512,1,1
625.734973618,0,1
625.864118434,0,0
625.864121448,1,0
625.993267390,1,1
625.993269368,0,1
626.122417314,0,0
626.122418072,1,0
626.251564268,1,1
626.251565992,0,1
626.380713192,0,0
626.380714758,1,0
626.509861210,1,1
626.509862616,0,1
626.639008070,0,0
626.639010382,1,0
626.768158026,1,1
626.768159240,0,1
626.897306010,0,0
626.897307068,1,0
627.026453966,1,1
627.026455926,0,1
627.155601826,0,0
627.155603692,1,0
627.284750780,1,1
627.284751550,0,1
627.413898766,0,0
627.413900378,1,0
627.543045658,1,1
627.543048236,0,1
627.672193580,0,0
627.672196002,1,0
627.801342598,1,1
627.801344858,0,1
627.930490520,0,0
627.930492686,1,0
628.059639412,1,1
628.059641482,0,1
628.188788398,0,0
628.188789248,1,0
628.317936290,1,1
628.317937166,0,1
628.447084274,0,0
628.447085994,1,0
628.576233228,1,1
628.576233790,0,1
628.705382152,0,0
628.705382554,1,0
628.834529106,1,1
628.834530474,0,1
628.963677028,0,0
628.963678240,1,0
629.092823982,1,1
629.092827096,0,1
629.221973904,0,0
629.221974924,1,0
629.351120858,1,1
629.351123722,0,1
629.480270780,0,0
629.480271546,1,0
629.609418734,1,1
629.609419404,0,1
629.738566656,0,0
629.738568230,1,0
629.867744610,1,1
629.867747026,0,1
629.996892594,0,0
629.996894790,1,0
630.126041424,1,1
630.126042648,0,1
630.255191408,0,0
630.255191474,1,0
630.384337360,1,1
630.384339332,0,1
630.513485346,0,0
630.513488220,1,0
630.642635238,1,1
630.642635952,0,1
630.771782220,0,0
630.771783842,1,0
630.900960176,1,1
630.900962638,0,1
631.030079096,0,0
631.030080462,1,0
631.159227986,1,1
631.159229256,0,1
631.288374970,0,0
631.288377082,1,0
631.417522924,1,1
631.417524940,0,1
631.546671846,0,0
631.546673828,1,0
631.675819736,1,1
631.675821622,0,1
631.804967718,0,0
631.804969386,1,0
631.934116672,1,1
631.934118240,0,1
632.063263592,0,0
632.063266068,1,0
632.192412484,1,1
632.192414860,0,1
632.321562466,0,0
632.321562688,1,0
632.450708358,1,1
632.450710544,0,1
632.579858404,0,0
632.579859370,1,0
632.709006230,1,1
632.709007162,0,1
632.838185214,0,0
632.838185988,1,0
632.967332168,1,1
632.967334844,0,1
633.096480088,0,0
633.096482606,1,0
633.225629040,1,1
633.225630464,0,1
633.354779024,0,0
633.354779288,1,0
633.483925914,1,1
633.483927146,0,1
633.613102896,0,0
633.613105908,1,0
633.742251786,1,1
633.742253764,0,1
633.871401768,0,0
633.871402588,1,0
634.000548660,1,1
634.000550382,0,1
634.129698580,0,0
634.129699206,1,0
634.258845530,1,1
634.258847062,0,1
634.387992576,0,0
634.387994826,1,0
634.517141404,1,1
634.517143680,0,1
634.646289384,0,0
634.646291444,1,0
634.775439276,1,1
634.775440298,0,1
634.904586258,0,0
634.904588186,1,0
635.033734146,1,1
635.033735978,0,1
635.162883130,0,0
635.162884804,1,0
635.292030082,1,1
635.292032658,0,1
635.421178002,0,0
635.421180420,1,0
635.550326892,1,1
635.550329212,0,1
635.679473874,0,0
635.679477038,1,0
635.808624826,1,1
635.808625954,0,1
635.937771808,0,0
635.937773716,1,0
636.066919634,1,1
636.066921512,0,1
636.196068616,0,0
636.196070334,1,0
636.325216568,1,1
636.325218190,0,1
636.454365548,0,0
636.454367012,1,0
636.583542438,1,1
636.583544806,0,1
636.712691418,0,0
636.712693630,1,0
636.841870308,1,1
636.841872484,0,1
636.971018288,0,0
636.971020244,1,0
637.100167178,1,1
637.100169100,0,1
637.229315096,0,0
637.229316924,1,0
637.358464048,1,1
637.358464716,0,1
637.487612030,0,0
637.487613540,1,0
637.616789918,1,1
637.616792332,0,1
637.745938900,0,0
637.745940218,1,0
637.875087788,1,1
637.875088072,0,1
638.004235770,0,0
638.004236896,1,0
638.133413658,1,1
638.133415626,0,1
638.262561578,0,0
638.262563510,1,0
638.391710590,1,1
638.391712366,0,1
638.520919508,0,0
638.520921128,1,0
638.650098396,1,1
638.650099980,0,1
638.779247376,0,0
638.779247804,1,0
638.908395328,1,1
638.908396658,0,1
639.037542246,0,0
639.037544418,1,0
639.166690196,1,1
639.166692210,0,1
639.295839114,0,0
639.295841034,1,0
639.424986066,1,1
639.424988886,0,1
639.554135046,0,0
639.554137710,1,0
639.683283934,1,1
639.683285502,0,1
639.812430852,0,0
639.812433324,1,0
639.941580802,1,1
639.941582178,0,1
640.070728722,0,0
640.070730002,1,0
640.199905608,1,1
640.199908856,0,1
640.329054588,0,0
640.329056616,1,0
640.458204602,1,1
640.458205470,0,1
640.587352456,0,0
640.587353290,1,0
640.716500406,1,1
640.716502082,0,1
640.845647386,0,0
640.845649904,1,0
640.974796336,1,1
640.974797758,0,1
641.103945254,0,0
641.103946518,1,0
641.233093142,1,1
641.233094372,0,1
641.362271122,0,0
641.362273132,1,0
641.491451010,1,1
641.491452050,0,1
641.620627926,0,0
641.620630808,1,0
641.749807876,1,1
641.749809598,0,1
641.878955856,0,0
641.878957484,1,0
642.008104742,1,1
642.008106272,0,1
642.137251722,0,0
642.137254158,1,0
642.266399610,1,1
642.266401948,0,1
642.395549590,0,0
642.395550770,1,0
642.524697476,1,1
642.524698560,0,1
642.653845456,0,0
642.653847384,1,0
642.782993404,1,1
642.782995234,0,1
642.912140320,0,0
642.912143058,1,0
643.041289208,1,1
643.041291910,0,1
643.170437188,0,0
643.170439670,1,0
643.299585138,1,1
643.299587522,0,1
643.428735116,0,0
643.428736344,1,0
643.557882002,1,1
643.557884134,0,1
643.687030918,0,0
643.687032956,1,0
643.816177866,1,1
643.816180808,0,1
643.945326846,0,0
643.945328630,1,0
644.074476734,1,1
644.074477418,0,1
644.203623712,0,0
644.203625178,1,0
644.332772660,1,1
644.332774092,0,1
644.461920578,0,0
644.461921914,1,0
644.591067464,1,1
644.591069704,0,1
644.720215380,0,0
644.720218526,1,0
644.849363392,1,1
644.849366378,0,1
644.978514308,0,0
644.978515138,1,0
645.107662194,1,1
645.107662926,0,1
645.236810172,0,0
645.236810748,1,0
645.365987120,1,1
645.365989662,0,1
645.495137036,0,0
645.495138420,1,0
645.624284924,1,1
645.624286272,0,1
645.753432900,0,0
645.753434030,1,0
645.882580850,1,1
645.882582884,0,1
646.011728766,0,0
646.011730704,1,0
646.140876714,1,1
646.140879556,0,1
646.270025630,0,0
646.270027376,1,0
646.399173578,1,1
646.399175166,0,1
646.528322494,0,0
646.528323924,1,0
646.657470440,1,1
646.657471840,0,1
646.786618420,0,0
646.786620596,1,0
646.915766306,1,1
646.915768448,0,1
647.044914222,0,0
647.044916206,1,0
647.174063168,1,1
647.174065058,0,1
647.303210084,0,0
647.303212880,1,0
647.432360094,1,1
647.432361730,0,1
647.561507010,0,0
647.561509488,1,0
647.690685896,1,1
647.690688278,0,1
647.819833872,0,0
647.819836160,1,0
647.948982758,1,1
647.948984948,0,1
648.078132734,0,0
648.078132768,1,0
648.207278682,1,1
648.207280620,0,1
648.336457596,0,0
648.336459378,1,0
648.465605482,1,1
648.465608228,0,1
648.594754458,0,0
648.594756050,1,0
648.723903468,1,1
648.723903900,0,1
648.853051320,0,0
648.853052658,1,0
648.982198268,1,1
648.982200508,0,1
649.111347244,0,0
649.111349328,1,0
649.240495068,1,1
649.240497180,0,1
649.369704044,0,0
649.369705936,1,0
649.498854052,1,1
649.498854786,0,1
649.628001906,0,0
649.628002606,1,0
649.757149852,1,1
649.757151456,0,1
649.886297828,0,0
649.886299276,1,0
650.015476712,1,1
650.015478064,0,1
650.144624690,0,0
650.144625884,1,0
650.273774574,1,1
650.273774734,0,1
650.402920488,0,0
650.402922490,1,0
650.532067434,1,1
650.532070342,0,1
650.661217412,0,0
650.661219160,1,0
650.790365296,1,1
650.790366950,0,1
650.919514272,0,0
650.919515704,1,0
651.048662156,1,1
651.048663618,0,1
651.177808132,0,0
651.177811436,1,0
651.306988016,1,1
651.306990160,0,1
651.436136994,0,0
651.436139042,1,0
651.565284938,1,1
651.565286830,0,1
651.694433852,0,0
651.694435712,1,0
651.823581736,1,1
651.823583436,0,1
651.952729712,0,0
651.952731254,1,0
652.081907658,1,1
652.081910166,0,1
652.211056572,0,0
652.211058858,1,0
652.340204454,1,1
652.340206774,0,1
652.469353494,0,0
652.469354590,1,0
652.598501376,1,1
652.598503440,0,1
652.727650290,0,0
652.727651134,1,0
652.856798234,1,1
652.856799982,0,1
652.985947212,0,0
652.985947862,1,0
653.115124094,1,1
653.115126650,0,1
653.244274008,0,0
653.244274468,1,0
653.373421952,1,1
653.373423318,0,1
653.502569928,0,0
653.502571136,1,0
653.631716812,1,1
653.631718922,0,1
653.760866724,0,0
653.760867678,1,0
653.890013670,1,1
653.890015590,0,1
654.019162646,0,0
654.019164344,1,0
654.148311528,1,1
654.148312130,0,1
654.277458442,0,0
654.277459948,1,0
654.406607384,1,1
654.406608798,0,1
654.535755360,0,0
654.535756614,1,0
654.664904244,1,1
654.664905402,0,1
654.794051156,0,0
654.794053218,1,0
654.923199162,1,1
654.923201130,0,1
655.052348138,0,0
655.052349884,1,0
655.181494958,1,1
655.181497670,0,1
655.310643870,0,0
655.310645488,1,0
655.439791814,1,1
655.439794336,0,1
655.568938790,0,0
655.568942152,1,0
655.698088672,1,1
655.698090938,0,1
655.827237646,0,0
655.827238754,1,0
655.956385592,1,1
655.956386604,0,1
656.085533504,0,0
656.085535356,1,0
656.214681384,1,1
656.214683206,0,1
656.343829360,0,0
656.343831960,1,0
656.472979304,1,1
656.472979870,0,1
656.602127216,0,0
656.602127624,1,0
656.731275098,1,1
656.731276472,0,1
656.860423074,0,0
656.860424226,1,0
656.989571016,1,1
656.989573074,0,1
657.118749928,0,0
657.118750890,1,0
657.247898870,1,1
657.247899738,0,1
657.377046846,0,0
657.377047554,1,0
657.506194790,1,1
657.506196340,0,1
657.635341388,0,0
657.635344094,1,0
657.764490708,1,1
657.764492002,0,1
657.893639556,0,0
657.893640820,1,0
658.022787500,1,1
658.022788604,0,1
658.151935662,0,0
658.151937358,1,0
658.281084292,1,1
658.281085204,0,1
658.410231268,0,0
658.410233022,1,0
658.539379210,1,1
658.539381868,0,1
658.668527934,0,0
658.668529622,1,0
658.797677252,1,1
658.797678468,0,1
658.926823976,0,0
658.926826284,1,0
659.055971856,1,1
659.055974130,0,1
659.185120830,0,0
659.185122886,1,0
659.314268710,1,1
659.314270732,0,1
659.443416684,0,0
659.443419548,1,0
659.572565628,1,1
659.572567394,0,1
659.701713602,0,0
659.701715148,1,0
659.830863858,1,1
659.830863994,0,1
659.960009392,0,0
659.960011810,1,0
660.089188336,1,1
660.089190594,0,1
660.218336246,0,0
660.218338470,1,0
660.347485190,1,1
660.347487254,0,1
660.476633162,0,0
660.476635072,1,0
660.605781044,1,1
660.605783854,0,1
660.734929954,0,0
660.734931668,1,0
660.864107896,1,1
660.864110516,0,1
660.993257868,0,0
660.993258268,1,0
661.122405750,1,1
661.122407116,0,1
661.251553722,0,0
661.251554930,1,0
661.380701602,1,1
661.380702776,0,1
661.509849576,0,0
661.509851528,1,0
661.638997456,1,1
661.638999374,0,1
661.768146428,0,0
661.768148250,1,0
661.897294370,1,1
661.897296034,0,1
662.026443280,0,0
662.026443786,1,0
662.155591160,1,1
662.155592632,0,1
662.284739132,0,0
662.284740446,1,0
662.413887074,1,1
662.413889292,0,1
662.543036046,0,0
662.543037044,1,0
662.672181864,1,1
662.672184890,0,1
662.801332836,0,0
662.801333704,1,0
662.930539716,1,1
662.930542550,0,1
663.059688688,0,0
663.059691300,1,0
663.188836630,1,1
663.188839146,0,1
663.317985602,0,0
663.317986898,1,0
663.447134482,1,1
663.447135806,0,1
663.576282452,0,0
663.576283556,1,0
663.705430332,1,1
663.705431340,0,1
663.834608242,0,0
663.834610154,1,0
663.963757184,1,1
663.963759060,0,1
664.092905092,0,0
664.092906812,1,0
664.222053970,1,1
664.222055594,0,1
664.351201944,0,0
664.351203470,1,0
664.480380948,1,1
664.480382192,0,1
664.609498856,0,0
664.609500004,1,0
664.738645734,1,1
664.738647848,0,1
664.867824706,0,0
664.867826724,1,0
664.996973584,1,1
664.996974444,0,1
665.126121492,0,0
665.126123320,1,0
665.255269434,1,1
665.255271102,0,1
665.384418406,0,0
665.384419976,1,0
665.513567346,1,1
665.513567698,0,1
665.642715192,0,0
665.642715510,1,0
665.771864134,1,1
665.771864416,0,1
665.901010106,0,0
665.901012166,1,0
666.030159046,1,1
666.030160948,0,1
666.159306954,0,0
666.159308762,1,0
666.288454832,1,1
666.288456606,0,1
666.417604804,0,0
666.417605420,1,0
666.546750742,1,1
666.546753200,0,1
666.675898650,0,0
666.675901012,1,0
666.805047530,1,1
666.805049856,0,1
666.934196562,0,0
666.934197670,1,0
667.063345440,1,1
667.063346450,0,1
667.192491348,0,0
667.192494262,1,0
667.321640288,1,1
667.321642106,0,1
667.450788258,0,0
667.450790856,1,0
667.579938136,1,1
667.579938700,0,1
667.709086044,0,0
667.709087512,1,0
667.838232984,1,1
667.838235354,0,1
667.967380954,0,0
667.967383104,1,0
668.096558830,1,1
668.096561946,0,1
668.225708738,0,0
668.225710758,1,0
668.354856678,1,1
668.354858540,0,1
668.484004648,0,0
668.484006352,1,0
668.613182524,1,1
668.613185194,0,1
668.742333494,0,0
668.742334006,1,0
668.871480434,1,1
668.871481786,0,1
669.000629342,0,0
669.000630598,1,0
669.129776220,1,1
669.129778440,0,1
669.258924188,0,0
669.258926188,1,0
669.388104066,1,1
669.388105032,0,1
669.517252036,0,0
669.517253842,1,0
669.646399974,1,1
669.646401686,0,1
669.775547944,0,0
669.775549434,1,0
669.904696820,1,1
669.904698278,0,1
670.033844726,0,0
670.033846088,1,0
670.162992666,1,1
670.162994930,0,1
670.292140634,0,0
670.292142616,1,0
670.421288448,1,1
670.421290458,0,1
670.550438480,0,0
670.550439268,1,0
670.679584356,1,1
670.679587174,0,1
670.808733326,0,0
670.808735920,1,0
670.937883200,1,1
670.937883700,0,1
671.067029170,0,0
671.067031510,1,0
671.196177046,1,1
671.196180352,0,1
671.325327014,0,0
671.325328102,1,0
671.454505890,1,1
671.454506942,0,1
671.583652858,0,0
671.583654816,1,0
671.712800796,1,1
671.712803532,0,1
671.841948702,0,0
671.841951342,1,0
671.971099640,1,1
671.971100182,0,1
672.100275548,0,0
672.100277932,1,0
672.229425422,1,1
672.229426834,0,1
672.358603452,0,0
672.358605582,1,0
672.487783328,1,1
672.487784424,0,1
672.616929234,0,0
672.616932232,1,0
672.746078170,1,1
672.746080012,0,1
672.875227076,0,0
672.875228822,1,0
673.004376014,1,1
673.004376662,0,1
673.133523982,0,0
673.133525472,1,0
673.262670920,1,1
673.262673250,0,1
673.391819764,0,0
673.391821060,1,0
673.520968636,1,1
673.520969900,0,1
673.650116606,0,0
673.650117648,1,0
673.779264606,1,1
673.779266424,0,1
673.908412510,0,0
673.908414234,1,0
674.037560448,1,1
674.037562136,0,1
674.166709352,0,0
674.166710948,1,0
674.295857290,1,1
674.295858662,0,1
674.425004196,0,0
674.425007472,1,0
674.554154070,1,1
674.554155312,0,1
674.683301036,0,0
674.683303120,1,0
674.812450974,1,1
674.812451960,0,1
674.941596878,0,0
674.941599708,1,0
675.070745816,1,1
675.070747548,0,1
675.199893722,0,0
675.199896356,1,0
675.329042658,1,1
675.329044072,0,1
675.458191560,0,0
675.458192880,1,0
675.587338498,1,1
675.587340782,0,1
675.716516466,0,0
675.716519528,1,0
675.845665340,1,1
675.845667306,0,1
675.974813244,0,0
675.974816176,1,0
676.103962180,1,1
676.103964016,0,1
676.233111148,0,0
676.233112762,1,0
676.362288022,1,1
676.362290600,0,1
676.491437988,0,0
676.491439410,1,0
676.620584862,1,1
676.620587186,0,1
676.749734766,0,0
676.749735996,1,0
676.878881764,1,1
676.878883774,0,1
677.008029668,0,0
677.008031642,1,0
677.137179604,1,1
677.137180358,0,1
677.266326446,0,0
677.266328228,1,0
677.395475382,1,1
677.395477004,0,1
677.524623348,0,0
677.524624812,1,0
677.653771284,1,1
677.653772590,0,1
677.782920188,0,0
677.782921396,1,0
677.912160062,1,1
677.912161236,0,1
678.041399028,0,0
678.041400980,1,0
678.170637900,1,1
678.170640882,0,1
678.299878866,0,0
678.299880626,1,0
678.429116738,1,1
678.429119466,0,1
678.558387768,0,0
678.558390210,1,0
678.687628640,1,1
678.687630050,0,1
678.816868544,0,0
678.816869856,1,0
678.946107480,1,1
678.946109694,0,1
679.075348446,0,0
679.075349502,1,0
679.204588318,1,1
679.204589278,0,1
679.333857282,0,0
679.333859024,1,0
679.463096156,1,1
679.463098862,0,1
679.592336120,0,0
679.592338668,1,0
679.721575994,1,1
679.721578508,0,1
679.850816898,0,0
679.850818252,1,0
679.980085834,1,1
679.980088152,0,1
680.109296734,0,0
680.109297896,1,0
680.238536670,1,1
680.238537734,0,1
680.367805634,0,0
680.367807478,1,0
680.497045508,1,1
680.497047316,0,1
680.626285472,0,0
680.626287062,1,0
680.755525344,1,1
680.755526962,0,1
680.884766310,0,0
680.884766706,1,0
681.014005182,1,1
681.014006544,0,1
681.143245146,0,0
681.143246288,1,0
681.272484080,1,1
681.272486124,0,1
681.401723984,0,0
681.401725932,1,0
681.530964854,1,1
681.530965768,0,1
681.660204820,0,0
681.660205452,1,0
681.789443754,1,1
681.789445286,0,1
681.918681718,0,0
681.918684092,1,0
682.047922528,1,1
682.047923930,0,1
682.177193494,0,0
682.177194736,1,0
682.306432426,1,1
682.306434574,0,1
682.435673330,0,0
682.435674318,1,0
682.564911262,1,1
682.564914154,0,1
682.694151164,0,0
682.694153898,1,0
682.823392100,1,1
682.823393672,0,1
682.952633062,0,0
682.952633478,1,0
683.081962936,1,1
683.081964316,0,1
683.211170898,0,0
683.211173058,1,0
683.340411770,1,1
683.340412896,0,1
683.469649672,0,0
683.469652638,1,0
683.598889606,1,1
683.598892538,0,1
683.728130508,0,0
683.728132282,1,0
683.857371378,1,1
683.857372180,0,1
683.986609344,0,0
683.986611924,1,0
684.115880276,1,1
684.115882760,0,1
684.245121240,0,0
684.245122502,1,0
684.374360112,1,1
684.374361338,0,1
684.503600074,0,0
684.503601082,1,0
684.632838946,1,1
684.632840918,0,1
684.762109848,0,0
684.762111724,1,0
684.891349780,1,1
684.891351560,0,1
685.020589682,0,0
685.020591302,1,0
685.149829616,1,1
685.149831138,0,1
685.279069578,0,0
685.279070882,1,0
685.408309450,1,1
685.408310716,0,1
685.537547412,0,0
685.537549522,1,0
685.666787284,1,1
685.666789358,0,1
685.796027184,0,0
685.796029100,1,0
685.925266118,1,1
685.925268938,0,1
686.054507018,0,0
686.054508742,1,0
686.183746950,1,1
686.183748514,0,1
686.312986914,0,0
686.312988320,1,0
686.442224784,1,1
686.442228156,0,1
686.571497748,0,0
686.571498896,1,0
686.700767618,1,1
686.700768732,0,1
686.830007582,0,0
686.830008476,1,0
686.959247452,1,1
686.959248372,0,1
687.088515414,0,0
687.088518114,1,0
687.217786284,1,1
687.217788886,0,1
687.347026184,0,0
687.347028690,1,0
687.476268116,1,1
687.476268526,0,1
687.605507080,0,0
687.605508330,1,0
687.734746012,1,1
687.734748104,0,1
687.864015912,0,0
687.864017846,1,0
687.993256782,1,1
687.993257744,0,1
688.122496744,0,0
688.122497484,1,0
688.251735616,1,1
688.251737320,0,1
688.381005578,0,0
688.381007060,1,0
688.510244448,1,1
688.510246898,0,1
688.639485410,0,0
688.639486700,1,0
688.768724342,1,1
688.768726472,0,1
688.897965242,0,0
688.897966340,1,0
689.027205112,1,1
689.027206112,0,1
689.156444074,0,0
689.156445916,1,0
689.285684006,1,1
689.285685688,0,1
689.414924906,0,0
689.414925490,1,0
689.544163838,1,1
689.544165326,0,1
689.673402738,0,0
689.673405066,1,0
689.802642668,1,1
689.802644838,0,1
689.931883568,0,0
689.931884642,1,0
690.061123500,1,1
690.061124476,0,1
690.190362338,0,0
690.190364278,1,0
690.319602270,1,1
690.319603052,0,1
690.448841230,0,0
690.448842854,1,0
690.578081162,1,1
690.578082690,0,1
690.707321062,0,0
690.707322492,1,0
690.836591992,1,1
690.836593264,0,1
690.965830892,0,0
690.965833066,1,0
691.095070824,1,1
691.095072900,0,1
691.224310722,0,0
691.224312640,1,0
691.353551656,1,1
691.353552474,0,1
691.482789240,0,0
691.482791214,1,0
691.612059422,1,1
691.612062112,0,1
691.741300446,0,0
691.741301790,1,0
691.870539314,1,1
691.870541686,0,1
691.999780214,0,0
691.999781488,1,0
692.129020144,1,1
692.129021260,0,1
692.258258856,0,0
692.258261062,1,0
692.387498726,1,1
692.387500832,0,1
692.516737936,0,0
692.516740636,1,0
692.646009992,1,1
692.646010470,0,1
692.775248766,0,0
692.775250210,1,0
692.904488572,1,1
692.904490042,0,1
693.033728534,0,0
693.033729844,1,0
693.162967464,1,1
693.162969616,0,1
693.292206424,0,0
693.292209418,1,0
693.421447354,1,1
693.421449252,0,1
693.550687190,0,0
693.550688990,1,0
693.679927122,1,1
693.679928888,0,1
693.809167020,0,0
693.809168624,1,0
693.938405950,1,1
693.938407460,0,1
694.067645850,0,0
694.067647200,1,0
694.196884778,1,1
694.196887032,0,1
694.326125740,0,0
694.326126772,1,0
694.455365606,1,1
694.455366604,0,1
694.584604568,0,0
694.584606406,1,0
694.713843436,1,1
694.713846176,0,1
694.843083396,0,0
694.843085978,1,0
694.972324202,1,1
694.972325812,0,1
695.101565224,0,0
695.101565612,1,0
695.230804092,1,1
695.230805382,0,1
695.360074052,0,0
695.360075182,1,0
695.489311920,1,1
695.489315016,0,1
695.618583818,0,0
695.618585754,1,0
695.747823748,1,1
695.747825588,0,1
695.877063646,0,0
695.877065388,1,0
696.006303574,1,1
696.006305222,0,1
696.135542472,0,0
696.135544898,1,0
696.264781402,1,1
696.264783730,0,1
696.394021362,0,0
696.394023532,1,0
696.523261228,1,1
696.523263364,0,1
696.652501188,0,0
696.652503166,1,0
696.781741118,1,1
696.781742936,0,1
696.910979954,0,0
696.910982800,1,0
697.040219882,1,1
697.040222570,0,1
697.169459780,0,0
697.169462370,1,0
697.298700710,1,1
697.298702140,0,1
697.427939668,0,0
697.427941940,1,0
697.557180536,1,1
697.557181710,0,1
697.686420496,0,0
697.686421510,1,0
697.815659424,1,1
697.815661280,0,1
697.944899322,0,0
697.944901080,1,0
698.074140250,1,1
698.074140912,0,1
698.203409146,0,0
698.203410714,1,0
698.332680014,1,1
698.332681482,0,1
698.461918974,0,0
698.461921282,1,0
698.591157902,1,1
698.591160114,0,1
698.720398862,0,0
698.720399852,1,0
698.849637666,1,1
698.849639686,0,1
698.978878562,0,0
698.978879486,1,0
699.108118492,1,1
699.108119254,0,1
699.237356450,0,0
699.237359056,1,0
699.366627378,1,1
699.366629824,0,1
699.495868338,0,0
699.495869624,1,0
699.625108204,1,1
699.625109456,0,1
699.754345100,0,0
699.754348194,1,0
699.883585966,1,1
699.883588026,0,1
700.012825926,0,0
700.012827886,1,0
700.142097854,1,1
700.142098594,0,1
700.271336750,0,0
700.271338394,1,0
700.400576678,1,1
700.400578224,0,1
700.529817640,0,0
700.529818026,1,0
700.659055504,1,1
700.659057792,0,1
700.788295400,0,0
700.788297594,1,0
700.917534264,1,1
700.917536424,0,1
701.046775224,0,0
701.046776224,1,0
701.176014152,1,1
701.176015994,0,1
701.305255048,0,0
701.305255794,1,0
701.434492976,1,1
701.434495562,0,1
701.563733870,0,0
701.563735298,1,0
701.692973800,1,1
701.692975192,0,1
701.822213696,0,0
701.822214928,1,0
701.951453622,1,1
701.951454760,0,1
702.080692582,0,0
702.080694558,1,0
702.209933446,1,1
702.209934390,0,1
702.339172342,0,0
702.339174188,1,0
702.468411268,1,1
702.468413956,0,1
702.597651164,0,0
702.597653756,1,0
702.726892094,1,1
702.726893586,0,1
702.856131988,0,0
702.856133322,1,0
702.985370916,1,1
702.985373090,0,1
703.114610810,0,0
703.114612890,1,0
703.243849738,1,1
703.243851720,0,1
703.373090696,0,0
703.373091456,1,0
703.502328622,1,1
703.502331286,0,1
703.631569456,0,0
703.631571148,1,0
703.760808382,1,1
703.760810914,0,1
703.890049338,0,0
703.890050714,1,0
704.019289204,1,1
704.019290544,0,1
704.148529162,0,0
704.148530280,1,0
704.277768026,1,1
704.277770048,0,1
704.407006982,0,0
704.407009846,1,0
704.536247848,1,1
704.536249614,0,1
704.665456804,0,0
704.665458412,1,0
704.794695670,1,1
704.794698178,0,1
704.923936626,0,0
704.923937978,1,0
705.053175552,1,1
705.053177808,0,1
705.182415448,0,0
705.182417606,1,0
705.311655374,1,1
705.311657436,0,1
705.440895206,0,0
705.440897234,1,0
705.570136132,1,1
705.570137002,0,1
705.699374026,0,0
705.699376798,1,0
705.828615014,1,1
705.828616566,0,1
705.957855972,0,0
705.957856300,1,0
706.087093836,1,1
706.087096130,0,1
706.216333730,0,0
706.216335928,1,0
706.345573656,1,1
706.345575758,0,1
706.474814550,0,0
706.474815556,1,0
706.604053476,1,1
706.604054322,0,1
706.733292434,0,0
706.733294120,1,0
706.862562296,1,1
706.862564950,0,1
706.991804190,0,0
706.991804684,1,0
707.121043114,1,1
707.121044452,0,1
707.250282010,0,0
707.250284248,1,0
707.379522936,1,1
707.379524078,0,1
707.508761830,0,0
707.508763812,1,0
707.638002756,1,1
707.638003640,0,1
707.767239650,0,0
707.767242438,1,0
707.896481512,1,1
707.896482266,0,1
708.025721468,0,0
708.025722064,1,0
708.154959392,1,1
708.154961894,0,1
708.284199286,0,0
708.284201628,1,0
708.413439212,1,1
708.413441394,0,1
708.542679168,0,0
708.542681190,1,0
708.671919032,1,1
708.671921018,0,1
708.801158986,0,0
708.801160816,1,0
708.930397912,1,1
708.930400584,0,1
709.059638806,0,0
709.059640382,1,0
709.188878606,1,1
709.188880146,0,1
709.318117562,0,0
709.318119942,1,0
709.447357486,1,1
709.447359832,0,1
709.576598380,0,0
709.576599568,1,0
709.705838304,1,1
709.705839332,0,1
709.835077196,0,0
709.835079066,1,0
709.964317122,1,1
709.964318894,0,1
710.093556076,0,0
710.093557692,1,0
710.222795940,1,1
710.222797520,0,1
710.352036894,0,0
710.352037316,1,0
710.481274820,1,1
710.481277080,0,1
710.610546712,0,0
710.610547878,1,0
710.739785636,1,1
710.739787644,0,1
710.869055530,0,0
710.869057440,1,0
710.998296392,1,1
710.998297268,0,1
711.127567284,0,0
711.127568062,1,0
711.256806146,1,1
711.256807890,0,1
711.386044162,0,0
711.386046562,1,0
711.515284024,1,1
711.515286390,0,1
711.644525042,0,0
711.644526184,1,0
711.773764902,1,1
711.773766012,0,1
711.903003858,0,0
711.903005746,1,0
712.032243784,1,1
712.032245574,0,1
712.161482548,0,0
712.161485368,1,0
712.290723474,1,1
712.290725196,0,1
712.419963428,0,0
712.419964994,1,0
712.549203290,1,1
712.549204758,0,1
712.678442244,0,0
712.678444492,1,0
712.807682106,1,1
712.807684318,0,1
712.936922060,0,0
712.936924050,1,0
713.066161984,1,1
713.066163878,0,1
713.195401876,0,0
713.195403674,1,0
713.324642800,1,1
713.324643500,0,1
713.453881690,0,0
713.453883296,1,0
713.583121552,1,1
713.583123060,0,1
713.712359506,0,0
713.712361856,1,0
713.841599366,1,1
713.841601682,0,1
713.970841322,0,0
713.970841478,1,0
714.100079182,1,1
714.100081242,0,1
714.229319136,0,0
714.229320974,1,0
714.358559058,1,1
714.358560800,0,1
714.487798950,0,0
714.487800532,1,0
714.617068874,1,1
714.617071422,0,1
714.746309702,0,0
714.746311156,1,0
714.875548688,1,1
714.875550044,0,1
715.004787580,0,0
715.004789776,1,0
715.134027502,1,1
715.134029478,0,1
715.263267394,0,0
715.263269334,1,0
715.392508316,1,1
715.392509098,0,1
715.521748270,0,0
715.521748892,1,0
715.650986130,1,1
715.650988718,0,1
715.780226084,0,0
715.780228450,1,0
715.909496944,1,1
715.909499280,0,1
716.038706834,0,0
716.038708136,1,0
716.167945758,1,1
716.167947898,0,1
716.297214648,0,0
716.297217630,1,0
716.426454570,1,1
716.426457456,0,1
716.555695524,0,0
716.555697250,1,0
716.684935444,1,1
716.684937014,0,1
716.814174336,0,0
716.814176870,1,0
716.943415196,1,1
716.943416632,0,1
717.072655148,0,0
717.072656428,1,0
717.201895008,1,1
717.201896192,0,1
717.331162960,0,0
717.331165986,1,0
717.460403882,1,1
717.460405748,0,1
717.589642772,0,0
717.589645542,1,0
717.718883632,1,1
717.718885304,0,1
717.848123584,0,0
717.848125162,1,0
717.977363444,1,1
717.977364924,0,1
718.106604334,0,0
718.106604718,1,0
718.235843318,1,1
718.235844542,0,1
718.365082208,0,0
718.365084276,1,0
718.494324068,1,1
718.494324102,0,1
718.623563020,0,0
718.623563832,1,0
718.752830940,1,1
718.752833656,0,1
718.882071830,0,0
718.882073448,1,0
719.011312690,1,1
719.011313274,0,1
719.140551640,0,0
719.140553004,1,0
719.269791500,1,1
719.269792892,0,1
719.399031390,0,0
719.399032624,1,0
719.528271374,1,1
719.528272386,0,1
719.657510262,0,0
719.657512178,1,0
719.786750184,1,1
719.786752004,0,1
719.915989136,0,0
719.915991734,1,0
720.045229994,1,1
720.045231558,0,1
720.174468882,0,0
720.174471352,1,0
720.303708804,1,1
720.303711112,0,1
720.432948692,0,0
720.432950906,1,0
720.562188614,1,1
720.562190668,0,1
720.691427502,0,0
720.691429460,1,0
720.820668424,1,1
720.820669222,0,1
720.949906312,0,0
720.949909014,1,0
721.079147232,1,1
721.079148838,0,1
721.208387184,0,0
721.208388632,1,0
721.337658040,1,1
721.337659454,0,1
721.466896992,0,0
721.466899248,1,0
721.596136850,1,1
721.596139008,0,1
721.725377800,0,0
721.725378800,1,0
721.854615660,1,1
721.854617562,0,1
721.983855608,0,0
721.983857354,1,0
722.113126466,1,1
722.113128116,0,1
722.242366356,0,0
722.242367908,1,0
722.371606274,1,1
722.371607732,0,1
722.500845164,0,0
722.500847524,1,0
722.630086084,1,1
722.630087348,0,1
722.759325974,0,0
722.759327076,1,0
722.888564892,1,1
722.888566838,0,1
723.017803842,0,0
723.017805628,1,0
723.147043700,1,1
723.147045452,0,1
723.276284648,0,0
723.276285182,1,0
723.405523570,1,1
723.405525066,0,1
723.534763458,0,0
723.534764796,1,0
723.664003314,1,1
723.664004618,0,1
723.793242264,0,0
723.793244410,1,0
723.922482120,1,1
723.922484234,0,1
724.051722072,0,0
724.051724026,1,0
724.180961992,1,1
724.180963724,0,1
724.310200440,0,0
724.310203514,1,0
724.439470798,1,1
724.439473340,0,1
724.568710622,0,0
724.568713130,1,0
724.697949604,1,1
724.697952950,0,1
724.827191492,0,0
724.827192742,1,0
724.956430160,1,1
724.956432502,0,1
725.085701546,0,0
725.085703294,1,0
725.214940216,1,1
725.214943054,0,1
725.344180104,0,0
725.344181844,1,0
725.473421084,1,1
725.473421604,0,1
725.602658910,0,0
725.602661396,1,0
725.731899764,1,1
725.731901218,0,1
725.861169652,0,0
725.861171946,1,0
725.990411008,1,1
725.990411768,0,1
726.119649520,0,0
726.119651496,1,0
726.248890688,1,1
726.248891318,0,1
726.378130574,0,0
726.378131110,1,0
726.507368244,1,1
726.507369868,0,1
726.636608192,0,0
726.636609722,1,0
726.765848048,1,1
726.765849480,0,1
726.895087996,0,0
726.895089270,1,0
727.024328726,1,1
727.024329092,0,1
727.153567738,0,0
727.153568820,1,0
727.282806594,1,1
727.282808644,0,1
727.412046604,0,0
727.412048370,1,0
727.541286460,1,1
727.541288190,0,1
727.670524346,0,0
727.670527980,1,0
727.799766264,1,1
727.799767802,0,1
727.929005214,0,0
727.929007532,1,0
728.058245068,1,1
728.058247354,0,1
728.187485016,0,0
728.187487142,1,0
728.316724872,1,1
728.316726902,0,1
728.445964696,0,0
728.445966754,1,0
728.575204674,1,1
728.575206512,0,1
728.704444624,0,0
728.704446240,1,0
728.833713542,1,1
728.833716060,0,1
728.962954426,0,0
728.962955850,1,0
729.092193282,1,1
729.092195672,0,1
729.221433230,0,0
729.221435398,1,0
729.350673084,1,1
729.350675220,0,1
729.479914032,0,0
729.479914884,1,0
729.609153888,1,1
729.609154704,0,1
729.738392772,0,0
729.738394494,1,0
729.867661752,1,1
729.867664376,0,1
729.996903636,0,0
729.996904102,1,0
730.126142492,1,1
730.126143926,0,1
730.255382502,0,0
730.255383652,1,0
730.384621294,1,1
730.384623472,0,1
730.513862240,0,0
730.513863198,1,0
730.643102096,1,1
730.643103018,0,1
730.772342808,1,1
730.772343042,1,0
730.901579960,1,1
730.901582566,0,1
731.030820844,0,0
731.030822354,1,0
731.160059762,1,1
731.160061176,0,1
731.289359646,0,0
731.289361966,1,0
731.418600500,1,1
731.418601720,0,1
731.547839446,0,0
731.547841510,1,0
731.677079302,1,1
731.677081330,0,1
731.806349310,0,0
731.806352056,1,0
731.935589102,1,1
731.935591878,0,1
732.064830050,0,0
732.064831604,1,0
732.194068904,1,1
732.194071424,0,1
732.323308850,0,0
732.323311150,1,0
732.452548766,1,1
732.452549970,0,1
732.581818712,0,0
732.581820758,1,0
732.711058568,1,1
732.711060578,0,1
732.840298514,0,0
732.840300366,1,0
732.969538306,1,1
732.969540186,0,1
733.098777252,0,0
733.098779850,1,0
733.228018106,1,1
733.228019670,0,1
733.357258052,0,0
733.357259458,1,0
733.486497968,1,1
733.486499214,0,1
733.615735914,0,0
733.615738002,1,0
733.745006768,1,1
733.745008820,0,1
733.874246652,0,0
733.874248612,1,0
734.003516568,1,1
734.003518368,0,1
734.132757514,0,0
734.132758154,1,0
734.261997368,1,1
734.261997974,0,1
734.391237314,0,0
734.391237700,1,0
734.520476166,1,1
734.520477580,0,1
734.649716112,0,0
734.649717306,1,0
734.778955966,1,1
734.778957124,0,1
734.908195850,0,0
734.908196912,1,0
735.037435764,1,1
735.037436608,0,1
735.166674648,0,0
735.166676396,1,0
735.295914562,1,1
735.295916216,0,1
735.425154508,0,0
735.425156002,1,0
735.554393362,1,1
735.554395822,0,1
735.683634306,0,0
735.683635546,1,0
735.812873160,1,1
735.812875366,0,1
735.942113106,0,0
735.942115152,1,0
736.071352020,1,1
736.071353908,0,1
736.200592904,0,0
736.200593696,1,0
736.329862756,1,1
736.329864516,0,1
736.459131704,0,0
736.459134242,1,0
736.588342554,1,1
736.588344060,0,1
736.717581500,0,0
736.717583784,1,0
736.846820354,1,1
736.846823664,0,1
736.976062298,0,0
736.976063390,1,0
737.105302214,1,1
737.105303208,0,1
737.234540034,0,0
737.234541994,1,0
737.363810948,1,1
737.363812752,0,1
737.493050894,0,0
737.493052538,1,0
737.622290746,1,1
737.622292358,0,1
737.751530690,0,0
737.751532082,1,0
737.880769544,1,1
737.880771900,0,1
738.010009552,0,0
738.010011686,1,0
738.139250404,1,1
738.139251444,0,1
738.268490286,0,0
738.268491292,1,0
738.397729202,1,1
738.397729986,0,1
738.526968084,0,0
738.526969772,1,0
738.656208998,1,1
738.656209590,0,1
738.785447880,0,0
738.785449314,1,0
738.914687794,1,1
738.914689194,0,1
739.043927740,0,0
739.043928918,1,0
739.173166590,1,1
739.173168736,0,1
739.302406536,0,0
739.302408460,1,0
739.431646388,1,1
739.431648278,0,1
739.560886332,0,0
739.560888066,1,0
739.690125122,1,1
739.690127820,0,1
739.819366066,0,0
739.819367546,1,0
739.948605918,1,1
739.948607426,0,1
740.077875926,0,0
740.077877148,1,0
740.207115776,1,1
740.207116966,0,1
740.336385658,0,0
740.336387754,1,0
740.465624572,1,1
740.465627508,0,1
740.594864454,0,0
740.594867296,1,0
740.724104368,1,1
740.724106112,0,1
740.853375312,0,0
740.853376898,1,0
740.982614164,1,1
740.982616654,0,1
741.111885046,0,0
741.111886376,1,0
741.241123958,1,1
741.241126194,0,1
741.370364840,0,0
741.370365980,1,0
741.499603816,1,1
741.499605734,0,1
741.628844698,0,0
741.628845520,1,0
741.758082548,1,1
741.758085336,0,1
741.887323492,0,0
741.887325122,1,0
742.016564342,1,1
742.016564876,0,1
742.145803350,0,0
742.145804664,1,0
742.275043138,1,1
742.275044482,0,1
742.404283018,0,0
742.404284202,1,0
742.533522932,1,1
742.533524022,0,1
742.662761876,0,0
742.662763806,1,0
742.792001790,1,1
742.792003560,0,1
742.921240670,0,0
742.921243346,1,0
743.050481584,1,1
743.050482164,0,1
743.179720464,0,0
743.179721948,1,0
743.308959316,1,1
743.308961764,0,1
743.438199320,0,0
743.438201486,1,0
743.567440108,1,1
743.567441242,0,1
743.696679052,0,0
743.696681088,1,0
743.825918902,1,1
743.825920842,0,1
743.955158846,0,0
743.955160564,1,0
744.084429756,1,1
744.084431444,0,1
744.213667700,0,0
744.213670166,1,0
744.342907550,1,1
744.342909982,0,1
744.472147494,0,0
744.472149766,1,0
744.601388282,1,1
744.601389520,0,1
744.730627224,0,0
744.730629304,1,0
744.859898136,1,1
744.859900060,0,1
744.989169080,0,0
744.989169842,1,0
745.118438866,1,1
745.118440598,0,1
745.247679808,0,0
745.247680380,1,0
745.376918720,1,1
745.376920198,0,1
745.506157602,0,0
745.506158918,1,0
745.635397512,1,1
745.635398734,0,1
745.764636456,0,0
745.764638518,1,0
745.893876366,1,1
745.893878334,0,1
746.023116248,0,0
746.023118118,1,0
746.152356096,1,1
746.152357872,0,1
746.281595976,0,0
746.281597656,1,0
746.410835888,1,1
746.410837408,0,1
746.540074830,0,0
746.540077192,1,0
746.669314678,1,1
746.669316948,0,1
746.798555558,0,0
746.798556792,1,0
746.927794470,1,1
746.927796546,0,1
747.057035414,0,0
747.057036330,1,0
747.186274324,1,1
747.186276082,0,1
747.315515204,0,0
747.315515866,1,0
747.444753114,1,1
747.444755682,0,1
747.573993932,0,0
747.573995464,1,0
747.703234842,1,1
747.703235218,0,1
747.832472784,0,0
747.832474000,1,0
747.961711634,1,1
747.961713754,0,1
748.090950574,0,0
748.090953536,1,0
748.220191486,1,1
748.220193352,0,1
748.349430364,0,0
748.349433134,1,0
748.478671214,1,1
748.478672888,0,1
748.607911218,0,0
748.607912670,1,0
748.737150066,1,1
748.737152484,0,1
748.866420944,0,0
748.866423206,1,0
748.995660792,1,1
748.995662020,0,1
749.124899796,0,0
749.124901740,1,0
749.254139644,1,1
749.254141556,0,1
749.383380586,0,0
749.383381338,1,0
749.512619434,1,1
749.512621152,0,1
749.641858312,0,0
749.641860936,1,0
749.771099222,1,1
749.771100750,0,1
749.900338100,0,0
749.900340470,1,0
750.029579010,1,1
750.029580284,0,1
750.158817892,0,0
750.158820004,1,0
750.288058800,1,1
750.288059818,0,1
750.417327740,0,0
750.417329602,1,0
750.546567588,1,1
750.546569352,0,1
750.675807528,0,0
750.675809136,1,0
750.805047438,1,1
750.805048950,0,1
750.934288254,0,0
750.934288732,1,0
751.063526164,1,1
751.063528420,0,1
751.192766104,0,0
751.192768202,1,0
751.322006952,1,1
751.322008016,0,1
751.451246830,0,0
751.451247798,1,0
751.580485802,1,1
751.580487614,0,1
751.709724678,0,0
751.709727332,1,0
751.838996528,1,1
751.838997146,0,1
751.968234404,0,0
751.968236928,1,0
752.097474314,1,1
752.097476616,0,1
752.226715254,0,0
752.226716398,1,0
752.355954102,1,1
752.355956212,0,1
752.485194040,0,0
752.485195992,1,0
752.614462950,1,1
752.614465806,0,1
752.743703890,0,0
752.743705588,1,0
752.872943674,1,1
752.872945400,0,1
753.002183614,0,0
753.002185120,1,0
753.131423522,1,1
753.131424870,0,1
753.260662400,0,0
753.260664652,1,0
753.389903246,1,1
753.389904464,0,1
753.519142186,0,0
753.519144182,1,0
753.648382034,1,1
753.648384058,0,1
753.777621972,0,0
753.777623776,1,0
753.906862818,1,1
753.906863590,0,1
754.036101758,0,0
754.036103370,1,0
754.165341666,1,1
754.165343122,0,1
754.294581480,0,0
754.294582904,1,0
754.423819388,1,1
754.423822654,0,1
754.553061328,0,0
754.553062434,1,0
754.682300174,1,1
754.682302184,0,1
754.811539114,0,0
754.811540964,1,0
754.940778022,1,1
754.940780776,0,1
755.070020558,1,1
755.070020898,1,0
755.199257806,1,1
755.199260308,0,1
755.328498684,0,0
755.328500088,1,0
755.457738592,1,1
755.457739902,0,1
755.587008468,0,0
755.587010618,1,0
755.716248376,1,1
755.716250430,0,1
755.845488252,0,0
755.845490210,1,0
755.974727160,1,1
755.974728960,0,1
756.103967098,0,0
756.103968740,1,0
756.233207008,1,1
756.233208552,0,1
756.362476820,0,0
756.362479334,1,0
756.491717728,1,1
756.491719082,0,1
756.620957604,0,0
756.620958862,1,0
756.750196512,1,1
756.750198612,0,1
756.879436450,0,0
756.879438392,1,0
757.008676296,1,1
757.008678204,0,1
757.137915234,0,0
757.137916920,1,0
757.267155078,1,1
757.267156794,0,1
757.396426954,0,0
757.396427448,1,0
757.525665860,1,1
757.525667262,0,1
757.654905798,0,0
757.654907038,1,0
757.784145644,1,1
757.784146852,0,1
757.913384582,0,0
757.913386632,1,0
758.042623176,1,1
758.042626380,0,1
758.171863052,0,0
758.171866160,1,0
758.301104272,1,1
758.301105970,0,1
758.430342708,0,0
758.430344688,1,0
758.559583554,1,1
758.559584498,0,1
758.688823368,0,0
758.688824342,1,0
758.818063212,1,1
758.818064026,0,1
758.947301774,0,0
758.947303742,1,0
759.076542868,1,1
759.076543614,0,1
759.205782742,0,0
759.205783332,1,0
759.335021398,1,1
759.335023142,0,1
759.464260274,0,0
759.464262858,1,0
759.593501180,1,1
759.593502668,0,1
759.722741054,0,0
759.722742448,1,0
759.851980900,1,1
759.851982322,0,1
759.981219898,0,0
759.981222038,1,0
760.110489742,1,1
760.110491786,0,1
760.239730618,0,0
760.239731564,1,0
760.368968524,1,1
760.368971312,0,1
760.498210398,0,0
760.498211090,1,0
760.627449304,1,1
760.627450902,0,1
760.756689240,0,0
760.756690680,1,0
760.885929084,1,1
760.885930488,0,1
761.015166958,0,0
761.015170206,1,0
761.144408864,1,1
761.144409954,0,1
761.273647802,0,0
761.273649732,1,0
761.402887644,1,1
761.402889542,0,1
761.532127580,0,0
761.532129320,1,0
761.661367424,1,1
761.661369068,0,1
761.790605298,0,0
761.790607846,1,0
761.919845204,1,1
761.919847654,0,1
762.049085140,0,0
762.049087370,1,0
762.178324984,1,1
762.178327242,0,1
762.307565920,0,0
762.307566958,1,0
762.436836762,1,1
762.436837706,0,1
762.566075700,0,0
762.566077482,1,0
762.695315542,1,1
762.695317292,0,1
762.824555478,0,0
762.824557070,1,0
762.953795320,1,1
762.953795880,0,1
763.083034256,0,0
763.083035594,1,0
763.212273098,1,1
763.212275402,0,1
763.341513034,0,0
763.341515180,1,0
763.470753940,1,1
763.470754926,0,1
763.599993812,0,0
763.599994642,1,0
763.729232656,1,1
763.729234450,0,1
763.858474228,1,1
763.858474530,1,0
763.987711496,1,1
763.987713974,0,1
764.116982370,0,0
764.116984752,1,0
764.246222276,1,1
764.246223624,0,1
764.375462210,0,0
764.375463338,1,0
764.504701052,1,1
764.504703084,0,1
764.633940986,0,0
764.633942862,1,0
764.763179768,1,1
764.763182606,0,1
764.892420704,0,0
764.892422384,1,0
765.021660544,1,1
765.021662192,0,1
765.150900542,0,0
765.150901968,1,0
765.280140384,1,1
765.280141776,0,1
765.409379256,0,0
765.409381554,1,0
765.538649164,1,1
765.538651240,0,1
765.667859034,0,0
765.667861078,1,0
765.797098938,1,1
765.797100884,0,1
765.926339872,0,0
765.926340536,1,0
766.055578714,1,1
766.055580344,0,1
766.184818586,0,0
766.184820122,1,0
766.314057490,1,1
766.314059868,0,1
766.443296364,0,0
766.443298644,1,0
766.572537266,1,1
766.572538452,0,1
766.701777202,0,0
766.701778228,1,0
766.831017042,1,1
766.831018036,0,1
766.960254978,0,0
766.960257812,1,0
767.089494820,1,1
767.089497620,0,1
767.218734692,0,0
767.218737334,1,0
767.347974596,1,1
767.347977078,0,1
767.477216466,0,0
767.477216854,1,0
767.606454370,1,1
767.606456598,0,1
767.735694304,0,0
767.735696374,1,0
767.864963144,1,1
767.864966246,0,1
767.994204080,0,0
767.994205958,1,0
768.123445764,0,0
768.123445982,0,1
768.252682854,0,0
768.252685478,1,0
768.381922758,1,1
768.381925222,0,1
768.511163566,0,0
768.511165060,1,0
768.640403532,1,1
768.640404868,0,1
768.769643402,0,0
768.769644580,1,0
768.898882244,1,1
768.898884388,0,1
769.028122178,0,0
769.028124100,1,0
769.157361080,1,1
769.157363906,0,1
769.286600952,0,0
769.286603682,1,0
769.415841854,1,1
769.415843488,0,1
769.545081724,0,0
769.545083264,1,0
769.674320626,1,1
769.674323010,0,1
769.803562560,0,0
769.803562722,1,0
769.932799338,1,1
769.932801528,0,1
770.062039270,0,0
770.062041304,1,0
770.191279174,1,1
770.191281110,0,1
770.320519044,0,0
770.320520822,1,0
770.449759946,1,1
770.449760628,0,1
770.579029818,0,0
770.579031402,1,0
770.708270720,1,1
770.708271146,0,1
770.837539588,0,0
770.837540858,1,0
770.966779492,1,1
770.966780664,0,1
771.096019362,0,0
771.096020502,1,0
771.225258264,1,1
771.225260244,0,1
771.354499196,0,0
771.354500020,1,0
771.483738098,1,1
771.483739824,0,1
771.613006906,0,0
771.613009538,1,0
771.742248808,1,1
771.742249280,0,1
771.871488740,0,0
771.871489054,1,0
772.000726580,1,1
772.000728860,0,1
772.129966512,0,0
772.129968634,1,0
772.259206414,1,1
772.259208378,0,1
772.388446284,0,0
772.388448214,1,0
772.517687122,1,1
772.517687956,0,1
772.646926054,0,0
772.646927668,1,0
772.776165956,1,1
772.776167474,0,1
772.905405762,0,0
772.905407184,1,0
773.034644664,1,1
773.034646990,0,1
773.163884596,0,0
773.163886704,1,0
773.293123434,1,1
773.293126570,0,1
773.422363366,0,0
773.422365282,1,0
773.551602268,1,1
773.551605086,0,1
773.680843136,0,0
773.680844860,1,0
773.810083038,1,1
773.810084664,0,1
773.939322970,0,0
773.939324376,1,0
774.068622808,1,1
774.068625182,0,1
774.197862676,0,0
774.197864954,1,0
774.327103576,1,1
774.327104696,0,1
774.456343508,0,0
774.456344470,1,0
774.585613348,1,1
774.585615274,0,1
774.714852216,0,0
774.714854048,1,0
774.844091054,1,1
774.844093790,0,1
774.973332046,0,0
774.973333562,1,0
775.102572886,1,1
775.102573366,0,1
775.231811754,0,0
775.231813078,1,0
775.361081716,1,1
775.361083818,0,1
775.490323522,0,0
775.490323592,1,0
775.619562424,1,1
775.619563396,0,1
775.748802292,0,0
775.748803170,1,0
775.878041192,1,1
775.878041974,0,1
776.007280122,0,0
776.007281684,1,0
776.136519960,1,1
776.136521488,0,1
776.265758892,0,0
776.265761260,1,0
776.394999728,1,1
776.395001064,0,1
776.524238658,0,0
776.524240774,1,0
776.653479558,1,1
776.653480514,0,1
776.782718364,0,0
776.782720286,1,0
776.911957262,1,1
776.911960090,0,1
777.041198132,0,0
777.041199800,1,0
777.170437032,1,1
777.170439604,0,1
777.299676960,0,0
777.299679376,1,0
777.428917798,1,1
777.428919178,0,1
777.558157728,0,0
777.558158950,1,0
777.687397628,1,1
777.687398692,0,1
777.816635496,0,0
777.816638464,1,0
777.945876394,1,1
777.945878204,0,1
778.075116324,0,0
778.075117976,1,0
778.204356098,1,1
778.204356718,0,1
778.333626028,0,0
778.333627490,1,0
778.462865928,1,1
778.462867294,0,1
778.592104858,0,0
778.592107064,1,0
778.721345694,1,1
778.721346866,0,1
778.850586624,0,0
778.850586638,1,0
778.979823460,1,1
778.979826316,0,1
779.109094328,0,0
779.109096088,1,0
779.238334228,1,1
779.238335892,0,1
779.367604092,0,0
779.367606664,1,0
779.496844992,1,1
779.496845464,0,1
779.626084922,0,0
779.626085172,1,0
779.755322758,1,1
779.755324976,0,1
779.884561624,0,0
779.884564748,1,0
780.013802524,1,1
780.013804488,0,1
780.143042390,0,0
780.143044258,1,0
780.272282290,1,1
780.272283998,0,1
780.401522216,0,0
780.401523768,1,0
780.530761054,1,1
780.530763570,0,1
780.660000982,0,0
780.660003342,1,0
780.789241818,1,1
780.789243144,0,1
780.918481748,0,0
780.918482854,1,0
781.047720646,1,1
781.047722654,0,1
781.176959450,0,0
781.176962362,1,0
781.306200346,1,1
781.306202164,0,1
781.435439276,0,0
781.435441936,1,0
781.564679174,1,1
781.564681738,0,1
781.693919040,0,0
781.693920446,1,0
781.823158876,1,1
781.823160248,0,1
781.952397802,0,0
781.952400018,1,0
782.081669700,1,1
782.081670756,0,1
782.210907568,0,0
782.210910464,1,0
782.340147402,1,1
782.340150328,0,1
782.469389330,0,0
782.469390038,1,0
782.598628228,1,1
782.598629840,0,1
782.727869094,0,0
782.727869608,1,0
782.857107990,1,1
782.857109348,0,1
782.986346856,0,0
782.986348182,1,0
783.115616692,1,1
783.115618918,0,1
783.244857620,0,0
783.244858626,1,0
783.374097516,1,1
783.374098490,0,1
783.503335382,0,0
783.503338198,1,0
783.632576278,1,1
783.632577998,0,1
783.761816144,0,0
783.761817708,1,0
783.891057042,1,1
783.891057508,0,1
784.020294968,0,0
784.020297278,1,0
784.149533804,1,1
784.149536080,0,1
784.278774730,0,0
784.278775786,1,0
784.408013566,1,1
784.408015524,0,1
784.537253430,0,0
784.537255294,1,0
784.666493328,1,1
784.666495032,0,1
784.795733254,0,0
784.795734864,1,0
784.924972088,1,1
784.924974602,0,1
785.054213016,0,0
785.054214370,1,0
785.183451850,1,1
785.183454108,0,1
785.312691776,0,0
785.312693940,1,0
785.441932674,1,1
785.441933740,0,1
785.571172536,0,0
785.571173448,1,0
785.700411434,1,1
785.700413184,0,1
785.829680298,0,0
785.829682954,1,0
785.958921132,1,1
785.958922754,0,1
786.088191060,0,0
786.088193586,1,0
786.217431892,1,1
786.217433322,0,1
786.346671880,0,0
786.346673030,1,0
786.475910652,1,1
786.475911768,0,1
786.605149580,0,0
786.605151536,1,0
786.734389412,1,1
786.734391338,0,1
786.863659400,0,0
786.863662104,1,0
786.992901234,1,1
786.992901904,0,1
787.122140160,0,0
787.122141674,1,0
787.251379994,1,1
787.251381348,0,1
787.380619920,0,0
787.380621118,1,0
787.509859690,1,1
787.509860916,0,1
787.639098618,0,0
787.639099684,1,0
787.768368512,1,1
787.768370486,0,1
787.897639438,0,0
787.897640190,1,0
788.026877334,1,1
788.026879990,0,1
788.156117134,0,0
788.156119758,1,0
788.285358030,1,1
788.285359556,0,1
788.414597894,0,0
788.414599262,1,0
788.543835788,1,1
788.543839062,0,1
788.673075714,0,0
788.673078766,1,0
788.802316546,1,1
788.802318628,0,1
788.931556472,0,0
788.931558332,1,0
789.060796368,1,1
789.060798132,0,1
789.190035230,0,0
789.190037900,1,0
789.319276126,1,1
789.319277636,0,1
789.448514926,0,0
789.448517342,1,0
789.577755822,1,1
789.577757140,0,1
789.706995746,0,0
789.706996908,1,0
789.836234578,1,1
789.836236706,0,1
789.965473504,0,0
789.965475412,1,0
790.094712460,1,1
790.094715212,0,1
790.223954262,0,0
790.223954978,1,0
790.353194156,1,1
790.353194776,0,1
790.482434018,0,0
790.482434544,1,0
790.611672976,1,1
790.611674218,0,1
790.740913776,0,0
790.740914046,1,0
790.870152670,1,1
790.870153782,0,1
790.999391532,0,0
790.999393550,1,0
791.128632364,1,1
791.128633284,0,1
791.257871290,0,0
791.257873052,1,0
791.387112182,1,1
791.387112850,0,1
791.516350546,0,0
791.516352618,1,0
791.645591938,1,1
791.645592352,0,1
791.774830176,0,0
791.774832118,1,0
791.904069944,1,1
791.904071916,0,1
792.033309808,0,0
792.033311620,1,0
792.162549640,1,1
792.162551418,0,1
792.291787374,0,0
792.291790124,1,0
792.421027270,1,1
792.421029984,0,1
792.550268130,0,0
792.550269688,1,0
792.679507900,1,1
792.679509486,0,1
792.808747762,0,0
792.808749252,1,0
792.937986718,1,1
792.937989050,0,1
793.067226642,0,0
793.067228752,1,0
793.196466534,1,1
793.196468550,0,1
793.325707020,0,0
793.325708254,1,0
793.454946850,1,1
793.454948050,0,1
793.584186150,0,0
793.584187816,1,0
793.713426044,1,1
793.713427552,0,1
793.842664966,0,0
793.842667378,1,0
793.971905736,1,1
793.971907114,0,1
794.101145660,0,0
794.101146878,1,0
794.230385490,1,1
794.230386614,0,1
794.359654412,0,0
794.359656380,1,0
794.488895304,1,1
794.488896176,0,1
794.618163168,0,0
794.618165880,1,0
794.747403996,1,1
794.747405676,0,1
794.876643918,0,0
794.876645442,1,0
795.005883812,1,1
795.005885238,0,1
795.135122672,0,0
795.135125004,1,0
795.264362564,1,1
795.264364738,0,1
795.393602488,0,0
795.393604440,1,0
795.522842380,1,1
795.522844236,0,1
795.652082240,0,0
795.652084002,1,0
795.781322134,1,1
795.781323798,0,1
795.910561992,0,0
795.910563500,1,0
796.039800824,1,1
796.039803296,0,1
796.169040746,0,0
796.169043060,1,0
796.298281576,1,1
796.298282856,0,1
796.427519500,0,0
796.427522560,1,0
796.556791390,1,1
796.556792294,0,1
796.686029314,0,0
796.686032058,1,0
796.815270142,1,1
796.815271854,0,1
796.944508940,0,0
796.944511618,1,0
797.073750894,1,1
797.073751414,0,1
797.202989692,0,0
797.202991178,1,0
797.332259646,1,1
797.332260912,0,1
797.461498568,0,0
797.461500614,1,0
797.590738396,1,1
797.590740410,0,1
797.719979320,0,0
797.719980112,1,0
797.849218148,1,1
797.849219970,0,1
797.978459008,0,0
797.978459670,1,0
798.107697836,1,1
798.107699466,0,1
798.236937758,0,0
798.236939230,1,0
798.366176650,1,1
798.366179026,0,1
798.495417508,0,0
798.495418726,1,0
798.624657400,1,1
798.624658522,0,1
798.753896260,0,0
798.753898286,1,0
798.883136214,1,1
798.883138018,0,1
799.012376072,0,0
799.012377784,1,0
799.141615900,1,1
799.141617578,0,1
799.270854822,0,0
799.270856342,1,0
799.400094652,1,1
799.400096074,0,1
799.529333510,0,0
799.529335838,1,0
799.658573400,1,1
799.658575632,0,1
799.787814260,0,0
799.787815398,1,0
799.917054152,1,1
799.917055130,0,1
800.046292072,0,0
800.046294892,1,0
800.175531962,1,1
800.175534624,0,1
800.304772822,0,0
800.304774386,1,0
800.434011712,1,1
800.434014182,0,1
800.563251632,0,0
800.563253882,1,0
800.692492398,1,1
800.692493676,0,1
800.821731318,0,0
800.821733438,1,0
800.950972210,1,1
800.950973234,0,1
801.080241068,0,0
801.080242934,1,0
801.209479958,1,1
801.209482728,0,1
801.338720816,0,0
801.338722428,1,0
801.467960708,1,1
801.467962286,0,1
801.597199566,0,0
801.597201986,1,0
801.726440392,1,1
801.726441780,0,1
801.855680312,0,0
801.855681480,1,0
801.984920140,1,1
801.984921274,0,1
802.114189060,0,0
802.114191038,1,0
802.243430012,1,1
802.243430768,0,1
802.372668870,0,0
802.372670530,1,0
802.501908698,1,1
802.501910324,0,1
802.631148618,0,0
802.631150086,1,0
802.760388444,1,1
802.760389880,0,1
802.889628302,0,0
802.889629580,1,0
803.018868192,1,1
803.018869374,0,1
803.148109050,0,0
803.148109138,1,0
803.277345940,1,1
803.277348930,0,1
803.406586796,0,0
803.406588692,1,0
803.535826686,1,1
803.535828360,0,1
803.665096606,0,0
803.665098122,1,0
803.794304496,1,1
803.794307852,0,1
803.923544354,0,0
803.923546676,1,0
804.052784180,1,1
804.052786406,0,1
804.182024098,0,0
804.182026170,1,0
804.311263926,1,1
804.311265964,0,1
804.440502844,0,0
804.440505726,1,0
804.569743734,1,1
804.569745518,0,1
804.698983590,0,0
804.698985280,1,0
804.828254480,1,1
804.828256008,0,1
804.957494338,0,0
804.957495708,1,0
805.086733164,1,1
805.086734500,0,1
805.215972082,0,0
805.215974200,1,0
805.345210970,1,1
805.345214056,0,1
805.474452828,0,0
805.474453818,1,0
805.603692716,1,1
805.603693548,0,1
805.732932572,0,0
805.732933310,1,0
805.862202462,1,1
805.862204038,0,1
805.991443380,0,0
805.991443738,1,0
806.120682206,1,1
806.120683592,0,1
806.249921126,0,0
806.249922354,1,0
806.379160950,1,1
806.379162084,0,1
806.508400870,0,0
806.508401846,1,0
806.637640696,1,1
806.637641574,0,1
806.766879616,0,0
806.766881398,1,0
806.896120504,1,1
806.896121066,0,1
807.025359358,0,0
807.025360828,1,0
807.154599248,1,1
807.154600620,0,1
807.283839102,0,0
807.283840380,1,0
807.413139992,1,1
807.413141110,0,1
807.542377846,0,0
807.542380870,1,0
807.671618736,1,1
807.671620662,0,1
807.800858592,0,0
807.800860360,1,0
807.930098478,1,1
807.930100152,0,1
808.059337334,0,0
808.059339912,1,0
808.188576160,1,1
808.188579642,0,1
808.317816080,0,0
808.317819402,1,0
808.447056904,1,1
808.447059194,0,1
808.576297822,0,0
808.576298954,1,0
808.705536710,1,1
808.705537746,0,1
808.834775564,0,0
808.834777444,1,0
808.964015452,1,1
808.964017174,0,1
809.093254368,0,0
809.093256996,1,0
809.222495194,1,1
809.222496788,0,1
809.351736112,0,0
809.351736486,1,0
809.480973936,1,1
809.480976276,0,1
809.610245854,0,0
809.610247036,1,0
809.739514742,1,1
809.739516702,0,1
809.868754598,0,0
809.868756462,1,0
809.997994422,1,1
809.997996256,0,1
810.127235276,0,0
810.127236014,1,0
810.256474164,1,1
810.256475804,0,1
810.385714082,0,0
810.385715564,1,0
810.514954904,1,1
810.514955292,0,1
810.644193822,0,0
810.644195052,1,0
810.773433708,1,1
810.773434780,0,1
810.902673564,0,0
810.902674540,1,0
811.031911452,1,1
811.031913332,0,1
811.161151306,0,0
811.161153092,1,0
811.290391192,1,1
811.290392882,0,1
811.419631048,0,0
811.419632580,1,0
811.548870870,1,1
811.548872370,0,1
811.678110788,0,0
811.678112128,1,0
811.807350612,1,1
811.807351920,0,1
811.936589528,0,0
811.936591616,1,0
812.065829414,1,1
812.065831408,0,1
812.195069332,0,0
812.195071104,1,0
812.324310156,1,1
812.324310894,0,1
812.453548072,0,0
812.453550652,1,0
812.582789896,1,1
812.582790380,0,1
812.712027812,0,0
812.712030138,1,0
812.841267636,1,1
812.841269928,0,1
812.970508552,0,0
812.970509688,1,0
813.099777376,1,1
813.099779478,0,1
813.229017292,0,0
813.229019174,1,0
813.358287114,1,1
813.358288900,0,1
813.487526970,0,0
813.487528660,1,0
813.616765856,1,1
813.616768450,0,1
813.746006710,0,0
813.746008208,1,0
813.875246594,1,1
813.875248000,0,1
814.004485510,0,0
814.004487694,1,0
814.133756396,1,1
814.133758422,0,1
814.262997250,0,0
814.262998180,1,0
814.392237072,1,1
814.392237968,0,1
814.521474926,0,0
814.521476726,1,0
814.650715874,1,1
814.650716518,0,1
814.779954728,0,0
814.779956276,1,0
814.909194612,1,1
814.909196004,0,1
815.038433466,0,0
815.038435760,1,0
815.167674352,1,1
815.167675486,0,1
815.296913204,0,0
815.296915246,1,0
815.426153088,1,1
815.426155036,0,1
815.555394004,0,0
815.555394792,1,0
815.684632828,1,1
815.684634520,0,1
815.813871680,0,0
815.813874278,1,0
815.943141566,1,1
815.943144068,0,1
816.072382480,0,0
816.072383824,1,0
816.201623302,1,1
816.201623552,0,1
816.330892156,0,0
816.330894308,1,0
816.460130978,1,1
816.460134096,0,1
816.589371894,0,0
816.589373792,1,0
816.718612778,1,1
816.718613580,0,1
816.847880630,0,0
816.847883278,1,0
816.977089516,1,1
816.977092064,0,1
817.106330430,0,0
817.106331758,1,0
817.235570252,1,1
817.235571546,0,1
817.364840104,0,0
817.364842306,1,0
817.494080988,1,1
817.494082094,0,1
817.623320904,0,0
817.623321850,1,0
817.752559788,1,1
817.752561576,0,1
817.881800640,0,0
817.881801334,1,0
818.011039524,1,1
818.011041122,0,1
818.140278376,0,0
818.140279818,1,0
818.269518260,1,1
818.269519606,0,1
818.398757174,0,0
818.398759362,1,0
818.527996996,1,1
818.527999088,0,1
818.657237910,0,0
818.657238844,1,0
818.786477670,1,1
818.786478632,0,1
818.915716584,0,0
818.915718326,1,0
819.044955466,1,1
819.044958116,0,1
819.174195318,0,0
819.174197872,1,0
819.303436202,1,1
819.303437660,0,1
819.432676054,0,0
819.432677416,1,0
819.561915000,1,1
819.561917078,0,1
819.691153852,0,0
819.691156896,1,0
819.820395734,1,1
819.820396560,0,1
819.949634586,0,0
819.949636378,1,0
820.078904468,1,1
820.078906166,0,1
820.208144258,0,0
820.208145922,1,0
820.337415142,1,1
820.337416584,0,1
820.466654054,0,0
820.466655404,1,0
820.595891938,1,1
820.595895192,0,1
820.725132726,0,0
820.725134884,1,0
820.854372610,1,1
820.854374672,0,1
820.983612462,0,0
820.983614428,1,0
821.112882342,1,1
821.112885152,0,1
821.242123256,0,0
821.242124908,1,0
821.371363138,1,1
821.371364632,0,1
821.500602990,0,0
821.500604388,1,0
821.629841872,1,1
821.629843176,0,1
821.759080722,0,0
821.759082932,1,0
821.888321544,1,1
821.888322720,0,1
822.017560394,0,0
822.017562412,1,0
822.146801278,1,1
822.146802198,0,1
822.276040188,0,0
822.276041954,1,0
822.405280072,1,1
822.405281742,0,1
822.534520922,0,0
822.534521434,1,0
822.663758804,1,1
822.663761220,0,1
822.792998718,0,0
822.793000914,1,0
822.922238536,1,1
822.922240700,0,1
823.051478388,0,0
823.051480392,1,0
823.180719208,1,1
823.180720242,0,1
823.309958120,0,0
823.309959934,1,0
823.439197002,1,1
823.439199720,0,1
823.568438850,0,0
823.568439474,1,0
823.697676734,1,1
823.697679264,0,1
823.826918582,0,0
823.826918954,1,0
823.956157466,1,1
823.956157680,0,1
824.085426314,0,0
824.085428496,1,0
824.214666134,1,1
824.214668218,0,1
824.343905046,0,0
824.343907974,1,0
824.473146928,1,1
824.473147760,0,1
824.602386776,0,0
824.602387514,1,0
824.731625660,1,1
824.731627236,0,1
824.860894758,0,0
824.860896992,1,0
824.990134514,1,1
824.990136716,0,1
825.119374364,0,0
825.119376470,1,0
825.248645120,1,1
825.248646318,0,1
825.377885032,0,0
825.377886010,1,0
825.507124290,1,1
825.507125734,0,1
825.636362762,0,0
825.636365486,1,0
825.765602582,1,1
825.765605210,0,1
825.894843744,0,0
825.894844964,1,0
826.024083562,1,1
826.024084812,0,1
826.153323410,0,0
826.153324504,1,0
826.282563166,1,1
826.282564288,0,1
826.411801890,0,0
826.411804042,1,0
826.541041772,1,1
826.541043766,0,1
826.670282682,0,0
826.670283518,1,0
826.799522564,1,1
826.799523178,0,1
826.928762476,0,0
826.928762994,1,0
827.058000982,1,1
827.058002718,0,1
827.187240830,0,0
827.187242472,1,0
827.316479022,1,1
827.316482256,0,1
827.445718934,0,0
827.445721010,1,0
827.574959752,1,1
827.574960732,0,1
827.704199662,0,0
827.704200484,1,0
827.833470418,1,1
827.833471208,0,1
827.962708390,0,0
827.962710962,1,0
828.091948210,1,1
828.091950746,0,1
828.221189808,0,0
828.221190436,1,0
828.350429626,1,1
828.350430284,0,1
828.479667848,0,0
828.479670036,1,0
828.608937666,1,1
828.608939822,0,1
828.738178514,0,0
828.738179512,1,0
828.867446396,1,1
828.867449296,0,1
828.996687242,0,0
828.996688986,1,0
829.125927186,1,1
829.125928770,0,1
829.255166034,0,0
829.255168524,1,0
829.384405850,1,1
829.384408246,0,1
829.513677760,0,0
829.513678936,1,0
829.642916578,1,1
829.642918782,0,1
829.772156490,0,0
829.772158474,1,0
829.901396306,1,1
829.901397256,0,1
830.030635216,0,0
830.030637008,1,0
830.159874096,1,1
830.159876794,0,1
830.289114944,0,0
830.289116484,1,0
830.418354760,1,1
830.418356268,0,1
830.547625670,0,0
830.547627022,1,0
830.676864488,1,1
830.676866740,0,1
830.806105396,0,0
830.806106494,1,0
830.935344276,1,1
830.935346276,0,1
831.064583124,0,0
831.064584966,1,0
831.193823004,1,1
831.193824750,0,1
831.323062850,0,0
831.323064502,1,0
831.452303666,1,1
831.452304286,0,1
831.581572576,0,0
831.581574974,1,0
831.710812456,1,1
831.710814758,0,1
831.840052304,0,0
831.840054512,1,0
831.969293182,1,1
831.969294230,0,1
832.098533092,0,0
832.098533982,1,0
832.227770908,1,1
832.227772766,0,1
832.357011754,0,0
832.357012518,1,0
832.486250632,1,1
832.486252300,0,1
832.615489480,0,0
832.615491990,1,0
832.744730358,1,1
832.744731710,0,1
832.873971268,0,0
832.873971462,1,0
833.003208084,1,1
833.003211246,0,1
833.132448992,0,0
833.132450996,1,0
833.261689872,1,1
833.261690780,0,1
833.390928718,0,0
833.390930468,1,0
833.520168596,1,1
833.520170250,0,1
833.649408504,0,0
833.649410002,1,0
833.778647258,1,1
833.778649784,0,1
833.907887168,0,0
833.907889534,1,0
834.037126982,1,1
834.037129256,0,1
834.166366892,0,0
834.166368944,1,0
834.295606768,1,1
834.295608726,0,1
834.424846614,0,0
834.424848476,1,0
834.554085492,1,1
834.554087258,0,1
834.683325400,0,0
834.683326948,1,0
834.812564218,1,1
834.812566792,0,1
834.941805064,0,0
834.941806480,1,0
835.071044940,1,1
835.071046262,0,1
835.200284786,0,0
835.200286014,1,0
835.329555664,1,1
835.329556732,0,1
835.458793572,0,0
835.458796482,1,0
835.588034388,1,1
835.588036202,0,1
835.717272296,0,0
835.717274952,1,0
835.846513174,1,1
835.846514734,0,1
835.975753018,0,0
835.975754422,1,0
836.104992832,1,1
836.104994266,0,1
836.234232678,0,0
836.234234016,1,0
836.363502554,1,1
836.363504736,0,1
836.492743462,0,0
836.492744486,1,0
836.621983340,1,1
836.621984204,0,1
836.751221184,0,0
836.751223954,1,0
836.880461062,1,1
836.880462736,0,1
837.009700908,0,0
837.009702486,1,0
837.138940722,1,1
837.138942270,0,1
837.268181628,0,0
837.268181956,1,0
837.397420444,1,1
837.397421676,0,1
837.526659350,0,0
837.526661360,1,0
837.655899164,1,1
837.655901206,0,1
837.785139072,0,0
837.785140956,1,0
837.914378948,1,1
837.914380674,0,1
838.043618792,0,0
838.043620424,1,0
838.172858670,1,1
838.172860204,0,1
838.302127514,0,0
838.302129954,1,0
838.431368328,1,1
838.431369734,0,1
838.560608236,0,0
838.560609422,1,0
838.689847112,1,1
838.689849140,0,1
838.819088018,0,0
838.819088890,1,0
838.948327834,1,1
838.948328670,0,1
839.077567740,0,0
839.077568356,1,0
839.206807554,1,1
839.206808200,0,1
839.336047460,0,0
839.336047886,1,0
839.465285212,1,1
839.465287668,0,1
839.594525116,0,0
839.594527416,1,0
839.723765994,1,1
839.723767196,0,1
839.853006820,1,1
839.853006840,1,0
839.982244714,1,1
839.982246600,0,1
840.111514682,0,0
840.111516350,1,0
840.240755496,1,1
840.240756130,0,1
840.370025340,0,0
840.370026940,1,0
840.499264152,1,1
840.499265596,0,1
840.628504058,0,0
840.628505346,1,0
840.757743934,1,1
840.757745126,0,1
840.887013778,0,0
840.887015874,1,0
841.016252654,1,1
841.016255592,0,1
841.145493434,0,0
841.145495340,1,0
841.274733310,1,1
841.274735120,0,1
841.403973216,0,0
841.403974868,1,0
841.533213028,1,1
841.533214522,0,1
841.662450934,0,0
841.662453334,1,0
841.791690808,1,1
841.791693112,0,1
841.920930716,0,0
841.920932800,1,0
842.050170528,1,1
842.050172578,0,1
842.179410434,0,0
842.179412328,1,0
842.308649308,1,1
842.308652108,0,1
842.437889090,0,0
842.437891792,1,0
842.567128966,1,1
842.567131572,0,1
842.696369806,0,0
842.696371320,1,0
842.825609682,1,1
842.825611038,0,1
842.954849588,0,0
842.954850722,1,0
843.084119400,1,1
843.084120564,0,1
843.213359304,0,0
843.213360310,1,0
843.342598180,1,1
843.342600028,0,1
843.471839022,0,0
843.471839778,1,0
843.601078834,1,1
843.601079556,0,1
843.730316678,0,0
843.730319304,1,0
843.859587614,1,1
843.859590018,0,1
843.988827520,0,0
843.988828704,1,0
844.118067332,1,1
844.118068546,0,1
844.247307238,0,0
844.247308232,1,0
844.376547048,1,1
844.376547946,0,1
844.505786828,0,0
844.505787756,1,0
844.635025764,1,1
844.635027536,0,1
844.764265606,0,0
844.764267282,1,0
844.893505480,1,1
844.893506938,0,1
845.022744386,0,0
845.022746684,1,0
845.151985196,1,1
845.151986464,0,1
845.281223102,0,0
845.281226210,1,0
845.410463912,1,1
845.410465926,0,1
845.539703818,0,0
845.539705734,1,0
845.668943692,1,1
845.668945450,0,1
845.798183470,0,0
845.798185198,1,0
845.927423344,1,1
845.927424976,0,1
846.056663248,0,0
846.056664724,1,0
846.185902060,1,1
846.185904440,0,1
846.315141964,0,0
846.315143122,1,0
846.444380776,1,1
846.444382900,0,1
846.573621680,0,0
846.573622584,1,0
846.702860552,1,1
846.702862426,0,1
846.832100394,0,0
846.832102108,1,0
846.961340268,1,1
846.961341888,0,1
847.090579110,0,0
847.090581634,1,0
847.219820920,1,1
847.219821412,0,1
847.349059824,0,0
847.349061096,1,0
847.478298634,1,1
847.478300874,0,1
847.607569538,0,0
847.607570556,1,0
847.736808412,1,1
847.736810398,0,1
847.866079190,0,0
847.866081144,1,0
847.995319126,1,1
847.995320858,0,1
848.124559966,0,0
848.124560606,1,0
848.253797840,1,1
848.253800258,0,1
848.383037680,0,0
848.383040066,1,0
848.512277554,1,1
848.512279780,0,1
848.641517456,0,0
848.641518526,1,0
848.770756266,1,1
848.770758304,0,1
848.899997170,0,0
848.899998050,1,0
849.029234980,1,1
849.029237826,0,1
849.158475820,0,0
849.158477512,1,0
849.287715694,1,1
849.287717288,0,1
849.416955534,0,0
849.416957034,1,0
849.546195346,1,1
849.546196748,0,1
849.675434248,0,0
849.675436430,1,0
849.804675120,1,1
849.804676272,0,1
849.933913022,0,0
849.933916014,1,0
850.063153894,1,1
850.063155668,0,1
850.192393736,0,0
850.192395476,1,0
850.321633608,1,1
850.321635252,0,1
850.450873448,0,0
850.450874936,1,0
850.580112258,1,1
850.580114774,0,1
850.709352160,0,0
850.709354458,1,0
850.838591970,1,1
850.838594234,0,1
850.967831874,0,0
850.967832916,1,0
851.097070684,1,1
851.097072632,0,1
851.226310584,0,0
851.226312376,1,0
851.355550394,1,1
851.355552152,0,1
851.484790296,0,0
851.484791898,1,0
851.614061104,1,1
851.614062674,0,1
851.743302008,0,0
851.743302356,1,0
851.872540880,1,1
851.872542132,0,1
852.001779718,0,0
852.001781814,1,0
852.131018590,1,1
852.131020590,0,1
852.260259492,0,0
852.260260336,1,0
852.389498302,1,1
852.389500112,0,1
852.518739142,0,0
852.518739794,1,0
852.647977012,1,1
852.647979572,0,1
852.777248852,0,0
852.777250316,1,0
852.906456662,1,1
852.906459090,0,1
853.035696564,0,0
853.035698834,1,0
853.164937434,1,1
853.164938610,0,1
853.294175336,0,0
853.294178294,1,0
853.423415146,1,1
853.423418008,0,1
853.552655048,0,0
853.552657752,1,0
853.681894856,1,1
853.681897528,0,1
853.811135758,0,0
853.811137208,1,0
853.940375628,1,1
853.940376984,0,1
854.069615468,0,0
854.069616728,1,0
854.198855338,1,1
854.198856440,0,1
854.328124176,0,0
854.328126186,1,0
854.457364984,1,1
854.457365960,0,1
854.586603824,0,0
854.586605704,1,0
854.715843696,1,1
854.715845482,0,1
854.845083596,0,0
854.845085224,1,0
854.974323466,1,1
854.974324938,0,1
855.103563306,0,0
855.103564682,1,0
855.232803176,1,1
855.232804456,0,1
855.362042014,0,0
855.362044138,1,0
855.491282822,1,1
855.491283974,0,1
855.620521724,0,0
855.620522656,1,0
855.749760594,1,1
855.749762368,0,1
855.879000494,0,0
855.879002112,1,0
856.008241302,1,1
856.008241886,0,1
856.137480140,0,0
856.137481568,1,0
856.266719948,1,1
856.266721342,0,1
856.395960912,0,0
856.395961086,1,0
856.525198782,1,1
856.525200860,0,1
856.654438558,0,0
856.654440604,1,0
856.783678366,1,1
856.783680378,0,1
856.912918330,0,0
856.912920060,1,0
857.042157136,1,1
857.042159836,0,1
857.171397036,0,0
857.171399578,1,0
857.300636846,1,1
857.300639290,0,1
857.429876744,0,0
857.429878970,1,0
857.559117614,1,1
857.559118808,0,1
857.688355452,0,0
857.688358488,1,0
857.817595322,1,1
857.817597262,0,1
857.946835160,0,0
857.946837006,1,0
858.076074968,1,1
858.076076718,0,1
858.205315868,0,0
858.205316460,1,0
858.334554674,1,1
858.334556234,0,1
858.463794576,0,0
858.463795914,1,0
858.593033444,1,1
858.593035688,0,1
858.722274282,0,0
858.722275430,1,0
858.851514150,1,1
858.851515142,0,1
858.980753988,0,0
858.980754948,1,0
859.110022858,1,1
859.110024658,0,1
859.239262696,0,0
859.239264402,1,0
859.368503502,1,1
859.368504176,0,1
859.497742402,0,0
859.497743854,1,0
859.627013272,1,1
859.627014630,0,1
859.756222170,0,0
859.756223308,1,0
859.885460664,1,1
859.885463082,0,1
860.014732814,0,0
860.014733888,1,0
860.143972684,1,1
860.143973598,0,1
860.273210584,0,0
860.273212342,1,0
860.402450326,1,1
860.402452052,0,1
860.531690164,0,0
860.531691794,1,0
860.660929970,1,1
860.660931504,0,1
860.790167932,0,0
860.790171246,1,0
860.919408802,1,1
860.919410956,0,1
861.048648700,0,0
861.048650762,1,0
861.177889194,1,1
861.177890536,0,1
861.307128404,0,0
861.307130216,1,0
861.436368274,1,1
861.436369990,0,1
861.565607110,0,0
861.565609730,1,0
861.694846978,1,1
861.694849502,0,1
861.824087816,0,0
861.824089182,1,0
861.953326620,1,1
861.953328894,0,1
862.082597518,0,0
862.082598634,1,0
862.211836388,1,1
862.211838406,0,1
862.341076286,0,0
862.341078148,1,0
862.470316092,1,1
862.470317922,0,1
862.599555992,0,0
862.599557664,1,0
862.728795796,1,1
862.728797374,0,1
862.858065632,0,0
862.858067052,1,0
862.987305500,1,1
862.987306824,0,1
863.116544336,0,0
863.116546566,1,0
863.245785204,1,1
863.245786340,0,1
863.375026080,1,1
863.375026102,1,0
863.504264970,1,1
863.504265852,0,1
863.633503806,0,0
863.633505532,1,0
863.762744612,1,1
863.762745304,0,1
863.891984448,0,0
863.891984984,1,0
864.021222252,1,1
864.021224756,0,1
864.150463214,0,0
864.150464496,1,0
864.279702018,1,1
864.279704208,0,1
864.408942916,0,0
864.408943948,1,0
864.538181722,1,1
864.538183782,0,1
864.667421620,0,0
864.667423460,1,0
864.796660424,1,1
864.796663232,0,1
864.925899322,0,0
864.925901972,1,0
865.055140190,1,1
865.055141744,0,1
865.184378964,0,0
865.184381362,1,0
865.313618830,1,1
865.313621134,0,1
865.442858728,0,0
865.442860874,1,0
865.572099532,1,1
865.572100646,0,1
865.701338428,0,0
865.701340386,1,0
865.830609296,1,1
865.830611096,0,1
865.959849130,0,0
865.959850898,1,0
866.089086998,1,1
866.089089608,0,1
866.218327834,0,0
866.218329284,1,0
866.347567636,1,1
866.347569056,0,1
866.476807474,0,0
866.476808798,1,0
866.606046402,1,1
866.606048568,0,1
866.735286236,0,0
866.735288246,1,0
866.864525102,1,1
866.864528080,0,1
866.993767000,0,0
866.993767756,1,0
867.123005804,1,1
867.123007528,0,1
867.252245700,0,0
867.252247268,1,0
867.381485506,1,1
867.381487040,0,1
867.510725338,0,0
867.510726654,1,0
867.639965144,1,1
867.639966426,0,1
867.769204040,0,0
867.769206166,1,0
867.898444906,1,1
867.898445936,0,1
868.027683804,0,0
868.027685676,1,0
868.156923608,1,1
868.156925448,0,1
868.286162504,0,0
868.286164188,1,0
868.415402370,1,1
868.415403896,0,1
868.544641204,0,0
868.544643572,1,0
868.673881068,1,1
868.673883342,0,1
868.803120966,0,0
868.803123144,1,0
868.932360646,1,1
868.932362852,0,1
869.061600602,0,0
869.061602530,1,0
869.190840408,1,1
869.190842300,0,1
869.320079304,0,0
869.320082038,1,0
869.449320168,1,1
869.449321810,0,1
869.578589002,0,0
869.578591550,1,0
869.707828868,1,1
869.707831320,0,1
869.837068764,0,0
869.837070996,1,0
869.966308506,1,1
869.966310766,0,1
870.095548400,0,0
870.095550444,1,0
870.224788266,1,1
870.224790212,0,1
870.354028100,0,0
870.354029890,1,0
870.483267966,1,1
870.483269660,0,1
870.612538862,0,0
870.612540400,1,0
870.741777666,1,1
870.741779170,0,1
870.871017498,0,0
870.871018846,1,0
871.000256300,1,1
871.000258616,0,1
871.129496198,0,0
871.129498354,1,0
871.258737062,1,1
871.258738062,0,1
871.387976958,0,0
871.387977800,1,0
871.517216822,1,1
871.517217570,0,1
871.646456656,0,0
871.646457308,1,0
871.775695520,1,1
871.775697078,0,1
871.904935354,0,0
871.904936816,1,0
872.034175218,1,1
872.034176524,0,1
872.163416114,0,0
872.163416262,1,0
872.292653854,1,1
872.292655968,0,1
872.421892686,0,0
872.421895708,1,0
872.551133552,1,1
872.551135478,0,1
872.680373448,0,0
872.680375154,1,0
872.809643310,1,1
872.809644984,0,1
872.938882144,0,0
872.938884660,1,0
873.068122010,1,1
873.068124430,0,1
873.197362902,0,0
873.197364168,1,0
873.326602642,1,1
873.326603874,0,1
873.455841538,0,0
873.455843550,1,0
873.585081340,1,1
873.585083318,0,1
873.714321298,0,0
873.714323056,1,0
873.843561036,1,1
873.843562828,0,1
873.972800932,0,0
873.972802564,1,0
874.102039796,1,1
874.102041334,0,1
874.231279628,0,0
874.231281010,1,0
874.360549430,1,1
874.360551776,0,1
874.489791324,0,0
874.489791452,1,0
874.619030190,1,1
874.619031224,0,1
874.748269022,0,0
874.748270960,1,0
874.877509886,1,1
874.877510666,0,1
875.006778782,0,0
875.006780468,1,0
875.135988582,1,1
875.135990172,0,1
875.265227476,0,0
875.265229910,1,0
875.394468340,1,1
875.394468680,0,1
875.523707172,0,0
875.523708418,1,0
875.652946972,1,1
875.652948060,0,1
875.782186868,0,0
875.782187798,1,0
875.911426670,1,1
875.911427566,0,1
876.040664564,0,0
876.040667304,1,0
876.169905366,1,1
876.169907010,0,1
876.299145260,0,0
876.299146746,1,0
876.428385124,1,1
876.428386514,0,1
876.557623954,0,0
876.557626254,1,0
876.686864818,1,1
876.686866022,0,1
876.816102650,0,0
876.816105758,1,0
876.945342514,1,1
876.945345464,0,1
877.074583346,0,0
877.074585200,1,0
877.203824146,1,1
877.203824906,0,1
877.333092104,0,0
877.333094644,1,0
877.462332904,1,1
877.462334410,0,1
877.591571798,0,0
877.591574148,1,0
877.720812598,1,1
877.720813854,0,1
877.850052492,0,0
877.850053590,1,0
877.979292230,1,1
877.979293298,0,1
878.108561124,0,0
878.108563096,1,0
878.237800988,1,1
878.237802864,0,1
878.367040880,0,0
878.367042538,1,0
878.496280682,1,1
878.496282306,0,1
878.625520574,0,0
878.625522042,1,0
878.754760438,1,1
878.754761810,0,1
878.883999270,0,0
878.884001484,1,0
879.013239070,1,1
879.013241190,0,1
879.142479900,0,0
879.142480926,1,0
879.271718764,1,1
879.271720692,0,1
879.400958656,0,0
879.400960366,1,0
879.530198458,1,1
879.530200198,0,1
879.659438352,0,0
879.659439872,1,0
879.788677214,1,1
879.788679638,0,1
879.917917044,0,0
879.917919374,1,0
880.047155906,1,1
880.047158142,0,1
880.176395738,0,0
880.176397814,1,0
880.305635600,1,1
880.305637584,0,1
880.434875368,0,0
880.434877256,1,0
880.564114294,1,1
880.564117024,0,1
880.693354124,0,0
880.693356760,1,0
880.822594924,1,1
880.822596526,0,1
880.951834878,0,0
880.951836200,1,0
881.081105680,1,1
881.081106966,0,1
881.210343572,0,0
881.210345764,1,0
881.339582372,1,1
881.339585408,0,1
881.468824202,0,0
881.468825142,1,0
881.598063064,1,1
881.598064910,0,1
881.727302956,0,0
881.727304582,1,0
881.856542758,1,1
881.856544412,0,1
881.985781586,0,0
881.985784148,1,0
882.115021512,1,1
882.115023914,0,1
882.244262340,0,0
882.244263586,1,0
882.373502140,1,1
882.373503290,0,1
882.502772032,0,0
882.502773026,1,0
882.632010832,1,1
882.632012792,0,1
882.761250724,0,0
882.761252464,1,0
882.890489524,1,1
882.890492294,0,1
883.019731416,0,0
883.019731966,1,0
883.148970278,1,1
883.148971732,0,1
883.278209106,0,0
883.278211468,1,0
883.407448968,1,1
883.407451234,0,1
883.536688862,0,0
883.536690908,1,0
883.665929660,1,1
883.665930672,0,1
883.795168488,0,0
883.795170344,1,0
883.924409350,1,1
883.924410110,0,1
884.053649180,0,0
884.053649844,1,0
884.182888040,1,1
884.182889548,0,1
884.312126934,0,0
884.312129284,1,0
884.441366732,1,1
884.441369050,0,1
884.570606624,0,0
884.570607784,1,0
884.699846486,1,1
884.699847550,0,1
884.829116314,0,0
884.829118222,1,0
884.958355050,1,1
884.958357988,0,1
885.087596004,0,0
885.087597722,1,0
885.216834864,1,1
885.216837426,0,1
885.346074694,0,0
885.346077158,1,0
885.475315492,1,1
885.475316924,0,1
885.604554384,0,0
885.604556658,1,0
885.733794308,1,1
885.733796426,0,1
885.863063072,0,0
885.863066096,1,0
885.992304934,1,1
885.992305860,0,1
886.121544764,0,0
886.121545532,1,0
886.250783560,1,1
886.250785298,0,1
886.380023452,0,0
886.380025032,1,0
886.509263314,1,1
886.509264798,0,1
886.638533204,0,0
886.638534532,1,0
886.767773002,1,1
886.767774234,0,1
886.897012830,0,0
886.897013904,1,0
887.026252630,1,1
887.026253672,0,1
887.155491520,0,0
887.155493468,1,0
887.284731380,1,1
887.284733170,0,1
887.413972272,0,0
887.413972904,1,0
887.543241070,1,1
887.543242668,0,1
887.672479898,0,0
887.672482276,1,0
887.801720758,1,1
887.801722104,0,1
887.930959650,0,0
887.930961774,1,0
888.060199446,1,1
888.060201540,0,1
888.189439338,0,0
888.189441272,1,0
888.318679196,1,1
888.318681038,0,1
888.447920026,0,0
888.447920772,1,0
888.577187886,1,1
888.577190536,0,1
888.706429652,0,0
888.706430144,1,0
888.835666512,1,1
888.835669910,0,1
888.964907400,0,0
888.964909644,1,0
889.094147262,1,1
889.094149408,0,1
889.223387090,0,0
889.223389140,1,0
889.352626886,1,1
889.352628904,0,1
889.481896776,0,0
889.481898638,1,0
889.611105636,1,1
889.611108338,0,1
889.740346464,0,0
889.740348072,1,0
889.869586324,1,1
889.869587838,0,1
889.998825214,0,0
889.998827508,1,0
890.128065012,1,1
890.128067210,0,1
890.257305840,0,0
890.257306942,1,0
890.386605698,1,1
890.386607708,0,1
890.515815526,0,0
890.515816438,1,0
890.645084384,1,1
890.645086142,0,1
890.774325212,0,0
890.774325874,1,0
890.903564072,1,1
890.903565636,0,1
891.032803962,0,0
891.032805308,1,0
891.162043760,1,1
891.162045134,0,1
891.291281650,0,0
891.291284804,1,0
891.420522508,1,1
891.420524566,0,1
891.549762336,0,0
891.549764300,1,0
891.679003132,1,1
891.679004062,0,1
891.808242084,0,0
891.808243796,1,0
891.937511880,1,1
891.937513434,0,1
892.066750708,0,0
892.066753166,1,0
892.195990504,1,1
892.195992930,0,1
892.325232394,0,0
892.325232664,1,0
892.454471190,1,1
892.454472428,0,1
892.583709330,0,0
892.583712096,1,0
892.712949938,1,1
892.712951860,0,1
892.842189828,0,0
892.842191592,1,0
892.971429626,1,1
892.971431292,0,1
893.100669452,0,0
893.100670964,1,0
893.229909248,1,1
893.229910788,0,1
893.359178576,0,0
893.359180458,1,0
893.488418996,1,1
893.488420284,0,1
893.617658886,0,0
893.617659952,1,0
893.746898682,1,1
893.746899716,0,1
893.876137698,0,0
893.876139448,1,0
894.005377492,1,1
894.005379148,0,1
894.134617318,0,0
894.134618818,1,0
894.263856052,1,1
894.263858642,0,1
894.393097878,0,0
894.393098312,1,0
894.522336738,1,1
894.522338074,0,1
894.651575440,0,0
894.651577806,1,0
894.780816486,1,1
894.780817570,0,1
894.910056312,0,0
894.910057302,1,0
895.039294170,1,1
895.039297002,0,1
895.168533996,0,0
895.168536734,1,0
895.297804854,1,1
895.297806432,0,1
895.427074680,0,0
895.427076164,1,0
895.556313478,1,1
895.556315928,0,1
895.685554366,0,0
895.685555660,1,0
895.814794222,1,1
895.814795422,0,1
895.944033112,0,0
895.944035090,1,0
896.073273906,1,1
896.073274790,0,1
896.202513732,0,0
896.202514520,1,0
896.331752592,1,1
896.331754282,0,1
896.460992416,0,0
896.460994014,1,0
896.590231212,1,1
896.590233776,0,1
896.719473038,0,0
896.719473506,1,0
896.848710958,1,1
896.848713208,0,1
896.977950784,0,0
896.977953002,1,0
897.107220642,1,1
897.107222700,0,1
897.236491468,0,0
897.236493370,1,0
897.365760326,1,1
897.365763194,0,1
897.495001214,0,0
897.495002924,1,0
897.624241008,1,1
897.624242562,0,1
897.753479958,0,0
897.753482292,1,0
897.882720754,1,1
897.882722054,0,1
898.011959578,0,0
898.011961722,1,0
898.141200374,1,1
898.141201484,0,1
898.270439264,0,0
898.270441216,1,0
898.399679056,1,1
898.399680978,0,1
898.528919946,0,0
898.528920708,1,0
898.658157802,1,1
898.658160468,0,1
898.787397628,0,0
898.787400136,1,0
898.916636484,1,1
898.916638898,0,1
899.045876310,0,0
899.045878566,1,0
899.175116168,1,1
899.175118328,0,1
899.304357054,0,0
899.304358058,1,0
899.433596788,1,1
899.433597820,0,1
899.562834674,0,0
899.562837550,1,0
899.692075532,1,1
899.692077248,0,1
899.821316356,0,0
899.821316978,1,0
899.950556214,1,1
899.950556740,0,1
900.079824100,0,0
900.079826408,1,0
900.209063896,1,1
900.209066170,0,1
900.338303720,0,0
900.338305836,1,0
900.467544578,1,1
900.467545598,0,1
900.596783464,0,0
900.596785328,1,0
900.726024258,1,1
900.726025088,0,1
900.855263146,0,0
900.855264820,1,0
900.984502940,1,1
900.984504580,0,1
901.113773828,0,0
901.113775184,1,0
901.243012684,1,1
901.243013946,0,1
901.372252446,0,0
901.372253738,1,0
901.501491302,1,1
901.501493438,0,1
901.630731188,0,0
901.630733166,1,0
901.759971046,1,1
901.759972928,0,1
901.889210870,0,0
901.889212658,1,0
902.018450726,1,1
902.018452418,0,1
902.147690550,0,0
902.147692084,1,0
902.276930406,1,1
902.276931846,0,1
902.406170296,0,0
902.406171514,1,0
902.535408088,1,1
902.535411274,0,1
902.664648974,0,0
902.664651002,1,0
902.793888704,1,1
902.793890764,0,1
902.923128654,0,0
902.923130430,1,0
903.052368448,1,1
903.052370190,0,1
903.181609334,0,0
903.181609922,1,0
903.310847128,1,1
903.310849682,0,1
903.440088014,0,0
903.440089410,1,0
903.569326870,1,1
903.569328172,0,1
903.698565696,0,0
903.698567776,1,0
903.827836488,1,1
903.827838536,0,1
903.957075376,0,0
903.957078266,1,0
904.086346230,1,1
904.086348026,0,1
904.215585054,0,0
904.215587754,1,0
904.344825910,1,1
904.344827452,0,1
904.474066734,0,0
904.474067180,1,0
904.603304590,1,1
904.603306878,0,1
904.732545414,0,0
904.732546606,1,0
904.861813270,1,1
904.861816430,0,1
904.991055092,0,0
904.991056096,1,0
905.120294948,1,1
905.120295854,0,1
905.249533772,0,0
905.249535584,1,0
905.378773626,1,1
905.378775220,0,1
905.508012514,0,0
905.508015010,1,0
905.637253306,1,1
905.637254770,0,1
905.766492130,0,0
905.766494374,1,0
905.895732986,1,1
905.895734198,0,1
906.024972808,0,0
906.024973926,1,0
906.154211664,1,1
906.154213622,0,1
906.283450550,0,0
906.283453352,1,0
906.412691344,1,1
906.412693110,0,1
906.541931228,0,0
906.541932838,1,0
906.671170022,1,1
906.671172538,0,1
906.800411906,0,0
906.800412266,1,0
906.929649698,1,1
906.929651964,0,1
907.058889522,0,0
907.058890754,1,0
907.188128440,1,1
907.188130450,0,1
907.317370178,1,1
907.317370262,1,0
907.446608118,1,1
907.446609938,0,1
907.575847878,0,0
907.575849668,1,0
907.705087732,1,1
907.705089364,0,1
907.834326618,0,0
907.834329092,1,0
907.963566474,1,1
907.963568852,0,1
908.092807358,0,0
908.092808516,1,0
908.222048152,1,1
908.222048276,0,1
908.351285974,0,0
908.351287940,1,0
908.480525828,1,1
908.480527700,0,1
908.609795650,0,0
908.609797428,1,0
908.739036506,1,1
908.739037186,0,1
908.868276390,0,0
908.868276914,1,0
908.997514184,1,1
908.997516674,0,1
909.126754068,0,0
909.126756276,1,0
909.255993860,1,1
909.255996098,0,1
909.385234746,0,0
909.385235826,1,0
909.514474538,1,1
909.514475522,0,1
909.643713360,0,0
909.643715250,1,0
909.772953214,1,1
909.772955008,0,1
909.902192098,0,0
909.902194736,1,0
910.031432890,1,1
910.031434432,0,1
910.160672776,0,0
910.160674222,1,0
910.289911630,1,1
910.289913920,0,1
910.419151514,0,0
910.419153584,1,0
910.548390306,1,1
910.548392342,0,1
910.677630190,0,0
910.677632070,1,0
910.806869918,1,1
910.806871828,0,1
910.936140806,0,0
910.936142494,1,0
911.065410658,1,1
911.065412188,0,1
911.194650480,0,0
911.194651978,1,0
911.323890334,1,1
911.323891738,0,1
911.453130154,0,0
911.453131402,1,0
911.582368008,1,1
911.582371160,0,1
911.711608894,0,0
911.711610886,1,0
911.840848684,1,1
911.840850582,0,1
911.970089568,0,0
911.970090308,1,0
912.099328360,1,1
912.099330066,0,1
912.228568244,0,0
912.228569794,1,0
912.357837098,1,1
912.357839490,0,1
912.487077858,0,0
912.487079154,1,0
912.616316710,1,1
912.616318974,0,1
912.745557532,0,0
912.745558640,1,0
912.874796386,1,1
912.874798398,0,1
913.004036270,0,0
913.004038124,1,0
913.133276060,1,1
913.133277882,0,1
913.262516006,0,0
913.262517546,1,0
913.391755798,1,1
913.391757304,0,1
913.520995618,0,0
913.520996968,1,0
913.650234472,1,1
913.650236726,0,1
913.779475292,0,0
913.779476454,1,0
913.908715084,1,1
913.908716212,0,1
914.037952968,0,0
914.037954874,1,0
914.167192758,1,1
914.167194632,0,1
914.296432706,0,0
914.296434358,1,0
914.425671434,1,1
914.425674180,0,1
914.554942316,0,0
914.554944780,1,0
914.684182170,1,1
914.684184536,0,1
914.813422990,0,0
914.813424264,1,0
914.942661844,1,1
914.942664020,0,1
915.071902726,0,0
915.071903748,1,0
915.201142444,0,0
915.201142516,0,1
915.330411400,0,0
915.330413168,1,0
915.459651254,1,1
915.459652862,0,1
915.588890074,0,0
915.588892588,1,0
915.718130928,1,1
915.718132348,0,1
915.847370748,0,0
915.847372010,1,0
915.976610600,1,1
915.976611768,0,1
916.105849422,0,0
916.105851492,1,0
916.235089274,1,1
916.235091250,0,1
916.364329096,0,0
916.364330976,1,0
916.493567884,1,1
916.493569672,0,1
916.622808830,0,0
916.622809460,1,0
916.752047620,1,1
916.752049092,0,1
916.881348440,0,0
916.881349880,1,0
917.010587292,1,1
917.010589636,0,1
917.139828176,0,0
917.139829300,1,0
917.269066966,1,1
917.269069056,0,1
917.398306848,0,0
917.398308718,1,0
917.527546702,1,1
917.527548476,0,1
917.656785520,0,0
917.656788200,1,0
917.786026312,1,1
917.786027960,0,1
917.915265130,0,0
917.915267684,1,0
918.044505046,1,1
918.044507440,0,1
918.173744864,0,0
918.173747102,1,0
918.302984718,1,1
918.302986860,0,1
918.432224538,0,0
918.432226584,1,0
918.561463390,1,1
918.561466282,0,1
918.690705272,0,0
918.690706068,1,0
918.819944060,1,1
918.819944762,0,1
918.949182944,0,0
918.949184488,1,0
919.078452732,1,1
919.078455180,0,1
919.207692552,0,0
919.207694908,1,0
919.336932404,1,1
919.336934664,0,1
919.466171224,0,0
919.466174388,1,0
919.595412076,1,1
919.595414082,0,1
919.724652958,0,0
919.724653806,1,0
919.853891748,1,1
919.853893500,0,1
919.983130630,0,0
919.983132226,1,0
920.112370418,1,1
920.112371920,0,1
920.241610238,0,0
920.241611644,1,0
920.370850090,1,1
920.370851402,0,1
920.500089972,0,0
920.500091126,1,0
920.629327760,1,1
920.629330882,0,1
920.758569642,0,0
920.758570606,1,0
920.887901430,1,1
920.887902300,0,1
921.017323312,0,0
921.017324962,1,0
921.146745164,1,1
921.146747718,0,1
921.276169044,0,0
921.276170380,1,0
921.405591772,1,1
921.405593198,0,1
921.535013652,0,0
921.535015860,1,0
921.664436442,1,1
921.664438554,0,1
921.793859384,0,0
921.793861278,1,0
921.923281174,1,1
921.923284098,0,1
922.052704992,0,0
922.052706760,1,0
922.182128780,1,1
922.182129452,0,1
922.311549662,0,0
922.311552176,1,0
922.440972512,1,1
922.440974868,0,1
922.570396332,0,0
922.570397656,1,0
922.699820120,1,1
922.699820350,0,1
922.829272002,0,0
922.829274074,1,0
922.958693790,1,1
922.958696828,0,1
923.088117732,0,0
923.088119492,1,0
923.217541522,1,1
923.217542248,0,1
923.346933340,0,0
923.346934970,1,0
923.476357128,1,1
923.476357664,0,1
923.605778008,0,0
923.605780388,1,0
923.735200798,1,1
923.735203144,0,1
923.864623678,0,0
923.864625868,1,0
923.994047466,1,1
923.994048562,0,1
924.123470410,0,0
924.123471222,1,0
924.252892136,1,1
924.252893978,0,1
924.382315016,0,0
924.382316702,1,0
924.511737804,1,1
924.511739458,0,1
924.641160686,0,0
924.641162120,1,0
924.770552536,1,1
924.770554874,0,1
924.899975354,0,0
924.899977600,1,0
925.029398142,1,1
925.029400292,0,1
925.158821022,0,0
925.158822954,1,0
925.288212810,1,1
925.288214770,0,1
925.417634692,0,0
925.417637496,1,0
925.547058542,1,1
925.547060188,0,1
925.676481360,0,0
925.676482848,1,0
925.805904212,1,1
925.805905606,0,1
925.935326030,0,0
925.935328328,1,0
926.064750816,1,1
926.064752020,0,1
926.194173758,0,0
926.194174744,1,0
926.323596546,1,1
926.323597498,0,1
926.453018366,0,0
926.453020224,1,0
926.582472154,1,1
926.582472914,0,1
926.711894034,0,0
926.711895638,1,0
926.841316820,1,1
926.841318396,0,1
926.970740764,0,0
926.970741056,1,0
927.100162490,1,1
927.100163872,0,1
927.229554306,0,0
927.229556534,1,0
927.358977220,1,1
927.358979226,0,1
927.488401038,0,0
927.488401950,1,0
927.617823888,1,1
927.617824704,0,1
927.747245706,0,0
927.747247364,1,0
927.876668492,1,1
927.876670120,0,1
928.006090186,0,0
928.006092782,1,0
928.135514160,1,1
928.135515598,0,1
928.264937042,0,0
928.264938258,1,0
928.394359828,1,1
928.394361014,0,1
928.523782770,0,0
928.523783674,1,0
928.653205620,1,1
928.653207366,0,1
928.782628500,0,0
928.782630152,1,0
928.912051350,1,1
928.912052844,0,1
929.041474294,0,0
929.041475566,1,0
929.170895892,1,1
929.170898322,0,1
929.300349522,0,0
929.300350982,1,0
929.429771496,1,1
929.429773798,0,1
929.559194378,0,0
929.559196460,1,0
929.688616226,1,1
929.688619214,0,1
929.818010044,0,0
929.818011874,1,0
929.947432830,1,1
929.947434630,0,1
930.076886710,0,0
930.076888288,1,0
930.206308496,1,1
930.206311044,0,1
930.335762378,0,0
930.335763768,1,0
930.465155164,1,1
930.465156458,0,1
930.594607044,0,0
930.594609182,1,0
930.724000830,1,1
930.724001936,0,1
930.853423712,0,0
930.853424596,1,0
930.982846560,1,1
930.982847350,0,1
931.112237376,0,0
931.112239074,1,0
931.241661164,1,1
931.241661764,0,1
931.371085106,0,0
931.371085488,1,0
931.500506892,1,1
931.500508178,0,1
931.629898710,0,0
931.629899964,1,0
931.759290560,1,1
931.759292592,0,1
931.888683378,0,0
931.888684378,1,0
932.018105226,1,1
932.018107070,0,1
932.147527042,0,0
932.147529730,1,0
932.276949830,1,1
932.276952484,0,1
932.406343772,0,0
932.406345268,1,0
932.535766560,1,1
932.535767962,0,1
932.665158376,0,0
932.665159746,1,0
932.794580162,1,1
932.794582374,0,1
932.924004042,0,0
932.924006096,1,0
933.053425890,1,1
933.053428788,0,1
933.182849706,0,0
933.182851510,1,0
933.312272494,1,1
933.312274264,0,1
933.441694434,0,0
933.441696988,1,0
933.571118220,1,1
933.571119676,0,1
933.700541038,0,0
933.700542338,1,0
933.829992886,1,1
933.829995092,0,1
933.959416766,0,0
933.959417876,1,0
934.088839488,1,1
934.088841566,0,1
934.218263430,0,0
934.218264288,1,0
934.347685216,1,1
934.347686978,0,1
934.477077096,0,0
934.477078702,1,0
934.606498882,1,1
934.606501454,0,1
934.735922698,0,0
934.735924176,1,0
934.865375546,1,1
934.865377868,0,1
934.994799362,0,0
934.994800590,1,0
935.124191212,1,1
935.124192282,0,1
935.253613090,0,0
935.253615004,1,0
935.383035876,1,1
935.383037756,0,1
935.512460692,0,0
935.512461414,1,0
935.641852540,1,1
935.641853166,0,1
935.771244356,0,0
935.771245826,1,0
935.900666144,1,1
935.900668642,0,1
936.030090022,0,0
936.030091302,1,0
936.159512870,1,1
936.159514056,0,1
936.288903686,0,0
936.288905776,1,0
936.418296534,1,1
936.418298466,0,1
936.547748350,0,0
936.547751188,1,0
936.677172198,1,1
936.677173878,0,1
936.806594014,0,0
936.806596662,1,0
936.936018862,1,1
936.936020352,0,1
937.065409678,0,0
937.065412012,1,0
937.194832464,1,1
937.194834764,0,1
937.324255404,0,0
937.324257486,1,0
937.453679190,1,1
937.453680176,0,1
937.583100068,0,0
937.583102834,1,0
937.712523854,1,1
937.712525648,0,1
937.841916670,0,0
937.841918372,1,0
937.971339516,1,1
937.971341060,0,1
938.100762332,0,0
938.100763782,1,0
938.230185180,1,1
938.230186470,0,1
938.359606996,0,0
938.359609256,1,0
938.489031780,1,1
938.489031946,0,1
938.618453658,0,0
938.618454666,1,0
938.747875506,1,1
938.747877356,0,1
938.877298384,0,0
938.877300076,1,0
939.006692168,1,1
939.006692830,0,1
939.136114984,0,0
939.136115488,1,0
939.265536770,1,1
939.265538240,0,1
939.394959646,0,0
939.394960960,1,0
939.524381494,1,1
939.524383650,0,1
939.653805370,0,0
939.653806370,1,0
939.783228158,1,1
939.783229060,0,1
939.912650972,0,0
939.912651842,1,0
940.042071818,1,1
940.042074534,0,1
940.171494696,0,0
940.171497192,1,0
940.300948480,1,1
940.300950944,0,1
940.430371358,0,0
940.430373664,1,0
940.559794144,1,1
940.559796352,0,1
940.689217958,0,0
940.689219136,1,0
940.818639806,1,1
940.818641824,0,1
940.948031682,0,0
940.948033484,1,0
941.077485468,1,1
941.077487236,0,1
941.206907344,0,0
941.206910018,1,0
941.336330128,1,1
941.336332706,0,1
941.465754006,0,0
941.465755364,1,0
941.595174790,1,1
941.595178116,0,1
941.724598604,0,0
941.724600774,1,0
941.854021450,1,1
941.854023588,0,1
941.983445266,0,0
941.983446244,1,0
942.112898050,1,1
942.112899996,0,1
942.242321990,0,0
942.242322654,1,0
942.371743774,1,1
942.371745406,0,1
942.501166588,0,0
942.501168064,1,0
942.630589434,1,1
942.630590878,0,1
942.760042248,0,0
942.760044534,1,0
942.889435094,1,1
942.889436284,0,1
943.018855972,0,0
943.018858942,1,0
943.148279756,1,1
943.148281756,0,1
943.277703570,0,0
943.277704414,1,0
943.407125416,1,1
943.407127102,0,1
943.536547230,0,0
943.536549758,1,0
943.665971076,1,1
943.665973510,0,1
943.795393890,0,0
943.795396290,1,0
943.924816738,1,1
943.924818980,0,1
944.054240612,0,0
944.054241698,1,0
944.183662396,1,1
944.183664386,0,1
944.313054210,0,0
944.313056170,1,0
944.442476056,1,1
944.442478858,0,1
944.571900932,0,0
944.571901512,1,0
944.701322716,1,1
944.701324264,0,1
944.830714528,0,0
944.830716984,1,0
944.960106374,1,1
944.960108734,0,1
945.089498188,0,0
945.089501452,1,0
945.218893034,1,1
945.218894078,0,1
945.348315848,0,0
945.348316860,1,0
945.477738692,1,1
945.477739548,0,1
945.607160568,0,0
945.607162266,1,0
945.736553350,1,1
945.736554016,0,1
945.865945228,0,0
945.865946674,1,0
945.995337010,1,1
945.995338424,0,1
946.124759822,0,0
946.124761142,1,0
946.254152668,1,1
946.254153830,0,1
946.383544482,0,0
946.383545548,1,0
946.512937326,1,1
946.512938236,0,1
946.642330018,1,1
946.642330202,1,0
946.771721048,1,1
946.771722704,0,1
946.901144860,0,0
946.901145424,1,0
947.030537706,1,1
947.030538110,0,1
947.159927518,0,0
947.159929828,1,0
947.289320362,1,1
947.289322580,0,1
947.418712176,0,0
947.418714296,1,0
947.548135958,1,1
947.548136982,0,1
947.677528834,0,0
947.677529702,1,0
947.806919616,1,1
947.806921390,0,1
947.936311554,0,0
947.936314106,1,0
948.065703274,1,1
948.065705856,0,1
948.195096148,0,0
948.195098512,1,0
948.324519932,1,1
948.324521260,0,1
948.453911868,0,0
948.453912980,1,0
948.583364588,1,1
948.583366730,0,1
948.712757462,0,0
948.712759384,1,0
948.842149182,1,1
948.842151134,0,1
948.971573118,0,0
948.971573850,1,0
949.100965900,1,1
949.100966600,0,1
949.230356838,0,0
949.230358194,1,0
949.359778558,1,1
949.359781006,0,1
949.489202432,0,0
949.489203722,1,0
949.618625214,1,1
949.618626472,0,1
949.748018090,0,0
949.748019126,1,0
949.877409870,1,1
949.877410814,0,1
950.006831808,0,0
950.006833532,1,0
950.136255588,1,1
950.136256280,0,1
950.265678400,0,0
950.265679934,1,0
950.395101184,1,1
950.395102682,0,1
950.524523994,0,0
950.524525400,1,0
950.653915900,1,1
950.653917086,0,1
950.783338712,0,0
950.783339866,1,0
950.912760494,1,1
950.912762552,0,1
951.042182368,0,0
951.042185270,1,0
951.171576212,1,1
951.171578016,0,1
951.301000024,0,0
951.301000674,1,0
951.430422866,1,1
951.430423420,0,1
951.559843680,0,0
951.559846076,1,0
951.689266460,1,1
951.689268760,0,1
951.818690334,0,0
951.818691540,1,0
951.948113114,1,1
951.948114290,0,1
952.077565988,0,0
952.077567942,1,0
952.206957832,1,1
952.206959692,0,1
952.336379644,0,0
952.336382346,1,0
952.465801424,1,1
952.465805094,0,1
952.595225236,0,0
952.595227810,1,0
952.724649078,1,1
952.724650496,0,1
952.854071954,0,0
952.854073150,1,0
952.983463734,1,1
952.983465960,0,1
953.112887608,0,0
953.112888678,1,0
953.242309450,1,1
953.242311362,0,1
953.371732260,0,0
953.371734078,1,0
953.501156104,1,1
953.501156828,0,1
953.630577978,0,0
953.630579482,1,0
953.759970760,1,1
953.759972166,0,1
953.889393570,0,0
953.889394946,1,0
954.018816350,1,1
954.018817694,0,1
954.148239224,0,0
954.148240346,1,0
954.277662066,1,1
954.277663094,0,1
954.407083878,0,0
954.407085810,1,0
954.536506720,1,1
954.536508496,0,1
954.665929592,0,0
954.665931212,1,0
954.795351374,1,1
954.795353836,0,1
954.924806122,0,0
954.924807614,1,0
955.054197964,1,1
955.054199360,0,1
955.183620836,0,0
955.183622014,1,0
955.313041680,1,1
955.313044700,0,1
955.442465552,0,0
955.442467414,1,0
955.571889332,1,1
955.571890224,0,1
955.701312144,0,0
955.701313876,1,0
955.830763984,1,1
955.830766624,0,1
955.960186796,0,0
955.960189278,1,0
956.089609638,1,1
956.089612024,0,1
956.219033448,0,0
956.219034742,1,0
956.348426230,1,1
956.348427424,0,1
956.477848102,0,0
956.477850142,1,0
956.607299942,1,1
956.607302826,0,1
956.736693754,0,0
956.736695542,1,0
956.866116534,1,1
956.866118288,0,1
956.995539344,0,0
956.995540940,1,0
957.124962248,1,1
957.124963688,0,1
957.254386058,0,0
957.254386340,1,0
957.383807838,1,1
957.383809150,0,1
957.513199772,0,0
957.513201802,1,0
957.642591490,1,1
957.642593548,0,1
957.772015362,0,0
957.772016202,1,0
957.901438204,1,1
957.901438948,0,1
958.030859076,0,0
958.030861664,1,0
958.160282854,1,1
958.160284348,0,1
958.289704664,0,0
958.289707126,1,0
958.419128506,1,1
958.419129810,0,1
958.548552378,0,0
958.548553462,1,0
958.677974158,1,1
958.677976270,0,1
958.807364966,0,0
958.807367922,1,0
958.936758808,1,1
958.936760606,0,1
959.066151618,0,0
959.066152384,1,0
959.195573460,1,1
959.195575068,0,1
959.324997268,0,0
959.324997720,1,0
959.454419110,1,1
959.454420466,0,1
959.583870920,0,0
959.583874182,1,0
959.713293698,1,1
959.713296926,0,1
959.842716570,0,0
959.842719640,1,0
959.972141412,1,1
959.972142324,0,1
960.101563284,0,0
960.101564976,1,0
960.230984998,1,1
960.230987784,0,1
960.360438870,0,0
960.360441374,1,0
960.489862712,1,1
960.489864182,0,1
960.619285458,0,0
960.619286834,1,0
960.748707362,1,1
960.748709580,0,1
960.878099170,0,0
960.878101294,1,0
961.007492012,1,1
961.007494040,0,1
961.136914884,0,0
961.136916690,1,0
961.266337662,1,1
961.266339436,0,1
961.395761470,0,0
961.395762088,1,0
961.525153314,1,1
961.525154836,0,1
961.654575120,0,0
961.654577486,1,0
961.783998960,1,1
961.784000294,0,1
961.913420770,0,0
961.913422944,1,0
962.042843610,1,1
962.042845688,0,1
962.172266418,0,0
962.172268340,1,0
962.301659196,1,1
962.301660086,0,1
962.431081566,0,0
962.431082800,1,0
962.560502908,1,1
962.560505482,0,1
962.689927716,0,0
962.689929260,1,0
962.819351556,1,1
962.819351942,0,1
962.948773428,0,0
962.948774592,1,0
963.078225204,1,1
963.078227338,0,1
963.207648014,0,0
963.207650052,1,0
963.337070854,1,1
963.337072796,0,1
963.466495036,0,0
963.466495508,1,0
963.595886376,1,1
963.595888192,0,1
963.725309248,0,0
963.725310844,1,0
963.854732150,1,1
963.854733586,0,1
963.984155020,0,0
963.984156300,1,0
964.113576796,1,1
964.113579044,0,1
964.242999668,0,0
964.243001694,1,0
964.372423444,1,1
964.372424438,0,1
964.501845252,0,0
964.501847154,1,0
964.631268092,1,1
964.631269898,0,1
964.760660962,0,0
964.760662548,1,0
964.890053740,1,1
964.890054292,0,1
965.019475610,0,0
965.019476942,1,0
965.148897388,1,1
965.148899686,0,1
965.278321256,0,0
965.278322398,1,0
965.407745098,1,1
965.407746144,0,1
965.537167904,0,0
965.537168794,1,0
965.666589680,1,1
965.666591538,0,1
965.796043550,0,0
965.796044252,1,0
965.925464328,1,1
965.925466932,0,1
966.054887134,0,0
966.054889644,1,0
966.184280974,1,1
966.184282388,0,1
966.313702844,0,0
966.313705100,1,0
966.443125620,1,1
966.443127782,0,1
966.572548428,0,0
966.572550496,1,0
966.701972330,1,1
966.701973240,0,1
966.831424136,0,0
966.831426888,1,0
966.960846912,1,1
966.960849634,0,1
967.090269782,0,0
967.090272282,1,0
967.219693558,1,1
967.219695026,0,1
967.349115428,0,0
967.349117738,1,0
967.478507204,1,1
967.478509420,0,1
967.607930010,0,0
967.607932132,1,0
967.737353850,1,1
967.737354874,0,1
967.866776718,0,0
967.866777524,1,0
967.996198494,1,1
967.996200268,0,1
968.125621302,0,0
968.125623918,1,0
968.255105142,1,1
968.255107662,0,1
968.384497946,0,0
968.384499372,1,0
968.513920786,1,1
968.513922178,0,1
968.643343716,0,0
968.643344826,1,0
968.772736430,1,1
968.772737508,0,1
968.902158236,0,0
968.902160222,1,0
969.031581138,1,1
969.031582962,0,1
969.161003942,0,0
969.161005612,1,0
969.290425720,1,1
969.290428356,0,1
969.419848588,0,0
969.419851004,1,0
969.549302364,1,1
969.549304686,0,1
969.678725168,0,0
969.678727460,1,0
969.808149006,1,1
969.808150202,0,1
969.937571876,0,0
969.937572850,1,0
970.066963652,1,1
970.066964594,0,1
970.196386520,0,0
970.196387242,1,0
970.325838358,1,1
970.325841048,0,1
970.455263164,0,0
970.455263696,1,0
970.584713938,1,1
970.584716376,0,1
970.714167808,0,0
970.714170088,1,0
970.843560582,1,1
970.843562766,0,1
970.972984388,0,0
970.972985540,1,0
971.102406288,1,1
971.102408284,0,1
971.231829094,0,0
971.231830932,1,0
971.361280932,1,1
971.361283674,0,1
971.490704736,0,0
971.490706324,1,0
971.620127512,1,1
971.620129004,0,1
971.749549318,0,0
971.749551776,1,0
971.878973154,1,1
971.878975456,0,1
972.008396024,0,0
972.008398166,1,0
972.137819798,1,1
972.137820908,0,1
972.267242604,0,0
972.267243558,1,0
972.396664442,1,1
972.396666300,0,1
972.526087308,0,0
972.526088948,1,0
972.655510084,1,1
972.655511690,0,1
972.784932952,0,0
972.784934400,1,0
972.914355726,1,1
972.914357142,0,1
973.043777594,0,0
973.043779852,1,0
973.173200430,1,1
973.173202468,0,1
973.302623236,0,0
973.302625244,1,0
973.432045010,1,1
973.432047920,0,1
973.561468878,0,0
973.561470632,1,0
973.690890714,1,1
973.690893372,0,1
973.820315520,0,0
973.820316020,1,0
973.949736294,1,1
973.949738698,0,1
974.079190160,0,0
974.079192410,1,0
974.208612936,1,1
974.208615152,0,1
974.338035802,0,0
974.338037924,1,0
974.467427576,1,1
974.467429540,0,1
974.596851444,0,0
974.596853250,1,0
974.726274218,1,1
974.726275990,0,1
974.855726086,0,0
974.855728702,1,0
974.985149922,1,1
974.985151442,0,1
975.114571726,0,0
975.114574090,1,0
975.243996500,1,1
975.243996768,0,1
975.373417304,0,0
975.373419478,1,0
975.502840140,1,1
975.502842218,0,1
975.632263008,0,0
975.632264928,1,0
975.761656780,1,1
975.761657608,0,1
975.891078648,0,0
975.891080378,1,0
976.020501484,1,1
976.020503060,0,1
976.149924288,0,0
976.149925706,1,0
976.279346124,1,1
976.279348444,0,1
976.408768928,0,0
976.408771092,1,0
976.538191702,1,1
976.538193896,0,1
976.667614568,0,0
976.667616604,1,0
976.797038404,1,1
976.797039284,0,1
976.926460208,0,0
976.926461930,1,0
977.055882982,1,1
977.055884670,0,1
977.185306848,0,0
977.185308380,1,0
977.314729622,1,1
977.314731058,0,1
977.444151488,0,0
977.444153768,1,0
977.573544324,1,1
977.573545508,0,1
977.702937128,0,0
977.702938154,1,0
977.832357900,1,1
977.832360894,0,1
977.961781766,0,0
977.961783602,1,0
978.091203602,1,1
978.091206344,0,1
978.220596406,0,0
978.220597988,1,0
978.350018178,1,1
978.350020730,0,1
978.479441044,0,0
978.479443440,1,0
978.608894878,1,1
978.608897180,0,1
978.738319684,0,0
978.738319888,1,0
978.867740456,1,1
978.867742566,0,1
978.997164322,0,0
978.997165210,1,0
979.126586094,1,1
979.126587950,0,1
979.256008960,0,0
979.256010658,1,0
979.385431796,1,1
979.385433400,0,1
979.514884600,0,0
979.514887046,1,0
979.644277372,1,1
979.644278722,0,1
979.773699236,0,0
979.773701430,1,0
979.903122070,1,1
979.903124172,0,1
980.032545874,0,0
980.032547878,1,0
980.161968646,1,1
980.161970556,0,1
980.291391512,0,0
980.291393264,1,0
980.420814346,1,1
980.420816004,0,1
980.550237148,0,0
980.550238650,1,0
980.679659984,1,1
980.679661390,0,1
980.809082786,0,0
980.809084096,1,0
980.938504560,1,1
980.938506836,0,1
981.067928486,0,0
981.067929544,1,0
981.197352156,0,0
981.197352258,0,1
981.326804124,0,0
981.326805928,1,0
981.456226894,1,1
981.456228604,0,1
981.585617760,0,0
981.585620376,1,0
981.715041532,1,1
981.715043052,0,1
981.844464334,0,0
981.844465760,1,0
981.973887168,1,1
981.973888436,0,1
982.103309970,0,0
982.103311144,1,0
982.232730804,1,1
982.232733884,0,1
982.362185606,0,0
982.362187528,1,0
982.491608442,1,1
982.491610204,0,1
982.621031242,0,0
982.621032912,1,0
982.750454076,1,1
982.750455650,0,1
982.879846942,0,0
982.879848358,1,0
983.009268714,1,1
983.009271096,0,1
983.138692514,0,0
983.138693740,1,0
983.268114286,1,1
983.268116542,0,1
983.397537212,0,0
983.397539124,1,0
983.526959984,1,1
983.526961862,0,1
983.656382786,0,0
983.656384570,1,0
983.785804556,1,1
983.785807246,0,1
983.915227484,0,0
983.915230014,1,0
984.044620192,1,1
984.044622692,0,1
984.174012118,0,0
984.174014398,1,0
984.303435952,1,1
984.303437074,0,1
984.432858690,0,0
984.432859780,1,0
984.562280524,1,1
984.562282520,0,1
984.691703326,0,0
984.691705226,1,0
984.821127160,1,1
984.821127902,0,1
984.950550022,0,0
984.950550608,1,0
985.079970794,1,1
985.079973284,0,1
985.209394658,0,0
985.209395992,1,0
985.338817428,1,1
985.338819730,0,1
985.468241292,0,0
985.468242374,1,0
985.597664062,1,1
985.597665112,0,1
985.727085864,0,0
985.727087818,1,0
985.856538696,1,1
985.856540494,0,1
985.985962498,0,0
985.985963136,1,0
986.115353330,1,1
986.115355938,0,1
986.244807196,0,0
986.244808646,1,0
986.374198902,1,1
986.374201256,0,1
986.503621766,0,0
986.503624026,1,0
986.633044598,1,1
986.633046762,0,1
986.762467462,0,0
986.762469468,1,0
986.891890230,1,1
986.891892082,0,1
987.021312032,0,0
987.021314788,1,0
987.150735864,1,1
987.150737588,0,1
987.280158664,0,0
987.280160232,1,0
987.409581498,1,1
987.409582968,0,1
987.539004360,0,0
987.539005612,1,0
987.668426132,1,1
987.668428348,0,1
987.797848994,0,0
987.797851056,1,0
987.927271764,1,1
987.927273730,0,1
988.056694628,0,0
988.056697436,1,0
988.186118396,1,1
988.186120110,0,1
988.315542258,0,0
988.315542816,1,0
988.444964092,1,1
988.444965552,0,1
988.574387830,0,0
988.574388258,1,0
988.703809662,1,1
988.703810934,0,1
988.833262462,0,0
988.833263640,1,0
988.962684294,1,1
988.962686376,0,1
989.092106156,0,0
989.092109080,1,0
989.221530926,1,1
989.221531754,0,1
989.350922726,0,0
989.350924398,1,0
989.480345558,1,1
989.480347198,0,1
989.609799420,0,0
989.609800840,1,0
989.739222190,1,1
989.739223576,0,1
989.868644052,0,0
989.868646282,1,0
989.998035760,1,1
989.998038018,0,1
990.127458684,0,0
990.127460662,1,0
990.256881452,1,1
990.256883334,0,1
990.386304316,0,0
990.386306040,1,0
990.515727084,1,1
990.515728778,0,1
990.645150884,0,0
990.645152482,1,0
990.774572716,1,1
990.774575218,0,1
990.903996514,0,0
990.903997798,1,0
991.033418346,1,1
991.033420598,0,1
991.162841146,0,0
991.162843240,1,0
991.292263978,1,1
991.292265978,0,1
991.421686840,0,0
991.421688618,1,0
991.551109608,1,1
991.551111354,0,1
991.680532408,0,0
991.680534060,1,0
991.809954176,1,1
991.809956796,0,1
991.939378102,0,0
991.939379436,1,0
992.068800870,1,1
992.068802172,0,1
992.198222732,0,0
992.198224814,1,0
992.327676500,1,1
992.327678550,0,1
992.457098300,0,0
992.457101254,1,0
992.586491132,1,1
992.586492992,0,1
992.715914992,0,0
992.715915694,1,0
992.845337760,1,1
992.845338368,0,1
992.974760560,0,0
992.974761074,1,0
993.104182390,1,1
993.104183810,0,1
993.233605252,0,0
993.233606512,1,0
993.363058020,1,1
993.363060186,0,1
993.492481882,0,0
993.492482828,1,0
993.621903650,1,1
993.621905562,0,1
993.751327512,0,0
993.751328266,1,0
993.880719280,1,1
993.880720940,0,1
994.010142140,0,0
994.010143644,1,0
994.139593910,1,1
994.139596380,0,1
994.269017708,0,0
994.269019020,1,0
994.398440600,1,1
994.398441818,0,1
994.527832400,0,0
994.527834460,1,0
994.657255166,1,1
994.657257132,0,1
994.786677964,0,0
994.786679898,1,0
994.916100796,1,1
994.916102634,0,1
995.045523656,0,0
995.045525276,1,0
995.174945424,1,1
995.174948010,0,1
995.304369224,0,0
995.304370650,1,0
995.433791054,1,1
995.433793386,0,1
995.563213914,0,0
995.563216090,1,0
995.692637682,1,1
995.692638762,0,1
995.822060542,0,0
995.822061464,1,0
995.951483310,1,1
995.951485200,0,1
996.080936108,0,0
996.080937904,1,0
996.210359000,1,1
996.210360576,0,1
996.339781798,0,0
996.339783278,1,0
996.469174566,1,1
996.469175950,0,1
996.598596738,0,0
996.598598716,1,0
996.728019568,1,1
996.728021388,0,1
996.857471928,0,0
996.857474030,1,0
996.986895820,1,1
996.986896764,0,1
997.116288118,0,0
997.116289468,1,0
997.245711012,1,1
997.245712138,0,1
997.375132872,0,0
997.375134904,1,0
997.504586078,1,1
997.504588578,0,1
997.633978562,0,0
997.633980154,1,0
997.763401452,1,1
997.763403014,0,1
997.892823500,0,0
997.892825652,1,0
998.022246330,1,1
998.022248388,0,1
998.151670004,0,0
998.151671028,1,0
998.281061958,1,1
998.281063762,0,1
998.410452818,0,0
998.410455402,1,0
998.539875646,1,1
998.539878136,0,1
998.669299444,0,0
998.669301838,1,0
998.798723274,1,1
998.798724574,0,1
998.928145070,0,0
998.928147276,1,0
999.057567900,1,1
999.057569948,0,1
999.186989760,0,0
999.186992650,1,0
999.316413464,1,1
999.316415382,0,1
999.445836324,0,0
999.445838022,1,0
999.575289090,1,1
999.575290758,0,1
999.704711888,0,0
999.704713460,1,0
999.834133780,1,1
999.834136132,0,1
999.963557576,0,0
999.963559896,1,0
1000.092980342,1,1
1000.092982566,0,1
1000.222404202,0,0
1000.222405206,1,0
1000.351795030,1,1
1000.351796940,0,1
1000.481218826,0,0
1000.481219642,1,0
1000.610671656,1,1
1000.610673314,0,1
1000.740095452,0,0
1000.740096016,1,0
1000.869517220,1,1
1000.869518686,0,1
1000.998909078,0,0
1000.998910450,1,0
1001.128331906,1,1
1001.128333122,0,1
1001.257754704,0,0
1001.257755822,1,0
1001.387177470,1,1
1001.387179494,0,1
1001.516600328,0,0
1001.516602196,1,0
1001.646023158,1,1
1001.646024930,0,1
1001.775445954,0,0
1001.775447568,1,0
1001.904867720,1,1
1001.904870302,0,1
1002.034291580,0,0
1002.034293004,1,0
1002.163714344,1,1
1002.163715736,0,1
1002.293136204,0,0
1002.293138376,1,0
1002.422559032,1,1
1002.422561108,0,1
1002.551982828,0,0
1002.551983746,1,0
1002.681404656,1,1
1002.681406544,0,1
1002.810826452,0,0
1002.810829246,1,0
1002.940250218,1,1
1002.940251916,0,1
1003.069672076,0,0
1003.069674616,1,0
1003.199095906,1,1
1003.199097286,0,1
1003.328548700,0,0
1003.328550926,1,0
1003.457971530,1,1
1003.457973720,0,1
1003.587363326,0,0
1003.587365360,1,0
1003.716787090,1,1
1003.716788030,0,1
1003.846209012,0,0
1003.846210730,1,0
1003.975632716,1,1
1003.975634526,0,1
1004.105055572,0,0
1004.105057104,1,0
1004.234478340,1,1
1004.234479838,0,1
1004.363930198,0,0
1004.363932536,1,0
1004.493354024,1,1
1004.493355206,0,1
1004.622776882,0,0
1004.622777970,1,0
1004.752199648,1,1
1004.752200704,0,1
1004.881592444,0,0
1004.881593340,1,0
1005.011015272,1,1
1005.011016010,0,1
1005.140437068,0,0
1005.140438712,1,0
1005.269859896,1,1
1005.269861444,0,1
1005.399281690,0,0
1005.399284146,1,0
1005.528705456,1,1
1005.528706814,0,1
1005.658127376,0,0
1005.658129516,1,0
1005.787550140,1,1
1005.787552248,0,1
1005.916971936,0,0
1005.916974884,1,0
1006.046395764,1,1
1006.046397618,0,1
1006.175818624,0,0
1006.175820256,1,0
1006.305240388,1,1
1006.305243050,0,1
1006.434663182,0,0
1006.434665688,1,0
1006.564085948,1,1
1006.564088422,0,1
1006.693478868,0,0
1006.693481058,1,0
1006.822902632,1,1
1006.822903852,0,1
1006.952325428,0,0
1006.952326492,1,0
1007.081778254,1,1
1007.081780162,0,1
1007.211201050,0,0
1007.211202862,1,0
1007.340622876,1,1
1007.340625594,0,1
1007.470046734,0,0
1007.470048292,1,0
1007.599438500,1,1
1007.599439964,0,1
1007.728861294,0,0
1007.728862664,1,0
1007.858315058,1,1
1007.858316332,0,1
1007.987708916,0,0
1007.987709096,1,0
1008.117100744,1,1
1008.117100766,0,1
1008.246522600,0,0
1008.246523402,1,0
1008.375944364,1,1
1008.375946196,0,1
1008.505368222,0,0
1008.505368832,1,0
1008.634789986,1,1
1008.634791566,0,1
1008.764212782,0,0
1008.764214202,1,0
1008.893634606,1,1
1008.893636996,0,1
1009.023058464,0,0
1009.023059632,1,0
1009.152480166,1,1
1009.152482364,0,1
1009.281904024,0,0
1009.281905066,1,0
1009.411326850,1,1
1009.411328734,0,1
1009.540748644,0,0
1009.540751434,1,0
1009.670171472,1,1
1009.670174164,0,1
1009.799595264,0,0
1009.799596864,1,0
1009.928987090,1,1
1009.928988596,0,1
1010.058378948,0,0
1010.058381170,1,0
1010.187801650,1,1
1010.187803902,0,1
1010.317224568,0,0
1010.317226664,1,0
1010.446648332,1,1
1010.446649332,0,1
1010.576100188,0,0
1010.576102032,1,0
1010.705492952,1,1
1010.705494700,0,1
1010.834915810,0,0
1010.834917338,1,0
1010.964368574,1,1
1010.964371070,0,1
1011.093761368,0,0
1011.093762768,1,0
1011.223184194,1,1
1011.223185498,0,1
1011.352606986,0,0
1011.352608136,1,0
1011.482029814,1,1
1011.482030928,0,1
1011.611451670,0,0
1011.611453564,1,0
1011.740875434,1,1
1011.740876294,0,1
1011.870297290,0,0
1011.870298932,1,0
1011.999720052,1,1
1011.999721662,0,1
1012.129112908,0,0
1012.129114360,1,0
1012.258535672,1,1
1012.258537030,0,1
1012.387958466,0,0
1012.387959728,1,0
1012.517381354,1,1
1012.517382458,0,1
1012.646774148,0,0
1012.646775158,1,0
1012.776196910,1,1
1012.776197826,0,1
1012.905618828,0,0
1012.905620524,1,0
1013.035040530,1,1
1013.035043254,0,1
1013.164464386,0,0
1013.164465892,1,0
1013.293855210,1,1
1013.293857558,0,1
1013.423278004,0,0
1013.423280322,1,0
1013.552701830,1,1
1013.552702988,0,1
1013.682125560,0,0
1013.682126686,1,0
1013.811547386,1,1
1013.811549354,0,1
1013.940969242,0,0
1013.940972114,1,0
1014.070393004,1,1
1014.070394782,0,1
1014.199815860,0,0
1014.199817418,1,0
1014.329238622,1,1
1014.329240148,0,1
1014.458660540,0,0
1014.458662846,1,0
1014.588084302,1,1
1014.588085576,0,1
1014.717506096,0,0
1014.717508274,1,0
1014.846929858,1,1
1014.846930942,0,1
1014.976351652,0,0
1014.976353640,1,0
1015.105805476,1,1
1015.105807306,0,1
1015.235229394,0,0
1015.235230006,1,0
1015.364651156,1,1
1015.364652734,0,1
1015.494073950,0,0
1015.494075432,1,0
1015.623495710,1,1
1015.623498098,0,1
1015.752919566,0,0
1015.752920796,1,0
1015.882342392,1,1
1015.882343526,0,1
1016.011764244,0,0
1016.011766162,1,0
1016.141186946,1,1
1016.141188890,0,1
1016.270609800,0,0
1016.270611526,1,0
1016.400032624,1,1
1016.400034256,0,1
1016.529456480,0,0
1016.529457016,1,0
1016.658877240,1,1
1016.658879682,0,1
1016.788299032,0,0
1016.788302380,1,0
1016.917722796,1,1
1016.917725046,0,1
1017.047145712,0,0
1017.047147682,1,0
1017.176568474,1,1
1017.176570472,0,1
1017.305991266,0,0
1017.305993170,1,0
1017.435413090,1,1
1017.435415836,0,1
1017.564837882,0,0
1017.564839534,1,0
1017.694258708,1,1
1017.694262264,0,1
1017.823683500,0,0
1017.823684896,1,0
1017.953106322,1,1
1017.953107626,0,1
1018.082528114,0,0
1018.082530260,1,0
1018.211950938,1,1
1018.211952988,0,1
1018.341341730,0,0
1018.341344686,1,0
1018.470735554,1,1
1018.470737352,0,1
1018.600158344,0,0
1018.600160050,1,0
1018.729581108,1,1
1018.729582778,0,1
1018.859003024,0,0
1018.859005474,1,0
1018.988426722,1,1
1018.988428142,0,1
1019.117849576,0,0
1019.117850902,1,0
1019.247241400,1,1
1019.247243504,0,1
1019.376664128,0,0
1019.376666200,1,0
1019.506087016,1,1
1019.506088868,0,1
1019.635510868,0,0
1019.635511626,1,0
1019.764901630,1,1
1019.764903292,0,1
1019.894295422,0,0
1019.894296052,1,0
1020.023686184,1,1
1020.023687716,0,1
1020.153109100,0,0
1020.153110350,1,0
1020.282531860,1,1
1020.282533080,0,1
1020.411954652,0,0
1020.411955776,1,0
1020.541345412,1,1
1020.541348442,0,1
1020.670769328,0,0
1020.670771202,1,0
1020.800192152,1,1
1020.800193866,0,1
1020.929615944,0,0
1020.929616562,1,0
1021.059036704,1,1
1021.059039228,0,1
1021.188459558,0,0
1021.188461862,1,0
1021.317883318,1,1
1021.317884654,0,1
1021.447307172,0,0
1021.447307350,1,0
1021.576727932,1,1
1021.576730014,0,1
1021.706150724,0,0
1021.706152648,1,0
1021.835573548,1,1
1021.835576376,0,1
1021.964997338,0,0
1021.964999072,1,0
1022.094419160,1,1
1022.094421800,0,1
1022.223842952,0,0
1022.223844434,1,0
1022.353266836,1,1
1022.353267160,0,1
1022.482687628,0,0
1022.482689858,1,0
1022.612110388,1,1
1022.612112584,0,1
1022.741533180,0,0
1022.741535218,1,0
1022.870956938,1,1
1022.870957946,0,1
1023.000348792,0,0
1023.000349642,1,0
1023.129741614,1,1
1023.129742306,0,1
1023.259133468,0,0
1023.259135002,1,0
1023.388556228,1,1
1023.388557730,0,1
1023.517979018,0,0
1023.517980362,1,0
1023.647401840,1,1
1023.647403028,0,1
1023.776793632,0,0
1023.776794722,1,0
1023.906214454,1,1
1023.906217512,0,1
1024.035637306,0,0
1024.035640148,1,0
1024.165061068,1,1
1024.165062936,0,1
1024.294483920,0,0
1024.294485568,1,0
1024.423906680,1,1
1024.423908294,0,1
1024.553299532,0,0
1024.553300992,1,0
1024.682722292,1,1
1024.682723656,0,1
1024.812144146,0,0
1024.812146288,1,0
1024.941565904,1,1
1024.941569016,0,1
1025.070961710,1,1
1025.070961758,1,0
1025.200351516,1,1
1025.200353376,0,1
1025.329774370,0,0
1025.329776070,1,0
1025.459197128,1,1
1025.459198858,0,1
1025.588618980,0,0
1025.588621492,1,0
1025.718012740,1,1
1025.718014156,0,1
1025.847404592,0,0
1025.847405852,1,0
1025.976827352,1,1
1025.976828516,0,1
1026.106280142,0,0
1026.106282210,1,0
1026.235702964,1,1
1026.235704938,0,1
1026.365125816,0,0
1026.365127570,1,0
1026.494548638,1,1
1026.494550358,0,1
1026.623971366,0,0
1026.623972992,1,0
1026.753393186,1,1
1026.753395654,0,1
1026.882816976,0,0
1026.882818350,1,0
1027.012238858,1,1
1027.012241074,0,1
1027.141632650,0,0
1027.141633770,1,0
1027.271055408,1,1
1027.271056434,0,1
1027.400477260,0,0
1027.400479128,1,0
1027.529901082,1,1
1027.529901856,0,1
1027.659321870,0,0
1027.659324550,1,0
1027.788745630,1,1
1027.788747212,0,1
1027.918168480,0,0
1027.918169844,1,0
1028.047591302,1,1
1028.047592632,0,1
1028.177014092,0,0
1028.177015264,1,0
1028.306405850,1,1
1028.306407990,0,1
1028.435796702,0,0
1028.435799686,1,0
1028.565221460,1,1
1028.565222348,0,1
1028.694644248,0,0
1028.694645042,1,0
1028.824067134,1,1
1028.824067708,0,1
1028.953489920,0,0
1028.953491462,1,0
1029.082911680,1,1
1029.082914126,0,1
1029.212334530,0,0
1029.212336756,1,0
1029.341756290,1,1
1029.341759482,0,1
1029.471180140,0,0
1029.471182240,1,0
1029.600571148,1,1
1029.600573902,0,1
1029.729963750,0,0
1029.729966596,1,0
1029.859387508,1,1
1029.859389258,0,1
1029.988810358,0,0
1029.988811890,1,0
1030.118233116,1,1
1030.118234614,0,1
1030.247655968,0,0
1030.247657310,1,0
1030.377078790,1,1
1030.377080034,0,1
1030.506500640,0,0
1030.506502728,1,0
1030.635923460,1,1
1030.635925390,0,1
1030.765347186,0,0
1030.765348020,1,0
1030.894770008,1,1
1030.894770810,0,1
1031.024192046,0,0
1031.024193504,1,0
1031.153615554,1,1
1031.153616164,0,1
1031.283036404,0,0
1031.283038796,1,0
1031.412459224,1,1
1031.412461460,0,1
1031.541853012,0,0
1031.541854214,1,0
1031.671243832,1,1
1031.671245876,0,1
1031.800668620,0,0
1031.800669632,1,0
1031.930091440,1,1
1031.930092294,0,1
1032.059512228,0,0
1032.059514926,1,0
1032.188904986,1,1
1032.188906712,0,1
1032.318298836,0,0
1032.318299344,1,0
1032.447690844,1,1
1032.447691068,0,1
1032.577142444,0,0
1032.577144698,1,0
1032.706564264,1,1
1032.706567422,0,1
1032.835987052,0,0
1032.835990116,1,0
1032.965412810,1,1
1032.965412842,0,1
1033.094803660,0,0
1033.094804534,1,0
1033.224226418,1,1
1033.224227196,0,1
1033.353649204,0,0
1033.353650826,1,0
1033.483072024,1,1
1033.483073550,0,1
1033.612493876,0,0
1033.612496242,1,0
1033.741917632,1,1
1033.741918966,0,1
1033.871339482,0,0
1033.871341598,1,0
1034.000763302,1,1
1034.000764322,0,1
1034.130184088,0,0
1034.130187014,1,0
1034.259607846,1,1
1034.259609676,0,1
1034.389030696,0,0
1034.389032370,1,0
1034.518453452,1,1
1034.518455094,0,1
1034.647876364,0,0
1034.647877724,1,0
1034.777299122,1,1
1034.777300384,0,1
1034.906690908,0,0
1034.906693078,1,0
1035.036082728,1,1
1035.036084800,0,1
1035.165505516,0,0
1035.165507494,1,0
1035.294928272,1,1
1035.294930218,0,1
1035.424351122,0,0
1035.424352848,1,0
1035.553744878,1,1
1035.553745634,0,1
1035.683135790,0,0
1035.683137264,1,0
1035.812557546,1,1
1035.812559924,0,1
1035.941981396,0,0
1035.941982680,1,0
1036.071406152,1,1
1036.071406340,0,1
1036.200827940,0,0
1036.200829032,1,0
1036.330249758,1,1
1036.330251692,0,1
1036.459671606,0,0
1036.459674324,1,0
1036.589095364,1,1
1036.589097108,0,1
1036.718519150,0,0
1036.718519738,1,0
1036.847909968,1,1
1036.847911462,0,1
1036.977331818,0,0
1036.977334152,1,0
1037.106785572,1,1
1037.106787876,0,1
1037.236209422,0,0
1037.236210506,1,0
1037.365632116,1,1
1037.365633228,0,1
1037.495054026,0,0
1037.495055856,1,0
1037.624476782,1,1
1037.624478580,0,1
1037.753899570,0,0
1037.753901274,1,0
1037.883322326,1,1
1037.883323994,0,1
1038.012744174,0,0
1038.012746624,1,0
1038.142137992,1,1
1038.142139410,0,1
1038.271529778,0,0
1038.271531038,1,0
1038.400953596,1,1
1038.400953700,0,1
1038.530374382,0,0
1038.530376452,1,0
1038.659797200,1,1
1038.659799112,0,1
1038.789219986,0,0
1038.789221742,1,0
1038.918643804,1,1
1038.918645464,0,1
1039.048067654,0,0
1039.048068094,1,0
1039.177488408,1,1
1039.177490878,0,1
1039.306912194,0,0
1039.306913506,1,0
1039.436333950,1,1
1039.436336228,0,1
1039.565758858,1,0
1039.695180614,1,1
1039.695181580,0,1
1039.824632462,0,0
1039.824634270,1,0
1039.954056218,1,1
1039.954056992,0,1
1040.083507006,0,0
1040.083510684,1,0
1040.212930822,1,1
1040.212933344,0,1
1040.342354606,0,0
1040.342355972,1,0
1040.471778488,1,1
1040.471778694,0,1
1040.601199272,0,0
1040.601201322,1,0
1040.730622026,1,1
1040.730624106,0,1
1040.860074812,0,0
1040.860077798,1,0
1040.989499630,1,1
1040.989500456,0,1
1041.118952414,0,0
1041.118953148,1,0
1041.248343232,1,1
1041.248345806,0,1
1041.377766018,0,0
1041.377768498,1,0
1041.507159774,1,1
1041.507161218,0,1
1041.636582682,0,0
1041.636583846,1,0
1041.766004436,1,1
1041.766006508,0,1
1041.895427286,0,0
1041.895429260,1,0
1042.024818040,1,1
1042.024820920,0,1
1042.154210888,0,0
1042.154213608,1,0
1042.283634580,1,1
1042.283636332,0,1
1042.413057426,0,0
1042.413058958,1,0
1042.542480242,1,1
1042.542481680,0,1
1042.671902028,0,0
1042.671904368,1,0
1042.801325844,1,1
1042.801327092,0,1
1042.930717630,0,0
1042.930719718,1,0
1043.060140448,1,1
1043.060142440,0,1
1043.189564294,0,0
1043.189565128,1,0
1043.318986986,1,1
1043.318987852,0,1
1043.448377896,0,0
1043.448379478,1,0
1043.577769586,1,1
1043.577772200,0,1
1043.707192496,0,0
1043.707194826,1,0
1043.836616250,1,1
1043.836617548,0,1
1043.966040036,0,0
1043.966040236,1,0
1044.095429790,1,1
1044.095431960,0,1
1044.224852698,0,0
1044.224854586,1,0
1044.354305452,1,1
1044.354308306,0,1
1044.483760300,0,0
1044.483761998,1,0
1044.613183054,1,1
1044.613184654,0,1
1044.742606900,0,0
1044.742607408,1,0
1044.872028654,1,1
1044.872030066,0,1
1045.001450438,0,0
1045.001452692,1,0
1045.130873254,1,1
1045.130875412,0,1
1045.260296100,0,0
1045.260298102,1,0
1045.389719854,1,1
1045.389720822,0,1
1045.519141638,0,0
1045.519143450,1,0
1045.648563454,1,1
1045.648566170,0,1
1045.777986302,0,0
1045.777988796,1,0
1045.907410054,1,1
1045.907411580,0,1
1046.036832838,0,0
1046.036834206,1,0
1046.166254654,1,1
1046.166256926,0,1
1046.295679500,0,0
1046.295679554,1,0
1046.425100254,1,1
1046.425102274,0,1
1046.554523100,0,0
1046.554524962,1,0
1046.683945854,1,1
1046.683947682,0,1
1046.813368638,0,0
1046.813370310,1,0
1046.942792452,1,1
1046.942794030,0,1
1047.072215236,0,0
1047.072216780,1,0
1047.201608052,1,1
1047.201608376,0,1
1047.331058836,0,0
1047.331062064,1,0
1047.460512650,1,1
1047.460514784,0,1
1047.589935498,0,0
1047.589937410,1,0
1047.719329248,1,1
1047.719330194,0,1
1047.848751032,0,0
1047.848752820,1,0
1047.978173848,1,1
1047.978175538,0,1
1048.107625630,0,0
1048.107628228,1,0
1048.237051446,1,1
1048.237051884,0,1
1048.366473292,0,0
1048.366474510,1,0
1048.495895044,1,1
1048.495897292,0,1
1048.625286890,0,0
1048.625288918,1,0
1048.754679706,1,1
1048.754681638,0,1
1048.884102488,0,0
1048.884104326,1,0
1049.013525178,1,1
1049.013526984,0,1
1049.142948086,0,0
1049.142949608,1,0
1049.272339840,1,1
1049.272341328,0,1
1049.401731684,0,0
1049.401734018,1,0
1049.531154436,1,1
1049.531156736,0,1
1049.660578282,0,0
1049.660579362,1,0
1049.790000034,1,1
1049.790002080,0,1
1049.919392880,0,0
1049.919394706,1,0
1050.048783632,1,1
1050.048786426,0,1
1050.178207478,0,0
1050.178209052,1,0
1050.307630230,1,1
1050.307631770,0,1
1050.437053074,0,0
1050.437054520,1,0
1050.566475890,1,1
1050.566477178,0,1
1050.695898672,0,0
1050.695899866,1,0
1050.825351424,1,1
1050.825353522,0,1
1050.954774268,0,0
1050.954776210,1,0
1051.084197084,1,1
1051.084198930,0,1
1051.213650866,0,0
1051.213652556,1,0
1051.343043616,1,1
1051.343044336,0,1
1051.472466400,0,0
1051.472467022,1,0
1051.601888276,1,1
1051.601889678,0,1
1051.731309996,0,0
1051.731312368,1,0
1051.860763872,1,1
1051.860766022,0,1
1051.990188654,0,0
1051.990188710,1,0
1052.119609406,1,1
1052.119611428,0,1
1052.249031314,0,0
1052.249034052,1,0
1052.378455066,1,1
1052.378456772,0,1
1052.507847846,0,0
1052.507849458,1,0
1052.637269598,1,1
1052.637272114,0,1
1052.766693506,0,0
1052.766694802,1,0
1052.896115194,1,1
1052.896117460,0,1
1053.025539040,0,0
1053.025540208,1,0
1053.154960790,1,1
1053.154962864,0,1
1053.284384696,0,0
1053.284385550,1,0
1053.413806386,1,1
1053.413808206,0,1
1053.543228166,0,0
1053.543230956,1,0
1053.672620980,1,1
1053.672622610,0,1
1053.802012826,0,0
1053.802015298,1,0
1053.931405576,1,1
1053.931408016,0,1
1054.060829420,0,0
1054.060830640,1,0
1054.190252234,1,1
1054.190253358,0,1
1054.319675016,0,0
1054.319676044,1,0
1054.449096766,1,1
1054.449098702,0,1
1054.578549610,0,0
1054.578551388,1,0
1054.707972424,1,1
1054.707974106,0,1
1054.837395206,0,0
1054.837396730,1,0
1054.966817956,1,1
1054.966819448,0,1
1055.096240736,0,0
1055.096243134,1,0
1055.225632612,1,1
1055.225634790,0,1
1055.355086394,0,0
1055.355088478,1,0
1055.484510144,1,1
1055.484511194,0,1
1055.613931988,0,0
1055.613933880,1,0
1055.743355740,1,1
1055.743356534,0,1
1055.872746522,0,0
1055.872748222,1,0
1056.002169398,1,1
1056.002170940,0,1
1056.131592178,0,0
1056.131593562,1,0
1056.261014928,1,1
1056.261016280,0,1
1056.390437772,0,0
1056.390438904,1,0
1056.519861584,1,1
1056.519862622,0,1
1056.649283366,0,0
1056.649285308,1,0
1056.778706116,1,1
1056.778707962,0,1
1056.908128960,0,0
1056.908130648,1,0
1057.037519710,1,1
1057.037522366,0,1
1057.166942554,0,0
1057.166945050,1,0
1057.296365302,1,1
1057.296367708,0,1
1057.425788146,0,0
1057.425790392,1,0
1057.555210960,1,1
1057.555213046,0,1
1057.684633740,0,0
1057.684635794,1,0
1057.814027554,1,1
1057.814028450,0,1
1057.943481336,0,0
1057.943482136,1,0
1058.072873084,1,1
1058.072873852,0,1
1058.202295926,0,0
1058.202296538,1,0
1058.331717676,1,1
1058.331719256,0,1
1058.461139582,0,0
1058.461141816,1,0
1058.590563332,1,1
1058.590564594,0,1
1058.719986114,0,0
1058.719987218,1,0
1058.849407862,1,1
1058.849409934,0,1
1058.978801706,0,0
1058.978802558,1,0
1059.108223518,1,1
1059.108225274,0,1
1059.237647298,0,0
1059.237647958,1,0
1059.367068110,1,1
1059.367070614,0,1
1059.496491892,0,0
1059.496493300,1,0
1059.625914640,1,1
1059.625916078,0,1
1059.755307482,0,0
1059.755308702,1,0
1059.884729294,1,1
1059.884731356,0,1
1060.014152076,0,0
1060.014153978,1,0
1060.143575826,1,1
1060.143576758,0,1
1060.272996668,0,0
1060.272999380,1,0
1060.402419480,1,1
1060.402422096,0,1
1060.531843322,0,0
1060.531844718,1,0
1060.661266010,1,1
1060.661267496,0,1
1060.790686852,0,0
1060.790690182,1,0
1060.920110602,1,1
1060.920112838,0,1
1061.049533506,0,0
1061.049535522,1,0
1061.178956256,1,1
1061.178958174,0,1
1061.308379034,0,0
1061.308380860,1,0
1061.437800846,1,1
1061.437803576,0,1
1061.567224690,0,0
1061.567226262,1,0
1061.696648438,1,1
1061.696648914,0,1
1061.826101280,0,0
1061.826102536,1,0
1061.955524030,1,1
1061.955525254,0,1
1062.084946810,0,0
1062.084947938,1,0
1062.214369558,1,1
1062.214370654,0,1
1062.343761400,0,0
1062.343763276,1,0
1062.473185212,1,1
1062.473185992,0,1
1062.602606990,0,0
1062.602608614,1,0
1062.732030740,1,1
1062.732031392,0,1
1062.861482518,0,0
1062.861484012,1,0
1062.990876392,1,1
1062.990876730,0,1
1063.120297172,0,0
1063.120299414,1,0
1063.249719922,1,1
1063.249722066,0,1
1063.379143824,0,0
1063.379144750,1,0
1063.508565574,1,1
1063.508567406,0,1
1063.638019352,0,0
1063.638021088,1,0
1063.767441164,1,1
1063.767443868,0,1
1063.896863944,0,0
1063.896866488,1,0
1064.026287754,1,1
1064.026289204,0,1
1064.155709596,0,0
1064.155711826,1,0
1064.285100158,1,1
1064.285103542,0,1
1064.414524122,0,0
1064.414526226,1,0
1064.543945872,1,1
1064.543948878,0,1
1064.673399216,0,0
1064.673402564,1,0
1064.802792524,1,1
1064.802795278,0,1
1064.932216304,0,0
1064.932217898,1,0
1065.061639052,1,1
1065.061640614,0,1
1065.191061956,0,0
1065.191063234,1,0
1065.320484704,1,1
1065.320485948,0,1
1065.449907484,0,0
1065.449908634,1,0
1065.579359106,1,1
1065.579361348,0,1
1065.708782010,0,0
1065.708783970,1,0
1065.838204820,1,1
1065.838206686,0,1
1065.967629724,0,0
1065.967630368,1,0
1066.097051534,1,1
1066.097053020,0,1
1066.226442812,0,0
1066.226444704,1,0
1066.355865622,1,1
1066.355867356,0,1
1066.485289902,0,0
1066.485290040,1,0
1066.614709650,1,1
1066.614712816,0,1
1066.744134178,0,0
1066.744135438,1,0
1066.873556238,1,1
1066.873558154,0,1
1067.002979016,0,0
1067.002980774,1,0
1067.132402766,1,1
1067.132403552,0,1
1067.261825606,0,0
1067.261827170,1,0
1067.391278354,1,1
1067.391279886,0,1
1067.520700256,0,0
1067.520702506,1,0
1067.650123004,1,1
1067.650125220,0,1
1067.779546782,0,0
1067.779547904,1,0
1067.908967592,1,1
1067.908970618,0,1
1068.038391370,0,0
1068.038393238,1,0
1068.167813242,1,1
1068.167815954,0,1
1068.297237022,0,0
1068.297238572,1,0
1068.426659768,1,1
1068.426661288,0,1
1068.556083546,0,0
1068.556084972,1,0
1068.685504356,1,1
1068.685507622,0,1
1068.814898134,0,0
1068.814899306,1,0
1068.944320882,1,1
1068.944322020,0,1
1069.073743722,0,0
1069.073744702,1,0
1069.203166532,1,1
1069.203167354,0,1
1069.332619372,0,0
1069.332621036,1,0
1069.462012120,1,1
1069.462012688,0,1
1069.591432896,0,0
1069.591435434,1,0
1069.720856706,1,1
1069.720858084,0,1
1069.850279546,0,0
1069.850280766,1,0
1069.979703292,1,1
1069.979704420,0,1
1070.109125072,0,0
1070.109127102,1,0
1070.238549814,0,0
1070.238549818,0,1
1070.367970658,0,0
1070.367972498,1,0
1070.497393468,1,1
1070.497395148,0,1
1070.626785244,0,0
1070.626786830,1,0
1070.756208054,1,1
1070.756209544,0,1
1070.885629832,0,0
1070.885632164,1,0
1071.015052640,1,1
1071.015054876,0,1
1071.144475418,0,0
1071.144477560,1,0
1071.273900166,1,1
1071.273901274,0,1
1071.403322068,0,0
1071.403323894,1,0
1071.532745814,1,1
1071.532746606,0,1
1071.662166592,0,0
1071.662169228,1,0
1071.791589338,1,1
1071.791592002,0,1
1071.921012240,0,0
1071.921014622,1,0
1072.050404986,1,1
1072.050406274,0,1
1072.179826764,0,0
1072.179829018,1,0
1072.309250572,1,1
1072.309251668,0,1
1072.438671412,0,0
1072.438674350,1,0
1072.568096160,1,1
1072.568097000,0,1
1072.697519998,0,0
1072.697520684,1,0
1072.826940682,1,1
1072.826943396,0,1
1072.956364584,0,0
1072.956366014,1,0
1073.085786330,1,1
1073.085788728,0,1
1073.215210170,0,0
1073.215211410,1,0
1073.344632916,1,1
1073.344634186,0,1
1073.474056692,0,0
1073.474056804,1,0
1073.603508502,1,1
1073.603509454,0,1
1073.732931278,0,0
1073.732932136,1,0
1073.862385086,1,1
1073.862385850,0,1
1073.991807926,0,0
1073.991808532,1,0
1074.121229672,1,1
1074.121231180,0,1
1074.250652448,0,0
1074.250653862,1,0
1074.380076256,1,1
1074.380076512,0,1
1074.509468094,0,0
1074.509469194,1,0
1074.638859840,1,1
1074.638860908,0,1
1074.768281618,0,0
1074.768283588,1,0
1074.897704426,1,1
1074.897706238,0,1
1075.027127202,0,0
1075.027128920,1,0
1075.156519010,1,1
1075.156521632,0,1
1075.285910788,0,0
1075.285913252,1,0
1075.415334594,1,1
1075.415336964,0,1
1075.544758432,0,0
1075.544759644,1,0
1075.674181180,1,1
1075.674182294,0,1
1075.803602954,0,0
1075.803604912,1,0
1075.933025762,1,1
1075.933027750,0,1
1076.062447538,0,0
1076.062450306,1,0
1076.191870346,1,1
1076.191873018,0,1
1076.321294184,0,0
1076.321295636,1,0
1076.450716930,1,1
1076.450718348,0,1
1076.580139706,0,0
1076.580141030,1,0
1076.709562576,1,1
1076.709563742,0,1
1076.838984352,0,0
1076.838986422,1,0
1076.968407098,1,1
1076.968409070,0,1
1077.097830936,0,0
1077.097831688,1,0
1077.227252680,1,1
1077.227254464,0,1
1077.356706456,0,0
1077.356708144,1,0
1077.486129264,1,1
1077.486130794,0,1
1077.615521102,0,0
1077.615522412,1,0
1077.744943846,1,1
1077.744945186,0,1
1077.874366686,0,0
1077.874367804,1,0
1078.003788430,1,1
1078.003790516,0,1
1078.133273204,0,0
1078.133275198,1,0
1078.262665014,1,1
1078.262666846,0,1
1078.392086850,0,0
1078.392089464,1,0
1078.521479596,1,1
1078.521482238,0,1
1078.650903434,0,0
1078.650904856,1,0
1078.780327178,1,1
1078.780327566,0,1
1078.909746954,0,0
1078.909750246,1,0
1079.039140824,1,1
1079.039141896,0,1
1079.168532598,0,0
1079.168534578,1,0
1079.297955342,1,1
1079.297957288,0,1
1079.427378180,0,0
1079.427379906,1,0
1079.556799924,1,1
1079.556802616,0,1
1079.686222764,0,0
1079.686225234,1,0
1079.815646508,1,1
1079.815648010,0,1
1079.945069344,0,0
1079.945070690,1,0
1080.074523088,1,1
1080.074524338,0,1
1080.203945926,0,0
1080.203946956,1,0
1080.333368670,1,1
1080.333369666,0,1
1080.462759446,0,0
1080.462761408,1,0
1080.592151314,1,1
1080.592154056,0,1
1080.721575088,0,0
1080.721576674,1,0
1080.850967896,1,1
1080.850968384,0,1
1080.980359670,0,0
1080.980361064,1,0
1081.109782414,1,1
1081.109783776,0,1
1081.239204314,0,0
1081.239206454,1,0
1081.368627058,1,1
1081.368629102,0,1
1081.498050832,0,0
1081.498051722,1,0
1081.627472578,1,1
1081.627474494,0,1
1081.756865414,0,0
1081.756867110,1,0
1081.886287220,1,1
1081.886289822,0,1
1082.015710994,0,0
1082.015712438,1,0
1082.145133738,1,1
1082.145135148,0,1
1082.274556636,0,0
1082.274557766,1,0
1082.403977382,1,1
1082.403980476,0,1
1082.533371154,0,0
1082.533373156,1,0
1082.662792962,1,1
1082.662795866,0,1
1082.792216736,0,0
1082.792218484,1,0
1082.921639542,1,1
1082.921641194,0,1
1083.051031316,0,0
1083.051032936,1,0
1083.180424060,1,1
1083.180425520,0,1
1083.309844896,0,0
1083.309848198,1,0
1083.439268640,1,1
1083.439270910,0,1
1083.568692538,0,0
1083.568693588,1,0
1083.698083282,1,1
1083.698085236,0,1
1083.827476056,0,0
1083.827477916,1,0
1083.956897862,1,1
1083.956900562,0,1
1084.086320636,0,0
1084.086323240,1,0
1084.215744442,1,1
1084.215746016,0,1
1084.345167278,0,0
1084.345168630,1,0
1084.474589020,1,1
1084.474591278,0,1
1084.604042794,0,0
1084.604044958,1,0
1084.733466600,1,1
1084.733467604,0,1
1084.862888374,0,0
1084.862890282,1,0
1084.992312116,1,1
1084.992312992,0,1
1085.121702954,0,0
1085.121704672,1,0
1085.251127760,1,1
1085.251128380,0,1
1085.380549534,0,0
1085.380550998,1,0
1085.509972276,1,1
1085.509973708,0,1
1085.639394112,0,0
1085.639396386,1,0
1085.768817916,1,1
1085.768819032,0,1
1085.898240690,0,0
1085.898241710,1,0
1086.027662496,1,1
1086.027664420,0,1
1086.157085332,0,0
1086.157087100,1,0
1086.286508074,1,1
1086.286509746,0,1
1086.415930848,0,0
1086.415932362,1,0
1086.545353590,1,1
1086.545355134,0,1
1086.674775426,0,0
1086.674777750,1,0
1086.804198232,1,1
1086.804200460,0,1
1086.933621068,0,0
1086.933623138,1,0
1087.063104810,1,1
1087.063106848,0,1
1087.192497582,0,0
1087.192499462,1,0
1087.321921388,1,1
1087.321922172,0,1
1087.451343162,0,0
1087.451344850,1,0
1087.580795902,1,1
1087.580797496,0,1
1087.710217802,0,0
1087.710220174,1,0
1087.839641544,1,1
1087.839643884,0,1
1087.969065380,0,0
1087.969066500,1,0
1088.098487122,1,1
1088.098489272,0,1
1088.227909958,0,0
1088.227911886,1,0
1088.357361636,1,1
1088.357364596,0,1
1088.486785536,0,0
1088.486787210,1,0
1088.616209278,1,1
1088.616209858,0,1
1088.745632112,0,0
1088.745632534,1,0
1088.875052856,1,1
1088.875055306,0,1
1089.004446690,0,0
1089.004447922,1,0
1089.133869432,1,1
1089.133870568,0,1
1089.263291204,0,0
1089.263293308,1,0
1089.392746010,1,1
1089.392746954,0,1
1089.522167782,0,0
1089.522169630,1,0
1089.651559586,1,1
1089.651561340,0,1
1089.780982422,0,0
1089.780983892,1,0
1089.910404164,1,1
1089.910406666,0,1
1090.039827998,0,0
1090.039829342,1,0
1090.169249740,1,1
1090.169251988,0,1
1090.298673512,0,0
1090.298674602,1,0
1090.428096316,1,1
1090.428098374,0,1
1090.557518090,0,0
1090.557520988,1,0
1090.686941894,1,1
1090.686943760,0,1
1090.816334666,0,0
1090.816335310,1,0
1090.945756470,1,1
1090.945758020,0,1
1091.075209304,0,0
1091.075211696,1,0
1091.204632110,1,1
1091.204634404,0,1
1091.334054880,0,0
1091.334057020,1,0
1091.463447622,1,1
1091.463448790,0,1
1091.592900458,0,0
1091.592902406,1,0
1091.722293200,1,1
1091.722294050,0,1
1091.851716032,0,0
1091.851717726,1,0
1091.981138776,1,1
1091.981140434,0,1
1092.110621610,0,0
1092.110624048,1,0
1092.240014352,1,1
1092.240015758,0,1
1092.369438184,0,0
1092.369438434,1,0
1092.498858926,1,1
1092.498861142,0,1
1092.628281698,0,0
1092.628283756,1,0
1092.757674502,1,1
1092.757676526,0,1
1092.887098336,0,0
1092.887099142,1,0
1093.016521078,1,1
1093.016521850,0,1
1093.145943912,0,0
1093.145944462,1,0
1093.275364654,1,1
1093.275367170,0,1
1093.404787486,0,0
1093.404789846,1,0
1093.534181228,1,1
1093.534182492,0,1
1093.663604062,0,0
1093.663605230,1,0
1093.793026802,1,1
1093.793027876,0,1
1093.922416638,0,0
1093.922419490,1,0
1094.051841378,1,1
1094.051842260,0,1
1094.181263148,0,0
1094.181264874,1,0
1094.310686014,1,1
1094.310687582,0,1
1094.440108786,0,0
1094.440110194,1,0
1094.569533590,1,1
1094.569533902,0,1
1094.698954360,0,0
1094.698956578,1,0
1094.828377164,1,1
1094.828379286,0,1
1094.957798996,0,0
1094.957801900,1,0
1095.087221738,1,1
1095.087224608,0,1
1095.216646508,0,0
1095.216647220,1,0
1095.346068248,1,1
1095.346069990,0,1
1095.475491082,0,0
1095.475492604,1,0
1095.604942886,1,1
1095.604945248,0,1
1095.734366656,0,0
1095.734367924,1,0
1095.863791458,1,1
1095.863791632,0,1
1095.993181230,0,0
1095.993183308,1,0
1096.122605034,1,1
1096.122606016,0,1
1096.252026866,0,0
1096.252028628,1,0
1096.381449606,1,1
1096.381451336,0,1
1096.510872376,0,0
1096.510874010,1,0
1096.640295242,1,1
1096.640296654,0,1
1096.769688950,0,0
1096.769689330,1,0
1096.899110690,1,1
1096.899112038,0,1
1097.028533586,0,0
1097.028534714,1,0
1097.157955326,1,1
1097.157957358,0,1
1097.287379096,0,0
1097.287380034,1,0
1097.416799900,1,1
1097.416802678,0,1
1097.546224670,0,0
1097.546225414,1,0
1097.675645472,1,1
1097.675648058,0,1
1097.805068306,0,0
1097.805070736,1,0
1097.934461046,1,1
1097.934463440,0,1
1098.063854816,0,0
1098.063855054,1,0
1098.193275618,1,1
1098.193277698,0,1
1098.322699390,0,0
1098.322700436,1,0
1098.452121128,1,1
1098.452123082,0,1
1098.581573960,0,0
1098.581576756,1,0
1098.710966762,1,1
1098.710969400,0,1
1098.840358594,0,0
1098.840361138,1,0
1098.969782398,1,1
1098.969783846,0,1
1099.099204292,0,0
1099.099206456,1,0
1099.228627094,1,1
1099.228629162,0,1
1099.358049990,0,0
1099.358051838,1,0
1099.487473540,1,1
1099.487474482,0,1
1099.616896312,0,0
1099.616897156,1,0
1099.746318424,1,1
1099.746319800,0,1
1099.875741256,0,0
1099.875742412,1,0
1100.005164622,1,1
1100.005166182,0,1
1100.134587454,0,0
1100.134588794,1,0
1100.264010192,1,1
1100.264011500,0,1
1100.393433026,0,0
1100.393434112,1,0
1100.522855766,1,1
1100.522856882,0,1
1100.652277284,0,0
1100.652279492,1,0
1100.781701398,1,1
1100.781702200,0,1
1100.911122918,0,0
1100.911124812,1,0
1101.040545782,1,1
1101.040547518,0,1
1101.169967738,0,0
1101.169970192,1,0
1101.299360478,1,1
1101.299361836,0,1
1101.428782248,0,0
1101.428785510,1,0
1101.558206112,1,1
1101.558208216,0,1
1101.687628882,0,0
1101.687630890,1,0
1101.817021620,1,1
1101.817022472,0,1
1101.946413452,0,0
1101.946415210,1,0
1102.075835254,1,1
1102.075837916,0,1
1102.205257960,0,0
1102.205260526,1,0
1102.334680762,1,1
1102.334683170,0,1
1102.464105404,0,0
1102.464105908,1,0
1102.593526332,1,1
1102.593528552,0,1
1102.722950164,0,0
1102.722951224,1,0
1102.852371902,1,1
1102.852373868,0,1
1102.981795734,0,0
1102.981796606,1,0
1103.111216534,1,1
1103.111219248,0,1
1103.240641302,0,0
1103.240641860,1,0
1103.370063040,1,1
1103.370064564,0,1
1103.499484810,0,0
1103.499487238,1,0
1103.628938610,1,1
1103.628940944,0,1
1103.758361442,0,0
1103.758363618,1,0
1103.887784242,1,1
1103.887786322,0,1
1104.017208010,0,0
1104.017208934,1,0
1104.146629750,1,1
1104.146631640,0,1
1104.276052518,0,0
1104.276054252,1,0
1104.405475380,1,1
1104.405477020,0,1
1104.534868150,0,0
1104.534869632,1,0
1104.664289950,1,1
1104.664292274,0,1
1104.793714780,0,0
1104.793714948,1,0
1104.923135518,1,1
1104.923137714,0,1
1105.052528226,0,0
1105.052529264,1,0
1105.181950088,1,1
1105.181951968,0,1
1105.311372856,0,0
1105.311374644,1,0
1105.440795656,1,1
1105.440797286,0,1
1105.570219426,0,0
1105.570220960,1,0
1105.699641164,1,1
1105.699643602,0,1
1105.829031994,0,0
1105.829035338,1,0
1105.958455794,1,1
1105.958457980,0,1
1106.087879562,0,0
1106.087880654,1,0
1106.217301362,1,1
1106.217303360,0,1
1106.346693130,0,0
1106.346695970,1,0
1106.476085930,1,1
1106.476087676,0,1
1106.605507700,0,0
1106.605510412,1,0
1106.734931498,1,1
1106.734932990,0,1
1106.864354268,0,0
1106.864355664,1,0
1106.993778004,1,1
1106.993779308,0,1
1107.123199896,0,0
1107.123202044,1,0
1107.252652636,1,1
1107.252654750,0,1
1107.382045402,0,0
1107.382047358,1,0
1107.511468140,1,1
1107.511470000,0,1
1107.640861034,0,0
1107.640861736,1,0
1107.770283770,1,1
1107.770284378,0,1
1107.899705538,0,0
1107.899707052,1,0
1108.029127338,1,1
1108.029129758,0,1
1108.158550168,0,0
1108.158552366,1,0
1108.287972906,1,1
1108.287975010,0,1
1108.417396672,0,0
1108.417398744,1,0
1108.546819472,1,1
1108.546821386,0,1
1108.676242302,0,0
1108.676244124,1,0
1108.805665040,1,1
1108.805666766,0,1
1108.935087870,0,0
1108.935089376,1,0
1109.064510606,1,1
1109.064512080,0,1
1109.193932374,0,0
1109.193934690,1,0
1109.323385174,1,1
1109.323387394,0,1
1109.452808002,0,0
1109.452810066,1,0
1109.582230740,1,1
1109.582232772,0,1
1109.711654508,0,0
1109.711656444,1,0
1109.841077306,1,1
1109.841079086,0,1
1109.970501074,0,0
1109.970501758,1,0
1110.099922874,1,1
1110.099924462,0,1
1110.229345640,0,0
1110.229347136,1,0
1110.358797440,1,1
1110.358799778,0,1
1110.488221268,0,0
1110.488222450,1,0
1110.617643004,1,1
1110.617645094,0,1
1110.747065898,0,0
1110.747067828,1,0
1110.876489634,1,1
1110.876491406,0,1
1111.005882338,0,0
1111.005883080,1,0
1111.135305076,1,1
1111.135305782,0,1
1111.264727968,0,0
1111.264728454,1,0
1111.394148704,1,1
1111.394151096,0,1
1111.523572532,0,0
1111.523573770,1,0
1111.652994270,1,1
1111.652996474,0,1
1111.782417098,0,0
1111.782419146,1,0
1111.911839896,1,1
1111.911841786,0,1
1112.041262664,0,0
1112.041264458,1,0
1112.170685400,1,1
1112.170687164,0,1
1112.300109166,0,0
1112.300110774,1,0
1112.429531028,1,1
1112.429533538,0,1
1112.558954794,0,0
1112.558956148,1,0
1112.688375592,1,1
1112.688378788,0,1
1112.817800358,0,0
1112.817801462,1,0
1112.947222156,1,1
1112.947224164,0,1
1113.076643924,0,0
1113.076646836,1,0
1113.206067722,1,1
1113.206069478,0,1
1113.335491550,0,0
1113.335492150,1,0
1113.464913286,1,1
1113.464914790,0,1
1113.594336052,0,0
1113.594337462,1,0
1113.723758852,1,1
1113.723760166,0,1
1113.853211678,0,0
1113.853213838,1,0
1113.982665414,1,1
1113.982666540,0,1
1114.112087180,0,0
1114.112089150,1,0
1114.241510978,1,1
1114.241511854,0,1
1114.370901808,0,0
1114.370904464,1,0
1114.500325542,1,1
1114.500327166,0,1
1114.629748308,0,0
1114.629749838,1,0
1114.759171044,1,1
1114.759172478,0,1
1114.888564934,0,0
1114.888565150,1,0
1115.017985672,1,1
1115.017987852,0,1
1115.147409436,0,0
1115.147410524,1,0
1115.276831172,1,1
1115.276833164,0,1
1115.406254062,0,0
1115.406255836,1,0
1115.535675798,1,1
1115.535678540,0,1
1115.665099626,0,0
1115.665101148,1,0
1115.794521298,1,1
1115.794523850,0,1
1115.923944188,0,0
1115.923946522,1,0
1116.053367924,1,1
1116.053369224,0,1
1116.182790690,0,0
1116.182791834,1,0
1116.312212424,1,1
1116.312214538,0,1
1116.441635254,0,0
1116.441637146,1,0
1116.571059050,1,1
1116.571059910,0,1
1116.700480816,0,0
1116.700482518,1,0
1116.829902614,1,1
1116.829905160,0,1
1116.959326380,0,0
1116.959327830,1,0
1117.088748238,1,1
1117.088750596,0,1
1117.218172004,0,0
1117.218173204,1,0
1117.347593740,1,1
1117.347595904,0,1
1117.477017566,0,0
1117.477018516,1,0
1117.606440240,1,1
1117.606442154,0,1
1117.735864826,1,1
1117.735865128,1,0
1117.865284864,1,1
1117.865287528,0,1
1117.994708692,0,0
1117.994710198,1,0
1118.124130426,1,1
1118.124132838,0,1
1118.253554190,0,0
1118.253555572,1,0
1118.382977050,1,1
1118.382978210,0,1
1118.512428816,0,0
1118.512430820,1,0
1118.641822550,1,1
1118.641823582,0,1
1118.771244376,0,0
1118.771246130,1,0
1118.900667174,1,1
1118.900668894,0,1
1119.030089938,0,0
1119.030091564,1,0
1119.159511672,1,1
1119.159514204,0,1
1119.288905500,0,0
1119.288906938,1,0
1119.418297296,1,1
1119.418298578,0,1
1119.547719060,0,0
1119.547721184,1,0
1119.677141794,1,1
1119.677143824,0,1
1119.806565622,0,0
1119.806566556,1,0
1119.936017418,1,1
1119.936020196,0,1
1120.065411184,0,0
1120.065411866,1,0
1120.194832916,1,1
1120.194834568,0,1
1120.324255806,0,0
1120.324258238,1,0
1120.453679540,1,1
1120.453680878,0,1
1120.583100304,0,0
1120.583103548,1,0
1120.712524038,1,1
1120.712526188,0,1
1120.841915866,0,0
1120.841917920,1,0
1120.971339662,1,1
1120.971340560,0,1
1121.100761362,0,0
1121.100763228,1,0
1121.230184158,1,1
1121.230185868,0,1
1121.359606986,0,0
1121.359608600,1,0
1121.489030782,1,1
1121.489031238,0,1
1121.618452546,0,0
1121.618453846,1,0
1121.747876278,1,1
1121.747877612,0,1
1121.877299106,0,0
1121.877300156,1,0
1122.006689902,1,1
1122.006691920,0,1
1122.136144666,0,0
1122.136145588,1,0
1122.265566462,1,1
1122.265568228,0,1
1122.394989162,0,0
1122.394990898,1,0
1122.524412084,1,1
1122.524413600,0,1
1122.653803786,0,0
1122.653805206,1,0
1122.783225580,1,1
1122.783227908,0,1
1122.912648344,0,0
1122.912650578,1,0
1123.042072140,1,1
1123.042074278,0,1
1123.171494904,0,0
1123.171496886,1,0
1123.300917700,1,1
1123.300919588,0,1
1123.430340462,0,0
1123.430342194,1,0
1123.559764322,1,1
1123.559764956,0,1
1123.689186084,0,0
1123.689187564,1,0
1123.818577818,1,1
1123.818579202,0,1
1123.947970644,0,0
1123.947971872,1,0
1124.077423376,1,1
1124.077424572,0,1
1124.206846140,0,0
1124.206847182,1,0
1124.336267936,1,1
1124.336269882,0,1
1124.465692698,0,0
1124.465693550,1,0
1124.595083494,1,1
1124.595085252,0,1
1124.724476256,0,0
1124.724477858,1,0
1124.853929052,1,1
1124.853930558,0,1
1124.983352878,0,0
1124.983353228,1,0
1125.112744674,1,1
1125.112745928,0,1
1125.242136436,0,0
1125.242137534,1,0
1125.371528170,1,1
1125.371530236,0,1
1125.500950932,0,0
1125.500952842,1,0
1125.630374726,1,1
1125.630375606,0,1
1125.759796552,0,0
1125.759798276,1,0
1125.889219346,1,1
1125.889220850,0,1
1126.018642110,0,0
1126.018643518,1,0
1126.148064842,1,1
1126.148066218,0,1
1126.277487732,0,0
1126.277488890,1,0
1126.406909464,1,1
1126.406911528,0,1
1126.536332226,0,0
1126.536334196,1,0
1126.665754958,1,1
1126.665756896,0,1
1126.795177720,0,0
1126.795179504,1,0
1126.924600578,1,1
1126.924602204,0,1
1127.054023342,0,0
1127.054024808,1,0
1127.183446074,1,1
1127.183447510,0,1
1127.312869836,0,0
1127.312871178,1,0
1127.442291694,1,1
1127.442293880,0,1
1127.571716456,0,0
1127.571716546,1,0
1127.701138250,1,1
1127.701139184,0,1
1127.830590014,0,0
1127.830591852,1,0
1127.959982746,1,1
1127.959984490,0,1
1128.089405632,0,0
1128.089407158,1,0
1128.218828366,1,1
1128.218829860,0,1
1128.348251128,0,0
1128.348252528,1,0
1128.477703858,1,1
1128.477705166,0,1
1128.607157684,0,0
1128.607158834,1,0
1128.736580416,1,1
1128.736581534,0,1
1128.866002240,0,0
1128.866004142,1,0
1128.995426036,1,1
1128.995426904,0,1
1129.124817798,0,0
1129.124819448,1,0
1129.254240530,1,1
1129.254242146,0,1
1129.383663416,0,0
1129.383664878,1,0
1129.513085148,1,1
1129.513087514,0,1
1129.642507912,0,0
1129.642510182,1,0
1129.771931642,1,1
1129.771932820,0,1
1129.901324468,0,0
1129.901325488,1,0
1130.030746262,1,1
1130.030748186,0,1
1130.160169024,0,0
1130.160170794,1,0
1130.289591818,1,1
1130.289593494,0,1
1130.418983580,0,0
1130.418985162,1,0
1130.548376312,1,1
1130.548377798,0,1
1130.677799198,0,0
1130.677800466,1,0
1130.807220930,1,1
1130.807223166,0,1
1130.936644692,0,0
1130.936645834,1,0
1131.066035548,1,1
1131.066037534,0,1
1131.195429248,0,0
1131.195430138,1,0
1131.324881042,1,1
1131.324882838,0,1
1131.454305802,0,0
1131.454306444,1,0
1131.583726536,1,1
1131.583729142,0,1
1131.713151422,0,0
1131.713151872,1,0
1131.842541090,1,1
1131.842543510,0,1
1131.971964916,0,0
1131.971966114,1,0
1132.101388708,1,1
1132.101388814,0,1
1132.230810468,0,0
1132.230811482,1,0
1132.360263262,1,1
1132.360265180,0,1
1132.489655024,0,0
1132.489656786,1,0
1132.619077818,1,1
1132.619079484,0,1
1132.748501642,0,0
1132.748503154,1,0
1132.877924372,1,1
1132.877925854,0,1
1133.007346134,0,0
1133.007348458,1,0
1133.136768926,1,1
1133.136771156,0,1
1133.266160752,0,0
1133.266162824,1,0
1133.395583482,1,1
1133.395585460,0,1
1133.525006242,0,0
1133.525008066,1,0
1133.654427848,1,1
1133.654430766,0,1
1133.783821172,0,0
1133.783823432,1,0
1133.913244590,1,1
1133.913246130,0,1
1134.042666790,0,0
1134.042668736,1,0
1134.172120146,1,1
1134.172122436,0,1
1134.301512468,0,0
1134.301514102,1,0
1134.430935700,1,1
1134.430936738,0,1
1134.560357146,0,0
1134.560359406,1,0
1134.689779940,1,1
1134.689782166,0,1
1134.819202762,0,0
1134.819204772,1,0
1134.948625618,1,1
1134.948627470,0,1
1135.078048442,0,0
1135.078050074,1,0
1135.207440422,1,1
1135.207442836,0,1
1135.336863182,0,0
1135.336865440,1,0
1135.466287412,1,1
1135.466288076,0,1
1135.595710736,0,0
1135.595710744,1,0
1135.725133090,1,1
1135.725133506,0,1
1135.854554288,0,0
1135.854556110,1,0
1135.983977706,1,1
1135.983978746,0,1
1136.113399842,0,0
1136.113401412,1,0
1136.242822634,1,1
1136.242824048,0,1
1136.372245394,0,0
1136.372246716,1,0
1136.501638186,1,1
1136.501639350,0,1
1136.631061010,0,0
1136.631062018,1,0
1136.760483740,1,1
1136.760484780,0,1
1136.889904562,0,0
1136.889907382,1,0
1137.019328292,1,1
1137.019330018,0,1
1137.148751054,0,0
1137.148752684,1,0
1137.278172844,1,1
1137.278175320,0,1
1137.407595666,0,0
1137.407598050,1,0
1137.537018398,1,1
1137.537020748,0,1
1137.666442156,0,0
1137.666443352,1,0
1137.795863948,1,1
1137.795865986,0,1
1137.925286772,0,0
1137.925288716,1,0
1138.054708502,1,1
1138.054711352,0,1
1138.184131262,0,0
1138.184134018,1,0
1138.313557052,1,1
1138.313557654,0,1
1138.442978874,0,0
1138.442980320,1,0
1138.572431604,1,1
1138.572432954,0,1
1138.701853428,0,0
1138.701855684,1,0
1138.831308156,1,1
1138.831309382,0,1
1138.960729978,0,0
1138.960731986,1,0
1139.090121708,1,1
1139.090123684,0,1
1139.219545530,0,0
1139.219546288,1,0
1139.348968322,1,1
1139.348969046,0,1
1139.478390080,0,0
1139.478391650,1,0
1139.607781872,1,1
1139.607784286,0,1
1139.737206632,0,0
1139.737207014,1,0
1139.866627362,1,1
1139.866629648,0,1
1139.996051182,0,0
1139.996052316,1,0
1140.125472974,1,1
1140.125474950,0,1
1140.254896734,0,0
1140.254897554,1,0
1140.384318524,1,1
1140.384320314,0,1
1140.513741284,0,0
1140.513742916,1,0
1140.643164012,1,1
1140.643165616,0,1
1140.772555896,0,0
1140.772558280,1,0
1140.901948566,1,1
1140.901949914,0,1
1141.031371386,0,0
1141.031373520,1,0
1141.160794176,1,1
1141.160796278,0,1
1141.290216936,0,0
1141.290218946,1,0
1141.419639664,1,1
1141.419641580,0,1
1141.549062424,0,0
1141.549064244,1,0
1141.678453276,1,1
1141.678455942,0,1
1141.807876036,0,0
1141.807878546,1,0
1141.937298764,1,1
1141.937301180,0,1
1142.066722586,0,0
1142.066723906,1,0
1142.196115378,1,1
1142.196116542,0,1
1142.325538136,0,0
1142.325539208,1,0
1142.454958988,1,1
1142.454961842,0,1
1142.584381748,0,0
1142.584384572,1,0
1142.713806476,1,1
1142.713807204,0,1
1142.843228298,0,0
1142.843229870,1,0
1142.972650962,1,1
1142.972652504,0,1
1143.102072846,0,0
1143.102075172,1,0
1143.231496574,1,1
1143.231497928,0,1
1143.360888332,0,0
1143.360890468,1,0
1143.490281124,1,1
1143.490282228,0,1
1143.619672882,0,0
1143.619674832,1,0
1143.749096672,1,1
1143.749097528,0,1
1143.878518494,0,0
1143.878520194,1,0
1144.007942222,1,1
1144.007942826,0,1
1144.137332980,0,0
1144.137335492,1,0
1144.266725772,1,1
1144.266727190,0,1
1144.396119592,0,0
1144.396119790,1,0
1144.525541320,1,1
1144.525542486,0,1
1144.654963140,0,0
1144.654965154,1,0
1144.784384868,1,1
1144.784387788,0,1
1144.913777688,0,0
1144.913779390,1,0
1145.043170416,1,1
1145.043172086,0,1
1145.172592176,0,0
1145.172594750,1,0
1145.302045966,1,1
1145.302047448,0,1
1145.431437722,0,0
1145.431440112,1,0
1145.560860514,1,1
1145.560862808,0,1
1145.690283270,0,0
1145.690285410,1,0
1145.819706124,1,1
1145.819708106,0,1
1145.949128882,0,0
1145.949130710,1,0
1146.078551610,1,1
1146.078553468,0,1
1146.207973430,0,0
1146.207976070,1,0
1146.337396158,1,1
1146.337398766,0,1
1146.466821040,0,0
1146.466821368,1,0
1146.596242768,1,1
1146.596244066,0,1
1146.725666526,0,0
1146.725667666,1,0
1146.855088254,1,1
1146.855090362,0,1
1146.984512072,0,0
1146.984513026,1,0
1147.113933862,1,1
1147.113935660,0,1
1147.243357620,0,0
1147.243358388,1,0
1147.372779348,1,1
1147.372781022,0,1
1147.502171168,0,0
1147.502172686,1,0
1147.631563896,1,1
1147.631565318,0,1
1147.760986716,0,0
1147.760988044,1,0
1147.890408504,1,1
1147.890410618,0,1
1148.019832326,0,0
1148.019833344,1,0
1148.149224052,1,1
1148.149225038,0,1
1148.278616810,0,0
1148.278617704,1,0
1148.408037536,1,1
1148.408040336,0,1
1148.537461356,0,0
1148.537463000,1,0
1148.666883146,1,1
1148.666885634,0,1
1148.796305966,0,0
1148.796308298,1,0
1148.925727692,1,1
1148.925730994,0,1
1149.055151448,0,0
1149.055153656,1,0
1149.184574176,1,1
1149.184576292,0,1
1149.313998954,1,1
1149.313999058,1,0
1149.443389784,1,1
1149.443391648,0,1
1149.572812606,0,0
1149.572814252,1,0
1149.702235330,1,1
1149.702236946,0,1
1149.831689088,0,0
1149.831690548,1,0
1149.961110878,1,1
1149.961113244,0,1
1150.090502634,0,0
1150.090504906,1,0
1150.219896486,1,1
1150.219897540,0,1
1150.349318244,0,0
1150.349320266,1,0
1150.478741970,1,1
1150.478742898,0,1
1150.608193726,0,0
1150.608195562,1,0
1150.737616516,1,1
1150.737618194,0,1
1150.867010334,0,0
1150.867010858,1,0
1150.996432124,1,1
1150.996433552,0,1
1151.125853818,0,0
1151.125856218,1,0
1151.255277544,1,1
1151.255278850,0,1
1151.384730364,0,0
1151.384732514,1,0
1151.514123214,1,1
1151.514124208,0,1
1151.643545972,0,0
1151.643546808,1,0
1151.772967698,1,1
1151.772969568,0,1
1151.902389454,0,0
1151.902392168,1,0
1152.031813244,1,1
1152.031814800,0,1
1152.161206000,0,0
1152.161207464,1,0
1152.290628788,1,1
1152.290630158,0,1
1152.420050608,0,0
1152.420052758,1,0
1152.549474332,1,1
1152.549475516,0,1
1152.678895152,0,0
1152.678898116,1,0
1152.808287940,1,1
1152.808290748,0,1
1152.937711696,0,0
1152.937713474,1,0
1153.067134484,1,1
1153.067136108,0,1
1153.196557178,0,0
1153.196558708,1,0
1153.325978966,1,1
1153.325981402,0,1
1153.455400786,0,0
1153.455404002,1,0
1153.584793512,1,1
1153.584795760,0,1
1153.714217330,0,0
1153.714218360,1,0
1153.843640118,1,1
1153.843642054,0,1
1153.973063874,0,0
1153.973064778,1,0
1154.102485600,1,1
1154.102487412,0,1
1154.231939420,0,0
1154.231940072,1,0
1154.361391144,1,1
1154.361393768,0,1
1154.490815962,0,0
1154.490816306,1,0
1154.620238688,1,1
1154.620238998,0,1
1154.749629570,0,0
1154.749630662,1,0
1154.879051294,1,1
1154.879053356,0,1
1155.008475050,0,0
1155.008475956,1,0
1155.137898900,1,1
1155.137899590,0,1
1155.267321656,0,0
1155.267322314,1,0
1155.396743382,1,1
1155.396745008,0,1
1155.526166200,0,0
1155.526167608,1,0
1155.655587862,1,1
1155.655590302,0,1
1155.785011744,0,0
1155.785012902,1,0
1155.914434468,1,1
1155.914435658,0,1
1156.043857288,0,0
1156.043858320,1,0
1156.173278012,1,1
1156.173280952,0,1
1156.302701768,0,0
1156.302703614,1,0
1156.432124554,1,1
1156.432126246,0,1
1156.561516374,0,0
1156.561518908,1,0
1156.690908100,1,1
1156.690910540,0,1
1156.820330916,0,0
1156.820333264,1,0
1156.949754642,1,1
1156.949755894,0,1
1157.079207396,0,0
1157.079209556,1,0
1157.208629184,1,1
1157.208632188,0,1
1157.338022002,0,0
1157.338023914,1,0
1157.467445726,1,1
1157.467446544,0,1
1157.596868482,0,0
1157.596869144,1,0
1157.726290270,1,1
1157.726291838,0,1
1157.855713088,0,0
1157.855715500,1,0
1157.985136874,1,1
1157.985138194,0,1
1158.114559628,0,0
1158.114560796,1,0
1158.243981354,1,1
1158.243983488,0,1
1158.373405234,0,0
1158.373406150,1,0
1158.502827896,1,1
1158.502828842,0,1
1158.632249714,0,0
1158.632251504,1,0
1158.761703440,1,1
1158.761704136,0,1
1158.891096194,0,0
1158.891096796,1,0
1159.020518044,1,1
1159.020519428,0,1
1159.149909798,0,0
1159.149911088,1,0
1159.279302584,1,1
1159.279303720,0,1
1159.408724340,0,0
1159.408726444,1,0
1159.538146064,1,1
1159.538149074,0,1
1159.667569882,0,0
1159.667571738,1,0
1159.796992668,1,1
1159.796994368,0,1
1159.926414486,0,0
1159.926417030,1,0
1160.055808146,1,1
1160.055809722,0,1
1160.185230964,0,0
1160.185232384,1,0
1160.314652750,1,1
1160.314655014,0,1
1160.444075506,0,0
1160.444077676,1,0
1160.573498292,1,1
1160.573500368,0,1
1160.702920046,0,0
1160.702922968,1,0
1160.832343834,1,1
1160.832345662,0,1
1160.961766590,0,0
1160.961768324,1,0
1161.091189376,1,1
1161.091190952,0,1
1161.220582130,0,0
1161.220583614,1,0
1161.349973854,1,1
1161.349975308,0,1
1161.479396670,0,0
1161.479397906,1,0
1161.608848458,1,1
1161.608851600,0,1
1161.738273212,0,0
1161.738274260,1,0
1161.867694998,1,1
1161.867696952,0,1
1161.997087752,0,0
1161.997089614,1,0
1162.126511476,1,1
1162.126512244,0,1
1162.255934356,0,0
1162.255934842,1,0
1162.385357080,1,1
1162.385357536,0,1
1162.514779834,0,0
1162.514780260,1,0
1162.644200620,1,1
1162.644202890,0,1
1162.773624374,0,0
1162.773625552,1,0
1162.903046222,1,1
1162.903048118,0,1
1163.032469978,0,0
1163.032470842,1,0
1163.161860702,1,1
1163.161862472,0,1
1163.291252518,0,0
1163.291255196,1,0
1163.420676242,1,1
1163.420677824,0,1
1163.550098058,0,0
1163.550100486,1,0
1163.679520782,1,1
1163.679523178,0,1
1163.808913600,0,0
1163.808915778,1,0
1163.938305322,1,1
1163.938307470,0,1
1164.067699140,0,0
1164.067700130,1,0
1164.197120862,1,1
1164.197122822,0,1
1164.326542618,0,0
1164.326545360,1,0
1164.455965464,1,1
1164.455968052,0,1
1164.585389218,0,0
1164.585390774,1,0
1164.714811942,1,1
1164.714813404,0,1
1164.844233758,0,0
1164.844236064,1,0
1164.973657544,1,1
1164.973658758,0,1
1165.103110236,0,0
1165.103112354,1,0
1165.232534084,1,1
1165.232534986,0,1
1165.361955838,0,0
1165.361957708,1,0
1165.491378560,1,1
1165.491380338,0,1
1165.620800378,0,0
1165.620802998,1,0
1165.750193164,1,1
1165.750194692,0,1
1165.879586916,0,0
1165.879587290,1,0
1166.009008702,1,1
1166.009009982,0,1
1166.138432456,0,0
1166.138432642,1,0
1166.267886242,1,1
1166.267886272,0,1
1166.397306996,0,0
1166.397308932,1,0
1166.526730718,1,1
1166.526731624,0,1
1166.656152472,0,0
1166.656154220,1,0
1166.785574320,1,1
1166.785576912,0,1
1166.914998074,0,0
1166.914999574,1,0
1167.044420860,1,1
1167.044422266,0,1
1167.173810926,0,0
1167.173813864,1,0
1167.303234398,1,1
1167.303236556,0,1
1167.432657152,0,0
1167.432659216,1,0
1167.562080874,1,1
1167.562081844,0,1
1167.691532692,0,0
1167.691535506,1,0
1167.820927476,1,1
1167.820928196,0,1
1167.950349292,0,0
1167.950350858,1,0
1168.079770952,1,1
1168.079773486,0,1
1168.209193768,0,0
1168.209196146,1,0
1168.338616552,1,1
1168.338618838,0,1
1168.468039370,0,0
1168.468041436,1,0
1168.597431404,1,1
1168.597433128,0,1
1168.726854220,0,0
1168.726855788,1,0
1168.856307632,1,1
1168.856309416,0,1
1168.985730446,0,0
1168.985732076,1,0
1169.115153170,1,1
1169.115154768,0,1
1169.244576048,0,0
1169.244577430,1,0
1169.373997770,1,1
1169.374000058,0,1
1169.503421648,0,0
1169.503422718,1,0
1169.632814246,1,1
1169.632815410,0,1
1169.762206248,0,0
1169.762207008,1,0
1169.891629034,1,1
1169.891629638,0,1
1170.021021538,0,0
1170.021022296,1,0
1170.150443134,1,1
1170.150445050,0,1
1170.279866014,0,0
1170.279867648,1,0
1170.409257798,1,1
1170.409259338,0,1
1170.538650614,0,0
1170.538651936,1,0
1170.668073398,1,1
1170.668074690,0,1
1170.797496214,0,0
1170.797497288,1,0
1170.926917936,1,1
1170.926919980,0,1
1171.056339752,0,0
1171.056342576,1,0
1171.185763476,1,1
1171.185765204,0,1
1171.315186226,0,0
1171.315187926,1,0
1171.444608950,1,1
1171.444610556,0,1
1171.574061764,0,0
1171.574064214,1,0
1171.703485612,1,1
1171.703486906,0,1
1171.832907364,0,0
1171.832909566,1,0
1171.962330088,1,1
1171.962332194,0,1
1172.091751902,0,0
1172.091754854,1,0
1172.221175562,1,1
1172.221177546,0,1
1172.350598440,0,0
1172.350600142,1,0
1172.480022162,1,1
1172.480022834,0,1
1172.609474978,0,0
1172.609476430,1,0
1172.738897762,1,1
1172.738899184,0,1
1172.868319514,0,0
1172.868321844,1,0
1172.997743300,1,1
1172.997744472,0,1
1173.127166050,0,0
1173.127167068,1,0
1173.256587836,1,1
1173.256589758,0,1
1173.386011588,0,0
1173.386012482,1,0
1173.515433310,1,1
1173.515435046,0,1
1173.644856126,0,0
1173.644857706,1,0
1173.774277910,1,1
1173.774280396,0,1
1173.903701662,0,0
1173.903702994,1,0
1174.033123446,1,1
1174.033125746,0,1
1174.162546198,0,0
1174.162548344,1,0
1174.291938982,1,1
1174.291941032,0,1
1174.421393736,0,0
1174.421394630,1,0
1174.550784456,1,1
1174.550786320,0,1
1174.680207332,0,0
1174.680208978,1,0
1174.809630054,1,1
1174.809631606,0,1
1174.939051806,0,0
1174.939054326,1,0
1175.068476528,1,1
1175.068476956,0,1
1175.197897340,0,0
1175.197899614,1,0
1175.327320126,1,1
1175.327322242,0,1
1175.456742876,0,0
1175.456744900,1,0
1175.586164662,1,1
1175.586167588,0,1
1175.715558414,0,0
1175.715560186,1,0
1175.844981196,1,1
1175.844982812,0,1
1175.974403948,0,0
1175.974405534,1,0
1176.103856732,1,1
1176.103859162,0,1
1176.233281484,0,0
1176.233281820,1,0
1176.362703268,1,1
1176.362704512,0,1
1176.492125080,0,0
1176.492127170,1,0
1176.621547802,1,1
1176.621549796,0,1
1176.750970616,0,0
1176.750972454,1,0
1176.880394336,1,1
1176.880395144,0,1
1177.009816152,0,0
1177.009817804,1,0
1177.139239872,1,1
1177.139240430,0,1
1177.268661686,0,0
1177.268663026,1,0
1177.398084406,1,1
1177.398085778,0,1
1177.527507222,0,0
1177.527508436,1,0
1177.656927942,1,1
1177.656931002,0,1
1177.786351756,0,0
1177.786353660,1,0
1177.915774476,1,1
1177.915776412,0,1
1178.045198290,0,0
1178.045199070,1,0
1178.174619072,1,1
1178.174621696,0,1
1178.304042824,0,0
1178.304044294,1,0
1178.433465608,1,1
1178.433467982,0,1
1178.562890296,0,0
1178.562890640,1,0
1178.692311080,1,1
1178.692313328,0,1
1178.821734894,0,0
1178.821735986,1,0
1178.951157614,1,1
1178.951158550,0,1
1179.080609428,0,0
1179.080611208,1,0
1179.210002148,1,1
1179.210003898,0,1
1179.339424898,0,0
1179.339426556,1,0
1179.468846744,1,1
1179.468849182,0,1
1179.598270494,0,0
1179.598271842,1,0
1179.727693214,1,1
1179.727694530,0,1
1179.857147028,0,0
1179.857148186,1,0
1179.986569748,1,1
1179.986570876,0,1
1180.115960562,0,0
1180.115962472,1,0
1180.245383282,1,1
1180.245385162,0,1
1180.374806096,0,0
1180.374807818,1,0
1180.504228816,1,1
1180.504230444,0,1
1180.633652692,0,0
1180.633653102,1,0
1180.763074410,1,1
1180.763075728,0,1
1180.892497162,0,0
1180.892498450,1,0
1181.021920882,1,1
1181.021922076,0,1
1181.151343758,0,0
1181.151344734,1,0
1181.280765478,1,1
1181.280767358,0,1
1181.410188228,0,0
1181.410190016,1,0
1181.539611010,1,1
1181.539612704,0,1
1181.669033760,0,0
1181.669035300,1,0
1181.798456606,1,1
1181.798457988,0,1
1181.927848294,0,0
1181.927849708,1,0
1182.057240076,1,1
1182.057242332,0,1
1182.186662826,0,0
1182.186664990,1,0
1182.316087608,1,1
1182.316087628,0,1
1182.445508358,0,0
1182.445510274,1,0
1182.574931140,1,1
1182.574932900,0,1
1182.704353954,0,0
1182.704355556,1,0
1182.833775672,1,1
1182.833778184,0,1
1182.963199424,0,0
1182.963200902,1,0
1183.092622206,1,1
1183.092623528,0,1
1183.222014018,0,0
1183.222016186,1,0
1183.351405738,1,1
1183.351407872,0,1
1183.480797486,0,0
1183.480800404,1,0
1183.610251270,1,1
1183.610253156,0,1
1183.739674080,0,0
1183.739675812,1,0
1183.869097802,1,1
1183.869099436,0,1
1183.998520550,0,0
1183.998522094,1,0
1184.127912394,1,1
1184.127913782,0,1
1184.257334144,0,0
1184.257336438,1,0
1184.386757864,1,1
1184.386759126,0,1
1184.516179676,0,0
1184.516181722,1,0
1184.645602458,1,1
1184.645604410,0,1
1184.775025208,0,0
1184.775027066,1,0
1184.904447926,1,1
1184.904449690,0,1
1185.033870738,0,0
1185.033872284,1,0
1185.163293520,1,1
1185.163294974,0,1
1185.292717270,0,0
1185.292718630,1,0
1185.422140052,1,1
1185.422141380,0,1
1185.551561802,0,0
1185.551563974,1,0
1185.680984582,1,1
1185.680986598,0,1
1185.810407332,0,0
1185.810409256,1,0
1185.939799050,1,1
1185.939800942,0,1
1186.069192864,0,0
1186.069193536,1,0
1186.198614644,1,1
1186.198616288,0,1
1186.328037394,0,0
1186.328038880,1,0
1186.457459112,1,1
1186.457461570,0,1
1186.586882924,0,0
1186.586884162,1,0
1186.716305706,1,1
1186.716306788,0,1
1186.845697454,0,0
1186.845699506,1,0
1186.975120236,1,1
1186.975122132,0,1
1187.104573048,0,0
1187.104574788,1,0
1187.233995766,1,1
1187.233997412,0,1
1187.363418578,0,0
1187.363420068,1,0
1187.492841296,1,1
1187.492842754,0,1
1187.622264044,0,0
1187.622265410,1,0
1187.751685826,1,1
1187.751688036,0,1
1187.881077576,0,0
1187.881080690,1,0
1188.010501356,1,1
1188.010503378,0,1
1188.139924168,0,0
1188.139925972,1,0
1188.269346886,1,1
1188.269348658,0,1
1188.398769636,0,0
1188.398771378,1,0
1188.528191416,1,1
1188.528194002,0,1
1188.657585228,0,0
1188.657586596,1,0
1188.787006946,1,1
1188.787009220,0,1
1188.916430758,0,0
1188.916431938,1,0
1189.045852476,1,1
1189.045854564,0,1
1189.175245286,0,0
1189.175246218,1,0
1189.304637004,1,1
1189.304638904,0,1
1189.434059816,0,0
1189.434061560,1,0
1189.563483534,1,1
1189.563484184,0,1
1189.692905282,0,0
1189.692906904,1,0
1189.822328002,1,1
1189.822329464,0,1
1189.951750874,0,0
1189.951752120,1,0
1190.081172656,1,1
1190.081174808,0,1
1190.210595404,0,0
1190.210597398,1,0
1190.340018122,1,1
1190.340020150,0,1
1190.469410932,0,0
1190.469412740,1,0
1190.598832712,1,1
1190.598835428,0,1
1190.728285462,0,0
1190.728288020,1,0
1190.857740240,1,1
1190.857741708,0,1
1190.987161990,0,0
1190.987164362,1,0
1191.116584708,1,1
1191.116587048,0,1
1191.245977518,0,0
1191.245979642,1,0
1191.375400298,1,1
1191.375402328,0,1
1191.504823046,0,0
1191.504824982,1,0
1191.634244764,1,1
1191.634247606,0,1
1191.763668576,0,0
1191.763670262,1,0
1191.893091354,1,1
1191.893092948,0,1
1192.022514104,0,0
1192.022515540,1,0
1192.151935884,1,1
1192.151938288,0,1
1192.281358632,0,0
1192.281360882,1,0
1192.410782412,1,1
1192.410783504,0,1
1192.540204158,0,0
1192.540206222,1,0
1192.669626940,1,1
1192.669628846,0,1
1192.799049686,0,0
1192.799051438,1,0
1192.928472528,1,1
1192.928474124,0,1
1193.057865278,0,0
1193.057866778,1,0
1193.187255996,1,1
1193.187258464,0,1
1193.316680804,0,0
1193.316681056,1,0
1193.446101522,1,1
1193.446103742,0,1
1193.575526270,0,0
1193.575527396,1,0
1193.704948050,1,1
1193.704950084,0,1
1193.834370860,0,0
1193.834372674,1,0
1193.963793578,1,1
1193.963795298,0,1
1194.093216386,0,0
1194.093218076,1,0
1194.222639104,1,1
1194.222640700,0,1
1194.352061914,0,0
1194.352063294,1,0
1194.481484694,1,1
1194.481485978,0,1
1194.610906442,0,0
1194.610908570,1,0
1194.740330158,1,1
1194.740331318,0,1
1194.869751968,0,0
1194.869753910,1,0
1194.999175748,1,1
1194.999176596,0,1
1195.128596496,0,0
1195.128599188,1,0
1195.258020212,1,1
1195.258021936,0,1
1195.387443022,0,0
1195.387444466,1,0
1195.516864740,1,1
1195.516867212,0,1
1195.646288548,0,0
1195.646289806,1,0
1195.775710328,1,1
1195.775712490,0,1
1195.905133076,0,0
1195.905135144,1,0
1196.034555792,1,1
1196.034557828,0,1
1196.163978602,0,0
1196.163980420,1,0
1196.293402382,1,1
1196.293404044,0,1
1196.422825130,0,0
1196.422826698,1,0
1196.552246846,1,1
1196.552249446,0,1
1196.681669654,0,0
1196.681672036,1,0
1196.811093436,1,1
1196.811094662,0,1
1196.940515182,0,0
1196.940517314,1,0
1197.069939960,1,1
1197.069940000,0,1
1197.199361708,0,0
1197.199362652,1,0
1197.328783486,1,1
1197.328785336,0,1
1197.458205296,0,0
1197.458207928,1,0
1197.587628950,1,1
1197.587630614,0,1
1197.717051758,0,0
1197.717053268,1,0
1197.846473538,1,1
1197.846475890,0,1
1197.975897348,0,0
1197.975898480,1,0
1198.105350064,1,1
1198.105352166,0,1
1198.234772874,0,0
1198.234774820,1,0
1198.364164590,1,1
1198.364166504,0,1
1198.493588400,0,0
1198.493589158,1,0
1198.623009114,1,1
1198.623011780,0,1
1198.752431924,0,0
1198.752434432,1,0
1198.881855640,1,1
1198.881858120,0,1
1199.011279388,0,0
1199.011280772,1,0
1199.140701166,1,1
1199.140703394,0,1
1199.270124912,0,0
1199.270125984,1,0
1199.399546692,1,1
1199.399548732,0,1
1199.528938500,0,0
1199.528940322,1,0
1199.658331216,1,1
1199.658333008,0,1
1199.787723026,0,0
1199.787724662,1,0
1199.917144804,1,1
1199.917147346,0,1
1200.046568550,0,0
1200.046569936,1,0
1200.175990266,1,1
1200.175992620,0,1
1200.305413012,0,0
1200.305415272,1,0
1200.434836852,1,1
1200.434838894,0,1
1200.564260598,0,0
1200.564261548,1,0
1200.693682378,1,1
1200.693684232,0,1
1200.823135122,0,0
1200.823136760,1,0
1200.952556840,1,1
1200.952559570,0,1
1201.081980584,0,0
1201.081982160,1,0
1201.211403426,1,1
1201.211404780,0,1
1201.340826174,0,0
1201.340827434,1,0
1201.470247888,1,1
1201.470250182,0,1
1201.599671696,0,0
1201.599673772,1,0
1201.729094410,1,1
1201.729096392,0,1
1201.858547220,0,0
1201.858549046,1,0
1201.987969998,1,1
1201.987971728,0,1
1202.117392744,0,0
1202.117394318,1,0
1202.246784458,1,1
1202.246787004,0,1
1202.376208330,0,0
1202.376209656,1,0
1202.505630984,1,1
1202.505632276,0,1
1202.635052790,0,0
1202.635054928,1,0
1202.764476506,1,1
1202.764477614,0,1
1202.893899314,0,0
1202.893900204,1,0
1203.023321092,1,1
1203.023322886,0,1
1203.152743838,0,0
1203.152745538,1,0
1203.282166616,1,1
1203.282168222,0,1
1203.411558486,0,0
1203.411560812,1,0
1203.540981264,1,1
1203.540983498,0,1
1203.670402884,0,0
1203.670406210,1,0
1203.799827662,1,1
1203.799828770,0,1
1203.929279156,0,0
1203.929281484,1,0
1204.058672496,1,1
1204.058674044,0,1
1204.188063804,0,0
1204.188065758,1,0
1204.317487646,1,1
1204.317488378,0,1
1204.446910516,0,0
1204.446912030,1,0
1204.576363730,1,1
1204.576364714,0,1
1204.705784976,0,0
1204.705787304,1,0
1204.835178816,1,1
1204.835179988,0,1
1204.964602562,0,0
1204.964602576,1,0
1205.094023276,1,1
1205.094025260,0,1
1205.223446020,0,0
1205.223447910,1,0
1205.352898798,1,1
1205.352900532,0,1
1205.482321542,0,0
1205.482323246,1,0
1205.611744320,1,1
1205.611745868,0,1
1205.741168066,0,0
1205.741169520,1,0
1205.870590780,1,1
1205.870592140,0,1
1206.000012588,0,0
1206.000014854,1,0
1206.129404364,1,1
1206.129406474,0,1
1206.258827110,0,0
1206.258829062,1,0
1206.388249824,1,1
1206.388251748,0,1
1206.517672630,0,0
1206.517674396,1,0
1206.647064408,1,1
1206.647067080,0,1
1206.776456154,0,0
1206.776458732,1,0
1206.905879930,1,1
1206.905881414,0,1
1207.035301674,0,0
1207.035304002,1,0
1207.164724452,1,1
1207.164727686,0,1
1207.294178194,0,0
1207.294180274,1,0
1207.423600972,1,1
1207.423602894,0,1
1207.553023780,0,0
1207.553025608,1,0
1207.682446494,1,1
1207.682448230,0,1
1207.811839302,0,0
1207.811840880,1,0
1207.941261952,1,1
1207.941263626,0,1
1208.070683822,0,0
1208.070686214,1,0
1208.200107536,1,1
1208.200108896,0,1
1208.329559342,0,0
1208.329561486,1,0
1208.458984056,1,1
1208.458985104,0,1
1208.588405800,0,0
1208.588407756,1,0
1208.717798576,1,1
1208.717799500,0,1
1208.847221384,0,0
1208.847222088,1,0
1208.976643098,1,1
1208.976644708,0,1
1209.106096904,0,0
1209.106098298,1,0
1209.235519618,1,1
1209.235521104,0,1
1209.364911426,0,0
1209.364912692,1,0
1209.494333140,1,1
1209.494335374,0,1
1209.623756946,0,0
1209.623757962,1,0
1209.753179722,1,1
1209.753181644,0,1
1209.882602466,0,0
1209.882604296,1,0
1210.012025178,1,1
1210.012026916,0,1
1210.141448986,0,0
1210.141449566,1,0
1210.270870700,1,1
1210.270872250,0,1
1210.400292506,0,0
1210.400294836,1,0
1210.529685282,1,1
1210.529686456,0,1
1210.659106962,0,0
1210.659109168,1,0
1210.788529800,1,1
1210.788531850,0,1
1210.917952544,0,0
1210.917954502,1,0
1211.047375258,1,1
1211.047377120,0,1
1211.176799064,0,0
1211.176800770,1,0
1211.306189840,1,1
1211.306192452,0,1
1211.435583584,0,0
1211.435584976,1,0
1211.565006296,1,1
1211.565007722,0,1
1211.694429166,0,0
1211.694430374,1,0
1211.823880878,1,1
1211.823882990,0,1
1211.953303686,0,0
1211.953305642,1,0
1212.082726398,1,1
1212.082728324,0,1
1212.212150142,0,0
1212.212150910,1,0
1212.341571854,1,1
1212.341573654,0,1
1212.470993660,0,0
1212.470996242,1,0
1212.600418374,1,1
1212.600419922,0,1
1212.729810180,0,0
1212.729811574,1,0
1212.859231954,1,1
1212.859234194,0,1
1212.988655698,0,0
1212.988656844,1,0
1213.118078472,1,1
1213.118079462,0,1
1213.247500216,0,0
1213.247502112,1,0
1213.376922930,1,1
1213.376924792,0,1
1213.506345734,0,0
1213.506347444,1,0
1213.635768510,1,1
1213.635770062,0,1
1213.765191252,0,0
1213.765192712,1,0
1213.894584028,1,1
1213.894585394,0,1
1214.023976772,0,0
1214.023977980,1,0
1214.153398484,1,1
1214.153400724,0,1
1214.282821352,0,0
1214.282823312,1,0
1214.412243064,1,1
1214.412245994,0,1
1214.541635808,0,0
1214.541637580,1,0
1214.671027582,1,1
1214.671030260,0,1
1214.800450388,0,0
1214.800452910,1,0
1214.929873038,1,1
1214.929875530,0,1
1215.059295844,0,0
1215.059298180,1,0
1215.188718618,1,1
1215.188720798,0,1
1215.318142424,0,0
1215.318143448,1,0
1215.447565136,1,1
1215.447566128,0,1
1215.577017880,0,0
1215.577019778,1,0
1215.706440654,1,1
1215.706442396,0,1
1215.835862398,0,0
1215.835865108,1,0
1215.965255172,1,1
1215.965256726,0,1
1216.094677914,0,0
1216.094679314,1,0
1216.224100690,1,1
1216.224102058,0,1
1216.353523496,0,0
1216.353524646,1,0
1216.482945206,1,1
1216.482947326,0,1
1216.612369012,0,0
1216.612369912,1,0
1216.741791724,1,1
1216.741793592,0,1
1216.871215528,0,0
1216.871216244,1,0
1217.000667244,1,1
1217.000668926,0,1
1217.130060984,0,0
1217.130061510,1,0
1217.259482758,1,1
1217.259484192,0,1
1217.388905564,0,0
1217.388906842,1,0
1217.518328338,1,1
1217.518329460,0,1
1217.647750082,0,0
1217.647752110,1,0
1217.777172794,1,1
1217.777174726,0,1
1217.906595598,0,0
1217.906597376,1,0
1218.036018312,1,1
1218.036020118,0,1
1218.165441116,0,0
1218.165442706,1,0
1218.294864890,1,1
1218.294865324,0,1
1218.424255632,0,0
1218.424258036,1,0
1218.553647406,1,1
1218.553649654,0,1
1218.683070148,0,0
1218.683072302,1,0
1218.812492860,1,1
1218.812494922,0,1
1218.941915728,0,0
1218.941917570,1,0
1219.071338438,1,1
1219.071340250,0,1
1219.200761182,0,0
1219.200762900,1,0
1219.330183956,1,1
1219.330185518,0,1
1219.459606698,0,0
1219.459609230,1,0
1219.589029472,1,1
1219.589031848,0,1
1219.718422214,0,0
1219.718423432,1,0
1219.847844926,1,1
1219.847846178,0,1
1219.977267794,0,0
1219.977268764,1,0
1220.106720506,1,1
1220.106722444,0,1
1220.236144246,0,0
1220.236145030,1,0
1220.365567020,1,1
1220.365567710,0,1
1220.494988762,0,0
1220.494990296,1,0
1220.624411536,1,1
1220.624413040,0,1
1220.753834340,0,0
1220.753835628,1,0
1220.883257052,1,1
1220.883258306,0,1
1221.012650794,0,0
1221.012650954,1,0
1221.142040568,1,1
1221.142042634,0,1
1221.271464372,0,0
1221.271465222,1,0
1221.400886084,1,1
1221.400887840,0,1
1221.530308888,0,0
1221.530310552,1,0
1221.659731600,1,1
1221.659733168,0,1
1221.789153402,0,0
1221.789155816,1,0
1221.918546114,1,1
1221.918548498,0,1
1222.047969918,0,0
1222.047971084,1,0
1222.177391692,1,1
1222.177393762,0,1
1222.306814434,0,0
1222.306816348,1,0
1222.436237146,1,1
1222.436239092,0,1
1222.565659948,0,0
1222.565661740,1,0
1222.695083724,1,1
1222.695084358,0,1
1222.824535464,0,0
1222.824538006,1,0
1222.953958176,1,1
1222.953960624,0,1
1223.083380978,0,0
1223.083383272,1,0
1223.212803690,1,1
1223.212805952,0,1
1223.342227494,0,0
1223.342228602,1,0
1223.471650266,1,1
1223.471651218,0,1
1223.601103008,0,0
1223.601104866,1,0
1223.730526722,1,1
1223.730527486,0,1
1223.859948462,0,0
1223.859950134,1,0
1223.989371234,1,1
1223.989372812,0,1
1224.118794038,0,0
1224.118795460,1,0
1224.248215748,1,1
1224.248218078,0,1
1224.377608552,0,0
1224.377609726,1,0
1224.507030326,1,1
1224.507032406,0,1
1224.636453130,0,0
1224.636454992,1,0
1224.765876840,1,1
1224.765877672,0,1
1224.895299582,0,0
1224.895301320,1,0
1225.024722292,1,1
1225.024724000,0,1
1225.154145160,0,0
1225.154146650,1,0
1225.283566870,1,1
1225.283569264,0,1
1225.412989610,0,0
1225.412991852,1,0
1225.542381382,1,1
1225.542383592,0,1
1225.671773126,0,0
1225.671776178,1,0
1225.801196898,1,1
1225.801198796,0,1
1225.930618702,0,0
1225.930621508,1,0
1226.060042412,1,1
1226.060044124,0,1
1226.189433154,0,0
1226.189435772,1,0
1226.318857864,1,1
1226.318859450,0,1
1226.448280730,0,0
1226.448282100,1,0
1226.577732440,1,1
1226.577734778,0,1
1226.707155180,0,0
1226.707157366,1,0
1226.836548954,1,1
1226.836550044,0,1
1226.965970756,0,0
1226.965972694,1,0
1227.095393468,1,1
1227.095395310,0,1
1227.224816270,0,0
1227.224817958,1,0
1227.354238982,1,1
1227.354240574,0,1
1227.483662722,0,0
1227.483663222,1,0
1227.613052494,1,1
1227.613054902,0,1
1227.742477296,0,0
1227.742478486,1,0
1227.871900008,1,1
1227.871901230,0,1
1228.001321810,0,0
1228.001323816,1,0
1228.130745522,1,1
1228.130746494,0,1
1228.260167262,0,0
1228.260169142,1,0
1228.389591034,1,1
1228.389591758,0,1
1228.519012776,0,0
1228.519014406,1,0
1228.648435548,1,1
1228.648437086,0,1
1228.777888350,0,0
1228.777889670,1,0
1228.907280060,1,1
1228.907282350,0,1
1229.036701864,0,0
1229.036705060,1,0
1229.166125636,1,1
1229.166127676,0,1
1229.295548376,0,0
1229.295550262,1,0
1229.424941086,1,1
1229.424942940,0,1
1229.554331888,0,0
1229.554334526,1,0
1229.683754662,1,1
1229.683757206,0,1
1229.813178400,0,0
1229.813179854,1,0
1229.942600172,1,1
1229.942602534,0,1
1230.072022914,0,0
1230.072025180,1,0
1230.201444624,1,1
1230.201447796,0,1
1230.330868426,0,0
1230.330870444,1,0
1230.460292138,1,1
1230.460294060,0,1
1230.589715000,0,0
1230.589716770,1,0
1230.719137712,1,1
1230.719139388,0,1
1230.848560450,0,0
1230.848562036,1,0
1230.977983224,1,1
1230.977984650,0,1
1231.107434962,0,0
1231.107437300,1,0
1231.236859672,1,1
1231.236859978,0,1
1231.366281536,0,0
1231.366282624,1,0
1231.495673246,1,1
1231.495675242,0,1
1231.625096986,0,0
1231.625097826,1,0
1231.754518696,1,1
1231.754520566,0,1
1231.883941560,0,0
1231.883943216,1,0
1232.013365270,1,1
1232.013365830,0,1
1232.142787010,0,0
1232.142788416,1,0
1232.272209782,1,1
1232.272211156,0,1
1232.401631584,0,0
1232.401633804,1,0
1232.531054292,1,1
1232.531056422,0,1
1232.660447032,0,0
1232.660449070,1,0
1232.789869804,1,1
1232.789871746,0,1
1232.919292606,0,0
1232.919294332,1,0
1233.048715378,1,1
1233.048716948,0,1
1233.178138056,0,0
1233.178139594,1,0
1233.307193828,1,1
1233.307196274,0,1
1233.436341632,0,0
1233.436343984,1,0
1233.565491340,1,1
1233.565492536,0,1
1233.694639142,0,0
1233.694640248,1,0
1233.823816852,1,1
1233.823818926,0,1
1233.952963654,0,0
1233.952966512,1,0
1234.082112428,1,1
1234.082115188,0,1
1234.211261230,0,0
1234.211262838,1,0
1234.340498940,1,1
1234.340502516,0,1
1234.469740742,0,0
1234.469742164,1,0
1234.598979452,1,1
1234.598981842,0,1
1234.728220190,0,0
1234.728221426,1,0
1234.857488962,1,1
1234.857491104,0,1
1234.986729702,0,0
1234.986730688,1,0
1235.115969538,1,1
1235.115970366,0,1
1235.245209338,0,0
1235.245210076,1,0
1235.374448048,1,1
1235.374449694,0,1
1235.503687850,0,0
1235.503689340,1,0
1235.632928496,1,1
1235.632929018,0,1
1235.762167298,0,0
1235.762168664,1,0
1235.891407070,1,1
1235.891408280,0,1
1236.020646810,0,0
1236.020647864,1,0
1236.149886582,1,1
1236.149887544,0,1
1236.279126320,0,0
1236.279127190,1,0
1236.408364092,1,1
1236.408366868,0,1
1236.537604894,0,0
1236.537606514,1,0
1236.666844602,1,1
1236.666846132,0,1
1236.796084404,0,0
1236.796085778,1,0
1236.925322114,1,1
1236.925324456,0,1
1237.054561916,0,0
1237.054564102,1,0
1237.183800874,1,1
1237.183803716,0,1
1237.313042362,0,0
1237.313043364,1,0
1237.442281134,1,1
1237.442282980,0,1
1237.571520936,0,0
1237.571522690,1,0
1237.700760708,1,1
1237.700762304,0,1
1237.829999448,0,0
1237.830001952,1,0
1237.959239216,1,1
1237.959241628,0,1
1238.088479018,0,0
1238.088481274,1,0
1238.217719728,1,1
1238.217720952,0,1
1238.346958466,0,0
1238.346960598,1,0
1238.476199238,1,1
1238.476200278,0,1
1238.605468164,0,0
1238.605469860,1,0
1238.734708748,1,1
1238.734709538,0,1
1238.863947548,0,0
1238.863949184,1,0
1238.993188320,1,1
1238.993188864,0,1
1239.122427060,0,0
1239.122428446,1,0
1239.251695830,1,1
1239.251698060,0,1
1239.380936882,0,0
1239.380937708,1,0
1239.510206028,1,1
1239.510208386,0,1
1239.639416970,1,1
1239.639417080,1,0
1239.768654786,1,1
1239.768656648,0,1
1239.897894588,0,0
1239.897896356,1,0
1240.027135360,1,1
1240.027135970,0,1
1240.156373098,0,0
1240.156375616,1,0
1240.285613744,1,1
1240.285615294,0,1
1240.414853484,0,0
1240.414854940,1,0
1240.544092440,1,1
1240.544094556,0,1
1240.673332116,0,0
1240.673334138,1,0
1240.802571888,1,1
1240.802573878,0,1
1240.931812314,0,0
1240.931813462,1,0
1241.061051960,1,1
1241.061053138,0,1
1241.190291198,0,0
1241.190292786,1,0
1241.319530906,1,1
1241.319532462,0,1
1241.448772108,1,1
1241.448772146,1,0
1241.578039540,1,1
1241.578041722,0,1
1241.707280216,0,0
1241.707281368,1,0
1241.836517986,1,1
1241.836520982,0,1
1241.965757786,0,0
1241.965760628,1,0
1242.094998494,1,1
1242.095000368,0,1
1242.224237296,0,0
1242.224239952,1,0
1242.353508066,1,1
1242.353509630,0,1
1242.482746804,0,0
1242.482749338,1,0
1242.611987574,1,1
1242.611988888,0,1
1242.741226312,0,0
1242.741228534,1,0
1242.870467020,1,1
1242.870468210,0,1
1242.999706822,0,0
1242.999707794,1,0
1243.128945592,1,1
1243.128947472,0,1
1243.258276330,0,0
1243.258278116,1,0
1243.387608100,1,1
1243.387609794,0,1
1243.516938838,0,0
1243.516940438,1,0
1243.646270606,1,1
1243.646272116,0,1
1243.775601344,0,0
1243.775602698,1,0
1243.904933176,1,1
1243.904934374,0,1
1244.034263914,0,0
1244.034264958,1,0
1244.163595684,1,1
1244.163596698,0,1
1244.292925422,0,0
1244.292927342,1,0
1244.422256130,1,1
1244.422259018,0,1
1244.551586930,0,0
1244.551589602,1,0
1244.680918700,1,1
1244.680921214,0,1
1244.810250438,0,0
1244.810251862,1,0
1244.939581144,1,1
1244.939583534,0,1
1245.068913944,0,0
1245.068914180,1,0
1245.198244714,1,1
1245.198245856,0,1
1245.327605452,0,0
1245.327607440,1,0
1245.456935222,1,1
1245.456938116,0,1
1245.586267958,0,0
1245.586269760,1,0
1245.715598728,1,1
1245.715600374,0,1
1245.844930466,0,0
1245.844932018,1,0
1245.974261236,1,1
1245.974262698,0,1
1246.103622036,0,0
1246.103624342,1,0
1246.232954742,1,1
1246.232956016,0,1
1246.362284480,0,0
1246.362286600,1,0
1246.491616248,1,1
1246.491618276,0,1
1246.620946986,0,0
1246.620948920,1,0
1246.750278754,1,1
1246.750280534,0,1
1246.879608492,0,0
1246.879611178,1,0
1247.008940260,1,1
1247.008942792,0,1
1247.138271060,0,0
1247.138273374,1,0
1247.267603830,1,1
1247.267605114,0,1
1247.396934566,0,0
1247.396935756,1,0
1247.526266336,1,1
1247.526267494,0,1
1247.655596074,0,0
1247.655598076,1,0
1247.784928842,1,1
1247.784929752,0,1
1247.914258578,0,0
1247.914260334,1,0
1248.043591348,1,1
1248.043592010,0,1
1248.172920084,0,0
1248.172922592,1,0
1248.302251854,1,1
1248.302254268,0,1
1248.431582590,0,0
1248.431584914,1,0
1248.560916360,1,1
1248.560916588,0,1
1248.690245096,0,0
1248.690247232,1,0
1248.819578804,1,1
1248.819578846,0,1
1248.948907604,0,0
1248.948909428,1,0
1249.078269372,1,1
1249.078271102,0,1
1249.207600108,0,0
1249.207602746,1,0
1249.336931878,1,1
1249.336933422,0,1
1249.466263614,0,0
1249.466265004,1,0
1249.595594382,1,1
1249.595595680,0,1
1249.724955182,0,0
1249.724957324,1,0
1249.854287888,1,1
1249.854288998,0,1
1249.983618686,0,0
1249.983619582,1,0
1250.112949394,1,1
1250.112951318,0,1
1250.242281192,0,0
1250.242281900,1,0
1250.371611898,1,1
1250.371613576,0,1
1250.500941698,0,0
1250.500944158,1,0
1250.630274466,1,1
1250.630275832,0,1
1250.759605202,0,0
1250.759606476,1,0
1250.888936972,1,1
1250.888938152,0,1
1251.018267708,0,0
1251.018268796,1,0
1251.147599476,1,1
1251.147600468,0,1
1251.276928276,0,0
1251.276931112,1,0
1251.406290980,1,1
1251.406292788,0,1
1251.535591718,0,0
1251.535593370,1,0
1251.664923486,1,1
1251.664925044,0,1
1251.794255222,0,0
1251.794255626,1,0
1251.923585990,1,1
1251.923587302,0,1
1252.052916790,0,0
1252.052917944,1,0
1252.182247494,1,1
1252.182249556,0,1
1252.311580202,1,1
1252.311580232,1,0
1252.440910062,1,1
1252.440911874,0,1
1252.570241798,0,0
1252.570242456,1,0
1252.699572566,1,1
1252.699574192,0,1
1252.828903366,0,0
1252.828904838,1,0
1252.958234070,1,1
1252.958236450,0,1
1253.087564808,0,0
1253.087567092,1,0
1253.216897512,1,1
1253.216898766,0,1
1253.346258374,0,0
1253.346260410,1,0
1253.475559078,1,1
1253.475561022,0,1
1253.604919878,0,0
1253.604922666,1,0
1253.734250520,1,1
1253.734253340,0,1
1253.863583318,0,0
1253.863584920,1,0
1253.992914088,1,1
1253.992915596,0,1
1254.122244824,0,0
1254.122247238,1,0
1254.251575590,1,1
1254.251577850,0,1
1254.380908326,0,0
1254.380909556,1,0
1254.510238094,1,1
1254.510240168,0,1
1254.639569830,0,0
1254.639571812,1,0
1254.768900536,1,1
1254.768902484,0,1
1254.898233334,0,0
1254.898234066,1,0
1255.027562100,1,1
1255.027564678,0,1
1255.156894900,0,0
1255.156896382,1,0
1255.286225666,1,1
1255.286227056,0,1
1255.415557402,0,0
1255.415558700,1,0
1255.544888170,1,1
1255.544889312,0,1
1255.674218906,0,0
1255.674220954,1,0
1255.803549672,1,1
1255.803551566,0,1
1255.932881408,0,0
1255.932883272,1,0
1256.062213176,1,1
1256.062213882,0,1
1256.191541910,0,0
1256.191544526,1,0
1256.320874678,1,1
1256.320876200,0,1
1256.450204414,0,0
1256.450206780,1,0
1256.579537180,1,1
1256.579538454,0,1
1256.708866916,0,0
1256.708869098,1,0
1256.838199684,1,1
1256.838200708,0,1
1256.967529418,0,0
1256.967531350,1,0
1257.096860186,1,1
1257.096862964,0,1
1257.226191984,0,0
1257.226193604,1,0
1257.355552688,1,1
1257.355555278,0,1
1257.484885488,0,0
1257.484886920,1,0
1257.614216190,1,1
1257.614217596,0,1
1257.743547990,0,0
1257.743549174,1,0
1257.872878756,1,1
1257.872879848,0,1
1258.002209492,0,0
1258.002211492,1,0
1258.131541258,1,1
1258.131542226,0,1
1258.260871994,0,0
1258.260873806,1,0
1258.390203760,1,1
1258.390204480,0,1
1258.519534558,0,0
1258.519536060,1,0
1258.648865262,1,1
1258.648866672,0,1
1258.778196060,0,0
1258.778198376,1,0
1258.907527764,1,1
1258.907529048,0,1
1259.036859562,0,0
1259.036860628,1,0
1259.166189266,1,1
1259.166191304,0,1
1259.295522002,0,0
1259.295522882,1,0
1259.424851768,1,1
1259.424853556,0,1
1259.554183566,0,0
1259.554185198,1,0
1259.683514270,1,1
1259.683515808,0,1
1259.812847066,0,0
1259.812847450,1,0
1259.942175834,1,1
1259.942178124,0,1
1260.071538570,0,0
1260.071539766,1,0
1260.200869272,1,1
1260.200871440,0,1
1260.330200070,0,0
1260.330202018,1,0
1260.459531838,1,1
1260.459533692,0,1
1260.588862632,0,0
1260.588864396,1,0
1260.718194338,1,1
1260.718196006,0,1
1260.847524134,0,0
1260.847526586,1,0
1260.976856840,1,1
1260.976858320,0,1
1261.106217636,0,0
1261.106219902,1,0
1261.235549402,1,1
1261.235550574,0,1
1261.364881136,0,0
1261.364882216,1,0
1261.494210842,1,1
1261.494212890,0,1
1261.623542638,0,0
1261.623544466,1,0
1261.752873342,1,1
1261.752875140,0,1
1261.882205138,0,0
1261.882206782,1,0
1262.011535842,1,1
1262.011537454,0,1
1262.140867638,0,0
1262.140869034,1,0
1262.270197342,1,1
1262.270199708,0,1
1262.399529078,0,0
1262.399531348,1,0
1262.528859842,1,1
1262.528861958,0,1
1262.658191640,0,0
1262.658193600,1,0
1262.787522344,1,1
1262.787524272,0,1
1262.916853076,0,0
1262.916855852,1,0
1263.046184906,1,1
1263.046186462,0,1
1263.175515640,0,0
1263.175518102,1,0
1263.304847406,1,1
1263.304848838,0,1
1263.434179202,0,0
1263.434180480,1,0
1263.563510906,1,1
1263.563511088,0,1
1263.692841704,0,0
1263.692842730,1,0
1263.822171406,1,1
1263.822173404,0,1
1263.951503140,0,0
1263.951504980,1,0
1264.080833906,1,1
1264.080835654,0,1
1264.210165702,0,0
1264.210167296,1,0
1264.339496344,1,1
1264.339497906,0,1
1264.468828140,0,0
1264.468829546,1,0
1264.598157906,1,1
1264.598160218,0,1
1264.727489640,0,0
1264.727491860,1,0
1264.856851404,1,1
1264.856853530,0,1
1264.986182200,0,0
1264.986184110,1,0
1265.115513904,1,1
1265.115515782,0,1
1265.244844700,0,0
1265.244846360,1,0
1265.374176404,1,1
1265.374178094,0,1
1265.503507200,0,0
1265.503508674,1,0
1265.632838902,1,1
1265.632840284,0,1
1265.762169698,0,0
1265.762170924,1,0
1265.891501464,1,1
1265.891502658,0,1
1266.020831260,0,0
1266.020833300,1,0
1266.150162962,1,1
1266.150164908,0,1
1266.279493698,0,0
1266.279495550,1,0
1266.408825464,1,1
1266.408827220,0,1
1266.538156258,0,0
1266.538157800,1,0
1266.667486962,1,1
1266.667489534,0,1
1266.796818756,0,0
1266.796820110,1,0
1266.926150460,1,1
1266.926151782,0,1
1267.055480256,0,0
1267.055482362,1,0
1267.184811958,1,1
1267.184814032,0,1
1267.314143754,0,0
1267.314144610,1,0
1267.443474456,1,1
1267.443476346,0,1
1267.572836252,0,0
1267.572837922,1,0
1267.702165956,1,1
1267.702168594,0,1
1267.831498750,0,0
1267.831500234,1,0
1267.960829454,1,1
1267.960830844,0,1
1268.090160248,0,0
1268.090162484,1,0
1268.219490952,1,1
1268.219493092,0,1
1268.348822810,0,0
1268.348824796,1,0
1268.478154512,1,1
1268.478155404,0,1
1268.607485308,0,0
1268.607487106,1,0
1268.736817010,1,1
1268.736817778,0,1
1268.866148804,0,0
1268.866149418,1,0
1268.995477508,1,1
1268.995480028,0,1
1269.124809302,0,0
1269.124811668,1,0
1269.254140006,1,1
1269.254142278,0,1
1269.383471738,0,0
1269.383473916,1,0
1269.512802566,1,1
1269.512804588,0,1
1269.642134300,0,0
1269.642136166,1,0
1269.771465000,1,1
1269.771466836,0,1
1269.900797796,0,0
1269.900798414,1,0
1270.030127562,1,1
1270.030129148,0,1
1270.159459232,0,0
1270.159460726,1,0
1270.288789996,1,1
1270.288791396,0,1
1270.418120854,0,0
1270.418122974,1,0
1270.547451556,1,1
1270.547453644,0,1
1270.676783288,0,0
1270.676785348,1,0
1270.806114052,1,1
1270.806115954,0,1
1270.935445786,0,0
1270.935447594,1,0
1271.064807550,1,1
1271.064809202,0,1
1271.194108282,0,0
1271.194109906,1,0
1271.323470048,1,1
1271.323471578,0,1
1271.452800842,0,0
1271.452802154,1,0
1271.582132544,1,1
1271.582133762,0,1
1271.711463338,0,0
1271.711464402,1,0
1271.840794042,1,1
1271.840796072,0,1
1271.970124836,0,0
1271.970126712,1,0
1272.099456538,1,1
1272.099458382,0,1
1272.228788272,0,0
1272.228789022,1,0
1272.358148034,1,1
1272.358150630,0,1
1272.487480830,0,0
1272.487482270,1,0
1272.616811530,1,1
1272.616812942,0,1
1272.746142326,0,0
1272.746144516,1,0
1272.875474026,1,1
1272.875475188,0,1
1273.004804760,0,0
1273.004806828,1,0
1273.134136586,1,1
1273.134137434,0,1
1273.263468318,0,0
1273.263469074,1,0
1273.392798082,1,1
1273.392799746,0,1
1273.522128814,0,0
1273.522131322,1,0
1273.651460016,1,1
1273.651461992,0,1
1273.780791372,0,0
1273.780793632,1,0
1273.910121076,1,1
1273.910124304,0,1
1274.039452808,0,0
1274.039455942,1,0
1274.168783572,1,1
1274.168786612,0,1
1274.298116364,0,0
1274.298118250,1,0
1274.427447566,1,1
1274.427448922,0,1
1274.556778860,0,0
1274.556780498,1,0
1274.686140624,1,1
1274.686142168,0,1
1274.815471794,0,0
1274.815472808,1,0
1274.944803120,1,1
1274.944804476,0,1
1275.074163790,0,0
1275.074166054,1,0
1275.203496052,1,1
1275.203496724,0,1
1275.332826284,0,0
1275.332828300,1,0
1275.462157048,1,1
1275.462158970,0,1
1275.591488780,0,0
1275.591490610,1,0
1275.720819608,1,1
1275.720821280,0,1
1275.850180338,0,0
1275.850182918,1,0
1275.979544528,0,0
1275.979544540,0,1
1276.108874772,0,0
1276.108876102,1,0
1276.238204596,1,1
1276.238206834,0,1
1276.367536328,0,0
1276.367538474,1,0
1276.496867030,1,1
1276.496869082,0,1
1276.626199824,0,0
1276.626200720,1,0
1276.755529586,1,1
1276.755531326,0,1
1276.884861380,0,0
1276.884862966,1,0
1277.014192082,1,1
1277.014193636,0,1
1277.143522876,0,0
1277.143525274,1,0
1277.272854576,1,1
1277.272855882,0,1
1277.402185370,0,0
1277.402187520,1,0
1277.531516134,1,1
1277.531518190,0,1
1277.660846864,0,0
1277.660849766,1,0
1277.790179566,1,1
1277.790180436,0,1
1277.919539362,0,0
1277.919542014,1,0
1278.048841122,1,1
1278.048842744,0,1
1278.178172854,0,0
1278.178174382,1,0
1278.307502680,1,1
1278.307505052,0,1
1278.436833412,0,0
1278.436836692,1,0
1278.566166112,1,1
1278.566167296,0,1
1278.695497906,0,0
1278.695498936,1,0
1278.824858606,1,1
1278.824860542,0,1
1278.954189400,0,0
1278.954191182,1,0
1279.083521100,1,1
1279.083522852,0,1
1279.212851894,0,0
1279.212853488,1,0
1279.342183594,1,1
1279.342185158,0,1
1279.471514388,0,0
1279.471515734,1,0
1279.600875090,1,1
1279.600877404,0,1
1279.730206882,0,0
1279.730209040,1,0
1279.859538584,1,1
1279.859539712,0,1
1279.988869376,0,0
1279.988871288,1,0
1280.118200076,1,1
1280.118201956,0,1
1280.247530870,0,0
1280.247532532,1,0
1280.376862634,1,1
1280.376864202,0,1
1280.506193302,0,0
1280.506194838,1,0
1280.635525064,1,1
1280.635526508,0,1
1280.764855920,0,0
1280.764857084,1,0
1280.894186620,1,1
1280.894188752,0,1
1281.023517412,0,0
1281.023519390,1,0
1281.152849114,1,1
1281.152850998,0,1
1281.282178908,0,0
1281.282181634,1,0
1281.411511606,1,1
1281.411513304,0,1
1281.540841400,0,0
1281.540843942,1,0
1281.670174100,1,1
1281.670175610,0,1
1281.799503894,0,0
1281.799506188,1,0
1281.928835594,1,1
1281.928837856,0,1
1282.058166386,0,0
1282.058168492,1,0
1282.187497086,1,1
1282.187500162,0,1
1282.316828880,0,0
1282.316830800,1,0
1282.446161578,1,1
1282.446162406,0,1
1282.575491372,0,0
1282.575493044,1,0
1282.704823072,1,1
1282.704824712,0,1
1282.834152926,0,0
1282.834155286,1,0
1282.963484626,1,1
1282.963486956,0,1
1283.092815420,0,0
1283.092817594,1,0
1283.222148118,1,1
1283.222149198,0,1
1283.351508974,0,0
1283.351510838,1,0
1283.480839674,1,1
1283.480841504,0,1
1283.610171404,0,0
1283.610173080,1,0
1283.739533104,1,1
1283.739534812,0,1
1283.868833896,0,0
1283.868835386,1,0
1283.998164596,1,1
1283.998166054,0,1
1284.127497388,0,0
1284.127497690,1,0
1284.256827150,1,1
1284.256828360,0,1
1284.386158880,0,0
1284.386159998,1,0
1284.515488580,1,1
1284.515490602,0,1
1284.644821372,0,0
1284.644822240,1,0
1284.774151134,1,1
1284.774152848,0,1
1284.903482864,0,0
1284.903484482,1,0
1285.032812626,1,1
1285.032815214,0,1
1285.162144356,0,0
1285.162146726,1,0
1285.291475118,1,1
1285.291477396,0,1
1285.420806910,0,0
1285.420809032,1,0
1285.550137610,1,1
1285.550139700,0,1
1285.679499340,0,0
1285.679501338,1,0
1285.808800102,1,1
1285.808801942,0,1
1285.938130894,0,0
1285.938133518,1,0
1286.067462594,1,1
1286.067464186,0,1
1286.196794386,0,0
1286.196795886,1,0
1286.326125086,1,1
1286.326126554,0,1
1286.455455878,0,0
1286.455458128,1,0
1286.584785576,1,1
1286.584788796,0,1
1286.714119370,0,0
1286.714120434,1,0
1286.843449132,1,1
1286.843451038,0,1
1286.972781860,0,0
1286.972782738,1,0
1287.102142622,1,1
1287.102144342,0,1
1287.231474350,0,0
1287.231474918,1,0
1287.360805114,1,1
1287.360806648,0,1
1287.490135844,0,0
1287.490137222,1,0
1287.619466604,1,1
1287.619468892,0,1
1287.748798334,0,0
1287.748799462,1,0
1287.878130094,1,1
1287.878131132,0,1
1288.007459824,0,0
1288.007461768,1,0
1288.136792648,1,1
1288.136793436,0,1
1288.266122376,0,0
1288.266124010,1,0
1288.395454138,1,1
1288.395455678,0,1
1288.524783868,0,0
1288.524786314,1,0
1288.654115566,1,1
1288.654117918,0,1
1288.783446358,0,0
1288.783448556,1,0
1288.912778056,1,1
1288.912780286,0,1
1289.042139910,0,0
1289.042141860,1,0
1289.171470610,1,1
1289.171472526,0,1
1289.300802400,0,0
1289.300804100,1,0
1289.430132100,1,1
1289.430134830,0,1
1289.559464828,0,0
1289.559466406,1,0
1289.688764590,1,1
1289.688767070,0,1
1289.818097318,0,0
1289.818097708,1,0
1289.947428078,1,1
1289.947429312,0,1
1290.076758808,0,0
1290.076759948,1,0
1290.206089568,1,1
1290.206091616,0,1
1290.335419360,0,0
1290.335422190,1,0
1290.464753122,1,1
1290.464753856,0,1
1290.594082850,0,0
1290.594084428,1,0
1290.723414610,1,1
1290.723416098,0,1
1290.852745338,0,0
1290.852746734,1,0
1290.982078100,1,1
1290.982078462,0,1
1291.111406828,0,0
1291.111409036,1,0
1291.240739526,1,1
1291.240740704,0,1
1291.370070316,0,0
1291.370071276,1,0
1291.499402078,1,1
1291.499403008,0,1
1291.628702870,0,0
1291.628703580,1,0
1291.758031566,1,1
1291.758034184,0,1
1291.887364358,0,0
1291.887365818,1,0
1292.016694056,1,1
1292.016696422,0,1
1292.146025846,0,0
1292.146028060,1,0
1292.275356544,1,1
1292.275358726,0,1
1292.404687336,0,0
1292.404690360,1,0
1292.534019034,1,1
1292.534021028,0,1
1292.663349824,0,0
1292.663352664,1,0
1292.792680522,1,1
1292.792683330,0,1
1292.922013312,0,0
1292.922014904,1,0
1293.051344010,1,1
1293.051345570,0,1
1293.180674802,0,0
1293.180677204,1,0
1293.310006498,1,1
1293.310007810,0,1
1293.439338226,0,0
1293.439339446,1,0
1293.568668988,1,1
1293.568670050,0,1
1293.698000840,0,0
1293.698001684,1,0
1293.827361538,1,1
1293.827363350,0,1
1293.956692266,0,0
1293.956693986,1,0
1294.086022964,1,1
1294.086025652,0,1
1294.215354754,0,0
1294.215356226,1,0
1294.344687514,1,1
1294.344687892,0,1
1294.474017304,0,0
1294.474018464,1,0
1294.603379002,1,1
1294.603380192,0,1
1294.732710730,0,0
1294.732711764,1,0
1294.862041490,1,1
1294.862042432,0,1
1294.991372280,0,0
1294.991374066,1,0
1295.120704040,1,1
1295.120704670,0,1
1295.250033768,0,0
1295.250036306,1,0
1295.379365466,1,1
1295.379366972,0,1
1295.508696256,0,0
1295.508698606,1,0
1295.638028016,1,1
1295.638029274,0,1
1295.767359744,0,0
1295.767360906,1,0
1295.896690502,1,1
1295.896691512,0,1
1296.026021230,0,0
1296.026023146,1,0
1296.155350990,1,1
1296.155353812,0,1
1296.284682718,0,0
1296.284685448,1,0
1296.414014476,1,1
1296.414016052,0,1
1296.543345204,0,0
1296.543347684,1,0
1296.672675902,1,1
1296.672678288,0,1
1296.802008754,0,0
1296.802009922,1,0
1296.931338514,1,1
1296.931340588,0,1
1297.060670242,0,0
1297.060672160,1,0
1297.190001938,1,1
1297.190002828,0,1
1297.319332728,0,0
1297.319334398,1,0
1297.448663426,1,1
1297.448665128,0,1
1297.577995216,0,0
1297.577996698,1,0
1297.707325912,1,1
1297.707327428,0,1
1297.836656764,0,0
1297.836659062,1,0
1297.965988462,1,1
1297.965989666,0,1
1298.095320188,0,0
1298.095321300,1,0
1298.224649886,1,1
1298.224651966,0,1
1298.354011674,0,0
1298.354013536,1,0
1298.483343434,1,1
1298.483345204,0,1
1298.612674162,0,0
1298.612675836,1,0
1298.742006920,1,1
1298.742007502,0,1
1298.871337648,0,0
1298.871338138,1,0
1299.000666406,1,1
1299.000668740,0,1
1299.129999134,0,0
1299.130000374,1,0
1299.259327894,1,1
1299.259330978,0,1
1299.388661620,0,0
1299.388662612,1,0
1299.517992380,1,1
1299.517993276,0,1
1299.647323170,0,0
1299.647324850,1,0
1299.776684866,1,1
1299.776686514,0,1
1299.906014656,0,0
1299.906017150,1,0
1300.035346414,1,1
1300.035348814,0,1
1300.164677142,0,0
1300.164679448,1,0
1300.294008902,1,1
1300.294011052,0,1
1300.423339690,0,0
1300.423341684,1,0
1300.552670386,1,1
1300.552673350,0,1
1300.682001112,0,0
1300.682003922,1,0
1300.811334872,1,1
1300.811335586,0,1
1300.940664598,0,0
1300.940666282,1,0
1301.070026358,1,1
1301.070027822,0,1
1301.199357146,0,0
1301.199359456,1,0
1301.328687844,1,1
1301.328690122,0,1
1301.458018632,0,0
1301.458021694,1,0
1301.587350328,1,1
1301.587352484,0,1
1301.716683056,0,0
1301.716684116,1,0
1301.846013814,1,1
1301.846014720,0,1
1301.975344604,0,0
1301.975346354,1,0
1302.104674300,1,1
1302.104676956,0,1
1302.234007088,0,0
1302.234008590,1,0
1302.363337784,1,1
1302.363339194,0,1
1302.492669574,0,0
1302.492670826,1,0
1302.622000270,1,1
1302.622001492,0,1
1302.751331060,0,0
1302.751333062,1,0
1302.880661818,1,1
1302.880663726,0,1
1303.009993606,0,0
1303.009995360,1,0
1303.139324366,1,1
1303.139326026,0,1
1303.268657030,0,0
1303.268657596,1,0
1303.397986788,1,1
1303.397988262,0,1
1303.527317514,0,0
1303.527319894,1,0
1303.656648334,1,1
1303.656650622,0,1
1303.785980062,0,0
1303.785982194,1,0
1303.915311820,1,1
1303.915312858,0,1
1304.044642546,0,0
1304.044644490,1,0
1304.173972242,1,1
1304.173975094,0,1
1304.303304030,0,0
1304.303306728,1,0
1304.432634728,1,1
1304.432637390,0,1
1304.561967516,0,0
1304.561968962,1,0
1304.691298274,1,1
1304.691299628,0,1
1304.820659000,0,0
1304.820661260,1,0
1304.949990760,1,1
1304.949992926,0,1
1305.079321486,0,0
1305.079323496,1,0
1305.208652182,1,1
1305.208655160,0,1
1305.337982970,0,0
1305.337985792,1,0
1305.467316790,1,1
1305.467317396,0,1
1305.596646518,0,0
1305.596648028,1,0
1305.725977274,1,1
1305.725979630,0,1
1305.855339938,0,0
1305.855341328,1,0
1305.984670696,1,1
1305.984671928,0,1
1306.114002546,0,0
1306.114003562,1,0
1306.243333244,1,1
1306.243334226,0,1
1306.372664030,0,0
1306.372665796,1,0
1306.501994728,1,1
1306.501996460,0,1
1306.631326454,0,0
1306.631328094,1,0
1306.760657212,1,1
1306.760658696,0,1
1306.889989000,0,0
1306.889990390,1,0
1307.019319696,1,1
1307.019320994,0,1
1307.148651422,0,0
1307.148652688,1,0
1307.277980366,1,1
1307.277983290,0,1
1307.407311906,0,0
1307.407314922,1,0
1307.536644664,1,1
1307.536645586,0,1
1307.665975390,0,0
1307.665977156,1,0
1307.795305334,1,1
1307.795307822,0,1
1307.924637934,0,0
1307.924639392,1,0
1308.053967818,1,1
1308.053970056,0,1
1308.183300418,0,0
1308.183301690,1,0
1308.312632176,1,1
1308.312632352,0,1
1308.441962902,0,0
1308.441963922,1,0
1308.571323596,1,1
1308.571325586,0,1
1308.700653446,0,0
1308.700656220,1,0
1308.829984768,1,1
1308.829987882,0,1
1308.959315930,0,0
1308.959318454,1,0
1309.088648624,1,1
1309.088650116,0,1
1309.217980414,0,0
1309.217980686,1,0
1309.347309734,1,1
1309.347312352,0,1
1309.476640834,0,0
1309.476643044,1,0
1309.606001592,1,1
1309.606004648,0,1
1309.735335380,0,0
1309.735336280,1,0
1309.864666198,1,1
1309.864666880,0,1
1309.993997862,0,0
1309.993998514,1,0
1310.123327556,1,1
1310.123329240,0,1
1310.252658970,0,0
1310.252660872,1,0
1310.381990038,1,1
1310.381991474,0,1
1310.511321390,0,0
1310.511323106,1,0
1310.640651522,1,1
1310.640653768,0,1
1310.769983372,0,0
1310.769985402,1,0
1310.899315066,1,1
1310.899316002,0,1
1311.028644792,0,0
1311.028647634,1,0
1311.157976548,1,1
1311.157978236,0,1
1311.287308900,0,0
1311.287309866,1,0
1311.416640030,1,1
1311.416640530,0,1
1311.545970818,0,0
1311.545972100,1,0
1311.675300514,1,1
1311.675302764,0,1
1311.804632300,0,0
1311.804634394,1,0
1311.933962996,1,1
1311.933964996,0,1
1312.063296282,0,0
1312.063296626,1,0
1312.192624540,1,1
1312.192627354,0,1
1312.321987264,0,0
1312.321988924,1,0
1312.451317958,1,1
1312.451320524,0,1
1312.580648746,0,0
1312.580651156,1,0
1312.709981440,1,1
1312.709982880,0,1
1312.839312226,0,0
1312.839313512,1,0
1312.968642922,1,1
1312.968645112,0,1
1313.097973710,0,0
1313.097975744,1,0
1313.227305466,1,1
1313.227307346,0,1
1313.356635190,0,0
1313.356637978,1,0
1313.485968008,1,1
1313.485969640,0,1
1313.615299734,0,0
1313.615300272,1,0
1313.744630490,1,1
1313.744631874,0,1
1313.873960214,0,0
1313.873962504,1,0
1314.003291908,1,1
1314.003294104,0,1
1314.132622696,0,0
1314.132624736,1,0
1314.261985452,1,1
1314.261986400,0,1
1314.391316176,0,0
1314.391317970,1,0
1314.520645932,1,1
1314.520648694,0,1
1314.649977720,0,0
1314.649980262,1,0
1314.779309414,1,1
1314.779310926,0,1
1314.908641138,0,0
1314.908642558,1,0
1315.037971832,1,1
1315.037973158,0,1
1315.167302618,0,0
1315.167304788,1,0
1315.296633376,1,1
1315.296635450,0,1
1315.425964100,0,0
1315.425967082,1,0
1315.555295792,1,1
1315.555297744,0,1
1315.684628642,0,0
1315.684629376,1,0
1315.813959976,0,0
1315.813960336,0,1
1315.943290060,0,0
1315.943291546,1,0
1316.072651816,1,1
1316.072653270,0,1
1316.201980540,0,0
1316.201983902,1,0
1316.331343296,1,1
1316.331345502,0,1
1316.460676084,0,0
1316.460677068,1,0
1316.590004838,1,1
1316.590007794,0,1
1316.719336564,0,0
1316.719339426,1,0
1316.848668256,1,1
1316.848670026,0,1
1316.977999042,0,0
1316.978001656,1,0
1317.107360736,1,1
1317.107363318,0,1
1317.236692522,0,0
1317.236693950,1,0
1317.366024216,1,1
1317.366025548,0,1
1317.495354002,0,0
1317.495356180,1,0
1317.624685758,1,1
1317.624687842,0,1
1317.754017482,0,0
1317.754018410,1,0
1317.883348238,1,1
1317.883350072,0,1
1318.012680024,0,0
1318.012680704,1,0
1318.142011718,1,1
1318.142012302,0,1
1318.271340502,0,0
1318.271342996,1,0
1318.400672196,1,1
1318.400674596,0,1
1318.530002982,0,0
1318.530005164,1,0
1318.659335676,1,1
1318.659336826,0,1
1318.788665462,0,0
1318.788667456,1,0
1318.917997156,1,1
1318.917999118,0,1
1319.047327940,0,0
1319.047329686,1,0
1319.176658634,1,1
1319.176661412,0,1
1319.305990420,0,0
1319.305992040,1,0
1319.435322176,1,1
1319.435323640,0,1
1319.564653898,0,0
1319.564654272,1,0
1319.693984654,1,1
1319.693985932,0,1
1319.823344440,0,0
1319.823347498,1,0
1319.952676132,1,1
1319.952678162,0,1
1320.082007856,0,0
1320.082009792,1,0
1320.211338610,1,1
1320.211340454,0,1
1320.340670398,0,0
1320.340672084,1,0
1320.470001152,1,1
1320.470002684,0,1
1320.599361874,0,0
1320.599364314,1,0
1320.728724570,1,1
1320.728725852,0,1
1320.858054354,0,0
1320.858057542,1,0
1320.987387110,1,1
1320.987388266,0,1
1321.116717832,0,0
1321.116719834,1,0
1321.246048524,1,1
1321.246050496,0,1
1321.375379310,0,0
1321.375382062,1,0
1321.504712002,1,1
1321.504712724,0,1
1321.634043852,0,0
1321.634044354,1,0
1321.763373542,1,1
1321.763375014,0,1
1321.892705328,0,0
1321.892706646,1,0
1322.022035084,1,1
1322.022037246,0,1
1322.151366806,0,0
1322.151368810,1,0
1322.280697498,1,1
1322.280699536,0,1
1322.410029284,0,0
1322.410031104,1,0
1322.539358978,1,1
1322.539361700,0,1
1322.668721764,0,0
1322.668723332,1,0
1322.798021454,1,1
1322.798023994,0,1
1322.927354178,0,0
1322.927355622,1,0
1323.056683930,1,1
1323.056686284,0,1
1323.186016654,0,0
1323.186017914,1,0
1323.315347408,1,1
1323.315348572,0,1
1323.444678194,0,0
1323.444680140,1,0
1323.574038886,1,1
1323.574041802,0,1
1323.703370672,0,0
1323.703372432,1,0
1323.832702364,1,1
1323.832704030,0,1
1323.962033148,0,0
1323.962034720,1,0
1324.091363902,1,1
1324.091366320,0,1
1324.220695626,0,0
1324.220696950,1,0
1324.350056380,1,1
1324.350058610,0,1
1324.479389102,0,0
1324.479390238,1,0
1324.608717858,1,1
1324.608720840,0,1
1324.738051580,0,0
1324.738052404,1,0
1324.867381396,1,1
1324.867383064,0,1
1324.996712118,0,0
1324.996713694,1,0
1325.126042810,1,1
1325.126045356,0,1
1325.255374594,0,0
1325.255375982,1,0
1325.384706286,1,1
1325.384707582,0,1
1325.514036070,0,0
1325.514038212,1,0
1325.643367826,1,1
1325.643369808,0,1
1325.772698546,0,0
1325.772700500,1,0
1325.902030302,1,1
1325.902032098,0,1
1326.031361022,0,0
1326.031362664,1,0
1326.160691778,1,1
1326.160694324,0,1
1326.290023500,0,0
1326.290025016,1,0
1326.419355254,1,1
1326.419356614,0,1
1326.548684976,0,0
1326.548687244,1,0
1326.678016668,1,1
1326.678018904,0,1
1326.807348450,0,0
1326.807349532,1,0
1326.936680268,1,1
1326.936681192,0,1
1327.066009988,0,0
1327.066011758,1,0
1327.195341744,1,1
1327.195343356,0,1
1327.324702466,0,0
1327.324704984,1,0
1327.454033156,1,1
1327.454035644,0,1
1327.583366004,0,0
1327.583367274,1,0
1327.712696694,1,1
1327.712697872,0,1
1327.842027416,0,0
1327.842029562,1,0
1327.971358170,1,1
1327.971360160,0,1
1328.100719954,0,0
1328.100721788,1,0
1328.230052582,1,1
1328.230053448,0,1
1328.359382366,0,0
1328.359384012,1,0
1328.488714120,1,1
1328.488715674,0,1
1328.618043904,0,0
1328.618046302,1,0
1328.747376596,1,1
1328.747377898,0,1
1328.876706378,0,0
1328.876708464,1,0
1329.006038070,1,1
1329.006040188,0,1
1329.135369854,0,0
1329.135370814,1,0
1329.264701544,1,1
1329.264702412,0,1
1329.394031330,0,0
1329.394033042,1,0
1329.523363020,1,1
1329.523364700,0,1
1329.652693804,0,0
1329.652695390,1,0
1329.782025494,1,1
1329.782026988,0,1
1329.911355216,0,0
1329.911357554,1,0
1330.040687968,1,1
1330.040689212,0,1
1330.170017816,0,0
1330.170019842,1,0
1330.299350568,1,1
1330.299351500,0,1
1330.428680290,0,0
1330.428682068,1,0
1330.558011980,1,1
1330.558013724,0,1
1330.687343764,0,0
1330.687344290,1,0
1330.816675454,1,1
1330.816675950,0,1
1330.946005238,0,0
1330.946006578,1,0
1331.075366930,1,1
1331.075368238,0,1
1331.204697712,0,0
1331.204699864,1,0
1331.334029402,1,1
1331.334030462,0,1
1331.463360186,0,0
1331.463362090,1,0
1331.592690876,1,1
1331.592692750,0,1
1331.722022660,0,0
1331.722024376,1,0
1331.851353412,1,1
1331.851354974,0,1
1331.980685134,0,0
1331.980686540,1,0
1332.110015886,1,1
1332.110017260,0,1
1332.239346544,0,0
1332.239348888,1,0
1332.368677298,1,1
1332.368679548,0,1
1332.497978142,0,0
1332.497980110,1,0
1332.627309834,1,1
1332.627311710,0,1
1332.756641554,0,0
1332.756642336,1,0
1332.885972368,1,1
1332.885974058,0,1
1333.015303088,0,0
1333.015304558,1,0
1333.144634780,1,1
1333.144636280,0,1
1333.274025500,0,0
1333.274027908,1,0
1333.403418252,1,1
1333.403420440,0,1
1333.532841036,0,0
1333.532843132,1,0
1333.662262724,1,1
1333.662265790,0,1
1333.791685570,0,0
1333.791688354,1,0
1333.921079198,1,1
1333.921081014,0,1
1334.050470980,0,0
1334.050472640,1,0
1334.179893670,1,1
1334.179895236,0,1
1334.309316452,0,0
1334.309317864,1,0
1334.438738142,1,1
1334.438740522,0,1
1334.568132926,0,0
1334.568133148,1,0
1334.697523678,1,1
1334.697524806,0,1
1334.826946396,0,0
1334.826947370,1,0
1334.956368150,1,1
1334.956370030,0,1
1335.085790868,0,0
1335.085792656,1,0
1335.215213622,1,1
1335.215215252,0,1
1335.344636342,0,0
1335.344638878,1,0
1335.474060092,1,1
1335.474061538,0,1
1335.603512874,0,0
1335.603514164,1,0
1335.732935626,1,1
1335.732936758,0,1
1335.862357346,0,0
1335.862359386,1,0
1335.991749974,1,1
1335.991751982,0,1
1336.121173820,0,0
1336.121174670,1,0
1336.250595508,1,1
1336.250597268,0,1
1336.380018290,0,0
1336.380019830,1,0
1336.509441980,1,1
1336.509442550,0,1
1336.638863762,0,0
1336.638865114,1,0
1336.768287450,1,1
1336.768287774,0,1
1336.897709234,0,0
1336.897710336,1,0
1337.027131922,1,1
1337.027133058,0,1
1337.156554704,0,0
1337.156555622,1,0
1337.285975456,1,1
1337.285978280,0,1
1337.415368174,0,0
1337.415370844,1,0
1337.544790926,1,1
1337.544793500,0,1
1337.674213708,0,0
1337.674216130,1,0
1337.803637396,1,1
1337.803638784,0,1
1337.933060116,0,0
1337.933061350,1,0
1338.062481868,1,1
1338.062484006,0,1
1338.191904588,0,0
1338.191906632,1,0
1338.321358276,1,1
1338.321360228,0,1
1338.450781120,0,0
1338.450782854,1,0
1338.580203808,1,1
1338.580205512,0,1
1338.709626528,0,0
1338.709628074,1,0
1338.839048218,1,1
1338.839050796,0,1
1338.968533062,0,0
1338.968534360,1,0
1339.097924750,1,1
1339.097926016,0,1
1339.227317532,0,0
1339.227318580,1,0
1339.356771284,1,1
1339.356772238,0,1
1339.486193940,0,0
1339.486194800,1,0
1339.615615690,1,1
1339.615617582,0,1
1339.745038472,0,0
1339.745040146,1,0
1339.874430160,1,1
1339.874431740,0,1
1340.003851942,0,0
1340.003854366,1,0
1340.133274630,1,1
1340.133277026,0,1
1340.262698474,0,0
1340.262699588,1,0
1340.392121100,1,1
1340.392122182,0,1
1340.521543882,0,0
1340.521544808,1,0
1340.650966568,1,1
1340.650968526,0,1
1340.780388414,0,0
1340.780391154,1,0
1340.909811102,1,1
1340.909813748,0,1
1341.039234884,0,0
1341.039236372,1,0
1341.168656510,1,1
1341.168659030,0,1
1341.298079228,0,0
1341.298081594,1,0
1341.427502040,1,1
1341.427504250,0,1
1341.556924822,0,0
1341.556926814,1,0
1341.686347510,1,1
1341.686349470,0,1
1341.815770228,0,0
1341.815772096,1,0
1341.945192978,1,1
1341.945194752,0,1
1342.074646698,0,0
1342.074648378,1,0
1342.204069510,1,1
1342.204070972,0,1
1342.333492230,0,0
1342.333493534,1,0
1342.462882918,1,1
1342.462885254,0,1
1342.592306698,0,0
1342.592307816,1,0
1342.721729386,1,1
1342.721730474,0,1
1342.851183168,0,0
1342.851184098,1,0
1342.980604854,1,1
1342.980606694,0,1
1343.109997636,0,0
1343.109998380,1,0
1343.239419384,1,1
1343.239420974,0,1
1343.368844104,0,0
1343.368844538,1,0
1343.498265794,1,1
1343.498267194,0,1
1343.627687572,0,0
1343.627689820,1,0
1343.757110386,1,1
1343.757112476,0,1
1343.886533102,0,0
1343.886535038,1,0
1344.015955916,1,1
1344.015957696,0,1
1344.145378696,0,0
1344.145380320,1,0
1344.274801508,1,1
1344.274802976,0,1
1344.404224290,0,0
1344.404225538,1,0
1344.533645726,1,1
1344.533648194,0,1
1344.663068446,0,0
1344.663070756,1,0
1344.792491194,1,1
1344.792493476,0,1
1344.921913974,0,0
1344.921916038,1,0
1345.051336662,1,1
1345.051338692,0,1
1345.180759380,0,0
1345.180761254,1,0
1345.310182130,1,1
1345.310183976,0,1
1345.439605534,0,0
1345.439606536,1,0
1345.569027596,1,1
1345.569029192,0,1
1345.698451128,0,0
1345.698451754,1,0
1345.827842128,1,1
1345.827844410,0,1
1345.957264908,0,0
1345.957267036,1,0
1346.086687596,1,1
1346.086689690,0,1
1346.216110312,0,0
1346.216112314,1,0
1346.345503062,1,1
1346.345504908,0,1
1346.474926780,0,0
1346.474927532,1,0
1346.604378530,1,1
1346.604380126,0,1
1346.733801248,0,0
1346.733802750,1,0
1346.863222996,1,1
1346.863225344,0,1
1346.992616776,0,0
1346.992618030,1,0
1347.122039464,1,1
1347.122040624,0,1
1347.251461180,0,0
1347.251463186,1,0
1347.380915930,1,1
1347.380916904,0,1
1347.510338646,0,0
1347.510339528,1,0
1347.639729396,1,1
1347.639731120,0,1
1347.769151176,0,0
1347.769153682,1,0
1347.898574864,1,1
1347.898576338,0,1
1348.027996644,0,0
1348.027998962,1,0
1348.157419330,1,1
1348.157421618,0,1
1348.286842110,0,0
1348.286844178,1,0
1348.416264796,1,1
1348.416266834,0,1
1348.545687638,0,0
1348.545689458,1,0
1348.675111326,1,1
1348.675113114,0,1
1348.804534042,0,0
1348.804535738,1,0
1348.933955728,1,1
1348.933958330,0,1
1349.063379508,0,0
1349.063380954,1,0
1349.192802320,1,1
1349.192803610,0,1
1349.322223974,0,0
1349.322226234,1,0
1349.451615722,1,1
1349.451617828,0,1
1349.581009502,0,0
1349.581010450,1,0
1349.710431188,1,1
1349.710433042,0,1
1349.839854906,0,0
1349.839855668,1,0
1349.969277654,1,1
1349.969278384,0,1
1350.098699434,0,0
1350.098700946,1,0
1350.228122122,1,1
1350.228123600,0,1
1350.357574898,0,0
1350.357577224,1,0
1350.486998584,1,1
1350.486999816,0,1
1350.616420364,0,0
1350.616422438,1,0
1350.745844112,1,1
1350.745845092,0,1
1350.875266830,0,0
1350.875267718,1,0
1351.004688514,1,1
1351.004690310,0,1
1351.134111294,0,0
1351.134112870,1,0
1351.263533980,1,1
1351.263535526,0,1
1351.392955760,0,0
1351.392958148,1,0
1351.522348506,1,1
1351.522350804,0,1
1351.651771224,0,0
1351.651773364,1,0
1351.781193970,1,1
1351.781196082,0,1
1351.910615750,0,0
1351.910618642,1,0
1352.040008436,1,1
1352.040010296,0,1
1352.169401214,0,0
1352.169402856,1,0
1352.298823900,1,1
1352.298825510,0,1
1352.428276678,0,0
1352.428278136,1,0
1352.557668364,1,1
1352.557670728,0,1
1352.687121080,0,0
1352.687123350,1,0
1352.816514828,1,1
1352.816516066,0,1
1352.945937606,0,0
1352.945938564,1,0
1353.075359292,1,1
1353.075361218,0,1
1353.204782132,0,0
1353.204783904,1,0
1353.334204818,1,1
1353.334206496,0,1
1353.463627534,0,0
1353.463629056,1,0
1353.593050218,1,1
1353.593051710,0,1
1353.722473998,0,0
1353.722474332,1,0
1353.851926682,1,1
1353.851927988,0,1
1353.981349462,0,0
1353.981350610,1,0
1354.110740210,1,1
1354.110742202,0,1
1354.240164924,0,0
1354.240165824,1,0
1354.369586672,1,1
1354.369588542,0,1
1354.499008450,0,0
1354.499011102,1,0
1354.628433136,1,1
1354.628433756,0,1
1354.757853852,0,0
1354.757856316,1,0
1354.887277538,1,1
1354.887278908,0,1
1355.016699378,0,0
1355.016701592,1,0
1355.146123126,1,1
1355.146124184,0,1
1355.275544840,0,0
1355.275546806,1,0
1355.404967526,1,1
1355.404969460,0,1
1355.534390304,0,0
1355.534392082,1,0
1355.663812050,1,1
1355.663814672,0,1
1355.793265766,0,0
1355.793268358,1,0
1355.922689514,1,1
1355.922690886,0,1
1356.052080166,0,0
1356.052082510,1,0
1356.181501976,1,1
1356.181505162,0,1
1356.310926692,0,0
1356.310927784,1,0
1356.440349440,1,1
1356.440350440,0,1
1356.569802154,0,0
1356.569803998,1,0
1356.699193840,1,1
1356.699195590,0,1
1356.828617616,0,0
1356.828619274,1,0
1356.958070304,1,1
1356.958071868,0,1
1357.087462080,0,0
1357.087464488,1,0
1357.216854828,1,1
1357.216856142,0,1
1357.346247542,0,0
1357.346248702,1,0
1357.475670290,1,1
1357.475671354,0,1
1357.605122004,0,0
1357.605123978,1,0
1357.734545752,1,1
1357.734546568,0,1
1357.863968530,0,0
1357.863969252,1,0
1357.993360214,1,1
1357.993361844,0,1
1358.122813992,0,0
1358.122814466,1,0
1358.252236614,1,1
1358.252238056,0,1
1358.381659454,0,0
1358.381660740,1,0
1358.511081202,1,1
1358.511083330,0,1
1358.640472854,0,0
1358.640474954,1,0
1358.769865662,1,1
1358.769867544,0,1
1358.899288378,0,0
1358.899290166,1,0
1359.028710062,1,1
1359.028712756,0,1
1359.158132778,0,0
1359.158135380,1,0
1359.287555586,1,1
1359.287558032,0,1
1359.416978302,0,0
1359.416980654,1,0
1359.546402048,1,1
1359.546403244,0,1
1359.675823764,0,0
1359.675825804,1,0
1359.805246510,1,1
1359.805248580,0,1
1359.934638288,0,0
1359.934641140,1,0
1360.064061972,1,1
1360.064063730,0,1
1360.193484686,0,0
1360.193486414,1,0
1360.322937432,1,1
1360.322938942,0,1
1360.452360210,0,0
1360.452361564,1,0
1360.581752894,1,1
1360.581754218,0,1
1360.711175608,0,0
1360.711176838,1,0
1360.840598418,1,1
1360.840599490,0,1
1360.970022114,1,1
1360.970022134,1,0
1361.099473878,1,1
1361.099475702,0,1
1361.228866594,0,0
1361.228867324,1,0
1361.358289278,1,1
1361.358289914,0,1
1361.487712054,0,0
1361.487712598,1,0
1361.617133738,1,1
1361.617135188,0,1
1361.746556514,0,0
1361.746557810,1,0
1361.875980198,1,1
1361.875980400,0,1
1362.005400038,0,0
1362.005403082,1,0
1362.134823720,1,1
1362.134825672,0,1
1362.264247436,0,0
1362.264248294,1,0
1362.393670118,1,1
1362.393671946,0,1
1362.523091894,0,0
1362.523094504,1,0
1362.652483642,1,1
1362.652486158,0,1
1362.781906418,0,0
1362.781908778,1,0
1362.911329040,1,1
1362.911331368,0,1
1363.040751878,0,0
1363.040753988,1,0
1363.170144562,1,1
1363.170146642,0,1
1363.299567276,0,0
1363.299569200,1,0
1363.428989022,1,1
1363.428991914,0,1
1363.558412800,0,0
1363.558414474,1,0
1363.687834482,1,1
1363.687837126,0,1
1363.817258260,0,0
1363.817259684,1,0
1363.946651004,1,1
1363.946652336,0,1
1364.076073718,0,0
1364.076074956,1,0
1364.205495402,1,1
1364.205497546,0,1
1364.334918114,0,0
1364.334920166,1,0
1364.464340922,1,1
1364.464342818,0,1
1364.593764700,0,0
1364.593765440,1,0
1364.723187382,1,1
1364.723188092,0,1
1364.852608096,0,0
1364.852610648,1,0
1364.982031842,1,1
1364.982033300,0,1
1365.111423554,0,0
1365.111424920,1,0
1365.240816238,1,1
1365.240817512,0,1
1365.370239076,0,0
1365.370240130,1,0
1365.499660760,1,1
1365.499662782,0,1
1365.629084536,0,0
1365.629085340,1,0
1365.758506218,1,1
1365.758507992,0,1
1365.887929934,0,0
1365.887930614,1,0
1366.017321676,1,1
1366.017323264,0,1
1366.146744454,0,0
1366.146745822,1,0
1366.276166136,1,1
1366.276168412,0,1
1366.405588912,0,0
1366.405591094,1,0
1366.534979594,1,1
1366.534982684,0,1
1366.664404370,0,0
1366.664406304,1,0
1366.793826116,1,1
1366.793828956,0,1
1366.923248828,0,0
1366.923251574,1,0
1367.052672574,1,1
1367.052674226,0,1
1367.182094286,0,0
1367.182096784,1,0
1367.311518970,1,1
1367.311519436,0,1
1367.440940746,0,0
1367.440942056,1,0
1367.570362490,1,1
1367.570364706,0,1
1367.699754202,0,0
1367.699756264,1,0
1367.829145948,1,1
1367.829148916,0,1
1367.958569724,0,0
1367.958571474,1,0
1368.087991406,1,1
1368.087994126,0,1
1368.217385182,0,0
1368.217386744,1,0
1368.346807864,1,1
1368.346809396,0,1
1368.476231576,0,0
1368.476231890,1,0
1368.605683320,1,1
1368.605684604,0,1
1368.735107034,0,0
1368.735107224,1,0
1368.864527840,1,1
1368.864529874,0,1
1368.993951554,0,0
1368.993952494,1,0
1369.123374236,1,1
1369.123375084,0,1
1369.252795950,0,0
1369.252797640,1,0
1369.382220756,1,1
1369.382221292,0,1
1369.511641468,0,0
1369.511643972,1,0
1369.641034150,1,1
1369.641035500,0,1
1369.770425990,0,0
1369.770428182,1,0
1369.899848670,1,1
1369.899850770,0,1
1370.029270382,0,0
1370.029273390,1,0
1370.158694066,1,1
1370.158695978,0,1
1370.288084840,0,0
1370.288087660,1,0
1370.417478524,1,1
1370.417480248,0,1
1370.546900360,0,0
1370.546902932,1,0
1370.676324042,1,1
1370.676325456,0,1
1370.805746818,0,0
1370.805748076,1,0
1370.935138498,1,1
1370.935140790,0,1
1371.064531210,0,0
1371.064532346,1,0
1371.193924018,1,1
1371.193924996,0,1
1371.323375668,0,0
1371.323377616,1,0
1371.452798474,1,1
1371.452800204,0,1
1371.582220188,0,0
1371.582222760,1,0
1371.711643868,1,1
1371.711645410,0,1
1371.841066644,0,0
1371.841067968,1,0
1371.970489388,1,1
1371.970490680,0,1
1372.099942100,0,0
1372.099944300,1,0
1372.229365782,1,1
1372.229366888,0,1
1372.358758494,0,0
1372.358759508,1,0
1372.488180238,1,1
1372.488182158,0,1
1372.617604014,0,0
1372.617604714,1,0
1372.747026694,1,1
1372.747027366,0,1
1372.876448470,0,0
1372.876449920,1,0
1373.005870152,1,1
1373.005872508,0,1
1373.135294988,0,0
1373.135295254,1,0
1373.264746608,1,1
1373.264747840,0,1
1373.394169382,0,0
1373.394170462,1,0
1373.523591126,1,1
1373.523593112,0,1
1373.652983776,0,0
1373.652985666,1,0
1373.782376582,1,1
1373.782378318,0,1
1373.911799296,0,0
1373.911800874,1,0
1374.041220976,1,1
1374.041223526,0,1
1374.170644814,0,0
1374.170646144,1,0
1374.300036434,1,1
1374.300037794,0,1
1374.429457206,0,0
1374.429460350,1,0
1374.558881012,1,1
1374.558883000,0,1
1374.688303664,0,0
1374.688305618,1,0
1374.817757284,1,1
1374.817759208,0,1
1374.947149118,0,0
1374.947150826,1,0
1375.076572862,1,1
1375.076574476,0,1
1375.205995638,0,0
1375.205997094,1,0
1375.335416320,1,1
1375.335419682,0,1
1375.464841030,0,0
1375.464842300,1,0
1375.594263774,1,1
1375.594264952,0,1
1375.723654548,0,0
1375.723656568,1,0
1375.853077230,1,1
1375.853079218,0,1
1375.982500004,0,0
1375.982501776,1,0
1376.111923686,1,1
1376.111924426,0,1
1376.241346522,0,0
1376.241346980,1,0
1376.370768204,1,1
1376.370769630,0,1
1376.500190916,0,0
1376.500193248,1,0
1376.629614596,1,1
1376.629615836,0,1
1376.759036434,0,0
1376.759038518,1,0
1376.888429052,1,1
1376.888430104,0,1
1377.017821826,0,0
1377.017822724,1,0
1377.147243570,1,1
1377.147245312,0,1
1377.276666282,0,0
1377.276667928,1,0
1377.406088024,1,1
1377.406090518,0,1
1377.535479986,0,0
1377.535482196,1,0
1377.664873480,1,1
1377.664874784,0,1
1377.794295192,0,0
1377.794297340,1,0
1377.923717934,1,1
1377.923720052,0,1
1378.053139522,0,0
1378.053142608,1,0
1378.182533390,1,1
1378.182535258,0,1
1378.311926164,0,0
1378.311926876,1,0
1378.441347844,1,1
1378.441349462,0,1
1378.570770682,0,0
1378.570772080,1,0
1378.700193424,1,1
1378.700194732,0,1
1378.829615074,0,0
1378.829617350,1,0
1378.959038942,1,1
1378.959039936,0,1
1379.088461778,0,0
1379.088462554,1,0
1379.217884584,1,1
1379.217885140,0,1
1379.347307984,0,0
1379.347308760,1,0
1379.476697664,1,1
1379.476700410,0,1
1379.606121374,0,0
1379.606123028,1,0
1379.735544118,1,1
1379.735545676,0,1
1379.864966890,0,0
1379.864968230,1,0
1379.994390696,1,1
1379.994390880,0,1
1380.123812282,0,0
1380.123813498,1,0
1380.253204088,1,1
1380.253206148,0,1
1380.382628702,1,1
1380.382628798,1,0
1380.512049480,1,1
1380.512051350,0,1
1380.641472316,0,0
1380.641473908,1,0
1380.770863996,1,1
1380.770865554,0,1
1380.900255770,0,0
1380.900258112,1,0
1381.029649388,1,1
1381.029650762,0,1
1381.159071160,0,0
1381.159073378,1,0
1381.288493904,1,1
1381.288496026,0,1
1381.417917678,0,0
1381.417918644,1,0
1381.547308358,1,1
1381.547310230,0,1
1381.676701132,0,0
1381.676702848,1,0
1381.806122872,1,1
1381.806125498,0,1
1381.935546584,0,0
1381.935548052,1,0
1382.064969264,1,1
1382.064970702,0,1
1382.194392100,0,0
1382.194393254,1,0
1382.323813780,1,1
1382.323815968,0,1
1382.453237490,0,0
1382.453238522,1,0
1382.582659170,1,1
1382.582661170,0,1
1382.712082006,0,0
1382.712083788,1,0
1382.841504686,1,1
1382.841506498,0,1
1382.970926396,0,0
1382.970929054,1,0
1383.100380138,1,1
1383.100382638,0,1
1383.229803910,0,0
1383.229805258,1,0
1383.359195590,1,1
1383.359196842,0,1
1383.488587302,0,0
1383.488589460,1,0
1383.617980106,1,1
1383.617981110,0,1
1383.747403818,0,0
1383.747404726,1,0
1383.876825496,1,1
1383.876827374,0,1
1384.006248208,0,0
1384.006249990,1,0
1384.135640010,1,1
1384.135641640,0,1
1384.265033660,0,0
1384.265034194,1,0
1384.394455402,1,1
1384.394456780,0,1
1384.523878174,0,0
1384.523879396,1,0
1384.653299916,1,1
1384.653302044,0,1
1384.782722626,0,0
1384.782724662,1,0
1384.912146306,1,1
1384.912147248,0,1
1385.041568078,0,0
1385.041569866,1,0
1385.170989820,1,1
1385.170992512,0,1
1385.300413530,0,0
1385.300415130,1,0
1385.429835272,1,1
1385.429837714,0,1
1385.559258982,0,0
1385.559260332,1,0
1385.688681722,1,1
1385.688682918,0,1
1385.818134496,0,0
1385.818136536,1,0
1385.947558176,1,1
1385.947559184,0,1
1386.077009884,0,0
1386.077011798,1,0
1386.206431626,1,1
1386.206434448,0,1
1386.335854336,0,0
1386.335857002,1,0
1386.465279078,1,1
1386.465280648,0,1
1386.594701850,0,0
1386.594703202,1,0
1386.724123528,1,1
1386.724125912,0,1
1386.853576300,0,0
1386.853578530,1,0
1386.982999980,1,1
1386.983001114,0,1
1387.112421690,0,0
1387.112423668,1,0
1387.241844430,1,1
1387.241846318,0,1
1387.371266266,0,0
1387.371268872,1,0
1387.500659880,1,1
1387.500661580,0,1
1387.630082654,0,0
1387.630084136,1,0
1387.759505394,1,1
1387.759506782,0,1
1387.888928104,0,0
1387.888929398,1,0
1388.018350846,1,1
1388.018352046,0,1
1388.147773554,0,0
1388.147774600,1,0
1388.277195232,1,1
1388.277197186,0,1
1388.406618006,0,0
1388.406619802,1,0
1388.536041746,1,1
1388.536042448,0,1
1388.665463456,0,0
1388.665465064,1,0
1388.794886134,1,1
1388.794887712,0,1
1388.924308906,0,0
1388.924310266,1,0
1389.053731646,1,1
1389.053733914,0,1
1389.183154356,0,0
1389.183156530,1,0
1389.312578034,1,1
1389.312579114,0,1
1389.442000806,0,0
1389.442001732,1,0
1389.571452484,1,1
1389.571454376,0,1
1389.700875318,0,0
1389.700876930,1,0
1389.830266996,1,1
1389.830269640,0,1
1389.959690706,0,0
1389.959692194,1,0
1390.089113508,1,1
1390.089114780,0,1
1390.218535218,0,0
1390.218537458,1,0
1390.347989896,1,1
1390.347991040,0,1
1390.477441668,0,0
1390.477443596,1,0
1390.606865346,1,1
1390.606866304,0,1
1390.736287054,0,0
1390.736288920,1,0
1390.865710794,1,1
1390.865711504,0,1
1390.995132566,0,0
1390.995134120,1,0
1391.124554306,1,1
1391.124556768,0,1
1391.253947016,0,0
1391.253949320,1,0
1391.383370694,1,1
1391.383371966,0,1
1391.512793464,0,0
1391.512794520,1,0
1391.642216206,1,1
1391.642217228,0,1
1391.771637914,0,0
1391.771639784,1,0
1391.901059592,1,1
1391.901062430,0,1
1392.030453364,0,0
1392.030455046,1,0
1392.159877104,1,1
1392.159877630,0,1
1392.289297812,0,0
1392.289300244,1,0
1392.418721492,1,1
1392.418722890,0,1
1392.548112262,0,0
1392.548114508,1,0
1392.677535940,1,1
1392.677537092,0,1
1392.806927710,0,0
1392.806929644,1,0
1392.936350450,1,1
1392.936352354,0,1
1393.065773222,0,0
1393.065774906,1,0
1393.195165900,1,1
1393.195167552,0,1
1393.324588608,0,0
1393.324590168,1,0
1393.454010348,1,1
1393.454012814,0,1
1393.583433056,0,0
1393.583435428,1,0
1393.712856860,1,1
1393.712858014,0,1
1393.842279568,0,0
1393.842280628,1,0
1393.971670246,1,1
1393.971672212,0,1
1394.101123954,0,0
1394.101125826,1,0
1394.230546694,1,1
1394.230548472,0,1
1394.359969464,0,0
1394.359971026,1,0
1394.489392142,1,1
1394.489393734,0,1
1394.618783850,0,0
1394.618786286,1,0
1394.748206652,1,1
1394.748208934,0,1
1394.877630360,0,0
1394.877631548,1,0
1395.007052038,1,1
1395.007054134,0,1
1395.136474808,0,0
1395.136476746,1,0
1395.265897486,1,1
1395.265899392,0,1
1395.395289256,0,0
1395.395291008,1,0
1395.524710934,1,1
1395.524713654,0,1
1395.654134704,0,0
1395.654136208,1,0
1395.783557444,1,1
1395.783558790,0,1
1395.912950152,0,0
1395.912951406,1,0
1396.042371830,1,1
1396.042374052,0,1
1396.171825600,0,0
1396.171827666,1,0
1396.301248340,1,1
1396.301250250,0,1
1396.430671108,0,0
1396.430672802,1,0
1396.560062786,1,1
1396.560064508,0,1
1396.689486494,0,0
1396.689487062,1,0
1396.818908296,1,1
1396.818909708,0,1
1396.948331004,0,0
1396.948332322,1,0
1397.077752682,1,1
1397.077754968,0,1
1397.207175390,0,0
1397.207177520,1,0
1397.336598066,1,1
1397.336601104,0,1
1397.466022898,0,0
1397.466023718,1,0
1397.595445576,1,1
1397.595446426,0,1
1397.724867346,0,0
1397.724868978,1,0
1397.854319086,1,1
1397.854321624,0,1
1397.983741792,0,0
1397.983744238,1,0
1398.113165532,1,1
1398.113166820,0,1
1398.242588302,0,0
1398.242589436,1,0
1398.372009978,1,1
1398.372012082,0,1
1398.501402686,0,0
1398.501404632,1,0
1398.630825426,1,1
1398.630827280,0,1
1398.760248132,0,0
1398.760249892,1,0
1398.889670872,1,1
1398.889672538,0,1
1399.019093580,0,0
1399.019095090,1,0
1399.148516318,1,1
1399.148517734,0,1
1399.277938026,0,0
1399.277940350,1,0
1399.407421764,1,1
1399.407423934,0,1
1399.536815536,0,0
1399.536816546,1,0
1399.666238274,1,1
1399.666239192,0,1
1399.795628980,0,0
1399.795630804,1,0
1399.925053656,1,1
1399.925054452,0,1
1400.054475426,0,0
1400.054477002,1,0
1400.183898102,1,1
1400.183899648,0,1
1400.313289874,0,0
1400.313291262,1,0
1400.442681550,1,1
1400.442683906,0,1
1400.572105318,0,0
1400.572106458,1,0
1400.701526996,1,1
1400.701529166,0,1
1400.830948764,0,0
1400.830951654,1,0
1400.960372440,1,1
1400.960374298,0,1
1401.089795148,0,0
1401.089796912,1,0
1401.219247886,1,1
1401.219249558,0,1
1401.348700654,0,0
1401.348703110,1,0
1401.478123332,1,1
1401.478125692,0,1
1401.607516100,0,0
1401.607518368,1,0
1401.736907776,1,1
1401.736910012,0,1
1401.866330546,0,0
1401.866332566,1,0
1401.995754222,1,1
1401.995755210,0,1
1402.125175992,0,0
1402.125177760,1,0
1402.254598668,1,1
1402.254600404,0,1
1402.384021438,0,0
1402.384023018,1,0
1402.513444176,1,1
1402.513445664,0,1
1402.642867882,0,0
1402.642869276,1,0
1402.772289620,1,1
1402.772291858,0,1
1402.901712326,0,0
1402.901714472,1,0
1403.031135004,1,1
1403.031137054,0,1
1403.160557772,0,0
1403.160559732,1,0
1403.289980510,1,1
1403.289982314,0,1
1403.419404216,0,0
1403.419404862,1,0
1403.548794954,1,1
1403.548796570,0,1
1403.678187660,0,0
1403.678189120,1,0
1403.807579400,1,1
1403.807580766,0,1
1403.937001106,0,0
1403.937003316,1,0
1404.066424844,1,1
1404.066425960,0,1
1404.195848550,0,0
1404.195849574,1,0
1404.325270290,1,1
1404.325272156,0,1
1404.454693058,0,0
1404.454694832,1,0
1404.584114732,1,1
1404.584117412,0,1
1404.713538440,0,0
1404.713540026,1,0
1404.842961238,1,1
1404.842962610,0,1
1404.972383946,0,0
1404.972385222,1,0
1405.101834682,1,1
1405.101837930,0,1
1405.231258390,0,0
1405.231260478,1,0
1405.360681064,1,1
1405.360683060,0,1
1405.490073832,0,0
1405.490075610,1,0
1405.619465508,1,1
1405.619468316,0,1
1405.748888278,0,0
1405.748890868,1,0
1405.878312014,1,1
1405.878313512,0,1
1406.007734722,0,0
1406.007736062,1,0
1406.137187398,1,1
1406.137188708,0,1
1406.266580164,0,0
1406.266581318,1,0
1406.395971902,1,1
1406.395972962,0,1
1406.525393608,0,0
1406.525395512,1,0
1406.654816284,1,1
1406.654818156,0,1
1406.784238052,0,0
1406.784240770,1,0
1406.913631790,1,1
1406.913633412,0,1
1407.043024432,0,0
1407.043025964,1,0
1407.172446232,1,1
1407.172448606,0,1
1407.301869000,0,0
1407.301871218,1,0
1407.431291676,1,1
1407.431293864,0,1
1407.560715382,0,0
1407.560716414,1,0
1407.690138182,1,1
1407.690138994,0,1
1407.819590824,0,0
1407.819591670,1,0
1407.949012562,1,1
1407.949014250,0,1
1408.078433330,0,0
1408.078436926,1,0
1408.207858004,1,1
1408.207859506,0,1
1408.337280710,0,0
1408.337283058,1,0
1408.466673448,1,1
1408.466674762,0,1
1408.596095214,0,0
1408.596097312,1,0
1408.725518952,1,1
1408.725519956,0,1
1408.854938658,0,0
1408.854942506,1,0
1408.984363396,1,1
1408.984365150,0,1
1409.113786100,0,0
1409.113787760,1,0
1409.243208836,1,1
1409.243210342,0,1
1409.372631542,0,0
1409.372632890,1,0
1409.502023218,1,1
1409.502025598,0,1
1409.631414984,0,0
1409.631417210,1,0
1409.760839660,1,1
1409.760840792,0,1
1409.890262428,0,0
1409.890263464,1,0
1410.019684164,1,1
1410.019686044,0,1
1410.149075932,0,0
1410.149077596,1,0
1410.278467608,1,1
1410.278470240,0,1
1410.407890312,0,0
1410.407892850,1,0
1410.537313986,1,1
1410.537315494,0,1
1410.666735816,0,0
1410.666738042,1,0
1410.796128430,1,1
1410.796129686,0,1
1410.925520258,0,0
1410.925522236,1,0
1411.054942932,1,1
1411.054944940,0,1
1411.184365700,0,0
1411.184367552,1,0
1411.313789374,1,1
1411.313790132,0,1
1411.443211142,0,0
1411.443212684,1,0
1411.572665816,1,1
1411.572666324,0,1
1411.702086646,0,0
1411.702088938,1,0
1411.831508320,1,1
1411.831511580,0,1
1411.960902024,0,0
1411.960903128,1,0
1412.090323762,1,1
1412.090325710,0,1
1412.219746466,0,0
1412.219748384,1,0
1412.349199454,1,1
1412.349202028,0,1
1412.478622908,0,0
1412.478624576,1,0
1412.608015644,1,1
1412.608017216,0,1
1412.737438348,0,0
1412.737439830,1,0
1412.866861024,1,1
1412.866862472,0,1
1412.996282790,0,0
1412.996285020,1,0
1413.125706464,1,1
1413.125707664,0,1
1413.255128356,0,0
1413.255130212,1,0
1413.384519592,1,1
1413.384521918,0,1
1413.513913734,0,0
1413.513914466,1,0
1413.643304032,1,1
1413.643306108,0,1
1413.772726862,0,0
1413.772728720,1,0
1413.902148848,1,1
1413.902151300,0,1
1414.031572366,0,0
1414.031574910,1,0
1414.160995164,1,1
1414.160997554,0,1
1414.290418994,0,0
1414.290420166,1,0
1414.419840668,1,1
1414.419842746,0,1
1414.549263496,0,0
1414.549265294,1,0
1414.678686170,1,1
1414.678687998,0,1
1414.808110062,0,0
1414.808110546,1,0
1414.937531674,1,1
1414.937533190,0,1
1415.066984378,0,0
1415.066985802,1,0
1415.196377052,1,1
1415.196378442,0,1
1415.325799816,0,0
1415.325801054,1,0
1415.455191552,1,1
1415.455193634,0,1
1415.584613258,0,0
1415.584616182,1,0
1415.714037868,1,1
1415.714038886,0,1
1415.843459698,0,0
1415.843461434,1,0
1415.972851434,1,1
1415.972853076,0,1
1416.102273136,0,0
1416.102275686,1,0
1416.231696812,1,1
1416.231698328,0,1
1416.361119638,0,0
1416.361120878,1,0
1416.490542314,1,1
1416.490543520,0,1
1416.619965016,0,0
1416.619966068,1,0
1416.749356752,1,1
1416.749358710,0,1
1416.878779520,0,0
1416.878781320,1,0
1417.008203192,1,1
1417.008203900,0,1
1417.137624896,0,0
1417.137626572,1,0
1417.267017632,1,1
1417.267019154,0,1
1417.396470398,0,0
1417.396471702,1,0
1417.525892072,1,1
1417.525894342,0,1
1417.655314838,0,0
1417.655317016,1,0
1417.784738510,1,1
1417.784739594,0,1
1417.914160214,0,0
1417.914162204,1,0
1418.043583950,1,1
1418.043584786,0,1
1418.173005716,0,0
1418.173008332,1,0
1418.302429388,1,1
1418.302430974,0,1
1418.431852090,0,0
1418.431853646,1,0
1418.561275890,1,1
1418.561276228,0,1
1418.690697592,0,0
1418.690698838,1,0
1418.820120328,1,1
1418.820121416,0,1
1418.949542032,0,0
1418.949544026,1,0
1419.078963704,1,1
1419.078966666,0,1
1419.208388470,0,0
1419.208389278,1,0
1419.337810206,1,1
1419.337811858,0,1
1419.467233908,0,0
1419.467234530,1,0
1419.596655582,1,1
1419.596657108,0,1
1419.726079410,0,0
1419.726079718,1,0
1419.855530020,1,1
1419.855533298,0,1
1419.984953786,0,0
1419.984955908,1,0
1420.114377520,1,1
1420.114378548,0,1
1420.243800224,0,0
1420.243801160,1,0
1420.373222896,1,1
1420.373223800,0,1
1420.502643724,0,0
1420.502646286,1,0
1420.632067398,1,1
1420.632068926,0,1
1420.761490164,0,0
1420.761491536,1,0
1420.890912836,1,1
1420.890914180,0,1
1421.020334602,0,0
1421.020336788,1,0
1421.149757274,1,1
1421.149759366,0,1
1421.279150040,0,0
1421.279151978,1,0
1421.408540774,1,1
1421.408543618,0,1
1421.537965478,0,0
1421.537966166,1,0
1421.667387150,1,1
1421.667388870,0,1
1421.796809854,0,0
1421.796811480,1,0
1421.926231588,1,1
1421.926233996,0,1
1422.055654352,0,0
1422.055656604,1,0
1422.185078024,1,1
1422.185080246,0,1
1422.314500728,0,0
1422.314502856,1,0
1422.443924462,1,1
1422.443925498,0,1
1422.573345228,0,0
1422.573348044,1,0
1422.702768962,1,1
1422.702770684,0,1
1422.832190664,0,0
1422.832193296,1,0
1422.961615338,1,1
1422.961615936,0,1
1423.091037040,0,0
1423.091038482,1,0
1423.220428774,1,1
1423.220430124,0,1
1423.349849540,0,0
1423.349852734,1,0
1423.479273212,1,1
1423.479275374,0,1
1423.608697978,0,0
1423.608698920,1,0
1423.738119712,1,1
1423.738121500,0,1
1423.867543416,0,0
1423.867544172,1,0
1423.996965086,1,1
1423.996966814,0,1
1424.126356914,0,0
1424.126358358,1,0
1424.255779586,1,1
1424.255781002,0,1
1424.385201290,0,0
1424.385203610,1,0
1424.514623960,1,1
1424.514626188,0,1
1424.644046788,0,0
1424.644048734,1,0
1424.773439460,1,1
1424.773441438,0,1
1424.902862162,0,0
1424.902863984,1,0
1425.032284958,1,1
1425.032286624,0,1
1425.161706600,0,0
1425.161709234,1,0
1425.291101272,1,1
1425.291101874,0,1
1425.420522098,0,0
1425.420524484,1,0
1425.549946770,1,1
1425.549947000,0,1
1425.679367534,0,0
1425.679369608,1,0
1425.808791206,1,1
1425.808792248,0,1
1425.938212970,0,0
1425.938214920,1,0
1426.067665642,1,1
1426.067667498,0,1
1426.197088406,0,0
1426.197090044,1,0
1426.326542140,1,1
1426.326543686,0,1
1426.455934842,0,0
1426.455936296,1,0
1426.585326576,1,1
1426.585327934,0,1
1426.714749278,0,0
1426.714750480,1,0
1426.844172012,1,1
1426.844173060,0,1
1426.973594714,0,0
1426.973595730,1,0
1427.103015386,1,1
1427.103018370,0,1
1427.232439214,0,0
1427.232440916,1,0
1427.361862822,1,1
1427.361863558,0,1
1427.491284586,0,0
1427.491286166,1,0
1427.620708320,1,1
1427.620709806,0,1
1427.750100022,0,0
1427.750101352,1,0
1427.879522756,1,1
1427.879523930,0,1
1428.008945458,0,0
1428.008946602,1,0
1428.138368128,1,1
1428.138369178,0,1
1428.267788956,0,0
1428.267791724,1,0
1428.397212628,1,1
1428.397214366,0,1
1428.526635330,0,0
1428.526636974,1,0
1428.656058062,1,1
1428.656059614,0,1
1428.785480826,0,0
1428.785482160,1,0
1428.914901498,1,1
1428.914904800,0,1
1429.044357262,0,0
1429.044358408,1,0
1429.173777934,1,1
1429.173781048,0,1
1429.303201634,0,0
1429.303203658,1,0
1429.432624368,1,1
1429.432626298,0,1
1429.562047132,0,0
1429.562048844,1,0
1429.691439804,1,1
1429.691441484,0,1
1429.820862566,0,0
1429.820864092,1,0
1429.950284238,1,1
1429.950286668,0,1
1430.079707002,0,0
1430.079709278,1,0
1430.209131736,1,1
1430.209131856,0,1
1430.338553438,0,0
1430.338554526,1,0
1430.467975108,1,1
1430.467977166,0,1
1430.597396872,0,0
1430.597399648,1,0
1430.726851606,1,1
1430.726853352,0,1
1430.856242308,0,0
1430.856244958,1,0
1430.985666978,1,1
1430.985667538,0,1
1431.115058742,0,0
1431.115060144,1,0
1431.244481476,1,1
1431.244482720,0,1
1431.373904240,0,0
1431.373905392,1,0
1431.503325848,1,1
1431.503327970,0,1
1431.632718610,0,0
1431.632719516,1,0
1431.762111344,1,1
1431.762112154,0,1
1431.891533108,0,0
1431.891534700,1,0
1432.020954778,1,1
1432.020957404,0,1
1432.150377480,0,0
1432.150380010,1,0
1432.279771214,1,1
1432.279772588,0,1
1432.409161978,0,0
1432.409164258,1,0
1432.538616648,1,1
1432.538617772,0,1
1432.668037410,0,0
1432.668040442,1,0
1432.797461082,1,1
1432.797463020,0,1
1432.926882846,0,0
1432.926885628,1,0
1433.056275518,1,1
1433.056277268,0,1
1433.185698218,0,0
1433.185699814,1,0
1433.315122012,1,1
1433.315123454,0,1
1433.444544714,0,0
1433.444546060,1,0
1433.573996386,1,1
1433.573998638,0,1
1433.703419148,0,0
1433.703421184,1,0
1433.832841818,1,1
1433.832843884,0,1
1433.962265582,0,0
1433.962266492,1,0
1434.091688314,1,1
1434.091689068,0,1
1434.221110016,0,0
1434.221111678,1,0
1434.350562750,1,1
1434.350565316,0,1
1434.479987450,0,0
1434.479987860,1,0
1434.609409120,1,1
1434.609410502,0,1
1434.738830884,0,0
1434.738833110,1,0
1434.868224554,1,1
1434.868225686,0,1
1434.997615254,0,0
1434.997617292,1,0
1435.127038988,1,1
1435.127039934,0,1
1435.256460750,0,0
1435.256462478,1,0
1435.385884484,1,1
1435.385885180,0,1
1435.515306184,0,0
1435.515307724,1,0
1435.644728918,1,1
1435.644730364,0,1
1435.774150618,0,0
1435.774152908,1,0
1435.903574350,1,1
1435.903576548,0,1
1436.032997052,0,0
1436.032999218,1,0
1436.162419722,1,1
1436.162421794,0,1
1436.291872486,0,0
1436.291874340,1,0
1436.421294218,1,1
1436.421296978,0,1
1436.550717982,0,0
1436.550719524,1,0
1436.680140650,1,1
1436.680142162,0,1
1436.809563414,0,0
1436.809564770,1,0
1436.938956084,1,1
1436.938957346,0,1
1437.068407848,0,0
1437.068410016,1,0
1437.197831518,1,1
1437.197833654,0,1
1437.327254280,0,0
1437.327256200,1,0
1437.456706952,1,1
1437.456708904,0,1
1437.586099714,0,0
1437.586101448,1,0
1437.715522446,1,1
1437.715524022,0,1
1437.844945148,0,0
1437.844946630,1,0
1437.974367816,1,1
1437.974369268,0,1
1438.103819518,0,0
1438.103821876,1,0
1438.233243250,1,1
1438.233244516,0,1
1438.362666014,0,0
1438.362667124,1,0
1438.492088684,1,1
1438.492090700,0,1
1438.621512448,0,0
1438.621513244,1,0
1438.750903116,1,1
1438.750904882,0,1
1438.880295880,0,0
1438.880297428,1,0
1439.009718550,1,1
1439.009720128,0,1
1439.139141250,0,0
1439.139142674,1,0
1439.268563044,1,1
1439.268565312,0,1
1439.397985808,0,0
1439.397987920,1,0
1439.527408416,1,1
1439.527410558,0,1
1439.656831116,0,0
1439.656833166,1,0
1439.786253910,1,1
1439.786255740,0,1
1439.915676612,0,0
1439.915678286,1,0
1440.045098344,1,1
1440.045100926,0,1
1440.174521044,0,0
1440.174523532,1,0
1440.303944714,1,1
1440.303946170,0,1
1440.433367538,0,0
1440.433368716,1,0
1440.562790210,1,1
1440.562791354,0,1
1440.692182910,0,0
1440.692183962,1,0
1440.821572642,1,1
1440.821575600,0,1
1440.950996342,0,0
1440.950998206,1,0
1441.080419012,1,1
1441.080420846,0,1
1441.209841774,0,0
1441.209843390,1,0
1441.339265506,1,1
1441.339267028,0,1
1441.468688268,0,0
1441.468689572,1,0
1441.598139938,1,1
1441.598142212,0,1
1441.727563638,0,0
1441.727564882,1,0
1441.856985370,1,1
1441.856987456,0,1
1441.986409072,0,0
1441.986410002,1,0
1442.115830802,1,1
1442.115832640,0,1
1442.245253566,0,0
1442.245255184,1,0
1442.374677236,1,1
1442.374677886,0,1
1442.504099936,0,0
1442.504100430,1,0
1442.633522730,1,1
1442.633524068,0,1
1442.762914430,0,0
1442.762915674,1,0
1442.892337100,1,1
1442.892338312,0,1
1443.021758862,0,0
1443.021760858,1,0
1443.151181594,1,1
1443.151183434,0,1
1443.280574232,0,0
1443.280576104,1,0
1443.409964964,1,1
1443.409967678,0,1
1443.539388726,0,0
1443.539390222,1,0
1443.668810394,1,1
1443.668812924,0,1
1443.798234158,0,0
1443.798235530,1,0
1443.927656890,1,1
1443.927658106,0,1
1444.057080590,0,0
1444.057081650,1,0
1444.186502260,1,1
1444.186504290,0,1
1444.315924958,0,0
1444.315926894,1,0
1444.445348814,1,1
1444.445349534,0,1
1444.574800452,0,0
1444.574802140,1,0
1444.704222184,1,1
1444.704224716,0,1
1444.833644884,0,0
1444.833647322,1,0
1444.963068552,1,1
1444.963069960,0,1
1445.092490316,0,0
1445.092492566,1,0
1445.221913046,1,1
1445.221915142,0,1
1445.351335748,0,0
1445.351338688,1,0
1445.480760478,1,1
1445.480761324,0,1
1445.610183178,0,0
1445.610183994,1,0
1445.739604910,1,1
1445.739606568,0,1
1445.869027672,0,0
1445.869029112,1,0
1445.998419340,1,1
1445.998420814,0,1
1446.127842040,0,0
1446.127843356,1,0
1446.257264772,1,1
1446.257265996,0,1
1446.386687472,0,0
1446.386688540,1,0
1446.516141204,1,1
1446.516142114,0,1
1446.645532902,0,0
1446.645534784,1,0
1446.774954634,1,1
1446.774957422,0,1
1446.904378396,0,0
1446.904379966,1,0
1447.033800066,1,1
1447.033802604,0,1
1447.163223764,0,0
1447.163225210,1,0
1447.292675558,1,1
1447.292677848,0,1
1447.422098320,0,0
1447.422100392,1,0
1447.551521112,1,1
1447.551523028,0,1
1447.680944688,0,0
1447.680945634,1,0
1447.810366606,1,1
1447.810368274,0,1
1447.939759056,0,0
1447.939760816,1,0
1448.069212162,1,1
1448.069214454,0,1
1448.198634924,0,0
1448.198636996,1,0
1448.328057718,1,1
1448.328059634,0,1
1448.457480978,0,0
1448.457482240,1,0
1448.586903710,1,1
1448.586904878,0,1
1448.716355348,0,0
1448.716357486,1,0
1448.845747764,1,1
1448.845750058,0,1
1448.975139840,0,0
1448.975141666,1,0
1449.104561570,1,1
1449.104564240,0,1
1449.233986580,0,0
1449.233986846,1,0
1449.363409312,1,1
1449.363410482,0,1
1449.492832136,0,0
1449.492833088,1,0
1449.622254804,1,1
1449.622255728,0,1
1449.751677628,0,0
1449.751678270,1,0
1449.881100358,1,1
1449.881100844,0,1
1450.010522120,0,0
1450.010523512,1,0
1450.139944288,1,1
1450.139946088,0,1
1450.269367050,0,0
1450.269368694,1,0
1450.398758718,1,1
1450.398760270,0,1
1450.528150480,0,0
1450.528152874,1,0
1450.657574210,1,1
1450.657575510,0,1
1450.786995910,0,0
1450.786998054,1,0
1450.916479578,1,1
1450.916481754,0,1
1451.045902340,0,0
1451.045904296,1,0
1451.175325006,1,1
1451.175326870,0,1
1451.304747706,0,0
1451.304749538,1,0
1451.434170498,1,1
1451.434172176,0,1
1451.563593198,0,0
1451.563594720,1,0
1451.692985864,1,1
1451.692987356,0,1
1451.822407626,0,0
1451.822409960,1,0
1451.951830356,1,1
1451.951832536,0,1
1452.081254118,0,0
1452.081255142,1,0
1452.210675786,1,1
1452.210677716,0,1
1452.340098422,0,0
1452.340100384,1,0
1452.469521214,1,1
1452.469522958,0,1
1452.598942912,0,0
1452.598945564,1,0
1452.728367644,1,1
1452.728368200,0,1
1452.857789342,0,0
1452.857790804,1,0
1452.987211072,1,1
1452.987213378,0,1
1453.116634772,0,0
1453.116635986,1,0
1453.246056502,1,1
1453.246058560,0,1
1453.375481198,0,0
1453.375482164,1,0
1453.504871930,1,1
1453.504873802,0,1
1453.634265690,0,0
1453.634266342,1,0
1453.763656358,1,1
1453.763657980,0,1
1453.893079056,0,0
1453.893080522,1,0
1454.022501788,1,1
1454.022503158,0,1
1454.151924484,0,0
1454.151925766,1,0
1454.281346278,1,1
1454.281348402,0,1
1454.410768976,0,0
1454.410771006,1,0
1454.540222644,1,1
1454.540224580,0,1
1454.669645404,0,0
1454.669647184,1,0
1454.799068072,1,1
1454.799069758,0,1
1454.928489770,0,0
1454.928492426,1,0
1455.057883500,1,1
1455.057885062,0,1
1455.187305260,0,0
1455.187307604,1,0
1455.316757928,1,1
1455.316760242,0,1
1455.446181690,0,0
1455.446182784,1,0
1455.575602356,1,1
1455.575605482,0,1
1455.704996116,0,0
1455.704998024,1,0
1455.834418784,1,1
1455.834420598,0,1
1455.963840482,0,0
1455.963843268,1,0
1456.093264336,1,1
1456.093265840,0,1
1456.222686972,0,0
1456.222688444,1,0
1456.352108638,1,1
1456.352111018,0,1
1456.481532398,0,0
1456.481533624,1,0
1456.610954130,1,1
1456.610956258,0,1
1456.740377888,0,0
1456.740378864,1,0
1456.869800556,1,1
1456.869801438,0,1
1456.999223316,0,0
1456.999224042,1,0
1457.128644984,1,1
1457.128646740,0,1
1457.258068744,0,0
1457.258069218,1,0
1457.387460412,1,1
1457.387461856,0,1
1457.516883108,0,0
1457.516884460,1,0
1457.646275840,1,1
1457.646277036,0,1
1457.775698538,0,0
1457.775699700,1,0
1457.905121266,1,1
1457.905122274,0,1
1458.034512026,0,0
1458.034513880,1,0
1458.163934692,1,1
1458.163936514,0,1
1458.293356452,0,0
1458.293359058,1,0
1458.422779120,1,1
1458.422781754,0,1
1458.552202880,0,0
1458.552204298,1,0
1458.681624610,1,1
1458.681626870,0,1
1458.811048308,0,0
1458.811049412,1,0
1458.940441038,1,1
1458.940442110,0,1
1459.069862734,0,0
1459.069864652,1,0
1459.199285402,1,1
1459.199287288,0,1
1459.328677100,0,0
1459.328679892,1,0
1459.458100890,1,1
1459.458102528,0,1
1459.587492588,0,0
1459.587494070,1,0
1459.716885318,1,1
1459.716886706,0,1
1459.846276952,0,0
1459.846278250,1,0
1459.975699682,1,1
1459.975700946,0,1
1460.105121442,0,0
1460.105123488,1,0
1460.234546124,0,0
1460.234546170,0,1
1460.363966868,0,0
1460.363968728,1,0
1460.493390534,1,1
1460.493392362,0,1
1460.622782356,0,0
1460.622783906,1,0
1460.752175024,1,1
1460.752176542,0,1
1460.881598784,0,0
1460.881599144,1,0
1461.010989450,1,1
1461.010990718,0,1
1461.140381210,0,0
1461.140383320,1,0
1461.269803876,1,1
1461.269805956,0,1
1461.399226574,0,0
1461.399228500,1,0
1461.528649302,1,1
1461.528651134,0,1
1461.658041064,0,0
1461.658042738,1,0
1461.787432730,1,1
1461.787435372,0,1
1461.916856426,0,0
1461.916857914,1,0
1462.046278218,1,1
1462.046280552,0,1
1462.175671852,0,0
1462.175673092,1,0
1462.305094520,1,1
1462.305095788,0,1
1462.434485342,0,0
1462.434487330,1,0
1462.563908008,1,1
1462.563909966,0,1
1462.693330768,0,0
1462.693332508,1,0
1462.822784434,1,1
1462.822786142,0,1
1462.952207194,0,0
1462.952208808,1,0
1463.081596860,1,1
1463.081600382,0,1
1463.211020620,0,0
1463.211022922,1,0
1463.340444286,1,1
1463.340445622,0,1
1463.469867044,0,0
1463.469869162,1,0
1463.599289774,1,1
1463.599291798,0,1
1463.728712472,0,0
1463.728714402,1,0
1463.858135138,1,1
1463.858136974,0,1
1463.987557898,0,0
1463.987559642,1,0
1464.116980626,1,1
1464.116982214,0,1
1464.246372324,0,0
1464.246373756,1,0
1464.375765052,1,1
1464.375766390,0,1
1464.505155748,0,0
1464.505157932,1,0
1464.634579416,1,1
1464.634580628,0,1
1464.764001236,0,0
1464.764003232,1,0
1464.893423904,1,1
1464.893425804,0,1
1465.022816600,0,0
1465.022818408,1,0
1465.152239328,1,1
1465.152241042,0,1
1465.281662088,0,0
1465.281663584,1,0
1465.411084754,1,1
1465.411086156,0,1
1465.540507450,0,0
1465.540508760,1,0
1465.669930180,1,1
1465.669931394,0,1
1465.799352938,0,0
1465.799353998,1,0
1465.928774606,1,1
1465.928776634,0,1
1466.058197364,0,0
1466.058199174,1,0
1466.187590030,1,1
1466.187591808,0,1
1466.317012790,0,0
1466.317014414,1,0
1466.446435518,1,1
1466.446436986,0,1
1466.575858152,0,0
1466.575859588,1,0
1466.705280880,1,1
1466.705282222,0,1
1466.834701640,0,0
1466.834704826,1,0
1466.964095306,1,1
1466.964097398,0,1
1467.093518064,0,0
1467.093520064,1,0
1467.222940794,1,1
1467.222942636,0,1
1467.352393552,0,0
1467.352395240,1,0
1467.481816218,1,1
1467.481817810,0,1
1467.611208914,0,0
1467.611210414,1,0
1467.740630580,1,1
1467.740633050,0,1
1467.870054402,0,0
1467.870055592,1,0
1467.999477068,1,1
1467.999478226,0,1
1468.128869764,0,0
1468.128870828,1,0
1468.258260492,1,1
1468.258262400,0,1
1468.387653190,0,0
1468.387655004,1,0
1468.517075916,1,1
1468.517077638,0,1
1468.646499676,0,0
1468.646500178,1,0
1468.775921344,1,1
1468.775922812,0,1
1468.905343038,0,0
1468.905345478,1,0
1469.034766828,1,1
1469.034768050,0,1
1469.164188524,0,0
1469.164190590,1,0
1469.293611252,1,1
1469.293613224,0,1
1469.423034950,0,0
1469.423035828,1,0
1469.552457614,1,1
1469.552458462,0,1
1469.681879374,0,0
1469.681881066,1,0
1469.811302040,1,1
1469.811303636,0,1
1469.940725796,0,0
1469.940726178,1,0
1470.070178462,1,1
1470.070179812,0,1
1470.199601220,0,0
1470.199602414,1,0
1470.328990950,1,1
1470.328994050,0,1
1470.458414646,0,0
1470.458416652,1,0
1470.587838310,1,1
1470.587840222,0,1
1470.717261008,0,0
1470.717262888,1,0
1470.846682798,1,1
1470.846685460,0,1
1470.976105494,0,0
1470.976108064,1,0
1471.105528220,1,1
1471.105530572,0,1
1471.234950916,0,0
1471.234953174,1,0
1471.364374584,1,1
1471.364375870,0,1
1471.493765342,0,0
1471.493767410,1,0
1471.623189068,1,1
1471.623190044,0,1
1471.752610764,0,0
1471.752612648,1,0
1471.882035492,1,1
1471.882036282,0,1
1472.011457250,0,0
1472.011458822,1,0
1472.140879916,1,1
1472.140881456,0,1
1472.270271674,0,0
1472.270273060,1,0
1472.399694402,1,1
1472.399695630,0,1
1472.529116036,0,0
1472.529118232,1,0
1472.658538762,1,1
1472.658540804,0,1
1472.787992520,0,0
1472.787994406,1,0
1472.917384248,1,1
1472.917386040,0,1
1473.046807880,0,0
1473.046808644,1,0
1473.176229608,1,1
1473.176231214,0,1
1473.305653306,0,0
1473.305654880,1,0
1473.435075032,1,1
1473.435077450,0,1
1473.564498790,0,0
1473.564500054,1,0
1473.693921456,1,1
1473.693922624,0,1
1473.823373214,0,0
1473.823375290,1,0
1473.952796940,1,1
1473.952797798,0,1
1474.082217574,0,0
1474.082220462,1,0
1474.211611364,1,1
1474.211613034,0,1
1474.341002998,0,0
1474.341004634,1,0
1474.470426786,1,1
1474.470427268,0,1
1474.599847482,0,0
1474.599849872,1,0
1474.729272210,1,1
1474.729273442,0,1
1474.858663904,0,0
1474.858665108,1,0
1474.988085634,1,1
1474.988087616,0,1
1475.117509328,0,0
1475.117510218,1,0
1475.246929994,1,1
1475.246932850,0,1
1475.376353752,0,0
1475.376355454,1,0
1475.505776478,1,1
1475.505778026,0,1
1475.635199174,0,0
1475.635200688,1,0
1475.764621900,1,1
1475.764623198,0,1
1475.894043658,0,0
1475.894045860,1,0
1476.023437322,1,1
1476.023438432,0,1
1476.152829018,0,0
1476.152831034,1,0
1476.282251744,1,1
1476.282253730,0,1
1476.411674502,0,0
1476.411676270,1,0
1476.541097168,1,1
1476.541098840,0,1
1476.670519924,0,0
1476.670521378,1,0
1476.799942590,1,1
1476.799944076,0,1
1476.929364346,0,0
1476.929366614,1,0
1477.058788010,1,1
1477.058789246,0,1
1477.188210706,0,0
1477.188211848,1,0
1477.317633432,1,1
1477.317634418,0,1
1477.447056128,0,0
1477.447057022,1,0
1477.576476916,1,1
1477.576479654,0,1
1477.705900614,0,0
1477.705902258,1,0
1477.835322278,1,1
1477.835324888,0,1
1477.964716096,0,0
1477.964717428,1,0
1478.094108760,1,1
1478.094109000,0,1
1478.223530454,0,0
1478.223531662,1,0
1478.352983118,1,1
1478.352985232,0,1
1478.482405876,0,0
1478.482407896,1,0
1478.611828602,1,1
1478.611830468,0,1
1478.741220298,0,0
1478.741222006,1,0
1478.870644962,1,1
1478.870645638,0,1
1479.000065720,0,0
1479.000068240,1,0
1479.129489446,1,1
1479.129490872,0,1
1479.258881140,0,0
1479.258882474,1,0
1479.388272866,1,1
1479.388275044,0,1
1479.517665562,0,0
1479.517666644,1,0
1479.647087288,1,1
1479.647089214,0,1
1479.776509044,0,0
1479.776511880,1,0
1479.905932708,1,1
1479.905934450,0,1
1480.035325404,0,0
1480.035327050,1,0
1480.164716130,1,1
1480.164718620,0,1
1480.294170824,0,0
1480.294172222,1,0
1480.423593550,1,1
1480.423594792,0,1
1480.553015244,0,0
1480.553017454,1,0
1480.682438034,1,1
1480.682440024,0,1
1480.811831666,0,0
1480.811832564,1,0
1480.941254392,1,1
1480.941255258,0,1
1481.070707086,0,0
1481.070707796,1,0
1481.200128812,1,1
1481.200130428,0,1
1481.329549194,0,0
1481.329553030,1,0
1481.458973232,1,1
1481.458975600,0,1
1481.588397990,0,0
1481.588398138,1,0
1481.717820652,1,1
1481.717821832,0,1
1481.847242472,0,0
1481.847244370,1,0
1481.976665136,1,1
1481.976667004,0,1
1482.106086830,0,0
1482.106089542,1,0
1482.235509492,1,1
1482.235512174,0,1
1482.364932250,0,0
1482.364934836,1,0
1482.494324976,1,1
1482.494326404,0,1
1482.623716732,0,0
1482.623719006,1,0
1482.753107958,1,1
1482.753110574,0,1
1482.882530776,0,0
1482.882533176,1,0
1483.011953502,1,1
1483.011955870,0,1
1483.141377570,0,0
1483.141379408,1,0
1483.270769548,1,1
1483.270770978,0,1
1483.400160740,0,0
1483.400163640,1,0
1483.529583528,1,1
1483.529586146,0,1
1483.659007408,0,0
1483.659008748,1,0
1483.788429072,1,1
1483.788431316,0,1
1483.917852828,0,0
1483.917853980,1,0
1484.047275554,1,1
1484.047276610,0,1
1484.176697184,0,0
1484.176699148,1,0
1484.306119910,1,1
1484.306121782,0,1
1484.435542668,0,0
1484.435544382,1,0
1484.564935080,1,1
1484.564935950,0,1
1484.694328398,0,0
1484.694328550,1,0
1484.823780622,1,1
1484.823782120,0,1
1484.953203378,0,0
1484.953204718,1,0
1485.082625166,1,1
1485.082627350,0,1
1485.212048922,0,0
1485.212049886,1,0
1485.341440648,1,1
1485.341441580,0,1
1485.470862342,0,0
1485.470864180,1,0
1485.600284004,1,1
1485.600286750,0,1
1485.729706758,0,0
1485.729709350,1,0
1485.859130484,1,1
1485.859131980,0,1
1485.988554178,0,0
1485.988555518,1,0
1486.117975840,1,1
1486.117978150,0,1
1486.247397596,0,0
1486.247400688,1,0
1486.376822258,1,1
1486.376823318,0,1
1486.506213014,0,0
1486.506214916,1,0
1486.635666678,1,1
1486.635668550,0,1
1486.765058432,0,0
1486.765060086,1,0
1486.894481156,1,1
1486.894482718,0,1
1487.023903912,0,0
1487.023905316,1,0
1487.153325574,1,1
1487.153327946,0,1
1487.282718330,0,0
1487.282720422,1,0
1487.412140992,1,1
1487.412143116,0,1
1487.541563746,0,0
1487.541565652,1,0
1487.670987408,1,1
1487.670988284,0,1
1487.800379166,0,0
1487.800380882,1,0
1487.929800826,1,1
1487.929803514,0,1
1488.059225518,0,0
1488.059226114,1,0
1488.188648244,1,1
1488.188648620,0,1
1488.318099000,0,0
1488.318101220,1,0
1488.447522662,1,1
1488.447523850,0,1
1488.576943418,0,0
1488.576946512,1,0
1488.706368080,1,1
1488.706369142,0,1
1488.835790772,0,0
1488.835792618,1,0
1488.965183558,1,1
1488.965184308,0,1
1489.094606250,0,0
1489.094606846,1,0
1489.223997914,1,1
1489.223999414,0,1
1489.353449668,0,0
1489.353452076,1,0
1489.482873392,1,1
1489.482874582,0,1
1489.612297148,0,0
1489.612297244,1,0
1489.741719810,0,1
1489.871109502,0,0
1489.871112410,1,0
1490.000502226,1,1
1490.000504042,0,1
1490.129924918,0,0
1490.129926640,1,0
1490.259348580,1,1
1490.259350208,0,1
1490.388771398,0,0
1490.388772868,1,0
1490.518162996,1,1
1490.518164438,0,1
1490.647584752,0,0
1490.647587036,1,0
1490.777007476,1,1
1490.777009666,0,1
1490.906430230,0,0
1490.906432268,1,0
1491.035852892,1,1
1491.035854834,0,1
1491.165275584,0,0
1491.165277370,1,0
1491.294699246,1,1
1491.294700000,0,1
1491.424121064,0,0
1491.424122600,1,0
1491.553543724,1,1
1491.553546168,0,1
1491.682935416,0,0
1491.682937766,1,0
1491.812329140,1,1
1491.812330396,0,1
1491.941720834,0,0
1491.941721996,1,0
1492.071173556,1,1
1492.071175562,0,1
1492.200596374,0,0
1492.200598100,1,0
1492.330018036,1,1
1492.330020792,0,1
1492.459442728,0,0
1492.459443390,1,0
1492.588834390,1,1
1492.588834896,0,1
1492.718256206,0,0
1492.718257558,1,0
1492.847708868,1,1
1492.847711188,0,1
1492.977101560,0,0
1492.977102722,1,0
1493.106494284,1,1
1493.106495352,0,1
1493.235885976,0,0
1493.235887952,1,0
1493.365309636,1,1
1493.365310520,0,1
1493.494732392,0,0
1493.494733118,1,0
1493.624153114,1,1
1493.624155746,0,1
1493.753576806,0,0
1493.753578346,1,0
1493.882999530,1,1
1493.883000914,0,1
1494.012391284,0,0
1494.012392574,1,0
1494.141811946,1,1
1494.141815144,0,1
1494.271234638,0,0
1494.271237740,1,0
1494.400658360,1,1
1494.400660308,0,1
1494.530051054,0,0
1494.530052906,1,0
1494.659443778,1,1
1494.659445474,0,1
1494.788866530,0,0
1494.788868134,1,0
1494.918289254,1,1
1494.918290764,0,1
1495.047709946,0,0
1495.047713300,1,0
1495.177133606,1,1
1495.177135866,0,1
1495.306558362,0,0
1495.306558464,1,0
1495.435979084,1,1
1495.435981158,0,1
1495.565403694,1,1
1495.565403776,1,0
1495.694824436,1,1
1495.694826260,0,1
1495.824216190,0,0
1495.824217858,1,0
1495.953607852,1,1
1495.953610424,0,1
1496.083031606,0,0
1496.083033024,1,0
1496.212454328,1,1
1496.212455716,0,1
1496.341877020,0,0
1496.341878252,1,0
1496.471299744,1,1
1496.471300880,0,1
1496.600720434,0,0
1496.600723416,1,0
1496.730144158,1,1
1496.730145982,0,1
1496.859567912,0,0
1496.859568644,1,0
1496.988990572,1,1
1496.988991274,0,1
1497.118381326,0,0
1497.118383810,1,0
1497.247803988,1,1
1497.247806502,0,1
1497.377226742,0,0
1497.377228974,1,0
1497.506650402,1,1
1497.506651666,0,1
1497.636043156,0,0
1497.636044202,1,0
1497.765495756,1,1
1497.765496770,0,1
1497.894887508,0,0
1497.894889366,1,0
1498.024310232,1,1
1498.024311996,0,1
1498.153731922,0,0
1498.153734594,1,0
1498.283154644,1,1
1498.283157224,0,1
1498.412578398,0,0
1498.412579758,1,0
1498.542001060,1,1
1498.542002388,0,1
1498.671422814,0,0
1498.671424984,1,0
1498.800845536,1,1
1498.800847554,0,1
1498.930268228,0,0
1498.930270212,1,0
1499.059691888,1,1
1499.059692780,0,1
1499.189113640,0,0
1499.189115314,1,0
1499.318536302,1,1
1499.318538006,0,1
1499.447958054,0,0
1499.447960542,1,0
1499.577380778,1,1
1499.577383170,0,1
1499.706804468,0,0
1499.706805768,1,0
1499.836227128,1,1
1499.836228334,0,1
1499.965649882,0,0
1499.965650870,1,0
1500.095073544,1,1
1500.095074560,0,1
1500.224496296,0,0
1500.224497160,1,0
1500.353917020,1,1
1500.353919788,0,1
1500.483341710,0,0
1500.483342324,1,0
1500.612764434,1,1
1500.612764952,0,1
1500.742186186,0,0
1500.742187486,1,0
1500.871607846,1,1
1500.871610116,0,1
1501.000999600,0,0
1501.001001650,1,0
1501.130393260,1,1
1501.130394280,0,1
1501.259815950,0,0
1501.259816878,1,0
1501.389237612,1,1
1501.389239444,0,1
1501.518659426,0,0
1501.518662104,1,0
1501.648082086,1,1
1501.648084732,0,1
1501.777504776,0,0
1501.777507268,1,0
1501.906928500,1,1
1501.906929896,0,1
1502.036351254,0,0
1502.036352432,1,0
1502.165771912,1,1
1502.165775060,0,1
1502.295165604,0,0
1502.295167656,1,0
1502.424556326,1,1
1502.424559286,0,1
1502.553980080,0,0
1502.553981882,1,0
1502.683402802,1,1
1502.683404450,0,1
1502.812826490,0,0
1502.812827046,1,0
1502.942249214,1,1
1502.942250612,0,1
1503.071701904,0,0
1503.071703272,1,0
1503.201122626,1,1
1503.201125838,0,1
1503.330546316,0,0
1503.330548372,1,0
1503.459969976,1,1
1503.459971000,0,1
1503.589393600,1,1
1503.589393666,1,0
1503.718814452,1,1
1503.718816228,0,1
1503.848267142,0,0
1503.848269824,1,0
1503.977691864,1,1
1503.977692390,0,1
1504.107113554,0,0
1504.107114988,1,0
1504.236506276,1,1
1504.236507552,0,1
1504.365896966,0,0
1504.365899150,1,0
1504.495351690,1,1
1504.495352780,0,1
1504.624742380,0,0
1504.624744312,1,0
1504.754165102,1,1
1504.754167004,0,1
1504.883557792,0,0
1504.883559538,1,0
1505.012950514,1,1
1505.012951228,0,1
1505.142372268,0,0
1505.142373762,1,0
1505.271793926,1,1
1505.271796390,0,1
1505.401216680,0,0
1505.401218926,1,0
1505.530640400,1,1
1505.530641554,0,1
1505.660063090,0,0
1505.660065150,1,0
1505.789485812,1,1
1505.789487716,0,1
1505.918908502,0,0
1505.918910314,1,0
1506.048330162,1,1
1506.048332942,0,1
1506.177722914,0,0
1506.177724474,1,0
1506.307115574,1,1
1506.307117104,0,1
1506.436538388,0,0
1506.436539700,1,0
1506.565990048,1,1
1506.565992328,0,1
1506.695443738,0,0
1506.695445864,1,0
1506.824866460,1,1
1506.824868490,0,1
1506.954289148,0,0
1506.954291024,1,0
1507.083711808,1,1
1507.083713714,0,1
1507.213135560,0,0
1507.213136250,1,0
1507.342557282,1,1
1507.342558876,0,1
1507.471979972,0,0
1507.471981472,1,0
1507.601432694,1,1
1507.601435038,0,1
1507.730856382,0,0
1507.730857572,1,0
1507.860279104,1,1
1507.860280200,0,1
1507.989701794,0,0
1507.989702796,1,0
1508.119123516,1,1
1508.119125422,0,1
1508.248514206,0,0
1508.248517020,1,0
1508.377938928,1,1
1508.377940584,0,1
1508.507362678,0,0
1508.507363246,1,0
1508.636784338,1,1
1508.636785810,0,1
1508.766206028,0,0
1508.766208406,1,0
1508.895629688,1,1
1508.895630970,0,1
1509.025050438,0,0
1509.025053504,1,0
1509.154474160,1,1
1509.154476194,0,1
1509.283897912,0,0
1509.283898792,1,0
1509.413318572,1,1
1509.413321356,0,1
1509.542742260,0,0
1509.542743952,1,0
1509.672164046,1,1
1509.672166578,0,1
1509.801586734,0,0
1509.801589112,1,0
1509.931010392,1,1
1509.931011742,0,1
1510.060434082,0,0
1510.060434338,1,0
1510.189854802,1,1
1510.189856902,0,1
1510.319308492,0,0
1510.319310498,1,0
1510.448731212,1,1
1510.448733124,0,1
1510.578122964,0,0
1510.578124722,1,0
1510.707546624,1,1
1510.707547286,0,1
1510.836968438,0,0
1510.836969882,1,0
1510.966391098,1,1
1510.966393508,0,1
1511.095843786,0,0
1511.095846104,1,0
1511.225328444,1,1
1511.225329672,0,1
1511.354781196,0,0
1511.354783204,1,0
1511.484204916,1,1
1511.484205830,0,1
1511.613627606,0,0
1511.613628426,1,0
1511.743049326,1,1
1511.743051114,0,1
1511.872472016,0,0
1511.872473650,1,0
1512.001863738,1,1
1512.001865276,0,1
1512.131287426,0,0
1512.131288872,1,0
1512.260710146,1,1
1512.260711438,0,1
1512.390132836,0,0
1512.390134032,1,0
1512.519553556,1,1
1512.519556596,0,1
1512.648977246,0,0
1512.648979194,1,0
1512.778399966,1,1
1512.778401820,0,1
1512.907820656,0,0
1512.907824354,1,0
1513.037245376,1,1
1513.037246980,0,1
1513.166667126,0,0
1513.166669576,1,0
1513.296089786,1,1
1513.296092202,0,1
1513.425512474,0,0
1513.425514736,1,0
1513.554935132,1,1
1513.554937362,0,1
1513.684357946,0,0
1513.684359896,1,0
1513.813750604,1,1
1513.813752586,0,1
1513.943142356,0,0
1513.943144056,1,0
1514.072564076,1,1
1514.072566746,0,1
1514.201986764,0,0
1514.201989340,1,0
1514.331409422,1,1
1514.331411906,0,1
1514.460834172,0,0
1514.460834500,1,0
1514.590254832,1,1
1514.590257126,0,1
1514.719647582,0,0
1514.719649724,1,0
1514.849100240,1,1
1514.849102288,0,1
1514.978524930,0,0
1514.978525882,1,0
1515.107947650,1,1
1515.107948508,0,1
1515.237369400,0,0
1515.237371106,1,0
1515.366760060,1,1
1515.366762670,0,1
1515.496183812,0,0
1515.496185202,1,0
1515.625606534,1,1
1515.625607894,0,1
1515.755028222,0,0
1515.755030426,1,0
1515.884451878,1,1
1515.884453052,0,1
1516.013875566,0,0
1516.013875586,1,0
1516.143295598,1,1
1516.143298148,0,1
1516.272719100,0,0
1516.272721808,1,0
1516.402142758,1,1
1516.402144434,0,1
1516.531535446,0,0
1516.531535966,1,0
1516.660926166,1,1
1516.660928592,0,1
1516.790349916,0,0
1516.790351188,1,0
1516.919771012,1,1
1516.919773814,0,1
1517.049194326,0,0
1517.049196410,1,0
1517.178586046,1,1
1517.178587972,0,1
1517.307979734,0,0
1517.307980630,1,0
1517.437401390,1,1
1517.437403132,0,1
1517.566854328,0,0
1517.566855790,1,0
1517.696245548,1,1
1517.696248292,0,1
1517.825669488,0,0
1517.825670886,1,0
1517.955122584,1,1
1517.955124514,0,1
1518.084513770,0,0
1518.084516106,1,0
1518.213937616,1,1
1518.213938732,0,1
1518.343359302,0,0
1518.343361266,1,0
1518.472782022,1,1
1518.472783890,0,1
1518.602234772,0,0
1518.602237424,1,0
1518.731659492,1,1
1518.731660050,0,1
1518.861082180,0,0
1518.861082646,1,0
1518.990472900,1,1
1518.990474210,0,1
1519.119865338,0,0
1519.119866866,1,0
1519.249257308,1,1
1519.249259430,0,1
1519.378681308,0,0
1519.378682086,1,0
1519.508104090,1,1
1519.508104650,0,1
1519.637525404,0,0
1519.637527184,1,0
1519.766948122,1,1
1519.766949810,0,1
1519.896370812,0,0
1519.896372340,1,0
1520.025793468,1,1
1520.025795028,0,1
1520.155216156,0,0
1520.155217562,1,0
1520.284607938,1,1
1520.284609188,0,1
1520.414028626,0,0
1520.414031782,1,0
1520.543453344,1,1
1520.543454346,0,1
1520.672876032,0,0
1520.672877940,1,0
1520.802298752,1,1
1520.802300504,0,1
1520.931722438,0,0
1520.931723098,1,0
1521.061143094,1,1
1521.061145722,0,1
1521.190535908,0,0
1521.190537256,1,0
1521.319988564,1,1
1521.319990882,0,1
1521.449380252,0,0
1521.449382538,1,0
1521.578803972,1,1
1521.578805102,0,1
1521.708226658,0,0
1521.708227634,1,0
1521.837648378,1,1
1521.837650258,0,1
1521.967072066,0,0
1521.967073852,1,0
1522.096523786,1,1
1522.096526416,0,1
1522.225947472,0,0
1522.225949072,1,0
1522.355369190,1,1
1522.355371636,0,1
1522.484762878,0,0
1522.484764168,1,0
1522.614185598,1,1
1522.614186856,0,1
1522.743607284,0,0
1522.743609386,1,0
1522.873029942,1,1
1522.873032014,0,1
1523.002452752,0,0
1523.002454544,1,0
1523.131875410,1,1
1523.131877232,0,1
1523.261299096,0,0
1523.261299764,1,0
1523.390719814,1,1
1523.390722388,0,1
1523.520143564,0,0
1523.520144922,1,0
1523.649566220,1,1
1523.649567484,0,1
1523.778988908,0,0
1523.778990140,1,0
1523.908409626,1,1
1523.908412764,0,1
1524.037834314,0,0
1524.037835296,1,0
1524.167256032,1,1
1524.167257922,0,1
1524.296648782,0,0
1524.296650452,1,0
1524.426072438,1,1
1524.426073076,0,1
1524.555493188,0,0
1524.555495672,1,0
1524.684916844,1,1
1524.684918234,0,1
1524.814338530,0,0
1524.814340890,1,0
1524.943761248,1,1
1524.943763452,0,1
1525.073183934,0,0
1525.073186046,1,0
1525.202606716,1,1
1525.202608610,0,1
1525.332029402,0,0
1525.332031266,1,0
1525.461452058,1,1
1525.461453828,0,1
1525.590873744,0,0
1525.590876420,1,0
1525.720297464,1,1
1525.720298982,0,1
1525.849750150,0,0
1525.849752576,1,0
1525.979173930,1,1
1525.979175138,0,1
1526.108596618,0,0
1526.108597796,1,0
1526.238018272,1,1
1526.238020420,0,1
1526.367440960,0,0
1526.367442950,1,0
1526.496864740,1,1
1526.496865512,0,1
1526.626286426,0,0
1526.626288106,1,0
1526.755709082,1,1
1526.755710732,0,1
1526.885101768,0,0
1526.885103324,1,0
1527.014493486,1,1
1527.014494950,0,1
1527.143915236,0,0
1527.143917542,1,0
1527.273337890,1,1
1527.273340104,0,1
1527.402761702,0,0
1527.402763634,1,0
1527.532185294,1,1
1527.532186322,0,1
1527.661606044,0,0
1527.661608852,1,0
1527.791029762,1,1
1527.791031476,0,1
1527.920452448,0,0
1527.920454068,1,0
1528.049875166,1,1
1528.049876630,0,1
1528.179297852,0,0
1528.179299286,1,0
1528.308719570,1,1
1528.308721848,0,1
1528.438142254,0,0
1528.438144378,1,0
1528.567563974,1,1
1528.567567002,0,1
1528.696988658,0,0
1528.696989594,1,0
1528.826409376,1,1
1528.826412220,0,1
1528.955832062,0,0
1528.955834750,1,0
1529.085254780,1,1
1529.085257374,0,1
1529.214677466,0,0
1529.214679904,1,0
1529.344100122,1,1
1529.344102590,0,1
1529.473523868,0,0
1529.473525120,1,0
1529.602945526,1,1
1529.602947684,0,1
1529.732369334,0,0
1529.732370276,1,0
1529.861790990,1,1
1529.861792836,0,1
1529.991214676,0,0
1529.991216554,1,0
1530.120637394,1,1
1530.120639180,0,1
1530.250060080,0,0
1530.250061646,1,0
1530.379482796,1,1
1530.379484270,0,1
1530.508906546,0,0
1530.508906864,1,0
1530.638327200,1,1
1530.638329486,0,1
1530.767749886,0,0
1530.767752018,1,0
1530.897172666,1,1
1530.897174642,0,1
1531.026596352,0,0
1531.026597172,1,0
1531.156017008,1,1
1531.156019856,0,1
1531.285440692,0,0
1531.285442386,1,0
1531.414861412,1,1
1531.414865014,0,1
1531.544285158,0,0
1531.544287542,1,0
1531.673708814,1,1
1531.673710228,0,1
1531.803131498,0,0
1531.803132758,1,0
1531.932554216,1,1
1531.932555382,0,1
1532.061945964,0,0
1532.061947974,1,0
1532.191337620,1,1
1532.191339536,0,1
1532.320790306,0,0
1532.320793128,1,0
1532.450214022,1,1
1532.450215690,0,1
1532.579635770,0,0
1532.579638220,1,0
1532.709059426,1,1
1532.709060906,0,1
1532.838452172,0,0
1532.838453498,1,0
1532.967874892,1,1
1532.967876060,0,1
1533.097326576,0,0
1533.097328652,1,0
1533.226750294,1,1
1533.226751276,0,1
1533.356172978,0,0
1533.356173868,1,0
1533.485564572,1,1
1533.485566430,0,1
1533.614986444,0,0
1533.614989020,1,0
1533.744409098,1,1
1533.744411644,0,1
1533.873832784,0,0
1533.873834174,1,0
1534.003224502,1,1
1534.003225798,0,1
1534.132617186,0,0
1534.132618328,1,0
1534.262009906,1,1
1534.262010950,0,1
1534.391431590,0,0
1534.391433608,1,0
1534.520855306,1,1
1534.520856168,0,1
1534.650276992,0,0
1534.650278696,1,0
1534.779667710,1,1
1534.779670258,0,1
1534.909060394,0,0
1534.909062912,1,0
1535.038484112,1,1
1535.038485536,0,1
1535.167905860,0,0
1535.167908066,1,0
1535.297329514,1,1
1535.297330752,0,1
1535.426752200,0,0
1535.426753280,1,0
1535.556173854,1,1
1535.556175904,0,1
1535.685596664,0,0
1535.685598434,1,0
1535.815050320,1,1
1535.815052056,0,1
1535.944473004,0,0
1535.944474586,1,0
1536.073894720,1,1
1536.073897274,0,1
1536.203287406,0,0
1536.203288800,1,0
1536.332709122,1,1
1536.332711364,0,1
1536.462131870,0,0
1536.462134016,1,0
1536.591554524,1,1
1536.591556578,0,1
1536.720978274,0,0
1536.720979168,1,0
1536.850399988,1,1
1536.850401794,0,1
1536.979823674,0,0
1536.979825322,1,0
1537.109245328,1,1
1537.109248008,0,1
1537.238668012,0,0
1537.238670536,1,0
1537.368060792,1,1
1537.368062098,0,1
1537.497453476,0,0
1537.497454690,1,0
1537.626876132,1,1
1537.626877314,0,1
1537.756297940,0,0
1537.756299842,1,0
1537.885720596,1,1
1537.885722528,0,1
1538.015143280,0,0
1538.015145056,1,0
1538.144565936,1,1
1538.144567680,0,1
1538.273988746,0,0
1538.273990210,1,0
1538.403411398,1,1
1538.403412832,0,1
1538.532834082,0,0
1538.532835424,1,0
1538.662225738,1,1
1538.662227984,0,1
1538.791648548,0,0
1538.791650576,1,0
1538.921071200,1,1
1538.921073198,0,1
1539.050494886,0,0
1539.050495790,1,0
1539.179916540,1,1
1539.179918412,0,1
1539.309339350,0,0
1539.309340944,1,0
1539.438762004,1,1
1539.438763502,0,1
1539.568214752,0,0
1539.568216096,1,0
1539.697638406,1,1
1539.697639780,0,1
1539.827060090,0,0
1539.827062308,1,0
1539.956482744,1,1
1539.956484932,0,1
1540.085905552,0,0
1540.085907460,1,0
1540.215329208,1,1
1540.215330084,0,1
1540.344812892,0,0
1540.344813676,1,0
1540.474203608,1,1
1540.474205298,0,1
1540.603656356,0,0
1540.603658826,1,0
1540.733080010,1,1
1540.733081450,0,1
1540.862501756,0,0
1540.862504040,1,0
1540.991924474,1,1
1540.991926602,0,1
1541.121347156,0,0
1541.121349192,1,0
1541.250740812,1,1
1541.250741816,0,1
1541.380132558,0,0
1541.380133344,1,0
1541.509555212,1,1
1541.509556030,0,1
1541.638976896,0,0
1541.638978560,1,0
1541.768399614,1,1
1541.768401182,0,1
1541.897793360,0,0
1541.897793774,1,0
1542.027182952,1,1
1542.027185334,0,1
1542.156605760,0,0
1542.156607926,1,0
1542.286028414,1,1
1542.286030548,0,1
1542.415453098,0,0
1542.415454076,1,0
1542.544874816,1,1
1542.544876698,0,1
1542.674297624,0,0
1542.674299226,1,0
1542.803721278,1,1
1542.803721848,0,1
1542.933141962,0,0
1542.933144504,1,0
1543.062565616,1,1
1543.062567062,0,1
1543.191989362,0,0
1543.191989654,1,0
1543.321410076,1,1
1543.321412214,0,1
1543.450802762,0,0
1543.450803804,1,0
1543.580224478,1,1
1543.580226428,0,1
1543.709647224,0,0
1543.709648956,1,0
1543.839070878,1,1
1543.839072580,0,1
1543.968463562,0,0
1543.968464170,1,0
1544.097915278,1,1
1544.097917730,0,1
1544.227338962,0,0
1544.227340320,1,0
1544.356760678,1,1
1544.356762942,0,1
1544.486184362,0,0
1544.486185534,1,0
1544.615576078,1,1
1544.615577154,0,1
1544.744998824,0,0
1544.744999684,1,0
1544.874420478,1,1
1544.874422246,0,1
1545.003843162,0,0
1545.003844898,1,0
1545.133236940,1,1
1545.133237458,0,1
1545.262627624,0,0
1545.262630110,1,0
1545.392050278,1,1
1545.392052670,0,1
1545.521473960,0,0
1545.521475262,1,0
1545.650896738,1,1
1545.650897822,0,1
1545.780318424,0,0
1545.780320412,1,0
1545.909741138,1,1
1545.909743034,0,1
1546.039163824,0,0
1546.039165626,1,0
1546.168586538,1,1
1546.168588186,0,1
1546.298009284,0,0
1546.298010776,1,0
1546.427431876,1,1
1546.427433398,0,1
1546.556853620,0,0
1546.556855988,1,0
1546.686277274,1,1
1546.686278548,0,1
1546.815730022,0,0
1546.815732138,1,0
1546.945152736,1,1
1546.945154760,0,1
1547.074605484,0,0
1547.074607290,1,0
1547.204028074,1,1
1547.204029910,0,1
1547.333449820,0,0
1547.333452500,1,0
1547.462872472,1,1
1547.462875124,0,1
1547.592296218,0,0
1547.592297652,1,0
1547.721688872,1,1
1547.721690336,0,1
1547.851109618,0,0
1547.851112864,1,0
1547.980534272,1,1
1547.980535486,0,1
1548.109956080,0,0
1548.109958014,1,0
1548.239378734,1,1
1548.239380572,0,1
1548.368801478,0,0
1548.368803228,1,0
1548.498194194,1,1
1548.498195786,0,1
1548.627616878,0,0
1548.627618314,1,0
1548.757039530,1,1
1548.757041000,0,1
1548.886461214,0,0
1548.886463526,1,0
1549.015883868,1,1
1549.015886148,0,1
1549.145307612,0,0
1549.145308738,1,0
1549.274729390,1,1
1549.274731298,0,1
1549.404153012,0,0
1549.404153950,1,0
1549.533573726,1,1
1549.533576510,0,1
1549.662997410,0,0
1549.662999038,1,0
1549.792420126,1,1
1549.792421722,0,1
1549.921842872,0,0
1549.921844312,1,0
1550.051265524,1,1
1550.051266872,0,1
1550.180688206,0,0
1550.180689462,1,0
1550.310080986,1,1
1550.310082084,0,1
1550.439472668,0,0
1550.439473610,1,0
1550.568894384,1,1
1550.568896232,0,1
1550.698318066,0,0
1550.698319760,1,0
1550.827740720,1,1
1550.827742382,0,1
1550.957163464,0,0
1550.957164972,1,0
1551.086586118,1,1
1551.086587530,0,1
1551.216009926,0,0
1551.216010120,1,0
1551.345460578,1,1
1551.345462742,0,1
1551.474885262,0,0
1551.474885268,1,0
1551.604336976,1,1
1551.604338890,0,1
1551.733760660,0,0
1551.733761480,1,0
1551.863181562,1,1
1551.863184102,0,1
1551.992605058,0,0
1551.992606690,1,0
1552.122027772,1,1
1552.122029250,0,1
1552.251449832,0,0
1552.251451840,1,0
1552.380873170,1,1
1552.380874398,0,1
1552.510295354,0,0
1552.510297052,1,0
1552.639718132,1,1
1552.639719612,0,1
1552.769139814,0,0
1552.769142138,1,0
1552.898562592,1,1
1552.898564822,0,1
1553.027984650,0,0
1553.027987412,1,0
1553.157408052,1,1
1553.157409968,0,1
1553.286832110,0,0
1553.286833560,1,0
1553.416254824,1,1
1553.416256118,0,1
1553.545677446,0,0
1553.545678770,1,0
1553.675099034,1,1
1553.675101328,0,1
1553.804553406,0,0
1553.804553920,1,0
1553.933943558,1,1
1553.933946478,0,1
1554.063367240,0,0
1554.063369130,1,0
1554.192759518,1,1
1554.192760688,0,1
1554.322181700,0,0
1554.322183216,1,0
1554.451604352,1,1
1554.451605898,0,1
1554.581027036,0,0
1554.581029426,1,0
1554.710450562,1,1
1554.710452046,0,1
1554.839873308,0,0
1554.839874636,1,0
1554.969265146,1,1
1554.969266256,0,1
1555.098686892,0,0
1555.098688784,1,0
1555.228110606,1,1
1555.228111344,0,1
1555.357532290,0,0
1555.357533932,1,0
1555.486925942,1,1
1555.486926552,0,1
1555.616316686,0,0
1555.616318080,1,0
1555.745738400,1,1
1555.745740764,0,1
1555.875161084,0,0
1555.875163352,1,0
1556.004583798,1,1
1556.004585910,0,1
1556.134008480,0,0
1556.134009438,1,0
1556.263430196,1,1
1556.263432058,0,1
1556.392853878,0,0
1556.392854646,1,0
1556.522275528,1,1
1556.522277268,0,1
1556.651698336,0,0
1556.651699796,1,0
1556.781088988,1,1
1556.781091478,0,1
1556.910481734,0,0
1556.910484004,1,0
1557.039904384,1,1
1557.039906562,0,1
1557.169327068,0,0
1557.169329214,1,0
1557.298750782,1,1
1557.298751772,0,1
1557.428171528,0,0
1557.428174298,1,0
1557.557596178,1,1
1557.557596920,0,1
1557.687018924,0,0
1557.687019508,1,0
1557.816440574,1,1
1557.816442130,0,1
1557.945863258,0,0
1557.945864718,1,0
1558.075285034,1,1
1558.075287338,0,1
1558.204708716,0,0
1558.204709864,1,0
1558.334129368,1,1
1558.334132422,0,1
1558.463553050,0,0
1558.463555074,1,0
1558.592975826,1,1
1558.592977632,0,1
1558.722399508,0,0
1558.722400220,1,0
1558.851851222,1,1
1558.851853842,0,1
1558.981274904,0,0
1558.981276368,1,0
1559.110696556,1,1
1559.110699050,0,1
1559.240120300,0,0
1559.240121638,1,0
1559.369542014,1,1
1559.369544134,0,1
1559.498934696,0,0
1559.498936722,1,0
1559.628357348,1,1
1559.628359342,0,1
1559.757780154,0,0
1559.757781930,1,0
1559.887202804,1,1
1559.887204490,0,1
1560.016625550,0,0
1560.016627078,1,0
1560.146048138,1,1
1560.146049698,0,1
1560.275469820,0,0
1560.275472286,1,0
1560.404892658,1,1
1560.404894908,0,1
1560.534315342,0,0
1560.534317372,1,0
1560.663737992,1,1
1560.663740054,0,1
1560.793160674,0,0
1560.793162642,1,0
1560.922553386,1,1
1560.922555200,0,1
1561.051976068,0,0
1561.051977788,1,0
1561.181397782,1,1
1561.181400406,0,1
1561.310822462,0,0
1561.310822994,1,0
1561.440213176,1,1
1561.440214552,0,1
1561.569665920,0,0
1561.569668142,1,0
1561.699089572,1,1
1561.699090698,0,1
1561.828512252,0,0
1561.828513350,1,0
1561.957935028,1,1
1561.957935906,0,1
1562.087327710,0,0
1562.087328432,1,0
1562.216750362,1,1
1562.216751114,0,1
1562.346201106,0,0
1562.346203704,1,0
1562.475624756,1,1
1562.475626322,0,1
1562.605047500,0,0
1562.605048784,1,0
1562.734439150,1,1
1562.734441406,0,1
1562.863831894,0,0
1562.863832994,1,0
1562.993255608,1,1
1562.993256552,0,1
1563.122677288,0,0
1563.122679140,1,0
1563.252099002,1,1
1563.252101820,0,1
1563.381491682,0,0
1563.381493284,1,0
1563.510913396,1,1
1563.510915904,0,1
1563.640336078,0,0
1563.640338556,1,0
1563.769759728,1,1
1563.769761112,0,1
1563.899182534,0,0
1563.899183700,1,0
1564.028603184,1,1
1564.028606256,0,1
1564.157996866,0,0
1564.157998908,1,0
1564.287419578,1,1
1564.287421464,0,1
1564.416842322,0,0
1564.416843988,1,0
1564.546264972,1,1
1564.546266608,0,1
1564.675686654,0,0
1564.675689196,1,0
1564.805110304,1,1
1564.805111816,0,1
1564.934532110,0,0
1564.934534340,1,0
1565.063955762,1,1
1565.063956960,0,1
1565.193378442,0,0
1565.193379546,1,0
1565.322832154,1,1
1565.322833104,0,1
1565.452223898,0,0
1565.452224754,1,0
1565.581644548,1,1
1565.581647312,0,1
1565.711070292,0,0
1565.711070836,1,0
1565.840492940,1,1
1565.840493518,0,1
1565.969915622,0,0
1565.969916044,1,0
1566.099366272,1,1
1566.099368662,0,1
1566.228790078,0,0
1566.228791250,1,0
1566.358212728,1,1
1566.358213806,0,1
1566.487666470,0,0
1566.487667392,1,0
1566.617088184,1,1
1566.617089950,0,1
1566.746509864,0,0
1566.746512600,1,0
1566.875934514,1,1
1566.875935218,0,1
1567.005356258,0,0
1567.005357744,1,0
1567.134777970,1,1
1567.134780362,0,1
1567.264201652,0,0
1567.264202888,1,0
1567.393593362,1,1
1567.393595506,0,1
1567.523017044,0,0
1567.523018092,1,0
1567.652437694,1,1
1567.652440714,0,1
1567.781829436,0,0
1567.781832298,1,0
1567.911223148,1,1
1567.911224856,0,1
1568.040614828,0,0
1568.040616444,1,0
1568.170037542,1,1
1568.170039000,0,1
1568.299460220,0,0
1568.299461586,1,0
1568.428882872,1,1
1568.428885266,0,1
1568.558306614,0,0
1568.558307792,1,0
1568.687729326,1,1
1568.687730412,0,1
1568.817182068,0,0
1568.817182934,1,0
1568.946603718,1,1
1568.946605554,0,1
1569.076025398,0,0
1569.076028078,1,0
1569.205449048,1,1
1569.205450696,0,1
1569.334841854,0,0
1569.334843346,1,0
1569.464264502,1,1
1569.464265842,0,1
1569.593656184,0,0
1569.593657426,1,0
1569.723047896,1,1
1569.723050044,0,1
1569.852470638,0,0
1569.852472632,1,0
1569.981893288,1,1
1569.981895250,0,1
1570.111317030,0,0
1570.111317838,1,0
1570.240738678,1,1
1570.240740394,0,1
1570.370161422,0,0
1570.370162980,1,0
1570.499553070,1,1
1570.499555598,0,1
1570.628946814,0,0
1570.628947124,1,0
1570.758368464,1,1
1570.758369742,0,1
1570.887790142,0,0
1570.887792328,1,0
1571.017212916,1,1
1571.017214946,0,1
1571.146606598,0,0
1571.146607532,1,0
1571.275996310,1,1
1571.275999090,0,1
1571.405420988,0,0
1571.405422676,1,0
1571.534843638,1,1
1571.534845230,0,1
1571.664266380,0,0
1571.664267880,1,0
1571.793658030,1,1
1571.793659374,0,1
1571.923049772,0,0
1571.923052022,1,0
1572.052442422,1,1
1572.052443576,0,1
1572.181864162,0,0
1572.181866226,1,0
1572.311287812,1,1
1572.311288782,0,1
1572.440710554,0,0
1572.440711368,1,0
1572.570132266,1,1
1572.570133924,0,1
1572.699554946,0,0
1572.699556510,1,0
1572.828977594,1,1
1572.828980064,0,1
1572.958401336,0,0
1572.958402716,1,0
1573.087825048,1,1
1573.087825332,0,1
1573.217246728,0,0
1573.217247856,1,0
1573.346698438,1,1
1573.346700474,0,1
1573.476122118,0,0
1573.476122998,1,0
1573.605544830,1,1
1573.605545616,0,1
1573.734966510,0,0
1573.734968202,1,0
1573.864389284,1,1
1573.864390820,0,1
1573.993812962,0,0
1573.993813344,1,0
1574.123235610,1,1
1574.123236960,0,1
1574.252657290,0,0
1574.252659548,1,0
1574.382081940,1,1
1574.382082164,0,1
1574.511503744,0,0
1574.511504690,1,0
1574.640925392,1,1
1574.640927306,0,1
1574.770348136,0,0
1574.770349830,1,0
1574.899769784,1,1
1574.899772510,0,1
1575.029193526,0,0
1575.029195032,1,0
1575.158616174,1,1
1575.158617588,0,1
1575.288037916,0,0
1575.288040174,1,0
1575.417460564,1,1
1575.417462792,0,1
1575.546884306,0,0
1575.546885378,1,0
1575.676306016,1,1
1575.676307994,0,1
1575.805729696,0,0
1575.805730520,1,0
1575.935152344,1,1
1575.935153074,0,1
1576.064573024,0,0
1576.064575722,1,0
1576.194027736,1,1
1576.194029342,0,1
1576.323418476,0,0
1576.323420862,1,0
1576.452842126,1,1
1576.452843480,0,1
1576.582263866,0,0
1576.582266130,1,0
1576.711688514,1,1
1576.711689684,0,1
1576.841112208,1,1
1576.841112256,1,0
1576.970533966,1,1
1576.970534824,0,1
1577.099985646,0,0
1577.099987348,1,0
1577.229408294,1,1
1577.229409964,0,1
1577.358830972,0,0
1577.358832612,1,0
1577.488224746,1,1
1577.488225168,0,1
1577.617615424,0,0
1577.617616754,1,0
1577.747006136,1,1
1577.747009310,0,1
1577.876399816,0,0
1577.876400894,1,0
1578.005822464,1,1
1578.005823510,0,1
1578.135243204,0,0
1578.135246036,1,0
1578.264667916,1,1
1578.264669590,0,1
1578.394089594,0,0
1578.394092238,1,0
1578.523482304,1,1
1578.523483792,0,1
1578.652903982,0,0
1578.652906378,1,0
1578.782326694,1,1
1578.782328994,0,1
1578.911749372,0,0
1578.911751580,1,0
1579.041172084,1,1
1579.041174134,0,1
1579.170564824,0,0
1579.170566720,1,0
1579.299987472,1,1
1579.299989336,0,1
1579.429409152,0,0
1579.429411924,1,0
1579.558832862,1,1
1579.558834540,0,1
1579.688255602,0,0
1579.688257062,1,0
1579.817678250,1,1
1579.817679616,0,1
1579.947100928,0,0
1579.947102264,1,0
1580.076522638,1,1
1580.076524884,0,1
1580.205946380,0,0
1580.205947406,1,0
1580.335339028,1,1
1580.335340022,0,1
1580.464729768,0,0
1580.464731544,1,0
1580.594184478,1,1
1580.594185162,0,1
1580.723606158,0,0
1580.723607746,1,0
1580.853058806,1,1
1580.853060302,0,1
1580.982451546,0,0
1580.982452886,1,0
1581.111844256,1,1
1581.111845504,0,1
1581.241266934,0,0
1581.241268026,1,0
1581.370688582,1,1
1581.370690704,0,1
1581.500111260,0,0
1581.500113228,1,0
1581.629535034,1,1
1581.629535844,0,1
1581.758956712,0,0
1581.758958366,1,0
1581.888379360,1,1
1581.888380982,0,1
1582.017802100,0,0
1582.017803570,1,0
1582.147223810,1,1
1582.147226186,0,1
1582.276615488,0,0
1582.276617706,1,0
1582.406008260,1,1
1582.406010324,0,1
1582.535430938,0,0
1582.535432846,1,0
1582.664853584,1,1
1582.664855464,0,1
1582.794275326,0,0
1582.794278110,1,0
1582.923698974,1,1
1582.923700666,0,1
1583.053120712,0,0
1583.053123250,1,0
1583.182543362,1,1
1583.182545802,0,1
1583.311966100,0,0
1583.311968388,1,0
1583.441389750,1,1
1583.441391068,0,1
1583.570842426,0,0
1583.570844588,1,0
1583.700234200,1,1
1583.700236206,0,1
1583.829657876,0,0
1583.829659728,1,0
1583.959080524,1,1
1583.959082406,0,1
1584.088504264,0,0
1584.088504866,1,0
1584.217925974,1,1
1584.217927482,0,1
1584.347378652,0,0
1584.347380068,1,0
1584.476800298,1,1
1584.476802622,0,1
1584.606224038,0,0
1584.606225206,1,0
1584.735646686,1,1
1584.735647822,0,1
1584.865068426,0,0
1584.865070406,1,0
1584.994461134,1,1
1584.994462960,0,1
1585.123882814,0,0
1585.123885608,1,0
1585.253306460,1,1
1585.253308160,0,1
1585.382729262,0,0
1585.382730746,1,0
1585.512121846,1,1
1585.512123298,0,1
1585.641544588,0,0
1585.641545884,1,0
1585.770967358,1,1
1585.770968500,0,1
1585.900389036,0,0
1585.900391022,1,0
1586.029812620,1,1
1586.029813638,0,1
1586.159234360,0,0
1586.159236284,1,0
1586.288626070,1,1
1586.288627838,0,1
1586.418048746,0,0
1586.418050360,1,0
1586.547471458,1,1
1586.547473976,0,1
1586.676894196,0,0
1586.676896562,1,0
1586.806317842,1,1
1586.806319176,0,1
1586.935740520,0,0
1586.935741698,1,0
1587.065162230,1,1
1587.065164250,0,1
1587.194584908,0,0
1587.194586900,1,0
1587.324007618,1,1
1587.324009514,0,1
1587.453428918,0,0
1587.453432036,1,0
1587.582851628,1,1
1587.582854652,0,1
1587.712244868,0,0
1587.712246236,1,0
1587.841667640,1,1
1587.841668852,0,1
1587.971091130,0,0
1587.971092372,1,0
1588.100542588,1,1
1588.100544926,0,1
1588.229965390,0,0
1588.229967572,1,0
1588.359389162,1,1
1588.359390126,0,1
1588.488811838,0,0
1588.488812710,1,0
1588.618233548,1,1
1588.618235326,0,1
1588.747656286,0,0
1588.747657848,1,0
1588.877080060,1,1
1588.877080400,0,1
1589.006502798,0,0
1589.006503046,1,0
1589.135924320,1,1
1589.135925598,0,1
1589.265348310,0,0
1589.265349184,1,0
1589.394738706,1,1
1589.394740798,0,1
1589.524130446,0,0
1589.524133320,1,0
1589.653554092,1,1
1589.653555936,0,1
1589.782976770,0,0
1589.782978520,1,0
1589.912398540,1,1
1589.912401136,0,1
1590.041821218,0,0
1590.041823656,1,0
1590.171244926,1,1
1590.171246272,0,1
1590.300666602,0,0
1590.300668792,1,0
1590.430088312,1,1
1590.430091408,0,1
1590.559512988,0,0
1590.559513992,1,0
1590.688935636,1,1
1590.688936608,0,1
1590.818388374,0,0
1590.818390190,1,0
1590.947811084,1,1
1590.947812744,0,1
1591.077233760,0,0
1591.077235264,1,0
1591.206656470,1,1
1591.206657942,0,1
1591.336079146,0,0
1591.336080526,1,0
1591.465469792,1,1
1591.465472078,0,1
1591.594893532,0,0
1591.594894662,1,0
1591.724315240,1,1
1591.724317276,0,1
1591.853738918,0,0
1591.853739800,1,0
1591.983130564,1,1
1591.983132414,0,1
1592.112554302,0,0
1592.112554996,1,0
1592.241976012,1,1
1592.241977612,0,1
1592.371398688,0,0
1592.371400134,1,0
1592.500821334,1,1
1592.500822750,0,1
1592.630244072,0,0
1592.630245332,1,0
1592.759636780,1,1
1592.759637884,0,1
1592.889027522,0,0
1592.889029468,1,0
1593.018451166,1,1
1593.018452084,0,1
1593.147872844,0,0
1593.147874604,1,0
1593.277295552,1,1
1593.277297156,0,1
1593.406687290,0,0
1593.406689802,1,0
1593.536079938,1,1
1593.536082418,0,1
1593.665502614,0,0
1593.665504938,1,0
1593.794926386,1,1
1593.794927552,0,1
1593.924347000,0,0
1593.924350136,1,0
1594.053800708,1,1
1594.053802752,0,1
1594.183193384,0,0
1594.183195272,1,0
1594.312617092,1,1
1594.312617888,0,1
1594.442037832,0,0
1594.442040470,1,0
1594.571490538,1,1
1594.571493022,0,1
1594.700913216,0,0
1594.700915606,1,0
1594.830336862,1,1
1594.830339220,0,1
1594.959760600,0,0
1594.959761740,1,0
1595.089183308,1,1
1595.089184418,0,1
1595.218604984,0,0
1595.218606940,1,0
1595.348057692,1,1
1595.348059552,0,1
1595.477481370,0,0
1595.477482136,1,0
1595.606903014,1,1
1595.606904688,0,1
1595.736326752,0,0
1595.736327208,1,0
1595.865747462,1,1
1595.865749886,0,1
1595.995140138,0,0
1595.995142406,1,0
1596.124563782,1,1
1596.124565020,0,1
1596.253985522,0,0
1596.253987604,1,0
1596.383409168,1,1
1596.383410154,0,1
1596.512801844,0,0
1596.512802676,1,0
1596.642192614,1,1
1596.642194354,0,1
1596.771585290,0,0
1596.771586874,1,0
1596.901007936,1,1
1596.901009552,0,1
1597.030430738,0,0
1597.030432072,1,0
1597.159852382,1,1
1597.159854686,0,1
1597.289244060,0,0
1597.289246206,1,0
1597.418636768,1,1
1597.418638820,0,1
1597.548059442,0,0
1597.548061404,1,0
1597.677481150,1,1
1597.677483956,0,1
1597.806904888,0,0
1597.806906600,1,0
1597.936328534,1,1
1597.936329150,0,1
1598.065781274,0,0
1598.065782734,1,0
1598.195202918,1,1
1598.195205286,0,1
1598.324625594,0,0
1598.324627808,1,0
1598.454047302,1,1
1598.454050422,0,1
1598.583470040,0,0
1598.583473004,1,0
1598.712894750,1,1
1598.712895618,0,1
1598.842316424,0,0
1598.842318200,1,0
1598.971739070,1,1
1598.971740752,0,1
1599.101191746,0,0
1599.101194272,1,0
1599.230584516,1,1
1599.230585950,0,1
1599.359977192,0,0
1599.359978468,1,0
1599.489399836,1,1
1599.489401084,0,1
1599.618821574,0,0
1599.618823666,1,0
1599.748246280,0,0
1599.748246284,0,1
1599.877667958,0,0
1599.877668798,1,0
1600.007090604,1,1
1600.007091414,0,1
1600.136512278,0,0
1600.136514060,1,0
1600.265934048,1,1
1600.265936610,0,1
1600.395356788,0,0
1600.395359130,1,0
1600.524780370,1,1
1600.524781680,0,1
1600.654202108,0,0
1600.654204264,1,0
1600.783656816,1,1
1600.783657880,0,1
1600.913077490,0,0
1600.913080460,1,0
1601.042470198,1,1
1601.042472012,0,1
1601.171861874,0,0
1601.171864656,1,0
1601.301254582,1,1
1601.301256208,0,1
1601.430676256,0,0
1601.430678790,1,0
1601.560099964,1,1
1601.560101404,0,1
1601.689523702,0,0
1601.689524986,1,0
1601.818976346,1,1
1601.818977600,0,1
1601.948367084,0,0
1601.948370120,1,0
1602.077789728,1,1
1602.077792670,0,1
1602.207214468,0,0
1602.207215252,1,0
1602.336636174,1,1
1602.336637866,0,1
1602.466058850,0,0
1602.466060386,1,0
1602.595481494,1,1
1602.595483000,0,1
1602.724904232,0,0
1602.724905520,1,0
1602.854326940,1,1
1602.854328196,0,1
1602.983748614,0,0
1602.983750714,1,0
1603.113171260,1,1
1603.113173328,0,1
1603.242593934,0,0
1603.242595848,1,0
1603.372016642,1,1
1603.372018524,0,1
1603.501439378,0,0
1603.501441042,1,0
1603.630862086,1,1
1603.630863656,0,1
1603.760284760,0,0
1603.760286176,1,0
1603.889707406,1,1
1603.889708788,0,1
1604.019129142,0,0
1604.019131434,1,0
1604.148551850,1,1
1604.148553986,0,1
1604.277975526,0,0
1604.277976566,1,0
1604.407367232,1,1
1604.407369180,0,1
1604.536759906,0,0
1604.536761700,1,0
1604.666182614,1,1
1604.666184314,0,1
1604.795605226,0,0
1604.795606896,1,0
1604.925026996,1,1
1604.925029508,0,1
1605.054480732,0,0
1605.054482028,1,0
1605.183872378,1,1
1605.183874642,0,1
1605.313296054,0,0
1605.313297160,1,0
1605.442747760,1,1
1605.442749772,0,1
1605.572171434,0,0
1605.572172418,1,0
1605.701593142,1,1
1605.701595906,0,1
1605.830984816,0,0
1605.830987486,1,0
1605.960408522,1,1
1605.960410100,0,1
1606.089831260,0,0
1606.089832682,1,0
1606.219253904,1,1
1606.219255294,0,1
1606.348645580,0,0
1606.348647814,1,0
1606.478038286,1,1
1606.478039426,0,1
1606.607461022,0,0
1606.607461946,1,0
1606.736883668,1,1
1606.736884560,0,1
1606.866304404,0,0
1606.866307204,1,0
1606.995759048,1,1
1606.995760816,0,1
1607.125150786,0,0
1607.125152274,1,0
1607.254574430,1,1
1607.254575948,0,1
1607.383997104,0,0
1607.383998468,1,0
1607.513449812,1,1
1607.513451020,0,1
1607.642842486,0,0
1607.642843662,1,0
1607.772264192,1,1
1607.772266210,0,1
1607.901686866,0,0
1607.901688732,1,0
1608.031109572,1,1
1608.031111406,0,1
1608.160532310,0,0
1608.160533988,1,0
1608.289955016,1,1
1608.289956538,0,1
1608.419376692,0,0
1608.419379118,1,0
1608.548800334,1,1
1608.548801732,0,1
1608.678222070,0,0
1608.678224314,1,0
1608.807645716,1,1
1608.807646926,0,1
1608.937067452,0,0
1608.937069444,1,0
1609.066491096,1,1
1609.066491994,0,1
1609.195911832,0,0
1609.195914640,1,0
1609.325334538,1,1
1609.325337188,0,1
1609.454758214,0,0
1609.454759706,1,0
1609.584181856,1,1
1609.584182318,0,1
1609.713603594,0,0
1609.713604900,1,0
1609.843027302,1,1
1609.843028512,0,1
1609.972450036,0,0
1609.972451032,1,0
1610.101870682,1,1
1610.101873644,0,1
1610.231264356,0,0
1610.231265288,1,0
1610.360657060,1,1
1610.360657774,0,1
1610.490079734,0,0
1610.490080358,1,0
1610.619501442,1,1
1610.619503030,0,1
1610.748924178,0,0
1610.748925550,1,0
1610.878346822,1,1
1610.878348100,0,1
1611.007769496,0,0
1611.007770680,1,0
1611.137192202,1,1
1611.137193294,0,1
1611.266613938,0,0
1611.266615874,1,0
1611.396036582,1,1
1611.396038486,0,1
1611.525460318,0,0
1611.525461004,1,0
1611.654881962,1,1
1611.654883554,0,1
1611.784274698,0,0
1611.784276198,1,0
1611.913695342,1,1
1611.913698746,0,1
1612.043120078,0,0
1612.043121264,1,0
1612.172541722,1,1
1612.172543942,0,1
1612.301964458,0,0
1612.301966520,1,0
1612.431386164,1,1
1612.431389070,0,1
1612.560810838,0,0
1612.560811650,1,0
1612.690232482,1,1
1612.690234200,0,1
1612.819656154,0,0
1612.819656844,1,0
1612.949046860,1,1
1612.949049392,0,1
1613.078469598,0,0
1613.078471910,1,0
1613.207893240,1,1
1613.207894524,0,1
1613.337314978,0,0
1613.337317104,1,0
1613.466737682,1,1
1613.466739716,0,1
1613.596189356,0,0
1613.596192296,1,0
1613.725614062,1,1
1613.725614908,0,1
1613.855035736,0,0
1613.855037426,1,0
1613.984459378,1,1
1613.984460976,0,1
1614.113882176,0,0
1614.113883620,1,0
1614.243303822,1,1
1614.243306170,0,1
1614.372695432,0,0
1614.372697748,1,0
1614.502119200,1,1
1614.502120360,0,1
1614.631541936,0,0
1614.631542878,1,0
1614.760963516,1,1
1614.760965490,0,1
1614.890386252,0,0
1614.890388070,1,0
1615.019808958,1,1
1615.019810682,0,1
1615.149231694,0,0
1615.149233262,1,0
1615.278654336,1,1
1615.278655812,0,1
1615.408076008,0,0
1615.408079328,1,0
1615.537500652,1,1
1615.537501940,0,1
1615.666922452,0,0
1615.666924520,1,0
1615.796345094,1,1
1615.796347132,0,1
1615.925766768,0,0
1615.925769650,1,0
1616.055190472,1,1
1616.055192260,0,1
1616.184613144,0,0
1616.184614840,1,0
1616.314036852,1,1
1616.314037454,0,1
1616.443458588,0,0
1616.443460032,1,0
1616.572911230,1,1
1616.572912580,0,1
1616.702332966,0,0
1616.702336160,1,0
1616.831725608,1,1
1616.831727772,0,1
1616.961149344,0,0
1616.961150352,1,0
1617.090571048,1,1
1617.090572902,0,1
1617.219994658,0,0
1617.219995480,1,0
1617.349446364,1,1
1617.349449028,0,1
1617.478870038,0,0
1617.478871610,1,0
1617.608292804,1,1
1617.608294284,0,1
1617.737715476,0,0
1617.737716800,1,0
1617.867137120,1,1
1617.867139348,0,1
1617.996559792,0,0
1617.996561930,1,0
1618.125952560,1,1
1618.125954540,0,1
1618.255375234,0,0
1618.255377120,1,0
1618.384797876,1,1
1618.384799732,0,1
1618.514220550,0,0
1618.514222248,1,0
1618.643611316,1,1
1618.643613860,0,1
1618.773003926,0,0
1618.773006376,1,0
1618.902427694,1,1
1618.902429050,0,1
1619.031850366,0,0
1619.031851568,1,0
1619.161272070,1,1
1619.161274178,0,1
1619.290695744,0,0
1619.290696694,1,0
1619.420117386,1,1
1619.420119306,0,1
1619.549540184,0,0
1619.549541884,1,0
1619.678962762,1,1
1619.678964496,0,1
1619.808386498,0,0
1619.808387014,1,0
1619.937808202,1,1
1619.937809624,0,1
1620.067231938,0,0
1620.067232202,1,0
1620.196621580,1,1
1620.196624814,0,1
1620.326044252,0,0
1620.326047330,1,0
1620.455468956,1,1
1620.455470002,0,1
1620.584890692,0,0
1620.584892522,1,0
1620.714314334,1,1
1620.714315132,0,1
1620.843766068,0,0
1620.843768648,1,0
1620.973189712,1,1
1620.973191260,0,1
1621.102641446,0,0
1621.102643836,1,0
1621.232065086,1,1
1621.232066384,0,1
1621.361487760,0,0
1621.361489028,1,0
1621.490909464,1,1
1621.490911576,0,1
1621.620332198,0,0
1621.620334090,1,0
1621.749754840,1,1
1621.749756700,0,1
1621.879208576,0,0
1621.879210280,1,0
1622.008631216,1,1
1622.008632828,0,1
1622.138054952,0,0
1622.138055470,1,0
1622.267476654,1,1
1622.267478082,0,1
1622.396898702,0,0
1622.396900596,1,0
1622.526290968,1,1
1622.526293146,0,1
1622.655683142,0,0
1622.655684722,1,0
1622.785106408,1,1
1622.785107334,0,1
1622.914527080,0,0
1622.914529850,1,0
1623.043950346,1,1
1623.043952522,0,1
1623.173374456,0,0
1623.173375038,1,0
1623.302795784,1,1
1623.302797586,0,1
1623.432219832,0,0
1623.432221166,1,0
1623.561641286,1,1
1623.561643838,0,1
1623.691065206,0,0
1623.691066354,1,0
1623.820486724,1,1
1623.820488964,0,1
1623.949909522,0,0
1623.949911480,1,0
1624.079332224,1,1
1624.079334028,0,1
1624.208756020,0,0
1624.208756670,1,0
1624.338177664,1,1
1624.338179278,0,1
1624.467569398,0,0
1624.467570796,1,0
1624.597020974,1,1
1624.597024404,0,1
1624.726415398,0,0
1624.726416984,1,0
1624.855838164,1,1
1624.855839594,0,1
1624.985260084,0,0
1624.985262172,1,0
1625.114681790,1,1
1625.114684658,0,1
1625.244105522,0,0
1625.244107360,1,0
1625.373527164,1,1
1625.373529908,0,1
1625.502950836,0,0
1625.502952486,1,0
1625.632372476,1,1
1625.632375032,0,1
1625.761796272,0,0
1625.761797610,1,0
1625.891186914,1,1
1625.891189158,0,1
1626.020609586,0,0
1626.020611736,1,0
1626.150033352,1,1
1626.150035346,0,1
1626.279457022,0,0
1626.279457924,1,0
1626.408877664,1,1
1626.408880472,0,1
1626.538302336,0,0
1626.538303050,1,0
1626.667693102,1,1
1626.667694660,0,1
1626.797115772,0,0
1626.797117238,1,0
1626.926538476,1,1
1626.926539784,0,1
1627.055962084,0,0
1627.055962364,1,0
1627.185383852,1,1
1627.185384910,0,1
1627.314837584,0,0
1627.314838486,1,0
1627.444258162,1,1
1627.444261160,0,1
1627.573680896,0,0
1627.573683674,1,0
1627.703103538,1,1
1627.703106222,0,1
1627.832526208,0,0
1627.832528798,1,0
1627.961949974,1,1
1627.961951470,0,1
1628.091372644,0,0
1628.091373986,1,0
1628.220795286,1,1
1628.220796534,0,1
1628.350215956,0,0
1628.350219110,1,0
1628.479639722,1,1
1628.479641656,0,1
1628.609063394,0,0
1628.609064296,1,0
1628.738486096,1,1
1628.738487908,0,1
1628.867907768,0,0
1628.867910360,1,0
1628.997331408,1,1
1628.997332968,0,1
1629.126754204,0,0
1629.126755546,1,0
1629.256176844,1,1
1629.256178154,0,1
1629.385599516,0,0
1629.385600670,1,0
1629.515021156,1,1
1629.515023278,0,1
1629.644473890,0,0
1629.644475858,1,0
1629.773896592,1,1
1629.773898404,0,1
1629.903319324,0,0
1629.903321042,1,0
1630.032742904,1,1
1630.032744590,0,1
1630.162164636,0,0
1630.162167166,1,0
1630.291588338,1,1
1630.291589712,0,1
1630.420979072,0,0
1630.420981414,1,0
1630.550401712,1,1
1630.550403898,0,1
1630.679824382,0,0
1630.679826476,1,0
1630.809247148,1,1
1630.809249086,0,1
1630.938640818,0,0
1630.938641598,1,0
1631.068062458,1,1
1631.068064210,0,1
1631.197484130,0,0
1631.197486786,1,0
1631.326906894,1,1
1631.326909332,0,1
1631.456331566,0,0
1631.456331970,1,0
1631.585753204,1,1
1631.585754516,0,1
1631.715145938,0,0
1631.715147032,1,0
1631.844566578,1,1
1631.844569640,0,1
1631.973990310,0,0
1631.973992218,1,0
1632.103412952,1,1
1632.103414826,0,1
1632.232804684,0,0
1632.232806404,1,0
1632.362198324,1,1
1632.362198950,0,1
1632.491619996,0,0
1632.491621526,1,0
1632.621042760,1,1
1632.621044134,0,1
1632.750464430,0,0
1632.750466712,1,0
1632.879887070,1,1
1632.879889256,0,1
1633.009310802,0,0
1633.009311834,1,0
1633.138701442,1,1
1633.138704444,0,1
1633.268124174,0,0
1633.268126958,1,0
1633.397547814,1,1
1633.397549566,0,1
1633.526970548,0,0
1633.526972080,1,0
1633.656361188,1,1
1633.656363750,0,1
1633.785785920,0,0
1633.785786264,1,0
1633.915206560,1,1
1633.915208874,0,1
1634.044629292,0,0
1634.044631450,1,0
1634.174021932,1,1
1634.174024058,0,1
1634.303413726,0,0
1634.303415572,1,0
1634.432806366,1,1
1634.432808182,0,1
1634.562229038,0,0
1634.562230694,1,0
1634.691651800,1,1
1634.691653302,0,1
1634.821105472,0,0
1634.821106880,1,0
1634.950527110,1,1
1634.950529550,0,1
1635.079949780,0,0
1635.079952062,1,0
1635.209373482,1,1
1635.209374608,0,1
1635.338796152,0,0
1635.338797186,1,0
1635.468218916,1,1
1635.468219732,0,1
1635.597669588,0,0
1635.597672308,1,0
1635.727094226,1,1
1635.727095916,0,1
1635.856517958,0,0
1635.856518492,1,0
1635.985939598,1,1
1635.985941036,0,1
1636.115362266,0,0
1636.115363612,1,0
1636.244784032,1,1
1636.244786222,0,1
1636.374207702,0,0
1636.374208798,1,0
1636.503630340,1,1
1636.503631342,0,1
1636.633053072,0,0
1636.633053918,1,0
1636.762443712,1,1
1636.762445526,0,1
1636.891865444,0,0
1636.891868104,1,0
1637.021258146,1,1
1637.021260648,0,1
1637.150681816,0,0
1637.150683288,1,0
1637.280103518,1,1
1637.280105832,0,1
1637.409527186,0,0
1637.409528344,1,0
1637.538919890,1,1
1637.538920952,0,1
1637.668310558,0,0
1637.668312530,1,0
1637.797732260,1,1
1637.797735074,0,1
1637.927155992,0,0
1637.927157650,1,0
1638.056578630,1,1
1638.056580256,0,1
1638.186001300,0,0
1638.186002834,1,0
1638.315423002,1,1
1638.315425442,0,1
1638.444845734,0,0
1638.444847892,1,0
1638.574269372,1,1
1638.574271562,0,1
1638.703694074,1,1
1638.703694104,1,0
1638.833114742,1,1
1638.833116684,0,1
1638.962537412,0,0
1638.962539196,1,0
1639.091930112,1,1
1639.091930928,0,1
1639.221352844,0,0
1639.221353378,1,0
1639.350804484,1,1
1639.350806986,0,1
1639.480197216,0,0
1639.480198500,1,0
1639.609590854,1,1
1639.609591170,0,1
1639.739011522,0,0
1639.739013746,1,0
1639.868434162,1,1
1639.868436290,0,1
1639.997856956,0,0
1639.997858864,1,0
1640.127250594,1,1
1640.127251472,0,1
1640.256642326,0,0
1640.256643046,1,0
1640.386062966,1,1
1640.386065592,0,1
1640.515485696,0,0
1640.515488106,1,0
1640.644909398,1,1
1640.644910712,0,1
1640.774332066,0,0
1640.774333288,1,0
1640.903752706,1,1
1640.903755958,0,1
1641.033176436,0,0
1641.033178470,1,0
1641.162599076,1,1
1641.162601016,0,1
1641.292021806,0,0
1641.292023590,1,0
1641.421445508,1,1
1641.421447136,0,1
1641.550867176,0,0
1641.550869774,1,0
1641.680290878,1,1
1641.680292380,0,1
1641.809713546,0,0
1641.809714892,1,0
1641.939136246,1,1
1641.939137436,0,1
1642.068587914,0,0
1642.068590012,1,0
1642.197979616,1,1
1642.197982620,0,1
1642.327403286,0,0
1642.327405194,1,0
1642.456827800,0,0
1642.456827924,0,1
1642.586249718,0,0
1642.586250312,1,0
1642.715672356,1,1
1642.715672920,0,1
1642.845124086,0,0
1642.845126496,1,0
1642.974547724,1,1
1642.974549038,0,1
1643.103970394,0,0
1643.103971616,1,0
1643.233393032,1,1
1643.233394160,0,1
1643.362815826,0,0
1643.362816736,1,0
1643.492238464,1,1
1643.492239404,0,1
1643.621660132,0,0
1643.621661916,1,0
1643.751082832,1,1
1643.751084522,0,1
1643.880505564,0,0
1643.880507036,1,0
1644.009928202,1,1
1644.009929704,0,1
1644.139319870,0,0
1644.139322218,1,0
1644.268742570,1,1
1644.268744824,0,1
1644.398165302,0,0
1644.398167396,1,0
1644.527588938,1,1
1644.527590002,0,1
1644.657009670,0,0
1644.657012516,1,0
1644.786433308,1,1
1644.786435122,0,1
1644.915855038,0,0
1644.915857634,1,0
1645.045277738,1,1
1645.045280304,0,1
1645.174701408,0,0
1645.174702816,1,0
1645.304124044,1,1
1645.304125422,0,1
1645.433546712,0,0
1645.433547934,1,0
1645.563000414,1,1
1645.563001478,0,1
1645.692422144,0,0
1645.692424052,1,0
1645.821843782,1,1
1645.821846720,0,1
1645.951267512,0,0
1645.951269234,1,0
1646.080659212,1,1
1646.080660778,0,1
1646.210081880,0,0
1646.210083478,1,0
1646.339504580,1,1
1646.339506020,0,1
1646.468928248,0,0
1646.468928532,1,0
1646.598347948,1,1
1646.598351076,0,1
1646.727773678,0,0
1646.727774652,1,0
1646.857196316,1,1
1646.857197320,0,1
1646.986618984,0,0
1646.986619830,1,0
1647.116039684,1,1
1647.116042374,0,1
1647.245463414,0,0
1647.245464948,1,0
1647.374887114,1,1
1647.374887556,0,1
1647.504308782,0,0
1647.504310192,1,0
1647.633730356,1,1
1647.633732734,0,1
1647.763155086,0,0
1647.763155246,1,0
1647.892575788,1,1
1647.892577852,0,1
1648.021998454,0,0
1648.022000428,1,0
1648.151452218,1,1
1648.151454032,0,1
1648.280873884,0,0
1648.280876544,1,0
1648.410296522,1,1
1648.410299150,0,1
1648.539720190,0,0
1648.539721662,1,0
1648.669110952,1,1
1648.669113332,0,1
1648.798533620,0,0
1648.798535842,1,0
1648.927957256,1,1
1648.927958448,0,1
1649.057379986,0,0
1649.057380958,1,0
1649.186801686,1,1
1649.186803626,0,1
1649.316254418,0,0
1649.316257200,1,0
1649.445678054,1,1
1649.445679744,0,1
1649.575100720,0,0
1649.575102320,1,0
1649.704524358,1,1
1649.704524862,0,1
1649.833946088,0,0
1649.833947374,1,0
1649.963338788,1,1
1649.963340042,0,1
1650.092761392,0,0
1650.092762554,1,0
1650.222153154,1,1
1650.222154220,0,1
1650.351605822,0,0
1650.351607796,1,0
1650.481029522,1,1
1650.481030338,0,1
1650.610452190,0,0
1650.610452848,1,0
1650.739873888,1,1
1650.739875456,0,1
1650.869296618,0,0
1650.869297966,1,0
1650.998719256,1,1
1650.998720572,0,1
1651.128142986,0,0
1651.128143146,1,0
1651.257564622,1,1
1651.257565752,0,1
1651.386986352,0,0
1651.386988264,1,0
1651.516407988,1,1
1651.516410930,0,1
1651.645831718,0,0
1651.645833504,1,0
1651.775254356,1,1
1651.775256046,0,1
1651.904707086,0,0
1651.904709620,1,0
1652.034100784,1,1
1652.034102164,0,1
1652.163522452,0,0
1652.163524738,1,0
1652.292945088,1,1
1652.292947342,0,1
1652.422336818,0,0
1652.422338854,1,0
1652.551729454,1,1
1652.551731458,0,1
1652.681152122,0,0
1652.681154034,1,0
1652.810574822,1,1
1652.810576576,0,1
1652.939997552,0,0
1652.939999148,1,0
1653.069449250,1,1
1653.069451754,0,1
1653.198872918,0,0
1653.198874328,1,0
1653.328295554,1,1
1653.328296932,0,1
1653.457719220,0,0
1653.457720382,1,0
1653.587109982,1,1
1653.587112048,0,1
1653.716532648,0,0
1653.716534622,1,0
1653.845955348,1,1
1653.845957228,0,1
1653.975379014,0,0
1653.975379676,1,0
1654.104801714,1,1
1654.104802280,0,1
1654.234223380,0,0
1654.234224916,1,0
1654.363615016,1,1
1654.363617460,0,1
1654.493007810,0,0
1654.493009094,1,0
1654.622429384,1,1
1654.622431638,0,1
1654.751852112,0,0
1654.751854210,1,0
1654.881276812,1,1
1654.881277752,0,1
1655.010699540,0,0
1655.010700324,1,0
1655.140121178,1,1
1655.140122930,0,1
1655.269511844,0,0
1655.269514440,1,0
1655.398935542,1,1
1655.398937108,0,1
1655.528359272,0,0
1655.528359620,1,0
1655.657779908,1,1
1655.657782160,0,1
1655.787173636,0,0
1655.787174734,1,0
1655.916595336,1,1
1655.916597338,0,1
1656.046018002,0,0
1656.046019912,1,0
1656.175440638,1,1
1656.175442516,0,1
1656.304863368,0,0
1656.304865026,1,0
1656.434286066,1,1
1656.434287632,0,1
1656.563738732,0,0
1656.563741140,1,0
1656.693161430,1,1
1656.693163808,0,1
1656.822614098,0,0
1656.822616382,1,0
1656.952006734,1,1
1656.952008924,0,1
1657.081429524,0,0
1657.081431434,1,0
1657.210853162,1,1
1657.210854100,0,1
1657.340274828,0,0
1657.340276610,1,0
1657.469697464,1,1
1657.469699216,0,1
1657.599118880,0,0
1657.599121726,1,0
1657.728512892,1,1
1657.728514394,0,1
1657.857936558,0,0
1657.857936904,1,0
1657.987358194,1,1
1657.987359508,0,1
1658.116780984,0,0
1658.116782018,1,0
1658.246203622,1,1
1658.246204622,0,1
1658.375656350,0,0
1658.375657194,1,0
1658.505079048,1,1
1658.505079736,0,1
1658.634499652,0,0
1658.634502310,1,0
1658.763923352,1,1
1658.763924914,0,1
1658.893347266,0,0
1658.893348424,1,0
1659.022737716,1,1
1659.022740028,0,1
1659.152161194,0,0
1659.152162600,1,0
1659.281583080,1,1
1659.281585142,0,1
1659.411004746,0,0
1659.411007776,1,0
1659.540427444,1,1
1659.540430318,0,1
1659.669851110,0,0
1659.669852890,1,0
1659.799273872,1,1
1659.799275434,0,1
1659.928695538,0,0
1659.928698006,1,0
1660.058118172,1,1
1660.058120610,0,1
1660.187540902,0,0
1660.187543182,1,0
1660.316994536,1,1
1660.316996786,0,1
1660.446417328,0,0
1660.446419294,1,0
1660.575839964,1,1
1660.575841898,0,1
1660.705262630,0,0
1660.705264410,1,0
1660.834685328,1,1
1660.834687076,0,1
1660.964078994,0,0
1660.964079586,1,0
1661.093530692,1,1
1661.093532190,0,1
1661.222953420,0,0
1661.222954698,1,0
1661.352435994,1,1
1661.352438306,0,1
1661.481830722,0,0
1661.481830876,1,0
1661.611252420,1,1
1661.611253478,0,1
1661.740675024,0,0
1661.740675990,1,0
1661.870096784,1,1
1661.870098594,0,1
1661.999519450,0,0
1661.999521102,1,0
1662.128943148,1,1
1662.128943768,0,1
1662.258365812,0,0
1662.258366278,1,0
1662.387786574,1,1
1662.387788884,0,1
1662.517210238,0,0
1662.517211456,1,0
1662.646632876,1,1
1662.646633996,0,1
1662.776025540,0,0
1662.776026632,1,0
1662.905417300,1,1
1662.905419172,0,1
1663.034839904,0,0
1663.034841744,1,0
1663.164261602,1,1
1663.164264348,0,1
1663.293685330,0,0
1663.293686858,1,0
1663.423075966,1,1
1663.423078462,0,1
1663.552499694,0,0
1663.552501034,1,0
1663.681891328,1,1
1663.681893574,0,1
1663.811314058,0,0
1663.811316210,1,0
1663.940737692,1,1
1663.940738750,0,1
1664.070189420,0,0
1664.070191320,1,0
1664.199582118,1,1
1664.199583862,0,1
1664.329003784,0,0
1664.329006436,1,0
1664.458427420,1,1
1664.458429038,0,1
1664.587850148,0,0
1664.587851548,1,0
1664.717272846,1,1
1664.717274150,0,1
1664.846725574,0,0
1664.846727724,1,0
1664.976149208,1,1
1664.976150326,0,1
1665.105571874,0,0
1665.105572836,1,0
1665.234993572,1,1
1665.234995502,0,1
1665.364416236,0,0
1665.364418012,1,0
1665.493808936,1,1
1665.493809552,0,1
1665.623232600,0,0
1665.623233188,1,0
1665.752655236,1,1
1665.752655728,0,1
1665.882076964,0,0
1665.882078300,1,0
1666.011500662,1,1
1666.011500840,0,1
1666.140921388,0,0
1666.140923474,1,0
1666.270345024,1,1
1666.270346016,0,1
1666.399767690,0,0
1666.399768526,1,0
1666.529189386,1,1
1666.529191190,0,1
1666.658580114,0,0
1666.658582700,1,0
1666.787972750,1,1
1666.787975302,0,1
1666.917396478,0,0
1666.917397874,1,0
1667.046819112,1,1
1667.046820478,0,1
1667.176271840,0,0
1667.176273986,1,0
1667.305695476,1,1
1667.305696590,0,1
1667.435087204,0,0
1667.435088098,1,0
1667.564508900,1,1
1667.564510704,0,1
1667.693931566,0,0
1667.693933338,1,0
1667.823354202,1,1
1667.823355878,0,1
1667.952776928,0,0
1667.952778386,1,0
1668.082199566,1,1
1668.082200990,0,1
1668.211621230,0,0
1668.211623560,1,0
1668.341045988,1,1
1668.341047166,0,1
1668.470468654,0,0
1668.470469736,1,0
1668.599919288,1,1
1668.599922278,0,1
1668.729314080,0,0
1668.729314786,1,0
1668.858735714,1,1
1668.858737450,0,1
1668.988157380,0,0
1668.988159962,1,0
1669.117582076,1,1
1669.117582564,0,1
1669.247003804,0,0
1669.247005134,1,0
1669.376426438,1,1
1669.376427800,0,1
1669.505849104,0,0
1669.505850310,1,0
1669.635270802,1,1
1669.635272850,0,1
1669.764694528,0,0
1669.764695358,1,0
1669.894116162,1,1
1669.894117962,0,1
1670.023539828,0,0
1670.023540594,1,0
1670.152960526,1,1
1670.152963136,0,1
1670.282383252,0,0
1670.282385646,1,0
1670.411775888,1,1
1670.411778310,0,1
1670.541198616,0,0
1670.541200880,1,0
1670.670590250,1,1
1670.670592358,0,1
1670.800012976,0,0
1670.800014992,1,0
1670.929435612,1,1
1670.929437534,0,1
1671.058858338,0,0
1671.058860104,1,0
1671.188283036,1,1
1671.188283708,0,1
1671.317733702,0,0
1671.317736216,1,0
1671.447155398,1,1
1671.447158820,0,1
1671.576579062,0,0
1671.576581390,1,0
1671.706001698,1,1
1671.706003992,0,1
1671.835424362,0,0
1671.835426564,1,0
1671.964818122,1,1
1671.964819104,0,1
1672.094269786,0,0
1672.094271614,1,0
1672.223692420,1,1
1672.223694278,0,1
1672.353116148,0,0
1672.353116850,1,0
1672.482539846,1,1
1672.482540328,0,1
1672.611929510,0,0
1672.611931960,1,0
1672.741323208,1,1
1672.741324502,0,1
1672.870745934,0,0
1672.870747072,1,0
1673.000168568,1,1
1673.000169674,0,1
1673.129591232,0,0
1673.129592246,1,0
1673.258982930,1,1
1673.258983786,0,1
1673.388404594,0,0
1673.388406356,1,0
1673.517858290,1,1
1673.517859960,0,1
1673.647249956,0,0
1673.647251530,1,0
1673.776671716,1,1
1673.776674070,0,1
1673.906095378,0,0
1673.906097640,1,0
1674.035519014,1,1
1674.035520244,0,1
1674.164940740,0,0
1674.164942816,1,0
1674.294363376,1,1
1674.294365354,0,1
1674.423785102,0,0
1674.423787926,1,0
1674.553207738,1,1
1674.553210464,0,1
1674.682630402,0,0
1674.682633100,1,0
1674.812054098,1,1
1674.812055700,0,1
1674.941476824,0,0
1674.941478272,1,0
1675.070867458,1,1
1675.070869812,0,1
1675.200260248,0,0
1675.200262320,1,0
1675.329652882,1,1
1675.329654986,0,1
1675.459075484,0,0
1675.459077494,1,0
1675.588498182,1,1
1675.588500096,0,1
1675.717921970,0,0
1675.717922604,1,0
1675.847372604,1,1
1675.847375268,0,1
1675.976796268,0,0
1675.976797776,1,0
1676.106218966,1,1
1676.106220380,0,1
1676.235641628,0,0
1676.235642888,1,0
1676.365063388,1,1
1676.365065490,0,1
1676.494487052,0,0
1676.494487998,1,0
1676.623910686,1,1
1676.623911598,0,1
1676.753333414,0,0
1676.753334234,1,0
1676.882755046,1,1
1676.882756772,0,1
1677.012177776,0,0
1677.012179344,1,0
1677.141600408,1,1
1677.141601882,0,1
1677.271023134,0,0
1677.271024454,1,0
1677.400445768,1,1
1677.400447054,0,1
1677.529868432,0,0
1677.529869626,1,0
1677.659290128,1,1
1677.659292228,0,1
1677.788712856,0,0
1677.788714672,1,0
1677.918135488,1,1
1677.918137338,0,1
1678.047558214,0,0
1678.047559908,1,0
1678.176979912,1,1
1678.176982448,0,1
1678.306372576,0,0
1678.306375018,1,0
1678.435764272,1,1
1678.435766620,0,1
1678.565217998,0,0
1678.565220190,1,0
1678.694639632,1,1
1678.694642730,0,1
1678.824063296,0,0
1678.824065300,1,0
1678.953485992,1,1
1678.953487902,0,1
1679.082877656,0,0
1679.082879410,1,0
1679.212300352,1,1
1679.212302010,0,1
1679.341724018,0,0
1679.341725644,1,0
1679.471146712,1,1
1679.471148184,0,1
1679.600598376,0,0
1679.600600754,1,0
1679.729992072,1,1
1679.729993294,0,1
1679.859413736,0,0
1679.859415926,1,0
1679.988837432,1,1
1679.988838466,0,1
1680.118259096,0,0
1680.118261036,1,0
1680.247682854,1,1
1680.247683574,0,1
1680.377105518,0,0
1680.377106144,1,0
1680.506527150,1,1
1680.506528748,0,1
1680.635948878,0,0
1680.635951318,1,0
1680.765372572,1,1
1680.765373856,0,1
1680.894795236,0,0
1680.894796426,1,0
1681.024217870,1,1
1681.024218964,0,1
1681.153609532,0,0
1681.153611536,1,0
1681.283033230,1,1
1681.283034136,0,1
1681.412454956,0,0
1681.412456706,1,0
1681.541877590,1,1
1681.541879306,0,1
1681.671269376,0,0
1681.671270814,1,0
1681.800692010,1,1
1681.800693416,0,1
1681.930113674,0,0
1681.930115986,1,0
1682.059537370,1,1
1682.059539526,0,1
1682.188961034,0,0
1682.188962158,1,0
1682.318412728,1,1
1682.318414696,0,1
1682.447834454,0,0
1682.447837266,1,0
1682.577258086,1,1
1682.577259804,0,1
1682.706679814,0,0
1682.706682436,1,0
1682.836103508,1,1
1682.836104974,0,1
1682.965495172,0,0
1682.965497546,1,0
1683.094947804,1,1
1683.094950084,0,1
1683.224371532,0,0
1683.224372654,1,0
1683.353795164,1,1
1683.353796254,0,1
1683.483217826,0,0
1683.483218824,1,0
1683.612608522,1,1
1683.612610362,0,1
1683.742031250,0,0
1683.742032934,1,0
1683.871453882,1,1
1683.871455534,0,1
1684.000877606,0,0
1684.000878104,1,0
1684.130299302,1,1
1684.130300642,0,1
1684.259721966,0,0
1684.259723274,1,0
1684.389143598,1,1
1684.389145812,0,1
1684.518567322,0,0
1684.518568380,1,0
1684.647990018,1,1
1684.647990920,0,1
1684.777381682,0,0
1684.777383552,1,0
1684.906804376,1,1
1684.906806090,0,1
1685.036258040,0,0
1685.036259658,1,0
1685.165680796,1,1
1685.165682198,0,1
1685.295103460,0,0
1685.295104768,1,0
1685.424525092,1,1
1685.424527304,0,1
1685.553947756,0,0
1685.553949936,1,0
1685.683371388,1,1
1685.683372536,0,1
1685.812823114,0,0
1685.812825106,1,0
1685.942216870,1,1
1685.942217646,0,1
1686.071669534,0,0
1686.071671152,1,0
1686.201060104,1,1
1686.201062814,0,1
1686.330483828,0,0
1686.330485322,1,0
1686.459906524,1,1
1686.459907922,0,1
1686.589329248,0,0
1686.589330490,1,0
1686.718721880,1,1
1686.718723030,0,1
1686.848142606,0,0
1686.848145598,1,0
1686.977567300,1,1
1686.977568200,0,1
1687.106988964,0,0
1687.106990768,1,0
1687.236411596,1,1
1687.236413306,0,1
1687.365834322,0,0
1687.365835936,1,0
1687.495226016,1,1
1687.495228476,0,1
1687.624649678,0,0
1687.624651044,1,0
1687.754072310,1,1
1687.754073646,0,1
1687.883495098,0,0
1687.883496152,1,0
1688.012916730,1,1
1688.012918690,0,1
1688.142339392,0,0
1688.142341320,1,0
1688.271762024,1,1
1688.271763858,0,1
1688.401185750,0,0
1688.401186426,1,0
1688.530606444,1,1
1688.530609028,0,1
1688.659998106,0,0
1688.660000596,1,0
1688.789390800,1,1
1688.789393134,0,1
1688.918813462,0,0
1688.918815702,1,0
1689.048237158,1,1
1689.048238302,0,1
1689.177658820,0,0
1689.177660810,1,0
1689.307081514,1,1
1689.307083410,0,1
1689.436504240,0,0
1689.436505916,1,0
1689.565957872,1,1
1689.565959516,0,1
1689.695379596,0,0
1689.695382146,1,0
1689.824771290,1,1
1689.824773684,0,1
1689.954193952,0,0
1689.954196190,1,0
1690.083617584,1,1
1690.083618790,0,1
1690.213040248,0,0
1690.213042358,1,0
1690.342491940,1,1
1690.342494958,0,1
1690.471976666,0,0
1690.471978528,1,0
1690.601398296,1,1
1690.601401126,0,1
1690.730792958,0,0
1690.730793696,1,0
1690.860213654,1,1
1690.860216170,0,1
1690.989636378,0,0
1690.989638738,1,0
1691.119060010,1,1
1691.119061400,0,1
1691.248450734,0,0
1691.248452906,1,0
1691.377844366,1,1
1691.377845570,0,1
1691.507267090,0,0
1691.507268074,1,0
1691.636688784,1,1
1691.636690612,0,1
1691.766111446,0,0
1691.766113182,1,0
1691.895504078,1,1
1691.895505842,0,1
1692.024926802,0,0
1692.024928350,1,0
1692.154348496,1,1
1692.154350948,0,1
1692.283771222,0,0
1692.283773454,1,0
1692.413194790,1,1
1692.413196054,0,1
1692.542616514,0,0
1692.542618622,1,0
1692.672009208,1,1
1692.672010160,0,1
1692.801400996,0,0
1692.801402728,1,0
1692.930823690,1,1
1692.930825328,0,1
1693.060247226,0,0
1693.060247834,1,0
1693.189669168,1,1
1693.189670496,0,1
1693.319121394,0,0
1693.319124064,1,0
1693.448544088,1,1
1693.448546600,0,1
1693.577966874,0,0
1693.577969168,1,0
1693.707389568,1,1
1693.707391706,0,1
1693.836782854,0,0
1693.836783272,1,0
1693.966173986,1,1
1693.966175810,0,1
1694.095625710,0,0
1694.095628442,1,0
1694.225049966,1,1
1694.225050978,0,1
1694.354474064,0,0
1694.354474544,1,0
1694.483894760,1,1
1694.483897144,0,1
1694.613286420,0,0
1694.613288650,1,0
1694.742710052,1,1
1694.742711248,0,1
1694.872131712,0,0
1694.872133816,1,0
1695.001554408,1,1
1695.001556416,0,1
1695.130977130,0,0
1695.130978922,1,0
1695.260431824,1,1
1695.260432520,0,1
1695.389853486,0,0
1695.389855026,1,0
1695.519276118,1,1
1695.519277688,0,1
1695.648698840,0,0
1695.648700194,1,0
1695.778120536,1,1
1695.778122792,0,1
1695.907513198,0,0
1695.907515298,1,0
1696.036935890,1,1
1696.036937960,0,1
1696.166359614,0,0
1696.166360466,1,0
1696.295781246,1,1
1696.295783066,0,1
1696.425203968,0,0
1696.425205570,1,0
1696.554626600,1,1
1696.554628232,0,1
1696.684050324,0,0
1696.684050736,1,0
1696.813501892,1,1
1696.813503336,0,1
1696.942923678,0,0
1696.942925904,1,0
1697.072347310,1,1
1697.072349440,0,1
1697.201770034,0,0
1697.201771948,1,0
1697.331160666,1,1
1697.331163608,0,1
1697.460585388,0,0
1697.460586112,1,0
1697.590008020,1,1
1697.590008710,0,1
1697.719429680,0,0
1697.719431280,1,0
1697.848882374,1,1
1697.848884814,0,1
1697.978306034,0,0
1697.978307384,1,0
1698.107727790,1,1
1698.107729982,0,1
1698.237150452,0,0
1698.237152488,1,0
1698.366573082,1,1
1698.366575086,0,1
1698.495965868,0,0
1698.495967654,1,0
1698.625388498,1,1
1698.625390252,0,1
1698.754811162,0,0
1698.754812820,1,0
1698.884232792,1,1
1698.884235358,0,1
1699.013655452,0,0
1699.013657924,1,0
1699.143078208,1,1
1699.143080524,0,1
1699.272501868,0,0
1699.272503090,1,0
1699.401923498,1,1
1699.401925626,0,1
1699.531346162,0,0
1699.531348194,1,0
1699.660737916,1,1
1699.660739792,0,1
1699.790130578,0,0
1699.790132360,1,0
1699.919553270,1,1
1699.919554960,0,1
1700.048975994,0,0
1700.048977464,1,0
1700.178398624,1,1
1700.178400002,0,1
1700.307821286,0,0
1700.307822568,1,0
1700.437243978,1,1
1700.437245166,0,1
1700.566665702,0,0
1700.566667734,1,0
1700.696088394,1,1
1700.696090332,0,1
1700.825510992,0,0
1700.825512838,1,0
1700.954933686,1,1
1700.954935436,0,1
1701.084357408,0,0
1701.084359002,1,0
1701.213780040,1,1
1701.213781600,0,1
1701.343231762,0,0
1701.343234106,1,0
1701.472625392,1,1
1701.472626706,0,1
1701.602047116,0,0
1701.602049272,1,0
1701.731470746,1,1
1701.731471870,0,1
1701.860892470,0,0
1701.860894374,1,0
1701.990314100,1,1
1701.990316972,0,1
1702.119737762,0,0
1702.119739540,1,0
1702.249129516,1,1
1702.249131138,0,1
1702.378522178,0,0
1702.378523706,1,0
1702.507944808,1,1
1702.507946242,0,1
1702.637366532,0,0
1702.637368808,1,0
1702.766789162,1,1
1702.766791344,0,1
1702.896181886,0,0
1702.896183912,1,0
1703.025573578,1,1
1703.025575510,0,1
1703.154966238,0,0
1703.154968078,1,0
1703.284388930,1,1
1703.284390676,0,1
1703.413811592,0,0
1703.413813180,1,0
1703.543234284,1,1
1703.543235716,0,1
1703.672656946,0,0
1703.672658344,1,0
1703.802078702,1,1
1703.802080944,0,1
1703.931501300,0,0
1703.931503450,1,0
1704.060924992,1,1
1704.060926048,0,1
1704.190347652,0,0
1704.190348550,1,0
1704.319769344,1,1
1704.319771212,0,1
1704.449191068,0,0
1704.449193714,1,0
1704.578614698,1,1
1704.578616316,0,1
1704.708037422,0,0
1704.708038818,1,0
1704.837460052,1,1
1704.837461478,0,1
1704.966882710,0,0
1704.966883984,1,0
1705.096335404,1,1
1705.096337582,0,1
1705.225758128,0,0
1705.225760086,1,0
1705.355181758,1,1
1705.355182684,0,1
1705.484602482,0,0
1705.484605252,1,0
1705.614026110,1,1
1705.614027850,0,1
1705.743418834,0,0
1705.743420354,1,0
1705.872871464,1,1
1705.872872950,0,1
1706.002294186,0,0
1706.002295520,1,0
1706.131686818,1,1
1706.131688118,0,1
1706.261109540,0,0
1706.261110620,1,0
1706.390531170,1,1
1706.390533218,0,1
1706.519953892,0,0
1706.519955786,1,0
1706.649376522,1,1
1706.649378384,0,1
1706.778798246,0,0
1706.778800888,1,0
1706.908190938,1,1
1706.908193424,0,1
1707.037582662,0,0
1707.037585052,1,0
1707.167005292,1,1
1707.167007588,0,1
1707.296428014,0,0
1707.296430154,1,0
1707.425850644,1,1
1707.425852690,0,1
1707.555274304,0,0
1707.555275256,1,0
1707.684696996,1,1
1707.684697856,0,1
1707.814149720,0,0
1707.814151422,1,0
1707.943572350,1,1
1707.943574020,0,1
1708.072994012,0,0
1708.072996524,1,0
1708.202417640,1,1
1708.202419122,0,1
1708.331810426,0,0
1708.331811690,1,0
1708.461233056,1,1
1708.461234224,0,1
1708.590655718,0,0
1708.590656792,1,0
1708.720077346,1,1
1708.720079388,0,1
1708.849500132,0,0
1708.849501954,1,0
1708.978923762,1,1
1708.978924490,0,1
1709.108345484,0,0
1709.108347058,1,0
1709.237767116,1,1
1709.237769656,0,1
1709.367190774,0,0
1709.367192222,1,0
1709.496613530,1,1
1709.496614756,0,1
1709.626036252,0,0
1709.626037324,1,0
1709.755458822,1,1
1709.755459858,0,1
1709.884880542,0,0
1709.884882488,1,0
1710.014303234,1,1
1710.014305024,0,1
1710.143725896,0,0
1710.143727590,1,0
1710.273148588,1,1
1710.273150126,0,1
1710.402571248,0,0
1710.402572692,1,0
1710.531992878,1,1
1710.531995352,0,1
1710.661415602,0,0
1710.661417856,1,0
1710.790838292,1,1
1710.790841392,0,1
1710.920262016,0,0
1710.920263958,1,0
1711.049684646,1,1
1711.049686618,0,1
1711.179107368,0,0
1711.179109122,1,0
1711.308529996,1,1
1711.308531658,0,1
1711.437922720,0,0
1711.437923286,1,0
1711.567344350,1,1
1711.567345884,0,1
1711.696767072,0,0
1711.696768386,1,0
1711.826189702,1,1
1711.826190984,0,1
1711.955612424,0,0
1711.955613490,1,0
1712.085036116,1,1
1712.085037150,0,1
1712.214457778,0,0
1712.214459652,1,0
1712.343910470,1,1
1712.343912250,0,1
1712.473333130,0,0
1712.473334754,1,0
1712.602756820,1,1
1712.602757352,0,1
1712.732178482,0,0
1712.732179918,1,0
1712.861601112,1,1
1712.861602518,0,1
1712.990992896,0,0
1712.990995020,1,0
1713.120416526,1,1
1713.120417554,0,1
1713.249838186,0,0
1713.249840182,1,0
1713.379261878,1,1
1713.379262782,0,1
1713.508653538,0,0
1713.508655284,1,0
1713.638075168,1,1
1713.638077884,0,1
1713.767498890,0,0
1713.767500386,1,0
1713.896921582,1,1
1713.896922984,0,1
1714.026312242,0,0
1714.026314550,1,0
1714.155704934,1,1
1714.155707146,0,1
1714.285127594,0,0
1714.285129714,1,0
1714.414550286,1,1
1714.414552250,0,1
1714.543972946,0,0
1714.543974814,1,0
1714.673395700,1,1
1714.673397412,0,1
1714.802819360,0,0
1714.802819914,1,0
1714.932240990,1,1
1714.932242514,0,1
1715.061695712,0,0
1715.061696078,1,0
1715.191117342,1,1
1715.191118676,0,1
1715.320539000,0,0
1715.320541244,1,0
1715.449930754,1,1
1715.449932778,0,1
1715.579353416,0,0
1715.579355344,1,0
1715.708776106,1,1
1715.708777942,0,1
1715.838199830,0,0
1715.838200444,1,0
1715.967620458,1,1
1715.967623042,0,1
1716.097075118,0,0
1716.097076608,1,0
1716.226498810,1,1
1716.226499206,0,1
1716.355920470,0,0
1716.355921708,1,0
1716.485342162,1,1
1716.485344306,0,1
1716.614764884,0,0
1716.614766872,1,0
1716.744188512,1,1
1716.744189470,0,1
1716.873611174,0,0
1716.873611972,1,0
1717.003032864,1,1
1717.003034568,0,1
1717.132455524,0,0
1717.132457136,1,0
1717.261877216,1,1
1717.261879672,0,1
1717.391299940,0,0
1717.391302238,1,0
1717.520723568,1,1
1717.520725772,0,1
1717.650146228,0,0
1717.650148338,1,0
1717.779537982,1,1
1717.779539936,0,1
1717.908929578,0,0
1717.908932502,1,0
1718.038321332,1,1
1718.038324098,0,1
1718.167744930,0,0
1718.167746602,1,0
1718.297166622,1,1
1718.297169200,0,1
1718.426589342,0,0
1718.426591764,1,0
1718.556013036,1,1
1718.556014298,0,1
1718.685435694,0,0
1718.685436926,1,0
1718.814887324,1,1
1718.814890462,0,1
1718.944311046,0,0
1718.944313026,1,0
1719.073733738,1,1
1719.073735626,0,1
1719.203156460,0,0
1719.203158128,1,0
1719.332579090,1,1
1719.332580726,0,1
1719.462001748,0,0
1719.462003290,1,0
1719.591425378,1,1
1719.591425828,0,1
1719.720847100,0,0
1719.720848390,1,0
1719.850299728,1,1
1719.850301988,0,1
1719.979723512,0,0
1719.979724554,1,0
1720.109146142,1,1
1720.109147088,0,1
1720.238566864,0,0
1720.238569654,1,0
1720.367990494,1,1
1720.367992252,0,1
1720.497413152,0,0
1720.497414816,1,0
1720.626835906,1,1
1720.626837350,0,1
1720.756257566,0,0
1720.756259918,1,0
1720.885680194,1,1
1720.885682514,0,1
1721.015102916,0,0
1721.015105080,1,0
1721.144495544,1,1
1721.144497614,0,1
1721.273887204,0,0
1721.273889178,1,0
1721.403308958,1,1
1721.403311776,0,1
1721.532731618,0,0
1721.532734342,1,0
1721.662155308,1,1
1721.662157814,0,1
1721.791577904,0,0
1721.791580378,1,0
1721.921000598,1,1
1721.921003038,0,1
1722.050423320,0,0
1722.050425604,1,0
1722.179846010,1,1
1722.179848202,0,1
1722.309269670,0,0
1722.309270642,1,0
1722.438660360,1,1
1722.438662302,0,1
1722.568083020,0,0
1722.568084802,1,0
1722.697504710,1,1
1722.697507400,0,1
1722.826928370,0,0
1722.826929902,1,0
1722.956352000,1,1
1722.956353562,0,1
1723.085774782,0,0
1723.085776066,1,0
1723.215166412,1,1
1723.215167662,0,1
1723.344619070,0,0
1723.344621226,1,0
1723.474042700,1,1
1723.474043886,0,1
1723.603466388,1,1
1723.603466484,1,0
1723.732886174,1,1
1723.732888986,0,1
1723.862278834,0,0
1723.862280426,1,0
1723.991700400,1,1
1723.991703086,0,1
1724.121124184,0,0
1724.121125588,1,0
1724.250546812,1,1
1724.250548184,0,1
1724.379970534,0,0
1724.379971686,1,0
1724.509392162,1,1
1724.509394346,0,1
1724.638814884,0,0
1724.638816850,1,0
1724.768237574,1,1
1724.768239446,0,1
1724.897660232,0,0
1724.897662012,1,0
1725.027082924,1,1
1725.027084544,0,1
1725.156504520,0,0
1725.156507110,1,0
1725.285928274,1,1
1725.285929706,0,1
1725.415349932,0,0
1725.415352272,1,0
1725.544773624,1,1
1725.544774806,0,1
1725.674196220,0,0
1725.674197432,1,0
1725.803617972,1,1
1725.803619968,0,1
1725.933041694,0,0
1725.933042532,1,0
1726.062494324,1,1
1726.062496064,0,1
1726.191885982,0,0
1726.191887692,1,0
1726.321307610,1,1
1726.321310228,0,1
1726.450731394,0,0
1726.450732730,1,0
1726.580154020,1,1
1726.580155326,0,1
1726.709576742,0,0
1726.709577890,1,0
1726.838998434,1,1
1726.839000488,0,1
1726.968391092,0,0
1726.968392990,1,0
1727.097813720,1,1
1727.097815648,0,1
1727.227237378,0,0
1727.227238150,1,0
1727.356659070,1,1
1727.356660746,0,1
1727.486051792,0,0
1727.486053312,1,0
1727.615474418,1,1
1727.615475846,0,1
1727.744897140,0,0
1727.744898472,1,0
1727.874320830,1,1
1727.874321006,0,1
1728.003742490,0,0
1728.003743572,1,0
1728.133163680,1,1
1728.133166104,0,1
1728.262585900,0,0
1728.262588668,1,0
1728.392010466,1,1
1728.392011264,0,1
1728.521431250,0,0
1728.521433830,1,0
1728.650854566,1,1
1728.650856362,0,1
1728.780277348,0,0
1728.780278928,1,0
1728.909699226,1,1
1728.909701524,0,1
1729.039121946,0,0
1729.039124088,1,0
1729.168544576,1,1
1729.168546684,0,1
1729.297967232,0,0
1729.297969186,1,0
1729.427389924,1,1
1729.427391720,0,1
1729.556812644,0,0
1729.556814286,1,0
1729.686235274,1,1
1729.686236942,0,1
1729.815688992,0,0
1729.815690446,1,0
1729.945110622,1,1
1729.945113042,0,1
1730.074534342,0,0
1730.074535542,1,0
1730.203956032,1,1
1730.203958140,0,1
1730.333379690,0,0
1730.333380704,1,0
1730.462801318,1,1
1730.462803300,0,1
1730.592224040,0,0
1730.592225802,1,0
1730.721647666,1,1
1730.721648396,0,1
1730.851129388,0,0
1730.851131964,1,0
1730.980523078,1,1
1730.980524558,0,1
1731.109945798,0,0
1731.109947122,1,0
1731.239367364,1,1
1731.239369656,0,1
1731.368791022,0,0
1731.368792220,1,0
1731.498183774,1,1
1731.498184814,0,1
1731.627575434,0,0
1731.627576318,1,0
1731.756997060,1,1
1731.756998914,0,1
1731.886419844,0,0
1731.886421540,1,0
1732.015842472,1,1
1732.015844074,0,1
1732.145265192,0,0
1732.145266576,1,0
1732.274687820,1,1
1732.274689108,0,1
1732.404109540,0,0
1732.404112734,1,0
1732.533533168,1,1
1732.533535332,0,1
1732.662955888,0,0
1732.662957832,1,0
1732.792379516,1,1
1732.792380428,0,1
1732.921801236,0,0
1732.921802992,1,0
1733.051224864,1,1
1733.051225528,0,1
1733.180614522,0,0
1733.180617090,1,0
1733.310038212,1,1
1733.310039686,0,1
1733.439460996,0,0
1733.439462248,1,0
1733.568882560,1,1
1733.568884844,0,1
1733.698306280,0,0
1733.698307348,1,0
1733.827728908,1,1
1733.827730942,0,1
1733.957181628,0,0
1733.957183506,1,0
1734.086574256,1,1
1734.086576100,0,1
1734.215997038,0,0
1734.215998666,1,0
1734.345448666,1,1
1734.345451198,0,1
1734.474872322,0,0
1734.474873764,1,0
1734.604296014,1,1
1734.604296358,0,1
1734.733686670,0,0
1734.733688924,1,0
1734.863079298,1,1
1734.863080456,0,1
1734.992502020,0,0
1734.992502956,1,0
1735.121925708,1,1
1735.121926616,0,1
1735.251348428,0,0
1735.251349116,1,0
1735.380740056,1,1
1735.380740648,0,1
1735.510131714,0,0
1735.510133276,1,0
1735.639553404,1,1
1735.639555870,0,1
1735.768977062,0,0
1735.768978372,1,0
1735.898399814,1,1
1735.898401032,0,1
1736.027790408,0,0
1736.027792532,1,0
1736.157182162,1,1
1736.157185128,0,1
1736.286604818,0,0
1736.286607628,1,0
1736.416027508,1,1
1736.416030224,0,1
1736.545451166,0,0
1736.545452726,1,0
1736.674872792,1,1
1736.674875322,0,1
1736.804296512,0,0
1736.804297946,1,0
1736.933718202,1,1
1736.933720478,0,1
1737.063140860,0,0
1737.063143044,1,0
1737.192563486,1,1
1737.192565576,0,1
1737.321986208,0,0
1737.321988140,1,0
1737.451408896,1,1
1737.451410734,0,1
1737.580831554,0,0
1737.580833298,1,0
1737.710254244,1,1
1737.710255830,0,1
1737.839676902,0,0
1737.839678396,1,0
1737.969099652,1,1
1737.969101990,0,1
1738.098552310,0,0
1738.098554614,1,0
1738.227976936,1,1
1738.227977150,0,1
1738.357397658,0,0
1738.357399650,1,0
1738.486821284,1,1
1738.486822244,0,1
1738.616242942,0,0
1738.616244808,1,0
1738.745665630,1,1
1738.745667404,0,1
1738.875089350,0,0
1738.875089904,1,0
1739.004510976,1,1
1739.004512500,0,1
1739.133932696,0,0
1739.133935000,1,0
1739.263357386,1,1
1739.263358594,0,1
1739.392780042,0,0
1739.392781160,1,0
1739.522202668,1,1
1739.522203754,0,1
1739.651623390,0,0
1739.651626254,1,0
1739.781047016,1,1
1739.781048850,0,1
1739.910468736,0,0
1739.910471474,1,0
1740.039860362,1,1
1740.039863008,0,1
1740.169284082,0,0
1740.169285508,1,0
1740.298706770,1,1
1740.298708164,0,1
1740.428128428,0,0
1740.428130668,1,0
1740.557522118,1,1
1740.557523198,0,1
1740.686913836,0,0
1740.686915826,1,0
1740.816336464,1,1
1740.816338420,0,1
1740.945758122,0,0
1740.945760922,1,0
1741.075181746,1,1
1741.075183516,0,1
1741.204604530,0,0
1741.204606078,1,0
1741.334026156,1,1
1741.334028672,0,1
1741.463449814,0,0
1741.463451172,1,0
1741.592901502,1,1
1741.592903768,0,1
1741.722325222,0,0
1741.722326330,1,0
1741.851747848,1,1
1741.851748862,0,1
1741.981141426,1,1
1741.981141568,1,0
1742.110562194,1,1
1742.110563960,0,1
1742.239984852,0,0
1742.239986584,1,0
1742.369407602,1,1
1742.369409180,0,1
1742.498800258,0,0
1742.498801680,1,0
1742.628192948,1,1
1742.628193338,0,1
1742.757613606,0,0
1742.757615838,1,0
1742.887037294,1,1
1742.887038432,0,1
1743.016459950,0,0
1743.016460934,1,0
1743.145881578,1,1
1743.145883466,0,1
1743.275304358,0,0
1743.275306090,1,0
1743.404725986,1,1
1743.404728684,0,1
1743.534150642,0,0
1743.534152184,1,0
1743.663603330,1,1
1743.663604780,0,1
1743.793026050,0,0
1743.793027280,1,0
1743.922447676,1,1
1743.922449876,0,1
1744.051840396,0,0
1744.051842438,1,0
1744.181263022,1,1
1744.181265032,0,1
1744.310686678,0,0
1744.310687532,1,0
1744.440108368,1,1
1744.440110190,0,1
1744.569530086,0,0
1744.569532752,1,0
1744.698953712,1,1
1744.698955284,0,1
1744.828406432,0,0
1744.828408786,1,0
1744.957830058,1,1
1744.957831378,0,1
1745.087251714,0,0
1745.087253942,1,0
1745.216674466,1,1
1745.216676536,0,1
1745.346097184,0,0
1745.346099100,1,0
1745.475519810,1,1
1745.475521630,0,1
1745.604942468,0,0
1745.604944194,1,0
1745.734365156,1,1
1745.734366786,0,1
1745.863756812,0,0
1745.863758350,1,0
1745.993179438,1,1
1745.993180882,0,1
1746.122603220,0,0
1746.122604446,1,0
1746.252025846,1,1
1746.252027040,0,1
1746.381447564,0,0
1746.381449602,1,0
1746.510871192,1,1
1746.510872136,0,1
1746.640292846,0,0
1746.640294696,1,0
1746.769715536,1,1
1746.769717354,0,1
1746.899139254,0,0
1746.899139854,1,0
1747.028561880,1,1
1747.028562386,0,1
1747.157982598,0,0
1747.157984948,1,0
1747.287405226,1,1
1747.287407480,0,1
1747.416827944,0,0
1747.416830104,1,0
1747.546251568,1,1
1747.546252638,0,1
1747.675673288,0,0
1747.675675200,1,0
1747.805095914,1,1
1747.805097732,0,1
1747.934518696,0,0
1747.934520356,1,0
1748.063971320,1,1
1748.063973888,0,1
1748.193393040,0,0
1748.193396450,1,0
1748.322817664,1,1
1748.322819044,0,1
1748.452209322,0,0
1748.452210544,1,0
1748.581632010,1,1
1748.581633138,0,1
1748.711053728,0,0
1748.711055702,1,0
1748.840477354,1,1
1748.840479234,0,1
1748.969870072,0,0
1748.969870858,1,0
1749.099290760,1,1
1749.099293452,0,1
1749.228714416,0,0
1749.228715888,1,0
1749.358137106,1,1
1749.358138484,0,1
1749.487559760,0,0
1749.487561046,1,0
1749.616981386,1,1
1749.616983640,0,1
1749.746375106,0,0
1749.746376140,1,0
1749.875797730,1,1
1749.875798734,0,1
1750.005220510,0,0
1750.005221358,1,0
1750.134642138,1,1
1750.134643892,0,1
1750.264064792,0,0
1750.264066454,1,0
1750.393487482,1,1
1750.393488984,0,1
1750.522910198,0,0
1750.522911484,1,0
1750.652331824,1,1
1750.652334140,0,1
1750.781755480,0,0
1750.781756704,1,0
1750.911177168,1,1
1750.911179234,0,1
1751.040599824,0,0
1751.040601798,1,0
1751.170022512,1,1
1751.170024390,0,1
1751.299445230,0,0
1751.299446890,1,0
1751.428867856,1,1
1751.428869484,0,1
1751.558260574,0,0
1751.558262108,1,0
1751.687653200,1,1
1751.687654640,0,1
1751.817105918,0,0
1751.817107204,1,0
1751.946527542,1,1
1751.946529796,0,1
1752.075919260,0,0
1752.075922358,1,0
1752.205343950,1,1
1752.205344890,0,1
1752.334765606,0,0
1752.334767390,1,0
1752.464188228,1,1
1752.464189984,0,1
1752.593609948,0,0
1752.593612608,1,0
1752.723033634,1,1
1752.723035140,0,1
1752.852457292,0,0
1752.852457702,1,0
1752.981878978,1,1
1752.981880232,0,1
1753.111301634,0,0
1753.111302794,1,0
1753.240723324,1,1
1753.240725390,0,1
1753.370146978,0,0
1753.370147950,1,0
1753.499538602,1,1
1753.499540482,0,1
1753.628930384,0,0
1753.628932106,1,0
1753.758323008,1,1
1753.758324638,0,1
1753.887745726,0,0
1753.887747200,1,0
1754.017168352,1,1
1754.017169792,0,1
1754.146590070,0,0
1754.146592292,1,0
1754.275982694,1,1
1754.275983948,0,1
1754.405405412,0,0
1754.405407448,1,0
1754.534829038,1,1
1754.534830042,0,1
1754.664250756,0,0
1754.664252542,1,0
1754.793643380,1,1
1754.793644134,0,1
1754.923034036,0,0
1754.923036696,1,0
1755.052456724,1,1
1755.052459226,0,1
1755.181880442,0,0
1755.181881850,1,0
1755.311333130,1,1
1755.311334382,0,1
1755.440786846,0,0
1755.440787882,1,0
1755.570177410,1,1
1755.570179474,0,1
1755.699599128,0,0
1755.699602036,1,0
1755.829023752,1,1
1755.829025630,0,1
1755.958445468,0,0
1755.958448192,1,0
1756.087869094,1,1
1756.087870722,0,1
1756.217260812,0,0
1756.217262284,1,0
1756.346713436,1,1
1756.346715814,0,1
1756.476137216,0,0
1756.476138440,1,0
1756.605559842,1,1
1756.605561032,0,1
1756.734981560,0,0
1756.734983532,1,0
1756.864373122,1,1
1756.864375062,0,1
1756.993795902,0,0
1756.993797686,1,0
1757.123218526,1,1
1757.123220216,0,1
1757.252643244,0,0
1757.252643778,1,0
1757.382063868,1,1
1757.382066372,0,1
1757.511486586,0,0
1757.511488934,1,0
1757.640910210,1,1
1757.640911464,0,1
1757.770331868,0,0
1757.770334026,1,0
1757.899755490,1,1
1757.899756618,0,1
1758.029177208,0,0
1758.029179116,1,0
1758.158599958,1,1
1758.158601712,0,1
1758.288023552,0,0
1758.288024274,1,0
1758.417445238,1,1
1758.417446802,0,1
1758.546867954,0,0
1758.546869364,1,0
1758.676289642,1,1
1758.676292020,0,1
1758.805713296,0,0
1758.805714518,1,0
1758.935135984,1,1
1758.935137112,0,1
1759.064588638,0,0
1759.064590612,1,0
1759.193980262,1,1
1759.193982204,0,1
1759.323402044,0,0
1759.323404766,1,0
1759.452826668,1,1
1759.452827296,0,1
1759.582249386,0,0
1759.582249856,1,0
1759.711671010,1,1
1759.711672450,0,1
1759.841122664,0,0
1759.841126012,1,0
1759.970577352,1,1
1759.970579544,0,1
1760.099999006,0,0
1760.100002104,1,0
1760.229422692,1,1
1760.229424696,0,1
1760.358846410,0,0
1760.358847256,1,0
1760.488268034,1,1
1760.488269786,0,1
1760.617690752,0,0
1760.617692350,1,0
1760.747113374,1,1
1760.747114942,0,1
1760.876536094,0,0
1760.876537502,1,0
1761.005958716,1,1
1761.005960032,0,1
1761.135381434,0,0
1761.135382592,1,0
1761.264773122,1,1
1761.264775248,0,1
1761.394164776,0,0
1761.394166748,1,0
1761.523587400,1,1
1761.523589280,0,1
1761.653010118,0,0
1761.653011900,1,0
1761.782433804,1,1
1761.782434430,0,1
1761.911855458,0,0
1761.911856994,1,0
1762.041278082,1,1
1762.041279524,0,1
1762.170700736,0,0
1762.170702084,1,0
1762.300123486,1,1
1762.300124676,0,1
1762.429544766,0,0
1762.429547176,1,0
1762.558968826,1,1
1762.558970768,0,1
1762.688392544,0,0
1762.688393330,1,0
1762.817843168,1,1
1762.817845858,0,1
1762.947265886,0,0
1762.947268420,1,0
1763.076658384,1,1
1763.076661012,0,1
1763.206083164,0,0
1763.206083574,1,0
1763.335504788,1,1
1763.335506166,0,1
1763.464926504,0,0
1763.464928728,1,0
1763.594378190,1,1
1763.594381320,0,1
1763.723803908,0,0
1763.723804818,1,0
1763.853225218,1,1
1763.853227410,0,1
1763.982617248,0,0
1763.982618910,1,0
1764.112039872,1,1
1764.112041502,0,1
1764.241462588,0,0
1764.241464062,1,0
1764.370885212,1,1
1764.370886654,0,1
1764.500306930,0,0
1764.500309090,1,0
1764.629730616,1,1
1764.629731746,0,1
1764.759153270,0,0
1764.759154308,1,0
1764.888574956,1,1
1764.888576836,0,1
1765.017997672,0,0
1765.017999396,1,0
1765.147421296,1,1
1765.147422992,0,1
1765.276844638,0,0
1765.276845552,1,0
1765.406265636,1,1
1765.406268144,0,1
1765.535690104,0,0
1765.535690704,1,0
1765.665112040,1,1
1765.665113234,0,1
1765.794534694,0,0
1765.794535796,1,0
1765.923956318,1,1
1765.923958388,0,1
1766.053380034,0,0
1766.053380886,1,0
1766.182802720,1,1
1766.182803478,0,1
1766.312224374,0,0
1766.312225974,1,0
1766.441646062,1,1
1766.441648632,0,1
1766.571068714,0,0
1766.571071128,1,0
1766.700491340,1,1
1766.700493722,0,1
1766.829914054,0,0
1766.829916282,1,0
1766.959337742,1,1
1766.959338874,0,1
1767.088730396,0,0
1767.088731372,1,0
1767.218121018,1,1
1767.218122966,0,1
1767.347574736,0,0
1767.347576462,1,0
1767.476997420,1,1
1767.476999118,0,1
1767.606420076,0,0
1767.606421616,1,0
1767.735841698,1,1
1767.735844144,0,1
1767.865264478,0,0
1767.865266704,1,0
1767.994687100,1,1
1767.994689360,0,1
1768.124110754,0,0
1768.124111858,1,0
1768.253533440,1,1
1768.253534450,0,1
1768.382955156,0,0
1768.382956948,1,0
1768.512376782,1,1
1768.512379602,0,1
1768.641799496,0,0
1768.641802162,1,0
1768.771222120,1,1
1768.771224754,0,1
1768.900645774,0,0
1768.900647252,1,0
1769.030068460,1,1
1769.030069782,0,1
1769.159490178,0,0
1769.159493342,1,0
1769.288914800,1,1
1769.288915934,0,1
1769.418336516,0,0
1769.418338496,1,0
1769.547728138,1,1
1769.547730024,0,1
1769.677120854,0,0
1769.677122646,1,0
1769.806512540,1,1
1769.806514176,0,1
1769.935936194,0,0
1769.935936736,1,0
1770.065357816,1,1
1770.065359328,0,1
1770.194779534,0,0
1770.194781824,1,0
1770.324172220,1,1
1770.324174418,0,1
1770.453565872,0,0
1770.453565978,1,0
1770.582987622,1,1
1770.582988506,0,1
1770.712409274,0,0
1770.712412130,1,0
1770.841861898,1,1
1770.841864596,0,1
1770.971285550,0,0
1770.971287218,1,0
1771.100677236,1,1
1771.100679748,0,1
1771.230101890,0,0
1771.230102308,1,0
1771.359524576,1,1
1771.359524900,0,1
1771.488944292,0,0
1771.488947460,1,0
1771.618336914,1,1
1771.618338988,0,1
1771.747729566,0,0
1771.747731550,1,0
1771.877122316,1,1
1771.877123140,0,1
1772.006545032,0,0
1772.006545700,1,0
1772.135966654,1,1
1772.135969292,0,1
1772.265390246,0,0
1772.265391790,1,0
1772.394781994,1,1
1772.394783444,0,1
1772.524204646,0,0
1772.524205940,1,0
1772.653626270,1,1
1772.653628470,0,1
1772.783049984,0,0
1772.783051028,1,0
1772.912470670,1,1
1772.912473560,0,1
1773.041894322,0,0
1773.041896182,1,0
1773.171317008,1,1
1773.171318710,0,1
1773.300738660,0,0
1773.300741270,1,0
1773.430162348,1,1
1773.430163798,0,1
1773.559586062,0,0
1773.559587358,1,0
1773.689008686,1,1
1773.689010012,0,1
1773.818430400,0,0
1773.818432510,1,0
1773.947852022,1,1
1773.947855102,0,1
1774.077276802,0,0
1774.077277598,1,0
1774.206699360,1,1
1774.206700252,0,1
1774.336122078,0,0
1774.336122748,1,0
1774.465511762,1,1
1774.465514340,0,1
1774.594965478,0,0
1774.594967838,1,0
1774.724389100,1,1
1774.724390428,0,1
1774.853812752,0,0
1774.853813050,1,0
1774.983232376,1,1
1774.983235580,0,1
1775.112656090,0,0
1775.112658078,1,0
1775.242078776,1,1
1775.242080606,0,1
1775.371501492,0,0
1775.371503290,1,0
1775.500924114,1,1
1775.500925818,0,1
1775.630407766,0,0
1775.630409318,1,0
1775.759800452,1,1
1775.759801908,0,1
1775.889222104,0,0
1775.889224466,1,0
1776.018644790,1,1
1776.018647058,0,1
1776.148067504,0,0
1776.148069618,1,0
1776.277461126,1,1
1776.277462144,0,1
1776.406882906,0,0
1776.406884708,1,0
1776.536336528,1,1
1776.536337296,0,1
1776.665757180,0,0
1776.665759794,1,0
1776.795180802,1,1
1776.795182384,0,1
1776.924572456,0,0
1776.924574944,1,0
1777.053997140,1,1
1777.053997472,0,1
1777.183418856,0,0
1777.183420094,1,0
1777.312870540,1,1
1777.312872624,0,1
1777.442293194,0,0
1777.442296182,1,0
1777.571684940,1,1
1777.571687712,0,1
1777.701109592,0,0
1777.701110270,1,0
1777.830531216,1,1
1777.830532860,0,1
1777.959954868,0,0
1777.959955420,1,0
1778.089346554,1,1
1778.089347950,0,1
1778.218737206,0,0
1778.218739570,1,0
1778.348190890,1,1
1778.348193162,0,1
1778.477614542,0,0
1778.477615658,1,0
1778.607038226,1,1
1778.607038250,0,1
1778.736457880,0,0
1778.736460808,1,0
1778.865849564,1,1
1778.865852338,0,1
1778.995274278,0,0
1778.995275894,1,0
1779.124696964,1,1
1779.124698424,0,1
1779.254119616,0,0
1779.254121046,1,0
1779.383510238,1,1
1779.383512574,0,1
1779.512902954,0,0
1779.512905134,1,0
1779.642294576,1,1
1779.642296724,0,1
1779.771717290,0,0
1779.771719220,1,0
1779.901139976,1,1
1779.901141874,0,1
1780.030563628,0,0
1780.030564370,1,0
1780.159955312,1,1
1780.159956960,0,1
1780.289346966,0,0
1780.289348520,1,0
1780.418738650,1,1
1780.418741048,0,1
1780.548161364,0,0
1780.548163608,1,0
1780.677584986,1,1
1780.677586198,0,1
1780.807007638,0,0
1780.807008758,1,0
1780.936400384,1,1
1780.936401284,0,1
1781.065822038,0,0
1781.065823906,1,0
1781.195245658,1,1
1781.195246434,0,1
1781.324667374,0,0
1781.324668932,1,0
1781.454091058,1,1
1781.454091522,0,1
1781.583512710,0,0
1781.583514080,1,0
1781.712934332,1,1
1781.712936670,0,1
1781.842356046,0,0
1781.842359230,1,0
1781.971780668,1,1
1781.971781758,0,1
1782.101173382,0,0
1782.101174318,1,0
1782.230565066,1,1
1782.230565906,0,1
1782.359987718,0,0
1782.359988404,1,0
1782.489408402,1,1
1782.489410992,0,1
1782.618832056,0,0
1782.618833616,1,0
1782.748253676,1,1
1782.748256142,0,1
1782.877708390,0,0
1782.877709702,1,0
1783.007131136,1,1
1783.007132228,0,1
1783.136552726,0,0
1783.136554726,1,0
1783.265974472,1,1
1783.265977378,0,1
1783.395429124,0,0
1783.395430936,1,0
1783.524851746,1,1
1783.524853464,0,1
1783.654273398,0,0
1783.654276022,1,0
1783.783697082,1,1
1783.783698612,0,1
1783.913118796,0,0
1783.913121172,1,0
1784.042510418,1,1
1784.042512698,0,1
1784.171903132,0,0
1784.171905258,1,0
1784.301326754,1,1
1784.301327848,0,1
1784.430749406,0,0
1784.430750408,1,0
1784.560201090,1,1
1784.560202936,0,1
1784.689624742,0,0
1784.689626492,1,0
1784.819015486,1,1
1784.819018084,0,1
1784.948439140,0,0
1784.948440642,1,0
1785.077860822,1,1
1785.077863168,0,1
1785.207285538,0,0
1785.207285728,1,0
1785.336707158,1,1
1785.336708256,0,1
1785.466159872,0,0
1785.466161814,1,0
1785.595612494,1,1
1785.595614340,0,1
1785.725035208,0,0
1785.725036962,1,0
1785.854459828,1,1
1785.854460552,0,1
1785.983849480,0,0
1785.983852046,1,0
1786.113272164,1,1
1786.113274700,0,1
1786.242695878,0,0
1786.242697196,1,0
1786.372118500,1,1
1786.372119722,0,1
1786.501511214,0,0
1786.501512282,1,0
1786.630901834,1,1
1786.630903870,0,1
1786.760294550,0,0
1786.760296366,1,0
1786.889716170,1,1
1786.889719020,0,1
1787.019139884,0,0
1787.019141514,1,0
1787.148562504,1,1
1787.148564106,0,1
1787.277954218,0,0
1787.277955664,1,0
1787.407344840,1,1
1787.407348190,0,1
1787.536738616,0,0
1787.536740810,1,0
1787.666161174,1,1
1787.666163338,0,1
1787.795582888,0,0
1787.795585834,1,0
1787.925006572,1,1
1787.925008424,0,1
1788.054399286,0,0
1788.054400044,1,0
1788.183790906,1,1
1788.183792572,0,1
1788.313243622,0,0
1788.313245066,1,0
1788.442666304,1,1
1788.442667658,0,1
1788.572088894,0,0
1788.572090214,1,0
1788.701511576,1,1
1788.701512804,0,1
1788.830933228,0,0
1788.830935362,1,0
1788.960357974,1,1
1788.960358888,0,1
1789.089779624,0,0
1789.089781446,1,0
1789.219202246,1,1
1789.219204038,0,1
1789.348624958,0,0
1789.348626594,1,0
1789.478048580,1,1
1789.478049120,0,1
1789.607470292,0,0
1789.607471678,1,0
1789.736891914,1,1
1789.736894268,0,1
1789.866314628,0,0
1789.866316826,1,0
1789.995738250,1,1
1789.995739354,0,1
1790.125161024,0,0
1790.125161848,1,0
1790.254582646,1,1
1790.254584500,0,1
1790.384005296,0,0
1790.384007060,1,0
1790.513426980,1,1
1790.513429648,0,1
1790.642850630,0,0
1790.642852080,1,0
1790.772272314,1,1
1790.772274668,0,1
1790.901695028,0,0
1790.901697288,1,0
1791.031117648,1,1
1791.031119878,0,1
1791.160540362,0,0
1791.160542374,1,0
1791.289994984,1,1
1791.289995964,0,1
1791.419416632,0,0
1791.419418456,1,0
1791.548839378,1,1
1791.548841046,0,1
1791.678262028,0,0
1791.678263604,1,0
1791.807685648,1,1
1791.807686194,0,1
1791.937077362,0,0
1791.937078690,1,0
1792.066498982,1,1
1792.066501340,0,1
1792.195921696,0,0
1792.195923898,1,0
1792.325344316,1,1
1792.325346424,0,1
1792.454768030,0,0
1792.454768920,1,0
1792.584190714,1,1
1792.584191508,0,1
1792.713612364,0,0
1792.713614066,1,0
1792.843065046,1,1
1792.843067718,0,1
1792.972488696,0,0
1792.972490212,1,0
1793.101911318,1,1
1793.101912738,0,1
1793.231303092,0,0
1793.231304358,1,0
1793.360724714,1,1
1793.360726884,0,1
1793.490147364,0,0
1793.490149442,1,0
1793.619568986,1,1
1793.619571968,0,1
1793.748993698,0,0
1793.748994464,1,0
1793.878416380,1,1
1793.878417114,0,1
1794.007838030,0,0
1794.007839672,1,0
1794.137260712,1,1
1794.137262198,0,1
1794.266683426,0,0
1794.266685756,1,0
1794.396106046,1,1
1794.396108282,0,1
1794.525528760,0,0
1794.525530902,1,0
1794.654950380,1,1
1794.654953426,0,1
1794.784374030,0,0
1794.784375984,1,0
1794.913795776,1,1
1794.913798512,0,1
1795.043188426,0,0
1795.043190130,1,0
1795.172581108,1,1
1795.172582656,0,1
1795.302003760,0,0
1795.302005212,1,0
1795.431426442,1,1
1795.431427738,0,1
1795.560848092,0,0
1795.560850296,1,0
1795.690240712,1,1
1795.690242884,0,1
1795.819632362,0,0
1795.819634442,1,0
1795.949024108,1,1
1795.949027032,0,1
1796.078446758,0,0
1796.078449588,1,0
1796.207871440,1,1
1796.207872114,0,1
1796.337293090,0,0
1796.337294670,1,0
1796.466715772,1,1
1796.466717258,0,1
1796.596167486,0,0
1796.596169752,1,0
1796.725592106,1,1
1796.725592404,0,1
1796.855013756,0,0
1796.855014900,1,0
1796.984435562,1,1
1796.984437488,0,1
1797.113859150,0,0
1797.113860982,1,0
1797.243281832,1,1
1797.243283570,0,1
1797.372704482,0,0
1797.372706126,1,0
1797.502127102,1,1
1797.502128716,0,1
1797.631518816,0,0
1797.631520208,1,0
1797.760910810,1,1
1797.760912798,0,1
1797.890302024,0,0
1797.890304354,1,0
1798.019723768,1,1
1798.019726942,0,1
1798.149148480,0,0
1798.149149436,1,0
1798.278570162,1,1
1798.278572024,0,1
1798.407961812,0,0
1798.407964582,1,0
1798.537354494,1,1
1798.537356106,0,1
1798.666746144,0,0
1798.666748726,1,0
1798.796169516,1,1
1798.796171252,0,1
1798.925591540,0,0
1798.925593810,1,0
1799.055014910,1,1
1799.055016396,0,1
1799.184406810,0,0
1799.184408892,1,0
1799.313829492,1,1
1799.313831542,0,1
1799.443251204,0,0
1799.443254036,1,0
1799.572674824,1,1
1799.572676622,0,1
1799.702099036,0,0
1799.702099178,1,0
1799.831520156,1,1
1799.831521706,0,1
1799.960942930,0,0
1799.960944262,1,0
1800.090395550,1,1
1800.090397788,0,1
1800.103526400,0,1
