Time [s],Channel 4,Channel 5,Channel 6,Channel 7
0.000000000,0,0,0,0
11.021245796,1,0,0,0
11.021246756,1,1,0,0
11.021258166,1,1,1,0
27.038643714,0,1,1,0
27.038645742,0,0,1,0
27.038656006,0,0,0,0
43.056221778,1,0,0,0
43.056222992,1,1,0,0
43.056235068,1,1,1,0
59.073798298,0,1,1,0
59.073798682,0,0,1,0
59.073811488,0,0,0,0
75.091372700,0,1,0,0
75.091373354,0,1,1,0
75.091373776,1,1,1,0
91.108945764,1,1,0,0
91.108946134,1,0,0,0
91.108947504,0,0,0,0
107.126547566,0,0,1,0
107.126550054,0,1,1,0
107.126550118,1,1,1,0
123.144119498,1,0,1,0
123.144119872,1,0,0,0
123.144120756,0,0,0,0
139.161688404,0,1,0,0
139.161688646,0,1,1,0
139.161689368,1,1,1,0
155.179256894,1,0,1,0
155.179257000,1,0,0,0
155.179257190,0,0,0,0
171.196821818,0,0,1,0
171.196821838,0,1,1,0
171.196823102,1,1,1,0
187.214386300,1,1,0,0
187.214386324,1,0,0,0
187.214387606,0,0,0,0
203.231948280,0,0,1,0
203.231948568,0,1,1,0
203.231950282,1,1,1,0
219.249540484,1,0,1,0
219.249542064,1,0,0,0
219.249542802,0,0,0,0
235.267101084,0,1,0,0
235.267101482,0,1,1,0
235.267102866,1,1,1,0
251.284630490,1,0,1,0
251.284630702,1,0,0,0
251.284631606,0,0,0,0
267.302187516,0,1,0,0
267.302187558,0,1,1,0
267.302189092,1,1,1,0
283.319745266,1,1,0,0
283.319745478,1,0,0,0
283.319746056,0,0,0,0
299.337299184,0,1,0,0
299.337299852,0,1,1,0
299.337301252,1,1,1,0
315.354853784,1,0,1,0
315.354854260,1,0,0,0
315.354855136,0,0,0,0
331.372467510,0,0,1,0
331.372468142,0,1,1,0
331.372468706,1,1,1,0
347.390171512,1,0,1,0
347.390171696,1,0,0,0
347.390173224,0,0,0,0
363.407875742,0,1,0,0
363.407876594,1,1,0,0
363.407876622,1,1,1,0
379.425577034,1,0,1,0
379.425577706,1,0,0,0
379.425578898,0,0,0,0
395.443278306,0,1,0,0
395.443279760,0,1,1,0
395.443280114,1,1,1,0
411.460979528,1,0,1,0
411.460979682,1,0,0,0
411.460980278,0,0,0,0
427.478678672,0,1,0,0
427.478679304,1,1,0,0
427.478679662,1,1,1,0
443.496375846,1,0,1,0
443.496376676,1,0,0,0
443.496376934,0,0,0,0
459.514072036,0,1,0,0
459.514074154,1,1,0,0
459.514074594,1,1,1,0
475.531769292,1,0,1,0
475.531769620,1,0,0,0
475.531770502,0,0,0,0
491.549464624,0,1,0,0
491.549465656,0,1,1,0
491.549465800,1,1,1,0
507.567160076,1,0,1,0
507.567160214,0,0,1,0
507.567160858,0,0,0,0
523.584851570,0,1,0,0
523.584853608,1,1,0,0
523.584854118,1,1,1,0
539.602544604,1,0,1,0
539.602546230,0,0,1,0
539.602546464,0,0,0,0
555.620237114,0,1,0,0
555.620237450,1,1,0,0
555.620238036,1,1,1,0
571.637927144,1,0,1,0
571.637927934,1,0,0,0
571.637928508,0,0,0,0
587.655617312,0,1,0,0
587.655618646,1,1,0,0
587.655618976,1,1,1,0
603.673306728,1,0,1,0
603.673308166,0,0,1,0
603.673309264,0,0,0,0
619.690995444,0,1,0,0
619.690996608,1,1,0,0
619.690996790,1,1,1,0
635.708683370,1,0,1,0
635.708684450,0,0,1,0
635.708684630,0,0,0,0
651.726371440,1,0,0,0
651.726371576,1,1,0,0
651.726372680,1,1,1,0
667.744056090,1,0,1,0
667.744057370,0,0,1,0
667.744058084,0,0,0,0
683.761740836,0,1,0,0
683.761743094,1,1,0,0
683.761743666,1,1,1,0
699.779426932,1,0,1,0
699.779428220,0,0,1,0
699.779429640,0,0,0,0
715.797112440,0,1,0,0
715.797112626,1,1,0,0
715.797112904,1,1,1,0
731.814795208,1,0,1,0
731.814796354,0,0,1,0
731.814798604,0,0,0,0
747.832478332,0,1,0,0
747.832479256,1,1,0,0
747.832480484,1,1,1,0
763.850160936,1,0,1,0
763.850161636,0,0,1,0
763.850162958,0,0,0,0
779.867841808,0,1,0,0
779.867842974,1,1,0,0
779.867844640,1,1,1,0
795.885553236,1,0,1,0
795.885555126,0,0,1,0
795.885556878,0,0,0,0
811.903235016,0,1,0,0
811.903235692,1,1,0,0
811.903237410,1,1,1,0
827.920945252,1,0,1,0
827.920946218,0,0,1,0
827.920946828,0,0,0,0
843.938624970,0,1,0,0
843.938625660,1,1,0,0
843.938628166,1,1,1,0
859.956304134,1,0,1,0
859.956304664,0,0,1,0
859.956307248,0,0,0,0
875.973982846,0,1,0,0
875.973983026,1,1,0,0
875.973984820,1,1,1,0
891.991660154,1,0,1,0
891.991660678,0,0,1,0
891.991661916,0,0,0,0
908.009337798,0,1,0,0
908.009338284,1,1,0,0
908.009339420,1,1,1,0
924.027198348,1,0,1,0
924.027198352,0,0,1,0
924.027200590,0,0,0,0
940.045239858,0,1,0,0
940.045240932,1,1,0,0
940.045242218,1,1,1,0
956.063282228,1,0,1,0
956.063283126,0,0,1,0
956.063285378,0,0,0,0
972.081324078,0,1,0,0
972.081324812,1,1,0,0
972.081327082,1,1,1,0
988.099365512,1,0,1,0
988.099366144,0,0,1,0
988.099368354,0,0,0,0
1004.117437450,0,1,0,0
1004.117437982,1,1,0,0
1004.117440198,1,1,1,0
1020.135476984,1,0,1,0
1020.135478474,0,0,1,0
1020.135480690,0,0,0,0
1036.153518220,0,1,0,0
1036.153518466,1,1,0,0
1036.153521570,1,1,1,0
1052.171588820,0,1,1,0
1052.171588998,0,0,1,0
1052.171592170,0,0,0,0
1068.189627388,0,1,0,0
1068.189628104,1,1,0,0
1068.189630396,1,1,1,0
1084.207666478,1,0,1,0
1084.207667030,0,0,1,0
1084.207670308,0,0,0,0
1100.225705070,0,1,0,0
1100.225705522,1,1,0,0
1100.225707792,1,1,1,0
1116.243742368,1,0,1,0
1116.243743598,0,0,1,0
1116.243745914,0,0,0,0
1132.261781260,0,1,0,0
1132.261781266,1,1,0,0
1132.261784644,1,1,1,0
1148.279816886,1,0,1,0
1148.279818728,0,0,1,0
1148.279821092,0,0,0,0
1164.297886116,0,1,0,0
1164.297886482,1,1,0,0
1164.297889154,1,1,1,0
1180.315923088,1,0,1,0
1180.315923342,0,0,1,0
1180.315925966,0,0,0,0
1196.333959748,1,0,0,0
1196.333960604,1,1,0,0
1196.333963400,1,1,1,0
1212.351994942,1,0,1,0
1212.351995972,0,0,1,0
1212.351999582,0,0,0,0
1228.370031688,1,0,0,0
1228.370031894,1,1,0,0
1228.370035378,1,1,1,0
1244.388067222,0,1,1,0
1244.388067554,0,0,1,0
1244.388070000,0,0,0,0
1260.406101858,0,1,0,0
1260.406102330,1,1,0,0
1260.406106158,1,1,1,0
1276.424137010,1,0,1,0
1276.424137150,0,0,1,0
1276.424141166,0,0,0,0
1292.442171748,1,0,0,0
1292.442171758,1,1,0,0
1292.442175344,1,1,1,0
1308.460205366,1,0,1,0
1308.460206012,0,0,1,0
1308.460210166,0,0,0,0
1324.478239996,1,0,0,0
1324.478240568,1,1,0,0
1324.478244282,1,1,1,0
1340.496304664,0,1,1,0
1340.496305568,0,0,1,0
1340.496307184,0,0,0,0
1356.514337248,0,1,0,0
1356.514338132,1,1,0,0
1356.514342768,1,1,1,0
1372.532370750,1,0,1,0
1372.532371416,0,0,1,0
1372.532376106,0,0,0,0
1388.550402950,0,1,0,0
1388.550404276,1,1,0,0
1388.550407210,1,1,1,0
1404.568435922,1,0,1,0
1404.568436972,0,0,1,0
1404.568441134,0,0,0,0
1420.586468682,0,1,0,0
1420.586469508,1,1,0,0
1420.586473790,1,1,1,0
1436.604501266,1,0,1,0
1436.604501812,0,0,1,0
1436.604506144,0,0,0,0
1452.622532620,0,1,0,0
1452.622533826,1,1,0,0
1452.622537348,1,1,1,0
1468.640564694,1,0,1,0
1468.640565746,0,0,1,0
1468.640569328,0,0,0,0
1484.658597616,0,1,0,0
1484.658597886,1,1,0,0
1484.658603098,1,1,1,0
1500.676629318,0,1,1,0
1500.676629324,0,0,1,0
1500.676633580,0,0,0,0
1516.694660498,1,0,0,0
1516.694660662,1,1,0,0
1516.694665946,1,1,1,0
1532.712690928,1,0,1,0
1532.712691544,0,0,1,0
1532.712696040,0,0,0,0
1548.730722006,0,1,0,0
1548.730722402,1,1,0,0
1548.730727894,1,1,1,0
1564.748752900,1,0,1,0
1564.748753016,0,0,1,0
1564.748758604,0,0,0,0
1580.766783500,1,0,0,0
1580.766783540,1,1,0,0
1580.766787128,1,1,1,0
1596.784813010,1,0,1,0
1596.784813752,0,0,1,0
1596.784818476,0,0,0,0
1612.802843382,0,1,0,0
1612.802843774,1,1,0,0
1612.802848658,1,1,1,0
1628.820873758,0,1,1,0
1628.820874588,0,0,1,0
1628.820877682,0,0,0,0
1644.838903400,1,0,0,0
1644.838903456,1,1,0,0
1644.838908570,1,1,1,0
1660.856932406,1,0,1,0
1660.856932996,0,0,1,0
1660.856938410,0,0,0,0
1676.874961998,0,1,0,0
1676.874962304,1,1,0,0
1676.874966848,1,1,1,0
1692.892991648,0,1,1,0
1692.892992562,0,0,1,0
1692.892996314,0,0,0,0
1708.911019846,0,1,0,0
1708.911020638,1,1,0,0
1708.911026510,1,1,1,0
1724.929050096,0,1,1,0
1724.929050100,0,0,1,0
1724.929055616,0,0,0,0
1740.947078784,1,0,0,0
1740.947079150,1,1,0,0
1740.947083520,1,1,1,0
1756.965107516,0,1,1,0
1756.965108056,0,0,1,0
1756.965114404,0,0,0,0
1772.983136048,1,0,0,0
1772.983136764,1,1,0,0
1772.983142034,1,1,1,0
1789.001164434,0,1,1,0
1789.001164512,0,0,1,0
1789.001170580,0,0,0,0
1805.019191996,0,1,0,0
1805.019192672,1,1,0,0
1805.019200048,1,1,1,0
1821.037250464,1,0,1,0
1821.037250834,0,0,1,0
1821.037255300,0,0,0,0
1837.055278684,1,0,0,0
1837.055279682,1,1,0,0
1837.055284418,1,1,1,0
1853.073307036,0,1,1,0
1853.073307836,0,0,1,0
1853.073313338,0,0,0,0
1869.091334768,1,0,0,0
1869.091334810,1,1,0,0
1869.091341204,1,1,1,0
1885.109362318,0,1,1,0
1885.109362918,0,0,1,0
1885.109368886,0,0,0,0
1901.127389804,1,0,0,0
1901.127391402,1,1,0,0
1901.127396516,1,1,1,0
1917.145417026,1,0,1,0
1917.145417180,0,0,1,0
1917.145422960,0,0,0,0
1933.163443536,0,1,0,0
1933.163444312,1,1,0,0
1933.163451306,1,1,1,0
1949.181471514,0,1,1,0
1949.181471926,0,0,1,0
1949.181478636,0,0,0,0
1965.199498398,1,0,0,0
1965.199499174,1,1,0,0
1965.199504718,1,1,1,0
1981.217525218,0,1,1,0
1981.217526360,0,0,1,0
1981.217532734,0,0,0,0
1997.235551864,1,0,0,0
1997.235552318,1,1,0,0
1997.235558530,1,1,1,0
2013.253578222,1,0,1,0
2013.253578462,0,0,1,0
2013.253585274,0,0,0,0
2029.271635638,1,0,0,0
2029.271636022,1,1,0,0
2029.271642742,1,1,1,0
2045.289662088,0,1,1,0
2045.289663716,0,0,1,0
2045.289669340,0,0,0,0
2061.307688316,0,1,0,0
2061.307688320,1,1,0,0
2061.307693908,1,1,1,0
2077.325714588,0,1,1,0
2077.325715822,0,0,1,0
2077.325720364,0,0,0,0
2093.343740642,1,0,0,0
2093.343741112,1,1,0,0
2093.343747738,1,1,1,0
2109.361766592,0,1,1,0
2109.361767492,0,0,1,0
2109.361773018,0,0,0,0
2125.379792440,1,0,0,0
2125.379792712,1,1,0,0
2125.379799228,1,1,1,0
2141.397818204,0,1,1,0
2141.397818916,0,0,1,0
2141.397826344,0,0,0,0
2157.415843534,0,1,0,0
2157.415843944,1,1,0,0
2157.415850260,1,1,1,0
2173.433869532,0,1,1,0
2173.433870880,0,0,1,0
2173.433877084,0,0,0,0
2189.451894974,1,0,0,0
2189.451895770,1,1,0,0
2189.451902834,1,1,1,0
2205.469920408,0,1,1,0
2205.469920650,0,0,1,0
2205.469928568,0,0,0,0
2221.487946264,1,0,0,0
2221.487947394,1,1,0,0
2221.487954168,1,1,1,0
2237.505971668,0,1,1,0
2237.505972060,0,0,1,0
2237.505980808,0,0,0,0
2253.523996802,1,0,0,0
2253.523998578,1,1,0,0
2253.524004240,1,1,1,0
2269.542022000,0,1,1,0
2269.542023098,0,0,1,0
2269.542029728,0,0,0,0
2285.560047132,1,0,0,0
2285.560047488,1,1,0,0
2285.560056036,1,1,1,0
2301.578071862,1,0,1,0
2301.578072118,0,0,1,0
2301.578079324,0,0,0,0
2317.596096980,1,0,0,0
2317.596097106,1,1,0,0
2317.596103302,1,1,1,0
2333.614121824,0,1,1,0
2333.614122276,0,0,1,0
2333.614129252,0,0,0,0
2349.632146536,1,0,0,0
2349.632147434,1,1,0,0
2349.632153382,1,1,1,0
2365.650171254,0,1,1,0
2365.650172530,0,0,1,0
2365.650178314,0,0,0,0
2381.668226478,1,0,0,0
2381.668227378,1,1,0,0
2381.668235332,1,1,1,0
2397.686251084,0,1,1,0
2397.686251428,0,0,1,0
2397.686259278,0,0,0,0
2413.704275570,1,0,0,0
2413.704277350,1,1,0,0
2413.704284160,1,1,1,0
2429.722300120,0,1,1,0
2429.722300210,0,0,1,0
2429.722308974,0,0,0,0
2445.740324560,1,0,0,0
2445.740324960,1,1,0,0
2445.740333704,1,1,1,0
2461.758379444,0,1,1,0
2461.758379722,0,0,1,0
2461.758388322,0,0,0,0
2477.776403716,1,0,0,0
2477.776405370,1,1,0,0
2477.776411770,1,1,1,0
2493.794428060,0,1,1,0
2493.794430036,0,0,1,0
2493.794436412,0,0,0,0
2509.812452232,1,0,0,0
2509.812452596,1,1,0,0
2509.812461016,1,1,1,0
2525.830476418,0,1,1,0
2525.830477166,0,0,1,0
2525.830485550,0,0,0,0
2541.848500488,1,0,0,0
2541.848500612,1,1,0,0
2541.848508956,1,1,1,0
2557.866554634,0,1,1,0
2557.866556006,0,0,1,0
2557.866562298,0,0,0,0
2573.884579044,1,0,0,0
2573.884579284,1,1,0,0
2573.884588658,1,1,1,0
2589.902602972,0,1,1,0
2589.902603580,0,0,1,0
2589.902611962,0,0,0,0
2605.920657226,1,0,0,0
2605.920658824,1,1,0,0
2605.920665168,1,1,1,0
2621.938680980,0,1,1,0
2621.938681008,0,0,1,0
2621.938689438,0,0,0,0
2637.956704670,1,0,0,0
2637.956706064,1,1,0,0
2637.956712468,1,1,1,0
2653.974728248,0,1,1,0
2653.974729070,0,0,1,0
2653.974737442,0,0,0,0
2669.992751790,1,0,0,0
2669.992753036,1,1,0,0
2669.992761384,1,1,1,0
2686.010775352,0,1,1,0
2686.010775960,0,0,1,0
2686.010785398,0,0,0,0
2702.028799300,1,0,0,0
2702.028800462,1,1,0,0
2702.028809380,1,1,1,0
2718.046822892,0,1,1,0
2718.046823666,0,0,1,0
2718.046833186,0,0,0,0
2734.064846242,1,0,0,0
2734.064846692,1,1,0,0
2734.064855940,1,1,1,0
2750.082869746,0,1,1,0
2750.082871238,0,0,1,0
2750.082879766,0,0,0,0
2766.100893092,1,0,0,0
2766.100893878,1,1,0,0
2766.100903512,1,1,1,0
2782.118916406,0,1,1,0
2782.118917612,0,0,1,0
2782.118925226,0,0,0,0
2798.136939688,1,0,0,0
2798.136940190,1,1,0,0
2798.136949862,1,1,1,0
2814.154993426,0,1,1,0
2814.154995856,0,0,1,0
2814.155002568,0,0,0,0
2830.173016686,1,0,0,0
2830.173018356,1,1,0,0
2830.173026126,1,1,1,0
2846.191039830,0,1,1,0
2846.191041938,0,0,1,0
2846.191049810,0,0,0,0
2862.209062880,1,0,0,0
2862.209063358,1,1,0,0
2862.209074274,1,1,1,0
2878.227086012,0,1,1,0
2878.227088926,0,0,1,0
2878.227094884,0,0,0,0
2894.245108988,1,0,0,0
2894.245110338,1,1,0,0
2894.245118348,1,1,1,0
2910.263131988,0,1,1,0
2910.263134774,0,0,1,0
2910.263141828,0,0,0,0
2926.281185018,1,0,0,0
2926.281186054,1,1,0,0
2926.281195288,1,1,1,0
2942.299208520,0,1,1,0
2942.299210492,0,0,1,0
2942.299218708,0,0,0,0
2958.317231426,1,0,0,0
2958.317232762,1,1,0,0
2958.317243040,1,1,1,0
2974.335254416,0,1,1,0
2974.335256618,0,0,1,0
2974.335264392,0,0,0,0
2990.353277252,1,0,0,0
2990.353278264,1,1,0,0
2990.353288724,1,1,1,0
3006.371300186,0,1,1,0
3006.371301696,0,0,1,0
3006.371310898,0,0,0,0
3022.389323042,1,0,0,0
3022.389324616,1,1,0,0
3022.389333194,1,1,1,0
3038.407345872,0,1,1,0
3038.407348758,0,0,1,0
3038.407356448,0,0,0,0
3054.425368678,1,0,0,0
3054.425368804,1,1,0,0
3054.425379562,1,1,1,0
3070.443391450,0,1,1,0
3070.443392874,0,0,1,0
3070.443402758,0,0,0,0
3086.461444690,1,0,0,0
3086.461446918,1,1,0,0
3086.461455870,1,1,1,0
3102.479467388,0,1,1,0
3102.479468860,0,0,1,0
3102.479478812,0,0,0,0
3118.497490048,1,0,0,0
3118.497490834,1,1,0,0
3118.497500868,1,1,1,0
3134.515542800,0,1,1,0
3134.515543838,0,0,1,0
3134.515553826,0,0,0,0
3150.533565268,1,0,0,0
3150.533566680,1,1,0,0
3150.533576816,1,1,1,0
3166.551587768,0,1,1,0
3166.551589614,0,0,1,0
3166.551598766,0,0,0,0
3182.569610760,1,0,0,0
3182.569612474,1,1,0,0
3182.569622720,1,1,1,0
3198.587633300,0,1,1,0
3198.587635324,0,0,1,0
3198.587645702,0,0,0,0
3214.605655764,1,0,0,0
3214.605658034,1,1,0,0
3214.605666554,1,1,1,0
3230.623678268,0,1,1,0
3230.623680844,0,0,1,0
3230.623689498,0,0,0,0
3246.641700690,1,0,0,0
3246.641703198,1,1,0,0
3246.641713308,1,1,1,0
3262.659723148,0,1,1,0
3262.659725344,0,0,1,0
3262.659735158,0,0,0,0
3278.677745522,1,0,0,0
3278.677747272,1,1,0,0
3278.677756990,1,1,1,0
3294.695767876,0,1,1,0
3294.695768672,0,0,1,0
3294.695779784,0,0,0,0
3310.713790226,1,0,0,0
3310.713791380,1,1,0,0
3310.713801570,1,1,1,0
3326.731812578,0,1,1,0
3326.731814900,0,0,1,0
3326.731824412,0,0,0,0
3342.749834802,1,0,0,0
3342.749836546,1,1,0,0
3342.749846136,1,1,1,0
3358.767857078,0,1,1,0
3358.767858244,0,0,1,0
3358.767867970,0,0,0,0
3374.785910076,1,0,0,0
3374.785911792,1,1,0,0
3374.785922664,1,1,1,0
3390.803932302,0,1,1,0
3390.803934506,0,0,1,0
3390.803944448,0,0,0,0
3406.821954564,1,0,0,0
3406.821956066,1,1,0,0
3406.821967152,1,1,1,0
3422.839976736,0,1,1,0
3422.839978664,0,0,1,0
3422.839988770,0,0,0,0
3438.857998820,1,0,0,0
3438.858000180,1,1,0,0
3438.858011502,1,1,1,0
3454.876020946,0,1,1,0
3454.876022674,0,0,1,0
3454.876032954,0,0,0,0
3470.894073742,1,0,0,0
3470.894075148,1,1,0,0
3470.894086524,1,1,1,0
3486.912095898,0,1,1,0
3486.912097600,0,0,1,0
3486.912108198,0,0,0,0
3502.930118046,1,0,0,0
3502.930118992,1,1,0,0
3502.930131186,1,1,1,0
3518.948140184,0,1,1,0
3518.948142366,0,0,1,0
3518.948153340,0,0,0,0
3534.966162242,1,0,0,0
3534.966163728,1,1,0,0
3534.966175862,1,1,1,0
3550.984184232,0,1,1,0
3550.984186402,0,0,1,0
3550.984196506,0,0,0,0
3567.002206268,1,0,0,0
3567.002207500,1,1,0,0
3567.002220036,1,1,1,0
3583.020225676,1,1,0,0
3583.020228226,0,1,0,0
3583.020229832,0,0,0,0
3599.038248258,0,0,1,0
3599.038249086,0,1,1,0
3599.038250170,1,1,1,0
3615.056270824,1,0,1,0
3615.056270882,1,0,0,0
3615.056272160,0,0,0,0
3631.074291670,0,1,0,0
3631.074292440,0,1,1,0
3631.074294128,1,1,1,0
3647.092344932,1,0,1,0
3647.092345962,1,0,0,0
3647.092347072,0,0,0,0
3663.110367242,0,1,0,0
3663.110368474,0,1,1,0
3663.110368930,1,1,1,0
3679.128389530,1,0,1,0
3679.128390132,1,0,0,0
3679.128390828,0,0,0,0
3695.146409728,0,1,0,0
3695.146410520,0,1,1,0
3695.146412698,1,1,1,0
3711.164432892,1,0,1,0
3711.164433056,1,0,0,0
3711.164434538,0,0,0,0
3727.182454464,0,0,1,0
3727.182455104,0,1,1,0
3727.182456362,1,1,1,0
3743.200475958,1,1,0,0
3743.200476296,1,0,0,0
3743.200478166,0,0,0,0
3759.218498412,0,1,0,0
3759.218499248,0,1,1,0
3759.218499960,1,1,1,0
3775.236519584,1,0,1,0
3775.236520710,1,0,0,0
3775.236521746,0,0,0,0
3791.254542742,0,1,0,0
3791.254543960,1,1,0,0
3791.254544060,1,1,1,0
3807.272564892,1,0,1,0
3807.272565724,0,0,1,0
3807.272566400,0,0,0,0
3823.290586976,0,1,0,0
3823.290587544,1,1,0,0
3823.290587812,1,1,1,0
3839.308637162,1,0,1,0
3839.308639192,1,0,0,0
3839.308639590,0,0,0,0
3855.326660216,0,1,0,0
3855.326661314,1,1,0,0
3855.326661564,1,1,1,0
3871.344681308,1,0,1,0
3871.344682898,1,0,0,0
3871.344683020,0,0,0,0
3887.362703818,0,1,0,0
3887.362704146,0,1,1,0
3887.362704580,1,1,1,0
3903.380725382,1,0,1,0
3903.380726818,0,0,1,0
3903.380727494,0,0,0,0
3919.398746436,0,1,0,0
3919.398748544,1,1,0,0
3919.398748658,1,1,1,0
3935.416921916,1,1,0,0
3935.416922472,1,0,0,0
3935.416922630,0,0,0,0
3951.435125376,0,1,0,0
3951.435127110,0,1,1,0
3951.435127206,1,1,1,0
3967.453331460,1,0,1,0
3967.453332356,1,0,0,0
3967.453332468,0,0,0,0
3983.471504410,0,1,0,0
3983.471505602,0,1,1,0
3983.471506474,1,1,1,0
3999.489680468,1,0,1,0
3999.489680902,1,0,0,0
3999.489680958,0,0,0,0
4015.507854402,0,1,0,0
4015.507855028,0,1,1,0
4015.507855250,1,1,1,0
4031.526059274,1,1,0,0
4031.526059392,1,0,0,0
4031.526059962,0,0,0,0
4047.544232376,0,1,0,0
4047.544233396,0,1,1,0
4047.544233664,1,1,1,0
4063.562437350,1,0,1,0
4063.562438792,0,0,1,0
4063.562439490,0,0,0,0
4079.580612372,0,1,0,0
4079.580612716,1,1,0,0
4079.580613578,1,1,1,0
4095.598816246,1,0,1,0
4095.598816814,1,0,0,0
4095.598817250,0,0,0,0
4111.616991184,0,1,0,0
4111.616991654,1,1,0,0
4111.616991872,1,1,1,0
4127.635194104,1,0,1,0
4127.635196164,0,0,1,0
4127.635196902,0,0,0,0
4143.653368950,0,1,0,0
4143.653370408,1,1,0,0
4143.653371926,1,1,1,0
4159.671544006,0,1,1,0
4159.671544144,0,0,1,0
4159.671544978,0,0,0,0
4175.689747624,0,1,0,0
4175.689748944,0,1,1,0
4175.689749022,1,1,1,0
4191.707922452,1,0,1,0
4191.707922828,0,0,1,0
4191.707922998,0,0,0,0
4207.726126150,0,1,0,0
4207.726127126,1,1,0,0
4207.726128058,1,1,1,0
4223.744299958,1,0,1,0
4223.744301092,1,0,0,0
4223.744301534,0,0,0,0
4239.762504632,0,1,0,0
4239.762505806,1,1,0,0
4239.762507128,1,1,1,0
4255.780679406,1,0,1,0
4255.780680126,0,0,1,0
4255.780681130,0,0,0,0
4271.798883120,0,1,0,0
4271.798884092,0,1,1,0
4271.798884446,1,1,1,0
4287.817056824,1,0,1,0
4287.817058502,0,0,1,0
4287.817060154,0,0,0,0
4303.835230522,0,1,0,0
4303.835232044,1,1,0,0
4303.835233026,1,1,1,0
4319.853467340,1,0,1,0
4319.853467392,0,0,1,0
4319.853467998,0,0,0,0
4335.871639960,0,1,0,0
4335.871641416,1,1,0,0
4335.871642984,1,1,1,0
4351.889814634,1,0,1,0
4351.889814930,0,0,1,0
4351.889815074,0,0,0,0
4367.907987296,0,1,0,0
4367.907989060,1,1,0,0
4367.907989786,1,1,1,0
4383.926192066,1,0,1,0
4383.926193360,0,0,1,0
4383.926195720,0,0,0,0
4399.944367476,1,0,0,0
4399.944367584,1,1,0,0
4399.944367608,1,1,1,0
4415.962541216,1,0,1,0
4415.962541394,0,0,1,0
4415.962542536,0,0,0,0
4431.980713844,0,1,0,0
4431.980714932,1,1,0,0
4431.980716412,1,1,1,0
4447.998888406,1,0,1,0
4447.998889032,0,0,1,0
4447.998890274,0,0,0,0
4464.017092152,0,1,0,0
4464.017093318,1,1,0,0
4464.017094134,1,1,1,0
4480.035265510,1,0,1,0
4480.035267158,0,0,1,0
4480.035270094,0,0,0,0
4496.053440052,0,1,0,0
4496.053440750,1,1,0,0
4496.053441894,1,1,1,0
4512.071613524,1,0,1,0
4512.071614892,0,0,1,0
4512.071616876,0,0,0,0
4528.089788660,1,0,0,0
4528.089788994,1,1,0,0
4528.089791670,1,1,1,0
4544.107992578,1,0,1,0
4544.107992978,0,0,1,0
4544.107994574,0,0,0,0
4560.126165046,0,1,0,0
4560.126166290,1,1,0,0
4560.126168372,1,1,1,0
4576.144370636,1,0,1,0
4576.144371032,0,0,1,0
4576.144373216,0,0,0,0
4592.162543098,0,1,0,0
4592.162544580,1,1,0,0
4592.162547062,1,1,1,0
4608.180747684,1,0,1,0
4608.180748684,0,0,1,0
4608.180750958,0,0,0,0
4624.198983200,0,1,0,0
4624.198983846,1,1,0,0
4624.198986668,1,1,1,0
4640.217156836,1,0,1,0
4640.217157754,0,0,1,0
4640.217160610,0,0,0,0
4656.235391356,0,1,0,0
4656.235392044,1,1,0,0
4656.235394378,1,1,1,0
4672.253565940,1,0,1,0
4672.253566206,0,0,1,0
4672.253568892,0,0,0,0
4688.271769528,0,1,0,0
4688.271770372,1,1,0,0
4688.271773056,1,1,1,0
4704.289944170,1,0,1,0
4704.289944466,0,0,1,0
4704.289947014,0,0,0,0
4720.308118180,1,0,0,0
4720.308118810,1,1,0,0
4720.308121852,1,1,1,0
4736.326291616,1,0,1,0
4736.326291752,0,0,1,0
4736.326294722,0,0,0,0
4752.344494910,0,1,0,0
4752.344495752,1,1,0,0
4752.344497530,1,1,1,0
4768.362669452,1,0,1,0
4768.362669934,0,0,1,0
4768.362673332,0,0,0,0
4784.380873930,1,0,0,0
4784.380873998,1,1,0,0
4784.380877140,1,1,1,0
4800.399078044,0,1,1,0
4800.399078606,0,0,1,0
4800.399081986,0,0,0,0
4816.417251214,0,1,0,0
4816.417252096,1,1,0,0
4816.417255654,1,1,1,0
4832.435424814,1,0,1,0
4832.435425952,0,0,1,0
4832.435429488,0,0,0,0
4848.453599276,0,1,0,0
4848.453599300,1,1,0,0
4848.453603186,1,1,1,0
4864.471803928,1,0,1,0
4864.471803966,0,0,1,0
4864.471809050,0,0,0,0
4880.490008258,1,0,0,0
4880.490008394,1,1,0,0
4880.490012798,1,1,1,0
4896.508180978,1,0,1,0
4896.508181670,0,0,1,0
4896.508185534,0,0,0,0
4912.526386272,1,0,0,0
4912.526386444,1,1,0,0
4912.526391272,1,1,1,0
4928.544559876,0,1,1,0
4928.544560032,0,0,1,0
4928.544563988,0,0,0,0
4944.562733618,0,1,0,0
4944.562733786,1,1,0,0
4944.562737706,1,1,1,0
4960.580938074,0,1,1,0
4960.580938134,0,0,1,0
4960.580942466,0,0,0,0
4976.599111576,0,1,0,0
4976.599111800,1,1,0,0
4976.599115974,1,1,1,0
4992.617285084,1,0,1,0
4992.617285224,0,0,1,0
4992.617288610,0,0,0,0
5008.635489270,1,0,0,0
5008.635489528,1,1,0,0
5008.635494000,1,1,1,0
5024.653663088,1,0,1,0
5024.653663422,0,0,1,0
5024.653667370,0,0,0,0
5040.671867446,1,0,0,0
5040.671867518,1,1,0,0
5040.671871558,1,1,1,0
5056.690041518,0,1,1,0
5056.690042000,0,0,1,0
5056.690046226,0,0,0,0
5072.708215144,1,0,0,0
5072.708215342,1,1,0,0
5072.708219770,1,1,1,0
5088.726419266,0,1,1,0
5088.726419814,0,0,1,0
5088.726424486,0,0,0,0
5104.744592158,0,1,0,0
5104.744592512,1,1,0,0
5104.744597082,1,1,1,0
5120.762797136,0,1,1,0
5120.762797622,0,0,1,0
5120.762801658,0,0,0,0
5136.781001322,1,0,0,0
5136.781001954,1,1,0,0
5136.781007114,1,1,1,0
5152.799205346,1,0,1,0
5152.799205510,0,0,1,0
5152.799209814,0,0,0,0
5168.817409510,1,0,0,0
5168.817409678,1,1,0,0
5168.817414416,1,1,1,0
5184.835583308,0,1,1,0
5184.835584120,0,0,1,0
5184.835588992,0,0,0,0
5200.853786428,0,1,0,0
5200.853787476,1,1,0,0
5200.853792632,1,1,1,0
5216.871959856,1,0,1,0
5216.871961140,0,0,1,0
5216.871966206,0,0,0,0
5232.890165166,1,0,0,0
5232.890165212,1,1,0,0
5232.890170840,1,1,1,0
5248.908337680,1,0,1,0
5248.908338366,0,0,1,0
5248.908343332,0,0,0,0
5264.926511018,0,1,0,0
5264.926512302,1,1,0,0
5264.926516886,1,1,1,0
5280.944685922,0,1,1,0
5280.944686416,0,0,1,0
5280.944692532,0,0,0,0
5296.962859164,1,0,0,0
5296.962859752,1,1,0,0
5296.962865060,1,1,1,0
5312.981033150,0,1,1,0
5312.981033382,0,0,1,0
5312.981038692,0,0,0,0
5328.999236440,0,1,0,0
5328.999237008,1,1,0,0
5328.999242208,1,1,1,0
5345.017410752,1,0,1,0
5345.017410864,0,0,1,0
5345.017416908,0,0,0,0
5361.035583906,1,0,0,0
5361.035584074,1,1,0,0
5361.035588064,1,1,1,0
5377.053788570,0,1,1,0
5377.053789332,0,0,1,0
5377.053794142,0,0,0,0
5393.071960712,0,1,0,0
5393.071961736,1,1,0,0
5393.071967662,1,1,1,0
5409.090165644,0,1,1,0
5409.090166024,0,0,1,0
5409.090171292,0,0,0,0
5425.108339334,0,1,0,0
5425.108339544,1,1,0,0
5425.108345814,1,1,1,0
5441.126574244,0,1,1,0
5441.126574570,0,0,1,0
5441.126582502,0,0,0,0
5457.144778322,1,0,0,0
5457.144778996,1,1,0,0
5457.144784006,1,1,1,0
5473.162982144,0,1,1,0
5473.162982280,0,0,1,0
5473.162988600,0,0,0,0
5489.181155714,1,0,0,0
5489.181156502,1,1,0,0
5489.181163012,1,1,1,0
5505.199328768,1,0,1,0
5505.199328774,0,0,1,0
5505.199334526,0,0,0,0
5521.217502642,1,0,0,0
5521.217502916,1,1,0,0
5521.217509930,1,1,1,0
5537.235676248,0,1,1,0
5537.235677172,0,0,1,0
5537.235683502,0,0,0,0
5553.253848370,0,1,0,0
5553.253849220,1,1,0,0
5553.253855966,1,1,1,0
5569.272023060,0,1,1,0
5569.272024684,0,0,1,0
5569.272028478,0,0,0,0
5585.290226772,1,0,0,0
5585.290228238,1,1,0,0
5585.290233932,1,1,1,0
5601.308400096,1,0,1,0
5601.308400472,0,0,1,0
5601.308406434,0,0,0,0
5617.326604262,0,1,0,0
5617.326604288,1,1,0,0
5617.326609950,1,1,1,0
5633.344777786,0,1,1,0
5633.344778544,0,0,1,0
5633.344785442,0,0,0,0
5649.362981720,1,0,0,0
5649.362982768,1,1,0,0
5649.362987880,1,1,1,0
5665.381184992,1,0,1,0
5665.381185658,0,0,1,0
5665.381192366,0,0,0,0
5681.399359158,1,0,0,0
5681.399360224,1,1,0,0
5681.399366296,1,1,1,0
5697.417532274,0,1,1,0
5697.417532440,0,0,1,0
5697.417539392,0,0,0,0
5713.435706078,1,0,0,0
5713.435706588,1,1,0,0
5713.435713618,1,1,1,0
5729.453909760,0,1,1,0
5729.453909804,0,0,1,0
5729.453917082,0,0,0,0
5745.472083390,1,0,0,0
5745.472083902,1,1,0,0
5745.472091562,1,1,1,0
5761.490287132,1,0,1,0
5761.490287464,0,0,1,0
5761.490295046,0,0,0,0
5777.508460854,1,0,0,0
5777.508462244,1,1,0,0
5777.508470482,1,1,1,0
5793.526664870,0,1,1,0
5793.526666478,0,0,1,0
5793.526672958,0,0,0,0
5809.544837826,1,0,0,0
5809.544838584,1,1,0,0
5809.544844392,1,1,1,0
5825.563042416,0,1,1,0
5825.563043812,0,0,1,0
5825.563049748,0,0,0,0
5841.581215560,1,0,0,0
5841.581215968,1,1,0,0
5841.581222124,1,1,1,0
5857.599389380,0,1,1,0
5857.599390054,0,0,1,0
5857.599396672,0,0,0,0
5873.617562812,1,0,0,0
5873.617564250,1,1,0,0
5873.617571084,1,1,1,0
5889.635735988,0,1,1,0
5889.635736378,0,0,1,0
5889.635743606,0,0,0,0
5905.653909660,1,0,0,0
5905.653910444,1,1,0,0
5905.653917016,1,1,1,0
5921.672083080,0,1,1,0
5921.672085704,0,0,1,0
5921.672092552,0,0,0,0
5937.690287000,1,0,0,0
5937.690287836,1,1,0,0
5937.690296046,1,1,1,0
5953.708460034,1,0,1,0
5953.708460168,0,0,1,0
5953.708467658,0,0,0,0
5969.726664524,1,0,0,0
5969.726666238,1,1,0,0
5969.726673098,1,1,1,0
5985.744837876,0,1,1,0
5985.744839374,0,0,1,0
5985.744845578,0,0,0,0
6001.763041512,0,1,0,0
6001.763041658,1,1,0,0
6001.763050000,1,1,1,0
6017.781215508,0,1,1,0
6017.781216648,0,0,1,0
6017.781224234,0,0,0,0
6033.799389046,1,0,0,0
6033.799389782,1,1,0,0
6033.799397352,1,1,1,0
6049.817593016,0,1,1,0
6049.817594850,0,0,1,0
6049.817601518,0,0,0,0
6065.835766420,1,0,0,0
6065.835768040,1,1,0,0
6065.835776008,1,1,1,0
6081.853970376,0,1,1,0
6081.853971288,0,0,1,0
6081.853980550,0,0,0,0
6097.872143458,1,0,0,0
6097.872144346,1,1,0,0
6097.872151040,1,1,1,0
6113.890378284,0,1,1,0
6113.890379526,0,0,1,0
6113.890387576,0,0,0,0
6129.908581982,1,0,0,0
6129.908582578,1,1,0,0
6129.908590978,1,1,1,0
6145.926755614,0,1,1,0
6145.926757814,0,0,1,0
6145.926763422,0,0,0,0
6161.944928504,1,0,0,0
6161.944929928,1,1,0,0
6161.944936808,1,1,1,0
6177.963102330,0,1,1,0
6177.963103104,0,0,1,0
6177.963111242,0,0,0,0
6193.981275778,1,0,0,0
6193.981276280,1,1,0,0
6193.981284620,1,1,1,0
6209.999448786,0,1,1,0
6209.999450452,0,0,1,0
6209.999457992,0,0,0,0
6226.017683488,1,0,0,0
6226.017684562,1,1,0,0
6226.017693436,1,1,1,0
6242.035857056,0,1,1,0
6242.035857728,0,0,1,0
6242.035865862,0,0,0,0
6258.054030006,1,0,0,0
6258.054030770,1,1,0,0
6258.054039166,1,1,1,0
6274.072203764,0,1,1,0
6274.072204994,0,0,1,0
6274.072213580,0,0,0,0
6290.090407586,1,0,0,0
6290.090408026,1,1,0,0
6290.090416940,1,1,1,0
6306.108611404,0,1,1,0
6306.108613118,0,0,1,0
6306.108621344,0,0,0,0
6322.126785162,0,1,0,0
6322.126785178,1,1,0,0
6322.126794652,1,1,1,0
6338.144958762,0,1,1,0
6338.144959332,0,0,1,0
6338.144969074,0,0,0,0
6354.163131832,1,0,0,0
6354.163133370,1,1,0,0
6354.163142252,1,1,1,0
6370.181336202,0,1,1,0
6370.181337522,0,0,1,0
6370.181346844,0,0,0,0
6386.199509322,1,0,0,0
6386.199509486,1,1,0,0
6386.199520130,1,1,1,0
6402.217713192,0,1,1,0
6402.217713512,0,0,1,0
6402.217723478,0,0,0,0
6418.235886870,1,0,0,0
6418.235887592,1,1,0,0
6418.235896832,1,1,1,0
6434.254090734,0,1,1,0
6434.254092662,0,0,1,0
6434.254101230,0,0,0,0
6450.272264298,1,0,0,0
6450.272264682,1,1,0,0
6450.272275518,1,1,1,0
6466.290468240,0,1,1,0
6466.290469772,0,0,1,0
6466.290477872,0,0,0,0
6482.308641604,1,0,0,0
6482.308642724,1,1,0,0
6482.308653156,1,1,1,0
6498.326875782,0,1,1,0
6498.326876864,0,0,1,0
6498.326887486,0,0,0,0
6514.345079960,1,0,0,0
6514.345080826,1,1,0,0
6514.345090768,1,1,1,0
6530.363253142,0,1,1,0
6530.363253972,0,0,1,0
6530.363265046,0,0,0,0
6546.381487692,1,0,0,0
6546.381488048,1,1,0,0
6546.381498326,1,1,1,0
6562.399661116,0,1,1,0
6562.399662182,0,0,1,0
6562.399672646,0,0,0,0
6578.417834210,1,0,0,0
6578.417836176,1,1,0,0
6578.417845842,1,1,1,0
6594.436007726,0,1,1,0
6594.436008220,0,0,1,0
6594.436019138,0,0,0,0
6610.454242126,1,0,0,0
6610.454243270,1,1,0,0
6610.454253510,1,1,1,0
6626.472445964,0,1,1,0
6626.472448316,0,0,1,0
6626.472457798,0,0,0,0
6642.490618874,1,0,0,0
6642.490620370,1,1,0,0
6642.490630164,1,1,1,0
6658.508823160,0,1,1,0
6658.508824360,0,0,1,0
6658.508835394,0,0,0,0
6674.526996260,1,0,0,0
6674.526998356,1,1,0,0
6674.527007572,1,1,1,0
6690.545199980,0,1,1,0
6690.545202348,0,0,1,0
6690.545211860,0,0,0,0
6706.563373580,1,0,0,0
6706.563375278,1,1,0,0
6706.563385166,1,1,1,0
6722.581577240,0,1,1,0
6722.581578344,0,0,1,0
6722.581588480,0,0,0,0
6738.599750650,1,0,0,0
6738.599752346,1,1,0,0
6738.599762744,1,1,1,0
6754.617954476,0,1,1,0
6754.617956390,0,0,1,0
6754.617967102,0,0,0,0
6770.636158048,1,0,0,0
6770.636160498,1,1,0,0
6770.636169404,1,1,1,0
6786.654331552,0,1,1,0
6786.654333546,0,0,1,0
6786.654343770,0,0,0,0
6802.672504438,1,0,0,0
6802.672505598,1,1,0,0
6802.672516094,1,1,1,0
6818.690678124,0,1,1,0
6818.690678758,0,0,1,0
6818.690690454,0,0,0,0
6834.708851490,1,0,0,0
6834.708853720,1,1,0,0
6834.708865560,1,1,1,0
6850.727024356,0,1,1,0
6850.727026804,0,0,1,0
6850.727035962,0,0,0,0
6866.745197986,1,0,0,0
6866.745199776,1,1,0,0
6866.745210256,1,1,1,0
6882.763371374,0,1,1,0
6882.763372872,0,0,1,0
6882.763385670,0,0,0,0
6898.781575152,1,0,0,0
6898.781577858,1,1,0,0
6898.781587982,1,1,1,0
6914.799748494,0,1,1,0
6914.799751412,0,0,1,0
6914.799761288,0,0,0,0
6930.817952276,1,0,0,0
6930.817953968,1,1,0,0
6930.817965732,1,1,1,0
6946.836125248,0,1,1,0
6946.836127084,0,0,1,0
6946.836138046,0,0,0,0
6962.854329402,1,0,0,0
6962.854332074,1,1,0,0
6962.854341372,1,1,1,0
6978.872533164,0,1,1,0
6978.872536170,0,0,1,0
6978.872545612,0,0,0,0
6994.890706052,1,0,0,0
6994.890707206,1,1,0,0
6994.890717862,1,1,1,0
7010.908910248,0,1,1,0
7010.908912302,0,0,1,0
7010.908923230,0,0,0,0
7026.927113996,1,0,0,0
7026.927117264,1,1,0,0
7026.927127466,1,1,1,0
7042.945286938,0,1,1,0
7042.945289292,0,0,1,0
7042.945299752,0,0,0,0
7058.963459050,0,0,1,0
7058.963459322,0,1,1,0
7058.963460564,1,1,1,0
7074.981662338,1,0,1,0
7074.981662392,1,0,0,0
7074.981664184,0,0,0,0
7090.999835628,0,0,1,0
7090.999837368,0,1,1,0
7090.999837624,1,1,1,0
7107.018039992,1,1,0,0
7107.018041402,1,0,0,0
7107.018041444,0,0,0,0
7123.036214182,0,0,1,0
7123.036214372,0,1,1,0
7123.036214634,1,1,1,0
7139.054386338,1,0,1,0
7139.054386486,1,0,0,0
7139.054387632,0,0,0,0
7155.072559368,0,1,0,0
7155.072560664,0,1,1,0
7155.072561192,1,1,1,0
7171.090762754,1,1,0,0
7171.090763512,1,0,0,0
7171.090764872,0,0,0,0
7187.108936350,0,1,0,0
7187.108937976,0,1,1,0
7187.108938314,1,1,1,0
7203.127109246,1,1,0,0
7203.127109382,1,0,0,0
7203.127111200,0,0,0,0
7219.145282352,0,1,0,0
7219.145283472,0,1,1,0
7219.145284772,1,1,1,0
7235.163456380,1,0,1,0
7235.163457678,1,0,0,0
7235.163458148,0,0,0,0
7251.181629286,0,1,0,0
7251.181629962,0,1,1,0
7251.181631090,1,1,1,0
7267.199803234,1,1,0,0
7267.199803380,1,0,0,0
7267.199804660,0,0,0,0
7283.217976392,0,0,1,0
7283.217977286,0,1,1,0
7283.217977984,1,1,1,0
7299.236149316,1,0,1,0
7299.236149666,1,0,0,0
7299.236150994,0,0,0,0
7315.254323288,0,1,0,0
7315.254324004,0,1,1,0
7315.254324570,1,1,1,0
7331.272496320,1,0,1,0
7331.272497200,1,0,0,0
7331.272497838,0,0,0,0
7347.290700212,0,1,0,0
7347.290701384,0,1,1,0
7347.290701530,1,1,1,0
7363.308904228,1,0,1,0
7363.308904564,1,0,0,0
7363.308905280,0,0,0,0
7379.327077124,0,1,0,0
7379.327078478,1,1,0,0
7379.327078812,1,1,1,0
7395.345250210,1,0,1,0
7395.345251044,1,0,0,0
7395.345251494,0,0,0,0
7411.363484106,0,1,0,0
7411.363485222,0,1,1,0
7411.363486130,1,1,1,0
7427.381659118,1,0,1,0
7427.381659446,1,0,0,0
7427.381659450,0,0,0,0
7443.399830930,0,1,0,0
7443.399832394,1,1,0,0
7443.399832684,1,1,1,0
7459.418003864,1,0,1,0
7459.418005852,1,0,0,0
7459.418006078,0,0,0,0
7475.436209016,0,0,1,0
7475.436209696,1,0,1,0
7475.436209796,1,1,1,0
7491.454412784,1,0,1,0
7491.454413366,0,0,1,0
7491.454414230,0,0,0,0
7507.472615642,0,1,0,0
7507.472616968,1,1,0,0
7507.472617264,1,1,1,0
7523.490788614,1,0,1,0
7523.490790556,0,0,1,0
7523.490790598,0,0,0,0
7539.508963528,0,1,0,0
7539.508963954,1,1,0,0
7539.508964812,1,1,1,0
7555.527135436,1,0,1,0
7555.527136846,0,0,1,0
7555.527137020,0,0,0,0
7571.545340350,0,1,0,0
7571.545341054,1,1,0,0
7571.545341202,1,1,1,0
7587.563512396,1,0,1,0
7587.563514020,0,0,1,0
7587.563515498,0,0,0,0
7603.581686388,0,1,0,0
7603.581687558,1,1,0,0
7603.581687688,1,1,1,0
7619.599889316,1,0,1,0
7619.599891284,0,0,1,0
7619.599891992,0,0,0,0
7635.618063250,0,1,0,0
7635.618064580,1,1,0,0
7635.618066184,1,1,1,0
7651.636267310,1,0,1,0
7651.636268436,0,0,1,0
7651.636269428,0,0,0,0
7667.654470180,0,1,0,0
7667.654472098,1,1,0,0
7667.654472674,1,1,1,0
7683.672675184,1,0,1,0
7683.672675770,0,0,1,0
7683.672676910,0,0,0,0
7699.690848074,0,1,0,0
7699.690849078,1,1,0,0
7699.690849104,1,1,1,0
7715.709022092,1,0,1,0
7715.709022332,0,0,1,0
7715.709024288,0,0,0,0
7731.727194058,0,1,0,0
7731.727195342,1,1,0,0
7731.727197490,1,1,1,0
7747.745398976,0,1,1,0
7747.745399022,0,0,1,0
7747.745400678,0,0,0,0
7763.763570920,0,1,0,0
7763.763572478,1,1,0,0
7763.763573810,1,1,1,0
7779.781744872,1,0,1,0
7779.781745656,0,0,1,0
7779.781747982,0,0,0,0
7795.799916822,0,1,0,0
7795.799918580,1,1,0,0
7795.799920168,1,1,1,0
7811.818091768,1,0,1,0
7811.818092126,0,0,1,0
7811.818093468,0,0,0,0
7827.836265298,1,0,0,0
7827.836265702,1,1,0,0
7827.836268454,1,1,1,0
7843.854468566,1,0,1,0
7843.854469090,0,0,1,0
7843.854470612,0,0,0,0
7859.872641478,0,1,0,0
7859.872641804,1,1,0,0
7859.872643770,1,1,1,0
7875.890845394,1,0,1,0
7875.890845890,0,0,1,0
7875.890848046,0,0,0,0
7891.909018368,0,1,0,0
7891.909018778,1,1,0,0
7891.909020222,1,1,1,0
7907.927221266,1,0,1,0
7907.927222216,0,0,1,0
7907.927223500,0,0,0,0
7923.945395712,1,0,0,0
7923.945396162,1,1,0,0
7923.945397590,1,1,1,0
7939.963599048,1,0,1,0
7939.963599258,0,0,1,0
7939.963600848,0,0,0,0
7955.981772680,1,0,0,0
7955.981772984,1,1,0,0
7955.981774920,1,1,1,0
7971.999974852,1,0,1,0
7971.999976278,0,0,1,0
7971.999980096,0,0,0,0
7988.018149444,1,0,0,0
7988.018149720,1,1,0,0
7988.018152212,1,1,1,0
8004.036352576,1,0,1,0
8004.036353096,0,0,1,0
8004.036356372,0,0,0,0
8020.054526242,1,0,0,0
8020.054526502,1,1,0,0
8020.054528544,1,1,1,0
8036.072729432,1,0,1,0
8036.072729834,0,0,1,0
8036.072732718,0,0,0,0
8052.090901246,0,1,0,0
8052.090902552,1,1,0,0
8052.090905988,1,1,1,0
8068.109075184,1,0,1,0
8068.109076080,0,0,1,0
8068.109080176,0,0,0,0
8084.127279550,1,0,0,0
8084.127280064,1,1,0,0
8084.127283358,1,1,1,0
8100.145452892,0,1,1,0
8100.145452998,0,0,1,0
8100.145456514,0,0,0,0
8116.163624864,0,1,0,0
8116.163625486,1,1,0,0
8116.163629486,1,1,1,0
8132.181797796,1,0,1,0
8132.181799020,0,0,1,0
8132.181800622,0,0,0,0
8148.199971670,0,1,0,0
8148.199972258,1,1,0,0
8148.199974644,1,1,1,0
8164.218143616,1,0,1,0
8164.218145004,0,0,1,0
8164.218147660,0,0,0,0
8180.236317416,0,1,0,0
8180.236318486,1,1,0,0
8180.236320744,1,1,1,0
8196.254491212,1,0,1,0
8196.254491708,0,0,1,0
8196.254493872,0,0,0,0
8212.272664074,0,1,0,0
8212.272664368,1,1,0,0
8212.272666950,1,1,1,0
8228.290836856,1,0,1,0
8228.290837772,0,0,1,0
8228.290840008,0,0,0,0
8244.309040688,0,1,0,0
8244.309041166,1,1,0,0
8244.309045088,1,1,1,0
8260.327213522,1,0,1,0
8260.327214488,0,0,1,0
8260.327218146,0,0,0,0
8276.345417288,0,1,0,0
8276.345417992,1,1,0,0
8276.345421216,1,1,1,0
8292.363590186,1,0,1,0
8292.363591120,0,0,1,0
8292.363594342,0,0,0,0
8308.381793958,0,1,0,0
8308.381794620,1,1,0,0
8308.381799342,1,1,1,0
8324.399967678,0,1,1,0
8324.399968784,0,0,1,0
8324.399971454,0,0,0,0
8340.418170534,0,1,0,0
8340.418171158,1,1,0,0
8340.418175452,1,1,1,0
8356.436342404,1,0,1,0
8356.436343812,0,0,1,0
8356.436347560,0,0,0,0
8372.454515842,0,1,0,0
8372.454517158,1,1,0,0
8372.454519558,1,1,1,0
8388.472720090,1,0,1,0
8388.472720566,0,0,1,0
8388.472723672,0,0,0,0
8404.490923896,0,1,0,0
8404.490923964,1,1,0,0
8404.490927726,1,1,1,0
8420.509126766,1,0,1,0
8420.509127304,0,0,1,0
8420.509129828,0,0,0,0
8436.527300586,1,0,0,0
8436.527300648,1,1,0,0
8436.527303874,1,1,1,0
8452.545473804,0,1,1,0
8452.545474522,0,0,1,0
8452.545477960,0,0,0,0
8468.563677264,1,0,0,0
8468.563677326,1,1,0,0
8468.563680980,1,1,1,0
8484.581850124,1,0,1,0
8484.581850284,0,0,1,0
8484.581854044,0,0,0,0
8500.600021924,0,1,0,0
8500.600022992,1,1,0,0
8500.600027054,1,1,1,0
8516.618226378,0,1,1,0
8516.618226768,0,0,1,0
8516.618230104,0,0,0,0
8532.636399490,0,1,0,0
8532.636399638,1,1,0,0
8532.636404110,1,1,1,0
8548.654602384,1,0,1,0
8548.654603070,0,0,1,0
8548.654607096,0,0,0,0
8564.672776094,0,1,0,0
8564.672776250,1,1,0,0
8564.672780156,1,1,1,0
8580.690978914,1,0,1,0
8580.690979734,0,0,1,0
8580.690985138,0,0,0,0
8596.709152780,1,0,0,0
8596.709153618,1,1,0,0
8596.709157194,1,1,1,0
8612.727356320,0,1,1,0
8612.727356442,0,0,1,0
8612.727361304,0,0,0,0
8628.745529272,0,1,0,0
8628.745529362,1,1,0,0
8628.745534304,1,1,1,0
8644.763732898,0,1,1,0
8644.763733036,0,0,1,0
8644.763738426,0,0,0,0
8660.781935806,0,1,0,0
8660.781936378,1,1,0,0
8660.781941496,1,1,1,0
8676.800109352,0,1,1,0
8676.800110628,0,0,1,0
8676.800113610,0,0,0,0
8692.818282134,1,0,0,0
8692.818282382,1,1,0,0
8692.818287664,1,1,1,0
8708.836485128,1,0,1,0
8708.836485402,0,0,1,0
8708.836490768,0,0,0,0
8724.854689112,1,0,0,0
8724.854689934,1,1,0,0
8724.854694760,1,1,1,0
8740.872861800,1,0,1,0
8740.872861880,0,0,1,0
8740.872868872,0,0,0,0
8756.891034538,0,1,0,0
8756.891034956,1,1,0,0
8756.891039870,1,1,1,0
8772.909237390,1,0,1,0
8772.909238404,0,0,1,0
8772.909242852,0,0,0,0
8788.927502658,1,0,0,0
8788.927503174,1,1,0,0
8788.927507890,1,1,1,0
8804.945675786,0,1,1,0
8804.945676084,0,0,1,0
8804.945681038,0,0,0,0
8820.963848674,1,0,0,0
8820.963848876,1,1,0,0
8820.963855004,1,1,1,0
8836.982052120,0,1,1,0
8836.982052666,0,0,1,0
8836.982059076,0,0,0,0
8853.000224698,1,0,0,0
8853.000225456,1,1,0,0
8853.000230910,1,1,1,0
8869.018428470,0,1,1,0
8869.018429248,0,0,1,0
8869.018434984,0,0,0,0
8885.036631804,1,0,0,0
8885.036631966,1,1,0,0
8885.036638868,1,1,1,0
8901.054804462,0,1,1,0
8901.054804754,0,0,1,0
8901.054809868,0,0,0,0
8917.072977490,0,1,0,0
8917.072977748,1,1,0,0
8917.072983814,1,1,1,0
8933.091150658,0,1,1,0
8933.091151232,0,0,1,0
8933.091157808,0,0,0,0
8949.109323248,1,0,0,0
8949.109324028,1,1,0,0
8949.109328804,1,1,1,0
8965.127525750,1,0,1,0
8965.127526392,0,0,1,0
8965.127532720,0,0,0,0
8981.145699408,0,1,0,0
8981.145699658,1,1,0,0
8981.145706714,1,1,1,0
8997.163872796,0,1,1,0
8997.163873192,0,0,1,0
8997.163878634,0,0,0,0
9013.182045186,1,0,0,0
9013.182046916,1,1,0,0
9013.182051570,1,1,1,0
9029.200249076,0,1,1,0
9029.200250638,0,0,1,0
9029.200256486,0,0,0,0
9045.218421650,1,0,0,0
9045.218422296,1,1,0,0
9045.218428342,1,1,1,0
9061.236594784,0,1,1,0
9061.236595008,0,0,1,0
9061.236602312,0,0,0,0
9077.254797660,0,1,0,0
9077.254798168,1,1,0,0
9077.254805168,1,1,1,0
9093.273001370,1,0,1,0
9093.273001486,0,0,1,0
9093.273008082,0,0,0,0
9109.291173960,0,1,0,0
9109.291174616,1,1,0,0
9109.291181954,1,1,1,0
9125.309378062,0,1,1,0
9125.309378740,0,0,1,0
9125.309384938,0,0,0,0
9141.327551014,1,0,0,0
9141.327551342,1,1,0,0
9141.327558810,1,1,1,0
9157.345754134,1,0,1,0
9157.345754468,0,0,1,0
9157.345761856,0,0,0,0
9173.363927352,1,0,0,0
9173.363928728,1,1,0,0
9173.363935782,1,1,1,0
9189.382130796,0,1,1,0
9189.382131508,0,0,1,0
9189.382138638,0,0,0,0
9205.400303222,0,1,0,0
9205.400303296,1,1,0,0
9205.400310380,1,1,1,0
9221.418476604,0,1,1,0
9221.418476934,0,0,1,0
9221.418485176,0,0,0,0
9237.436679842,1,0,0,0
9237.436680638,1,1,0,0
9237.436687098,1,1,1,0
9253.454852894,0,1,1,0
9253.454853280,0,0,1,0
9253.454861012,0,0,0,0
9269.473024988,0,1,0,0
9269.473025266,1,1,0,0
9269.473032936,1,1,1,0
9285.491198504,1,0,1,0
9285.491198514,0,0,1,0
9285.491205906,0,0,0,0
9301.509371340,0,1,0,0
9301.509371520,1,1,0,0
9301.509378768,1,1,1,0
9317.527543962,0,1,1,0
9317.527544114,0,0,1,0
9317.527552684,0,0,0,0
9333.545747768,1,0,0,0
9333.545748820,1,1,0,0
9333.545755600,1,1,1,0
9349.563920384,0,1,1,0
9349.563920516,0,0,1,0
9349.563927560,0,0,0,0
9365.582123504,1,0,0,0
9365.582124210,1,1,0,0
9365.582132470,1,1,1,0
9381.600296742,0,1,1,0
9381.600297900,0,0,1,0
9381.600305436,0,0,0,0
9397.618499930,1,0,0,0
9397.618500472,1,1,0,0
9397.618508354,1,1,1,0
9413.636673054,0,1,1,0
9413.636673174,0,0,1,0
9413.636682276,0,0,0,0
9429.654876308,1,0,0,0
9429.654876760,1,1,0,0
9429.654885284,1,1,1,0
9445.673079440,0,1,1,0
9445.673080472,0,0,1,0
9445.673088280,0,0,0,0
9461.691252448,1,0,0,0
9461.691254124,1,1,0,0
9461.691262286,1,1,1,0
9477.709455760,0,1,1,0
9477.709455832,0,0,1,0
9477.709464216,0,0,0,0
9493.727658880,1,0,0,0
9493.727659474,1,1,0,0
9493.727668156,1,1,1,0
9509.745831930,0,1,1,0
9509.745833118,0,0,1,0
9509.745842144,0,0,0,0
9525.764004666,1,0,0,0
9525.764005824,1,1,0,0
9525.764013092,1,1,1,0
9541.782207956,0,1,1,0
9541.782209584,0,0,1,0
9541.782216024,0,0,0,0
9557.800380360,1,0,0,0
9557.800381152,1,1,0,0
9557.800388888,1,1,1,0
9573.818584014,0,1,1,0
9573.818584848,0,0,1,0
9573.818592812,0,0,0,0
9589.836756484,0,1,0,0
9589.836756610,1,1,0,0
9589.836764738,1,1,1,0
9605.854959700,0,1,1,0
9605.854961178,0,0,1,0
9605.854969650,0,0,0,0
9621.873132852,1,0,0,0
9621.873133746,1,1,0,0
9621.873141444,1,1,1,0
9637.891335870,0,1,1,0
9637.891337486,0,0,1,0
9637.891344340,0,0,0,0
9653.909508818,1,0,0,0
9653.909511100,1,1,0,0
9653.909519248,1,1,1,0
9669.927712080,0,1,1,0
9669.927712840,0,0,1,0
9669.927721152,0,0,0,0
9685.945884778,1,0,0,0
9685.945886454,1,1,0,0
9685.945894988,1,1,1,0
9701.964088096,0,1,1,0
9701.964090120,0,0,1,0
9701.964098926,0,0,0,0
9717.982321860,1,0,0,0
9717.982323668,1,1,0,0
9717.982332818,1,1,1,0
9734.000555492,0,1,1,0
9734.000556454,0,0,1,0
9734.000565692,0,0,0,0
9750.018728374,1,0,0,0
9750.018729064,1,1,0,0
9750.018738590,1,1,1,0
9766.036901198,0,1,1,0
9766.036903670,0,0,1,0
9766.036911412,0,0,0,0
9782.055073766,1,0,0,0
9782.055075210,1,1,0,0
9782.055083172,1,1,1,0
9798.073276960,0,1,1,0
9798.073277938,0,0,1,0
9798.073286114,0,0,0,0
9814.091449970,1,0,0,0
9814.091451482,1,1,0,0
9814.091458882,1,1,1,0
9830.109653166,0,1,1,0
9830.109654150,0,0,1,0
9830.109662758,0,0,0,0
9846.127826114,1,0,0,0
9846.127827748,1,1,0,0
9846.127836570,1,1,1,0
9862.146029438,0,1,1,0
9862.146030404,0,0,1,0
9862.146038492,0,0,0,0
9878.164202198,1,0,0,0
9878.164204004,1,1,0,0
9878.164212312,1,1,1,0
9894.182435702,0,1,1,0
9894.182436662,0,0,1,0
9894.182447176,0,0,0,0
9910.200608766,1,0,0,0
9910.200611248,1,1,0,0
9910.200619038,1,1,1,0
9926.218964630,0,1,1,0
9926.218966828,0,0,1,0
9926.218975884,0,0,0,0
9942.237503490,1,0,0,0
9942.237505400,1,1,0,0
9942.237514930,1,1,1,0
9958.256042034,0,1,1,0
9958.256043966,0,0,1,0
9958.256052602,0,0,0,0
9974.274581082,1,0,0,0
9974.274582532,1,1,0,0
9974.274591220,1,1,1,0
9990.293120184,0,1,1,0
9990.293121222,0,0,1,0
9990.293131074,0,0,0,0
10006.311659168,1,0,0,0
10006.311660738,1,1,0,0
10006.311669888,1,1,1,0
10022.330198146,0,1,1,0
10022.330199490,0,0,1,0
10022.330208680,0,0,0,0
10038.348767304,1,0,0,0
10038.348767986,1,1,0,0
10038.348777476,1,1,1,0
10054.367306336,0,1,1,0
10054.367306608,0,0,1,0
10054.367316322,0,0,0,0
10070.385845428,1,0,0,0
10070.385847172,1,1,0,0
10070.385856120,1,1,1,0
10086.404414520,0,1,1,0
10086.404415860,0,0,1,0
10086.404426970,0,0,0,0
10102.422953482,0,1,0,0
10102.422953544,1,1,0,0
10102.422963756,1,1,1,0
10118.441492626,0,1,1,0
10118.441493162,0,0,1,0
10118.441502586,0,0,0,0
10134.460031710,1,0,0,0
10134.460033720,1,1,0,0
10134.460043188,1,1,1,0
10150.478570598,0,1,1,0
10150.478573464,0,0,1,0
10150.478580904,0,0,0,0
10166.497139796,1,0,0,0
10166.497142010,1,1,0,0
10166.497151742,1,1,1,0
10182.515678860,0,1,1,0
10182.515680672,0,0,1,0
10182.515690564,0,0,0,0
10198.534217864,1,0,0,0
10198.534219212,1,1,0,0
10198.534229334,1,1,1,0
10214.552756804,0,1,1,0
10214.552758878,0,0,1,0
10214.552768150,0,0,0,0
10230.571295686,1,0,0,0
10230.571297418,1,1,0,0
10230.571306984,1,1,1,0
10246.589834640,0,1,1,0
10246.589835968,0,0,1,0
10246.589846814,0,0,0,0
10262.608373106,1,0,0,0
10262.608374596,1,1,0,0
10262.608384662,1,1,1,0
10278.626912252,0,1,1,0
10278.626913222,0,0,1,0
10278.626925574,0,0,0,0
10294.645451270,1,0,0,0
10294.645452716,1,1,0,0
10294.645463484,1,1,1,0
10310.663990344,0,1,1,0
10310.663990394,0,0,1,0
10310.664002760,0,0,0,0
10326.682529164,1,0,0,0
10326.682530950,1,1,0,0
10326.682543240,1,1,1,0
10342.701068100,0,1,1,0
10342.701069558,0,0,1,0
10342.701080202,0,0,0,0
10358.719606970,1,0,0,0
10358.719610164,1,1,0,0
10358.719618910,1,1,1,0
10374.738145460,0,1,1,0
10374.738147754,0,0,1,0
10374.738158782,0,0,0,0
10390.756684444,1,0,0,0
10390.756686348,1,1,0,0
10390.756696538,1,1,1,0
10406.775223496,0,1,1,0
10406.775226070,0,0,1,0
10406.775235350,0,0,0,0
10422.793762484,1,0,0,0
10422.793764660,1,1,0,0
10422.793775102,1,1,1,0
10438.812301410,0,1,1,0
10438.812302254,0,0,1,0
10438.812314840,0,0,0,0
10454.830840220,1,0,0,0
10454.830841848,1,1,0,0
10454.830853520,1,1,1,0
10470.849379096,0,1,1,0
10470.849381448,0,0,1,0
10470.849392318,0,0,0,0
10486.867917478,1,0,0,0
10486.867919060,1,1,0,0
10486.867931020,1,1,1,0
10502.886454896,1,1,0,0
10502.886455732,1,0,0,0
10502.886456492,0,0,0,0
10518.904993584,0,0,1,0
10518.904994274,0,1,1,0
10518.904995496,1,1,1,0
10534.923533318,1,1,0,0
10534.923533938,1,0,0,0
10534.923534622,0,0,0,0
10550.942072068,0,0,1,0
10550.942072482,0,1,1,0
10550.942073568,1,1,1,0
10566.960610864,1,1,0,0
10566.960611146,1,0,0,0
10566.960612516,0,0,0,0
10582.979150632,0,1,0,0
10582.979150730,0,1,1,0
10582.979151400,1,1,1,0
10598.997689308,1,0,1,0
10598.997689580,1,0,0,0
10598.997690348,0,0,0,0
10615.016258806,0,1,0,0
10615.016259206,0,1,1,0
10615.016259744,1,1,1,0
10631.034797548,1,0,1,0
10631.034797882,1,0,0,0
10631.034798632,0,0,0,0
10647.053336036,0,1,0,0
10647.053336628,0,1,1,0
10647.053337516,1,1,1,0
10663.071874762,1,0,1,0
10663.071876238,1,0,0,0
10663.071876460,0,0,0,0
10679.090413308,0,1,0,0
10679.090413920,0,1,1,0
10679.090414900,1,1,1,0
10695.108953094,1,0,1,0
10695.108953702,1,0,0,0
10695.108953896,0,0,0,0
10711.127490438,0,1,0,0
10711.127491486,0,1,1,0
10711.127492828,1,1,1,0
10727.146030090,1,0,1,0
10727.146031196,1,0,0,0
10727.146031816,0,0,0,0
10743.164569620,0,1,0,0
10743.164570674,1,1,0,0
10743.164570784,1,1,1,0
10759.183108146,1,0,1,0
10759.183108532,1,0,0,0
10759.183109472,0,0,0,0
10775.201646678,0,1,0,0
10775.201648244,0,1,1,0
10775.201648278,1,1,1,0
10791.220185268,1,0,1,0
10791.220186706,0,0,1,0
10791.220186898,0,0,0,0
10807.238724696,0,0,1,0
10807.238724798,0,1,1,0
10807.238725634,1,1,1,0
10823.257263422,1,1,0,0
10823.257263444,1,0,0,0
10823.257264676,0,0,0,0
10839.275801904,0,1,0,0
10839.275803664,1,1,0,0
10839.275804090,1,1,1,0
10855.294340488,1,0,1,0
10855.294341868,1,0,0,0
10855.294342526,0,0,0,0
10871.312880014,0,1,0,0
10871.312881394,1,1,0,0
10871.312881530,1,1,1,0
10887.331419596,1,0,1,0
10887.331420194,0,0,1,0
10887.331421232,0,0,0,0
10903.349957126,0,1,0,0
10903.349958628,1,1,0,0
10903.349958822,1,1,1,0
10919.368496708,1,0,1,0
10919.368497456,1,0,0,0
10919.368497618,0,0,0,0
10935.387035242,0,1,0,0
10935.387035988,0,1,1,0
10935.387036560,1,1,1,0
10951.405574698,1,1,0,0
10951.405574774,1,0,0,0
10951.405575506,0,0,0,0
10967.424113360,0,0,1,0
10967.424114308,0,1,1,0
10967.424114456,1,1,1,0
10983.442652788,1,0,1,0
10983.442653226,0,0,1,0
10983.442654130,0,0,0,0
10999.461190330,0,1,0,0
10999.461191836,0,1,1,0
10999.461192060,1,1,1,0
11015.479728802,1,0,1,0
11015.479730460,0,0,1,0
11015.479730600,0,0,0,0
11031.498267346,0,1,0,0
11031.498269424,1,1,0,0
11031.498270316,1,1,1,0
11047.516806832,1,0,1,0
11047.516808022,1,0,0,0
11047.516808386,0,0,0,0
11063.535346302,0,1,0,0
11063.535347282,1,1,0,0
11063.535347720,1,1,1,0
11079.553883896,1,0,1,0
11079.553886176,0,0,1,0
11079.553887478,0,0,0,0
11095.572423302,0,1,0,0
11095.572424944,1,1,0,0
11095.572426006,1,1,1,0
11111.590962822,1,0,1,0
11111.590963824,0,0,1,0
11111.590964766,0,0,0,0
11127.609502272,0,1,0,0
11127.609502570,1,1,0,0
11127.609503404,1,1,1,0
11143.628039718,1,0,1,0
11143.628040930,0,0,1,0
11143.628042160,0,0,0,0
11159.646578098,0,1,0,0
11159.646579916,1,1,0,0
11159.646580744,1,1,1,0
11175.665117604,1,0,1,0
11175.665118836,0,0,1,0
11175.665119508,0,0,0,0
11191.683657050,0,1,0,0
11191.683657694,1,1,0,0
11191.683659598,1,1,1,0
11207.702195500,1,0,1,0
11207.702196552,0,0,1,0
11207.702197680,0,0,0,0
11223.720734012,0,1,0,0
11223.720735282,1,1,0,0
11223.720736396,1,1,1,0
11239.739273514,1,0,1,0
11239.739274068,0,0,1,0
11239.739276088,0,0,0,0
11255.757811884,0,1,0,0
11255.757812426,1,1,0,0
11255.757813782,1,1,1,0
11271.776351376,1,0,1,0
11271.776351464,0,0,1,0
11271.776352404,0,0,0,0
11287.794889690,0,1,0,0
11287.794890384,1,1,0,0
11287.794892044,1,1,1,0
11303.813428196,1,0,1,0
11303.813429300,0,0,1,0
11303.813430802,0,0,0,0
11319.831967758,0,1,0,0
11319.831968152,1,1,0,0
11319.831969510,1,1,1,0
11335.850506258,1,0,1,0
11335.850507006,0,0,1,0
11335.850509204,0,0,0,0
11351.869044716,0,1,0,0
11351.869045874,1,1,0,0
11351.869047924,1,1,1,0
11367.887582224,1,0,1,0
11367.887584168,0,0,1,0
11367.887586618,0,0,0,0
11383.906121726,0,1,0,0
11383.906123082,1,1,0,0
11383.906125192,1,1,1,0
11399.924661220,1,0,1,0
11399.924662048,0,0,1,0
11399.924663810,0,0,0,0
11415.943199708,0,1,0,0
11415.943201014,1,1,0,0
11415.943203550,1,1,1,0
11431.961738184,1,0,1,0
11431.961739912,0,0,1,0
11431.961742270,0,0,0,0
11447.980308602,0,1,0,0
11447.980308816,1,1,0,0
11447.980310878,1,1,1,0
11463.998847080,1,0,1,0
11463.998847786,0,0,1,0
11463.998849594,0,0,0,0
11480.017386506,0,1,0,0
11480.017386696,1,1,0,0
11480.017389326,1,1,1,0
11496.035923998,1,0,1,0
11496.035925608,0,0,1,0
11496.035927992,0,0,0,0
11512.054463438,0,1,0,0
11512.054464392,1,1,0,0
11512.054466668,1,1,1,0
11528.073002986,1,0,1,0
11528.073003164,0,0,1,0
11528.073007262,0,0,0,0
11544.091541464,0,1,0,0
11544.091542866,1,1,0,0
11544.091545990,1,1,1,0
11560.110079938,1,0,1,0
11560.110080306,0,0,1,0
11560.110083698,0,0,0,0
11576.128618474,0,1,0,0
11576.128619124,1,1,0,0
11576.128622358,1,1,1,0
11592.147158070,0,1,1,0
11592.147158076,0,0,1,0
11592.147161082,0,0,0,0
11608.165696556,0,1,0,0
11608.165696894,1,1,0,0
11608.165699690,1,1,1,0
11624.184235016,1,0,1,0
11624.184235628,0,0,1,0
11624.184238340,0,0,0,0
11640.202773546,0,1,0,0
11640.202774306,1,1,0,0
11640.202778068,1,1,1,0
11656.221313042,0,1,1,0
11656.221313066,0,0,1,0
11656.221317782,0,0,0,0
11672.239851336,1,0,0,0
11672.239851586,1,1,0,0
11672.239855374,1,1,1,0
11688.258421006,0,1,1,0
11688.258421038,0,0,1,0
11688.258425142,0,0,0,0
11704.276959558,0,1,0,0
11704.276959680,1,1,0,0
11704.276963792,1,1,1,0
11720.295498406,0,1,1,0
11720.295499064,0,0,1,0
11720.295501356,0,0,0,0
11736.314036764,1,1,0,0
11736.314039938,1,1,1,0
11752.332575614,0,1,1,0
11752.332575952,0,0,1,0
11752.332580566,0,0,0,0
11768.351114336,0,1,0,0
11768.351114466,1,1,0,0
11768.351118218,1,1,1,0
11784.369653436,0,1,1,0
11784.369653776,0,0,1,0
11784.369656790,0,0,0,0
11800.388192152,1,0,0,0
11800.388193346,1,1,0,0
11800.388197364,1,1,1,0
11816.406730792,1,0,1,0
11816.406731000,0,0,1,0
11816.406735982,0,0,0,0
11832.425300228,1,0,0,0
11832.425300242,1,1,0,0
11832.425304478,1,1,1,0
11848.443838690,1,0,1,0
11848.443839076,0,0,1,0
11848.443842084,0,0,0,0
11864.462408046,1,0,0,0
11864.462408134,1,1,0,0
11864.462411696,1,1,1,0
11880.480916572,0,1,1,0
11880.480916634,0,0,1,0
11880.480921290,0,0,0,0
11896.499455058,0,1,0,0
11896.499455278,1,1,0,0
11896.499459824,1,1,1,0
11912.517993594,1,0,1,0
11912.517993726,0,0,1,0
11912.517997406,0,0,0,0
11928.536532610,1,0,0,0
11928.536533006,1,1,0,0
11928.536536126,1,1,1,0
11944.555071556,0,1,1,0
11944.555072420,0,0,1,0
11944.555076406,0,0,0,0
11960.573610312,1,0,0,0
11960.573610900,1,1,0,0
11960.573615888,1,1,1,0
11976.592149066,0,1,1,0
11976.592149250,0,0,1,0
11976.592153538,0,0,0,0
11992.610687654,0,1,0,0
11992.610687754,1,1,0,0
11992.610693122,1,1,1,0
12008.629226506,0,1,1,0
12008.629227122,0,0,1,0
12008.629230690,0,0,0,0
12024.647764528,0,1,0,0
12024.647764702,1,1,0,0
12024.647769264,1,1,1,0
12040.666303524,0,1,1,0
12040.666303936,0,0,1,0
12040.666309772,0,0,0,0
12056.684841360,0,1,0,0
12056.684842356,1,1,0,0
12056.684847356,1,1,1,0
12072.703380590,1,0,1,0
12072.703381248,0,0,1,0
12072.703386860,0,0,0,0
12088.721919966,1,0,0,0
12088.721920200,1,1,0,0
12088.721925432,1,1,1,0
12104.740458678,1,0,1,0
12104.740458806,0,0,1,0
12104.740464040,0,0,0,0
12120.758997522,1,0,0,0
12120.758998088,1,1,0,0
12120.759001582,1,1,1,0
12136.777535560,1,0,1,0
12136.777535748,0,0,1,0
12136.777541116,0,0,0,0
12152.796074534,1,0,0,0
12152.796074972,1,1,0,0
12152.796078472,1,1,1,0
12168.814613386,0,1,1,0
12168.814614388,0,0,1,0
12168.814618078,0,0,0,0
12184.833150730,0,1,0,0
12184.833152232,1,1,0,0
12184.833157558,1,1,1,0
12200.851690124,1,0,1,0
12200.851691010,0,0,1,0
12200.851696016,0,0,0,0
12216.870229462,0,1,0,0
12216.870229612,1,1,0,0
12216.870234550,1,1,1,0
12232.888767938,1,0,1,0
12232.888768348,0,0,1,0
12232.888775154,0,0,0,0
12248.907307022,1,0,0,0
12248.907307168,1,1,0,0
12248.907312770,1,1,1,0
12264.925845380,0,1,1,0
12264.925845702,0,0,1,0
12264.925850306,0,0,0,0
12280.944383928,0,1,0,0
12280.944384110,1,1,0,0
12280.944389870,1,1,1,0
12296.962922900,0,1,1,0
12296.962923332,0,0,1,0
12296.962928492,0,0,0,0
12312.981461688,1,0,0,0
12312.981462736,1,1,0,0
12312.981467996,1,1,1,0
12329.000000348,0,1,1,0
12329.000001204,0,0,1,0
12329.000007488,0,0,0,0
12345.018539070,1,0,0,0
12345.018539612,1,1,0,0
12345.018546060,1,1,1,0
12361.037077786,0,1,1,0
12361.037079016,0,0,1,0
12361.037083606,0,0,0,0
12377.055646938,1,0,0,0
12377.055648296,1,1,0,0
12377.055653038,1,1,1,0
12393.074185660,0,1,1,0
12393.074186766,0,0,1,0
12393.074191590,0,0,0,0
12409.092724318,1,0,0,0
12409.092725296,1,1,0,0
12409.092730022,1,1,1,0
12425.111262982,0,1,1,0
12425.111263390,0,0,1,0
12425.111270446,0,0,0,0
12441.129801218,1,0,0,0
12441.129801674,1,1,0,0
12441.129806938,1,1,1,0
12457.148340008,1,0,1,0
12457.148340068,0,0,1,0
12457.148346412,0,0,0,0
12473.166878800,1,0,0,0
12473.166879354,1,1,0,0
12473.166885908,1,1,1,0
12489.185417580,0,1,1,0
12489.185418626,0,0,1,0
12489.185424394,0,0,0,0
12505.203956236,1,0,0,0
12505.203956898,1,1,0,0
12505.203962894,1,1,1,0
12521.222494894,0,1,1,0
12521.222495302,0,0,1,0
12521.222502454,0,0,0,0
12537.241063930,1,0,0,0
12537.241064582,1,1,0,0
12537.241070900,1,1,1,0
12553.259602724,0,1,1,0
12553.259603870,0,0,1,0
12553.259610388,0,0,0,0
12569.278141348,1,0,0,0
12569.278142234,1,1,0,0
12569.278148888,1,1,1,0
12585.296680096,0,1,1,0
12585.296680602,0,0,1,0
12585.296687506,0,0,0,0
12601.315218852,1,0,0,0
12601.315219908,1,1,0,0
12601.315225948,1,1,1,0
12617.333757110,0,1,1,0
12617.333757276,0,0,1,0
12617.333764500,0,0,0,0
12633.352295926,1,0,0,0
12633.352296636,1,1,0,0
12633.352302928,1,1,1,0
12649.370834806,0,1,1,0
12649.370835998,0,0,1,0
12649.370841470,0,0,0,0
12665.389373630,1,0,0,0
12665.389374306,1,1,0,0
12665.389381902,1,1,1,0
12681.407912334,0,1,1,0
12681.407912680,0,0,1,0
12681.407919512,0,0,0,0
12697.426451052,1,0,0,0
12697.426451940,1,1,0,0
12697.426457952,1,1,1,0
12713.444989846,0,1,1,0
12713.444991774,0,0,1,0
12713.444997458,0,0,0,0
12729.463528088,1,0,0,0
12729.463528556,1,1,0,0
12729.463535992,1,1,1,0
12745.482066650,1,0,1,0
12745.482066954,0,0,1,0
12745.482074572,0,0,0,0
12761.500605824,1,0,0,0
12761.500607250,1,1,0,0
12761.500614920,1,1,1,0
12777.519144694,0,1,1,0
12777.519146604,0,0,1,0
12777.519153506,0,0,0,0
12793.537683558,1,0,0,0
12793.537684960,1,1,0,0
12793.537691040,1,1,1,0
12809.556222352,0,1,1,0
12809.556223304,0,0,1,0
12809.556230620,0,0,0,0
12825.574761020,1,0,0,0
12825.574761584,1,1,0,0
12825.574769086,1,1,1,0
12841.593299314,0,1,1,0
12841.593300050,0,0,1,0
12841.593306672,0,0,0,0
12857.611838110,1,0,0,0
12857.611840334,1,1,0,0
12857.611847212,1,1,1,0
12873.630377098,0,1,1,0
12873.630377682,0,0,1,0
12873.630385808,0,0,0,0
12889.648915968,1,0,0,0
12889.648915972,1,1,0,0
12889.648925292,1,1,1,0
12905.667454332,1,0,1,0
12905.667454840,0,0,1,0
12905.667464762,0,0,0,0
12921.685993560,0,1,0,0
12921.685993580,1,1,0,0
12921.686002234,1,1,1,0
12937.704532254,0,1,1,0
12937.704533974,0,0,1,0
12937.704541754,0,0,0,0
12953.723070988,1,0,0,0
12953.723073260,1,1,0,0
12953.723081222,1,1,1,0
12969.741609276,0,1,1,0
12969.741609542,0,0,1,0
12969.741618792,0,0,0,0
12985.760148136,1,0,0,0
12985.760148890,1,1,0,0
12985.760157246,1,1,1,0
13001.778687000,0,1,1,0
13001.778689242,0,0,1,0
13001.778696624,0,0,0,0
13017.797225796,1,0,0,0
13017.797226526,1,1,0,0
13017.797235008,1,1,1,0
13033.815764524,0,1,1,0
13033.815764926,0,0,1,0
13033.815773508,0,0,0,0
13049.834303186,1,0,0,0
13049.834303704,1,1,0,0
13049.834313886,1,1,1,0
13065.852841902,0,1,1,0
13065.852843530,0,0,1,0
13065.852851254,0,0,0,0
13081.871380184,1,0,0,0
13081.871380856,1,1,0,0
13081.871389570,1,1,1,0
13097.889919046,0,1,1,0
13097.889919264,0,0,1,0
13097.889929096,0,0,0,0
13113.908457852,1,0,0,0
13113.908458554,1,1,0,0
13113.908467508,1,1,1,0
13129.926996716,0,1,1,0
13129.926998032,0,0,1,0
13129.927006904,0,0,0,0
13145.945535468,1,0,0,0
13145.945536332,1,1,0,0
13145.945546314,1,1,1,0
13161.964074228,0,1,1,0
13161.964075766,0,0,1,0
13161.964083836,0,0,0,0
13177.982612988,1,0,0,0
13177.982613140,1,1,0,0
13177.982623314,1,1,1,0
13194.001151242,0,1,1,0
13194.001152572,0,0,1,0
13194.001162720,0,0,0,0
13210.019690056,1,0,0,0
13210.019690878,1,1,0,0
13210.019700128,1,1,1,0
13226.038229054,0,1,1,0
13226.038230368,0,0,1,0
13226.038239594,0,0,0,0
13242.056767998,1,0,0,0
13242.056768742,1,1,0,0
13242.056779006,1,1,1,0
13258.075306888,0,1,1,0
13258.075307192,0,0,1,0
13258.075316366,0,0,0,0
13274.093845658,1,0,0,0
13274.093847514,1,1,0,0
13274.093855864,1,1,1,0
13290.112384492,0,1,1,0
13290.112385968,0,0,1,0
13290.112394346,0,0,0,0
13306.130923206,1,0,0,0
13306.130924374,1,1,0,0
13306.130934784,1,1,1,0
13322.149461600,0,1,1,0
13322.149462832,0,0,1,0
13322.149472268,0,0,0,0
13338.168000494,1,0,0,0
13338.168002292,1,1,0,0
13338.168011694,1,1,1,0
13354.186539382,0,1,1,0
13354.186540990,0,0,1,0
13354.186549162,0,0,0,0
13370.205078256,1,0,0,0
13370.205079054,1,1,0,0
13370.205088444,1,1,1,0
13386.223616994,0,1,1,0
13386.223617542,0,0,1,0
13386.223628898,0,0,0,0
13402.242155722,1,0,0,0
13402.242156834,1,1,0,0
13402.242167300,1,1,1,0
13418.260694448,0,1,1,0
13418.260696188,0,0,1,0
13418.260705750,0,0,0,0
13434.279232612,0,1,0,0
13434.279232680,1,1,0,0
13434.279244160,1,1,1,0
13450.297771538,0,1,1,0
13450.297772100,0,0,1,0
13450.297783616,0,0,0,0
13466.316341096,1,0,0,0
13466.316342478,1,1,0,0
13466.316353152,1,1,1,0
13482.334879906,0,1,1,0
13482.334881800,0,0,1,0
13482.334891486,0,0,0,0
13498.353418218,1,0,0,0
13498.353420178,1,1,0,0
13498.353429762,1,1,1,0
13514.371957150,0,1,1,0
13514.371958618,0,0,1,0
13514.371968280,0,0,0,0
13530.390496024,1,0,0,0
13530.390497930,1,1,0,0
13530.390507742,1,1,1,0
13546.409034966,0,1,1,0
13546.409037304,0,0,1,0
13546.409047130,0,0,0,0
13562.427573664,1,0,0,0
13562.427575626,1,1,0,0
13562.427584596,1,1,1,0
13578.446112492,0,1,1,0
13578.446114012,0,0,1,0
13578.446125052,0,0,0,0
13594.464651266,1,0,0,0
13594.464653400,1,1,0,0
13594.464662400,1,1,1,0
13610.483189604,0,1,1,0
13610.483190732,0,0,1,0
13610.483200854,0,0,0,0
13626.501728508,1,0,0,0
13626.501730000,1,1,0,0
13626.501740254,1,1,1,0
13642.520267464,0,1,1,0
13642.520269328,0,0,1,0
13642.520279772,0,0,0,0
13658.538806412,1,0,0,0
13658.538808150,1,1,0,0
13658.538818180,1,1,1,0
13674.557345352,0,1,1,0
13674.557347088,0,0,1,0
13674.557358632,0,0,0,0
13690.575884116,1,0,0,0
13690.575886344,1,1,0,0
13690.575896034,1,1,1,0
13706.594423012,0,1,1,0
13706.594424732,0,0,1,0
13706.594435484,0,0,0,0
13722.612961290,1,0,0,0
13722.612962000,1,1,0,0
13722.612972890,1,1,1,0
13738.631500314,0,1,1,0
13738.631502324,0,0,1,0
13738.631512348,0,0,0,0
13754.650039210,1,0,0,0
13754.650040644,1,1,0,0
13754.650050752,1,1,1,0
13770.668578170,0,1,1,0
13770.668580032,0,0,1,0
13770.668589166,0,0,0,0
13786.687117078,1,0,0,0
13786.687119306,1,1,0,0
13786.687128480,1,1,1,0
13802.705686124,0,1,1,0
13802.705687718,0,0,1,0
13802.705697918,0,0,0,0
13818.724225042,1,0,0,0
13818.724227130,1,1,0,0
13818.724237364,1,1,1,0
13834.742763960,0,1,1,0
13834.742766480,0,0,1,0
13834.742776738,0,0,0,0
13850.761302752,1,0,0,0
13850.761304836,1,1,0,0
13850.761315196,1,1,1,0
13866.779841604,0,1,1,0
13866.779843308,0,0,1,0
13866.779854250,0,0,0,0
13882.798380408,1,0,0,0
13882.798382666,1,1,0,0
13882.798393132,1,1,1,0
13898.816917572,1,1,0,0
13898.816919228,0,1,0,0
13898.816922040,0,0,0,0
13914.835455544,0,1,0,0
13914.835456032,0,1,1,0
13914.835457680,1,1,1,0
13930.853994994,1,0,1,0
13930.853995626,1,0,0,0
13930.853996648,0,0,0,0
13946.872534100,0,0,1,0
13946.872534446,0,1,1,0
13946.872535612,1,1,1,0
13962.891071902,1,0,1,0
13962.891072632,1,0,0,0
13962.891074582,0,0,0,0
13978.909611184,0,0,1,0
13978.909612366,0,1,1,0
13978.909613378,1,1,1,0
13994.928151754,1,0,1,0
13994.928151854,1,0,0,0
13994.928152290,0,0,0,0
14010.946690134,0,1,0,0
14010.946690402,0,1,1,0
14010.946691124,1,1,1,0
14026.965226508,1,0,1,0
14026.965227872,1,0,0,0
14026.965229504,0,0,0,0
14042.983766890,0,1,0,0
14042.983767542,0,1,1,0
14042.983768454,1,1,1,0
14059.002305284,1,0,1,0
14059.002306150,1,0,0,0
14059.002307544,0,0,0,0
14075.020844752,0,1,0,0
14075.020845650,0,1,1,0
14075.020846462,1,1,1,0
14091.039383222,1,0,1,0
14091.039383258,1,0,0,0
14091.039385320,0,0,0,0
14107.057922632,0,1,0,0
14107.057922812,0,1,1,0
14107.057924122,1,1,1,0
14123.076462032,1,0,1,0
14123.076462420,1,0,0,0
14123.076462976,0,0,0,0
14139.095031502,0,1,0,0
14139.095031924,0,1,1,0
14139.095032278,1,1,1,0
14155.113569410,1,1,0,0
14155.113569972,1,0,0,0
14155.113571130,0,0,0,0
14171.132108834,0,0,1,0
14171.132109378,0,1,1,0
14171.132109928,1,1,1,0
14187.150646848,1,0,1,0
14187.150648858,0,0,1,0
14187.150649318,0,0,0,0
14203.169186194,0,1,0,0
14203.169186818,0,1,1,0
14203.169187222,1,1,1,0
14219.187723536,1,0,1,0
14219.187725370,1,0,0,0
14219.187726270,0,0,0,0
14235.206263938,0,1,0,0
14235.206265198,1,1,0,0
14235.206265862,1,1,1,0
14251.224834280,1,0,1,0
14251.224834874,0,0,1,0
14251.224835406,0,0,0,0
14267.243371574,0,1,0,0
14267.243373258,1,1,0,0
14267.243373912,1,1,1,0
14283.261909930,1,0,1,0
14283.261912330,0,0,1,0
14283.261912470,0,0,0,0
14299.280449026,0,1,0,0
14299.280451332,1,1,0,0
14299.280451968,1,1,1,0
14315.298989630,1,0,1,0
14315.298990334,0,0,1,0
14315.298990524,0,0,0,0
14331.317528984,0,1,0,0
14331.317529150,1,1,0,0
14331.317530146,1,1,1,0
14347.336067398,1,0,1,0
14347.336068090,0,0,1,0
14347.336068568,0,0,0,0
14363.354606754,0,1,0,0
14363.354606910,1,1,0,0
14363.354607070,1,1,1,0
14379.373144118,1,0,1,0
14379.373145360,0,0,1,0
14379.373146628,0,0,0,0
14395.391682540,0,1,0,0
14395.391684002,0,1,1,0
14395.391684306,1,1,1,0
14411.410221824,1,0,1,0
14411.410223242,0,0,1,0
14411.410223412,0,0,0,0
14427.428761110,0,1,0,0
14427.428762176,1,1,0,0
14427.428762958,1,1,1,0
14443.447300518,1,0,1,0
14443.447301048,0,0,1,0
14443.447301566,0,0,0,0
14459.465839858,1,0,0,0
14459.465839866,1,1,0,0
14459.465840996,1,1,1,0
14475.484378278,1,0,1,0
14475.484378788,0,0,1,0
14475.484380606,0,0,0,0
14491.502915634,0,1,0,0
14491.502917164,1,1,0,0
14491.502918160,1,1,1,0
14507.521454990,1,0,1,0
14507.521456234,0,0,1,0
14507.521456704,0,0,0,0
14523.539995230,0,1,0,0
14523.539995248,1,1,0,0
14523.539996144,1,1,1,0
14539.558533658,1,0,1,0
14539.558534324,0,0,1,0
14539.558534642,0,0,0,0
14555.577070884,0,1,0,0
14555.577073206,1,1,0,0
14555.577074020,1,1,1,0
14571.595611226,1,0,1,0
14571.595612024,0,0,1,0
14571.595613564,0,0,0,0
14587.614150912,1,0,0,0
14587.614151516,1,1,0,0
14587.614151990,1,1,1,0
14603.632689790,0,0,1,0
14603.632692458,0,0,0,0
14619.651227010,0,1,0,0
14619.651228292,1,1,0,0
14619.651230930,1,1,1,0
14635.669766290,1,0,1,0
14635.669767422,0,0,1,0
14635.669769834,0,0,0,0
14651.688305572,0,1,0,0
14651.688306488,1,1,0,0
14651.688307060,1,1,1,0
14667.706844854,1,0,1,0
14667.706845556,0,0,1,0
14667.706847334,0,0,0,0
14683.725383148,0,1,0,0
14683.725384514,1,1,0,0
14683.725386754,1,1,1,0
14699.743923484,0,1,1,0
14699.743923506,0,0,1,0
14699.743925234,0,0,0,0
14715.762461702,0,1,0,0
14715.762462350,1,1,0,0
14715.762464810,1,1,1,0
14731.781000028,1,0,1,0
14731.781000840,0,0,1,0
14731.781002390,0,0,0,0
14747.799539386,0,1,0,0
14747.799539858,1,1,0,0
14747.799541948,1,1,1,0
14763.818077810,1,0,1,0
14763.818078942,0,0,1,0
14763.818081448,0,0,0,0
14779.836617170,0,1,0,0
14779.836617962,1,1,0,0
14779.836620010,1,1,1,0
14795.855156642,1,0,1,0
14795.855156970,0,0,1,0
14795.855159486,0,0,0,0
14811.873695858,1,0,0,0
14811.873695924,1,1,0,0
14811.873699034,1,1,1,0
14827.892264330,1,0,1,0
14827.892265182,0,0,1,0
14827.892267638,0,0,0,0
14843.910803736,0,1,0,0
14843.910804190,1,1,0,0
14843.910807190,1,1,1,0
14859.929342214,1,0,1,0
14859.929343146,0,0,1,0
14859.929346866,0,0,0,0
14875.947911580,0,1,0,0
14875.947912422,1,1,0,0
14875.947915438,1,1,1,0
14891.966451002,1,0,1,0
14891.966451506,0,0,1,0
14891.966453064,0,0,0,0
14907.984990366,0,1,0,0
14907.984990660,1,1,0,0
14907.984992574,1,1,1,0
14924.003529618,0,1,1,0
14924.003529846,0,0,1,0
14924.003531134,0,0,0,0
14940.022067206,0,1,0,0
14940.022068574,1,1,0,0
14940.022070456,1,1,1,0
14956.040606568,1,0,1,0
14956.040607474,0,0,1,0
14956.040611458,0,0,0,0
14972.059145934,1,0,0,0
14972.059145986,1,1,0,0
14972.059148024,1,1,1,0
14988.077684340,1,0,1,0
14988.077685012,0,0,1,0
14988.077687640,0,0,0,0
15004.096222768,0,1,0,0
15004.096224030,1,1,0,0
15004.096227212,1,1,1,0
15020.114793666,0,1,1,0
15020.114794124,0,0,1,0
15020.114797772,0,0,0,0
15036.133331486,0,1,0,0
15036.133332180,1,1,0,0
15036.133336284,1,1,1,0
15052.151871274,0,1,1,0
15052.151871918,0,0,1,0
15052.151874980,0,0,0,0
15068.170408236,0,1,0,0
15068.170410314,1,1,0,0
15068.170413572,1,1,1,0
15084.188947704,1,0,1,0
15084.188949380,0,0,1,0
15084.188952172,0,0,0,0
15100.207488188,0,1,0,0
15100.207488338,1,1,0,0
15100.207491800,1,1,1,0
15116.226026752,1,0,1,0
15116.226027310,0,0,1,0
15116.226031436,0,0,0,0
15132.244566190,0,1,0,0
15132.244566340,1,1,0,0
15132.244569086,1,1,1,0
15148.263103758,1,0,1,0
15148.263104940,0,0,1,0
15148.263108742,0,0,0,0
15164.281644106,1,0,0,0
15164.281644200,1,1,0,0
15164.281647404,1,1,1,0
15180.300182718,1,0,1,0
15180.300183284,0,0,1,0
15180.300187070,0,0,0,0
15196.318722304,0,1,0,0
15196.318722396,1,1,0,0
15196.318725742,1,1,1,0
15212.337260830,1,0,1,0
15212.337261504,0,0,1,0
15212.337264398,0,0,0,0
15228.355800346,0,1,0,0
15228.355800478,1,1,0,0
15228.355804000,1,1,1,0
15244.374339504,0,1,1,0
15244.374339916,0,0,1,0
15244.374344720,0,0,0,0
15260.392877966,1,0,0,0
15260.392878362,1,1,0,0
15260.392882322,1,1,1,0
15276.411415994,1,0,1,0
15276.411417118,0,0,1,0
15276.411420046,0,0,0,0
15292.429956258,1,0,0,0
15292.429956560,1,1,0,0
15292.429960704,1,1,1,0
15308.448495054,1,0,1,0
15308.448495386,0,0,1,0
15308.448499406,0,0,0,0
15324.467034376,1,0,0,0
15324.467034664,1,1,0,0
15324.467038048,1,1,1,0
15340.485572266,1,0,1,0
15340.485573300,0,0,1,0
15340.485579734,0,0,0,0
15356.504111744,0,1,0,0
15356.504112226,1,1,0,0
15356.504117306,1,1,1,0
15372.522651194,0,1,1,0
15372.522651398,0,0,1,0
15372.522655920,0,0,0,0
15388.541189720,1,0,0,0
15388.541189862,1,1,0,0
15388.541193546,1,1,1,0
15404.559728796,0,1,1,0
15404.559729442,0,0,1,0
15404.559733218,0,0,0,0
15420.578267872,1,0,0,0
15420.578267894,1,1,0,0
15420.578271654,1,1,1,0
15436.596806946,0,1,1,0
15436.596807472,0,0,1,0
15436.596812332,0,0,0,0
15452.615345762,1,0,0,0
15452.615345920,1,1,0,0
15452.615349954,1,1,1,0
15468.633884364,1,0,1,0
15468.633884764,0,0,1,0
15468.633888620,0,0,0,0
15484.652422872,0,1,0,0
15484.652423708,1,1,0,0
15484.652430298,1,1,1,0
15500.670962286,0,1,1,0
15500.670962392,0,0,1,0
15500.670966980,0,0,0,0
15516.689501288,1,0,0,0
15516.689501904,1,1,0,0
15516.689505604,1,1,1,0
15532.708040338,0,1,1,0
15532.708040470,0,0,1,0
15532.708045268,0,0,0,0
15548.726578980,0,1,0,0
15548.726579398,1,1,0,0
15548.726584888,1,1,1,0
15564.745118328,0,1,1,0
15564.745118488,0,0,1,0
15564.745124490,0,0,0,0
15580.763657190,1,0,0,0
15580.763658052,1,1,0,0
15580.763663098,1,1,1,0
15596.782196110,0,1,1,0
15596.782198112,0,0,1,0
15596.782201752,0,0,0,0
15612.800734042,0,1,0,0
15612.800734528,1,1,0,0
15612.800739292,1,1,1,0
15628.819273286,1,0,1,0
15628.819273626,0,0,1,0
15628.819279884,0,0,0,0
15644.837812606,1,0,0,0
15644.837813040,1,1,0,0
15644.837818498,1,1,1,0
15660.856351608,1,0,1,0
15660.856351718,0,0,1,0
15660.856357174,0,0,0,0
15676.874890126,0,1,0,0
15676.874890650,1,1,0,0
15676.874896742,1,1,1,0
15692.893429638,0,1,1,0
15692.893429758,0,0,1,0
15692.893435356,0,0,0,0
15708.911968500,1,0,0,0
15708.911969206,1,1,0,0
15708.911975046,1,1,1,0
15724.930507480,0,1,1,0
15724.930508770,0,0,1,0
15724.930513650,0,0,0,0
15740.949046024,1,0,0,0
15740.949046274,1,1,0,0
15740.949052140,1,1,1,0
15756.967585124,0,1,1,0
15756.967585836,0,0,1,0
15756.967591614,0,0,0,0
15772.986123330,0,1,0,0
15772.986124212,1,1,0,0
15772.986130216,1,1,1,0
15789.004662874,1,0,1,0
15789.004663298,0,0,1,0
15789.004669798,0,0,0,0
15805.023202128,1,0,0,0
15805.023203354,1,1,0,0
15805.023208320,1,1,1,0
15821.041741080,0,1,1,0
15821.041742888,0,0,1,0
15821.041747892,0,0,0,0
15837.060279360,0,1,0,0
15837.060279910,1,1,0,0
15837.060286412,1,1,1,0
15853.078817898,1,0,1,0
15853.078818362,0,0,1,0
15853.078824048,0,0,0,0
15869.097356386,0,1,0,0
15869.097357322,1,1,0,0
15869.097365574,1,1,1,0
15885.115896470,0,1,1,0
15885.115896932,0,0,1,0
15885.115903142,0,0,0,0
15901.134435484,1,0,0,0
15901.134436346,1,1,0,0
15901.134441584,1,1,1,0
15917.152974444,0,1,1,0
15917.152974828,0,0,1,0
15917.152982094,0,0,0,0
15933.171543258,0,1,0,0
15933.171543594,1,1,0,0
15933.171550492,1,1,1,0
15949.190082614,0,1,1,0
15949.190082806,0,0,1,0
15949.190090130,0,0,0,0
15965.208621632,1,0,0,0
15965.208622232,1,1,0,0
15965.208628594,1,1,1,0
15981.227160586,0,1,1,0
15981.227160718,0,0,1,0
15981.227168238,0,0,0,0
15997.245699468,1,0,0,0
15997.245700068,1,1,0,0
15997.245706696,1,1,1,0
16013.264238412,0,1,1,0
16013.264239600,0,0,1,0
16013.264247198,0,0,0,0
16029.282776854,1,0,0,0
16029.282777940,1,1,0,0
16029.282783580,1,1,1,0
16045.301315464,1,0,1,0
16045.301315916,0,0,1,0
16045.301322200,0,0,0,0
16061.319885660,1,0,0,0
16061.319886860,1,1,0,0
16061.319893698,1,1,1,0
16077.338424588,0,1,1,0
16077.338425310,0,0,1,0
16077.338432312,0,0,0,0
16093.356963012,1,0,0,0
16093.356963694,1,1,0,0
16093.356970874,1,1,1,0
16109.375502190,0,1,1,0
16109.375503270,0,0,1,0
16109.375510432,0,0,0,0
16125.394071670,0,1,0,0
16125.394071748,1,1,0,0
16125.394080006,1,1,1,0
16141.412610676,0,1,1,0
16141.412611060,0,0,1,0
16141.412618688,0,0,0,0
16157.431149096,1,0,0,0
16157.431149450,1,1,0,0
16157.431158240,1,1,1,0
16173.449688134,0,1,1,0
16173.449688894,0,0,1,0
16173.449695774,0,0,0,0
16189.468227114,1,0,0,0
16189.468227278,1,1,0,0
16189.468236256,1,1,1,0
16205.486796162,0,1,1,0
16205.486796658,0,0,1,0
16205.486804848,0,0,0,0
16221.505335156,1,0,0,0
16221.505336054,1,1,0,0
16221.505343340,1,1,1,0
16237.523874280,0,1,1,0
16237.523875586,0,0,1,0
16237.523882958,0,0,0,0
16253.542413352,1,0,0,0
16253.542414004,1,1,0,0
16253.542422532,1,1,1,0
16269.560952300,0,1,1,0
16269.560952546,0,0,1,0
16269.560961150,0,0,0,0
16285.579491190,1,0,0,0
16285.579492096,1,1,0,0
16285.579499658,1,1,1,0
16301.598030200,0,1,1,0
16301.598032582,0,0,1,0
16301.598039156,0,0,0,0
16317.616569136,1,0,0,0
16317.616569994,1,1,0,0
16317.616578780,1,1,1,0
16333.635107688,0,1,1,0
16333.635108464,0,0,1,0
16333.635117382,0,0,0,0
16349.653646680,1,0,0,0
16349.653647928,1,1,0,0
16349.653655818,1,1,1,0
16365.672185674,0,1,1,0
16365.672187272,0,0,1,0
16365.672194318,0,0,0,0
16381.690724728,1,0,0,0
16381.690725750,1,1,0,0
16381.690733956,1,1,1,0
16397.709263654,0,1,1,0
16397.709264226,0,0,1,0
16397.709273578,0,0,0,0
16413.727802524,1,0,0,0
16413.727803516,1,1,0,0
16413.727811898,1,1,1,0
16429.746341388,0,1,1,0
16429.746341982,0,0,1,0
16429.746350566,0,0,0,0
16445.764879872,1,0,0,0
16445.764881504,1,1,0,0
16445.764890102,1,1,1,0
16461.783418848,0,1,1,0
16461.783418952,0,0,1,0
16461.783427618,0,0,0,0
16477.801988508,1,0,0,0
16477.801989336,1,1,0,0
16477.801998020,1,1,1,0
16493.820527414,0,1,1,0
16493.820529782,0,0,1,0
16493.820538726,0,0,0,0
16509.839065756,1,0,0,0
16509.839067220,1,1,0,0
16509.839076196,1,1,1,0
16525.857635538,0,1,1,0
16525.857636664,0,0,1,0
16525.857644844,0,0,0,0
16541.876174314,1,0,0,0
16541.876176044,1,1,0,0
16541.876184242,1,1,1,0
16557.894713166,0,1,1,0
16557.894715432,0,0,1,0
16557.894723894,0,0,0,0
16573.913251642,1,0,0,0
16573.913253816,1,1,0,0
16573.913262428,1,1,1,0
16589.931790666,0,1,1,0
16589.931792188,0,0,1,0
16589.931800942,0,0,0,0
16605.950329634,1,0,0,0
16605.950331502,1,1,0,0
16605.950339410,1,1,1,0
16621.968868604,0,1,1,0
16621.968869882,0,0,1,0
16621.968879060,0,0,0,0
16637.987407450,1,0,0,0
16637.987408198,1,1,0,0
16637.987418652,1,1,1,0
16654.005946364,0,1,1,0
16654.005947584,0,0,1,0
16654.005957112,0,0,0,0
16670.024485224,1,0,0,0
16670.024486976,1,1,0,0
16670.024496584,1,1,1,0
16686.043023646,0,1,1,0
16686.043024366,0,0,1,0
16686.043035108,0,0,0,0
16702.061562572,1,0,0,0
16702.061563696,1,1,0,0
16702.061573716,1,1,1,0
16718.080101744,0,1,1,0
16718.080104148,0,0,1,0
16718.080112258,0,0,0,0
16734.098640716,1,0,0,0
16734.098642466,1,1,0,0
16734.098651732,1,1,1,0
16750.117179616,0,1,1,0
16750.117180838,0,0,1,0
16750.117190244,0,0,0,0
16766.135718446,1,0,0,0
16766.135720262,1,1,0,0
16766.135728692,1,1,1,0
16782.154257326,0,1,1,0
16782.154258612,0,0,1,0
16782.154268186,0,0,0,0
16798.172795710,1,0,0,0
16798.172797904,1,1,0,0
16798.172805632,1,1,1,0
16814.191334798,0,1,1,0
16814.191336338,0,0,1,0
16814.191345138,0,0,0,0
16830.209873756,1,0,0,0
16830.209874642,1,1,0,0
16830.209884458,1,1,1,0
16846.228412786,0,1,1,0
16846.228413014,0,0,1,0
16846.228423902,0,0,0,0
16862.246951830,1,0,0,0
16862.246954398,1,1,0,0
16862.246963310,1,1,1,0
16878.265521002,0,1,1,0
16878.265522732,0,0,1,0
16878.265531834,0,0,0,0
16894.284060050,1,0,0,0
16894.284061128,1,1,0,0
16894.284071246,1,1,1,0
16910.302599156,0,1,1,0
16910.302600454,0,0,1,0
16910.302610898,0,0,0,0
16926.321138076,1,0,0,0
16926.321139850,1,1,0,0
16926.321150372,1,1,1,0
16942.339676982,0,1,1,0
16942.339679236,0,0,1,0
16942.339688892,0,0,0,0
16958.358215884,1,0,0,0
16958.358218490,1,1,0,0
16958.358228300,1,1,1,0
16974.376754344,0,1,1,0
16974.376755932,0,0,1,0
16974.376766766,0,0,0,0
16990.395293234,1,0,0,0
16990.395294242,1,1,0,0
16990.395304106,1,1,1,0
17006.413863050,0,1,1,0
17006.413865670,0,0,1,0
17006.413873548,0,0,0,0
17022.432401870,1,0,0,0
17022.432403980,1,1,0,0
17022.432414066,1,1,1,0
17038.450940318,0,1,1,0
17038.450942352,0,0,1,0
17038.450950636,0,0,0,0
17054.469479282,1,0,0,0
17054.469480800,1,1,0,0
17054.469490106,1,1,1,0
17070.488018364,0,1,1,0
17070.488021118,0,0,1,0
17070.488030624,0,0,0,0
17086.506557314,1,0,0,0
17086.506559428,1,1,0,0
17086.506569020,1,1,1,0
17102.525096318,0,1,1,0
17102.525098852,0,0,1,0
17102.525107656,0,0,0,0
17118.543635208,1,0,0,0
17118.543637226,1,1,0,0
17118.543647066,1,1,1,0
17134.562174176,0,1,1,0
17134.562176604,0,0,1,0
17134.562186604,0,0,0,0
17150.580712526,1,0,0,0
17150.580714994,1,1,0,0
17150.580724166,1,1,1,0
17166.599251562,0,1,1,0
17166.599254386,0,0,1,0
17166.599264720,0,0,0,0
17182.617790550,1,0,0,0
17182.617791790,1,1,0,0
17182.617803228,1,1,1,0
17198.636329654,0,1,1,0
17198.636331302,0,0,1,0
17198.636342838,0,0,0,0
17214.654868624,1,0,0,0
17214.654869562,1,1,0,0
17214.654882392,1,1,1,0
17230.673437716,0,1,1,0
17230.673439940,0,0,1,0
17230.673449992,0,0,0,0
17246.691976736,1,0,0,0
17246.691978376,1,1,0,0
17246.691988534,1,1,1,0
17262.710515750,0,1,1,0
17262.710516806,0,0,1,0
17262.710529126,0,0,0,0
17278.729054710,1,0,0,0
17278.729057122,1,1,0,0
17278.729066676,1,1,1,0
17294.747592150,1,1,0,0
17294.747593662,0,1,0,0
17294.747595560,0,0,0,0
17310.766130706,0,0,1,0
17310.766130940,0,1,1,0
17310.766132492,1,1,1,0
17326.784700248,1,1,0,0
17326.784700382,1,0,0,0
17326.784702006,0,0,0,0
17342.803239696,0,1,0,0
17342.803239742,0,1,1,0
17342.803240894,1,1,1,0
17358.821778358,1,1,0,0
17358.821779130,1,0,0,0
17358.821779718,0,0,0,0
17374.840317502,0,1,0,0
17374.840317912,0,1,1,0
17374.840318604,1,1,1,0
17390.858854810,1,0,1,0
17390.858856512,1,0,0,0
17390.858856990,0,0,0,0
17406.877394990,0,0,1,0
17406.877395050,0,1,1,0
17406.877396122,1,1,1,0
17422.895933522,1,1,0,0
17422.895933538,1,0,0,0
17422.895935128,0,0,0,0
17438.914472902,0,1,0,0
17438.914473060,0,1,1,0
17438.914474068,1,1,1,0
17454.933010702,1,1,0,0
17454.933012196,1,0,0,0
17454.933012938,0,0,0,0
17470.951550098,0,0,1,0
17470.951551612,0,1,1,0
17470.951551800,1,1,1,0
17486.970090534,1,1,0,0
17486.970090650,0,1,0,0
17486.970090952,0,0,0,0
17502.988629038,0,0,1,0
17502.988629228,0,1,1,0
17502.988629492,1,1,1,0
17519.007166528,1,1,0,0
17519.007167554,1,0,0,0
17519.007168010,0,0,0,0
17535.025705876,0,1,0,0
17535.025706644,0,1,1,0
17535.025706962,1,1,1,0
17551.044245002,1,1,0,0
17551.044245198,1,0,0,0
17551.044245914,0,0,0,0
17567.062783934,0,0,1,0
17567.062784582,0,1,1,0
17567.062784862,1,1,1,0
17583.081322966,1,0,1,0
17583.081323748,0,0,1,0
17583.081324416,0,0,0,0
17599.099861224,0,1,0,0
17599.099861910,0,1,1,0
17599.099862568,1,1,1,0
17615.118400540,1,0,1,0
17615.118401320,0,0,1,0
17615.118401406,0,0,0,0
17631.136938914,0,1,0,0
17631.136939694,1,1,0,0
17631.136939784,1,1,1,0
17647.155476286,1,0,1,0
17647.155477334,1,0,0,0
17647.155478686,0,0,0,0
17663.174015594,0,1,0,0
17663.174016838,0,1,1,0
17663.174017680,1,1,1,0
17679.192554956,1,0,1,0
17679.192556384,1,0,0,0
17679.192556668,0,0,0,0
17695.211094202,0,1,0,0
17695.211095414,1,1,0,0
17695.211095692,1,1,1,0
17711.229632568,1,0,1,0
17711.229634172,1,0,0,0
17711.229634216,0,0,0,0
17727.248170862,0,1,0,0
17727.248172942,1,1,0,0
17727.248173646,1,1,1,0
17743.266709214,1,0,1,0
17743.266711162,1,0,0,0
17743.266711234,0,0,0,0
17759.285247506,0,1,0,0
17759.285250154,1,1,0,0
17759.285250570,1,1,1,0
17775.303787852,1,0,1,0
17775.303789066,0,0,1,0
17775.303790146,0,0,0,0
17791.322327206,0,1,0,0
17791.322327914,1,1,0,0
17791.322328548,1,1,1,0
17807.340865558,1,0,1,0
17807.340866762,0,0,1,0
17807.340867126,0,0,0,0
17823.359403912,0,1,0,0
17823.359405424,1,1,0,0
17823.359406524,1,1,1,0
17839.377943264,1,0,1,0
17839.377944214,0,0,1,0
17839.377945042,0,0,0,0
17855.396482556,0,1,0,0
17855.396483002,1,1,0,0
17855.396484568,1,1,1,0
17871.415019966,1,0,1,0
17871.415021408,0,0,1,0
17871.415023022,0,0,0,0
17887.433559250,0,1,0,0
17887.433560256,1,1,0,0
17887.433561484,1,1,1,0
17903.452098594,1,0,1,0
17903.452099230,0,0,1,0
17903.452099938,0,0,0,0
17919.470636808,0,1,0,0
17919.470638136,1,1,0,0
17919.470639392,1,1,1,0
17935.489176148,1,0,1,0
17935.489177044,0,0,1,0
17935.489178838,0,0,0,0
17951.507714418,0,1,0,0
17951.507715816,1,1,0,0
17951.507717166,1,1,1,0
17967.526252688,1,0,1,0
17967.526254646,0,0,1,0
17967.526256680,0,0,0,0
17983.544792020,0,1,0,0
17983.544792980,1,1,0,0
17983.544794080,1,1,1,0
17999.563331292,1,0,1,0
17999.563331940,0,0,1,0
17999.563333536,0,0,0,0
18015.581869570,0,1,0,0
18015.581870906,1,1,0,0
18015.581871888,1,1,1,0
18031.600408966,1,0,1,0
18031.600409864,0,0,1,0
18031.600411350,0,0,0,0
18047.618947238,0,1,0,0
18047.618948574,1,1,0,0
18047.618949764,1,1,1,0
18063.637487336,0,1,1,0
18063.637487496,0,0,1,0
18063.637489112,0,0,0,0
18079.656025760,0,1,0,0
18079.656026104,1,1,0,0
18079.656028608,1,1,1,0
18095.674564026,1,0,1,0
18095.674564496,0,0,1,0
18095.674567096,0,0,0,0
18111.693101306,0,1,0,0
18111.693103398,1,1,0,0
18111.693105590,1,1,1,0
18127.711642306,0,1,1,0
18127.711642714,0,0,1,0
18127.711645008,0,0,0,0
18143.730181008,0,1,0,0
18143.730181216,1,1,0,0
18143.730183450,1,1,1,0
18159.748719288,1,0,1,0
18159.748720052,0,0,1,0
18159.748721938,0,0,0,0
18175.767258564,0,1,0,0
18175.767258824,1,1,0,0
18175.767260306,1,1,1,0
18191.785797034,1,0,1,0
18191.785797604,0,0,1,0
18191.785799792,0,0,0,0
18207.804335830,1,0,0,0
18207.804336328,1,1,0,0
18207.804337302,1,1,1,0
18223.822873680,1,0,1,0
18223.822874742,0,0,1,0
18223.822877798,0,0,0,0
18239.841412982,0,1,0,0
18239.841413604,1,1,0,0
18239.841415118,1,1,1,0
18255.859952356,1,0,1,0
18255.859952600,0,0,1,0
18255.859955626,0,0,0,0
18271.878521470,1,0,0,0
18271.878521604,1,1,0,0
18271.878524078,1,1,1,0
18287.897060032,1,0,1,0
18287.897060462,0,0,1,0
18287.897062450,0,0,0,0
18303.915599288,0,1,0,0
18303.915599342,1,1,0,0
18303.915601908,1,1,1,0
18319.934138362,0,1,1,0
18319.934138682,0,0,1,0
18319.934140450,0,0,0,0
18335.952676974,0,1,0,0
18335.952677280,1,1,0,0
18335.952678962,1,1,1,0
18351.971215396,1,0,1,0
18351.971216144,0,0,1,0
18351.971220538,0,0,0,0
18367.989754706,0,1,0,0
18367.989754948,1,1,0,0
18367.989758128,1,1,1,0
18384.008293198,1,0,1,0
18384.008293808,0,0,1,0
18384.008296824,0,0,0,0
18400.026831562,0,1,0,0
18400.026832230,1,1,0,0
18400.026835404,1,1,1,0
18416.045370922,1,0,1,0
18416.045371276,0,0,1,0
18416.045373030,0,0,0,0
18432.063909218,0,1,0,0
18432.063910192,1,1,0,0
18432.063912660,1,1,1,0
18448.082447620,1,0,1,0
18448.082449164,0,0,1,0
18448.082453138,0,0,0,0
18464.100987898,0,1,0,0
18464.100987944,1,1,0,0
18464.100990740,1,1,1,0
18480.119526838,0,1,1,0
18480.119527290,0,0,1,0
18480.119529260,0,0,0,0
18496.138065556,0,1,0,0
18496.138065730,1,1,0,0
18496.138069910,1,1,1,0
18512.156603882,1,0,1,0
18512.156604184,0,0,1,0
18512.156607494,0,0,0,0
18528.175174016,1,0,0,0
18528.175174152,1,1,0,0
18528.175177970,1,1,1,0
18544.193712416,1,0,1,0
18544.193712838,0,0,1,0
18544.193717560,0,0,0,0
18560.212250738,0,1,0,0
18560.212251722,1,1,0,0
18560.212256160,1,1,1,0
18576.230788992,1,0,1,0
18576.230790156,0,0,1,0
18576.230793738,0,0,0,0
18592.249359242,0,1,0,0
18592.249359840,1,1,0,0
18592.249365256,1,1,1,0
18608.267898492,1,0,1,0
18608.267898644,0,0,1,0
18608.267903826,0,0,0,0
18624.286436796,0,1,0,0
18624.286436938,1,1,0,0
18624.286439266,1,1,1,0
18640.304975088,1,0,1,0
18640.304975850,0,0,1,0
18640.304979824,0,0,0,0
18656.323513258,0,1,0,0
18656.323514702,1,1,0,0
18656.323518340,1,1,1,0
18672.342053668,0,0,1,0
18672.342056896,0,0,0,0
18688.360592510,1,0,0,0
18688.360592580,1,1,0,0
18688.360597330,1,1,1,0
18704.379131048,1,0,1,0
18704.379131400,0,0,1,0
18704.379134874,0,0,0,0
18720.397670164,1,0,0,0
18720.397670330,1,1,0,0
18720.397674366,1,1,1,0
18736.416208600,1,0,1,0
18736.416208978,0,0,1,0
18736.416214770,0,0,0,0
18752.434746802,0,1,0,0
18752.434747228,1,1,0,0
18752.434751178,1,1,1,0
18768.453285124,1,0,1,0
18768.453286158,0,0,1,0
18768.453290696,0,0,0,0
18784.471855648,1,0,0,0
18784.471856310,1,1,0,0
18784.471860160,1,1,1,0
18800.490393496,1,0,1,0
18800.490394386,0,0,1,0
18800.490399806,0,0,0,0
18816.508932692,0,1,0,0
18816.508932700,1,1,0,0
18816.508938040,1,1,1,0
18832.527471642,0,1,1,0
18832.527471958,0,0,1,0
18832.527476452,0,0,0,0
18848.546010224,0,1,0,0
18848.546010524,1,1,0,0
18848.546015888,1,1,1,0
18864.564579342,0,1,1,0
18864.564579554,0,0,1,0
18864.564584388,0,0,0,0
18880.583117764,0,1,0,0
18880.583118220,1,1,0,0
18880.583122778,1,1,1,0
18896.601657100,1,0,1,0
18896.601657162,0,0,1,0
18896.601662086,0,0,0,0
18912.620195970,1,0,0,0
18912.620196428,1,1,0,0
18912.620200526,1,1,1,0
18928.638734696,1,0,1,0
18928.638734776,0,0,1,0
18928.638739958,0,0,0,0
18944.657273514,1,0,0,0
18944.657274022,1,1,0,0
18944.657279342,1,1,1,0
18960.675812180,0,1,1,0
18960.675812284,0,0,1,0
18960.675817898,0,0,0,0
18976.694350850,1,0,0,0
18976.694351550,1,1,0,0
18976.694357334,1,1,1,0
18992.712889140,0,1,1,0
18992.712889872,0,0,1,0
18992.712893880,0,0,0,0
19008.731427982,1,0,0,0
19008.731428182,1,1,0,0
19008.731433360,1,1,1,0
19024.749966490,1,0,1,0
19024.749966758,0,0,1,0
19024.749972902,0,0,0,0
19040.768504670,0,1,0,0
19040.768505532,1,1,0,0
19040.768511388,1,1,1,0
19056.787044034,1,0,1,0
19056.787044180,0,0,1,0
19056.787049986,0,0,0,0
19072.805582272,0,1,0,0
19072.805582824,1,1,0,0
19072.805589394,1,1,1,0
19088.824121520,0,1,1,0
19088.824121564,0,0,1,0
19088.824127964,0,0,0,0
19104.842659778,1,0,0,0
19104.842659796,1,1,0,0
19104.842665424,1,1,1,0
19120.861198028,1,0,1,0
19120.861198606,0,0,1,0
19120.861205742,0,0,0,0
19136.879737264,0,1,0,0
19136.879737374,1,1,0,0
19136.879743010,1,1,1,0
19152.898275688,1,0,1,0
19152.898276266,0,0,1,0
19152.898281900,0,0,0,0
19168.916814908,1,0,0,0
19168.916814924,1,1,0,0
19168.916821418,1,1,1,0
19184.935353624,0,1,1,0
19184.935354238,0,0,1,0
19184.935359932,0,0,0,0
19200.953892350,1,0,0,0
19200.953892560,1,1,0,0
19200.953899460,1,1,1,0
19216.972430638,0,1,1,0
19216.972430818,0,0,1,0
19216.972436978,0,0,0,0
19232.990969440,1,0,0,0
19232.990970086,1,1,0,0
19232.990976532,1,1,1,0
19249.009508424,1,0,1,0
19249.009508438,0,0,1,0
19249.009514968,0,0,0,0
19265.028047182,1,0,0,0
19265.028048752,1,1,0,0
19265.028054536,1,1,1,0
19281.046585978,0,1,1,0
19281.046586010,0,0,1,0
19281.046593090,0,0,0,0
19297.065124708,1,0,0,0
19297.065125332,1,1,0,0
19297.065131588,1,1,1,0
19313.083663434,0,1,1,0
19313.083664650,0,0,1,0
19313.083671070,0,0,0,0
19329.102232586,1,0,0,0
19329.102232960,1,1,0,0
19329.102239622,1,1,1,0
19345.120771270,1,0,1,0
19345.120771426,0,0,1,0
19345.120779166,0,0,0,0
19361.139310142,1,0,0,0
19361.139310582,1,1,0,0
19361.139317656,1,1,1,0
19377.157848906,0,1,1,0
19377.157849948,0,0,1,0
19377.157856196,0,0,0,0
19393.176387100,1,0,0,0
19393.176388182,1,1,0,0
19393.176394678,1,1,1,0
19409.194925970,0,1,1,0
19409.194926530,0,0,1,0
19409.194934084,0,0,0,0
19425.213464772,1,0,0,0
19425.213464816,1,1,0,0
19425.213472500,1,1,1,0
19441.232034262,0,1,1,0
19441.232036036,0,0,1,0
19441.232042024,0,0,0,0
19457.250572556,1,0,0,0
19457.250573312,1,1,0,0
19457.250580484,1,1,1,0
19473.269142226,0,1,1,0
19473.269143646,0,0,1,0
19473.269151002,0,0,0,0
19489.287680924,0,1,0,0
19489.287680960,1,1,0,0
19489.287689402,1,1,1,0
19505.306219622,0,1,1,0
19505.306220258,0,0,1,0
19505.306228718,0,0,0,0
19521.324788856,1,0,0,0
19521.324789472,1,1,0,0
19521.324797182,1,1,1,0
19537.343327582,0,1,1,0
19537.343329426,0,0,1,0
19537.343336686,0,0,0,0
19553.361866246,1,0,0,0
19553.361867006,1,1,0,0
19553.361875074,1,1,1,0
19569.380404960,0,1,1,0
19569.380406268,0,0,1,0
19569.380413570,0,0,0,0
19585.398943108,1,0,0,0
19585.398944460,1,1,0,0
19585.398950948,1,1,1,0
19601.417481930,0,1,1,0
19601.417482644,0,0,1,0
19601.417490426,0,0,0,0
19617.436020688,1,0,0,0
19617.436021952,1,1,0,0
19617.436028776,1,1,1,0
19633.454559440,0,1,1,0
19633.454560122,0,0,1,0
19633.454568234,0,0,0,0
19649.473098068,1,0,0,0
19649.473099416,1,1,0,0
19649.473106642,1,1,1,0
19665.491666956,0,1,1,0
19665.491667592,0,0,1,0
19665.491675986,0,0,0,0
19681.510205730,1,0,0,0
19681.510206836,1,1,0,0
19681.510214420,1,1,1,0
19697.528744560,0,1,1,0
19697.528745082,0,0,1,0
19697.528752846,0,0,0,0
19713.547283202,1,0,0,0
19713.547284268,1,1,0,0
19713.547292154,1,1,1,0
19729.565821906,0,1,1,0
19729.565823514,0,0,1,0
19729.565831640,0,0,0,0
19745.584360534,1,0,0,0
19745.584361690,1,1,0,0
19745.584370006,1,1,1,0
19761.602898726,0,1,1,0
19761.602898926,0,0,1,0
19761.602907426,0,0,0,0
19777.621437482,1,0,0,0
19777.621438226,1,1,0,0
19777.621446734,1,1,1,0
19793.639976420,0,1,1,0
19793.639977522,0,0,1,0
19793.639984214,0,0,0,0
19809.658515164,1,0,0,0
19809.658515750,1,1,0,0
19809.658523622,1,1,1,0
19825.677053774,0,1,1,0
19825.677055094,0,0,1,0
19825.677062878,0,0,0,0
19841.695592384,1,0,0,0
19841.695593250,1,1,0,0
19841.695601208,1,1,1,0
19857.714130994,0,1,1,0
19857.714132468,0,0,1,0
19857.714140600,0,0,0,0
19873.732669166,1,0,0,0
19873.732669754,1,1,0,0
19873.732679010,1,1,1,0
19889.751207962,0,1,1,0
19889.751208972,0,0,1,0
19889.751218414,0,0,0,0
19905.769746692,1,0,0,0
19905.769747190,1,1,0,0
19905.769756826,1,1,1,0
19921.788285480,0,1,1,0
19921.788286464,0,0,1,0
19921.788295338,0,0,0,0
19937.806824080,1,0,0,0
19937.806825674,1,1,0,0
19937.806833670,1,1,1,0
19953.825362802,0,1,1,0
19953.825364884,0,0,1,0
19953.825374062,0,0,0,0
19969.843901334,1,0,0,0
19969.843903156,1,1,0,0
19969.843911528,1,1,1,0
19985.862439488,0,1,1,0
19985.862440488,0,0,1,0
19985.862449980,0,0,0,0
20001.880978268,1,0,0,0
20001.880979632,1,1,0,0
20001.880989316,1,1,1,0
20017.899517044,0,1,1,0
20017.899517954,0,0,1,0
20017.899526694,0,0,0,0
20033.918055754,1,0,0,0
20033.918057088,1,1,0,0
20033.918065078,1,1,1,0
20049.936594520,0,1,1,0
20049.936596338,0,0,1,0
20049.936604496,0,0,0,0
20065.955133150,1,0,0,0
20065.955134578,1,1,0,0
20065.955143782,1,1,1,0
20081.973671848,0,1,1,0
20081.973672826,0,0,1,0
20081.973682138,0,0,0,0
20097.992210538,1,0,0,0
20097.992211950,1,1,0,0
20097.992220568,1,1,1,0
20114.010748742,0,1,1,0
20114.010750268,0,0,1,0
20114.010757986,0,0,0,0
20130.029287564,1,0,0,0
20130.029288458,1,1,0,0
20130.029298472,1,1,1,0
20146.047826386,0,1,1,0
20146.047826582,0,0,1,0
20146.047835688,0,0,0,0
20162.066365080,1,0,0,0
20162.066365706,1,1,0,0
20162.066375034,1,1,1,0
20178.084903702,0,1,1,0
20178.084906008,0,0,1,0
20178.084915434,0,0,0,0
20194.103442328,1,0,0,0
20194.103444124,1,1,0,0
20194.103452714,1,1,1,0
20210.121980888,0,1,1,0
20210.121982360,0,0,1,0
20210.121992172,0,0,0,0
20226.140519064,1,0,0,0
20226.140520520,1,1,0,0
20226.140530454,1,1,1,0
20242.159057858,0,1,1,0
20242.159060682,0,0,1,0
20242.159068842,0,0,0,0
20258.177596532,1,0,0,0
20258.177597778,1,1,0,0
20258.177606102,1,1,1,0
20274.196135272,0,1,1,0
20274.196137062,0,0,1,0
20274.196146476,0,0,0,0
20290.214673946,1,0,0,0
20290.214676224,1,1,0,0
20290.214684856,1,1,1,0
20306.233212546,0,1,1,0
20306.233214376,0,0,1,0
20306.233224152,0,0,0,0
20322.251751142,1,0,0,0
20322.251753524,1,1,0,0
20322.251762392,1,1,1,0
20338.270289292,0,1,1,0
20338.270290724,0,0,1,0
20338.270300684,0,0,0,0
20354.288827942,1,0,0,0
20354.288828800,1,1,0,0
20354.288838982,1,1,1,0
20370.307366650,0,1,1,0
20370.307368998,0,0,1,0
20370.307378340,0,0,0,0
20386.325905356,1,0,0,0
20386.325908072,1,1,0,0
20386.325916576,1,1,1,0
20402.344444046,0,1,1,0
20402.344445134,0,0,1,0
20402.344455866,0,0,0,0
20418.362982546,1,0,0,0
20418.362984316,1,1,0,0
20418.362995044,1,1,1,0
20434.381521170,0,1,1,0
20434.381523442,0,0,1,0
20434.381533404,0,0,0,0
20450.400059730,1,0,0,0
20450.400062008,1,1,0,0
20450.400071896,1,1,1,0
20466.418597970,0,1,1,0
20466.418598812,0,0,1,0
20466.418610928,0,0,0,0
20482.437136710,1,0,0,0
20482.437137992,1,1,0,0
20482.437148338,1,1,1,0
20498.455675450,0,1,1,0
20498.455677110,0,0,1,0
20498.455686604,0,0,0,0
20514.474214064,1,0,0,0
20514.474215224,1,1,0,0
20514.474226752,1,1,1,0
20530.492752670,0,1,1,0
20530.492755458,0,0,1,0
20530.492764078,0,0,0,0
20546.511291146,1,0,0,0
20546.511293562,1,1,0,0
20546.511303290,1,1,1,0
20562.529829740,0,1,1,0
20562.529832724,0,0,1,0
20562.529842490,0,0,0,0
20578.548367764,1,0,0,0
20578.548369818,1,1,0,0
20578.548379756,1,1,1,0
20594.566906478,0,1,1,0
20594.566908970,0,0,1,0
20594.566919060,0,0,0,0
20610.585445124,1,0,0,0
20610.585446994,1,1,0,0
20610.585457242,1,1,1,0
20626.603983826,0,1,1,0
20626.603986190,0,0,1,0
20626.603996414,0,0,0,0
20642.622522406,1,0,0,0
20642.622524270,1,1,0,0
20642.622534650,1,1,1,0
20658.641060986,0,1,1,0
20658.641062476,0,0,1,0
20658.641073990,0,0,0,0
20674.659599512,1,0,0,0
20674.659601562,1,1,0,0
20674.659613162,1,1,1,0
20690.678136340,1,1,0,0
20690.678137610,0,1,0,0
20690.678138718,0,0,0,0
20706.696673872,0,1,0,0
20706.696674598,0,1,1,0
20706.696676272,1,1,1,0
20722.715213032,1,0,1,0
20722.715213910,1,0,0,0
20722.715215120,0,0,0,0
20738.733752066,0,1,0,0
20738.733752190,0,1,1,0
20738.733753778,1,1,1,0
20754.752290284,1,0,1,0
20754.752290462,1,0,0,0
20754.752292432,0,0,0,0
20770.770828440,0,1,0,0
20770.770829724,0,1,1,0
20770.770831016,1,1,1,0
20786.789367524,1,0,1,0
20786.789369036,1,0,0,0
20786.789369656,0,0,0,0
20802.807906612,0,1,0,0
20802.807907296,0,1,1,0
20802.807908174,1,1,1,0
20818.826444544,1,1,0,0
20818.826445758,1,0,0,0
20818.826446382,0,0,0,0
20834.844982840,0,1,0,0
20834.844983862,0,1,1,0
20834.844985026,1,1,1,0
20850.863521982,1,0,1,0
20850.863523158,1,0,0,0
20850.863523794,0,0,0,0
20866.882061116,0,1,0,0
20866.882061390,0,1,1,0
20866.882062498,1,1,1,0
20882.900599248,1,0,1,0
20882.900601074,0,0,1,0
20882.900601550,0,0,0,0
20898.919138310,0,1,0,0
20898.919139646,1,1,0,0
20898.919139656,1,1,1,0
20914.937706364,1,0,1,0
20914.937708314,1,0,0,0
20914.937708594,0,0,0,0
20930.956245482,0,1,0,0
20930.956247284,0,1,1,0
20930.956247286,1,1,1,0
20946.974784656,1,0,1,0
20946.974785498,1,0,0,0
20946.974785844,0,0,0,0
20962.993322578,0,1,0,0
20962.993322786,0,1,1,0
20962.993324334,1,1,1,0
20979.011861750,1,0,1,0
20979.011862946,0,0,1,0
20979.011863010,0,0,0,0
20995.030399804,0,1,0,0
20995.030401062,1,1,0,0
20995.030401322,1,1,1,0
21011.048937910,1,0,1,0
21011.048939564,1,0,0,0
21011.048939864,0,0,0,0
21027.067477806,0,0,1,0
21027.067478078,0,1,1,0
21027.067478526,1,1,1,0
21043.086015242,1,0,1,0
21043.086017036,1,0,0,0
21043.086017186,0,0,0,0
21059.104554290,0,1,0,0
21059.104555668,1,1,0,0
21059.104556342,1,1,1,0
21075.123093354,1,0,1,0
21075.123094222,0,0,1,0
21075.123094586,0,0,0,0
21091.141632540,0,1,0,0
21091.141632778,1,1,0,0
21091.141632846,1,1,1,0
21107.160168534,1,0,1,0
21107.160170894,0,0,1,0
21107.160171104,0,0,0,0
21123.178707604,0,1,0,0
21123.178709456,1,1,0,0
21123.178710384,1,1,1,0
21139.197246796,1,0,1,0
21139.197247704,1,0,0,0
21139.197248200,0,0,0,0
21155.215785864,0,1,0,0
21155.215786820,1,1,0,0
21155.215787020,1,1,1,0
21171.234323996,1,0,1,0
21171.234325444,0,0,1,0
21171.234326264,0,0,0,0
21187.252863074,0,1,0,0
21187.252863886,1,1,0,0
21187.252864474,1,1,1,0
21203.271402216,1,0,1,0
21203.271402446,0,0,1,0
21203.271402918,0,0,0,0
21219.289940288,0,1,0,0
21219.289940378,1,1,0,0
21219.289941240,1,1,1,0
21235.308477470,1,0,1,0
21235.308479054,0,0,1,0
21235.308479418,0,0,0,0
21251.327016522,0,1,0,0
21251.327017604,1,1,0,0
21251.327017910,1,1,1,0
21267.345555558,1,0,1,0
21267.345556328,0,0,1,0
21267.345557064,0,0,0,0
21283.364094718,0,1,0,0
21283.364094926,1,1,0,0
21283.364095276,1,1,1,0
21299.382632748,1,0,1,0
21299.382633462,0,0,1,0
21299.382633608,0,0,0,0
21315.401170780,0,1,0,0
21315.401171942,1,1,0,0
21315.401173816,1,1,1,0
21331.419709872,1,0,1,0
21331.419710478,0,0,1,0
21331.419712006,0,0,0,0
21347.438246840,0,1,0,0
21347.438248638,1,1,0,0
21347.438249204,1,1,1,0
21363.456786938,1,0,1,0
21363.456787302,0,0,1,0
21363.456789458,0,0,0,0
21379.475324976,0,1,0,0
21379.475325970,1,1,0,0
21379.475326666,1,1,1,0
21395.493864084,1,0,1,0
21395.493864646,0,0,1,0
21395.493866000,0,0,0,0
21411.512403054,0,1,0,0
21411.512403060,1,1,0,0
21411.512405026,1,1,1,0
21427.530941660,0,1,1,0
21427.530942084,0,0,1,0
21427.530942366,0,0,0,0
21443.549480124,0,1,0,0
21443.549480262,1,1,0,0
21443.549481538,1,1,1,0
21459.568017158,1,0,1,0
21459.568018414,0,0,1,0
21459.568020630,0,0,0,0
21475.586556190,0,1,0,0
21475.586557002,1,1,0,0
21475.586557730,1,1,1,0
21491.605094286,1,0,1,0
21491.605095716,0,0,1,0
21491.605097072,0,0,0,0
21507.623633324,0,1,0,0
21507.623634308,1,1,0,0
21507.623636246,1,1,1,0
21523.642172426,1,0,1,0
21523.642172902,0,0,1,0
21523.642174548,0,0,0,0
21539.660710464,0,1,0,0
21539.660711430,1,1,0,0
21539.660713784,1,1,1,0
21555.679249960,0,1,1,0
21555.679250630,0,0,1,0
21555.679252566,0,0,0,0
21571.697787676,0,1,0,0
21571.697787998,1,1,0,0
21571.697790354,1,1,1,0
21587.716356784,1,0,1,0
21587.716357594,0,0,1,0
21587.716359568,0,0,0,0
21603.734894892,0,1,0,0
21603.734896066,1,1,0,0
21603.734897788,1,1,1,0
21619.753432996,1,0,1,0
21619.753434602,0,0,1,0
21619.753438002,0,0,0,0
21635.771971102,0,1,0,0
21635.771972696,1,1,0,0
21635.771974218,1,1,1,0
21651.790510262,1,0,1,0
21651.790511414,0,0,1,0
21651.790514544,0,0,0,0
21667.809050004,1,0,0,0
21667.809050292,1,1,0,0
21667.809051754,1,1,1,0
21683.827587436,1,0,1,0
21683.827588644,0,0,1,0
21683.827589956,0,0,0,0
21699.846126526,0,1,0,0
21699.846127158,1,1,0,0
21699.846129230,1,1,1,0
21715.864665548,1,0,1,0
21715.864665666,0,0,1,0
21715.864668488,0,0,0,0
21731.883203574,0,1,0,0
21731.883204178,1,1,0,0
21731.883207646,1,1,1,0
21747.901740722,1,0,1,0
21747.901742248,0,0,1,0
21747.901744860,0,0,0,0
21763.920279750,0,1,0,0
21763.920280888,1,1,0,0
21763.920284026,1,1,1,0
21779.938818838,1,0,1,0
21779.938819590,0,0,1,0
21779.938822298,0,0,0,0
21795.957357860,0,1,0,0
21795.957358286,1,1,0,0
21795.957361516,1,1,1,0
21811.975895946,1,0,1,0
21811.975896916,0,0,1,0
21811.975899790,0,0,0,0
21827.994434030,0,1,0,0
21827.994435410,1,1,0,0
21827.994439012,1,1,1,0
21844.012973966,0,1,1,0
21844.012974174,0,0,1,0
21844.012977350,0,0,0,0
21860.031512184,0,1,0,0
21860.031512388,1,1,0,0
21860.031515494,1,1,1,0
21876.050050248,1,0,1,0
21876.050050430,0,0,1,0
21876.050053686,0,0,0,0
21892.068588314,0,1,0,0
21892.068589096,1,1,0,0
21892.068591944,1,1,1,0
21908.087126448,1,0,1,0
21908.087127768,0,0,1,0
21908.087131262,0,0,0,0
21924.105666310,1,0,0,0
21924.105666450,1,1,0,0
21924.105669396,1,1,1,0
21940.124204908,0,1,1,0
21940.124205510,0,0,1,0
21940.124208648,0,0,0,0
21956.142742700,0,1,0,0
21956.142743384,1,1,0,0
21956.142746902,1,1,1,0
21972.161281766,1,0,1,0
21972.161281922,0,0,1,0
21972.161286268,0,0,0,0
21988.179819772,0,1,0,0
21988.179820024,1,1,0,0
21988.179823386,1,1,1,0
22004.198357960,1,0,1,0
22004.198358676,0,0,1,0
22004.198362672,0,0,0,0
22020.216897020,0,1,0,0
22020.216897328,1,1,0,0
22020.216900852,1,1,1,0
22036.235435132,1,0,1,0
22036.235435972,0,0,1,0
22036.235440152,0,0,0,0
22052.253974246,0,1,0,0
22052.253974560,1,1,0,0
22052.253979274,1,1,1,0
22068.272513152,0,1,1,0
22068.272513424,0,0,1,0
22068.272517584,0,0,0,0
22084.291050422,0,1,0,0
22084.291051622,1,1,0,0
22084.291055784,1,1,1,0
22100.309588666,1,0,1,0
22100.309589714,0,0,1,0
22100.309593094,0,0,0,0
22116.328127724,0,1,0,0
22116.328128366,1,1,0,0
22116.328132234,1,1,1,0
22132.346666836,1,0,1,0
22132.346667014,0,0,1,0
22132.346671538,0,0,0,0
22148.365205660,1,0,0,0
22148.365205886,1,1,0,0
22148.365209720,1,1,1,0
22164.383743928,1,0,1,0
22164.383744236,0,0,1,0
22164.383749072,0,0,0,0
22180.402282744,1,0,0,0
22180.402282906,1,1,0,0
22180.402287244,1,1,1,0
22196.420821140,1,0,1,0
22196.420821256,0,0,1,0
22196.420826588,0,0,0,0
22212.439359764,1,0,0,0
22212.439360118,1,1,0,0
22212.439364756,1,1,1,0
22228.457897962,0,1,1,0
22228.457898224,0,0,1,0
22228.457904040,0,0,0,0
22244.476435962,0,1,0,0
22244.476436546,1,1,0,0
22244.476442342,1,1,1,0
22260.494975194,0,1,1,0
22260.494976386,0,0,1,0
22260.494980620,0,0,0,0
22276.513513838,1,0,0,0
22276.513514370,1,1,0,0
22276.513517900,1,1,1,0
22292.532051474,1,0,1,0
22292.532052418,0,0,1,0
22292.532057182,0,0,0,0
22308.550590456,0,1,0,0
22308.550590876,1,1,0,0
22308.550596424,1,1,1,0
22324.569129390,0,1,1,0
22324.569130494,0,0,1,0
22324.569135706,0,0,0,0
22340.587667474,1,0,0,0
22340.587668472,1,1,0,0
22340.587673942,1,1,1,0
22356.606205510,1,0,1,0
22356.606206058,0,0,1,0
22356.606211226,0,0,0,0
22372.624744542,0,1,0,0
22372.624744694,1,1,0,0
22372.624750450,1,1,1,0
22388.643283334,0,1,1,0
22388.643283636,0,0,1,0
22388.643288790,0,0,0,0
22404.661821840,1,0,0,0
22404.661822600,1,1,0,0
22404.661827014,1,1,1,0
22420.680360346,0,1,1,0
22420.680361688,0,0,1,0
22420.680366224,0,0,0,0
22436.698898846,1,0,0,0
22436.698899644,1,1,0,0
22436.698904382,1,1,1,0
22452.717436714,1,0,1,0
22452.717436900,0,0,1,0
22452.717443526,0,0,0,0
22468.735975520,1,0,0,0
22468.735975668,1,1,0,0
22468.735981808,1,1,1,0
22484.754514192,0,1,1,0
22484.754514744,0,0,1,0
22484.754520074,0,0,0,0
22500.773052808,1,0,0,0
22500.773053824,1,1,0,0
22500.773059302,1,1,1,0
22516.791591360,0,1,1,0
22516.791592090,0,0,1,0
22516.791598770,0,0,0,0
22532.810129780,1,0,0,0
22532.810129912,1,1,0,0
22532.810135742,1,1,1,0
22548.828667984,1,0,1,0
22548.828668260,0,0,1,0
22548.828675946,0,0,0,0
22564.847206724,1,0,0,0
22564.847206982,1,1,0,0
22564.847214208,1,1,1,0
22580.865744806,0,1,1,0
22580.865744968,0,0,1,0
22580.865751440,0,0,0,0
22596.884282952,0,1,0,0
22596.884283388,1,1,0,0
22596.884289618,1,1,1,0
22612.902821068,1,0,1,0
22612.902821974,0,0,1,0
22612.902828922,0,0,0,0
22628.921360508,1,0,0,0
22628.921361006,1,1,0,0
22628.921366130,1,1,1,0
22644.939898908,0,1,1,0
22644.939900194,0,0,1,0
22644.939906402,0,0,0,0
22660.958437312,1,0,0,0
22660.958438256,1,1,0,0
22660.958444616,1,1,1,0
22676.976975318,1,0,1,0
22676.976975712,0,0,1,0
22676.976982872,0,0,0,0
22692.995513672,1,0,0,0
22692.995514382,1,1,0,0
22692.995521120,1,1,1,0
22709.014052196,0,1,1,0
22709.014052504,0,0,1,0
22709.014059348,0,0,0,0
22725.032590558,0,1,0,0
22725.032590710,1,1,0,0
22725.032597524,1,1,1,0
22741.051128600,1,0,1,0
22741.051129336,0,0,1,0
22741.051136744,0,0,0,0
22757.069667712,1,0,0,0
22757.069668642,1,1,0,0
22757.069674984,1,1,1,0
22773.088206214,0,1,1,0
22773.088207688,0,0,1,0
22773.088213294,0,0,0,0
22789.106744580,1,0,0,0
22789.106745722,1,1,0,0
22789.106752424,1,1,1,0
22805.125282630,0,1,1,0
22805.125282818,0,0,1,0
22805.125290600,0,0,0,0
22821.143821230,1,0,0,0
22821.143821784,1,1,0,0
22821.143827836,1,1,1,0
22837.162359764,0,1,1,0
22837.162361866,0,0,1,0
22837.162365986,0,0,0,0
22853.180898370,1,0,0,0
22853.180898900,1,1,0,0
22853.180905102,1,1,1,0
22869.199436868,1,0,1,0
22869.199436916,0,0,1,0
22869.199444404,0,0,0,0
22885.217975270,1,0,0,0
22885.217975896,1,1,0,0
22885.217982582,1,1,1,0
22901.236513688,0,1,1,0
22901.236514050,0,0,1,0
22901.236522808,0,0,0,0
22917.255052050,1,0,0,0
22917.255053024,1,1,0,0
22917.255059994,1,1,1,0
22933.273590120,1,0,1,0
22933.273590156,0,0,1,0
22933.273598224,0,0,0,0
22949.292128632,1,0,0,0
22949.292129150,1,1,0,0
22949.292137460,1,1,1,0
22965.310667224,0,1,1,0
22965.310668104,0,0,1,0
22965.310675542,0,0,0,0
22981.329205762,1,0,0,0
22981.329207060,1,1,0,0
22981.329214692,1,1,1,0
22997.347744230,0,1,1,0
22997.347745134,0,0,1,0
22997.347753832,0,0,0,0
23013.366282698,1,0,0,0
23013.366284080,1,1,0,0
23013.366291972,1,1,1,0
23029.384821166,0,1,1,0
23029.384822086,0,0,1,0
23029.384831030,0,0,0,0
23045.403359206,1,0,0,0
23045.403361096,1,1,0,0
23045.403368172,1,1,1,0
23061.421897792,0,1,1,0
23061.421898964,0,0,1,0
23061.421905352,0,0,0,0
23077.440436434,1,0,0,0
23077.440437956,1,1,0,0
23077.440444484,1,1,1,0
23093.458975132,0,1,1,0
23093.458976002,0,0,1,0
23093.458982540,0,0,0,0
23109.477513514,1,0,0,0
23109.477514870,1,1,0,0
23109.477521736,1,1,1,0
23125.496052022,0,1,1,0
23125.496053800,0,0,1,0
23125.496059870,0,0,0,0
23141.514590470,1,0,0,0
23141.514590864,1,1,0,0
23141.514599020,1,1,1,0
23157.533128480,0,1,1,0
23157.533129802,0,0,1,0
23157.533137222,0,0,0,0
23173.551667124,1,0,0,0
23173.551667684,1,1,0,0
23173.551675440,1,1,1,0
23189.570205766,0,1,1,0
23189.570206686,0,0,1,0
23189.570214700,0,0,0,0
23205.588744280,1,0,0,0
23205.588745742,1,1,0,0
23205.588751770,1,1,1,0
23221.607282860,0,1,1,0
23221.607283736,0,0,1,0
23221.607292020,0,0,0,0
23237.625821242,1,0,0,0
23237.625823656,1,1,0,0
23237.625831138,1,1,1,0
23253.644359800,0,1,1,0
23253.644361696,0,0,1,0
23253.644369240,0,0,0,0
23269.662898172,1,0,0,0
23269.662900616,1,1,0,0
23269.662908300,1,1,1,0
23285.681436226,0,1,1,0
23285.681437596,0,0,1,0
23285.681446344,0,0,0,0
23301.699974778,1,0,0,0
23301.699975636,1,1,0,0
23301.699984394,1,1,1,0
23317.718513404,0,1,1,0
23317.718514686,0,0,1,0
23317.718521636,0,0,0,0
23333.737051970,1,0,0,0
23333.737052680,1,1,0,0
23333.737061716,1,1,1,0
23349.755590410,0,1,1,0
23349.755591742,0,0,1,0
23349.755599972,0,0,0,0
23365.774128782,1,0,0,0
23365.774130734,1,1,0,0
23365.774138028,1,1,1,0
23381.792667208,0,1,1,0
23381.792668712,0,0,1,0
23381.792677190,0,0,0,0
23397.811205066,1,0,0,0
23397.811207064,1,1,0,0
23397.811214288,1,1,1,0
23413.829743666,0,1,1,0
23413.829743842,0,0,1,0
23413.829752564,0,0,0,0
23429.848282144,1,0,0,0
23429.848283810,1,1,0,0
23429.848292662,1,1,1,0
23445.866820678,0,1,1,0
23445.866822832,0,0,1,0
23445.866830884,0,0,0,0
23461.885359024,1,0,0,0
23461.885360742,1,1,0,0
23461.885368942,1,1,1,0
23477.903897374,0,1,1,0
23477.903898716,0,0,1,0
23477.903909176,0,0,0,0
23493.922435786,1,0,0,0
23493.922436686,1,1,0,0
23493.922446346,1,1,1,0
23509.940973816,0,1,1,0
23509.940974708,0,0,1,0
23509.940983548,0,0,0,0
23525.959512284,1,0,0,0
23525.959512666,1,1,0,0
23525.959523634,1,1,1,0
23541.978050870,0,1,1,0
23541.978051742,0,0,1,0
23541.978060884,0,0,0,0
23557.996589334,1,0,0,0
23557.996590708,1,1,0,0
23557.996599976,1,1,1,0
23574.015127800,0,1,1,0
23574.015129668,0,0,1,0
23574.015138122,0,0,0,0
23590.033666152,1,0,0,0
23590.033667578,1,1,0,0
23590.033677234,1,1,1,0
23606.052204496,0,1,1,0
23606.052206606,0,0,1,0
23606.052215390,0,0,0,0
23622.070742462,1,0,0,0
23622.070744518,1,1,0,0
23622.070754562,1,1,1,0
23638.089280992,0,1,1,0
23638.089282610,0,0,1,0
23638.089291722,0,0,0,0
23654.107819472,1,0,0,0
23654.107820586,1,1,0,0
23654.107830774,1,1,1,0
23670.126358078,0,1,1,0
23670.126359560,0,0,1,0
23670.126368878,0,0,0,0
23686.144896620,1,0,0,0
23686.144897482,1,1,0,0
23686.144907116,1,1,1,0
23702.163435104,0,1,1,0
23702.163436592,0,0,1,0
23702.163446226,0,0,0,0
23718.181973530,1,0,0,0
23718.181974520,1,1,0,0
23718.181986420,1,1,1,0
23734.200511948,0,1,1,0
23734.200513504,0,0,1,0
23734.200523656,0,0,0,0
23750.219049866,1,0,0,0
23750.219051482,1,1,0,0
23750.219060832,1,1,1,0
23766.237588464,0,1,1,0
23766.237589392,0,0,1,0
23766.237599994,0,0,0,0
23782.256127064,1,0,0,0
23782.256128294,1,1,0,0
23782.256138104,1,1,1,0
23798.274665666,0,1,1,0
23798.274667322,0,0,1,0
23798.274677334,0,0,0,0
23814.293204080,1,0,0,0
23814.293205158,1,1,0,0
23814.293215582,1,1,1,0
23830.311742626,0,1,1,0
23830.311744194,0,0,1,0
23830.311754894,0,0,0,0
23846.330281052,1,0,0,0
23846.330283172,1,1,0,0
23846.330292778,1,1,1,0
23862.348819092,0,1,1,0
23862.348821082,0,0,1,0
23862.348831886,0,0,0,0
23878.367357628,1,0,0,0
23878.367358992,1,1,0,0
23878.367368882,1,1,1,0
23894.385896222,0,1,1,0
23894.385897022,0,0,1,0
23894.385907112,0,0,0,0
23910.404434696,1,0,0,0
23910.404436878,1,1,0,0
23910.404447238,1,1,1,0
23926.422973238,0,1,1,0
23926.422974924,0,0,1,0
23926.422985480,0,0,0,0
23942.441511590,1,0,0,0
23942.441512906,1,1,0,0
23942.441523612,1,1,1,0
23958.460111010,0,1,1,0
23958.460112828,0,0,1,0
23958.460123794,0,0,0,0
23974.478618924,1,0,0,0
23974.478621748,1,1,0,0
23974.478631048,1,1,1,0
23990.497157392,0,1,1,0
23990.497158662,0,0,1,0
23990.497170240,0,0,0,0
24006.515695738,1,0,0,0
24006.515697640,1,1,0,0
24006.515708456,1,1,1,0
24022.534234080,0,1,1,0
24022.534236614,0,0,1,0
24022.534247714,0,0,0,0
24038.552772046,1,0,0,0
24038.552774462,1,1,0,0
24038.552783850,1,1,1,0
24054.571310704,0,1,1,0
24054.571312504,0,0,1,0
24054.571324102,0,0,0,0
24070.589849178,1,0,0,0
24070.589851420,1,1,0,0
24070.589862358,1,1,1,0
24086.608386614,1,1,0,0
24086.608387770,0,1,0,0
24086.608390456,0,0,0,0
24102.626924376,0,1,0,0
24102.626924718,0,1,1,0
24102.626926248,1,1,1,0
24118.645462472,1,0,1,0
24118.645462996,1,0,0,0
24118.645464652,0,0,0,0
24134.664001446,0,1,0,0
24134.664002096,0,1,1,0
24134.664002992,1,1,1,0
24150.682569238,1,1,0,0
24150.682570474,1,0,0,0
24150.682571894,0,0,0,0
24166.701139308,0,1,0,0
24166.701139456,0,1,1,0
24166.701140356,1,1,1,0
24182.719677314,1,0,1,0
24182.719677716,1,0,0,0
24182.719678928,0,0,0,0
24198.738215188,0,1,0,0
24198.738215912,0,1,1,0
24198.738217368,1,1,1,0
24214.756754036,1,1,0,0
24214.756754116,1,0,0,0
24214.756755856,0,0,0,0
24230.775292976,0,1,0,0
24230.775293036,0,1,1,0
24230.775294214,1,1,1,0
24246.793830972,1,0,1,0
24246.793831292,1,0,0,0
24246.793832642,0,0,0,0
24262.812399446,0,0,1,0
24262.812399794,0,1,1,0
24262.812401394,1,1,1,0
24278.830937798,1,0,1,0
24278.830938702,1,0,0,0
24278.830939892,0,0,0,0
24294.849475908,0,0,1,0
24294.849477674,0,1,1,0
24294.849478264,1,1,1,0
24310.868015176,1,0,1,0
24310.868016086,1,0,0,0
24310.868016640,0,0,0,0
24326.886553552,0,1,0,0
24326.886554714,0,1,1,0
24326.886555014,1,1,1,0
24342.905090302,1,0,1,0
24342.905091696,1,0,0,0
24342.905093006,0,0,0,0
24358.923629618,0,0,1,0
24358.923630422,0,1,1,0
24358.923631494,1,1,1,0
24374.942168782,1,1,0,0
24374.942169350,1,0,0,0
24374.942170040,0,0,0,0
24390.960737272,0,1,0,0
24390.960738956,0,1,1,0
24390.960739020,1,1,1,0
24406.979275188,1,0,1,0
24406.979276050,1,0,0,0
24406.979277056,0,0,0,0
24422.997815106,0,1,0,0
24422.997815594,1,1,0,0
24422.997816034,1,1,1,0
24439.016353024,1,0,1,0
24439.016354188,0,0,1,0
24439.016354260,0,0,0,0
24455.034891414,0,0,1,0
24455.034891874,0,1,1,0
24455.034892652,1,1,1,0
24471.053430898,1,0,1,0
24471.053431044,0,0,1,0
24471.053431600,0,0,0,0
24487.071968722,0,1,0,0
24487.071968730,0,1,1,0
24487.071969360,1,1,1,0
24503.090506666,1,0,1,0
24503.090507734,0,0,1,0
24503.090507920,0,0,0,0
24519.109042552,0,1,0,0
24519.109045610,1,1,0,0
24519.109046056,1,1,1,0
24535.127582424,1,0,1,0
24535.127583176,1,0,0,0
24535.127584102,0,0,0,0
24551.146121296,0,1,0,0
24551.146122234,0,1,1,0
24551.146122528,1,1,1,0
24567.164659346,1,0,1,0
24567.164660342,1,0,0,0
24567.164661072,0,0,0,0
24583.183197146,0,1,0,0
24583.183199360,1,1,0,0
24583.183199396,1,1,1,0
24599.201737116,1,0,1,0
24599.201737494,1,0,0,0
24599.201737698,0,0,0,0
24615.220275902,0,1,0,0
24615.220275978,1,1,0,0
24615.220276606,1,1,1,0
24631.238811924,1,0,1,0
24631.238813818,0,0,1,0
24631.238814632,0,0,0,0
24647.257350694,0,1,0,0
24647.257352278,1,1,0,0
24647.257352736,1,1,1,0
24663.275889592,1,0,1,0
24663.275890866,0,0,1,0
24663.275891910,0,0,0,0
24679.294428438,0,1,0,0
24679.294429268,1,1,0,0
24679.294430030,1,1,1,0
24695.312966276,1,0,1,0
24695.312967726,0,0,1,0
24695.312968138,0,0,0,0
24711.331535050,0,1,0,0
24711.331536176,1,1,0,0
24711.331537250,1,1,1,0
24727.350073006,1,0,1,0
24727.350074678,0,0,1,0
24727.350075528,0,0,0,0
24743.368611832,0,1,0,0
24743.368613046,1,1,0,0
24743.368613684,1,1,1,0
24759.387150710,1,0,1,0
24759.387151472,0,0,1,0
24759.387152820,0,0,0,0
24775.405718648,0,1,0,0
24775.405719952,1,1,0,0
24775.405720964,1,1,1,0
24791.424256572,1,0,1,0
24791.424258424,0,0,1,0
24791.424260032,0,0,0,0
24807.442795490,0,1,0,0
24807.442796824,1,1,0,0
24807.442799152,1,1,1,0
24823.461334404,1,0,1,0
24823.461335094,0,0,1,0
24823.461335310,0,0,0,0
24839.479872326,0,1,0,0
24839.479873312,1,1,0,0
24839.479875308,1,1,1,0
24855.498410176,1,0,1,0
24855.498411584,0,0,1,0
24855.498414422,0,0,0,0
24871.516948162,0,1,0,0
24871.516949420,1,1,0,0
24871.516950356,1,1,1,0
24887.535487818,0,1,1,0
24887.535488520,0,0,1,0
24887.535489464,0,0,0,0
24903.554025060,0,1,0,0
24903.554026148,1,1,0,0
24903.554027580,1,1,1,0
24919.572562536,1,0,1,0
24919.572564596,0,0,1,0
24919.572565516,0,0,0,0
24935.591102828,0,1,0,0
24935.591102858,1,1,0,0
24935.591103524,1,1,1,0
24951.609640862,1,0,1,0
24951.609641178,0,0,1,0
24951.609643578,0,0,0,0
24967.628178716,0,1,0,0
24967.628179384,1,1,0,0
24967.628181700,1,1,1,0
24983.646715698,1,0,1,0
24983.646717156,0,0,1,0
24983.646718804,0,0,0,0
24999.665255620,1,0,0,0
24999.665255624,1,1,0,0
24999.665257730,1,1,1,0
25015.683793614,1,0,1,0
25015.683794016,0,0,1,0
25015.683797088,0,0,0,0
25031.702330542,0,1,0,0
25031.702332352,1,1,0,0
25031.702334086,1,1,1,0
25047.720869460,1,0,1,0
25047.720870740,0,0,1,0
25047.720874128,0,0,0,0
25063.739408378,0,1,0,0
25063.739408948,1,1,0,0
25063.739411130,1,1,1,0
25079.757947274,0,1,1,0
25079.757947354,0,0,1,0
25079.757950172,0,0,0,0
25095.776485202,0,1,0,0
25095.776485480,1,1,0,0
25095.776489098,1,1,1,0
25111.795023116,1,0,1,0
25111.795023376,0,0,1,0
25111.795026144,0,0,0,0
25127.813561038,0,1,0,0
25127.813561786,1,1,0,0
25127.813564136,1,1,1,0
25143.832099964,1,0,1,0
25143.832100200,0,0,1,0
25143.832104194,0,0,0,0
25159.850638680,1,0,0,0
25159.850638828,1,1,0,0
25159.850641016,1,1,1,0
25175.869175832,1,0,1,0
25175.869177044,0,0,1,0
25175.869180028,0,0,0,0
25191.887714772,0,1,0,0
25191.887715342,1,1,0,0
25191.887719114,1,1,1,0
25207.906253698,0,1,1,0
25207.906254764,0,0,1,0
25207.906256254,0,0,0,0
25223.924791488,1,0,0,0
25223.924792008,1,1,0,0
25223.924795230,1,1,1,0
25239.943329624,1,0,1,0
25239.943330028,0,0,1,0
25239.943334194,0,0,0,0
25255.961867472,0,1,0,0
25255.961868494,1,1,0,0
25255.961871208,1,1,1,0
25271.980406896,0,1,1,0
25271.980407382,0,0,1,0
25271.980410332,0,0,0,0
25287.998945228,1,0,0,0
25287.998945290,1,1,0,0
25287.998950290,1,1,1,0
25304.017483254,1,0,1,0
25304.017483558,0,0,1,0
25304.017486426,0,0,0,0
25320.036021100,0,1,0,0
25320.036021894,1,1,0,0
25320.036025272,1,1,1,0
25336.054590062,1,0,1,0
25336.054590720,0,0,1,0
25336.054594468,0,0,0,0
25352.073128970,0,1,0,0
25352.073128990,1,1,0,0
25352.073132622,1,1,1,0
25368.091696938,1,0,1,0
25368.091697574,0,0,1,0
25368.091701642,0,0,0,0
25384.110235908,0,1,0,0
25384.110235976,1,1,0,0
25384.110240786,1,1,1,0
25400.128774430,0,1,1,0
25400.128774870,0,0,1,0
25400.128777840,0,0,0,0
25416.147312644,0,1,0,0
25416.147312760,1,1,0,0
25416.147316900,1,1,1,0
25432.165880662,1,0,1,0
25432.165881390,0,0,1,0
25432.165885946,0,0,0,0
25448.184419506,0,1,0,0
25448.184419776,1,1,0,0
25448.184423060,1,1,1,0
25464.202958280,0,1,1,0
25464.202958412,0,0,1,0
25464.202962114,0,0,0,0
25480.221525318,0,1,0,0
25480.221526784,1,1,0,0
25480.221532120,1,1,1,0
25496.240065158,1,0,1,0
25496.240065288,0,0,1,0
25496.240070248,0,0,0,0
25512.258634064,0,1,0,0
25512.258634224,1,1,0,0
25512.258639390,1,1,1,0
25528.277171590,1,0,1,0
25528.277172090,0,0,1,0
25528.277177586,0,0,0,0
25544.295709672,0,1,0,0
25544.295710518,1,1,0,0
25544.295715668,1,1,1,0
25560.314248498,1,0,1,0
25560.314248938,0,0,1,0
25560.314253730,0,0,0,0
25576.332787308,1,0,0,0
25576.332787334,1,1,0,0
25576.332793806,1,1,1,0
25592.351325742,0,1,1,0
25592.351326292,0,0,1,0
25592.351330978,0,0,0,0
25608.369863118,0,1,0,0
25608.369863916,1,1,0,0
25608.369869024,1,1,1,0
25624.388400998,1,0,1,0
25624.388402208,0,0,1,0
25624.388408118,0,0,0,0
25640.406939760,0,1,0,0
25640.406939876,1,1,0,0
25640.406944108,1,1,1,0
25656.425477712,1,0,1,0
25656.425478364,0,0,1,0
25656.425483150,0,0,0,0
25672.444015612,0,1,0,0
25672.444016862,1,1,0,0
25672.444022158,1,1,1,0
25688.462555300,0,1,1,0
25688.462555516,0,0,1,0
25688.462560278,0,0,0,0
25704.481093420,0,1,0,0
25704.481093686,1,1,0,0
25704.481098358,1,1,1,0
25720.499632004,0,1,1,0
25720.499633386,0,0,1,0
25720.499637496,0,0,0,0
25736.518170170,0,1,0,0
25736.518170258,1,1,0,0
25736.518175512,1,1,1,0
25752.536708136,1,0,1,0
25752.536708630,0,0,1,0
25752.536713616,0,0,0,0
25768.555245976,0,1,0,0
25768.555246494,1,1,0,0
25768.555252662,1,1,1,0
25784.573784986,0,1,1,0
25784.573786004,0,0,1,0
25784.573791762,0,0,0,0
25800.592322906,0,1,0,0
25800.592323484,1,1,0,0
25800.592328682,1,1,1,0
25816.610861874,1,0,1,0
25816.610861982,0,0,1,0
25816.610868848,0,0,0,0
25832.629429662,0,1,0,0
25832.629430424,1,1,0,0
25832.629435964,1,1,1,0
25848.647968988,0,1,1,0
25848.647969634,0,0,1,0
25848.647974008,0,0,0,0
25864.666507480,1,0,0,0
25864.666507590,1,1,0,0
25864.666513042,1,1,1,0
25880.685044548,1,0,1,0
25880.685045978,0,0,1,0
25880.685051202,0,0,0,0
25896.703584234,1,0,0,0
25896.703585454,1,1,0,0
25896.703590256,1,1,1,0
25912.722122614,0,1,1,0
25912.722123358,0,0,1,0
25912.722129358,0,0,0,0
25928.740660804,1,0,0,0
25928.740661262,1,1,0,0
25928.740666400,1,1,1,0
25944.759198164,1,0,1,0
25944.759198684,0,0,1,0
25944.759204560,0,0,0,0
25960.777737062,0,1,0,0
25960.777737116,1,1,0,0
25960.777742550,1,1,1,0
25976.796275544,0,1,1,0
25976.796275964,0,0,1,0
25976.796281602,0,0,0,0
25992.814813836,1,0,0,0
25992.814814790,1,1,0,0
25992.814820668,1,1,1,0
26008.833352126,0,1,1,0
26008.833352676,0,0,1,0
26008.833358722,0,0,0,0
26024.851890356,1,0,0,0
26024.851890620,1,1,0,0
26024.851896728,1,1,1,0
26040.870428586,0,1,1,0
26040.870429500,0,0,1,0
26040.870434848,0,0,0,0
26056.888966388,1,0,0,0
26056.888967334,1,1,0,0
26056.888973912,1,1,1,0
26072.907504872,0,1,1,0
26072.907505294,0,0,1,0
26072.907512036,0,0,0,0
26088.926043190,0,1,0,0
26088.926043292,1,1,0,0
26088.926049982,1,1,1,0
26104.944581694,0,1,1,0
26104.944582072,0,0,1,0
26104.944589086,0,0,0,0
26120.963119962,1,0,0,0
26120.963121006,1,1,0,0
26120.963126060,1,1,1,0
26136.981658232,0,1,1,0
26136.981659944,0,0,1,0
26136.981664160,0,0,0,0
26153.000196494,1,0,0,0
26153.000196746,1,1,0,0
26153.000204074,1,1,1,0
26169.018734246,0,1,1,0
26169.018734662,0,0,1,0
26169.018740164,0,0,0,0
26185.037272568,1,0,0,0
26185.037273584,1,1,0,0
26185.037279142,1,1,1,0
26201.055810940,0,1,1,0
26201.055812496,0,0,1,0
26201.055818222,0,0,0,0
26217.074349284,0,1,0,0
26217.074349432,1,1,0,0
26217.074356190,1,1,1,0
26233.092887736,0,1,1,0
26233.092888324,0,0,1,0
26233.092895272,0,0,0,0
26249.111425918,1,0,0,0
26249.111427180,1,1,0,0
26249.111433354,1,1,1,0
26265.129964164,0,1,1,0
26265.129965104,0,0,1,0
26265.129971488,0,0,0,0
26281.148502348,1,0,0,0
26281.148503026,1,1,0,0
26281.148511370,1,1,1,0
26297.167040152,0,1,1,0
26297.167040940,0,0,1,0
26297.167047546,0,0,0,0
26313.185578458,1,0,0,0
26313.185578858,1,1,0,0
26313.185585542,1,1,1,0
26329.204116826,0,1,1,0
26329.204117904,0,0,1,0
26329.204124356,0,0,0,0
26345.222655134,1,0,0,0
26345.222655768,1,1,0,0
26345.222662682,1,1,1,0
26361.241193314,0,1,1,0
26361.241194754,0,0,1,0
26361.241200738,0,0,0,0
26377.259731492,1,0,0,0
26377.259732674,1,1,0,0
26377.259738754,1,1,1,0
26393.278269722,0,1,1,0
26393.278270530,0,0,1,0
26393.278278772,0,0,0,0
26409.296807386,0,1,0,0
26409.296807520,1,1,0,0
26409.296814864,1,1,1,0
26425.315345876,0,1,1,0
26425.315347424,0,0,1,0
26425.315353940,0,0,0,0
26441.333884218,0,1,0,0
26441.333884232,1,1,0,0
26441.333893026,1,1,1,0
26457.352453156,0,1,1,0
26457.352454140,0,0,1,0
26457.352460978,0,0,0,0
26473.370990960,1,0,0,0
26473.370992184,1,1,0,0
26473.370998996,1,1,1,0
26489.389529442,0,1,1,0
26489.389529968,0,0,1,0
26489.389538124,0,0,0,0
26505.408067732,1,0,0,0
26505.408067810,1,1,0,0
26505.408076144,1,1,1,0
26521.426636582,0,1,1,0
26521.426637714,0,0,1,0
26521.426646272,0,0,0,0
26537.445174372,1,0,0,0
26537.445174554,1,1,0,0
26537.445183336,1,1,1,0
26553.463712778,0,1,1,0
26553.463713518,0,0,1,0
26553.463721392,0,0,0,0
26569.482251064,1,0,0,0
26569.482252360,1,1,0,0
26569.482260450,1,1,1,0
26585.500789188,1,0,1,0
26585.500789458,0,0,1,0
26585.500798598,0,0,0,0
26601.519327662,1,0,0,0
26601.519329140,1,1,0,0
26601.519336686,1,1,1,0
26617.537865866,0,1,1,0
26617.537866960,0,0,1,0
26617.537875694,0,0,0,0
26633.556404078,1,0,0,0
26633.556405788,1,1,0,0
26633.556414794,1,1,1,0
26649.574941858,0,1,1,0
26649.574942678,0,0,1,0
26649.574950892,0,0,0,0
26665.593511072,1,0,0,0
26665.593511568,1,1,0,0
26665.593520888,1,1,1,0
26681.612049276,0,1,1,0
26681.612050448,0,0,1,0
26681.612060006,0,0,0,0
26697.630587418,1,0,0,0
26697.630589268,1,1,0,0
26697.630597128,1,1,1,0
26713.649125308,0,1,1,0
26713.649126220,0,0,1,0
26713.649135238,0,0,0,0
26729.667663572,1,0,0,0
26729.667663982,1,1,0,0
26729.667674282,1,1,1,0
26745.686201954,0,1,1,0
26745.686203862,0,0,1,0
26745.686212440,0,0,0,0
26761.704740206,1,0,0,0
26761.704741732,1,1,0,0
26761.704749430,1,1,1,0
26777.723278446,0,1,1,0
26777.723279534,0,0,1,0
26777.723288470,0,0,0,0
26793.741816634,1,0,0,0
26793.741817344,1,1,0,0
26793.741827454,1,1,1,0
26809.760385262,0,1,1,0
26809.760386220,0,0,1,0
26809.760394552,0,0,0,0
26825.778923578,1,0,0,0
26825.778926102,1,1,0,0
26825.778933596,1,1,1,0
26841.797461896,0,1,1,0
26841.797462920,0,0,1,0
26841.797472682,0,0,0,0
26857.816000098,1,0,0,0
26857.816000746,1,1,0,0
26857.816010772,1,1,1,0
26873.834538356,0,1,1,0
26873.834539566,0,0,1,0
26873.834548784,0,0,0,0
26889.853076064,1,0,0,0
26889.853077456,1,1,0,0
26889.853085876,1,1,1,0
26905.871614528,0,1,1,0
26905.871616354,0,0,1,0
26905.871624962,0,0,0,0
26921.890152880,1,0,0,0
26921.890154270,1,1,0,0
26921.890163152,1,1,1,0
26937.908691170,0,1,1,0
26937.908691182,0,0,1,0
26937.908702194,0,0,0,0
26953.927229342,1,0,0,0
26953.927231042,1,1,0,0
26953.927240266,1,1,1,0
26969.945797766,0,1,1,0
26969.945798968,0,0,1,0
26969.945809418,0,0,0,0
26985.964336082,1,0,0,0
26985.964337910,1,1,0,0
26985.964347470,1,1,1,0
27001.982874392,0,1,1,0
27001.982875846,0,0,1,0
27001.982885628,0,0,0,0
27018.001412584,1,0,0,0
27018.001413792,1,1,0,0
27018.001423734,1,1,1,0
27034.019950836,0,1,1,0
27034.019952732,0,0,1,0
27034.019961590,0,0,0,0
27050.038489030,1,0,0,0
27050.038490624,1,1,0,0
27050.038499970,1,1,1,0
27066.057026856,0,1,1,0
27066.057028522,0,0,1,0
27066.057038096,0,0,0,0
27082.075565124,1,0,0,0
27082.075566418,1,1,0,0
27082.075576240,1,1,1,0
27098.094103640,0,1,1,0
27098.094105308,0,0,1,0
27098.094114364,0,0,0,0
27114.112641974,1,0,0,0
27114.112644138,1,1,0,0
27114.112653554,1,1,1,0
27130.131180244,0,1,1,0
27130.131182038,0,0,1,0
27130.131191728,0,0,0,0
27146.149718460,1,0,0,0
27146.149719008,1,1,0,0
27146.149730922,1,1,1,0
27162.168287120,0,1,1,0
27162.168288858,0,0,1,0
27162.168300042,0,0,0,0
27178.186825466,1,0,0,0
27178.186827778,1,1,0,0
27178.186838250,1,1,1,0
27194.205363742,0,1,1,0
27194.205365680,0,0,1,0
27194.205375432,0,0,0,0
27210.223901948,1,0,0,0
27210.223904632,1,1,0,0
27210.223914542,1,1,1,0
27226.242440148,0,1,1,0
27226.242443516,0,0,1,0
27226.242452766,0,0,0,0
27242.260977844,1,0,0,0
27242.260980398,1,1,0,0
27242.260990874,1,1,1,0
27258.279516160,0,1,1,0
27258.279517398,0,0,1,0
27258.279527896,0,0,0,0
27274.298054474,1,0,0,0
27274.298056272,1,1,0,0
27274.298065916,1,1,1,0
27290.316592780,0,1,1,0
27290.316595258,0,0,1,0
27290.316604106,0,0,0,0
27306.335130946,1,0,0,0
27306.335133108,1,1,0,0
27306.335143182,1,1,1,0
27322.353669040,0,1,1,0
27322.353671010,0,0,1,0
27322.353680372,0,0,0,0
27338.372207204,1,0,0,0
27338.372209854,1,1,0,0
27338.372219394,1,1,1,0
27354.390744858,0,1,1,0
27354.390746818,0,0,1,0
27354.390757532,0,0,0,0
27370.409283006,1,0,0,0
27370.409284718,1,1,0,0
27370.409295612,1,1,1,0
27386.427821462,0,1,1,0
27386.427822674,0,0,1,0
27386.427832790,0,0,0,0
27402.446359662,1,0,0,0
27402.446361564,1,1,0,0
27402.446372668,1,1,1,0
27418.464897926,0,1,1,0
27418.464899446,0,0,1,0
27418.464910862,0,0,0,0
27434.483436000,1,0,0,0
27434.483438332,1,1,0,0
27434.483447930,1,1,1,0
27450.501974130,0,1,1,0
27450.501976340,0,0,1,0
27450.501988056,0,0,0,0
27466.520512270,1,0,0,0
27466.520515234,1,1,0,0
27466.520526148,1,1,1,0
27482.539048234,1,1,0,0
27482.539050108,0,1,0,0
27482.539051762,0,0,0,0
27498.557586048,0,1,0,0
27498.557586460,0,1,1,0
27498.557588390,1,1,1,0
27514.576124602,1,1,0,0
27514.576125026,1,0,0,0
27514.576126740,0,0,0,0
27530.594693740,0,0,1,0
27530.594694000,0,1,1,0
27530.594695026,1,1,1,0
27546.613231856,1,0,1,0
27546.613231876,1,0,0,0
27546.613233380,0,0,0,0
27562.631799958,0,0,1,0
27562.631800780,0,1,1,0
27562.631802488,1,1,1,0
27578.650339762,1,0,1,0
27578.650340164,1,0,0,0
27578.650340780,0,0,0,0
27594.668876310,0,0,1,0
27594.668876672,0,1,1,0
27594.668878500,1,1,1,0
27610.687415350,1,1,0,0
27610.687415628,1,0,0,0
27610.687416888,0,0,0,0
27626.705984516,0,1,0,0
27626.705985398,0,1,1,0
27626.705985832,1,1,1,0
27642.724522390,1,0,1,0
27642.724522552,1,0,0,0
27642.724523958,0,0,0,0
27658.743060332,0,1,0,0
27658.743060604,0,1,1,0
27658.743061714,1,1,1,0
27674.761598278,1,0,1,0
27674.761598712,1,0,0,0
27674.761599970,0,0,0,0
27690.780136234,0,1,0,0
27690.780137780,0,1,1,0
27690.780138302,1,1,1,0
27706.798674878,1,1,0,0
27706.798675186,1,0,0,0
27706.798676684,0,0,0,0
27722.817213856,0,0,1,0
27722.817214080,0,1,1,0
27722.817214892,1,1,1,0
27738.835750966,1,0,1,0
27738.835752828,1,0,0,0
27738.835753098,0,0,0,0
27754.854289910,0,1,0,0
27754.854291296,1,1,0,0
27754.854291930,1,1,1,0
27770.872826850,1,0,1,0
27770.872827954,1,0,0,0
27770.872828986,0,0,0,0
27786.891365844,0,1,0,0
27786.891366978,0,1,1,0
27786.891367296,1,1,1,0
27802.909935706,1,0,1,0
27802.909936412,0,0,1,0
27802.909937124,0,0,0,0
27818.928473560,0,1,0,0
27818.928474526,1,1,0,0
27818.928475214,1,1,1,0
27834.947009538,1,0,1,0
27834.947011286,1,0,0,0
27834.947012254,0,0,0,0
27850.965549452,0,1,0,0
27850.965550176,0,1,1,0
27850.965550542,1,1,1,0
27866.984118298,1,0,1,0
27866.984119514,0,0,1,0
27866.984120048,0,0,0,0
27883.002656210,0,1,0,0
27883.002657610,1,1,0,0
27883.002657984,1,1,1,0
27899.021194120,1,0,1,0
27899.021195336,0,0,1,0
27899.021195988,0,0,0,0
27915.039731970,0,1,0,0
27915.039733558,1,1,0,0
27915.039734006,1,1,1,0
27931.058270808,1,0,1,0
27931.058271896,0,0,1,0
27931.058272066,0,0,0,0
27947.076808596,0,1,0,0
27947.076810086,0,1,1,0
27947.076810122,1,1,1,0
27963.095347436,1,0,1,0
27963.095348204,1,0,0,0
27963.095348210,0,0,0,0
27979.113884344,0,1,0,0
27979.113886216,0,1,1,0
27979.113886302,1,1,1,0
27995.132423274,1,1,0,0
27995.132424122,1,0,0,0
27995.132424452,0,0,0,0
28011.150960890,0,1,0,0
28011.150962036,1,1,0,0
28011.150962330,1,1,1,0
28027.169498836,1,0,1,0
28027.169500242,0,0,1,0
28027.169500374,0,0,0,0
28043.188037610,0,1,0,0
28043.188038458,1,1,0,0
28043.188039314,1,1,1,0
28059.206575450,1,0,1,0
28059.206576740,0,0,1,0
28059.206577364,0,0,0,0
28075.225113344,0,1,0,0
28075.225114824,1,1,0,0
28075.225115404,1,1,1,0
28091.243652226,1,0,1,0
28091.243653022,0,0,1,0
28091.243654428,0,0,0,0
28107.262190052,0,1,0,0
28107.262191100,1,1,0,0
28107.262192408,1,1,1,0
28123.280727938,1,0,1,0
28123.280728800,0,0,1,0
28123.280729440,0,0,0,0
28139.299297764,0,1,0,0
28139.299298002,1,1,0,0
28139.299298540,1,1,1,0
28155.317835654,1,0,1,0
28155.317836270,0,0,1,0
28155.317837566,0,0,0,0
28171.336373474,0,1,0,0
28171.336374472,1,1,0,0
28171.336376478,1,1,1,0
28187.354911348,1,0,1,0
28187.354912234,0,0,1,0
28187.354912444,0,0,0,0
28203.373450164,0,1,0,0
28203.373450560,1,1,0,0
28203.373452360,1,1,1,0
28219.391987968,1,0,1,0
28219.391988876,0,0,1,0
28219.391990386,0,0,0,0
28235.410525774,0,1,0,0
28235.410527128,1,1,0,0
28235.410528360,1,1,1,0
28251.429064568,1,0,1,0
28251.429065438,0,0,1,0
28251.429067424,0,0,0,0
28267.447603360,0,1,0,0
28267.447603500,1,1,0,0
28267.447604358,1,1,1,0
28283.466141144,1,0,1,0
28283.466141746,0,0,1,0
28283.466143274,0,0,0,0
28299.484679868,1,0,0,0
28299.484679928,1,1,0,0
28299.484682628,1,1,1,0
28315.503247700,1,0,1,0
28315.503248540,0,0,1,0
28315.503250216,0,0,0,0
28331.521786416,0,1,0,0
28331.521786712,1,1,0,0
28331.521788202,1,1,1,0
28347.540324256,1,0,1,0
28347.540324948,0,0,1,0
28347.540327042,0,0,0,0
28363.558862024,0,1,0,0
28363.558862618,1,1,0,0
28363.558864004,1,1,1,0
28379.577400788,1,0,1,0
28379.577400968,0,0,1,0
28379.577402882,0,0,0,0
28395.595938618,0,1,0,0
28395.595939196,1,1,0,0
28395.595941838,1,1,1,0
28411.614476442,1,0,1,0
28411.614477542,0,0,1,0
28411.614480784,0,0,0,0
28427.633015140,0,1,0,0
28427.633015758,1,1,0,0
28427.633017732,1,1,1,0
28443.651553834,1,0,1,0
28443.651553904,0,0,1,0
28443.651556680,0,0,0,0
28459.670091656,0,1,0,0
28459.670092054,1,1,0,0
28459.670094532,1,1,1,0
28475.688629474,1,0,1,0
28475.688630258,0,0,1,0
28475.688633370,0,0,0,0
28491.707166218,0,1,0,0
28491.707168016,1,1,0,0
28491.707170338,1,1,1,0
28507.725705950,1,0,1,0
28507.725706268,0,0,1,0
28507.725708230,0,0,0,0
28523.744243686,0,1,0,0
28523.744244518,1,1,0,0
28523.744246202,1,1,1,0
28539.762782360,1,0,1,0
28539.762782770,0,0,1,0
28539.762785110,0,0,0,0
28555.781319164,0,1,0,0
28555.781320838,1,1,0,0
28555.781323028,1,1,1,0
28571.799858980,0,1,1,0
28571.799858982,0,0,1,0
28571.799861958,0,0,0,0
28587.818396742,0,1,0,0
28587.818397064,1,1,0,0
28587.818400894,1,1,1,0
28603.836933494,1,0,1,0
28603.836934772,0,0,1,0
28603.836937884,0,0,0,0
28619.855472244,0,1,0,0
28619.855472980,1,1,0,0
28619.855475888,1,1,1,0
28635.874010930,1,0,1,0
28635.874011312,0,0,1,0
28635.874014620,0,0,0,0
28651.892548674,0,1,0,0
28651.892549578,1,1,0,0
28651.892552738,1,1,1,0
28667.911086480,1,0,1,0
28667.911087832,0,0,1,0
28667.911090724,0,0,0,0
28683.929625956,1,0,0,0
28683.929626158,1,1,0,0
28683.929629650,1,1,1,0
28699.948163964,1,0,1,0
28699.948164148,0,0,1,0
28699.948168696,0,0,0,0
28715.966701710,0,1,0,0
28715.966701712,1,1,0,0
28715.966704608,1,1,1,0
28731.985239510,1,0,1,0
28731.985240028,0,0,1,0
28731.985243620,0,0,0,0
28748.003778250,0,1,0,0
28748.003778342,1,1,0,0
28748.003781510,1,1,1,0
28764.022316648,0,1,1,0
28764.022316978,0,0,1,0
28764.022319574,0,0,0,0
28780.040853634,0,1,0,0
28780.040854760,1,1,0,0
28780.040858502,1,1,1,0
28796.059392924,0,1,1,0
28796.059393402,0,0,1,0
28796.059396472,0,0,0,0
28800.031129600,0,0,0,0
