:020000040100F9
:10000000D0550021997F0101D9050201857F0101A9
:10001000857F0101857F0101857F010100000000CE
:1000200000000000000000000000000069800101E5
:10003000857F01010000000045820101857F0101EB
:10004000BD820101BD820101BD820101BD820101AC
:10005000BD820101BD820101BD820101BD8201019C
:10006000510C0201BD820101BD820101BD8201016D
:10007000670C0201BD820101BD820101BD82010147
:10008000BD8201017D0C0201BD820101BD82010121
:10009000BD820101BD820101BD820101BD8201015C
:1000A000BD820101BD820101BD820101BD8201014C
:0800B000BD820101BD820101C6
:1000B800054B00221B78826001330260034A4260CC
:1000C800C371FF23037270471003002180010800E9
:1000D800064A074B02604FF424729B7882800822FC
:1000E800C371002382710372704700BFCB6701019F
:1000F80010030021064A074B02604FF44272DB7876
:1001080082800822C371002382710372704700BF86
:100118000D65010110030021064A074B02604FF4E8
:10012800B072DB7A82800822C371FF238271037266
:10013800704700BFBD5E0101100300212DE9F341A6
:10014800C41D0028064624F007040CBF00202046E2
:1001580000F03AFC071E04DA6FF00B0002B0BDE8AD
:10016800F081374DE988A88803316B7A03302A7A01
:1001780089B280B212F0F5FC0028EDDB3C44A97886
:10018800EB78002E04F10304194424F0030400FB67
:1001980001F10CBF0020204600F09CFD20440EB960
:1001A8000028D9DBEA7A0446B2B1EB7B697C1344B8
:1001B8001944FF29D0D80330002EAA89C9B220F0EB
:1001C80003040CBF0020204600F0F6FD0028C3DB26
:1001D80004440EB9002CBFDB012000F0EBFBB0B1EA
:1001E800A97BA1B195F82A3033B340234FF481722B
:1001F8000734002E24F007040CBF0020204603F02B
:1002080005FF0028A8DB04440EB9002CA4DBAB7A58
:10021800FBB1EB7AB3B10734002EA97A24F00704B6
:100228000CBF0020204608F0CBFD002894DB0444D6
:100238007EB9002C0DDA8FE725232822D8E700BFE6
:1002480010030021012000F0B5FB10B1AB7B002B9F
:10025800E1D1734B1B6893B1A97D81B10334002EA2
:10026800EA7D24F003040CBF0020204698470028AC
:10027800FFF672AF044416B9002CFFF66DAF694B58
:100288001B688BB1297C79B10334002E24F0030458
:100298000CBF0020204698470028FFF65DAF0444B5
:1002A80016B9002CFFF658AF5F4B1F68B7B1697CD1
:1002B800A1B10334002E2B7D24F0030408BF0020D5
:1002C800009318BF2046EB7CAA7CB8470028FFF6AD
:1002D80043AF044416B9002CFFF63EAF072000F0E8
:1002E80069FB98B1A97D89B10334002E2A7E24F0D8
:1002F80003040CBF0020204600F04CFE0028FFF647
:100308002BAF044416B9002CFFF626AFB6FA86F7D1
:1003180095F823007F09A0B103346B7FA97E24F0F0
:10032800070419443B4644F00404C9B2224600F0CD
:1003380071FE0028FFF610AF044416B9002CFFF632
:100348000BAF95F8241000294CD004F10708002EB3
:10035800EA8C28F007080CBF0020404612F015FC74
:10036800041EFFF6F9AE4444002E3ED1002CFFF6E1
:10037800F3AEA97F002945D095F82230002B41D053
:100388002A8C0734002E02F1240224F007080CBF3F
:100398000020404692B212F0F8FB0028FFF6DCAECF
:1003A800404416B90028FFF6D7AE03302B7FA97E4C
:1003B80020F0070019443B4640F0040495F8220059
:1003C800C9B2224600F018FE0028FFF6C5AE044464
:1003D80086B9002CFFF6C0AEEB6AF3B1C6B1EC6289
:1003E8000020BBE6002EC4D08846E98C40460EF0BB
:1003F80087FFBEE72A8C4046A97F083292B20EF0EA
:1004080085FFE9E7002EE7D0002211461046F6E7FF
:1004180028343FF5A1AE2046A0E6002EE0D1FAE749
:10042800F40F0021F80F0021FC0F00211FB572B650
:10043800194B1C6BECB9BFF34F8F1849184BCA689E
:1004480002F4E0621343CB60BFF34F8F00BFFDE7B8
:10045800B2FBF6F22B465D1C002AF9D1DBB203F1A0
:1004680010056D4405F80C2C0A2233B901A8A047E1
:10047800E1E7024600230A26EDE7013BDBB203F180
:1004880010050DEB0506B0FBF2F502FB1500303048
:1004980006F80C0C2846E8E71003002100ED00E000
:1004A8000400FA0513B5124C68462389ADF80030EC
:1004B800E388ADF80430A388ADF8023006F066FC96
:1004C80018B1FB219C20FFF7B1FF207D06F0B4FC9A
:1004D80008B1FE21F6E7E07C06F0A8FC08B1FF2190
:1004E800F0E794F828000DF02BF902B010BD00BF1A
:1004F8001003002138B5054600283DD011F04EFB09
:1005080010B94FF0FF3038BD0FF0CEFAB0F5FA7FD2
:10051800F7D81B4C002125631B2504F10F0084F834
:1005280034102A46217084F82A10E16211F0ACFDDB
:100538000123032108200222A370E370E372A3744D
:100548002376F72321722384FB23A0721F20A17333
:100558004921E3840A23A580E5806272A081E174C1
:10056800E27584F82830EFF3108472B600F062FD6B
:1005780004B962B60020C6E76FF01500C3E700BFF4
:100588001003002138B51446002840F0C480634D9C
:1005980095F83430032B00F0BB80B9B112B96FF075
:1005A800150038BD0139172900F2B580DFE801F0E0
:1005B8000C1D20366069873C6C6F814248565B8D04
:1005C800909FA2A596B3B3A81378AB700020FFF74D
:1005D800B5FD0028B7BF012302236FF00B0085F893
:1005E8003430A8BF85F83430DBE71378EB70EDE7DB
:1005F8001379002BD3D05379002BD0D01288FB2A43
:10060800CDD863881B3B9BB2E02BC8D81A2AC6D921
:100618002368A2886B60424B9A80D7E71378EA7BFD
:100628009342BCD3EB72D1E71378EA7A9342B6D8F7
:10063800EB73CBE71378EA7A9342B0D86B74C5E7CB
:100648001378002BABD05378013BDBB2F82BA6D83C
:10065800138892786B82334B9A70B7E71078687575
:100668000DF02CF8B2E71378002B98D02B76ADE775
:10067800012000F09FF9237808B1012B8FD9AB73C3
:10068800A4E71388AB81A1E71378AB759EE7072031
:1006980000F090F910B92378012B80D9072000F0D9
:1006A80089F918B12378002B3FF479AF2378EB75DB
:1006B8008CE71378082B3FF672AF2B7486E7138804
:1006C800FF2B3FF66CAFAB7280E713786B767DE754
:1006D80013780E2B3FF663AFAB7677E72368124AA1
:1006E800C5F81E3063685360238913816EE7137859
:1006F800EB766BE713786B7768E713782B7765E70A
:1007080013785A1E092A3FF64AAF85F828305DE764
:100718004FF0FF3045E76FF02C0042E7100300214F
:1007280014030021220300212E030021F8B50D46F1
:10073800064630B329B311F0070422D1124F97F8B7
:100748003430012B02D16FF00B00F8BD032B02D11E
:100758004FF0FF30F9E700F0A9FC0028F8D0284650
:10076800FFF7ECFC0028EEDB0CF0F0FF3046F96AEE
:1007780006F0D4FBFFF796FE0323204687F83430B3
:10078800E3E76FF01500E0E71003002110B5074C10
:1007980094F83430032B03D106F0D8FB07F078FB2C
:1007A80012F036FB002084F8340010BD100300213D
:1007B80008B506F05FFB03490320BDE8084000F0D8
:1007C800F1B800BF2101000108B506F067FB034935
:1007D8000220BDE8084000F0E5B800BFFD000001B8
:1007E80008B506F07DFB0549012000F0DBF8044957
:1007F8000020BDE8084000F0D5B800BFB9000001EE
:10080800D9000001074B4FF0FF3141F6FF72C3E9F1
:10081800001205490022C1E900221F21C3E9021282
:10082800704700BF00000021480300213F280CD872
:1008380001380B4BC0F3421200F01F0053F822306E
:1008480023FA00F000F001007047FF2806D0403876
:10085800044BC0F3421200F01F00EFE7012070477D
:100868000000002148030021074B01460068496841
:100878001A4603C240F48C2200201A6041F010721C
:1008880042F4FF625A607047000000210246034BA1
:100898000068516803C30020704700BF4803002167
:1008A8000246034B0068516803C30020704700BF2D
:1008B800080000210138064BC0F3421200F01F0067
:1008C80003EB82039B6823FA00F000F001007047F5
:1008D800000000210A8870B595B2C67CC2F30E02EA
:1008E8000488023602F118033444C35AA4B23344CC
:1008F8002344013BB3FBF4F303FB0422438892B285
:100908009342044B8BBF2B40AB4313439BB20B80EA
:1009180070BD00BF0080FFFF4A1E062A08B50346C7
:10092800084604D84FF4D1711520FFF77FFD094A16
:10093800914202D940F2A311F6E711B903B1196047
:1009480008BD2BB11B680022C3E901211A1D1A60DA
:100958000430F5E7FAFFFF7F10B5114B00EB4104B7
:100968001A786389B3FBF2F303FB0223013A1A44B2
:10097800B2F5706F0279807828BF00231A440B18EB
:10098800B2FBF0F100FB11215B1AB3FBF0F100FBA5
:10099800113313446FEA43436FEA5343638110BD35
:1009A80050030021024B03EB80035960704700BFDE
:1009B80050030021034B03EB80035868003818BF2D
:1009C80001207047500300212DE9F04F10F0070A6D
:1009D80085B0054604D040F26F111720FFF726FDB9
:1009E800534F04464FF0010B07F14C06B146B04691
:1009F80057F8043B8DF80BA03BB101A898479DF828
:100A08000A30082B01D9F521E7E79DF80B1041BB07
:100A180005B131604F4506F10406E9D1002D6FD0CC
:100A28000022DFF810911227964689F8002058F81E
:100A380027A0013FBAF1000F55D09AF804609AF840
:100A480002C0FF2E60D039460023481C38D19C4490
:100A5800BCF1FF0F3FD90AB189F800E04FF49A7151
:100A6800BBE79DF80AC04B1D60465A0004EB4303E0
:100A7800022838BF0220441E40422344BDF80840E3
:100A88006444CCF1000C0340013C04EA0C04B4F5C6
:100A9800803F02D340F205119FE775B19A1A326080
:100AA8009170148082F803B09DF80C0010710198C1
:100AB8004FEA104C1081A2F806C004FB0134A9E7E4
:100AC80058F8210028B190F804B0B34504BF8078E5
:100AD8001B180139B9E7DBB2E6458AF804303CBF98
:100AE8005FFA8CFE01227B1CA1D10AB189F800E0D3
:100AF800122640F6FF6A58F82670B7B9013EFAD2B6
:100B0800601B05B0BDE8F08F0023E5E707EB410364
:100B180009F101093846A3F80AA0FFF71DFF5FFA9B
:100B280089F1BB788B42F1D8E8E74FF00009F6E786
:100B3800540300215003002138B54FF6FF730246D5
:100B48000380184B03EB8103186DA8B184780379EF
:100B5800B3FBF4F104FB1133DBB2194600EB41059A
:100B6800B5F90A50002D0EDB0131B1FBF4F504FB99
:100B78001511C9B28B42F1D1002038BD6381BDE89F
:100B8800384011F0CABF00EB41046389C3F30E0378
:100B98001380C278002AF1D14FF4E5711720FFF7CE
:100BA80045FC00BF500300211C4B03EB810370B5CB
:100BB8001C6D054644B3030404D54FF4EC711720AB
:100BC800FFF734FC0146204611F08AFFFF28014652
:100BD80004D02046BDE8704011F09FBFA078B5FB57
:100BE800F0F300FB1353DBB219460A1D04EB42066F
:100BF800B6F90260002E09DB0131B1FBF0F200FB0F
:100C08001211C9B28B42F0D1002070BD8B4201D0C5
:100C18000023E37004EB42025580DAE75003002119
:100C2800094B03EB8103014610B51C6D204611F0FA
:100C380057FFFF28014604D02046BDE8104011F0B8
:100C48006CBF002010BD00BF50030021F8B5104B49
:100C5800074603EB810301461C6D204611F040FF57
:100C6800FF28054611D0E288238953EA024606D0B8
:100C78000146204611F051FF01463846B04720464C
:100C88002946FFF769FE0020F8BD0520FCE700BFF4
:100C98005003002138B50E4B0446827903EB8203DA
:100CA800186D08B9052038BD8278E1799142F9D2EA
:100CB8004B1CE37100EB41035D89B3F90A30002B4B
:100CC800F3DBA58011F029FF20600020EBE700BFCF
:100CD8005003002170B5044610F003000E4603D0FF
:100CE8004E211820FFF7A2FBFFF716FE054624B198
:100CF800034831460460FFF70FFE284670BD00BF69
:100D0800EC0300212DE9F14FDFF870B01E460746CD
:100D18000D46DBF8003090469DF828A09DF82C90F1
:100D28001BB960211820FFF781FB52460921404674
:100D380011F05AFD4A4684B20921304611F054FD9B
:100D480081B2DBF80000214411F09EFE386018B92A
:100D5800286001B0BDE8F08F04445346414609229B
:100D68002C60386811F003FD4B460922314628688B
:100D780001B0BDE8F04F11F0FABC00BFEC03002150
:100D880070B50E46044611F042FD0546304611F096
:100D98003EFD044B2A1821461868BDE8704011F042
:100DA80098BE00BFEC030021024B186808B111F08F
:100DB8005FBE7047EC0300211F2AF8B504461346AE
:100DC8000ED89200033222F00303B3F5803F2DD2F0
:100DD800184DACB1A00710D068210920FFF726FBF9
:100DE800FF2B4FEA420204D9FF339A42A8BF1A46A2
:100DF800E8E77C2AB8BF7C22E4E729706C602B8185
:100E080022F0030228230127120403FB01F06B6878
:100E18000025120CEEB2B14200D8F8BD14B1261864
:100E28001F705E60104401352833F3E74FF0FF3040
:100E3800F3E700BFF0030021154A002170B553689D
:100E48001578C8B2854203D8BA210920FFF7EEFA0F
:100E58001C461846013114F8286B0EB92346F0E7F2
:100E68000021997001241289996103F126055C70AB
:100E78009208D96103F11E04596824F8022FA5428B
:100E880043F8041F1144F8D100234361037070BD77
:100E9800F00300210A4B1B89B3F5FF7F4FEA93004B
:100EA80006D25A089B1A9BB2984238BF1846704718
:100EB800B3F5EE6F01D8FF22F4E740F27263F3E76F
:100EC800F00300214B782DE9F04106460C4602F06C
:100ED800040702F0FB05E3B1A5BBFF23A3707B0861
:100EE80004EB57073A7D032A02D1022D18BF0133BC
:100EF800E2180121117503F10C01002204EB8303B0
:100F080024F811205B68A27030463360B280BDE8D7
:100F1800F081002DE1D1012301F11E028D612046EF
:100F28004B7004F1260C1A4BCD611B8949689B084C
:100F380022F8023F944540F8041F1944F8D10023D1
:100F48006361CAE7D1F8048014220021A0186170F7
:100F580011F09AF80E4B1B89B3F5FF7F0FD25A0890
:100F68009B1A9BB208EB0301C4F804802384A16098
:100F78006284C4F80C80A3842161E284ADE7B3F5F0
:100F8800EE6F4FF0FF02EBD940F27263EAE700BF61
:100F9800F00300212DE9F84305460C46F72005210A
:100FA800914611F021FC061E21DB1DB906FB04F059
:100FB800BDE8F88315F0030703D098211920FFF73F
:100FC80035FADFF83080C8F81050A8F81460BBB2C2
:100FD8009C42EBD9B8F814504B46D8F810000522BB
:100FE800F72107FB0500013711F0C1FBEFE74FF0D0
:100FF800FF30DDE70404002107B5CDE900230B46E7
:1010080003490246081D11F0DDFE03B05DF804FB3C
:101018001C04002113B5064CCDE900230B460246FB
:1010280004F1080104F10C0011F0CCFE02B010BD6F
:101038001C040021144B012200214FF0FF309A605C
:10104800C3F80012C3F80803C3F80015C3F8042551
:101058009A60C3F808034FF48040C3F80015C3F83A
:10106800042503F5805341F6F8720849C3F80825AA
:10107800C1F88000BFF34F8FBFF36F8FC1F88001B5
:10108800C3F80825704700BF00E0004100E100E018
:1010980002680020014B1A60704700BF2C04002131
:1010A800014B1B68184700BF2C040021024B18682D
:1010B800003818BF012070472C0400218C469B2261
:1010C800064B00B50CF8032B8E4607CBCEF8030071
:1010D800CCF80410CCF808205DF804FB3C0400218F
:1010E8002DE9F0411C4E044600F00107736A93F89D
:1010F800A850B5F1000818BF4FF001081DB117B18D
:10110800338D1A0714D4012916D8F36A2046984754
:1011180090B196F830307BB98DB987B1308D58B918
:1011280096F831304BB996F8320080F0010004E0AF
:1011380096F82A30002BE6D00120BDE8F08184F033
:10114800010010EA0800F8D0308D8307E7D596F83B
:101158002A0080F00100F0E73004002110B5154C9A
:101168000DF058FC0DF06CFF0021A36BA08E984782
:10117800237E93B9A18E606A07F0D0FF636AB3F843
:10118800AA0007F0D3FD236C94F8301094F83C00C3
:101198009847002384F8443010BD94E8070004F110
:1011A8000C0383E80700044904F1190013F09FFDBC
:1011B800E0E700BF30040021C5100001034B93F89D
:1011C800443003B97047FFF7C9BF00BF300400219E
:1011D80008B5094B93F84420022A07D1DA7A42F07D
:1011E8000102DA72BDE80840FFF7B8BF40F2573194
:1011F8002720FFF71BF900BF300400211E4910B457
:101208008C6C42782378D20003F0F30302F00802D2
:1012180013438278920002F004021343C278120149
:1012280003F0EC0302F010021343027802F0030209
:10123800134302222370B1F854306370A1F84C2094
:101248008C6C007923784201012823F0200302F0F6
:10125800200243EA020323700CD14B6A93F8BA20A8
:1012680093F8BB30032A03F01F0308BF002243EAA8
:101278008213A37010BC704730040021F0B5194CDC
:1012880083B0A56D4DB3636E3BB3B4F8683001F01D
:1012980003012F4606466B702B7823F003030B439C
:1012A80007F8033B3846B4F86820616E10F098FFE1
:1012B8000DF1020201A9E06EE565676611F0CEFB4B
:1012C800019811F0B9FB0346B4F868100122E06EEA
:1012D800336011F05CFB03B0F0BD40F6C601272077
:1012E800FFF7A4F830040021F8B5244C4FF48173BB
:1012F8000646656AA4F860302A7D94F87430276F32
:1013080003EB820095F82111E765FF2804D11EB987
:1013180095F820318B4216D00CF02CFE2B7D3BB378
:10132800A06F0DF0CFF9A16FE06D0DF04FFE8EB1FB
:10133800B5F8E0000CF0D6FD00200DF02DFB0223DF
:1013480084F84430F8BD002AEAD138460DF0BAF9DD
:101358000DF076FE95F82131B5F8E420033B012B1A
:101368008CBF00202820104480B20DF045FADFE73A
:10137800E06D0DF0A7F90DF063FED8E73004002109
:101388002DE9F04FC44C87B0666A94F87430327D0A
:1013980096F8201103EB8203FF2B05D120B996F8AC
:1013A80021318B4200F0F380FF200CF0E3FD676AE7
:1013B80000233A7A04938DF80930ADF80A308DF895
:1013C8001430062A00F21781DFE812F07B00E300F0
:1013D800610061001501070007000DF10A0103A86B
:1013E80006F006F8002800F0F280039D002D00F0BA
:1013F800EE800122062384F87D20BDF80A203B7286
:10140800002A5CD0E91CA4F85420022B2165B7F807
:101418000920A564ADF811206DD0053B012B69D8D2
:101428000B780322022B8DF8102000F0A380D4F84B
:10143800800011F06BFA0546002840F0C380236D48
:101448001B781B2B00F0E78000238DF8143004A8CC
:10145800F37C84F8315023B1B4F85430002B40F0B9
:101468008C80FFF7CBFEA06C0DF02CF90DF0E8FD99
:10147800B6F8E2000CF036FD01200DF08DFA0123DC
:1014880084F8873084F8443007B0BDE8F08FB7F8A7
:1014980010310DF109020DF10A01D4F88000ADF800
:1014A8000A3011F0DBF90546002800F0038101231A
:1014B800BDF80A2084F87D303B7A002AA2D1114673
:1014C800A1E7002303A80DF10A01A7F8443094F816
:1014D8007C30A7F81031ADF80A3005F089FFE0B18B
:1014E800039DD5B10122052384F87D203B72BDF808
:1014F8000A2085E701238DF81030D4F8800011F018
:1015080005FA0546002858D105F08CFF2B4680F0D7
:101518000105EDB28DF8135097E7636A93F855808B
:10152800B8F1000F58D10DF10A010DF10902D4F8F4
:10153800800011F093F9054600284DD09DF809A0C8
:10154800BAF1000F6ED1BDF80A30002B58D1012333
:10155800A5643B7284F87D300023A4F854302365D9
:10156800B7F80930ADF8113001238DF81030B8F113
:10157800000FC2D000252B4667E7FFF73FFEA06F9C
:101588000DF0A0F8A16CA06F0DF0E4FC70E73746F1
:101598000EE7424B0122D4F88000A36400238DF8A3
:1015A8001020A4F854302365B7F80930ADF811308D
:1015B80011F0ACF905460028A6D001238DF81330A8
:1015C800002342E701238DF81330236D38E740F2FA
:1015D800D3512720FEF72AFF4FF0000801220023ED
:1015E8003A722E4AADF80A30A4F854302365A26442
:1015F800B7F80930B6E740F2DD512720FEF716FFAD
:10160800002301222B80AB70032384F87D203B72DA
:10161800BDF80A20F4E607F1BA0001210CF0ECFC51
:10162800012312E70146D4F8800011F001FA11F005
:1016380003FA0368D0F804B0814653EA0B022FD1AD
:101648000023BDF80A2089F8003089F8013089F8AC
:10165800023089F8033089F8043089F8053089F8B0
:10166800063089F80730002A3FF471AF9DF8091059
:101678000029C5D0297801F00301012906D00121EC
:10168800BB75022384F87D103B72BBE6032384F804
:101698007D103B72B6E600BF30040021B40400217F
:1016A80001930EF0CFFB019B83427BEB0101C7D274
:1016B800D04693E740F2C4512720FEF7B7FE00BF9B
:1016C8002DE9F04F0023B14C8BB0656ACDE90833A2
:1016D80094F84430022B40F05982E36D03220E4601
:1016E800074693F8009005F1A80A5978134409EAC7
:1016F800020B4FEA2918A4F860206366A4F8681062
:10170800002800F0C880002940F080816B7AA28E02
:101718000133A16542F40072DBB2A28683EA990123
:1017280011F0010140F0F1802A7A002A00F0698165
:10173800032A6B7200F2B381012A00F06281B5F8C6
:10174800443008A9D4F88000A5F8463011F0A8F86C
:10175800002800F025822B6F01332B676B6F43F154
:1017680000036B670021636A297293F8A8304BB1B4
:101778006B793BB1238D1020697143F010032385E9
:10178800A36B9847A38EC9F3C00943F40063A386EB
:10179800002307932B7D002B40F0BE80AB7A03F02B
:1017A8000102914500F01781A36D002B00F0C7805E
:1017B80008F0010884F83280002E40F0F680079E79
:1017C8004FF0000994F88A100120FFF789FC804641
:1017D800002840F0D781EB7C002B40F032810020BC
:1017E80095F82021B5F8E0100CF0B0FD0020FFF7C7
:1017F800C7FDB8F1000F03D0594609A8FFF73EFD11
:10180800A38E5A0607D4A36B002140209847A38EC5
:1018180043F04003A38666B1EB882BB9636A93F85B
:10182800A830002B40F0CF80B4F809300133A4F879
:101838000930002F00F0C180B4F8053000220133D0
:1018480084F88A20A4F80530514807F05DFA089812
:1018580030B111F0F1F800220272514606F040FC56
:10186800099B33B100221A720C225146099806F0DE
:1018780005FCB9F1000F40F08380A38E1B0607D446
:10188800A36B494680209847A38E43F08003A38624
:101898000BB0BDE8F08F2B7D002B40F0BC8094F896
:1018A8008A30013384F88A30A38E43F48063A38698
:1018B80095F82131033B012B16D906F035FC98B970
:1018C800A36D002B00F0008108F0010884F8328035
:1018D800002E3FF475AF0DF09DF8A38E5B066AD419
:1018E80000264FF001098EE70CF012FB0328A36DC8
:1018F80000F09480002B00F0E78008F0010884F8DD
:101908003280002EE7D1B1465CE72B7DC9F3C009D0
:101918000797002B3FF442AFB4F86830F3B9AB7ABD
:1019280003F0010291457FF43FAF0133BBF1030F90
:10193800AB7200F0CE80A26D002A7FF439AF4FF071
:101948000009B4F86830002B14BF4FF0000808F005
:10195800010884F8328046BB079E33E70DF098FBF8
:101968000328FBD002280BD000287FF417AFAB7AEE
:1019780003F0010399457FF417AF012384F83C3045
:10198800FFF7ECFB0BB0BDE8F08F00BF300400217F
:1019980054040021002A14BF4FF0000808F0010881
:1019A80084F83280002E3FF40AAF0DF033F8079E1A
:1019B8004FF0010924E74FF00109B4F8073001336B
:1019C800A4F8073040E7B4F80530B4F8072013430B
:1019D8003FF42FAF28E7B4F86820002AA5D00BF110
:1019E800FF32012A40F285800133BBF1030FAB724D
:1019F8006FD0AB6F0133AB67EB6F43F10003EB675D
:101A0800D2E6B5F84430A5F84630ABE6E06E10F003
:101A18009EFF01467AE60DF07BFB40E7B4F868903C
:101A2800B9F11B0F94BF4FF000094FF00109002BCB
:101A38005DD008F0010884F83280002E3FF4C2AE71
:101A480049E7636A05F1800195F82A0105F1900CD0
:101A580093F8A82095F820318000B2FA82F2079115
:101A6800013B5FFA80FE5209DBB2032BD5E91C016A
:101A780000F2AB8003930B4605F18001CDE9002C01
:101A880002464FF0000C70464FF0010ECDE904CE2F
:101A98004FF0FB0CCDF808C00DF0CCF99FE6053AE5
:101AA800012A78D8B5F844300791A5F8463005F0F2
:101AB800ADFC0799002878D0238D082043F008034F
:101AC8002385A36B984746E64FF00009CDF81C9094
:101AD80037E7A38E01203F4943F480532871A3863A
:101AE800238D43F001032385A36B984781E7079370
:101AF80027E7A38E95F8149043F48053A3860CF03F
:101B080007FA032894F8883007D1B9F1000F0CBF01
:101B18001F221B22934228BF1346B4F86820A16DE8
:101B28009A421CD800293FF435AF94F8893003BB9A
:101B3800AB6F08F00108013384F83280AB67AB7AE9
:101B480003F10103AB72EB6F43F10003EB678EB354
:101B58000CF060FF594609A8FFF790FB27E794F8B7
:101B6800303043F0100384F8303000297FF420AE81
:101B7800E5E6A36B002120209847A36D002B7FF496
:101B880017AEDCE60CF046FF079610E740F6AF11FB
:101B98002720FEF74BFC40F2B4712720FEF746FCE5
:101BA80040F2D6712720FEF741FC4FF4FC61272054
:101BB800FEF73CFC94F88A100120FFF791FA814661
:101BC8000028C5D1079EB84605E640F22541062003
:101BD800FEF72CFC940400212DE9F041404C86B01E
:101BE80094F84430012B70D1666A5FFA83F8054691
:101BF8000F46337903BB337A052B30D0012F16D12A
:101C0800ADB929462846FFF76BFA80B9337D676A74
:101C1800002B3BD197F821210120B7F8E2100CF0F6
:101C280095FB002006B0BDE8F041FFF75DBB06B0AC
:101C3800BDE8F041FFF792BA238D0021042043F05C
:101C4800040331712385A36B9847636A93F8A8301E
:101C5800002BD0D0337A86F80580052BCED1238D82
:101C68000220204943F002032385A36B9847636A47
:101C780093F8A830002BC1D0236D1B78A3F1020381
:101C8800B3FA83F35B0984F82A30B7E797F8213170
:101C980006F1800C94F874209036013B97F8A84020
:101CA800DBB2003C18BF0124032B56E9060111D80A
:101CB8000094CDE9016202460120CDE90335059083
:101CC8000B4661460DF0B6F8A4E740F60E11272042
:101CD800FEF7ACFB40F225410620FEF7A7FB00BF4C
:101CE800300400218004002110B50C4C0C4A0D4929
:101CF80094F84430116023B14FF4B1712720FEF7F6
:101D080095FB03F0FF02227607F0FAF905F036F9A1
:101D1800206705F037F9A06710BD00BF3004002127
:101D2800001000211C200001074A10B592F8443029
:101D380013B10C24204610BD03F0FF04147607F0FD
:101D4800DFF9204610BD00BF300400212DE9F04323
:101D58009A4C87B0054694F844009DF838600028EE
:101D680040F02181002A18BF002900F01C81B3FA35
:101D780083F04009002B00F016812364A163E2621E
:101D880084F8300084F88A0084F83C0084F88700DE
:101D98002085A08684F8310084F8320084F87D001C
:101DA80084F82A00A0642065A4F85400E065606601
:101DB800A4F8680084F8896065620CF04FF90DF0AA
:101DC8003FF995F928010CF0ADF9D5F8D460D5F8AC
:101DD800CC000CF0ADF930460CF058FC95F8250015
:101DE8000CF0B0F9B5F8E030702B03D9B5F8E23053
:101DF800702B01D80CF07CF8636A93F8A860002E69
:101E080072D013F06BFD014695F821210120AF3106
:101E18000CF086FA6A4B18680CF03EFCAB7B243B4E
:101E2800D5E93012072BC4F88010E2667BD9EB7B2A
:101E3800243B072B77D9B5F8F230B5F8F80095F8B8
:101E48002011984228BF1846042908BF032112F020
:101E580071FA024695F8F40095F8F030904228BFE0
:101E6800104680B2984200D3C3B295F8211105F10B
:101E7800E80084F87C3012F071FF95F821112F7D6D
:101E88000329B5F8FC6008BF042112F053FA0FB912
:101E9800043080B2864228BF0646F6B284F88860CD
:101EA80006F042F9002840D1636A84F8746093F818
:101EB800A8306BBBEA7C002A3ED10120FFF760FA0C
:101EC8000023B5F8AA0095F82520A360C4E90033DB
:101ED800D5F82431E9882080618022710BB1012274
:101EE8001A6007B0BDE8F08313F0F8FC95F82021DC
:101EF800344B01463046344E33F8123003F5FA734A
:101F0800A6FB036301EB931191310CF009FA81E709
:101F18002B7D73BB0120FFF7E7F9636AD3F8E8016B
:101F28000CF038FCCCE71B239FE706F003F9B0421E
:101F380038BF3046C6B2B7E795F8206105F1800191
:101F480095F82A0105F19002013E8000F6B2C0B270
:101F5800032ED5E91C892BD801924246CDE90363AB
:101F680001264B4605960096FB2602960CF062FF6A
:101F7800A3E795F8213105F1800705F19002013BAF
:101F8800DBB2032BD5E91E0112D8019202460120CB
:101F9800CDE9026300260B46059039460090049669
:101FA8000CF048FFB6E74FF420712720FEF73EFA01
:101FB80040F225410620FEF739FA00BF300400211F
:101FC800001000210C230201D34D6210FFF7C6B8A0
:101FD800014B93F88700704730040021054B9A8E17
:101FE80012F4C06F03D093F87D0000B17047C2F3BC
:101FF8000030704730040021024B93F83500C0F3DD
:10200800C000704730040021014B93F88A007047E4
:1020180030040021D9110001C9160001E11B00019B
:10202800C511000181220B4603F8032BB0F809C043
:10203800C27AA1F803C09A70704700BF40F2BD2170
:10204800322008B5FEF7F2F990F8DE2012B902F056
:10205800FF00704710B5363882B00C4602F0E2FE39
:102068008F230420237002B010BD00BF70B5002874
:102078005DD0437A04460D46002B3CD000214089B0
:10208800FEF7CEFD002857D00021B0F8AA00FEF7D1
:10209800DDFD002855D194F8546094F8A6302BB192
:1020A80094F8A7301E43002384F8A630204602F097
:1020B800B9FEB30731D188212B4604F1090229342E
:1020C80003F8031BD2F800C0103252F80C6C10331E
:1020D80052F8080C52F8041CA24243F810CC43F8FA
:1020E8000C6C43F8080C43F8041CEBD1117800225F
:1020F8001970AA7170BD036DD0F80E20C3F8AD2019
:10210800428AA3F8B120437B026D03F0FD03003B34
:1021180018BF012382F8AC30BDE726F00406002280
:102128002046114684F8546003F0ECF8C3E740F207
:1021380006313220FEF77AF940F212313220FEF7EA
:1021480075F940F215313220FEF770F9044B002280
:102158001B68A3F8792183F87B2183F870207047E6
:10216800BC04002108B50BF0C1FA034B18700CF041
:102178002FF9032008BD00BF1000002138B5114C0D
:1021880020686C3001F0B4FF656801F061FF636896
:102198002860186858B101F089FF68B10CF092FA0C
:1021A80000200CF029FB042263681A7138BD40F244
:1021B800F5413220FEF73AF940F2F7413220FEF7B6
:1021C80035F900BFBC040021F0B54C4C002383B0A6
:1021D800064625680F466B722B6DB3F8AA2093F854
:1021E8002911D3F8C8006A8112F0F6F82368288408
:1021F8001A6DD2F8D020C3F822204FF47F42DA8437
:102208004FF6FF721A85002E4AD00121384612F087
:102218007FFB3A78D209236893F8481009B1002A5D
:1022280048D1002159611983207B082852D003F135
:102238000E0203F10D0105F07BFB002858D023683E
:102248005A7B03F11A0542F002025A73002E3BD161
:1022580003F1780002682A608288AA80186D93F9D1
:102268005810A83005F0D6FC2068254912F036FD34
:10227800236824491A6DB2F8AA00A3F8330003F1C1
:102288002A00D27D83F8352012F031FD0221206822
:1022980003F072F920686C3001F02AFF03B0F0BD3A
:1022A800A068694612F02CFAA36868461A78C2F347
:1022B8008012B0E7427902F0C002402AB1D1026828
:1022C8005A6182881A83AFE70021384612F020FB52
:1022D8002368BFE793F87E109A6FB3F87C005973B0
:1022E8000021C3F80E205882C3F81A10D983B5E725
:1022F80041F213413220FEF799F800BFBC040021D7
:10230800752000012D20000140F29B31322008B5D4
:10231800FEF78CF810B504788CB004F00F0402A90D
:10232800224602F0CFF80BF0E1F9234A042C107092
:1023380002D003200CB010BD204C0399236891F8FB
:1023480000E093F878C0E645F3D191F801E093F8FE
:1023580079C0E645EDD191F802E093F87AC0E645F8
:10236800E7D191F803E093F87BC0E645E1D191F815
:1023780004E093F87CC0E645DBD191F805C093F8FA
:102388007D108C45D5D193F87E309DF8191099426F
:10239800CFD17F280DD04FF07F0C009002A9606844
:1023A80082F800C0237C227B02F00EF803200CB0D8
:1023B80010BDFFF7A9FF00BF10000021BC040021D9
:1023C8000E4A536810B5197902290CD919790829C8
:1023D8000ED8197952690A4B92680B44BDE810402F
:1023E80052F82330184741F2BC413220FEF71EF85C
:1023F80041F2BD413220FEF719F800BFBC040021AC
:10240800FDFFFF3F38B5194D6B681B79022B28D8A3
:102418002B680446027C83F8A4201A44C168996694
:1024280092F87C2183F878214268C3F88820037ADF
:10243800022B0ED00BF012FE0CF030FA0BF0D0F994
:102448000B480CF029F90B480CF020F90A480BF05E
:102458006FFE637C23B12B685B6E0BB101221A609F
:1024680038BD40F6FC013220FDF7E0FFBC04002136
:10247800683A000155555500D6BE898E70B53A4C5C
:10248800064663681A79032A41D01A79042A3ED08D
:10249800226892F8542092073ED1A568002D4AD0B0
:1024A800236893F85430002B3BD03EB1284612F0F5
:1024B800DBFAD8B9284612F0F2FAB8B963681A7983
:1024C800022A3DD91A79082A3FD819796269274B17
:1024D80052690B4452F8233098470C2826D8636970
:1024E800DB68BDE8704053F82030184763681A79F4
:1024F800022A2FD91A79082A31D819792846626907
:102508001A4B12690B4452F823309847E5E71868CC
:1025180001F0CCFD0546C1E7186801F0C9FD054684
:10252800BCE741F2CA313220FDF780FF41F2DD31CC
:102538003220FDF77BFF41F2C4313220FDF776FFF0
:1025480041F2AA313220FDF771FF41F2AB3132205E
:10255800FDF76CFF41F24A313220FDF767FF41F287
:102568004B313220FDF762FFBC040021FDFFFF3F25
:1025780070B5154D2C6894F84830EBB16FF00043F6
:10258800D4E920129A4208BFB1F1FF3F14D00DF0F0
:102598000BFBD4E92023904299410DD32E6896F87D
:1025A800483053B905F0BEF904460DF0FDFA074B63
:1025B800E4FB0301C6E9200170BD012005F074FAAF
:1025C8000028F9D02E68EDE7BC04002140420F0036
:1025D8002DE9F04F044687B006290AD8DFE801F054
:1025E800522E0F0909090400B34D68688379002B3E
:1025F80072D10BF0EDFE032007B0BDE8F08F0BF0B1
:10260800E7FEAD4A136893F854108F07F3D050686B
:1026180081790029EFD0A94D95F900107F2900F0A4
:102628001C8202912146127B7F2442330192FF22B1
:10263800009202222C7001F01FFEDCE79E4DA27C66
:1026480029686868012A91F8483090F806A090F83F
:10265800079083F001035BD00027BB4691F854C074
:102668001CF0040600F0D78091F84B60002E5AD079
:1026780091F84C80B8F1080F5BD191F841800026A1
:1026880040466FE08C4DD5E9003093F85420570749
:102698001AD5C279002A00F0C680626893F85B10E8
:1026A80016788E4200F0328193F85620012A00F005
:1026B800518193F84C30082B03D042799A4200F0AC
:1026C80049810BF085FE68688379002B40F0AF8064
:1026D800C379002B8FD18CE72B6893F85420960789
:1026E80040F1CF80754A92F900107F2900F0B5813A
:1026F800029121462C7B42330194FF2400947F24CD
:102708001470062201F0B8FD002309202B7473E72A
:10271800A268577907F0C007A7F14007B7FA87F70B
:102728007F09BB469AE790F80580B8F1080F00F0DA
:10273800DD804046049305F007F8049B0590BBF143
:10274800000F40F0388129685E4691F854C091F82E
:1027580041800CF00402404692B3059A43EA020B0A
:102768005FFA8BF3626891F85BC092F800E0E64587
:1027780000F0F3804FF0000B6A685279082A00F0E5
:10278800308191F84CC0ACEB0202B2FA82F25209E5
:102798000492002E00F0B680B9F1000F0BD091F82A
:1027A8005630012B00F0D6804E4623B9049B53EADD
:1027B8000B0B40F0CF800BF00BFE2B6893F854C046
:1027C8001CF0030F3FF417AF0BF002FEBAF1000F35
:1027D8003FF411AF2868A36800F14201A27C90F889
:1027E800410011F0DEFC16B9002800F01481334EC8
:1027F80096F900307F2B00F03081029321462B7B25
:102808007F240122CDE90083D5E9003034704233BA
:1028180001F032FDEFE690F80580B8F1080F88D195
:1028280091F84180CCE78379002B3FF4E2AE2B6826
:1028380093F85420960743D4D0077FF5DCAE5107B0
:1028480000F1E6801D4B93F900207F2A00F00581F6
:102858007F2002922A7B21461870FF202B68019264
:10286800002200904233686801F006FD03206B687F
:10287800DA79002A7FF4C0AE9B79002B7FF4BCAED6
:10288800B7E6D1077FF5B5AE530700F1BE800B4B15
:1028980093F900207F2A00F0E0807F2002922146F1
:1028A8002A7B1870FF24D5E90030019206224233B2
:1028B800009401F0E1FC9EE6BC0400211000002118
:1028C800674A92F900107F2900F0C78002912146DB
:1028D8002C7B42330194FF2400947F24147000223F
:1028E80001F0CAFC012309202B74C0E7626891F843
:1028F8005B0092F800C091F8418084452CD0B34623
:1029080040460496002B6FD1002654E7567893F87A
:102918005C108E427FF4C8AE967893F85D108E42B4
:102928007FF4C2AED67893F85E108E427FF4BCAEC8
:10293800167993F85F108E427FF4B6AE517993F80A
:10294800602091427FF4B0AE617C93F85A209142A6
:102958007FF4AAAE0A204FE6404692F801E091F8CB
:102968005CC0E6457FF406AF92F802E091F85DC0DE
:10297800E6457FF4FFAE92F803E091F85EC0E645C5
:102988007FF4F8AE92F804E091F85FC0E6457FF472
:10299800F1AE92F805C091F8602094457FF4EAAE54
:1029A80094F811B091F85A20ABEB0202D2F1000B67
:1029B8004BEB020BE0E6A1684046049305F0A8F84B
:1029C80029680646049B91F854C091F841000CF020
:1029D8000402002E3CD040F00208002A7FF4BDAE6D
:1029E800EEE600220492D4E64231A368A27C11F0FC
:1029F800D8FB002888D0B9F1000F85D02B6893F850
:102A08005630012BA6D00026CFE60BF0E1FC3EE7BE
:102A18000BF0DEFC16E72B6893F85520023A012AE2
:102A28003FF6E9AD002F3FF4E6AD0D4E96F90020D4
:102A38007F2A12D0029221462A7B7F24686842337B
:102A48000192FE2200920122347001F015FCD2E5B9
:102A58008046002A7FF481AEB2E6FFF755FC00BF3E
:102A6800100000212DE9F843664C002207468946EC
:102A7800A368D4F8008018461A800BF059FE002885
:102A880000F0A380A568032F06462B7800F0A980E4
:102A980023F02F03222243EA49136A7043F0050307
:102AA8002B7023681A6DD2F8CC20C5F80F201A6D48
:102AB800D2F8D430EB74190A1B0C29756B7592F88F
:102AC8002A01B2F8DC10D2F8D830002840F0918002
:102AD8004D48A0FB01C1A0FB0303890A9B0AEB75C3
:102AE800C3F30723A9752B7692F82911D2F8C800E9
:102AF80011F072FC6876000AA8762068A568036D54
:102B080095F82420D3F8D01022F01F02C5F81B1026
:102B18009969C5F81F101B7F85F82330036D93F85A
:102B2800233003F01F03134385F8243004F0A2FA7E
:102B380095F8243003F01F0343EA401385F8243046
:102B4800A568D8F878302846C5F80930B8F87C3038
:102B5800A5F80D3098F87E1011F0E2FD236893F87F
:102B6800482003F1420993F84180AAB393F854200E
:102B7800520733D593F84B2082B393F84C0005F0F5
:102B880001F8054640B34FF001082B684146A0689C
:102B9800C0F80330AB88A0F8073011F0B8FD1B4B24
:102BA800D3F804317BB9052F13D12368304629683F
:102BB8001A6DC2F8B410A988A2F8B8101B6D83F872
:102BC800B380BDE8F8830BF003FC0026032005F072
:102BD80075FA3046BDE8F8834D46D6E763685879FC
:102BE800CDE723F00F0343F003032B700C236B7026
:102BF800A7E70748A0FB01C1A0FB0330C1F34711B9
:102C080043096CE7BC0400215917B7D10080004183
:102C18001F85EB5110B50A4C0AF068FD094A637B21
:102C280010701BB90BF0D4FB032010BD0BF036FE5F
:102C38000AF0D6FD002363730BF0CAFB032010BD16
:102C4800BC0400211000002110B50B4C637B63B954
:102C5800A1680020FFF7B8FA23680022A3F87921B9
:102C680083F87B2183F8702010BD0BF017FE0AF063
:102C7800B7FD00236373EBE7BC04002110B50E4CCD
:102C8800637B8BB9206801216268002311710246B9
:102C9800A0F879316C3082F87B3101F029FA20688C
:102CA800BDE8104002F046BB0BF0F8FD0AF098FDB5
:102CB80000236373E6E700BFBC04002107292DE960
:102CC800F04F044687B00D461646406852D100289A
:102CD80008BF002A0CBF4FF0010A4FF0000A72D05B
:102CE800002800F0D580627C012A00F0B180AB4F4B
:102CF8007B685879082848D00DF10F0104AA04F020
:102D080017FE002800F05E8104A99DF80F0012F05C
:102D18009AFD8246D7E9000890F8543013F0030270
:102D280040F088805B0788F8062043D4002388F8A1
:102D380007309B4B1B6833B131462046984788F8CB
:102D48000800D7F80480636843B1617C3A6882F868
:102D58007E10196891679B88A2F87C3098F8083033
:102D6800002B00F03481A06808B1072D4FD007B0C0
:102D7800BDE8F08F002800F08880627C874F012A28
:102D880079684FD048790828B6D16168607C12F01C
:102D98005AFD7A68824661680532607C04F0FEFC60
:102DA800D7F8048003460028B4D1A8F8060088F8AC
:102DB8000800D8E7062D90F84B9000F2B28049EA57
:102DC8000A00C3B2B3E7754FD7E9001091F8543041
:102DD80013F0030218BF012213F00403827105D017
:102DE8002378A3F10103B3FA83F35B09C37191F864
:102DF8009430002BBBD03B68D3F89000503012F0D1
:102E08002CFD0028B3D17B6801221A72AFE798F82D
:102E180005100829ABD0002BA9D004F0BFFD012371
:102E2800FB73A4E7437903F0C003402BAAD17B7B53
:102E3800FBB9A7E7062D90F84A904FD849EA0A0946
:102E48005A0788F806907FF571AF90F84B90B6E76F
:102E5800427902F0C002402A7FF449AF4F4F7A7B93
:102E6800002A3FF445AF26B93A6892F8781101294B
:102E780060D0D7F8048011F0D8F97B6888F805008D
:102E8800587901233873BB7334E78246434F41E7CF
:102E9800424FD7E9000890F854309A0745D1D146F7
:102EA80013F0040388F806903FF441AF90F84B9074
:102EB800311E98F807B018BF0121BBF1010F02D0ED
:102EC80000297FF433AF6368002B7FF478AF002EBE
:102ED8003DD16378D9063AD5012328E7082D03D9CF
:102EE800002388F8063021E798F806B0311E18BF8D
:102EF8000121BBF1010F0DD061B14FF0000913F0B2
:102F0800040388F806903FF412AF90F84B9098F8B5
:102F180007B0D2E762689AB149EA0A095FFA89F903
:102F2800BEE7082D3FF602AFC2E790F84A9098F83E
:102F380006B0DBE704F014FD7873002899D1D7E6D2
:102F4800A6B96278D20611D54FF00109D7E7D8F8AB
:102F5800000001F0B1FA10B1BBF1000F02D1B9F1D4
:102F6800000F14D0D7F804800123E0E6D8F8000059
:102F7800019101F0A1FA1BEA000001991CD1B9F1F5
:102F8800000F0FD0D7E9000890F85430B7E704F0E5
:102F9800FFFBD7F804800346C9E600BFBC04002144
:102FA80004100021019104F0F3FB81460199D7E94F
:102FB800000890F85430A2E78146D7E9000890F855
:102FC80054309CE740F6A5313220FDF72FFAB8F8C7
:102FD8000630003B18BF0123C5E600BF70B5194E87
:102FE8008AB005460AF082FB3368174A93F85430D2
:102FF800107013F0060F16D12C782846694604F095
:103008000F04224601F05EFA214600226846FFF7C7
:1030180055FE21466846FFF7DBFA737B044643B941
:1030280020460AB070BD0122962100200BF08EF9CF
:10303800E2E70BF033FC0AF0D3FB0023204673735E
:103048000AB070BDBC0400211000002110B50F4C5F
:10305800606801F0C5F8637B8BB92068012162685C
:10306800002311710246A0F879316C3082F87B3167
:1030780001F03EF82068BDE8104002F05BB90BF0A3
:103088000DFC0AF0ADFB00236373E6E7BC040021E6
:1030980010B500210320164CFFF7E4FC20B10321F2
:1030A800206801F04BFF98B9637BCBB920680121F8
:1030B8006268002311710246A0F879316C3082F8F9
:1030C8007B3101F015F82068BDE8104002F032B9F4
:1030D800012108460BF00CFC092263681A7110BD27
:1030E8000BF0DCFB0AF07CFB00236373DEE700BF18
:1030F800BC04002138B5224C6368186800F0D6FF7C
:10310800002837D063680A22054600211A71206812
:1031180002F032FA22682B780520126DC3F34013AF
:10312800D57D1D402946FFF79DFC40B1042120684C
:1031380001F004FF18B123681B6DDD7538BD637B92
:103148008BB9206801216268002311710246A0F83A
:1031580079316C3082F87B3100F0CAFF2068BDE815
:10316800384002F0E7B80BF099FB0AF039FB00236E
:103178006373E6E740F261513220FDF757F900BF6B
:10318800BC04002110B501291D4C636810D178B921
:103198001A79082A2AD91A790C2A2CD81979626935
:1031A800184B52680B44BDE8104052F823301847BA
:1031B800184601F015F8637B8BB920680121626815
:1031C800002311710246A0F879316C3082F87B3106
:1031D80000F08EFF2068BDE8104002F0ABB80BF09D
:1031E8005DFB0AF0FDFA00236373E6E741F28C41C8
:1031F8003220FDF71BF941F28D413220FDF716F917
:10320800BC040021F7FFFF3FF0B55A4C83B020689B
:103218006C3000F06DFF656800F01AFF6368286085
:103228001868002800F09B8000F040FF0546002841
:1032380000F09A80236893F8A630002B47D1D4E990
:10324800000290F8A430034493F87C7180F87871F8
:10325800137913B11379012B4AD1474A90F8A53055
:10326800D05C0AF06FFF236893F8A420134493F806
:103278007C61022E3AD04DD8012E4ED100F0E2FEEC
:1032880031460AF077FE28460BF01CFA3146012039
:103298000AF066FF012F31D1E81C04F08FFB607340
:1032A80028B140250AF080FA28460BF0EBFA62684C
:1032B800082100232068517121730321D3801372E0
:1032C800E38180F895302374117103B0F0BD236851
:1032D80093F8542093F8A700196D0243C3F810110E
:1032E80083F85420002283F8A620A8E70D20C7E71A
:1032F800002101F023FEA8B12068AEE7681D04F0A4
:103308005DFB60730028D2D0033F012F8CBF50258E
:103318005525C7E7F31E012BB0D940F2F7713220CB
:10332800FDF784F8637B93B9206801216268002364
:1033380011710246A0F879316C3082F87B3100F0C7
:10334800D7FE206803B0BDE8F04001F0F3BF01905C
:103358000BF0A4FA0AF044FA01986073E4E740F22B
:1033680052413220FDF762F840F254413220FDF715
:103378005DF800BFBC040021B420020108B50AF0C2
:10338800B5F9044B18700BF023F8BDE80840FFF7B7
:103398003BBF00BF1000002110B50C4C0AF0A6F985
:1033A8000B4A637B10702BB90BF012F8BDE8104084
:1033B800FFF72ABF0BF072FA0AF012FA00236373C0
:1033C8000BF006F8BDE81040FFF71EBFBC04002153
:1033D8001000002110B50446FFF714F8237A032BD8
:1033E80034D01D4A12683BBB92F8A5301B49013303
:1033F80092F84900A1FB034C0CF4FF7404EB5C0445
:103408001B1B40FA03F4E40713D40133A1FB034C5C
:103418002CF0010404EB5C041B1B40FA03F4E007E6
:1034280007D40133A1FB034121F0010404EB51014E
:103438005B1ADBB282F8A53092F958000AF072FEE6
:10344800FFF7E2FEBDE81040FFF792B840F62E11F4
:103458003220FCF7EBFF00BFBC040021ABAAAAAAEC
:1034680090F83E00003818BF01207047007A0038F5
:1034780018BF0120704700BF036D10B58BB1022241
:10348800FF2104464272B3F8AA204FF6FF7380F872
:10349800271003850549428111F020FC002323658C
:1034A80010BD40F261313220FCF7C0FF75200001E9
:1034B80038B5012105460020FDF7B2FB20B30446CC
:1034C80001F0A6FC02E094F870301BB194F870305B
:1034D800012BF8D13F22002120460EF0D5FD002314
:1034E80040F20111072284F8543084F8A530A4F87A
:1034F8004A1084F8585084F84920636684F8943058
:10350800C4F8903084F8A63001210846FDF788FBFE
:10351800044618B301F07CFC02E094F870301BB14B
:1035280094F87030012BF8D13F22002120460EF08C
:10353800ABFD002340F20111072284F8543084F8CF
:10354800A530A4F84A1084F8585084F849206366D6
:1035580084F89430C4F8903084F8A630BDE8384038
:1035680000F066BDF8B506461D4F03F007FD03469B
:1035780001210020BB60FDF717FB30B34FF4C07288
:10358800002104460EF080FD01210846FDF70CFBE2
:103598007F69054680B14FF4C07200210EF074FDBA
:1035A800C7B13046FFF784FF204601F027FC2846C4
:1035B800BDE8F84001F022BC67B13046FFF778FF5C
:1035C8002046BDE8F84001F019BC40F685013220DC
:1035D800FCF72CFF40F68F013220FCF727FF00BFD5
:1035E800BC040021014B024A5A617047BC04002107
:1035F800CC3A0001036810B54BB1074A03F16C04DB
:103608005169C2E900340B68BDE81040184740F61C
:1036180077113220FCF70AFFBC04002110B50F4CCB
:10362800606800F0DDFD637B8BB92068012162686A
:10363800002311710246A0F879316C3082F87B3191
:1036480000F056FD2068BDE8104001F073BE0BF095
:1036580025F90AF0C5F800236373E6E7BC040021E6
:1036680080F84910704700BF11F001031FD04FF0D8
:10367800010C0222634680F87CC111F0020F0ED0C3
:1036880000EB030C490700B54FF0020E8CF87CE103
:1036980003D51044032380F87C315DF804FB4A0706
:1036A80004D51844032380F87C3170477047012201
:1036B800E3E700BF80F85710704700BF38B590F8AF
:1036C80040C0ACF1020EBEF1010F98BF00290CBF3B
:1036D8000124002408D00CF0FD000038BDE8384073
:1036E80018BF012003F0DABE02F0FD0205461946B4
:1036F800101E18BF012010F08EFD082801D02046AA
:1037080038BD95F840C0E6E790F8400000F0FD00AD
:10371800003818BF012003F0C1BE00BF90F8A630E2
:1037280013BB10B5044603F0FF0094F85430022B85
:1037380007D0012B08BF04290CBF0120002002D0AC
:1037480010BD0429FCD1D4F810317BB9216D91B199
:1037580004F1E80001F04EFC042384F8A730FF23AD
:1037680084F8A630012010BD0020704740F6F811FB
:103778003220FCF75BFE40F6F9113220FCF756FECA
:1037880080F84010704700BF38B5044690F84000F4
:1037980000F0FD0004F14201003818BF012084F850
:1037A800410003F061FE94F84030023BDBB2012B8C
:1037B80094BF0123002384F8483000D938BD04F0B1
:1037C800B1F805460CF0F0F9094BE5FB030194F854
:1037D8004830C4E92001002BF0D0002004F064F93F
:1037E8000028EBD140F621213220FCF71FFE00BF54
:1037F80040420F00B1F1000C4FF0080110B504462B
:103808000CBF0120002084F856C084F84B0084F8CF
:103818004C1009D102F0FD021946101E18BF0120F4
:1038280010F0F9FC84F84C0010BD00BF08B5B2B127
:1038380080F85A10D2F800C0036DC0F85BC090F849
:1038480041109288A0F85F2083F8B310D0F8422086
:10385800C3F8B420B0F84620A3F8B82008BD40F655
:103868003F213220FCF7E2FDF0B5D0F8C8409DF8C2
:1038780014E0944203D190F840208A4201D00020FD
:10388800F0BD1EF0020190F8455123D00024A44653
:103898002146224611E0314300EB820253F82C60A6
:1038A8000CF101070134D2F8CC205FFA87FC2A32E8
:1038B800B242E4D1E2B2AA4226D8861896F87C61D0
:1038C800F71E012FE7D80CF1010C41F004015FFA53
:1038D8008CFCE1E70E460A468418013694F87C41D0
:1038E800E71E012F53F8227088BF214300EB8204A2
:1038F80098BF41F00401F2B2D4F8CC4004F12A0C8C
:103908006745BCD1AA42E7D90EF00500401AB0FAC3
:1039180080F04009F0BD00BF90F854305A070ED42B
:1039280013F0030301D11846704790F8550000F0D2
:10393800FD00A0F10100B0FA80F04009704790F84E
:103948005600A0F10100B0FA80F04009704700BFAE
:10395800012938B5044610D094F8543004F16C05A8
:103968009B071AD1284600F0C3FB0023A4F879313D
:1039780084F87B3184F8703038BD0A4D6B7B002B9E
:10398800EAD00AF08BFF09F02BFF00236B7304F1D8
:103998006C0594F854309B07E4D0284600F020FCCE
:1039A800E0E700BFBC040021A03010F091B900BFCF
:1039B8000149363011F095B95120000110B50121A7
:1039C80004460020FDF72CF928B36278034680F8F6
:1039D8005420227812F0010103D00120014683F817
:1039E8007C01520703D51944032281F87C21A2786F
:1039F80083F84020E17801F0FD0283F85510B2FA0F
:103A080082F2520983F84A20227983F849206279A0
:103A180083F8572010BD40F6CB213220FCF706FD75
:103A280010B504466C3000F0DBFB0023A4F87931B4
:103A380084F87B3184F8703010BD00BF08B50121CF
:103A48000020FDF7EDF828B190F89400003818BF71
:103A5800012008BD40F64A313220FCF7E7FC00BFE0
:103A6800C9230001852400018D3100015530000172
:103A780085210001512C0001A1330001853300018B
:103A880055210001852C000145200001113200015B
:103A98004520000145200001452000014520000186
:103AA8004520000199300001FD300001452000014A
:103AB80045200001E52F00011D2300011D2C0001F8
:103AC8006D210001DD330001783A0001803A0001E0
:103AD800883A0001BC3A0001C43A00012DE9F047D8
:103AE80005468CB00E4600200121FDF799F8002804
:103AF80000F074820446A83001F09EF9002846D0F0
:103B080094F85430042B42D0AF6A002F00F0538150
:103B1800BB4B9F4263D0043B9F4260D003F03CFA0A
:103B280007F13B08814602A9404600F071FDEB7A97
:103B3800B9F1000F00F0BE80D80606F10D0100F1C2
:103B4800F381002F00F04F829DF80830022B00F01F
:103B58004A8295F83230E522404610F01CFF95F86D
:103B6800323004464046234485F8323010F00BFFCB
:103B780095F83280A8EB0008B8FA88F84FEA581888
:103B8800B9F1000F31D104F11803DBB2A1E02046EE
:103B9800FFF766FC0028B7D19A4C04F1080604F137
:103BA8000C070023AA6A002A00F03081A96A0A6873
:103BB800B142AA620B704B708B70CB70F2D0B942D5
:103BC800F0D020680FF019F8231DD3E84F3F0133D8
:103BD800211DDBB2C1E8423F002AF5D1E1E703F03D
:103BE800DBF98046002870D00024EA7AD30640F139
:103BF800FA815007AB7A697B03D5EA7EFE2A00F08A
:103C0800718104F10A02F370717102FB03F302334C
:103C180073703E2333700223B370D5F80E30C6F8A4
:103C280006306B8A3473344473812B7E6373EB7A6A
:103C380013F0080100F0FE80724C042304F1080917
:103C480033714F4578D13379022262F34613AA6A59
:103C580033716AB1EFF3108272B6AB6A1968A96260
:103C6800002A00F0C28000221A705A709A70DA7026
:103C7800A5F1080120680EF0C0FF231DD3E84F3FCF
:103C88000133211DDBB2C1E8423F002AF5D10227EA
:103C98004FF004088DF804808DF805709DF8042015
:103CA80000209DF8053062F3070063F30F200CB085
:103CB800BDE8F087DA0606F11C0100F13E8127B164
:103CC8009DF80830022B7FF444AF182300244FF0EE
:103CD80001088E223270AA7A02FB03F3F2700233D3
:103CE8007370D5F80B20D5F80F30D5F81300D5F838
:103CF80017107260B360F0603161D5F81B20D5F8F9
:103D08001F307261B36195F814A095F8159003F00F
:103D180081F90AF1FF338A05DBB252D5032B00F291
:103D2800668186F80DA0B9F1000F60D1F476354CA4
:103D380004F108094F4586D004F10C0A574500F0F4
:103D48008280002F00F0A780B8F1000F2AD0AB6A5C
:103D580063B1EFF3108272B6AB6A1968A96202B94F
:103D680062B600221A705A709A70DA703946206862
:103D78000EF043FF231DD3E84F3F0133211DDBB273
:103D8800C1E8423F002AF5D1AB6A85F832204B459D
:103D980000F0DD80534500F0FE809DF80830022BCE
:103DA80000F0BB803379012262F346133371012797
:103DB8004FF004086EE703F0EFF805F13308814689
:103DC800B1E6032B00F21C810F4AD35C7373B9F17F
:103DD800000FABD009F1FF395FFA89F9B9F1030F88
:103DE80000F20E8112F8099006E062B63BE709F18D
:103DF800FF33032B00F2FB8086F80E9096E700BF96
:103E0800E0040021D4040021B8200201A5F1080132
:103E180020680EF0F2FE231DD3E84F3F0133211D29
:103E2800DBB2C1E8423F002AF5D14FF40073ADF888
:103E3800043033E703F00302032A49D0590749D570
:103E48000123337173E7AB6A63B1EFF3108272B683
:103E5800AB6A1968A96202B962B600221A705A7070
:103E68009A70DA706B7D83BB32794FF0040863F384
:103E780046123271A5F1080120680EF0BEFE231D1E
:103E8800D3E84F3F0133211DDBB2C1E8423F002A8E
:103E9800F5D10227FEE695F80B8018F010083FF4DC
:103EA800F9AE3379A5F10801206867F34613337139
:103EB8000EF0A3FE231DD3E84F3F0133211DDBB2D3
:103EC800C1E8423F002AF5D1E1E64FF00008D1E70A
:103ED80031712CE7022A25D0002A40F08D80032377
:103EE800337124E7F3701B017171023373703E2341
:103EF80033700B23B37001233371D5F80E30C6F835
:103F080006306B8A32737381EB69C6F80D302B8CDF
:103F1800A6F811302B7EF37409E7337923F0680390
:103F2800337144E7327102E79DF818400846059955
:103F3800C84622460EF054F957E69DF81840084640
:103F480005994FF0010822460EF04AF91BE633792D
:103F5800022262F34613AA6A337162B1EFF3108248
:103F680072B6AB6A1968A96202B962B600221A7001
:103F78005A709A70DA70A5F1080120680EF03DFEBB
:103F8800231DD3E84F3F0133211DDBB2C1E8423F77
:103F9800002AF5D17BE6337962F34613AA6A3371B6
:103FA80062B1EFF3108272B6AB6A1968A96202B9FE
:103FB80062B600221A705A709A70DA70A5F1080178
:103FC80020680EF01AFE231DD3E84F3F0133211D50
:103FD800DBB2C1E8423F002AF5D158E64FF4F1714F
:103FE8003320FCF723FA5B213320FCF71FFA4FF448
:103FF800EA713320FCF71AFAA4213320FCF716FAE9
:104008004FF43F710620FCF711FA00BF343270B547
:10401800044692B21E460D460EF0B7FD24B1034B7E
:104028001C601D745E741D7170BD00BFD404002136
:1040380010B5034C20680EF0CAFD237C237110BD17
:10404800D4040021014B587C704700BFD4040021E0
:1040580038B5154C20680EF0C0FD00B30546231D89
:10406800D3E84F3F013B221DDBB2C2E8413F0029A4
:10407800F5D105F108033422012418460EF004F89E
:10408800EA7C0346FF2147F6FF7064F34612697520
:10409800E883184685F82310EA74ED6238BD40F2CB
:1040A80057113320FCF7C2F9D4040021333070478C
:1040B80038B50446406A08B13B3038BD0B4D286816
:1040C8000EF08BFD606260B12B1DD3E84F3F013BC2
:1040D800291DDBB2C1E8423F002AF5D1606A3B30B6
:1040E80038BD4FF4B8713320FCF7A0F9D40400218F
:1040F80038B503684BB39A6A52BB596A054629B367
:1041080001F10800154C8342206808BF2A600EF0B0
:1041180074FD231DD3E84F3F0133211DDBB2C1E8F5
:10412800423F002AF5D12B687BB1A3F10801206832
:104138000EF063FD231DD3E84F3F0133211DDBB291
:10414800C1E8423F002AF5D12A6038BD034CECE7AC
:1041580040F28D113320FCF769F900BFD404002127
:1041680070B505680646F5B11B49284610F0C2FD32
:104178001A4C0023E360EFF3108272B6AB6A23B3E4
:10418800E96A04F10C030B60EB6202B962B63368AA
:10419800596A29B101F10805AB421AD100236B62B3
:1041A8000023336070BD696A0029F9D00B4C206880
:1041B8000EF023FD231DD3E84F3F0133211DDBB251
:1041C800C1E8423F002AF5D1E8E704F10C03AB62ED
:1041D800DAE71D46EBE700BFE53A0001D404002109
:1041E80070B50668002E3CD0716A0546002939D0A2
:1041F80001F108031E4C9E420DD020680EF0FDFC14
:10420800231DD3E84F3F0133211DDBB2C1E8423FF4
:10421800002AF5D12B68002272625A7D8AB10022E9
:10422800A260EFF3108172B69A6AF2B1D86A114AA5
:104238000260DA6201B962B62846BDE87040FFF74D
:104248008FBFA3F1080120680EF0D7FC231DD3E827
:104258004F3F0133211DDBB2C1E8423F002AF5D1AF
:104268002A6070BD3346024CD7E7024A9A62E0E7FB
:10427800D4040021DC0400212DE9F843504D0F46F9
:10428800002604682979984606609DF820909DF8D4
:1042980024009DF9283081B9A4F1080128680EF09E
:1042A800ACFC2B1DD3E84F3F0133291DDBB2C1E81D
:1042B800423F002AF5D1BDE8F8830121C4F809601E
:1042C800C4F80D60C4F81160C4F81560C4F819602A
:1042D800C4F81D60A4F82160A172062A66D8DFE838
:1042E80002F02B3239653E650400E27A22F01202B0
:1042F80042F01202E27223760123082804F10E022A
:10430800237547F6FF73E38230D004F10D0103F003
:104318000FFB00284FD0637B43F002036373E37AFB
:104328005B072ED4FF23E37600232372254920461A
:10433800BDE8F84310F0D5BCE27A22F0130242F04F
:104348001302E272D7E7E27A22F0150242F0150270
:10435800E272D0E7E27A42F01002E272CBE7E27A48
:1043680022F01A0242F01A02E272C4E77B7C6373FD
:104378007B681968C4F80E109B889380E37A5B0702
:10438800D0D5A9F1020304F11C02012B07D9BB689F
:104398001968E1619B88938084F81B90C4E7D8F87A
:1043A8000030E361B8F804309380F5E740F2464105
:1043B8003320FCF73BF8C3213320FCF737F800BF64
:1043C800D4040021E53A0001F8B5394D84460026A9
:1043D80010462A790F46DCF800409DF91810CCF8F1
:1043E80000607AB9A4F1080128680EF006FC2B1DBC
:1043F800D3E84F3F0133291DDBB2C1E8423F002A11
:10440800F5D1F8BDC4F8096041F60125C4F8156076
:104418000122217645EA0325618941F6FF33C4F874
:104428001160082821F4DF5103EA0503227547F6D5
:10443800FF7221F01F01C4F80D60E28204F10E0240
:1044480043EA0103C4F81960C4F81D60A4F82160A8
:10445800638115D004F10D0103F06AFA18B3637B88
:1044680043F002036373E37A5B0714D4FF23E37614
:10447800002323720F492046BDE8F84010F031BCF4
:104488007B7C63737B681968C4F80E109B889380E3
:10449800E37A5B07EAD5BB68FF221968E1619B886C
:1044A800E2762384E4E7C3213320FBF7BFFF00BF94
:1044B800D4040021E53A000118B1407BFF3818BF49
:1044C8000120704770B5037816460C460546C3F3BD
:1044D80080134B7410F02BF9062EA07424D80123F6
:1044E80003FA06F212F0550F11D0E91C002263708E
:1044F800C4E901126B78063B13F0FF0303D11D4694
:104508002374E56070BD09352374E56070BD9E4273
:104518000AD10322AB1809356270C4E901350023BA
:104528001D462374E56070BD00236370C4E9013340
:10453800F5E700BF38B50C46C17811F03F0160D0EF
:1045480003780546C3F38013637410F0F0F8A07481
:104558002B796370E878830923702B7913F00101B4
:1045680046D14FF0050C4FF00B0E6246616013F018
:10457800020102D005EB0C017246A160590701D572
:104588000132D2B213F0080104D002F1020CA918CA
:104598005FFA8CF2616113F0100104D002F1030C90
:1045A800A9185FFA8CF2A16113F0200104D002F17E
:1045B800120CA9185FFA8CF213F04003E16102D0E3
:1045C800AB180132D2B200F03F002362031D9B1AE0
:1045D80013F0FF0114BFAB180B4663626B78013B05
:1045E8001B1ADBB2237453B10A441544E56038BD85
:1045F8004FF00B0C691D4FF0110E6246B6E7E360F1
:1046080038BD20462822BDE838400DF03DBD00BF2A
:1046180070B5037803F00F06072E2BD0C3F3801371
:104628000C4605464B7410F082F80122A07402FA79
:1046380006F313F055030CD00023E91C6270C4E99B
:1046480001136B78063BDBB223748BB10935E56047
:1046580070BD964208D103212374E3606A180935B6
:104668006170C4E9012570BD63702374C4E9013326
:10467800E36070BDBDE87040FFF75CBFD0F8101173
:10468800F0B5D0F8C86090F8455189B100210C46C2
:104698000B4600EB83030131D3F8CC20CBB22A328E
:1046A800AB421444F5D9A6420CBF02200120F0BD4C
:1046B8008C460F4600EB81010CF1010CD1F8CC407F
:1046C8005FFA8CF104F12A0EA9427744F2D9072146
:1046D800BE42A6FB011422D0D0F8C070C919D0F888
:1046E800C47044EB0704D0F8CC701DB3D0F8D0C028
:1046F800012D674407F1540703D0D0F8D4002A30BD
:104708000744BE4205D08A4273EB040416D3012045
:10471800F0BD8A4273EB040410D20320F0BDD0F838
:10472800B070C919D0F8B47044EB0704D0F8CC7055
:10473800002DDBD12A37BE42E5D1EAE70220F0BDE1
:1047480040F28A31212008B5FBF770FE38B50446DF
:10475800FF2380F8153100F58C7528460BF0DCFA3C
:10476800284604F5A4750BF0EBFA28460BF0D4FAAA
:1047780028460BF0E5FA00212046FFF7E9F894F8FF
:1047880016313BB1D4F8083153B104F1E80004F014
:1047980029FC09E0D4F8100110B1D4F808319BB114
:1047A80004F1E80004F0AEFB002384F8153194F816
:1047B800160110F0FF0018BF0C2084F81631C4F859
:1047C800103184F8143138BD00F5EC7004F09AFB10
:1047D800E6E700BF022910B52AD013D8012934D141
:1047E800044608460AF078FA4AF2A133194A034403
:1047F800D4F81011A2FB0320800900F5257001B13F
:10480800400010BDCB1E012B1FD840F2DA3340F216
:10481800AC740846032918BF1C460AF05DFA4AF230
:10482800A1330C4A0344A2FB032304EB931010BDED
:1048380008460AF051FA4AF2A133064A0344A2FB99
:104848000320800900F5BE7010BD40F217119E20AC
:10485800FBF7ECFDD34D62102DE9F04104460BF057
:10486800A3F905460E46D4F81021D4F8C8E094F808
:104878004571002A46D04FF0000C6046634604EBB1
:1048880083030CF1010CD3F8CC205FFA8CF32A32A5
:10489800BB421044F3D986450CBF0227012738468E
:1048A8000BF074FA3F2829D9411CD4E9363259D083
:1048B800C118914228BFD01AD4F8A830D4F8AC2037
:1048C8005B1B62EB0602012B72F1000151DB002138
:1048D800984291415EDA41F28836864228BF064600
:1048E800C5F190050BF060F90544B54206D8394684
:1048F80030460BF077FA0546002852D100252846A5
:10490800BDE8F0811046134604EB83030132D3F867
:10491800CC10D3B22A31BB420844F5D907238645C7
:10492800D4E92C1CAEFB03382ED0D4F8C0209B1839
:10493800D4F8C42048EB0208D4F8CC20DFB1D4F86E
:10494800D000012F024402F1540203D0D4F8D4005D
:104958002A300244964511D099427CEB080817D3B7
:1049680001279CE7D61A41F288339E4228BF1E468B
:10497800B6E70026B4E72A329645EDD199427CEB9A
:10498800080805D203278AE7CB184CEB0808D3E7B9
:10499800022784E741F28832934228BF13461E4615
:1049A8009EE70BF007F9D4F8E020D4F8D830B01817
:1049B800D4F8DC203344C4F8E0009342C4F8D8307B
:1049C80003D1D4E93A23C4E930230BF0EFF896E792
:1049D8002DE9F04F04468BB0052900F26C81DFE821
:1049E80011F02100090032008F006A010C002046F6
:1049F800FEF7DEFF0BB0BDE8F08F90F8153163B914
:104A0800B0F87A31C3F30C03002B00F04B8190F817
:104A18007831033B012B40F26B810BB0BDE8F04FBE
:104A2800FEF7FCBD90F8153103F0FF05002B00F0F0
:104A3800EF800121FEF78CFF09F058FD0BB0BDE8AF
:104A4800F04F0CF0C9B9B0F87A31C3F30C03002B5E
:104A580040F02E810BF0A8F8D4F8CC7094F84551AA
:104A68008B46804607F12A0155B1012304EB8302E6
:104A78000133D2F8CC20DBB22A32AB421144F5D94B
:104A8800D4F8C8508D4240D16FF00043D4E92A12BF
:104A98009A4208BFB1F1FF3F00F0978194F8443182
:104AA80020460026234493F87C11FFF793FE18F55F
:104AB8008E730546059008934BF1000304A88DF802
:104AC8001060099340F20243ADF818300CF014FA64
:104AD800002800F08B81089AD4F8A83009999B1A0D
:104AE800D4F8AC2062EB01025B1B62F10002002AE1
:104AF80080F26B810123374645465E4601931FE0ED
:104B08000BB0BDE8F04F09F0A1BFD4E93A264FF049
:104B18000009A8EB02035219B3FBF5F305FB03F3F5
:104B280046F100069B18A3EB080246F10006B2F511
:104B38008E7F80F01C81ED18CDF8049046F10006B8
:104B480094F87C112046FFF745FE8146D4E92AA156
:104B5800BAEB050361EB0602012B72F10000C0F20B
:104B68009F8000209F42904100DB1F46D4F8CC3044
:104B78002A462046C4F8D8909F420393029128BF42
:104B88001F460423C4E92E568DF819303346C4F85D
:104B9800DC70FFF773FD019B8DF81800CDF81490B9
:104BA8008BB30123BAEB080A02998DF8103061EB38
:104BB8000B019A4571F10003C0F205818E4800236C
:104BC80050458B4180F29280D4F81031D4F8C81047
:104BD800002B00F0AF804FF0FF32154690457BEB7D
:104BE80005036DD30891B9453FF601AF04A904F553
:104BF8008C700CF00FF900287FF4FCAE40F2737152
:104C08002120FBF713FC8DF81030CDE90856EAE7B0
:104C18000BF018F9D4F8E830B0EB030CC4E92C0118
:104C280000F1E28094F84561D4F8C87004940795BF
:104C3800002E00F0CF802946BCFBF7F207FB0233B9
:104C4800C21A28462B4604EB8303D3F8CC3003F171
:104C58002A0E724503D32A3A0130D21AC0B2013162
:104C6800CBB29E42EFD2B4F87A3184F84401C3F350
:104C78000C038DF820009BBBBC4534BF01250123E4
:104C880004A88DF818508DF82130FEF7B3FCD4F83D
:104C9800D800A0F58170C4F8E0000AF087FFA9E603
:104CA800002763E7FFF7D8FD00287FF4A3AEB4E63A
:104CB800FEF7B6FECEE64FF4E5712120FBF7B6FB12
:104CC800B2EB08026FF001014FF0000365EB0B0532
:104CD80091420146AB4185D3904228BF114681E7F6
:104CE800D4F84021032500230592C9E750466BE715
:104CF80090F87031002B7FF490AE012144F23650C9
:104D080084F870110BF06EF800283FF486AE0AF0B4
:104D180051FFD4F8D830D4F8E02044F23650034498
:104D28001044C4F8D830C4F8E0000BB0BDE8F04F28
:104D38000AF03CBF039E94F845512A3655B1012329
:104D480004EB83020133D2F8CC20DBB22A32AB4227
:104D58001644F5D907228E42A1FB02253CD0D4F88F
:104D6800C030D218D4F8C43045EB030536E794F8C0
:104D78007C112046FFF72EFDD4F8E810D4F8B8309F
:104D8800D4F8C8505A1AD4F8EC30059020468DF85B
:104D98001090B2FBF5F205FB02F252184FF0040135
:104DA80043F1000308928DF819100993FFF766FC88
:104DB80029468DF8180004A80FF063FACDF804907E
:104DC800DDE90856BCE60020FEE6012345465E46BE
:104DD8000193B5E6284646E7D4F8B030D218D4F89F
:104DE800B43045EB0305F9E6FFF7AAFC40F296411B
:104DF8002120FBF71BFB00BF0040420F90F8142155
:104E080012B190F8143103B97047FFF79FBC00BF87
:104E180090F8142112B190F8143103B97047FFF7D4
:104E280095BC00BF90F8143103F0FF020BB910468F
:104E38007047FFF78BBC00BF90F86C00003818BFB4
:104E48000120704730B585B090F81431002B5FD140
:104E580003F0FF020B78CDE90122039213F001025F
:104E680003F0040423D08D680195002C3FD04FF047
:104E7800010CD1F80CE02A3D80F845C14968CDF80D
:104E880008E0C0F8F810C0E9321540F27121A0F826
:104E9800FC1099073AD50DEB8205531C00EB8201F3
:104EA8006A682A3AC1F8CC20BCB905B030BD24B92B
:104EB80040F2BE212120FBF7B9FACD6813F00203B6
:104EC80080F8452149680195C0F8C810C0F8F81065
:104ED80040F27121A0F8FC10DDD10DEB830200EB4C
:104EE800830352682A3AC3F8CC2005B030BD2A3D66
:104EF80080F8454149689B07C0E93215C0F8F810A9
:104F080040F27121A0F8FC10C5D4CEE71346CBE7D8
:104F180040F2A5212120FBF789FA00BFD0F8102123
:104F280042B190F8143103F0FF020BB910467047F4
:104F3800FFF70CBC0C221046704700BF70B590F804
:104F4800153113B10026304670BD04460D460AF0EF
:104F58002BFE94F87831062D46D8DFE805F02904B1
:104F68000407310404000126304670BD033B012BC1
:104F78008CBF4FF457724FF46172D4F8B010D4F864
:104F8800D830401AA3F58E738518AB428CBF012622
:104F98000026D8D82046FFF75FFC0028D3D0D4F8E5
:104FA800D860A6F58E76B5422CBF00260126CAE742
:104FB800022B12D007D8012B11D14FF40472DCE771
:104FC8004FF40272D9E7DA1E012A08D8032B40F2FF
:104FD800563208BF4FF4E562CFE7F822CDE740F23A
:104FE80017119E20FBF722FA4FF44B712120FBF793
:104FF8001DFA00BFF8B50D4606460021D5F8E001B8
:1050080005F5EC7703F0D4FFB042044613D001460F
:10501800384603F095FF002333623CB194E80E0054
:105028005B1842F10002C5E97632F8BD00231A4642
:10503800C5E97632F8BD8368D5F8E021934208D2F5
:10504800816931B10146384603F07AFF00232362B3
:10505800E4E79342376238BF1346F269B360002A27
:10506800E4D00ECA5B1842F10002C5E97632F8BDF9
:105078002DE9F04F8BB090F81421002A40F00A81F6
:1050880004460D4602F0FF03FF2280F8142180F841
:10509800153190F84561194680F84431184604EBFB
:1050A80083030131D3F8CC20CBB22A329E4210447C
:1050B800F5D2D4F8C830984200F0BE80D4F8CC308D
:1050C800002E00F0B280D4F8D020012E134403F152
:1050D800540303D0D4F8D4202A321344C4F8F0304F
:1050E8000AF062FDD4F8CC7094F8456107F12A08FB
:1050F80056B1012304EB83020133D2F8CC20DBB292
:105108002A32B3429044F5D910F5FA66D4F8C8B0FB
:1051180041F1000903F042FF824604F1E8005146DC
:10512800039003F00DFFD4F8101111B10398FFF7A5
:1051380061FFC3450CBFD4F8F080D4F8C880BAF139
:10514800000F7CD0DAF808004246DAF80030DAF8C6
:105158000410C018CDE9006941F1000110F095FB79
:1051680080456ED3861949F10009D4F8C82002F2A7
:10517800CF730344B3FBF2F302FB03F3F31AC4F84F
:10518800E83069F10003C4F8EC30002D4FD0ADB21F
:1051980042F2107132464B46E5FB0123C4E92A234B
:1051A80094F87C112046FFF715FBD4F8A830054683
:1051B800D4F8AC00991B60EB0900012970F1000CD0
:1051C800D4E93A2342DB8F424FF0000CC4F8D850A0
:1051D8007CEB000C2046A8BF0F46C4E93023D4F866
:1051E800CC3032469F4228BF1F460423C4E92C69AD
:1051F8008DF819304B46C4F8DC70C4E92E69FFF706
:105208003DFA0023BD4208968DF818000595CDF8A3
:1052180024908DF8103033D804A904F58C700BF065
:10522800F9FD90B30BB0BDE8F08F2A3356E74FF085
:10523800FF326FF00043B1E741F288334EE7504642
:1052480093E740F24D312120FBF7F0F8C4E9302311
:1052580000270423324620468DF819304B46C4F8FF
:10526800D850C4F8DC70C4E92C69C4E92E69FFF78A
:1052780005FA05958DF810708DF81800CDE90869C4
:105288004FF41F712120FBF7D1F840F27D21212036
:10529800FBF7CCF840F267212120FBF7C7F800BFE5
:1052A80038B590F81431DBB90D4619B304460246F7
:1052B800134900F58C700BF0A3FD1149224604F543
:1052C800A4700BF09DFDC4F810516B7B03F0FF0137
:1052D8005BB984F816112046BDE83840FFF7C8BE10
:1052E8004FF423712120FBF7A1F840F293212120EC
:1052F800FBF79CF840F28D212120FBF797F800BFBF
:10530800D949000138B504460D460246084900F55A
:105318008C700BF075FD04F5A470224604490BF05F
:105328006FFD29462046BDE83840FFF7A1BE00BF03
:10533800D94900012DE9F04F87B090F81531002BBD
:1053480040F0BD80044603F0FF060AF02DFC94F8F7
:10535800451133460133DAB29142FBD2D4F8E82042
:1053680000F58E7BD4F8C830851AD4F8EC70B5FBFC
:10537800F3F503FB05F5AD18ABEB050B47F100079B
:105388005B4594BFABEB030ADA46002900F0D980ED
:10539800D4F8CC3003F12A02524504D8AAEB03030F
:1053A8000126A3F12A0A012919D0D4F8D03003F133
:1053B8002A02524505D8AAEB03030136A3F12A0AAB
:1053C800F6B202290BD0D4F8D43003F12A02924560
:1053D80005D3AAEB03030136A3F12A0AF6B2A319EF
:1053E8002046B14693F87C11FFF7F4F9504404EBDA
:1053F8008603D3F8CC80804568D3A8EB0A08B8F1B7
:10540800000FC0F2AE801BEB0505D4F8E830D4F8E5
:10541800B0204FF0000647F10007D4F8EC10D21A7C
:1054280000F19380D4F8C800B2FBF0F200FB02F25E
:10543800D21841F10001C4E93A21AA1A002AC0F29F
:10544800848004EB0903204693F87C11FFF7C2F926
:10545800D4F8A830D4F8AC2082465B1B62EB070274
:10546800012B72F1000140DB4FEAE871984504EB2B
:10547800890991412A46D9F8CC60A8BF98460423E7
:1054880046458DF809303B4628BF4646C4E92E57A5
:10549800C4E936062046FFF7F1F80023B245049523
:1054A8008DF80800CDF804A005978DF8003032D8A3
:1054B800694604F58C700BF0ADFC002856D009F055
:1054C80015F807B0BDE8F04F0BF086BC94F84521FD
:1054D800D4F8C830B24228D89B4534D3BBEB430F2D
:1054E8004FEA430238D2934689E70423C4F8D80028
:1054F8002A4620468DF809303B46C4F8DC60C4E9EA
:105508002E57FFF7BBF8CDF804A08DF808008DF8EA
:105518000060CDE904572046FEF74AFA08F0E6FF96
:1055280007B0BDE8F04F0BF057BC01369B45F6B20B
:105538000DD204EB8603B146D3F8CC8008F12A0BD0
:105548005DE70E464BE79B4659E7FFF7F9F84FF43E
:1055580085612120FAF76AFF40F245412120FAF7D8
:1055680065FF40F24E412120FAF760FF40F25A7180
:105578002120FAF75BFF00BF01292DE9F04F05460E
:1055880083B02FD9022940F0CD80D0F81031002BFC
:1055980000F0D280002422465C7390F8781161F301
:1055A800070261F30F22A3F82021FF2683F8226166
:1055B8000339D0F81001012900F1E8008CBF00215F
:1055C80001210FF0FEFBD5F8100111F041F8C5F8E4
:1055D800104185F8166108F089FF03B0BDE8F04F67
:1055E8000BF0FABB01F0010A0026D0E92C9808F06C
:1055F80095FC95F878718346504639460EF0BBFE07
:105608000446384609F068FB0146BAF1000F03D09A
:10561800BB1EDBB2022B6DD94FF4FC7214EB0B03EB
:1056280046F1000613EB0904484B48EB060633F82D
:10563800173003F2E7330B444549A1FB03139B09D9
:10564800E31A66F100069C1846F1000610F046F9C8
:105658009130D5F81071241AD7F8C88066F1000681
:1056680003F096FC05F1E803834237D04246D7E9B8
:105678007601CDE9004610F008F9804561D3354B35
:10568800D5F810211B6892F82A11834215D9D2F84F
:10569800C830C2F8D830034400293FD141F66A0126
:1056A8000D468842A2F8DC5041D21B1946F100068B
:1056B800C2E9763603B0BDE8F08F01BB264BA3FBE9
:1056C800001340F2E2419B0A01FB03F3C2F8D83011
:1056D80041F66A03A2F8DC300346E6E797F82901A9
:1056E8000028CCD04246CDE90046D5E93A0110F071
:1056F800CCF8C4E7194A02EB8303DA688EE7184B43
:10570800A3FB001364215B0901FB03F3C2F8D83043
:105718004FF4FA73A2F8DC300346C6E74FF4FA7187
:105728000D46BEE74FF404612120FAF77FFE4FF4DF
:10573800FA612120FAF77AFE40F2DB712120FAF7AC
:1057480075FE40F261312120FAF770FE0C23020148
:10575800D34D6210E80400215917B7D1BC200201CB
:105768001F85EB5108B558B101280CD10B4B40F6F9
:10577800C4121A601A6841F669039A4208D808BD2B
:10578800064B1860F6E740F653012120FAF74EFE63
:1057980040F65C012120FAF749FE00BFE804002129
:1057A80010B504460DF036FB08B9002010BDE043E3
:1057B8000DF030FB0028F8D0E31683EAA4635A1EE4
:1057C8001A42F2D0E3B25A1E13405A1E1342ECD0CA
:1057D800A0B20FF033FC0B28E7D820460FF02AFCC4
:1057E8001828E2D8A3B2B3EB144F04D184EA1423E7
:1057F80013F0FF1FD9D0044B6340581E18400038DF
:1058080018BF0120D2E700BFD6BE898EF0B5070CBD
:10581800164BA7F5AA4203EA9023543A012A20D945
:1058280027F4004042F6AA22801A18BF012000225D
:1058380016211F24164687EA060562EA0505013582
:1058480011D0DD0301394FEA5303ADB245EA5606DC
:105858004FEAC4354FEA5404ADB245EA5202EAD1E0
:10586800F0BD0020E3E70020FAE700BFE0FF3F00BB
:10587800F7B5002506462C463278ABB29A4207D8CF
:105888000F4B0020B3F864201444A3F864400EE0E2
:1058980006EB850701A9B7F801000EF0B1FD60B964
:1058A8000199B7F80330CA8C934202D9122003B089
:1058B800F0BDD21A23449CB2CA840135DCE700BF8C
:1058C8007C050021F7B5002304460E461746CDE9AE
:1058D80000336846FBF7DEF908B100201AE0009DA6
:1058E800A542F6D0304605F1AD030DF07AFB3946F6
:1058F80095F8AC200EF055FC0028EAD005F1B40369
:1059080095F8B32004F1B40194F8B3000EF049FC03
:105918000028DED003B0F0BD054A516A02F11D032C
:10592800127F11F8030BC0F380100EF03ABC00BFD1
:10593800B80A0021012817D80D48824216D8012B31
:105948000DD140F252739A4210D9A1F6C410094BF6
:1059580098420BD88A428CBF122000207047042B33
:10596800F3D140F6C313EEE712207047302070479A
:105978008FFD7002CBF370020138C0B2032808B55E
:1059880004D94FF43F710620FAF750FD014B185C1B
:1059980008BD00BFD82002010138C0B2032808B5ED
:1059A80004D94FF43F710620FAF740FD014B185C0B
:1059B80008BD00BF302102010138C0B2032808B574
:1059C80004D94FF43F710620FAF730FD014B185CFB
:1059D80008BD00BF0C22020107B50D4AB2F86430B9
:1059E8009BB1013B01A9A2F864300EF009FD20B17A
:1059F80040F223513920FAF719FD019A0120D38C7E
:105A08000133D38403B05DF804FB1846FAE700BFFE
:105A18007C05002110B504460A48FDF7CFFF0A4966
:105A28002046FFF70FFA2046FDF76EFE38B12046F4
:105A3800FDF7AAFE2046FDF7B7FF002010BD122093
:105A4800FCE700BFB0050021B8050021F8B50D46F8
:105A5800074640F67A4CBDF81860A81FBDF81C1020
:105A680080B2604515D8941FA4B264458CBF00204D
:105A7800012087B9194C247C84B188B96FF4506728
:105A8800EC19062C04D86FF450641419062C07D9A5
:105A9800F8BD0020EDE797F88140EDE70028F7D042
:105AA800954218D803FB0111B1F5FA7F13DCA6F172
:105AB8000A0340F676409BB283420CD810460DF09C
:105AC800B0FA42F2107341435E43B6EB410F8CBF0C
:105AD80001200020DCE70020DAE700BF7C05002178
:105AE8002DE9F04F994685B07D4B04460DF1080825
:105AF8007C4D18680F461B791646029088F80430CA
:105B080095F8663013B1404602F0CAF83946204687
:105B18000EF0A7FCAB69C4F8E83096F84A2006EB0B
:105B28004202B2F82AA050460DF07BFA01466FF403
:105B3800506000238244BAF1060F77D9908C4FF059
:105B4800961284F82A31A4F8E430C4F8E02040F230
:105B5800E2420DF066FA03F067FA40F2E2430146CA
:105B680004F1A80AA4F8EC31C4F8C810C4F8E81184
:105B7800504610F043FD834601F04CFA8306A97B9A
:105B880053BF1B236B88AA881A46A4F81231564BB8
:105B9800A4F814211B6884F8F010A4F8F2B01BB123
:105BA80094F92811384698472B7C003B18BF0123ED
:105BB80084F829314D4B1B681BB14D49B4F8AA0034
:105BC80098470123A4F8DE304A4B1B681BB14A49A9
:105BD800B4F8AA009847494B1B681BB14849B4F868
:105BE800AA009847474B1B6813B1B4F8AA00984716
:105BF800454B1B6813B1B4F8AA009847AB8804F169
:105C0800C0006A8869780333033201919BB229780E
:105C180092B2009104F1C401FBF774F8D4F8C030D3
:105C280083B940F6ED713920FAF700FC4FF04D12B8
:105C3800A4F8E4300123C4F8E02084F82A314FF4B2
:105C48007A738DE7D4F8C43013B940F6EE71EAE7F9
:105C58000DF0A7F9C4F8CC00B9F1000F05D002F097
:105C680087FA20F07F40C4F8D40096F84A302046DE
:105C7800E96906EB4306338EA4F8D030F38EA4F816
:105C8800D23010F0B8FC414604F117000EF095FC34
:105C980095F8663013B9FF2384F83532AB6E23B11B
:105CA800012204F5977150469847184950460EF05E
:105CB80034F802F05DFA0C23B0FBF3F202FB130098
:105CC800C0B2431DDBB2082B9CBF0D30C3B22046C7
:105CD80084F823300EF0F2FB05B0BDE8F08F00BF6A
:105CE800CE4402017C05002118100021101000216B
:105CF800A005002128100021D60500211C10002134
:105D0800C80500212010002124100021860500214B
:105D180010B503210020FAF783FF044670B9032168
:105D2800FAF742FF044620B940F21E313920FAF74B
:105D38007DFB034B93F96C1010F080F8204610BDE2
:105D48007C050021014B5888704700BF7C05002165
:105D580010B50EF025FA204C01F002FD01F072F9A1
:105D68000EF09DFF03F03EF801F0BAFF07F0E0FCEB
:105D7800012001F00BF90021184B194A19604FF066
:105D88001B13A4F86410A18184F83210E173C4E9EC
:105D980000234FF4A4731022A3604FF479432361C6
:105DA800104B58681B89606304F13C0023870CF092
:105DB8006BF9012342F2107204F15A0084F83C3066
:105DC8006375C4E9102210F095FD04F14C00BDE89C
:105DD800104010F0B5BD00BF7C050021081000215F
:105DE80003021B00D8200201044B41F64C521B2130
:105DF8001A629973C3E90622FFF7AABF7C0500213E
:105E0800F7B53A4D00F1A8070446AB69C0F8E83089
:105E18002B7C003B18BF012380F82931344BC0F894
:105E2800C83038460FF002FE064601F0F3F8830644
:105E3800A97B53BF1B236B88AA881A46A4F8123182
:105E48002C4BA4F814211B6884F8F010A4F8F26015
:105E580023B194F92811B4F8AA009847264B1B6877
:105E68001BB12649B4F8AA009847254938460DF0D1
:105E780054FF0123A4F8DE30224B1B681BB100211C
:105E8800B4F8AA009847204B1B681BB10021B4F84E
:105E9800AA0098471D4B1B6813B1B4F8AA0098478D
:105EA8001B4B1B6813B1B4F8AA009847AB8804F1E0
:105EB800C0006A8869780333033201919BB229785C
:105EC80092B2009104F1C401FAF71CFFD4F8C03073
:105ED80023B940F2DB413920FAF7A8FAD4F8C430E4
:105EE80013B940F2DC41F6E703B0F0BD7C050021B0
:105EF80000093D001810002110100021A005002104
:105F080086050021281000211C10002120100021E6
:105F1800241000212DE9F34104460E460FF0CFFF6F
:105F2800002800F09680204610F006F940B1B6F837
:105F38000130013B7F2B03D9122002B0BDE8F0816C
:105F4800204610F0FDF808B90C20F6E720460FF0BF
:105F580041FE0028F8D120460FF05AFF804600285D
:105F6800F2D1204604F06EFD0028E5D042F210730D
:105F7800B6F80170F17820465F4310F0C8F80421A4
:105F88003078FAF74DFE054606213078FAF748FED4
:105F98002DB140B141F678213920FAF747FA18B304
:105FA800054690F8E5802C4E3368EBB1403528461D
:105FB8000FF062FCC0B128460FF04FFCA0B9B8F151
:105FC800000F07D0254B28461B68984760B141F65B
:105FD8008C21E1E72249424633682846096A9847F6
:105FE80010B141F69121D7E7204610F09DF80146FF
:105FF80038B93A46204603F033FD40B341F69A21BA
:10600800CAE702210DF10600FAF796FD054608B920
:106018000D2092E7BDF806100EF05FFA29462046DB
:1060280010F0BEF82846FFF7EBFE3A462946204610
:1060380003F016FD024610B141F6B621ACE7084B55
:106048009B6E23B105F5977105F1A80098470020CC
:1060580073E7422071E700BF0C10002114100021E3
:106068007C05002108B50378032B0ED803F0FD0347
:10607800012B074B06D1074A07481A6001F0F8FFC1
:10608800002008BD00201860F8E71120F9E700BFDC
:106098000810002179580001E1590001074B0188D7
:1060A8009A88914207D3B0F8032091B219B1002021
:1060B800A3F8642070471120704700BF7C050021B9
:1060C800024B1B6803B118470C20704708100021C9
:1060D800014B93F96C0070477C050021034B5A88EB
:1060E80002801B7883700020704700BF7C05002168
:1060F80073B5837806461A2B08D8042B04D9334A7B
:1061080022FA03F3DB0705D412251AE0292B01D064
:106118003B2BF9D13088B0F5706FF5D269460EF097
:106128006FF988B9009B93F82C2102F0FF05C2B9DA
:10613800B27883F82D21FF2283F82C2168460DF0D0
:106148006FF8284602B070BD09213088FAF768FD5B
:106158000446002837D001A9B0F8AC010EF050F978
:1061680008B10C25EDE70821B4F8AE01FAF758FD9F
:1061780020B940F639013920FAF758F903781BB9E4
:1061880094F8C831032BECD1019B93F84221002AE3
:10619800E7D194F8F02102F0FF05002AE1D1B4F824
:1061A800B021A3F8442194F8B82183F84621027D50
:1061B80083F84721B27883F8482184F8F021FF2238
:1061C80083F84221BDE70225BBE700BF2000380461
:1061D80038B50278447802F0010302F0020254EA6A
:1061E800030101D1112038BDBAB98578002DF9D045
:1061F800002B18BF002400E01D4620460CF0ACFF21
:106208000028EFD028460CF0A7FF0028EAD0054B5D
:1062180000209C72DD729881E5E7002BECD0002409
:106228002546EAE77C05002113B5008801A90EF090
:1062380009F9044620B9019890F83E311BB13A2477
:10624800204602B010BD90F8603003F0FF04002B28
:10625800F5D190F857309B0706D1FF2380F83E31DF
:1062680001A80CF0DDFFEBE7024958300EF03FFDC6
:10627800E6E700BFC55701012DE9F047037804465A
:10628800032B03D912252846BDE8F0874378032B52
:10629800F8D8437E8578002B4FD1012DF2D100F03C
:1062A800C3FE854340F0928094F8028018F00105FF
:1062B80006D001232269A168E078FFF73BFB054679
:1062C80018F0020F07D002232269A168E078FFF7CF
:1062D80031FB2843C5B218F0040F7BD094F803A013
:1062E8000423D4F80890226950464946FFF722FB58
:1062F800284310F0FF05C6D1B8F1050F0ED194F868
:1063080004800423E16862694046FFF713FB0546F1
:106318000028B8D1C24559D1894557D1237E013BC0
:10632800062BAFD801210020FAF77AFC054650B9B0
:1063380040F63B413920FAF779F86B1E062BA1D8B5
:10634800AA079FD4ABE7A830FEF776FD18B195F8F9
:1063580054309B073CD1657EE278003DA078A16867
:1063680018BF0125012AB4F800E000F0040314BFA7
:10637800B2FA82F2022294F818C018BF520910F03B
:10638800010F1FD026695BB16769F319994207D2DB
:106398004B089E4228BF1E468B1B9F4228BF1F46A4
:1063A8000E4B83F83950002583F8340083F83520E4
:1063B800A3F836E083F838C083F83C009F64C3E94B
:1063C800101660E7002BEBD02769E9E711255AE79B
:1063D8000C2558E7002DA1D055E700BF7C0500210A
:1063E80000B589B0437940F271218DF80430837982
:1063F8008DF8053001238DF8063003788DF80730C5
:10640800B0F801304B430393B0F803204A430D49D9
:1064180091F838100592A2F6C4128DF81C100021CC
:106428008DF81D1008498A4209D8A3F6C4138B4277
:1064380005D801A8FFF720FF09B05DF804FB30205C
:10644800FAE700BF7C0500213C369C002DE9FF419E
:1064580006460078012813D17378012B03D9022B43
:106468000CD1B38853B17288B2B1B388A3B10A21F1
:106478004A434FF4A0614B439A420DDB12247AE061
:106488000028FBD10121FAF7CBFB0546002840F094
:106498008E8040F6935107E001210020FAF7C0FBF7
:1064A800054620B940F638513920F9F7BFFFB388BF
:1064B800002B76D1FCF7D4FF002874D195F814315D
:1064C800002B72D12846FFF7A5FA04460028D5D13B
:1064D8000121DFF830810846FAF7A2FB98F814107A
:1064E800074619B110B940F65451DDE798F8342041
:1064F8000023CDE9023312F001031CBFD8F8440091
:106508000290520741BF04AA02EB8303D8F848203F
:1065180043F8082C002941D097F81431002B3DD0BE
:106528007388DBBB98F834303846009302ABD8F850
:10653800402098F83610FDF797F978B33846FEF7FB
:10654800EDFC07F14003064605F14002683753F8B1
:10655800041BBB4242F8041BF9D12846FFF75AFA3C
:10656800024610B140F67B519EE70C2E07D101463A
:106578002846FEF7C7FE204604B0BDE8F08116B1F4
:1065880040F6845190E798F835302846296D43F055
:10659800040385F85430FEF783FEECE7B28871886F
:1065A800E6E71124E7E73A24E5E70C24E3E7FEF7FA
:1065B80039FC04460028DED195F8543095F8A62019
:1065C80022B195F8A720134385F8A600053B012BB7
:1065D800D1D82B6D13B940F6A35165E701210846C0
:1065E800FAF71EFB4FF4C072294606460BF0F8FD79
:1065F800002386F894300423316D304686F85430F1
:10660800C9E700BF7C0500212DE9F04F457A8BB022
:106618000446A90718D545F001054572072D15D878
:1066280000F002FD35EA000040F0508194F848304F
:106638008BB9012D0AD1A369A54AA3F253739342DA
:1066480000F24281012609E06A07E7D112242046B8
:106658000BB0BDE8F08F15F00106ECD1AB0745BFD4
:10666800731CB1464FF0FF09DEB26F070AD5B31DA0
:10667800984A54F82330A3F6C413934200F22481B5
:106688000136F6B204F1080704F122054FF00008BC
:106698005FFA88F39E422BD823789A1E022A40F28A
:1066A8001581012BD2D813B9A378012BCED86378E2
:1066B800032BCBD894F84930013B062BC6D8864F1C
:1066C80001210020FAF7ACFA3B7D0546002B44D1A6
:1066D80001210846FAF7A4FA002818BF054605F173
:1066E800A800FEF7A9FB0646002850D00C24AEE708
:1066F80099452DD0D7F804A03B695345A6D86A8B95
:106708002B8C9A42A2D80120B5F814B06988EB897D
:106718002A89CDE900B00020CDE90213FFF796F9E8
:10672800002800F0D180B8F1000F11D02888029914
:1067380088428BD1E988914288D1AA89039B9A42E1
:1067480084D16B8A5B4581D13B689A4540F0BE8015
:1067580008F10108043702359AE7A830FEF76CFB08
:106768000028B5D06FF00043D5E92A129A4208BF35
:10677800B1F1FF3FACD1637A2846009304F11803C6
:10678800E2686178FDF770F806460028A0D0284630
:10679800FCF76CFE08B13A2459E72846FCF760FE7E
:1067A8000028F8D1FB7C4BB906AF06937B60062323
:1067B8008DF81E303846FAF76DFA68B300210DF1EE
:1067C8001600FAF7B9F9074600287BD001232246BC
:1067D800BDF81610FFF784F938460FF024FF1EB9EC
:1067E80061782846FCF7CCFF04F10308A2782178E9
:1067F80028464346FCF762FF00286FD11224002187
:10680800B7F8AA00FAF722FA00283FF420AF41F2BD
:1068180081213920F9F70AFE069B93F8CD20802ABA
:10682800C8D093F8E530002BC4D05FE7637A8DF8C1
:10683800186013F00102E16818BFA06907911EBF34
:10684800089001208DF818009E0744BF0132D2B28B
:1068580058071BD59DF81800063203F0050354F8B5
:10686800222040F00400052B09928DF818000DD164
:1068780008981318994209D24B08834228BF034647
:10688800C91A0893914294BF0991099206A928460A
:10689800FEF7D8FA94F848102846003918BF0121A5
:1068A800FCF708FF94F849102846FCF7D9FE28465B
:1068B800FDF77AF839462846FEF7F2FC0024C6E6CA
:1068C8000B249CE70D24C2E63024C0E61124BEE662
:1068D8003CF67002CBF370027C05002116B92846FD
:1068E800FCF752FF21784346A2782846FCF782FF3E
:1068F80094F8099000F098FB09EA0001284601F095
:106908000501FCF7B1FE16B9042385F854302F654C
:106918004246A0780CF065FB01462846FCF786FF46
:10692800237833B94246A1783846FEF7CBFF0028D2
:10693800C6D1002E3FF47AAF04212846FCF7EEFEBC
:106948000028BBD10C245AE710B5437994B0032B27
:1069580057D823F00203027940F271218DF80630EE
:10696800D0F806308DF80420CDF807304389027B33
:10697800ADF80B3001238DF805208DF80D30038814
:106988004B43049342884A430792A2F6C412847B7D
:10699800417B41EA0421ADF82810047CC17B41EA1F
:1069A8000421ADF82E10847C417C41EA0421ADF825
:1069B8003410047DC17C41EA0421ADF83A10417DD0
:1069C800847D41EA0421ADF84010C17D007E41EA92
:1069D80000210E48ADF8461000218DF84C108DF8B6
:1069E8004E100B4990F838008A428DF84D000AD8AD
:1069F800A3F6C4138B4206D801A8FFF705FE14B00E
:106A080010BD1220FBE73020F9E700BF7C0500210C
:106A18003C369C0073B506230025CDE900558DF85A
:106A280006306846FAF736F908B1002610E0009DEE
:106A380095F8CD30802BF4D095F8E560002EF0D095
:106A480095F83131002BECD195F8CC30002BE8D1FA
:106A580001210020FAF7E4F8044620B941F2B421F4
:106A68003920F9F7E3FCA830FEF7E6F9224B1B7D45
:106A780073B3E0B194F85430053B012B17D8204686
:106A8800FEF74CFA054610B141F2BF21E8E720466F
:106A9800FCF7F2FC94F854302A46294623F0040304
:106AA800204684F85430FEF72DFC00250DE0012126
:106AB8000846FAF7B5F8044610B941F2CB21CFE7FA
:106AC800A830FEF7B9F960B90C25284602B070BDA8
:106AD80028B9002EF8D0FF2385F8CC30E5E7002E42
:106AE800F9D12046FEF71AFA05460028EDD12046CE
:106AF800FCF7C2FCE9E700BF7C050021F7B5067882
:106B080004460F46EF2E03D91226304603B0F0BDD7
:106B180090F901204378002AF6DB82789207F3D1B6
:106B280013F010001DD19D0603F0030216D5002AAC
:106B3800EAD11907E8D42179E278E57942EA012215
:106B4800617942EA0142A17941EA0521257A41EABF
:106B580005418A42D8D81F2A12D8D5E7032AE8D196
:106B6800D2E713F0600FCFD103F00702052A05D052
:106B780003F00F010D22CA40D207C5D51D07DAD58B
:106B8800627A013A062ABFD8A27A032ABCD813F03F
:106B9800040302D1023A012A03D8E27A012AB3D8BF
:106BA80013B9A37C032BAFD8237DF8B1012BABD14C
:106BB800237E012BA8D818B36378D90702D500F033
:106BC80089F920B36378227D03F01803082B2ED1AE
:106BD800022A1CD103213046FAF722F8054660B391
:106BE8000EF0F8FF002834D00C268EE7022B8BD04D
:106BF800A37D013B022B87D8E37D0F2BD8D983E7F0
:106C080000F012FA820707D4237D022B01D1112646
:106C18007BE7A37D022BFAD000F006FA4307CBD41A
:106C2800237D032BF3D0A37D032BC5D1EFE7022AE5
:106C3800D0D0237F002BCDD0E9E703213046F9F7E8
:106C4800B3FF0546002843D0224B93F96C100FF090
:106C5800F5F8002130460FF027FE28BB28460FF034
:106C680060FA21463870E07428460FF05BF9E37E3D
:106C78000646002B3FF449AF00287FF446AF024692
:106C8800E96C6846FAF71EF93246E86C01210BF008
:106C9800F0FFE96C68460422FAF714F932463146E7
:106CA800E86C0BF0E6FF30E740300EF0E5FD002819
:106CB800D4D0637813F0330F7FF426AFA67D28462F
:106CC800296A0FF04CFAFEF757FE8642C6D08BE7CA
:106CD80007261AE77C05002130B502798BB00346F8
:106CE800042A4FD84088B0F5804F4BD82649002455
:106CF8001144ADF800408DF808408A7C4D7B42F085
:106D080010028DF8244042EA4502CD7D097F42EA0F
:106D1800850242EAC102694602F01F028DF800208E
:106D2800BDF80020ADF809201A888DF80E00000A79
:106D38008DF80B20120A8DF80D408DF80C208DF877
:106D48000F008DF810405A7BD3F807008DF81120FA
:106D58005A79059002A88DF812209A798DF8132097
:106D6800B3F80B209B7BADF818208DF81A307F23E1
:106D78008DF81B304FF00113CDE90734FFF7BEFE45
:106D88000BB030BD1220FBE7D82002010278034681
:106D980072B1427862B142881A2A09D982881A2ABD
:106DA80006D90068034A106000209B8893807047CA
:106DB800122070477C05002102680020014B9A616F
:106DC800704700BF7C05002102680020014BDA6192
:106DD800704700BF7C0500210378A3F10A02112A3D
:106DE8009BBF024A00201220937370477C05002144
:106DF8000378FF2B15D14378FF2B12D18378FF2B13
:106E08000FD1C378FF2B0CD1037923F0E0021F2A9E
:106E180007D11F2B05D05B09034A002082F83830C0
:106E280070471220704700BF7C050021014B587441
:106E3800002070477C050021014B987400207047A2
:106E48007C050021024B1B6803B1184711207047CD
:106E58002C10002108B50122054B1A7103F0DCFD46
:106E680004F004FB0CF01AFFBDE8084001F028B854
:106E7800EC05002110B5064C064904F108000CF099
:106E8800A0FE04F10C000449BDE810400CF099BEC6
:106E9800EC050021600000216800002110B5094CB4
:106EA800094904F108000CF08CFE04F10C000749B4
:106EB8000CF087FE04F110000549BDE810400CF005
:106EC80080BE00BFEC050021700000217800002181
:106ED80080000021014B1879704700BFEC050021A4
:106EE80010B50A4C072000F05DF8094904F10800C4
:106EF8000CF067FE04F10C0006490CF062FE04F188
:106F080010000549BDE810400CF05BBEEC050021FF
:106F180088000021900000219800002138B5074C16
:106F28000D4600F0A1FFA06825600CF042FEFEF7B8
:106F38005BFF01F035F90123237538BDEC0500210D
:106F4800014B187D704700BFEC05002110B50A4CB5
:106F5800E0680CF02EFE20690CF02BFEFEF7F8FE20
:106F6800202000F033F8262000F030F8292000F027
:106F78002DF80023237510BDEC050021004870474B
:106F8800010600210048704703070021014B83F8E0
:106F980019027047EC050021014B93F8190270475C
:106FA800EC050021C208074900F0070001238340CF
:106FB800885C03438B5404490B78934238BF1346CB
:106FC8000B70704718000021060800210F4B0121A3
:106FD80010B503EBD002C40800F0070001FA00F076
:106FE800195D21EA0001195509490B78A34205D119
:106FF800002012F8014914B100B10B7010BD002B2C
:10700800FAD0013B0120DBB2F3E700BF18000021F2
:1070180006080021014BD3E9000170471800002140
:107028000048704720000021054B1868C0F3C022B3
:10703800C0F30020400040EA820040F001007047A1
:107048001800002108B508F02FFD0023074A32F880
:107058002310814205D302EB83029378044A13700C
:1070680008BD01330C2BF2D10023F7E70021020100
:1070780007080021024B1878072828BF0720704707
:10708800070800212DE9F04F046898460F4685B09F
:1070980094F86730164604F1A80994F80FA043EA5B
:1070A800D303D90702D4BAF1260F5FD194F8A850B8
:1070B800002F55D1FFF7B8FF8DF80B00002E51D1E6
:1070C800FFF7B2FF2B4B8DF80C00D3F800B0BBF1E3
:1070D800000F0CD0AAF126022846494653425341D4
:1070E8000DF10B02009303ABD847054630B99DF864
:1070F8000B3013B19DF80C0028B90925BAF1260FF9
:107108002AD10020034694F8292132B19B0700F0C8
:1071180002002DD560B302200346FF2284F83921EE
:1071280094F8382102F0FF05F2B99DF8382003A938
:1071380084F83B01484684F8382184F83A31A4F8A9
:107148003C818DF80C708DF80D60ADF80E800CF058
:10715800E4FD002384F83931284605B0BDE8F08FF6
:107168003846A9E73046ADE73A25F2E71A25F3E7AE
:107178000925F1E73010002110B50468B4F8AA30E9
:1071880084F87E11A4F87F3194F82001FEF704FCFE
:1071980084F8810194F82101FEF7FEFB044984F884
:1071A800820104F27510BDE810400DF0A0BD00BFCB
:1071B800E93C010130B5C1F30722CCB2164985B0CC
:1071C800C5B2C0F307230978019049B91146204692
:1071D8000CF091FD20B9194628460CF08CFDB0B191
:1071E8002B40234002EA030001460BF00DFF044642
:1071F80008460BF009FF032C04D1BDF80630012B1B
:1072080008BF0424E4B244EA002005B030BD05EA12
:10721800020003EA0401E8E7080800212DE9FF4716
:1072280004688946054694F80EA0AAF12503594238
:107238005941052A35D1E37B272B37D104F10F07B4
:1072480099F8018099F8026008F0070806F0070627
:1072580008F1FF33721E03EA0803324013431FD1BB
:1072680030460CF0F2FD60B394F82031984228D0F3
:1072780094F83A21164213D0BAF1250F21D094F888
:10728800192116421DD10138013B474AC0B2DBB271
:107298001044032B00790FD81A441379834210D96C
:1072A800284604B0BDE8F0470CF097BDBAF1250FA9
:1072B80077D104F10E07C3E74FF4DD710620F9F723
:1072C800B5F840460CF0C1FD40B194F82131834235
:1072D80004D094F83B3118EA030FE1D0B9F80390D1
:1072E80003AB20463246009341464B460CF0BAFDAC
:1072F8002C6878BB94F83831012B28D1E38804F541
:10730800347294F82011B4F83C010CF00CFE0646D7
:10731800D0B901462846FFF72FFF2B6883F838615C
:107328003E702B6803F10F02974201D10022DA73F5
:107338002B6803F10F0297422FD128460DF0E3FE88
:10734800002004B0BDE8F0872C23A373E9E784F894
:107358003801E6E7E388A4F8D09209F1FF39A9EBF0
:10736800030947F6FD731FFA89F9994506D92823B9
:10737800284684F8313001F04BFAD9E7E37B0D2B2E
:1073880002D00A3B012B01D82A23F1E7BDF80C30C3
:10739800A4F8D23229233B70CAE7002283F84E2092
:1073A800CEE70220CDE700BF30210201024B0022C8
:1073B80083F832209A8670470A080021044B93F814
:1073C8003220012A1ABF036001200020704700BF45
:1073D8000A080021054B024693F8321001291BBF09
:1073E80001209A86002083F8320070470A0800219D
:1073F800054B024693F8320020B1136009B19B8E09
:107408000B800120704700BF0A080021044B0022AE
:1074180093F832009A8610B1012083F83220704721
:107428000A080021034B93F83200B0FA80F04009B3
:10743800704700BF0A08002150B90A4A01201346C4
:1074480003F8010B0868C2F801008A889A8070471F
:10745800012805D1034B0A68D8719A608A889A81F5
:10746800704700BF4008002150B90B4B187888B10D
:10747800D3F80120B3F805300A6001208B807047EB
:10748800012806D1044BD87920B19A689B890A60F3
:10749800F3E70020704700BF4008002110B9044BF3
:1074A80018787047012806BF014BD879002070472B
:1074B80040080021F7B58A8800238DF80600ADF84A
:1074C800042008680B4A8DF807300146147802F545
:1074D800A872019DD8B2844201D8082007E052F86A
:1074E800087F01335668AE4208BF8F42F2D103B01D
:1074F800F0BD00BF50080021084B0146002230B5FE
:107508001C7903F20713D0B2844201D8082004E0A2
:1075180013F8015F01328D42F5D130BD50080021CA
:107528002DE9F8432B4C0746257904EB000E013D65
:107538009EF80861EDB2854225712BD04FEA0518F7
:107548004FEA001C08F108030CF108090CF1880C3B
:107558002344A144A4440FCB89E80F0008F1880311
:1075680023440FCB8CE80F00631993F808218EF899
:10757800082106225543574305F5887507F588778E
:1075880060596219E119E05192888A8093F8403174
:107598008EF840313046FFF7AFFF082818D123781E
:1075A800013BDBB29E42237012D02B3306F12B0233
:1075B80004EBC30304EBC20293E8030082E8030070
:1075C8002078FFF799FF08281CBF241884F8086161
:1075D800BDE8F88350080021F0B5254D89B095F82D
:1075E800984105F29911684622460AF0F9FD2146AC
:1075F80068460CF0F4FD0446B8B300EB400102A85D
:10760800C9B2F9F74DFD631E95F8A1610124DBB2FB
:1076180095F8981105E0721CB2FBF1F001FB1022FD
:10762800D6B206F120020DEB020010F8202C002A39
:10763800F1D103EB430100F8204C06EB4602203160
:107648002A44694411F8187C82F8A27111F8177C51
:1076580011F8161C82F8A37182F8A411013BAA192B
:10766800DBB282F89941FF2BD2D109B0F0BD00BF3F
:107678005008002170B5064688B00C46002A4ED046
:10768800294A92F8A131D01890F8991119B9FF2117
:107698002820F8F7CBFE03EB43010133114491F89E
:1076A800A251E57091F8A35191F8A4112571617167
:1076B800002180F8991192F89811B3FBF1F001FBC1
:1076C800103382F8A13192F8C23123B9174902F573
:1076D800DD700DF009FB65790D220021684605F083
:1076E8003F0545F0400565710AF0CEFCE37804AA31
:1076F80069468DF80F30304623798DF80D508DF896
:107708000E3004230AF00EFB9DF81F3023709DF8FD
:107718001E3063709DF81D30A37008B070BD032142
:107728006018F9F7BDFCD6E750080021E1750001A3
:10773800044B1A79824286BF1B1893F85001002027
:10774800704700BF50080021044B1A79824286BF57
:107758001B1893F848010020704700BF500800210B
:10776800074B00224FF461711A701A7183F8C32114
:1077780083F8C421A3F8C61183F8C221704700BF5B
:1077880050080021014B83F8C401704750080021BC
:10779800014B93F8C40170475008002110B51446F6
:1077A800FFF788FE082813D0FFF7A6FE094B1A79C1
:1077B80082420DD904B12070184490F8403190F8F5
:1077C8005001012B08BF40F0010000F0010010BD7E
:1077D8000120FAE7500800212DE9F0478246894642
:1077E80017469846FFF766FE08280546064603D062
:1077F800FFF782FE082860D1324C2379072B5ED828
:10780800082D15D12678731C072E237003D96C21F7
:107818002820F8F70BFE06F12B02D9F8000004EB3C
:10782800C20344F83200B9F8042083F806A09A800D
:10783800257907F110026B1C29012371CB1D234404
:1078480012F8010DBA4203F8010FF9D1873108F196
:107858001003214413F8012D984501F8012FF9D19F
:107868002544102140460CF000FD102185F8480100
:1078780038460CF0FAFC85F808612679002385F86B
:1078880050013146104885F840310CF0A8FC012819
:10789800054607D831460D480CF0A1FC002818BF52
:1078A8000135EDB284F898510025284684F8A15195
:1078B800FFF792FE2846BDE8F0871220FBE7072075
:1078C800F9E700BF5008002198090021A00900210C
:1078D800064B10B51879013840B2002800DA10BDFF
:1078E800C4B22046FFF71CFE601EF5E750080021D1
:1078F800014B83F8C301704750080021014B93F8EE
:10790800C301704750080021431E4AF2B7129BB2C8
:1079180093429DBF024BA3F8C60101200020704787
:1079280050080021014BB3F8C601704750080021E8
:107938000A4B30B51C7984420ED9184490F80801D6
:107948002B3003EBC004A5790D7053F8300010609C
:107958000120A388938030BD0020FCE75008002157
:1079680070B506460D4606F099FF05F039FF0A483E
:1079780090F8C34164B1017961B100F1880308301E
:107988003246002D08BF184605F0F6FE05F04EFFFA
:10799800204670BD0C46FBE75008002108B5064B91
:1079A800024603EB0113012103F1880005F0E4FE10
:1079B800BDE8084005F03ABF5008002102460748D4
:1079C80010B590F8C34124B1017921B1083005F010
:1079D800D3FE204610BD0C46FBE700BF500800212F
:1079E8002DE9F74F2F4C9A468046894623798342E2
:1079F80056D9231893F8485185F00105F9B193F841
:107A08005031E3B945F002070135BAF1000F18D13A
:107A1800FA070AD5062104EB0810524601FB084173
:107A2800883001F58871FFF725FEBB0734D504EBD4
:107A38000810524649460830FFF71CFE2CE02F4636
:107A4800E3E794F8A1614FF0010B002DE0D0A319F2
:107A580093F89911019399B90092DAB100F070FB8B
:107A6800019B06EB4601009A4FEA102C83F899B166
:107A7800214481F8A201000C81F8A3C181F8A40176
:107A8800013694F89831013DB6FBF3F103FB11661A
:107A9800F6B2DAE747F00407384603B0BDE8F08FDE
:107AA8000027F9E750080021F8B50646174C48B3F7
:107AB800217904F5A4700CF092FB94F898510746CC
:107AC80004F2991029460CF08AFB2D1AEDB2AF4248
:107AD8001AD800252279EBB29A4201D80120F8BDC4
:107AE800E21892F848215AB90621324601FB0341AF
:107AF80004EB031301F5887103F18800FFF7BAFD61
:107B08000135E7E70546E5E70020E8E750080021EA
:107B1800F0B51B4E89B007460D46337983422CD900
:107B2800331893F8484144BB0D22214668460AF0B1
:107B3800ABFAEB7806EB071004AA8DF80F3069460C
:107B48002B7988308DF80E306B798DF80D30042341
:107B58000AF0E8F82A789DF81F309A420AD16A7824
:107B68009DF81E309A4205D1AC789DF81D30E31A75
:107B78005C425C41204609B0F0BD0020FBE700BF35
:107B880050080021074B1A79824209D91A1892F82D
:107B980048212AB9062202FB003000F58870704798
:107BA8000020704750080021064B1A79824281BF95
:107BB8001B1893F84001B0FA80F0400998BF0020E4
:107BC800704700BF50080021F8B50E460746062149
:107BD800154630460CF049FB044670B10C4B0022A8
:107BE800187903F23F13D1B2884202D80124204603
:107BF800F8BD013203F8015FF5E7314638460CF06D
:107C08000AFB0828F3D0024B034483F84051EDE700
:107C180050080021034B80F880101B680BB1408886
:107C280018477047341000210B2808B504D940F2D2
:107C380029112920F8F7FAFB014B33F8100008BD89
:107C480038210201036830B50024D3F8C80042F295
:107C58001075A3F84040A3F84640B3F848404443A1
:107C6800B4FBF1F4A3F848404C1E05FB0242B2FBFA
:107C7800F1F2A3F84220094AB2FBF1F20132A3F86B
:107C88004C209A8F05FB02445A6B5043B4FBF1F425
:107C9800B0FBF1F09C63586330BD00BF005A62022C
:107CA800054B1B7833B9054B1A681B7902600371C1
:107CB8000120704700207047180A00212800002181
:107CC800054BFF221A70054A01681160017911718C
:107CD80000221A70704700BF180A002128000021EE
:107CE80007B5064A10681279009068468DF8042096
:107CF800FFF7E6FF03B05DF804FB00BFCE440201C6
:107D08000346084671B13F2B0BD8074AD35C03F0F2
:107D18007F02914205D08CBF0120002000EAD310D9
:107D280070470120704700BF50210201FF230B70EC
:107D380002234B7083238B70014B1B78CB707047E9
:107D48001C0A00212DE9F84FD0F804800C46D8F819
:107D58001C6030460AF05AFE054620B94FF4AA7155
:107D68001020F8F763FB014630460AF05DFEB5F8CF
:107D780000B082461FFA8BF717B94FF4AC71EFE7E2
:107D8800224B00F103091B68D3B998F8023098F820
:107D980003202370637802F00F02A4F802B023F0E6
:107DA8000F03134323F0C00363709AF8003003F005
:107DB8000303012B0FD0022B0DD04FF4BB71CFE77B
:107DC8003A464946B8F80200984705460028DCD1EB
:107DD8002846BDE8F88F6278304663F30512627072
:107DE8000AF02CFE054610B94FF4C071B8E7FB2F16
:107DF80002D940F28F11B3E73A464946201D0AF0EE
:107E0800EFF930460AF071FDE2E700BF38100021B3
:107E180038B5134C10220021201D0AF035F9012530
:107E2800257404F108031022002104F11400C4E9A8
:107E380001330AF029F984F8205004F11803094A9B
:107E4800C4E9053300236362A36284F82C30C4F8C4
:107E58002D30C4F8313084F835301360A36338BD51
:107E68001C0A00213810002110B5084C2378FF2B7C
:107E780004D040F299111020F8F7D8FA09F098FFC9
:107E88002070BDE81040FFF7C3BF00BF2D000021E0
:107E980010B5034C207809F0A5FFFF23237010BD0F
:107EA8002D000021014B187809F0ACBF2D000021EE
:107EB800014B024A1A607047401000214D7D0001B5
:107EC800014B024A1A607047401000214D7D0001A5
:107ED8002DE9F341DFF88881054608F11407D8F841
:107EE8000830D8F81840227A012A22D1D8F8382048
:107EF80052B1137A1BB9BF211020F8F797FAD8F8B6
:107F08003840C4B9002093E01A7A012AFAD01C46F6
:107F1800544AEFF3108172B650680068506001B996
:107F280062B6A34208BFC8F83840237A1BB9EE21CD
:107F3800E2E73A46EDE7267AF6B205232372731E86
:107F48000B2B7ED8DFE803F07A062336773F4E3FC7
:107F58003F3F3F6B636813B94FF40371CCE720468A
:107F6800294698470420EFF3108272B6237A052B2E
:107F7800D9B24FF0000369D12372D8F83810A14262
:107F880001D1C8F83830002A45D162B643E06368A9
:107F980013B940F21521AFE7294620469847034612
:107FA800ADF80400C0B2C3F30723012B3ED0022B67
:107FB800D9D129E0636813B940F21D219CE7204616
:107FC80098470020CFE7284B1B68002BF9D0324692
:107FD800606829469847A6F10A0204205342534193
:107FE8005B00E4E763680BB9FE2185E786222A7007
:107FF80001225988AA706A7100229869A5F80310AD
:10800800AA710AF072FC0420D8F83830A34202D1D1
:108018000023C8F8383000283FF461AF08E0134B5C
:10802800294620461B689847034668B9267298B1C6
:1080380002B0BDE8F0814FF415715DE740F25721B9
:108048005AE740F25A2157E70220DDE711B940F21A
:108058007B2151E7184696E7002B7FF440AF51E7A4
:108068001C0A0021200A00213C1000214010002198
:10807800014B1860704700BF38100021134610B537
:10808800027A22B140F202311020F8F7CFF90A46FD
:1080980001460248BDE810400CF003BE200A00214A
:1080A800044890F82C301BB9034924300CF016BE54
:1080B800704700BF1C0A00219B4C0101034606487B
:1080C80090F83C203AB190F8352022B9034900F8DD
:1080D8002D3B0CF003BE70471C0A0021357D0001C2
:1080E8000A4610B5037A23B140F20A311020F8F796
:1080F8009DF9014607230248BDE810400CF0D1BDA8
:10810800300A00211346027A0AB1037270470A4600
:10811800014601480CF0C5BD200A002101490CF0B8
:10812800E6BD00BF034D0101014B1878704700BF41
:10813800590A0021014B1878704700BF2E00002112
:10814800094AD2E90003434083EAB01181EA432196
:108158004FEAF34311605360044B58434FEAF06011
:1081680000EB8000704700BF5C0A0021BB79379E96
:10817800094AD2E90003434083EAB01181EA432166
:108188004FEAF34311605360044B58434FEAF060E1
:1081980000EB8000704700BF30000021BB79379E9C
:1081A80010B50A4C08210948F8F77AFFD4E90032DB
:1081B8001343F7D0064CFFF7DBFF2060FFF7D8FF2B
:1081C800236860601843F6D010BD00BF300000215E
:1081D8005C0A002138B5A0F10B0314460D46DBB24A
:1081E8002046432B96BF0A4AFE21D15C0CF03DFF86
:1081F80068B965B12978272907D03F2908BF3E21EA
:108208002046BDE838400CF030BF2621F8E738BDDD
:1082180090210201174B184A9A60184ADA62184AE4
:108228001A61184A5A61184A9A61184A1A63184A10
:108238005A62184ADA64184A9A64184A9A63184BB8
:10824800184A9A60184A1A62184A5A60184A1A60F4
:10825800184A9A62184ADA62184ADA60184A9A6121
:10826800184A1A63184A9A64184ADA64184A5A6209
:10827800704700BF44100021D55101014355010149
:1082880015550101DF540101418900016D8C000180
:10829800218B00011B57010141570101C58A0001CB
:1082A80044110021EB510101CB560101415201015A
:1082B800055401015956010159550101775601012B
:1082C8003F560101E7570101855701017157010127
:1082D800E1560101174B184A9A60184A5A60184A21
:1082E8001A60184A9A62184ADA62184ADA60184A12
:1082F8009A61184A1A63184A1A62184ADA64184ABC
:108308009A64184A5A62184B184A9A60184A5A626C
:10831800184ADA62184A1A61184A5A61184A9A6160
:10832800184A1A63184A9A64184ADA64184A9A6307
:10833800704700BF44120021D5510101FB510101D2
:108348003D53010179550101D5550101B589000158
:10835800E75501016D8C0001C58A00011B57010119
:1083680041570101218B000144130021EB51010108
:10837800E156010105560101B555010125560101D6
:10838800558A0001E757010185570101715701011D
:10839800CB560101054B064A9A65064ADA65064B33
:1083A800064A9A65064A1A66704700BF44100021BB
:1083B80019400101CF400101441100213B3E010158
:1083C80021410101054B064A9A65064A1A66064B81
:1083D800064A9A65064ADA65704700BF44120021CA
:1083E8008D40010125720001441300213B3E01012B
:1083F80089410101F7B5054601A80F46FEF7DEFFE2
:1084080020B94FF4AA615120F8F710F83222002160
:10841800019809F039FE019C3F2F264606F8037F94
:1084280043D83F2F44D8DFE817F046004C006C00D3
:1084380075008D005C015C019A00B3009E005C0130
:108448005C01A300AF00B30043004300B7005C0128
:108458005C01CC00CC00E300E300EA0043004300E9
:108468005C01EF00FC00000104010B010D010F018C
:1084780011011B0125013C013E01430043002D0170
:1084880046014401430043004300430043004300C6
:1084980043004300430043004300430043004300BC
:1084A80048014A01430040014201FF2F00F00D81BD
:1084B80040F24451A7E7294630460CF0AAFFC0B95C
:1084C800BBE02E68D6F83032636096F834322372F7
:1084D800286890F89F3033B90CF065FE2B68DB886C
:1084E8001844A6F83602B6F83632082063721B0A1A
:1084F800A372FEF76FFF002840F0F58040F2575155
:1085080081E72B6893F8A82052BB93F82D310220FD
:108518002371EEE72B681720D3F878226260D3F82E
:108528007C22A260B3F88022A281D3F85822C4F832
:108538000E20D3F85C22C4F81220D3F89030C4F887
:108548001630D6E72A680D20D2F8F6316360D2F8E3
:10855800FA31A3602B68D3F89430E360C9E72B683D
:1085680093F8A030D3E73146284600F041FBA6E750
:10857800112306202371592363710023A3718023DB
:10858800E37120232372B4E72B6893F89A30BEE78F
:10859800304600F01BFB92E72B6893F8A82052B9ED
:1085A80093F8A0203AB193F89D20227193F89C305B
:1085B800032063719DE793F89B20227193F89A300A
:1085C800F6E72B680920B3F80C212271120A6271B0
:1085D800B3F8A220A271120AE271B3F8082122723C
:1085E800120A6272B3F8A030A3721B0AE37280E722
:1085F8002B6893F83A21227193F83B31D8E7294642
:1086080030460BF0C8FC5AE72B680F21B3F8AA00D4
:10861800F8F706FB00F15B0130460CF08DFA2320D9
:1086280067E730460EF054F949E730460EF059F93D
:1086380045E72E4B1B68002B43D140F24951E2E637
:108648002B4BF7E72B4BF5E72B4BF3E72B4B1B6833
:10865800002BF2D023202A4631469847042048E7C9
:10866800264B1B68002BE8D02A4631462420984721
:1086780005203EE7214B1B68002BDED02A463146F9
:108688002520F4E72B680F21B3F8AA00F8F7C8FAF9
:1086980000F17D0200F15B0130460CF059FA2B2005
:1086A80027E7174BC6E7174BC4E7174BC2E7174B2B
:1086B800C0E7174BBEE7174BBCE7174BBAE7174B9A
:1086C800B8E7294630469847F9E62B68304693F8CC
:1086D800C722D3F8C8120CF0FCF92B6893F8C7022C
:1086E800EDE6012005E703B0F0BD00BF441400210A
:1086F8004C14002148140021501400215414002166
:108708006014002164140021681400216C140021F5
:10871800581400215C1400217014002174140021E5
:108728003F289ABF024B53F820000020704700BF33
:10873800441000213F289ABF024B53F82000002024
:10874800704700BF441200213F289ABF024B53F8DC
:1087580020000020704700BF441100213F289ABF25
:10876800024B53F820000020704700BF441300213B
:1087780030F8023CF7B504460D46B0F8826073B194
:1087880001226846ADF801608DF80020ADF803308D
:10879800FDF796FC18B195216320F7F747FE194BB2
:1087A8001B6813B1A4F128009847174B1B680BB13D
:1087B8003046984783230027A5F803602B70AF70D5
:1087C800637AD4F89C006B710AF099F808B9BA2159
:1087D800E2E739463046F8F739FA02213046F8F729
:1087E80035FA18B9094B1B6803B198474FF4017360
:1087F800002003F004021B0A62F3070063F30F2052
:1088080003B0F0BD781400217C14002180140021ED
:10881800F7B5056804464FF6FF77D5F8C0600DF147
:1088280002010DF101023046ADF802700AF016F8A7
:1088380001A930460AF034F848B101980AF0FCF86A
:108848002168A83100220272FFF74AFCE7E70449D1
:1088580005F1280003B0BDE8F0400CF042BA00BFB3
:1088680079870001F0B5044685B00D46FF2600F86B
:10887800E96C10F8EA3CF3B1174F3B781BB1622161
:108888001F20F7F7D3FD0C21381DF8F709FC3E70BF
:10889800002304F8E93C8A232A4602F8033BD4F86B
:1088A8000930C5F80330D4F80D305360D4F81130CE
:1088B800936005B0F0BD01A80C21F8F7F1FBA4F511
:1088C8001573039A1A6001AB03CB44F8F20C44F811
:1088D800EE1C04F8EA6CDBE7640A002110B5054CCD
:1088E80023782BB90C21201DF8F7DAFBFF2323701E
:1088F80010BD00BF640A0021024690F8FE31BBB9E2
:1089080090F8FF3103F0FF010BB100207047094BCD
:1089180018780028F9D01970D9680433C2F894106F
:1089280003CBC2F8F601C2F8FA11FF2382F8FE3130
:1089380001207047640A0021036810B59A7B044639
:108948001F2A2CD1002283F8552083F84E2083F863
:108958008222036893F85610B3F8AA0081B1C3F8CD
:10896800C3211049A3F8C40103F5DD7083F856202C
:10897800A3F8C7210CF0B2F923680020987310BD42
:108988000122A3F8B30183F8B21103F2A91083F806
:10899800B911A3F8B61183F8B5210349EAE7022013
:1089A800EDE700BFC7540101AF540101026838B5B3
:1089B800D37B04460D463BB1132B05D0113B0F2B3F
:1089C8008CBF0120082038BDD2F8A430ABBB92F888
:1089D800563013B920460CF084FBD5F80B302268CA
:1089E800C2F8EE31D5F80F30C2F8F2312368D5F865
:1089F8001320C3F89020B3F8AA20A3F8F122D5F8E1
:108A08000120C3F8F322D5F80520C3F8F72223681C
:108A1800B5F809200025A3F8FB22236883F8B8518C
:108A280083F8FE512068084900F53A700CF056F9B1
:108A3800236816222846DA73C5E720460C2203214C
:108A4800BDE838400CF073BB6D880001036810B5B1
:108A5800DA7B0446202A04D040F29D211F20F7F734
:108A6800E5FC002193F85620B3F8AA0083F85510C6
:108A780082B1C3F8C31183F85610A3F8C711A3F83D
:108A8800C40103F5DD700B490CF028F923680022B6
:108A9800DA7310BD0121A3F8B30183F8B22103F200
:108AA800A91083F8B51183F8B9210349A3F8B621B1
:108AB800EAE700BFC7540101AF54010138B50468A3
:108AC80094F8A8501DB9E37B23B101201AE023686C
:108AD800DB07FAD4D1F801200D4BD1F8051013406B
:108AE8000C4AC4F86630C3F307630A4043F008032E
:108AF800C4F86A2084F869300CF0F3FA1DB904232D
:108B0800E373002038BD236843F001032360F8E7CE
:108B18002FC904F76FDB008038B503689A7B042AF5
:108B280034D1D1F801204C1CD1F80550C3F8662087
:108B3800C2F30762C3F86A5042F0080283F869205A
:108B4800002283F84E209A73026892F8A8200AB986
:108B580083F83F2193F84021B2B993F88B2102F0B2
:108B6800FF008AB9B3F8AA2083F88C0103F28310B6
:108B7800A3F88D21D1F801200549C3F88F21626837
:108B8800C3F893210CF0AAF8002038BD0120FCE7B7
:108B9800A1560101036893F8402112B1094B1B68E3
:108BA800184793F88B215AB9B3F8AA2003F2831017
:108BB8000549A3F88D211A2283F88C210CF08EB870
:108BC800704700BF84140021A156010110B5044666
:108BD800FEF720FA044A054B024009200B40C4F86E
:108BE8000120C4F8053010BD2FC904F76FDB0080E1
:108BF80037B50C460568FEF70DFA0A4B0A4A0340DA
:108C08000A4095F8661000930B4001928DF80030E9
:108C18006B4603CBC4F801000920C4F8051003B063
:108C280030BD00BF2FC904F76FDB008038B5DB0407
:108C3800154604D5037D13B10023436338BD446B47
:108C4800013444630CF0AAFD836B9C42F6D30023E5
:108C5800034943632846BDE838400CF048B800BFD4
:108C68000F57010170B504680546A37B94F8A86006
:108C7800012B07D01EB9E37B23B1012038E023681C
:108C88009807FAD494F857309A0713D44A78D80733
:108C980084F861204A88A4F862208A88A4F86420AD
:108CA80043F0020284F857200FD5164904F1580002
:108CB8000CF01DF894F85730D90710D4CEB9E37BDF
:108CC80043B153214020F7F7B1FB94F83E31002B14
:108CD800EBD1EFE70123E37328460CF002FAA37BFC
:108CE8000020012B4FF0000304BFA37384F84E301B
:108CF80070BD23689A0701D55821E3E743F00203C2
:108D08002360E9E7C557010170B50568044604F01A
:108D1800EDFC054B0146E8721B681BB12046BDE817
:108D28007040184770BD00BF8C140021024B1B68AF
:108D380003B11847704700BF88140021F0B51F4DD4
:108D480000242B7814709BB1013B6D68DBB21E1BAD
:108D5800012E0FDC05EBC40655F8347076688E4298
:108D680008BF874227D0B84271EB060612D21470AA
:108D78000020F0BD1E197710C6F3470655F837C016
:108D880005EBC70E8445DEF804708F412CBF3346CF
:108D98003446DCE705EBC30455F8335064688C426D
:108DA80008BF854206D0A84271EB040428BF0133EE
:108DB8001370DDE71C4601201470DAE7840A0021ED
:108DC80010F0070208B503D063214820F7F72EFBFF
:108DD80018B1034B197258601A70C80008BD00BF5B
:108DE800840A0021014B00221A707047840A00216E
:108DF800014B187A704700BF840A00212DE9D3433C
:108E08000CF015FD0DF1070207460E46FFF796FF19
:108E180090B90F4C2378227A9A420ED0626819468C
:108E28009DF807E002EBC3008E4509D302EBCE02A2
:108E38000133C2E900762370012002B0BDE8D08377
:108E480050E90289013960E80289C9B2ECE700BF3C
:108E5800840A002137B50CF0EAFC0DF10702FFF790
:108E68006DFF58B10A499DF807300A78013AD2B225
:108E78000A70496801EBC3019A4201D803B030BDBA
:108E8800D1E902450133E1E80245DBB2F4E700BF6E
:108E9800840A0021014B00221A607047940A0021BD
:108EA80008B5044B186810B9FFF7F4FF08BD0C208B
:108EB800FCE700BF940A0021024B1879003818BF5C
:108EC80001207047940A002113B5CDE90012054B23
:108ED800FF225A7100F11003DDE9000183E8030065
:108EE80002B010BD940A0021C3693BB983692BB94C
:108EF800034B1B681B1A58425841704701207047A2
:108F0800940A002130B50D4AFF231371D0E90653A6
:108F180073B1D0E902149D610C44D9682144D96029
:108F2800816939B1CB610023C0E90633137130BDC3
:108F38001560F5E7002BF6D0D960F4E7940A002114
:108F480010B5124AFF231371C16189B9136883618F
:108F580003B1D86110600023C169C36099B1CB68BF
:108F68007BB18468A3420AD230213720F7F75EFA32
:108F78008B6988618361002BEDD0D861EBE71B1BFF
:108F8800C3600023CB600023137110BD940A002135
:108F9800014B1868704700BF940A0021034B00205A
:108FA8001B6803B9704718469B69FAE7940A0021C1
:108FB8000B4B002230B51B6804464FF0FF351046B6
:108FC80023B911B9002808BF104630BDDA68A2429B
:108FD80003D3AA423CBF154618461A469B69EFE7D9
:108FE800940A002170B50F4CFF232371036A1BB14B
:108FF80081689D68A94203D2E5213720F7F716FA60
:10900800C2698669DA619E6152B193619A691AB13F
:10901800D361C26811444A1BDA600023237170BD12
:109028002360F3E7940A0021F8B54FF0000C0446DA
:10903800284E084686F805C0002135680B4685B9D4
:109048007579002DF6D15BB1984225D3013CB0FB70
:10905800F3F11C4403FB01F5B4FBF3F48C420ED985
:10906800F8BD2F690BB19F4207D23B4627B94FF491
:10907800A3713720F7F7DAF9A98AAD69DFE7B5FBFD
:10908800F3F603FB165626B9B5FBF2F602FB1656A5
:10909800DEB10139ED1AE1E7451E1D44B3FBF4F4D6
:1090A800B5FBF0F5AC42DBD3B3FBF5F605FB1637A1
:1090B8004FB9B6FBF2F702FB176727B9B6FBF1F712
:1090C80001FB17671FB10135ECE72846C8E73046B2
:1090D800C6E700BF940A0021FF23084A0B700D233E
:1090E8004B7082238B701368C1F803305368C1F842
:1090F80007309368C1F80B30704700BF9A0A002107
:1091080016220021014808F0BFBF00BF9A0A0021BB
:10911800014B5875704700BF9A0A0021F8B51C4DDD
:1091280004466B7D9BB390F8A83023BBD0E97676D4
:109138000CF0D4FB94F82021164B913033F8123000
:109148004FF47A7203F23F63B3FBF2F3DB19B4F81E
:10915800AA2046F100061B182A8046F100066B601B
:10916800AE60E38805F10C0002220B496B80BDE874
:10917800F840FEF7C7BF4B0609D5B0F8AA302B80D8
:10918800D0F878326B60D0F87C32AB60E9E7F8BD94
:109198009A0A00210C230201E1900001094B53F8BF
:1091A800203003F5234370B5A13316464FF47A7285
:1091B8000C46B3FBF2F5344405F086FD2C442044FC
:1091C80070BD00BFF82202012DE9F04F98468BB020
:1091D800002304460F460392069390F821B10AF043
:1091E8007DFD064694F82B01FEF71EFD06440CF0A3
:1091F80075FBE37B00F18605B6B2472B47D00D2BF4
:1092080045D094F80E90A9F14701D1F1000949EB36
:109218000109039B002B40F08580637B032B40F002
:109228008180B9F1000F6AD0B4F8D032BB4266D160
:10923800D4F818322046B4F8EC21C4F80832D4F82F
:10924800C830C4F80C32B4F88A321344C4F8103267
:1092580002F08CFE94F829A1BAF1000F09D0D4F8D5
:10926800D82241F64B539A428CBF4FF0000A4FF078
:10927800010A94F8E4326BB9D4F8C820D4F8D8328B
:109288009A4221D0B4F8AA000DF041FB1CE04FF03F
:109298000109BEE7B4F8AA000DF036FB20B940F288
:1092A80041713020F7F7C2F8B4F8E0324FF0000A05
:1092B800A4F8DE30B4F8E2328381B4F8D032A0F8F2
:1092C8000EA04381013B038294F82A31002B4ED132
:1092D800BAF1000F4ED1D4F8D43284F82AA1C4F8D8
:1092E800D830B4F8D232A4F8DC30D4F8D832C4F884
:1092F800C830D4F8DC32C4F8D03002236373A17BC1
:10930800292946D0A1F12C0251425141E27B292A58
:1093180000D039B1B4F8D032FB1A1B0402D420466D
:1093280002F04AF8B4F888A204F5167394F82101FB
:10933800A7EB0A0A0293E3880FFA8AFAFB1ABAF132
:10934800000F0FFA83FC26DAE246D4E99C23C4E92D
:10935800A023002384F82B320123627B032A00F226
:10936800B681DFE812F01A002B0171004F01BAF143
:10937800000F07D04FF04D13C4F8E0300023A4F8D5
:10938800E430A8E74FF09613A4F8E4A0C4F8E0305E
:10939800A1E70121BAE74346DFE7014694F8E50172
:1093A8000AF0E9FF8246D4F8D8003146504406F066
:1093B8003FFB3146C4F81402D4F8C80006F038FB65
:1093C80007A9C4F8180208A805F034FB079B009306
:1093D800DDE90823D4E9A00106F0F0FB064604F114
:1093E800A8000CF0A0FAD4F88C3294F82101D4F833
:1093F800D8B0069305F070FC069B00F52340D4F81E
:1094080014124FF47A72203BA1305B445B1A30315E
:109418005B1BB0FBF2F053442A469B1B1B1A94F8C3
:1094280021010693B4F8DC3003EB4101FFF7B6FEE7
:10943800D4F88C22069B22309B1AC4F81C02F52B08
:109448005CD840F2C6412CE7D4F8D8303146D4F87D
:109458000C02184406F0ECFA3146C4F81402D4F8A9
:10946800C80006F0E5FAC4F8180204F1A8000CF0E8
:109478005AFAD4F8D830D4F80C621E44B4F8EC3157
:10948800002B40F09780B8F1000F00F0938094F81B
:10949800210105F021FCD4F81412D4F8783200F533
:1094A8002340761A94F82121A130203E1E44A24B75
:1094B80053F822204FF47A7302F2E732D4E99CABD6
:1094C800B2FBF3F2A6EB0A06B0FBF3F01644761BE8
:1094D800361AD4F80832D4F8102294F8210102FB85
:1094E8000311B4F8DC302A460696303103EB41010B
:1094F800FFF754FE0123C4F81C026373D4F8C83084
:1095080004F1E800D4F81822A03B06999B1A5D1BC9
:10951800D4F81C329D4228BF1D46002384F85832D7
:10952800C4F8E851D4E9A0325B1842F10002C4E95A
:109538009A320BF011FC04232844A4F8887284F8AA
:109548006132C4F85C02D4E99A23C4E9A02302F08A
:1095580057F820B1D4F85C321E33C4F85C32B4F842
:10956800D831DB1B1BB2002BD4BF002201225200D2
:1095780084F86022B9F1000F40F0AC80B8F1000F18
:1095880040F0AB80637B002B00F0C380D4F8C81098
:1095980004F51670D4F81832C91A0AF072FE80B2AF
:1095A800002800F0B680149B03B1188001200BB08E
:1095B800BDE8F08FD4F81412761A8AE7D4F8182286
:1095C800D4F8C830D4F810129B1AD4F808620AFBF1
:1095D80003F30693B4F8EC319C44D4F81432ACEBA2
:1095E800010C30330CF1FF3C06FB0133B4F8DC10FE
:1095F80002FB0C332A4601EB4301FFF7CFFDC4F809
:109608001C027BE7D4F8C82002FB0AF20692B8F1E4
:10961800000F1CD0B4F8EC11C9B984F82B12D4F897
:10962800181201FB1A2EB4F8ECA10291CDF818E03B
:109638006BB3BAF1000F2AD1D4E99E61D4E99C2317
:10964800B24273EB010108D340F20D5129E694F8B8
:109658002B1200297FF452AFE1E7374B203E53F835
:109668002B104FF47A7BD4E99C23CDE9042301F233
:10967800E73301F52341049AA131B61AB3FBFBF392
:10968800B1FBFBF11E44761A761B76440696029BC4
:10969800E2442A4603FB0AFA0AF1300A4FEA4A0A68
:1096A8005146FFF77BFD41F64B53C4F81C02D4F832
:1096B800C80098423FF622AF06AB2A4651460093AF
:1096C80004F507730AF073FE84F82B0216E740F2DC
:1096D8002551E6E5B8F1000F1BD0B4F8000210B32D
:1096E800B4F8021294F804224D1CA4F8021201FBEB
:1096F800022290420DDD002B0BDD0023A4F802525C
:1097080084F86032FEF71CFD00F00700013084F891
:10971800040204F5167104F50C7007F07BFB20B900
:1097280040F27551BDE50146DCE7039B83F0010378
:1097380084F8283200203AE7F8220201F0B50446FE
:1097480085B018B9A5213020F6F770FE052900F27A
:10975800CB80DFE801F003C42A25C9BF90F828327E
:10976800C288A3B1B0F82632934208BFB0F8DC3102
:109778009A1AA0F8DE21E3802046D4E99A23C4E9A6
:109788009C2301F081FE94F8503005B0F0BDB0F88C
:1097980024329B1AA0F8DE31B0F824329BB2EAE7F3
:1097A80005B0BDE8F04005F051B906F0FDF9D4E97F
:1097B8009C23801A61EB0301012871F1000302DA8E
:1097C8004FF4C061BFE76FF0010383424FF000031D
:1097D8008B4102DA40F20161B5E7D4F8C8300BB129
:1097E800B0FBF3F3E07BB4F8262247280ED0A17B28
:1097F800463901290AD90D2808D0E1880B449BB2C3
:10980800D11A0D0443D501339BB242E00132A4F8CA
:109818002622B4F88A3203AEE5880133334FA4F820
:109828008A32B4F842301D44B4F84030013DED1A94
:10983800ADB23B685BB1B4F826120022204601396C
:1098480089B29847B4F826321844A4F82602B4F826
:1098580026126B1A18042CD40023204600961A46A8
:10986800FFF7B2FC012890D1B4F82622B4F8D81139
:10987800BDF80C301344521A12049BB204D5EA1AEC
:1098880012F4004F18BF0B46A4F82632D1E7013274
:1098980093B2A4F8263294F82932002BB9D1B4F83F
:1098A800DC31B4F82622934204BF0133A4F82632EF
:1098B800AFE7A37C30460394002B14BF08233E2354
:1098C80084F83130FEF7A4FF20460CF046FE002352
:1098D80063735AE705B0BDE8F040F8F777BB437B00
:1098E800042BF4D0C6212EE7CB212CE790140021BD
:1098F8002DE9F8430E46044618B9D3213020F6F76F
:1099080095FD052900F2A780DFE801F00376413DC7
:10991800A52E06F097FAC4E95001204601F042FA54
:10992800D4F83401DC3806F041F920460CF004FC88
:10993800054600BB014620460CF0C6FA00F1F606C3
:10994800D4F83401B04209D2301A0321402838BF74
:10995800402006F047FA60B106F02CF9C4F83461EB
:1099680020460CF02BFC45B12046BDE8F8430CF02E
:1099780026BC0125F2E70025F2E7D4E95023C4E923
:109988004A23BDE8F883BDE8F84305F05FB80CF05A
:10999800C1FA04238146884684F8393106F004F96F
:1099A80007220F46A9FB023102FB0811D4E94A52EB
:1099B8005B1941EB0205D4F810213AB159EA0802C3
:1099C80004D0984277EB050228BF012684F8386155
:1099D800D4E95226121A66EB070694F8581139B9D9
:1099E800012A76F100010BDA204601F0E3F903E0E1
:1099F800012A76F10006F7DB002384F85031C0E72E
:109A0800984277EB05010FD259EA08080CD01B1AC7
:109A180065EB07019A4276EB010005DB012B71F13A
:109A28000000A4BF1A460E460C49012304F1E800C1
:109A3800914284F851314FF0000384F83031B3413A
:109A4800B8BF0A4604F5987107F078FA002898D14B
:109A580040F2B16152E7EF2150E700BF0040420FEA
:109A68002DE9F84304460E46154690F8503103F0A8
:109A7800FF07002B40F0918000F1E8083946782272
:109A8800404608F001FB22464549404607F0B8F930
:109A9800C4F81061FF2384F8503166B1FEF768FB03
:109AA80000F0070032463F49013086F8040206F507
:109AB8000C7007F0A5F940F20243A4F838310023EE
:109AC80084F8303105F0FAFF00F1BC0620460CF0AE
:109AD80033FB0146B6B2B0B30AF000F900F1280131
:109AE800284689B205F0A4FF2844F63DC4F834019D
:109AF80006F05AF8301841F10001C4E9500101207C
:109B080084F814010CF0F7FB2D1AC4F818514FF023
:109B1800FF356FF000414046D4E95023C4E9525163
:109B2800002504F59871C4E94823C4E94A2384F858
:109B3800515142F2107207F001FA38BB4FF4DC7150
:109B48003020F6F773FC2046DFF85C900CF0BCF987
:109B5800F630C4F83401B9F8000048B1E08C38B1E7
:109B6800FEF706FBB9F80030B0FBF3F202FB130076
:109B7800064406F019F8361841F10001C4E95061AD
:109B8800002DC4D0AD1941F10001C4E72946204693
:109B98000CF017FB3846BDE8F8830C27FAE700BF3E
:109BA800F998000145970001B00A0021F0B500239B
:109BB80085B0CDE9003303238DF806306846F7F702
:109BC80069F888B10123114EB3700023CDE902333F
:109BD80002238DF80E3002A8F7F75CF8044638B176
:109BE8000023B37005B0F0BD00980BF0F2FEE5E776
:109BF800029D6B7B002BEED005F50C77384606F0FE
:109C08008BF8384606F09CF86C73E4E7B00A00213C
:109C1800044B0022DA709A7042F210721A80FFF731
:109C2800C5BF00BFB00A0021014BD870704700BF04
:109C3800B00A002108B504F071F9044B5A68824251
:109C48002ABF9878002080F0010008BDB00A0021E2
:109C5800F0B5044685B090F8503003F0FF05002BAE
:109C680068D1437B032B65D105F09EFFD4E99C2383
:109C7800801A61EB0301012871F100035ADB6FF0D0
:109C88000103834275EB010104DA40F2A951302047
:109C9800F6F7CCFBD4F8C820E3880AB1B0FBF2F29F
:109CA800013313449BB2A4F82432B4F8DC31B4F87D
:109CB80024229B1A1BB2002B3CDD04F50C7006F025
:109CC8002BF8002836D0FF2384F82932B4F8423024
:109CD8000DF10E07E588184E1D44B4F84030013DDB
:109CE800ED1AADB2336863B1B4F8241200222046ED
:109CF800013989B29847B4F82432184480B2A4F8DC
:109D08002402B4F82432EB1A1B0413D4B4F8241236
:109D180000230122204689B20097FFF755FA01284F
:109D280008D1B4F82432BDF80E2013449BB2A4F82D
:109D38002432D7E705B0F0BD901400212DE9F74390
:109D48000446062900F2A180DFE801F00425142268
:109D5800282D99004E4B9B7803F0FF0253B90092CF
:109D68000123B0F8DC11FFF72FFA28B140F2CD61DA
:109D780030202AE00423637304F0B8FB07F02CF8C2
:109D88000023E288A4F88A32A4F8262284F829322B
:109D980003B0BDE8F08303234373F9E704F0C6F882
:109DA800C4E99E01F4E700F1A8081121B0F8AA005F
:109DB800F6F736FF002860D094F82131022B5AD0EC
:109DC80005D8012B08D0DC21B420F6F72FFB033B84
:109DD800012BF8D81E3000E00A30858894F821015C
:109DE800DFF8AC90C31E012B8CBF002728270BF08F
:109DF80083FD7830D4F81822FE37A84234BF2B1AD6
:109E08000023D4F8C85099188D428ABFAD1A00258E
:109E1800ED1A99F8033023B9D4F8E8309D4228BFE9
:109E28001D46D4F8E86104F1E8000AF095FF0644FD
:109E3800022005F0ABFF0221AD1B25EAE57585423E
:109E480028BF0546284605F0CDFF10B12E4405F081
:109E5800B1FE01233A46314640460BF082F8D4F869
:109E6800E831C9F80400D4F8C800184403B0BDE8C4
:109E7800F04305F09BBE1430AFE79625AEE7A83057
:109E880003B0BDE8F0430BF04EBD40F29B716FE7A5
:109E9800B00A0021014B1880704700BFB00A0021AA
:109EA800044B1A78012AD0B203D01878831E58427E
:109EB80058417047B80A00210C4B4FF47A7233F8B6
:109EC8001130023903F2E733C9B2B3FBF2F30229C6
:109ED80000F1FF3210B54FEAC21296BF044CF021D0
:109EE80034F81110134400FB013010BD0C2302019B
:109EF800D4210201D928F0B5054628BFD925BDF8D7
:109F080014600446303501F5A57006F00207ADB2BD
:109F1800FF2D28BFFF2516F0010621D10FBB002B0E
:109F280000F0C580911EC9B2022996BF7B4D40F64C
:109F3800480135F811100844D92C7FD9D93C951E11
:109F4800F721A4B2EDB2002B00F0CF80F634022D39
:109F5800B4FBF1F400F2C680714B33F815306BE0B6
:109F6800EFB1911EC9B2022997BF6E4D4FF414711B
:109F780005EB4101C9880144D01E012837D801F6F4
:109F880014409830002E3BD0023AD2B2022A97BF32
:109F9800644BC02303EB42035B8A18444EE053B181
:109FA800911EC9B2022997BF5E4D40F6480105EBE4
:109FB80041018989DFE7032A05D1691D89B2890131
:109FC80001F5C871D7E7042A05D1691D89B20901CD
:109FD80001F5BF71CFE7022A0BBF05F10B0105F1AF
:109FE8000A0189B289B20CBF8900C900C3E7022AF5
:109FF80001F19C0114BF4FF4B070B4200844C0E7CD
:10A00800EBB1911EC9B2022996BF474D40F64801EF
:10A0180035F81110D92C084410D9D93C951EF721D0
:10A02800A4B2EDB24BB3F634022DB4FBF1F459D817
:10A038003C4B03EB45031B8B03FB0400F0BDF12CE9
:10A04800214628BFF121032A05D1133189B289019C
:10A0580001F5C871DEE7042A05D1133189B2090177
:10A0680001F5BF71D6E7022A0BBF1931183189B241
:10A0780089B20CBF8900C900CCE7B4FBF1F3022D0B
:10A08800DBB239D8294931F8151001FB0300C3EBBD
:10A098004311C3EBC103E41AA3B2002BCED008339B
:10A0A800032A9BB22BD19B0103F21A4375E7032ABB
:10A0B80006D10535ADB2AD0105F5C87528443BE7B5
:10A0C800042A05D10535ADB22D0105F5BF75F5E7B3
:10A0D800022A0BBF0B350A35ADB2ADB20CBFAD00CD
:10A0E800ED00EBE740F69213A6E7B4FBF1F3022D7F
:10A0F800DBB201D80E49C6E740F69211C5E7042A3B
:10A1080003D11B0103F5467347E7022A0BBF9B00E7
:10A11800DB0003F5BB7303F5CD733EE7E0210201D5
:10A12800EC210201D4210201E0210201EC2102010B
:10A13800EC210201294B5A6A10B5D2F80F30C0F849
:10A14800CC30537D117D1B0443EA0123D17C0B43A2
:10A158006FF45061C0F8D430B2F819305918062994
:10A168008DBF40F2E241A3F550634FF47A714B433F
:10A178008EBF00214B430121C0F8C83080F82A1156
:10A18800937DF9B103EB830303EB83039B00A0F8F2
:10A19800DC30B2F81730F1B164214B43C0F8D83045
:10A1A800B2F81B30A0F8D030B2F81D30A0F8D23089
:10A1B80092F8243003F01F025B0980F8232080F80E
:10A1C8002B3110BDC3EB431403EB840303EB830370
:10A1D8005B009BB2DBE740F2E241DEE7B80A002110
:10A1E8000346074A506AD3F86920C0F80320B3F839
:10A1F8006D20A0F8072093F868100AF088BA00BF0D
:10A20800B80A0021D0F8803073B50BB101221A606A
:10A218004388DB0727D50023144E056ACDE90033B0
:10A2280002238DF80630FF2333776846F6F732FDB0
:10A23800C8B9009CA542F8D005F1B40395F8B3203D
:10A2480004F1B40194F8B30009F0ABFF0028ECD096
:10A2580094F8AC30B4F8B1203377D4F8AD30C6F800
:10A268001D30034B9A8002B070BD00BFB80A0021B0
:10A27800D50A002138B5084D044600F169010623C6
:10A28800686A00220AF025FB94F86810686ABDE83D
:10A2980038400AF03CBA00BFB80A002170B504463D
:10A2A8000E461346407F6588324615F0040118BFF4
:10A2B80004F17701FDF794FB4107054621D4C20755
:10A2C8000BD50123607F84F86830FDF75BFC0368D9
:10A2D800C4F869308388A4F86D30AB0701D4012035
:10A2E80070BD094B0121586AD4F8773084F876108C
:10A2F800C0F80930B4F87B30A0F80D300AF010FA35
:10A30800EDE70020ECE700BFB80A002110B50446CD
:10A31800084694F8D8306BBB2378082904F1DB028F
:10A3280084F8D93016D004F1DA01FDF701FB20B921
:10A338004FF477612D20F6F779F894F8DA3043F086
:10A34800020384F8DA3004F1D0000B49BDE810406C
:10A358000AF0C4BC094B586A034613F8031BC1F33F
:10A36800801184F8DA10D0F80310C4F8DB109B8849
:10A378009380E8E710BD00BFFF5B0101B80A002128
:10A3880070B504460E461546FCF706FE98B92378C4
:10A39800A4F8C16084F8C030637C84F8BF500BB166
:10A3A80094F8483004F1B60084F8C3300249BDE897
:10A3B80070400AF093BC70BDC95D010138B5B0F8B2
:10A3C800483004461A4D0133C3F30E03A0F8483051
:10A3D8002B7B2BB104F062FA03F002FA00232B73F3
:10A3E80000232B7094F889302BB101212046BDE859
:10A3F80038400BF050BB637CBBB1B4F848209A429C
:10A4080013D3012120460BF046FB63882046DB0767
:10A4180047BF236A432243224FF6FF7148BFB3F870
:10A42800AA10BDE83840FFF7ABBF0021DEE700BF48
:10A43800B80A002110B5FFF733FD064C28B1237B7D
:10A448001BB104F02BFA03F0CBF9A06ABDE8104069
:10A45800FFF7B4BFB80A00212DE9F0410746FFF71E
:10A468001FFD054620B940F682412D20F5F7DEFF95
:10A47800214CA26A166A0EB196F829611FB3616A67
:10A4880002F1690392F8682011F8097BF80909F0CC
:10A4980088FEC0B13146606A0AF06AF998B1A56AC7
:10A4A800FFF7FEFC10B940F65C41DEE7237828464A
:10A4B800E26A07F00F0103F180435269013B52F849
:10A4C800233098470546237B1BB104F0E7F903F0D6
:10A4D80087F97DB1A06A0BF097FA30B103F078FFE5
:10A4E800E36ABDE8F0419B681847A06ABDE8F041FF
:10A4F800FFF764BFBDE8F081B80A00210346074AA8
:10A50800906A03B909B9FFF759BF1378D26A03F102
:10A5180080431269033B52F823301847B80A0021D8
:10A5280003292DE9F043054685B0174607D143882E
:10A53800980723D40024204605B0BDE8F08342885C
:10A5480090F88830D107DBB2F4D5002BF2D14FF068
:10A558000108DFF8D49099F80C60C6B109F065FEDF
:10A568000828387016D002AA0DF10701FDF7E0F9A6
:10A5780038B940F6F7612D20F5F758FF4FF002087B
:10A58800E7E702A99DF807000BF05DF906463B785E
:10A59800082B08D1D9F8241011F8030BC0F3801048
:10A5A8000BF051F90646D9F8241005F1700395F817
:10A5B8006F2011F8030BC0F3801009F0F2FDD9F8F1
:10A5C8002410044611F8030BC0F3801009F023FE91
:10A5D8008146FDF7E9FA40B1B9F1080F1BD04846AA
:10A5E800FDF7A6F880F00103D8B23A78082A14D00B
:10A5F8001CB96C7FA21A544254416A8853079AD4F2
:10A60800002897D176B9EC7C444518BF002C0CBFC4
:10A61800012400248FE70020E7E780F001022240B0
:10A62800D4B2EAE7344686E7B80A00212DE9FF41AB
:10A6380008230DF10702052104468DF80730FFF7BE
:10A648006FFF054620B90025284604B0BDE8F08113
:10A65800FBF762F906460028F5D1344F0DF10808DA
:10A66800216A7A6A91F817C0104610F8033BC3F3C1
:10A67800401303EA0C03CB75D2F80330C1F8AD30B0
:10A688008388A1F8B1301146D4F820C011F81F3BD7
:10A69800C3F380138CF8AC30D2F81F000B7902900A
:10A6A80060468DF80C30FFF745FD434694F91220BB
:10A6B8000121206A0BF0FAFA216A84F89560204695
:10A6C800B1F8AA309DF80720A4F89630FF2384F843
:10A6D800B3304FF6FF73A4F8B4300BF012FB1449F3
:10A6E80004F18C000AF0FAFAFCF756FC60B9236A08
:10A6F80004F1C4000F49B3F8AA20A4F8CD20DB7DEB
:10A7080084F8CF300AF0EAFA236A00222046B3F828
:10A71800AA10FFF735FE084B00221B683A70002B81
:10A7280092D02146206A98478EE700BFB80A0021D8
:10A73800695C0101E95B010198140021032973B5E3
:10A74800044604D0052927D0012002B070BD082393
:10A758000DF107028DF80730FFF7E2FE0028F3D06D
:10A76800237C23B19DF807102046FFF7CFFD0F4D3E
:10A778000622042620466B6A5A701E70FFF730FDC9
:10A78800686A94F85C20A16D09F0E3FF686A2E708E
:10A7980003F098FF0020D8E7054B1B68002BF9D081
:10A7A800984780F00100C0B2CFE700BFB80A002187
:10A7B80094140021F8B504460F4619B300F130058A
:10A7C80028460BF075FDA0B963881A072ED52846D0
:10A7D8000BF083FD064628460BF06AFD301AC0B21E
:10A7E8000BF089FD474A53680344284653600BF031
:10A7F8003EFD28460BF040FD03F0A4FC21792520FE
:10A8080003F0B8FB3F4E002394F87620706A03707B
:10A8180043706388103B0D2B64D8DFE803F05F6357
:10A828005B0C634063636363636363402046BDE816
:10A83800F840FFF7C3BD062343702023037020466A
:10A84800FFF7CEFC638823F008039BB2152B05D0D5
:10A8580094F85420216D706A09F06CFF706A03F057
:10A8680031FF032321790020337003F079FC05467A
:10A8780007B9B06063881B0704D50BF039FD0544A0
:10A88800C4F81C516388103B0D2B36D8DFE803F061
:10A8980038352F2F352F353535353535352F0C23B0
:10A8A80021214370034603F8091B52B1D4F87720DD
:10A8B8000121C0F80920B4F87B209A8009F030FF04
:10A8C800BDE7226FC0F80920B4F874209A8094F884
:10A8D8006F10F3E7062303704370B0E70223037099
:10A8E8000623F9E740F259612D20F5F79FFD2179FC
:10A8F8000120BDE8F84003F0FBBF40F6F541F3E75F
:10A90800F8BD00BFB80A002138B543880446102BAB
:10A9180004D10121BDE83840FFF74CBF0B4D2B7B1C
:10A9280023B102F041FF402003F0ACFF686A03F056
:10A93800C9FE608810F0040002D1217903F0D8FF25
:10A94800002003F059FF01232B7038BDB80A0021FD
:10A95800024B0121986AFFF72DBF00BFB80A0021FA
:10A9680010B5144C237B1BB103F098FF02F038FF9D
:10A97800A06A0BF049F8A16A18B14B8803F01803D4
:10A9880023B90846BDE81040FFF718BDFFF788FA5D
:10A9980020B940F686312D20F5F748FD2378084682
:10A9A800E26A03F18043D268013BBDE8104052F8E7
:10A9B80023301847B80A0021064810B5037803F079
:10A9C800FF042BB92422214607F05EFB204610BD68
:10A9D8000C24FBE7B80A002110B50023094C2370AA
:10A9E800FCF7CCFA6062FFF7E7FF20B14FF4427141
:10A9F8002D20F5F71BFDE36A13B940F20B31F7E799
:10AA080010BD00BFB80A0021014B024ADA62704744
:10AA1800B80A002120AE0001044B054A1A60054B14
:10AA2800054A1A60054B064A1A60704794140021BB
:10AA380035A60001981400215F5A01019C140021D9
:10AA480011AB00012DE9F041067D0446B31E06F066
:10AA5800FD06DBB2012B8CBF4FF000084FF0010858
:10AA6800371E18BF0127012B1AD800F1700190F882
:10AA78006F0009F0D0FB054663889B0617D4082DA4
:10AA880010D186B3FCF788FAB8BBE37E93B3D4F849
:10AA98001530C4F86930B4F81930A4F86D3006E000
:10AAA8000825E9E72846FCF74FFE0028E9D1657735
:10AAB80084F81C8084F86870FCF734FF054605F0BC
:10AAC80073F800220F4B84F87620E5FB0301C4E9F4
:10AAD800180111462046FFF7E1FB60B940F2A34197
:10AAE8002D20F5F7A3FC04F169013046FCF7BCFC06
:10AAF8000028DCD10020BDE8F08104F169010120C3
:10AB0800F4E700BF40420F002DE9F04385B0082369
:10AB1800052104460DF107028DF80730FFF700FD07
:10AB2800002879D0FAF7F8FE002875D13C4D02AF1D
:10AB3800206AFFF7FFFA6B6AD3F81F0093F8232007
:10AB480002903A71226AD3F80310C2F8AD10B3F834
:10AB58000710A2F8B1101B78206AC3F3801380F89D
:10AB6800AC30304B1B6813B1012221469847D4F80A
:10AB780020800E23686A082698F8AC90002243705B
:10AB88004FF00301C378067003F03F03C37009F068
:10AB9800C6FE2046FFF76EFB4946686A09F0C0FD0D
:10ABA8000623012208F1AD01686A09F092FE617975
:10ABB800FF2003F0DFF9686A03F084FDD4F82080F1
:10ABC800204641460BF0CBFA3B46014694F9122049
:10ABD80040460BF06BF8216A00239DF807202046B9
:10ABE80084F89530B1F8AA30A4F89630FF2384F899
:10ABF800B3304FF6FF73A4F8B4300BF082F8236A31
:10AC08002E70B3F8AA20A4F8CD20DB7D84F8CF30CD
:10AC1800012005B0BDE8F0832046FFF7CFFBF7E73A
:10AC2800B80A0021981400212DE9FF41564F044627
:10AC38003A7802F0FF0312B90278FF2A04D140F6ED
:10AC4800DD112D20F5F7F2FB7B60FB817B7380F82B
:10AC580089304E4B684604F1300500934C4B019304
:10AC68004C4B0293FB6A5B68039303F015FD03F0FA
:10AC7800F5F903F013FE02F0B3FD474803F058FA64
:10AC8800464803F003FD28460BF0F1FA28460BF07E
:10AC9800F3FA03F057FA2179252003F06BF994F9B8
:10ACA800120003F03FFA04F15001E06C07F0FFFFD7
:10ACB800064604F15801E06C08F020F88046002EA2
:10ACC8003AD094F82430BBB3B4F94850ED43ED0FB3
:10ACD800237F13B963885B0709D56FF00043D4E974
:10ACE80018129A4208BFB1F1FF3F2FD1ADBB94F8BB
:10ACF8008B301BB946EA0806F6B2AEB1638813F08A
:10AD0800100511D1606CC0F30B200BF033FA94F8E6
:10AD1800463084F84500C0F3032023F00F030343B3
:10AD280084F8463084F88B50786A0330FCF746FE86
:10AD3800387304B0BDE8F081B8F1000F04D094F87E
:10AD48002550002DC0D1C3E74546C1E704F02CFFCC
:10AD5800D4E9182390429941C8D3012229462046B4
:10AD6800FFF79CFA50B1FCF7DDFD054604F01CFF27
:10AD78000B4BE5FB0301C4E91801B8E7002DB6D079
:10AD880040F61C215DE700BFB80A002169A900014F
:10AD980061A4000105A50001D6BE898E5555550050
:10ADA80040420F00024B9862DB6A1B68184700BFDD
:10ADB800B80A002143881A0710B504460FD5036A5C
:10ADC8003C2210498C304272B3F8AA304381FF23E9
:10ADD80080F827304FF6FF73038509F07FFF6388FB
:10ADE8002046DB0747BF236A3C223C224FF6FF710F
:10ADF80048BFB3F8AA10FFF7C3FAFF2384F88930D5
:10AE080010BD00BF695C01010F5E010111A90001BD
:10AE1800155E010145A700018F6101013DA40001F4
:10AE280059A9000110AE000114AE00011CAE0001CA
:10AE38000138022808B503D9C4212F20F5F7F6FAFE
:10AE480013290A4B05D811290CD8102907D0D2216B
:10AE5800F3E71529FBD103EB4003D88801E033F869
:10AE6800100008BD03EB40039889FAE7F6210201B8
:10AE78002C4A38B50346948810681C43402B9480AC
:10AE880004D10421BDE83840FEF758BF802B01D11A
:10AE98000521F7E703F00304032C04D140F6B2318F
:10AEA8003120F5F7C3FADD0706D50C6891602478E0
:10AEB800062C1AD00B2C22D09C0711D50C682178AF
:10AEC8000729117329D00B2922D0052908D1C17B64
:10AED800182905D1002400250121C0E91E45017566
:10AEE8009B0644BF0823537338BDC47B1C2CE3D195
:10AEF80000240025C0E91C450124C474DCE7C47B98
:10AF0800122C01BF0024C474012480F85640D3E7F2
:10AF1800C17B1129E4D10021E1E7617880F8A01014
:10AF2800DEE700BFE80A00210C4A0346517B89B9D5
:10AF380010683BB9B0F81011B0F8F420914209D864
:10AF4800FEF778BE93881B0706D5007C083818BF23
:10AF5800012070470020704701207047E80A00214F
:10AF68002DE9F8438B4D06462C68002840F0C48034
:10AF7800AB88190746D594F89E302A2B16D00CD8E2
:10AF88001C2B13D0222B18D094F89E30FE2B20D1E6
:10AF980040F2FB513120F5F749FA3C2BF4D17E4BB6
:10AFA8001B68002BF0D028469847EDE7002384F86B
:10AFB800413178480AF08DF8E6E784F84201774B8A
:10AFC8001B68002BF5D004F5A17104F1A400984783
:10AFD800EFE7FE2384F89E30E37B1E2B06D1002783
:10AFE8006C4884F855700AF08EF8E773A37B242B1D
:10AFF8002AD0372B30D0237C082B02BF0223AB7317
:10B0080084F89E30AB88DA074FD5D5F80080A96858
:10B0180098F80F30D1F80090113B99F800700F2B79
:10B028000BD8BB1EDBB2092B00F2B28040F23332E0
:10B0380022FA03F3DB0740F1AB8009793846FCF7C5
:10B048005FFE88B9394680E0E37B243B072B94BF39
:10B058002B232523A373CEE7012384F8C5320023CD
:10B06800A37384F84E30C6E7012F01D9162F4ED1AD
:10B0780098F80E000AF067F840B198F80E30242BC3
:10B0880004D0252B34D12B2388F80E303846FDF711
:10B0980051FB0346002849D1FF2FD3D12B69002B40
:10B0A80051D02B68012283F8C622AB88580704D5F3
:10B0B800227C072A04BF0122AA7399074CD5287B52
:10B0C80001222B680D2883F89F2042D0112858D0E0
:10B0D800072858D0FDF742FB034600283AD12A7BBF
:10B0E800FF2A52D12A68372182F8C402917333E0CB
:10B0F800162F14BF022620266B7B1B0704D5E37B83
:10B10800113B0F2B98BF08263046BDE8F883112F56
:10B1180015D005D8072F14D00D2FB7D1204B05E037
:10B12800142FB3D11F4B1B68002B8BD0AA6849463C
:10B138001848127998470028B7D00646DCE71A4B1A
:10B14800F4E71A4BF2E799F8001012480AF00BF8E6
:10B15800F1E7174B0F489847AB88DA06CCD52B6830
:10B16800DA7BB3F8AA000A2A04BF0B22DA730BF0C1
:10B17800CBFB0028C0D0837C002BBDD00023837478
:10B18800BAE70C4BE6E70C4BE4E740F2EE5101E777
:10B198000826B1E7E80A0021E8140021C4140021B8
:10B1A800A7640101A4140021F3640101D1B20001D4
:10B1B8000763010153630101C163010100290346CB
:10B1C80008BF1F21262870B5144639D81C2806D870
:10B1D800A0F10E03DBB2092B1CD9002070BDA0F131
:10B1E8001D02092AF9D801A050F822F085B2000101
:10B1F800E3B10001E3B1000195B20001E3B1000140
:10B20800E3B100016FB200016FB200016FB200013B
:10B21800A3B20001012540F251269D40354015D1C9
:10B22800082BDAD11668B37B252B14D12046FBF7FF
:10B23800A3FF86F838510023B37386F84E30CCE765
:10B248003B2832D03E28C8D1194B27E00021BDE861
:10B2580070400BF0D8B82B2BBFD1F37B243B072BC6
:10B26800E9D92A21E2E7134A1568002DB5D00A4624
:10B27800204619462B46BDE8704018470E4B1B6800
:10B28800002BAAD00A461D212046F4E70B4B1B6869
:10B29800002BA2D00A462021F6E7094B1B68002B99
:10B2A8009BD02046BDE870401847064BF6E700BF24
:10B2B800D4140021A8140021B4140021BC140021C6
:10B2C800C8140021F014002170B54B7804460268B8
:10B2D800262B5CD01DD81D2B957B54D00FD8A3F1FD
:10B2E8000E02D2B2092A08D8012140F2512001FAEF
:10B2F80002F6064220D1082A24D0002070BD232B54
:10B30800FBD12D2DF9D1254B1B68002BF5D0984783
:10B31800F3E73E2B3DD005D82B2B3CD03B2BECD173
:10B328001F4BF1E7FF2BE8D11E4B1B69002BE4D024
:10B33800012382F8C632E0E722461846BDE870408D
:10B348000BF061B8252D01D02B2DD6D1204609F060
:10B35800C0FE2368DA7B262ACFD093F867201A210B
:10B36800204622F0010283F86720226892F86730AD
:10B3780023F0080382F86730FBF7FEFE23680022FB
:10B3880083F83821B9E7362DB7D1074BBCE7074B0F
:10B39800BAE7074BB8E7074BB6E700BFAC14002184
:10B3A800F4140021E80A0021B8140021CC1400216B
:10B3B800D8140021E01400212DE9F34790F8D28237
:10B3C80004460D4690F8D362B8F1000F3BD190F8CF
:10B3D8002071002E39D194F821A184F8207184F8C5
:10B3E80021A1FF2384F822311A4B04F1A8091B6814
:10B3F80013B1394648469847174B1B6823B13A465C
:10B40800514601A80194984794F83831012B02D08D
:10B4180058EA060603D0237B43F00103237348460A
:10B4280009F0E7FC18B1237B43F0020323730621DC
:10B438002046FEF783FC002384F838313DB1A3731E
:10B4480002B0BDE8F0874746C3E7B246C5E7E573F3
:10B45800F6E700BFB0140021E4140021024B0020DD
:10B46800C3E90400704700BFE80A002108B50022BC
:10B47800044BC3E90422FCF72DFFBDE80840FDF7A3
:10B488002DBA00BFE80A002173B5584D00260446BE
:10B498002860AE806E73AE73FF2380F85030B0F82A
:10B4A800DA31002B00F0918090F89E30FE2B40F0AE
:10B4B8008C8090F82C31002B00F08780037C073BB0
:10B4C800012B40F2828090F82D310221A0F84860CB
:10B4D800012280F8A0300AF01FFF0221284684F8D4
:10B4E800E261FCF787FFB4F8DE112046B4F8DE30DD
:10B4F8000139B4F8E02189B2B1FBF3F31344A4F89D
:10B50800E031B4F840300B44A4F84030B4F8463089
:10B5180001330B44A4F84630B4F8443001330B44EB
:10B52800A4F844300AF026FF10B1636B0B44636340
:10B53800B4F8DA310026012B9CBF0133A4F8DA31C4
:10B5480009B184F8E661E37B84F8E2610A3B012BE8
:10B558000FD8E388B4F8D0229B1A190409D404F24E
:10B56800D22104F1170009F028F8E673FF2384F8C4
:10B578004F30B4F8DE2104F1A801204609F064F840
:10B58800E37B1B49113B1B4A0F2B8CBF0023012374
:10B598000093194B2868F6F7D9FB696911B10020A7
:10B5A80003F06EF92C68237BDA0703D500210F48D6
:10B5B800FBF7E2FD237B9B0703D504F25910FCF748
:10B5C800ADFD0023237302B070BD94F89E10FE29D0
:10B5D80001D0064885E7094B1E68002E83D004F089
:10B5E80031FC02460B460148B0477CE7E80A0021D7
:10B5F80079AE000131AF000119B60001F81400213D
:10B60800024B1869003818BF01207047E80A00216A
:10B618002DE9F04FDFF8E4810F4687B08146B8F88E
:10B628000410D8F800408D05204655BFB4F84020D6
:10B6380000230132A4F840304CBF84F8E631A4F866
:10B6480040200AF097FE38B10B4604F5A87204F1C1
:10B65800A8012046FDF7EAFAB8F8043003F4C063FD
:10B6680033B1A37C002B00F0A080032B00F0A38053
:10B67800A27CB8F80430012A03D1180544BF02227D
:10B68800A274B9F1000F40F05181590657BFB4F8C0
:10B6980000224A46013292B2A4F8002203F00A02BC
:10B6A8000A2A0FD198F80C20022A0BD123F008039C
:10B6B8003846A8F80430FFF753FC38430823C7B2CC
:10B6C800A8F804303846FFF74BFCD8F81030384358
:10B6D800C7B2002B50D01422002101A806F0D4FCD8
:10B6E80094F8210103F0F8FA054694F8210103F0D3
:10B6F800EBFA05F5FA754FF47A7394F82911B5FB4E
:10B70800F3F5B4F8AA300544D4F8C800ADF804300D
:10B71800E388ADF80A50ADF8083008F05DFE94F8FB
:10B72800C632ADF8060033B1D8F808301A689B88DD
:10B7380004928DF814309DF80C3001A894F8C522B5
:10B7480062F300038DF80C30D8F8103098470023C6
:10B75800049A84F8C63284F8C5326AB194F8C432BF
:10B7680053B9A37B372B07D09DF8143023B1117838
:10B77800FF2924D11B2B29D9D8F8006096F89E30D0
:10B78800FE2B4BD1002F49D1337C073B012B45D9E8
:10B7980096F82C3113B396F82D3101220221A6F820
:10B7A800487086F8A0303046F2E10121A1742046A5
:10B7B800FEF7C4FA5CE702230121A374F7E707291F
:10B7C800DAD1022BD8D15178FF29D5D10121C4F87B
:10B7D800C82284F8C73284F8C412CDE796F80FA0BF
:10B7E800AAF1100A5FFA8AFABAF1100F40F25A81E8
:10B7F8003368DA0704D53A460921D4E7E80A002174
:10B808009D0740F1F1803A460C2130460AF084FD4C
:10B8180096F8573043F0010386F85730B4F8E03112
:10B8280094F8E3510133A4F8E031002D00F0FB82D5
:10B83800F6F7E2FB10B10023A4F8E031B4F8AA004F
:10B848000BF062F8A37C8346B4F8DE60012B40F26B
:10B858002F83237C082B40F0FE82B4F84030022B63
:10B8680040F22683B4F842500135ADB2E388DFF8E0
:10B878009CA22B44A4F8D831DAF80030002B00F051
:10B888001B83012E40F21883F6F7A8FBDAF8003084
:10B898000246E1882046984700F1010A1FFA8AFA11
:10B8A80094F8E431002B3DD1012D3BD9E37B0BB15A
:10B8B8000B2B37D1A37BABBB237C9BBBA37C022B7D
:10B8C80030D194F8E6316BBBD4F8C00007F017F814
:10B8D80040B394F89E30FE2B24D1B4F8DA31012B12
:10B8E80020D9B4F8E021B4F8D0309A421AD2BBF18A
:10B8F800000F05D0BBF80E10A1B99BF8121089B93A
:10B90800013D9B1AADB29BB2B5FBF6F59D4228BF2F
:10B918001D4605FB06A6003D1FFA86FA18BF01253D
:10B9280084F8E251E3889A44A4F8DCA1B8F804301A
:10B93800D8F800505E0657BFB5F8EC310023B5F8CB
:10B94800DE219B1858BF9BB2A5F8EC3195F82C3135
:10B958001BB92B7C073B012B06D8B5F84830B5F846
:10B96800DE211344A5F8483095F84E1031B1B5F8EA
:10B978004A30B5F8DE211344A5F84A3095F9542029
:10B98800002AC1BFB5F85230B5F8DE011B18A5F87A
:10B99800523095F831306BB9B9F1000F40F0DF82C1
:10B9A80098F80E30022B40F08A8295F8A030062BCA
:10B9B80018BF162395F8302022B9554885F831303C
:10B9C800FCF726FF28460AF0C8FD524B1B681BB13E
:10B9D800514A204611689847002384F8503007B030
:10B9E800BDE8F04FFBF712BD580702D53A461321C0
:10B9F800D9E6190706D596F898303A4686F8A03061
:10BA08000721D0E61A0602D500221B21CBE613F047
:10BA1800300238D096F82F31002B60D196F82E31AD
:10BA2800C3B1F37B06F1A80006F5977106F2D2229E
:10BA3800292B26D0B37BA3F129056B426B4109F072
:10BA480094F9336823F0200343F010033360002394
:10BA580086F82E313368DA0641D506F1A80009F0D8
:10BA6800C8F918B106F25910FCF758FBB6F80A31B4
:10BA780000221521A6F8A030B6F80E31A6F8A2309B
:10BA880091E60123DBE713F0400101D024218AE687
:10BA980013F4807202D00A461E2184E6DB041ED508
:10BAA8002C2180E6D8F80050EB7B182B3FD011D81A
:10BAB800112B26D0162B31D0B37B002B7BD1F37BF7
:10BAC800103B102B7FD996F83E30002B7BD00122FB
:10BAD800122168E6202BEFD13A46062113E0D8F868
:10BAE8000000C37B352B51D006D8262B53D02F2BE3
:10BAF800E2D1002220214BE04E2BDDD100223C2157
:10BB080046E03A460B21284642E000BFD014002107
:10BB1800E80A0021C0140021380000212846FCF75B
:10BB2800EBFE00283FF47AAE00220421EBE795F8FB
:10BB3800C032012B07D13A46052128460AF0ECFB12
:10BB480085F8C0726AE695F8C032022BD9B27FF444
:10BB580065AE95F8563053B106233A4685F8A030BD
:10BB680028460AF0D9FB002385F8C032EAE7D8F85E
:10BB7800003040F20632A3F89A203A4695F866302B
:10BB880013F0040F0CBF0D211121E9E70022112148
:10BB98000AF0C2FB42E690F83831022B02D10022AB
:10BBA8001721F5E790F83831012B85D190F8393114
:10BBB800002BF4D080E7092B05D196F899300122A3
:10BBC80086F8A0301CE7BAF1100F7FF627AED8F838
:10BBD800005095F80EA0BAF1000F40F0B98095F822
:10BBE8003F313BB101220E2128460AF095FB85F82A
:10BBF8003FA1A7E795F83E3183B195F857A01AF011
:10BC0800030B0BD14AF0010A01220C2128460AF045
:10BC180083FB85F857A085F83EB193E795F8403146
:10BC280073B195F86D30DB0902D001222B216AE748
:10BC3800A84B1B68002B00F08B80A748984787E02B
:10BC480095F82E312BB395F82F3113BBEB7B05F10B
:10BC5800A80005F5977105F2D222292B17D0AB7BE6
:10BC6800A3F129067342734109F07FF8002385F890
:10BC78002E310122142128460AF04EFBB5F80A316C
:10BC8800A5F8A030B5F80E31A5F8A230C6E5012315
:10BC9800EAE795F83831012B6ED195F83931002B48
:10BCA8006AD1E87BA0F12403072B65D995F8201108
:10BCB8004B1EDBB2032B09D895F82121DFF81CC2F3
:10BCC800013A1CF803E0D2B2032A04D94FF43F71B9
:10BCD8000620F4F7ABFBBEF1020F95F83A3114D009
:10BCE800BEF1030F13D0BEF1010F04D1012B14BF15
:10BCF800002301236BB9A0F14703012B28D90A3887
:10BD0800042825D901221621FDE6022BEFE7042B92
:10BD1800F1D11CF8022095F83B31022A24D0032ADD
:10BD280024D0012AE7D1012B14BF00230123002BC3
:10BD3800E1D0EB8805F53472B5F83C0108F0F3F86A
:10BD48008246B0B901466448FBF716FA85F838A16F
:10BD5800B37B002B7FF462AD96F8C432002B3FF41E
:10BD68005DAD0122FF211EE5022BDDE7042BE0D0AB
:10BD7800C1E72C23AB7351E595F8423113B1012289
:10BD88002221C0E695F8413143B1554B52481B6812
:10BD98009847FE280146DBD00122B4E695F84A31DF
:10BDA80013B101221D21AEE695F84B3113B10122E2
:10BDB8002621A8E695F8CC3213B101223E21A2E64D
:10BDC80095F84C319BB1D8F800301021B3F8AA008F
:10BDD800F4F726FF03699B0706D5424B3E481B68CC
:10BDE800984701223B218EE63F4B1B6825E795F8D3
:10BDF8004E314BB195F8393133B9EB7B243B072BE6
:10BE080002D9012223217EE695F84D31012B05D177
:10BE1800002385F84D310122252174E695F84D312E
:10BE2800022B95D1F4E7F6F7D3F808B1A4F8E0515E
:10BE3800F6F7EAF800283FF401AD94F8E63101334B
:10BE4800DBB2022B84F8E63182BF0023A4F8E0318C
:10BE580084F8E631F2E494F83E3013B1A37B0F2B5B
:10BE680026D1B4F840202046B4F84630B100B4F8E2
:10BE780042509A4205F101052CBFAD1AED1AA5EB07
:10BE880086050AF077FAA8B1A36B626B01339B1A97
:10BE98005B1A9D42A8BF1D46BBF1000F05D0BBF839
:10BEA8000E30043B9D42B8BF1D46012D3FF7DDAC67
:10BEB8000125DBE42B46ECE74FF0010AF0E4012B07
:10BEC80014D16B7C002B7FF475AD00212846FDF75B
:10BED80035FF7AE5E0140021E80A00210822020172
:10BEE800A0140021EC140021F41400215FB1F8061D
:10BEF80033D4390733D4BA0633D4BB0733D140F629
:10BF08001E313120E5E639B1B5F84A10B5F84C30A4
:10BF1800994201D322234DE5002A05DDB5F85220C8
:10BF2800B5F84C309A42F5D2B5F84820B5F8423009
:10BF38009A4209D2AA7CB5F8403052B1B5F84220ED
:10BF48009A42C2D8082335E595F82C31002BE1D167
:10BF5800F0E7052BB9D93E232CE51E232AE53D231E
:10BF680028E5232326E52A2324E500BF73B50446E4
:10BF78000190D0F8D802D4F8C830984214D1D4F837
:10BF8800DC62D4F8D030F61A18BF012694F8E432EF
:10BF9800002B3ED0B4F8AA000AF0B6FC30B940F63F
:10BFA8007E513120F4F742FA0126EFE7B4F8E02297
:10BFB800B4F8DE309A421AD1B4F8E23282899B1A78
:10BFC80018BF0123A57B472D15D0E27B472A10D047
:10BFD8000025B4F8DE2201A8D4F8D812FBF732FE07
:10BFE8008DB30023A3730323A37402B070BD012390
:10BFF800E8E73343ECD0154B1B6813B940F6895179
:10C00800CFE7A5F14702002101A8554255419847BD
:10C01800DFE7002EDCD0B4F8AA3094F82911A4F890
:10C02800A13108F0D9F9B4F8DC32A4F8A30104F27C
:10C038009710A4F8A531B4F8DE320549A4F8A73161
:10C0480008F055FEC4E7E573CDE700BFDC14002116
:10C058001D53010138B50D4B0D4633F81040084605
:10C0680002F03AFE4FF47A7304F29D74033D0444DF
:10C07800012DB4FBF3F404F21B148CBF0025282512
:10C0880009F02CFC2044284438BD00BF0C230201D1
:10C098002DE9F74F99466C4B05460C46C36016468A
:10C0A800437D23F0070343F0010343750023036135
:10C0B80091F80EA0AAF14703012B19D991F80F8026
:10C0C800A8F14708B8F1010F8CBF4FF000084FF0F6
:10C0D8000108B9F1000F04D000220121204601F027
:10C0E80099FA637B032B7ED8DFE803F00579707932
:10C0F8004FF00108EDE726B940F217213520F4F793
:10C1080095F90027012304F1A800BB4663730AF0E0
:10C1180061FA4E4B1A6822B149462046904707FB00
:10C1280000BBD4E976211BEB020241F10001C4E90E
:10C138007621C5E90021A17BA1F10B02D2B21E2A0A
:10C1480054D8434ED64006F00106E27B472A08BF82
:10C1580046F0010620460AF06EFB28B1002E4BD1AE
:10C16800607B012818BF022004F1E80328751846EF
:10C17800019308F0F1FDA860B9F1000F61D0AAF1B0
:10C188000D0ABAF1010F8CBF424648F00102002A9D
:10C1980057D13946284608F0A2F81FFA80F92046F8
:10C1A8000AF049FB804686BB81452ED30BFB00F085
:10C1B8002E75D4E97621121841F10001C5E9002154
:10C1C800BBF1000F1AD140F29D2197E7D4F82872ED
:10C1D8000322D4F84032627307EB030B99E7D4F8D3
:10C1E800C8B05F4695E74FF4147187E7472901D037
:10C1F8000026AAE70126ADE70020B5E7394628461C
:10C2080008F06DF880441FFA88F901224946204653
:10C2180001F000FA0D4B1B6853B1012120469847E5
:10C228007843D5E900321B1842F10002C5E9003213
:10C2380004F1E80008F090FDA860D5E90023C4E9FE
:10C24800762303B0BDE8F08FA5C20001FC140021DD
:10C2580005000040F7B501230F4E33700023CDE9E8
:10C2680000336846F4F716FD044618B1002333700E
:10C2780003B0F0BD009D6B7B002BF2D005F5007775
:10C28800384603F049FD384603F05AFD05F5EC70D1
:10C298006C73FCF737FEE4E7000B00212DE9F04151
:10C2A800804686B00D46A0F50074052900F28D8001
:10C2B800DFE801F003856C8B8B80637B13B9EA217F
:10C2C800352016E0204601F009F900286FD0A8F5BE
:10C2D800AC7611217088F4F7A3FC034696F8780031
:10C2E800002B51D002284DD005D8012808D0DC21D8
:10C2F800B420F4F79BF8C21E012AF8D81E3300E0D8
:10C308000A339C8896F87910314FCB1E012B98BFC1
:10C318002825FFF79FFE2A307A784B3D8442EDB2FC
:10C328008CBF231A0023346AE41A1AB9336C9C426E
:10C3380028BF1C46A8F58C7008F00EFD00F12A08ED
:10C348000220A4EB080403F021FD022124EAE4748E
:10C35800844228BF0446204603F044FD10B1A0449F
:10C3680003F028FC00232A464146304608F0F9FD30
:10C378007860306A03F01AFC164806B0BDE8F04150
:10C3880004F07ABC1433BCE79624BBE72146684620
:10C3980001230022FFF77CFE6946404603F066FC55
:10C3A80010B94FF434718BE7E3880133E38006B0AA
:10C3B800BDE8F08106B0BDE8F041F5F707BE637B44
:10C3C800042BF4D04FF483717AE74FF4857177E743
:10C3D800000B002155EA0001024B0022C3E90022AC
:10C3E800FFF738BF000B0021014B5870704700BFA2
:10C3F800000B002108B501F091FD044B5A688242F8
:10C408002ABF1878002080F0010008BD000B002129
:10C4180030B5044687B0042900F2A380DFE801F0B4
:10C42800032522299B00504B1A7802F0FF03CAB952
:10C43800014601226846FFF72BFE694604F50070A5
:10C4480003F036FC20B94FF435713520F3F7EEFFD1
:10C45800E3880133E38002F049F807B0BDE83040D3
:10C4680003F052BC04236373F5E70323637307B037
:10C4780030BDD0F8C83090F82951C0F828323DB105
:10C48800D0F8445241F64B5295428CBF0025012505
:10C4980040F2E242ADF8042094F8502242B9D4F8B0
:10C4A800442293421DD0B4F8AA000AF030FA18E0EA
:10C4B800B4F8AA000AF028FA10B94FF44471C4E796
:10C4C800B4F84C320025A4F8DE30B4F84E3283813B
:10C4D800B4F83C32C5814381013B03827D23ADF82A
:10C4E800043094F82A3113BB15BBD4F8403204F554
:10C4F800EC70D4F84422C4F8D830B4F83E32C4F80A
:10C50800C820A4F8DC30D4F8483284F82A51C4F89A
:10C51800D030B4F8DE305343019A19460093FCF743
:10C52800D3FC04F1A8000AF055F802239EE75DB198
:10C538004FF04D13C4F8E0300023A4F8E4304FF472
:10C548007A73ADF80430D0E74FF09613A4F8E450AE
:10C55800C4F8E030C9E7A83007B0BDE830400AF0B9
:10C5680039B840F2653170E7000B00210D4A0146E9
:10C57800107890B90129536807D1B3F81021B3F89E
:10C58800F4309A420CD8FFF735BF1289520706D506
:10C59800187C073818BF0120704700207047012019
:10C5A800704700BF080B002138B5174B1C895A6823
:10C5B80004431C8100F00304032C04D140F6E42159
:10C5C8003620F3F733FFC50748BFD960840706D57F
:10C5D800096809780629197406D00B290ED0820635
:10C5E80044BF08221A7038BD917B1D29F7D1002459
:10C5F80000250121C2E91E451175F0E7917B132939
:10C60800EDD10021F8E700BF080B00212DE9F74321
:10C61800837B04460090A3F14702012A20D9C27BFC
:10C62800A3F10D01473A0129D2B216D8012A8CBFCD
:10C6380000220122E188B4F83C02013189B2884223
:10C6480040F0A78094F85052002D00F081804AB93C
:10C6580040F261213620F3F7E9FE012A00F29980C1
:10C668000122E7E7524B1B6813B940F26221F1E758
:10C67800002168469847002584F85252B4F84A22A7
:10C688006846D4F84412FBF7DDFA03212046FFF789
:10C69800BFFEA37BA3F14702012A03D9A3F10D0230
:10C6A800012A71D80023A373E27B292A77D1A3F149
:10C6B8002C0255425541E388B4F8382201339B1ABD
:10C6C8001B046ED494F83A8294F8203194F83B62B3
:10C6D800B8F1000F08BF98460EB994F82161984543
:10C6E80062D194F821319B1B18BF012343EA050945
:10C6F80084F8208184F82161FF2384F822312D4BAE
:10C7080004F1A8071B6813B14146384698472A4BDD
:10C718001B6823B14246314601A801949847B9F1F4
:10C72800000F03D0237B43F001032373384608F03E
:10C7380060FB18B1237B43F00203237304212046D6
:10C74800FFF766FE002384F838317DB3A37328E031
:10C75800B4F8AA3094F82911A4F8A131D4F8440205
:10C7680007F03AFEB4F84832A4F8A30104F297108F
:10C77800A4F8A531B4F84A321049A4F8A73184F8CE
:10C78800A05108F0B4FA76E7E27B473A012A98BF4D
:10C79800E573A3F12902012A86D801258BE72C2B02
:10C7A800FBD003B0BDE8F08301239FE7E573F8E70A
:10C7B800341500210C150021401500211D530101DD
:10C7C80010B54B7802460468232BA17B27D018D8D4
:10C7D8001D2B2BD00AD8A3F11201042904D84FF439
:10C7E800A801D940C90714D4002010BD1F2BFBD1C4
:10C7F8003129F9D1114B1B68002BF5D020469847F9
:10C80800F2E73B2B18D03F2B14D02B2BECD10C4B41
:10C8180008E001211846BDE8104009F063BF2D2942
:10C82800E2D1084B1B68002BE9D1DDE73629DBD1C3
:10C83800054BF7E7054BF5E7054BF3E71C1500211A
:10C848003C15002108150021141500213815002178
:10C8580050150021034610460A1E08BF1F22252B2B
:10C8680070B535D8112B03D8032B3FD0002035E005
:10C87800A3F112011329F9D801A454F821F000BF3B
:10C88800E7C8000175C80001E7C8000175C80001C4
:10C89800E7C8000175C8000175C8000175C8000126
:10C8A80075C8000175C8000175C8000161C900019B
:10C8B80075C800016DC9000175C8000175C800017F
:10C8C80075C800014FC900014FC900014FC90001D7
:10C8D8003B2B4FD0FE3B58425841400070BD0246AA
:10C8E80000211846BDE8704009F0FCBE0468A37B2F
:10C8F8001A2B01D0142B46D194F85630002B42D174
:10C9080084F8553084F84E3094F8B13103F0FF05BF
:10C9180023B140F20B413620F3F788FDB4F8AA3072
:10C9280084F8B221A4F8B33184F8B551A4F8B6510B
:10C93800A4F8B85184F88252144904F2A91008F0F6
:10C94800CDF9A57392E712490C68002C8ED01946D0
:10C958002346BDE8704018470E4B1B68002B85D056
:10C968001D21F6E70C4B1B68002B3FF47FAF1F21FE
:10C978000068EEE7094B1B68002B3FF477AF1146C0
:10C98800BDE8704018470220A8E700BFAF54010176
:10C998000415002110150021181500214C1500213F
:10C9A8002DE9F347964F80460E467C68002284F8AE
:10C9B8005020398920468D055EBFB4F840200132E9
:10C9C80092B2A4F8402009F0E6FC38B10B4604F511
:10C9D800A87204F1A8012046FCF728F93B8903F462
:10C9E800C06333B1A37C23B901212046A174FFF7AA
:10C9F8000FFDB8F1000F40F0CC81002E40F0C98146
:10CA08003B897D685C0705D52A7C072A02BF01227D
:10CA18002E747A74980713D5387C0123072885F873
:10CA28009F300AD0112824D0FBF78EFE034628B980
:10CA380040F21B613620F3F7F9FC724B72489847B5
:10CA48003B89190740F1B2807C6894F89E302A2B04
:10CA580036D81B2B0FD8012B56D0032B5DD0002BBB
:10CA680042D094F89E30FE2B40F089804FF4C56187
:10CA7800E0E7664BE2E71C3B0E2BF2D801A252F826
:10CA880023F000BF41CB00016BCA00016BCA000153
:10CA98006BCA00016BCA000149CB000157CB0001EA
:10CAA8006BCA00016BCA00016BCA00016BCA0001A6
:10CAB80075CB00016BCA00016BCA000141CB0001B4
:10CAC8003C2B5AD03F2BCCD1E388B4F83C229B1A9C
:10CAD8001B0402D4002384F85232A37B472B0CD1C9
:10CAE800002384F84E30BCE7E288B4F83C12521AAE
:10CAF8001204B6D484F85232B3E7E37B472BB0D1A3
:10CB0800414808F000FBACE7E388B4F836229B1AEA
:10CB18001804A6D40023A373A3E7A37B143BDBB2BA
:10CB2800092B05D840F2412222FA03F3D90798D4F9
:10CB3800002384F88232DFE7002384F84131D0E70C
:10CB4800334B1B68002B8CD02046984789E700237D
:10CB580084F842312F4B1B6823B104F5A17104F10D
:10CB6800A4009847284808F0B4FA7AE72A4B1B68CB
:10CB7800002B3FF476AF2448E7E7284BF7E7FE237E
:10CB880084F89E30A37B292B38D02ED80B2B30D09D
:10CB98000D2B31D0E37B472B04BF4823E373237C61
:10CBA800082B01BF02237B74002323743B89DA0717
:10CBB8004AD5FA687B681668997B93F856003478EA
:10CBC80009F07DFD28B1112C69D8154BE340DB072E
:10CBD80065D511792046FBF793F818BBFB683146F9
:10CBE80009481A7908F0D0FA2DE0472BD2D148230A
:10CBF80000E00C23A373CDE70E23FBE72A23F9E714
:10CC0800080B0021B16601010C0B00219966010196
:10CC18002015002124150021281500214415002184
:10CC2800742802000D2C34D0112C34D0072C34D0A9
:10CC38002046FBF775FD03460028CFD0FA68314639
:10CC4800B3481279984706463B781C0707D5A97B55
:10CC580095F8560009F033FD002818BF0826284625
:10CC6800FFF7D4FC7D6895F89E30FE2B40F091804C
:10CC78002B7C073B012B40F28C8095F82C3103F07C
:10CC8800FF0273B10023A5F848300223A5F89E30AF
:10CC98007FE0A04BD2E7A04BD0E7A04BCEE7082619
:10CCA800D2E7AB7B43B995F83E201AB31222A5F818
:10CCB8009E20A5F84A3069E0282B00F0A78010D8FC
:10CCC800132B5ED009D8032B00F09A80122B00F0AA
:10CCD8008E80103B102B5CD90CE01D2BF9D106235C
:10CCE80050E0342B00F0A480352B00F09780322BD5
:10CCF80000F09280EB7B362B00F2E080212B00F2D3
:10CD08009980013BDAB2052A40F2C68095F89E3038
:10CD1800FE2B3ED17C6894F89E30FE2B40F0E381D8
:10CD2800A37B002B40F0DF8194F85232002B00F0F7
:10CD3800678194F85032002B40F05D81E07B08F069
:10CD480002FA8246002840F05B81E37B342B00F036
:10CD5800578194F850328BB11021B4F8AA00F3F738
:10CD68005FFF036913F4007900F056814723A4F8A4
:10CD78004AA0A373012384F84E303F23A4F89E30C1
:10CD8800B1E10B23A5F89E30A5F84A20012385F8C8
:10CD98004E307C6894F82C311BB9237C073B012B5F
:10CDA80004D8B4F848300133A4F8483094F84E1049
:10CDB80021B1B4F84A300133A4F84A3094F9542028
:10CDC80022B1B4F852300133A4F85230B8F1000F50
:10CDD80040F06D837B7C022B00F06583012B40F0D3
:10CDE8001483637C002B40F0258300212BE3D5F8C6
:10CDF8005432C5F890300323A5F89E30002358E735
:10CE080095F8993085F8A03007233FE71823A5F84F
:10CE18004A20A5F89E30BCE72123B3E71123A5F8E3
:10CE28004A20AA73A5F89E30012385F8A030B0E700
:10CE380027232BE7223B142B3FF668AF01A252F8B9
:10CE480023F000BF29CF000129CF000115CD000133
:10CE580015CD0001A1CF000115CD000115CD0001B0
:10CE680015CD000115CD000115CD000115CD00012E
:10CE7800EBCF000115CD000115CD000115CD000146
:10CE880015CD000115CD000115CD0001F3CF00012E
:10CE9800D5CF0001EFCF0001052B3FF637AF01A238
:10CEA80052F823F0EDCE000109CF0001DBCE0001DE
:10CEB800E3CF000115CD0001E7CF00014B2B00F0B7
:10CEC80096804E2B00F09580472B7FF41FAF3F23B1
:10CED80074E095F8983085F8A0300723A5F89E30BF
:10CEE800002313E00C230022A5F89E3095F8573054
:10CEF800A5F8522043F00103EA7385F8573005E797
:10CF08001323A5F89E300023A5F85230EB73FDE6F5
:10CF18000C0B002179670101B1670101C9C7000144
:10CF280095F82F31002B7FF4F1AE95F82E31ABB187
:10CF3800EB7B05F1A80005F5977105F23A22292B3C
:10CF480028D0AB7B293B012B8CBF0023012307F0A2
:10CF58000CFF2323EB73002385F82E31EB7B232B67
:10CF68007FF4D4AE05F1A80007F043FF18B105F22D
:10CF78005910FBF7D3F8B5F80A31A5F8A030B5F881
:10CF88000E31A5F8A2301523A5F89E300023A5F888
:10CF98005230BBE60123DAE795F83831012B10D07F
:10CFA80095F83831022B7FF4B1AE0023D5F818215B
:10CFB800D5F83A11AF4806F0D2FF1823A5F89E30ED
:10CFC800A4E695F83931002BEAD1EEE71123A5F84C
:10CFD8009E30002385F8A03096E70923EEE71B234F
:10CFE8007CE72423EAE71E2378E72723E6E72C23B8
:10CFF800E4E73C23E2E794F84031002B3FF49EAE8F
:10D0080094F8823203F0FF010BB3E37CBBB1237DBC
:10D0180073B940F21A710DE5974B1B6813B940F2CA
:10D028000B7107E51A219348984784F852925AE001
:10D038000A23A4F89E300023A4F84A3011E0D4F85B
:10D048005422C4F890200322A4F89E20F4E794F810
:10D058003F3103F0FF0243B10823A4F84A10A4F8B3
:10D068009E30012384F84E303DE094F8403103F0BF
:10D07800FF0173B194F86D30DB0905D02B23A4F8B8
:10D088009E30A4F84A20ECE77C4B1B685BB37948D8
:10D0980061E0D4F88432002B5FD01F22E07BFBF7DD
:10D0A80099F8002859D1D4F8843233B113F8512CA7
:10D0B800012A05D040F24A71BCE440F24671B9E455
:10D0C80013F8283C03F0FF0113B140F24B71B1E4AF
:10D0D80094F8693098063BD51F23A4F84A1084F8C1
:10D0E8004E20A4F89E3095F89E30FE2B7FF451AE6A
:10D0F800AB7B002B7FF44DAE95F83532002B3FF417
:10D1080048AEE87B08F01FF8044600287FF441AEDB
:10D11800EB880A2B7FF63DAE6846FAF7C1FD00287A
:10D128003FF437AE052205F11801684604F04EFFBA
:10D13800002800F067819DF80430009885F83432A3
:10D148000123C5F83002A5F89E3085F8354220E65F
:10D158004B4B20461B689847C5E794F83E3173B19E
:10D1680094F8573013F00302BDD10C2143F00103AA
:10D17800A4F89E1084F8573084F83E2157E794F8B5
:10D188002E3113B394F82F31FBB9E37B04F1A800D7
:10D1980004F5977104F23A22292B14D0A37B293B7A
:10D1A800012B8CBF0023012307F0DFFD002384F847
:10D1B8002E31B4F80A21A4F8A020B4F80E21A4F85E
:10D1C800A220142240E70123EEE794F83831012B1E
:10D1D8005DD194F83931002B59D1E07B07F0B3FFCA
:10D1E800002854D194F820114B1EDBB2032B09D828
:10D1F80094F82121DFF88CC0013A1CF80300D2B260
:10D20800032A03D94FF43F71062014E4022894F846
:10D218003A310AD003280AD0012804D1012B14BFBF
:10D22800002301232BB9162303E7022BF7E7042B6E
:10D23800F5E71CF8022094F83B31022A15D0032A9E
:10D2480015D0012AEFD1012BEDD1E38804F50E7238
:10D25800B4F83C0106F067FE8146A8B901460548C6
:10D26800F9F78AFF84F838913DE7022BECE7042BA5
:10D27800EAE700BF0C0B0021341500213C15002102
:10D288001C150021132202012C23A3732BE794F809
:10D29800413103F0FF0283B3884B89481B689847E4
:10D2A800FE283FF420AF00231E2884F89E0084F84F
:10D2B8009F300AD92438C0B21B283FF6BCAE814B38
:10D2C800C340D9073FF50FAFB5E601227E4B824038
:10D2D8001340002B7FF407AF15280BD011287FF4DB
:10D2E800AAAE94F8A02012B1A4F84A30FBE6A4F83C
:10D2F8005220F8E6A4F85230F5E694F84A3103F0E3
:10D30800FF090BB11D23BAE694F842316BB309212A
:10D31800B4F84401F3F784FC10B984F8420186E6B6
:10D3280090F8F03103F0FF0213B984F842217EE649
:10D3380090F8C831032B14D8DFE803F00202050D7A
:10D3480084F8429173E694F8483180F8F13100236B
:10D3580084F842316BE62223A4F89E30A4F84A9060
:10D368007FE640F2DE61FFF765BB94F84B318BB185
:10D3780094F8523273B994F86A305A0608D5534B68
:10D388001B68002B3FF4AFAE4D4898472723F5E4C0
:10D398004F4B7AE694F84C31BBB13B220021E07B3D
:10D3A800FAF718FF814680B91021B4F8AA00F3F7FC
:10D3B80037FC03699B0705D5464B41481B689847CE
:10D3C8003B23C9E7444B1B6861E694F84E3153B1DF
:10D3D80094F8393103F0FF022BB9E37B243B072B88
:10D3E80001D923234BE694F84D31012B04D10023B6
:10D3F80084F84D31252227E694F84D31022B7FF42D
:10D4080072AEF4E785F83502A1E65EB1F0064CD4B9
:10D4180031074CD4B2074CD1B3064CD440F668312E
:10D42800FFF708BBB9B1B4F84A10B4F84C309942C8
:10D4380011D9222384F831302148FBF7E9F9002378
:10D448000221E381A3742046FEF7E2FF02B0BDE8A3
:10D45800F047F9F7DBBF2AB1B4F85220B4F84C30E2
:10D468009A42E6D8B4F84820B4F842309A420ED22C
:10D47800B4F84820B4F84C309A42DAD2A27CB4F816
:10D4880040304AB9052B7FF6B0AC3E23D2E794F87A
:10D498002C31002BCDD1EBE7B4F842209A423FF66D
:10D4A800A4AC0823C6E71623C4E71E23C2E73D231E
:10D4B800C0E72A23BEE72323BCE700BF00150021ED
:10D4C8000C0B002109010009871208492C150021BD
:10D4D800301500214815002150150021B0F84430BE
:10D4E800013373B5A0F844300026B0F8463004463E
:10D4F800424D013368602E812E706E74A0F846305C
:10D50800FF2380F85030837B0B3B012B11D8C38855
:10D51800B0F836229B1A19040BD400F50C71173099
:10D5280007F04BF8A37B0C2B08BFA673FF2384F8E6
:10D538004F30B4F8202204F1A8012046013292B2FB
:10D5480007F082F80023A4F8203294F84E302BB16B
:10D55800B4F84A20B4F84C309A4214D294F95430B2
:10D568002BB1B4F85220B4F84C309A420BD2B4F82C
:10D578004220B4F84830934205D2A17CB4F8403038
:10D5880039B9052B07D900210846FFF709FA002009
:10D5980027E09A42F7D994F89E10FE2923D018481C
:10D5A800FAF728FF6C68174AA17B94F8560009F02F
:10D5B80086F8154B009020461449F4F7C7FB6C68B1
:10D5C800237BDA0703D500210D48F9F7D5FD237B26
:10D5D8009B0703D504F25910FAF7A0FD0023012098
:10D5E800237302B070BD0A4B1C68002CDAD002F01D
:10D5F80029FC02460B460248A047D3E7080B002146
:10D608000C0B002175C50001A9C90001B1C50001B5
:10D6180054150021B0F820320B4470B5A0F8203220
:10D628000446B0F840300D4616460B44A0F840308A
:10D63800B0F846300B44A0F84630B0F844300B44FC
:10D64800A0F8443008F0A7FE90B1636B20460B4465
:10D6580004F1A801636308F0A1F8D4E90D239A4204
:10D6680006D30023144904F5A870636307F03FFB51
:10D6780094F84E3023B1B4F84A302B44A4F84A3019
:10D6880094F9543023B1B4F852302B44A4F85230F2
:10D6980094F82C311BB9237C073B012B04D8B4F830
:10D6A80048302B44A4F848302046FEF7AFFF16B1A7
:10D6B800E3881D44E58070BD0F570101014B1874C4
:10D6C800704700BF900B0021074B93F900301844B6
:10D6D800142804DC10F17F0F03DB40B270471420DC
:10D6E80070476FF07E007047FE0B00217F2307B55F
:10D6F8000DF107008DF8073001F0DEF803469DF9BB
:10D70800070053B1094B5B785B425BB2184414289D
:10D7180006DC10F17F0F05DB40B203B05DF804FBB7
:10D728001420FAE76FF07E00F7E700BFFE0B002138
:10D73800024B00221A705A70704700BFFE0B00217E
:10D74800014B1870704700BF000C002108B500F0AD
:10D75800AFFB00F0CDF800F005F8BDE8084001F097
:10D7680061BB00BF034B00214FF480521970A3F82E
:10D7780001207047040C002170B5064602201446AB
:10D788000D4600F0D5F8064B0122033C1A70054BF4
:10D79800C3F81045C3F80865C3F8045570BD00BF49
:10D7A800040C002100E00041022008B500F0C0F898
:10D7B800084B002208484FF0010C084980F800C0C7
:10D7C800C3F80021C3F80421C3F80821C3F8801066
:10D7D80008BD00BF00E00041040C002103000080E8
:10D7E800104B1A785AB110490020C1F88000D1F8BE
:10D7F80000213AB91021002099705A701870002041
:10D8080000F096B8D1F80421002AF3D0D1F8082105
:10D8180022B9D1F800140122C9B2ECE7102102465E
:10D82800E9E700BF040C002100E00041022008B530
:10D8380000F07EF8064B0022012106480170C3F86B
:10D848000021C3F80421C3F80821196008BD00BFEE
:10D8580000E00041040C002108B5164B1A78B2B15B
:10D86800C823154AD2F8001141B1D2F8040120B1F9
:10D87800D2F80801B0FA80F0400908BD013B13F066
:10D88800FF03EFD10620FAF719FC002008BD5878ED
:10D89800C823A0F10202B2FA82F2520900E01AB1DA
:10D8A800013B13F0FF03FAD10228EBD0431E584284
:10D8B800584108BD040C002100E000410A4B1A78C9
:10D8C8007AB10A4BD3F800214AB1D3F8042132B116
:10D8D800D3F808211AB9D3F80004C0B27047102051
:10D8E80070479878704700BF040C002100E00041A1
:10D8F80038B54FF480420C4BC3F88020BFF34F8FEC
:10D90800BFF36F8F094BD3F80025032A01D10122F9
:10D918009A60064C0025C4F80055C4F8005501F07B
:10D928008FFBC4F8805038BD00E100E000E0004102
:10D93800164BD3F80025032A70B5054601D10122FC
:10D948009A60124C0026C4F80065C4F8006501F01E
:10D9580077FB012DC4F880600DD0022D01D08DB960
:10D9680070BD03210A4A0B4BC4F80015C4F81425EE
:10D97800C4F8803070BD0222054BC4F80025C4F8F5
:10D98800143570BD8C213D20F2F750FD00E00041B8
:10D99800080C002103000080024BD3F8A00200F01D
:10D9A800010070470000FF010A4B4FF6FF72014665
:10D9B80010B4D3F8A442D3F8A8329BB2934208BF5C
:10D9C800B4F1FF3F14BF0120002001D00C608B8010
:10D9D80010BC70470000FF010D4B70B4D3F8906283
:10D9E800D3F89452D3F8984206EA0502D3F89C1269
:10D9F80022400A40013202D1002070BC7047034621
:10DA0800066001205D609C60D96070BC704700BFF3
:10DA18000000FF010D4B70B4D3F88062D3F8845234
:10DA2800D3F8884206EA0502D3F88C1222400A404D
:10DA3800013202D1002070BC704703460660012005
:10DA48005D609C60D96070BC704700BF0000FF013A
:10DA5800EFF3108272B60F4B93F83D1011B9BAB9B3
:10DA680062B670475B78012B0FD0022BF7D1830782
:10DA7800F5D409480121094B10B40024C0F84045E9
:10DA8800196102B962B610BC70474107E7D4F0E7E4
:10DA9800704700BF180D002100C000410080004100
:10DAA80030B5431E3C4C83B02072072B6AD8DFE8A0
:10DAB80003F03843484D69525704384B0F22C3F8D6
:10DAC8001025A389B3F5166F33D2A3F6381343F4A0
:10DAD8008073324DC5F8083501F07F03C5F8543519
:10DAE80001AB94F9092001F07BFB9DF8050001F0DA
:10DAF8003FFC00284BD128499DF9040001F0F4F8B7
:10DB0800237A082B31D040F2031240F25B6322489B
:10DB1800C5F83425C5F8383503B0BDE8304001F004
:10DB280041BB1E4B0322C3F81025A389B3F5166F1A
:10DB3800CBD3A3F51663CCE7184B0422C3F8102502
:10DB4800BFE7164B0522C3F81025BAE7134B062288
:10DB5800C3F81025B5E7114B0022C3F81025B0E72C
:10DB68000E4B0122C3F81025ABE740F202220C4B02
:10DB78000948C5F83425C5F8383503B0BDE8304044
:10DB880001F010BB40F645513E20F2F74FFC40F241
:10DB9800E3513E20F2F74AFC180D002100800041B5
:10DBA80021100100364B421E10B51872072A62D8A0
:10DBB800DFE802F03540454A614F5404314A0F24EA
:10DBC800C2F810459B89B3F5166F30D2A3F6381307
:10DBD80043F480722B4B01F07F0100240828C3F81E
:10DBE8000825C3F85415C3F81C41D3F8002242F4A1
:10DBF8008872C3F8002236D040F2031140F25B620B
:10DC0800C3F83415C3F838251D4801F0A3FA1D4A96
:10DC1800D2F8683543F4C023C2F8683510BD9B8933
:10DC28000324184AB3F5166FC2F81045CED3A3F5EE
:10DC38001662CFE7134A0424C2F81045C2E7114A16
:10DC48000524C2F81045BDE70E4A0624C2F810455F
:10DC5800B8E70C4A0024C2F81045B3E7094A012482
:10DC6800C2F81045AEE740F20221074AC3F834155E
:10DC7800C3F83825C8E740F645513E20F2F7D6FBF1
:10DC8800180D002100800041211001002DE9F0430A
:10DC9800002383B0061E0D468DF80630904614BF4B
:10DCA800022304238DF8043002F0CEF801284FF047
:10DCB800FF3088BF00208DF8050001A804F016FB8E
:10DCC800002840F0CE80714F012387F83D3001F0E5
:10DCD80079FF04460028FAD0002E38D14FF0010908
:10DCE80097F8283087F80190002B47D097F82A300A
:10DCF800002B4ED1664B674A33F8183003F5FA7398
:10DD0800A2FB0323644AA5EB9315644BC3F8802058
:10DD18003B69012297F829001D44614BC3F840551F
:10DD280087F828205C4AC3F8C02100284FD097F80C
:10DD38002A0000283ED05948C0F88820D3F840313E
:10DD4800002B44D00024204603B0BDE8F083012E08
:10DD580040F08C8002237B7097F82830002B66D027
:10DD680097F82A3003B34D4B0022C3F81C21D3F88F
:10DD7800002242F48872C3F80022C9E7B97A404603
:10DD8800FFF78EFE97F82A30002BB3D0434BC3F829
:10DD98000090444B3F4A33F8183003F5FA73A2FB5E
:10DDA8000323A5EB9315B3E73C4B293D3A4AC3F847
:10DDB8008420ADE7394BD3F8002242F00102C3F8C2
:10DDC8000022D3F8503503F0F603022BBAD0344BB7
:10DDD8000122DA64D3F84C35AB42B3DAFB89952BD0
:10DDE8000CD9002E2ED0304B05F129011846D960E8
:10DDF8002E4901F0ABFA431C012B41D801A804F0CD
:10DE080081FA002837D17B789DF80420012B0BD0AC
:10DE1800022B98D1930796D4214900201F4B012249
:10DE2800C1F840051A618EE752078CD4F4E74046E2
:10DE3800B97AFFF7B7FE97F82A30002BB4D0174B02
:10DE48005E6090E7184B283518491846DD6001F0E8
:10DE580077FA431C012BD1D940F2C2613E20F2F778
:10DE6800E5FA40F65C313E20F2F7E0FA40F634017C
:10DE78003E20F2F7DBFA40F69F313E20F2F7D6FA61
:10DE880040F2CC613E20F2F7D1FA00BF180D002114
:10DE98000C230201D34D62100B000080008000416A
:10DEA80000C0004120230201440000216422020135
:10DEB80040220021094810B504F0E6F841F2111497
:10DEC800074B00224FF08240AA21C0F8004EC3F849
:10DED800402EC3F8442EC3F8001E10BD180D0021B3
:10DEE80000700041014BD881704700BF180D002118
:10DEF800024B012283F82A20704700BF180D002129
:10DF0800024B0344187D00F5166070476422020135
:10DF1800014B187F704700BF180D0021024B98690C
:10DF28001B69C01A704700BF180D00210D4A0E4921
:10DF38000E4810B50E4C137F01EB830154F82330C3
:10DF4800D2E90424C96B03F2F313A41AA0FB030358
:10DF5800641AA4EB931401F075FF201841F1000135
:10DF680010BD00BF180D002164220201D34D6210BC
:10DF7800F8220201FF2808B52AD80139072922D832
:10DF8800DFE801F0041D16162104041A4FF440338B
:10DF9800144A1843144B40F00070C3F81425C3F812
:10DFA8001805D3F8503503F0F703032B15D008BD37
:10DFB8004FF440330D4AECE700230D4AE9E74FF4EC
:10DFC80040330C4AE5E74FF44F713E20F2F72EFA42
:10DFD80040F2CB213E20F2F729FA40F256313E209A
:10DFE800F2F724FA0801100000800041080190634C
:10DFF800080000060801100138B5144A144BC3F88C
:10E00800AC210278032A1CD140780129114CD3F89D
:10E01800141500F03F00626821F470210E4D42F0A3
:10E02800030245EA000508BF41F40021C3F81415AE
:10E03800C3F80029C3F810590123626084F83C3002
:10E0480038BD40F2AB313E20F2F7F0F9060000800F
:10E0580000800041180D0021803202002DE9F843AC
:10E068002A4F4FF48078C7F88080BFF34F8FBFF3F3
:10E078006F8F01F0A1FD0446254D00264FF00109E0
:10E0880001F0E0FE001B234CC5F8FC6FC5F8FC9FAF
:10E09800206101F043F840F20123C5F83095C5F836
:10E0A80050364FF48013C5F800321B4B187C01F032
:10E0B80071F904F06BF8194AA683A661268584F8DD
:10E0C8002A6084F83C60164BC5F8A8210332C3F8CF
:10E0D800C820013AC3F8C42003F5405341F6F8724A
:10E0E800C3F8042596231022E381D5F8003963602C
:10E0F800236CC7F88081C5F80423C7F8008003B1F2
:10E108009847BDE8F84301F00FB900BF00E100E00F
:10E1180000800041180D0021440000210300008008
:10E1280000C00041014B5872704700BF180D002114
:10E13800034B020E0002C3F82425C3F81C057047E0
:10E1480000800041044B054A034490721B7D03F58F
:10E1580016639381704700BF64220201180D0021E5
:10E16800F0B5684C83B094F82930002B00F0B580E6
:10E1780000284FF0000205460F4614BF022304236F
:10E188008DF806208DF8043001F05EFE01284FF06E
:10E19800FF3088BF00208DF8050001A804F0A6F81C
:10E1A800002840F095800123574A84F82A0084F813
:10E1B8003D3084F82830D2F8003243F00103C2F829
:10E1C800003201F0FFFC0028FBD0002D59D0012DB2
:10E1D8000AD04E4BD3F84C65E389952B21D94FF4DF
:10E1E800DA613E20F2F722F90223A17A38466370F9
:10E1F800FFF7D8FC6378022B7ED1444B424ADD649A
:10E208005560D3F84C65E389952B0AD9404A06F145
:10E21800290340491046D36001F098F801300128DD
:10E2280065D801A804F06EF800285BD163789DF8E2
:10E238000420012B1ED0022B09D1930707D4334B9E
:10E248000022C3F84025A3F5804301221A612369FF
:10E25800F61A1DB106F1290003B0F0BD2E4B2F4A66
:10E2680033F8173003F5FA73A2FB032306EB931078
:10E2780003B0F0BD5207E2D52369F61A002DE9D1A3
:10E28800ECE70123A17A38466370FFF709FC63784D
:10E29800012B18D11D4A1C49D3640B60E389D2F8BD
:10E2A8004C65952BBDD91A4A06F128031949104621
:10E2B800D36001F045F801300128B2D940F2C261BB
:10E2C8003E20F2F7B3F84FF4E9613E20F2F7AEF8DA
:10E2D80040F65C313E20F2F7A9F840F206713E2084
:10E2E800F2F7A4F840F69F313E20F2F79FF840F28B
:10E2F800CC613E20F2F79AF840F251713E20F2F7D5
:10E3080095F800BF180D00210080004100C00041B1
:10E3180044000021642202010C230201D34D621043
:10E3280010B5FFF7B3FC00B110BD0346054C064A13
:10E338000121C4F8403502201161BDE81040F9F709
:10E34800BDBE00BF00C0004100800041F8B51D4DB2
:10E358006B7F93B30446164608465CB1012C1CD06B
:10E368000027296932462046791AFFF78FFC0346B1
:10E3780040B1F8BD012BAF69297F16D000F0CCFC65
:10E388000744EEE7104C0121104A0220C4F840353A
:10E398001161BDE8F840F9F791BE012BAF69297FFB
:10E3A80007D000F0EFFC0744DBE700F0D7FC074498
:10E3B800D7E700F0BFFC0744D3E740F6C1013E2091
:10E3C800F2F734F8180D002100C000410080004128
:10E3D80030B5414A4FF4807440494FF0FF30D2F8CD
:10E3E800045383B0C2F808030023C1F880414FF4F6
:10E3F80080113B4C05F01005C2F8001239492385FD
:10E4080084F82A30C1F84035C2F88830C2F8803024
:10E41800C2F88430D2F85015C9B249BBE389952BAC
:10E4280004D96378012B4DD0022B41D000222A4B0E
:10E4380094F83C10C3F81021228091B1C3F8AC21A4
:10E44800D3F8141584F83C2021F470216268C3F8CD
:10E45800141522F0030224496260C3F80029C3F8A6
:10E4680010191DB11C4B1022C3F8042303B030BD92
:10E4780001218DF80700C2F8103111619DF80730AD
:10E488004BB90CE09DF80730013BDBB28DF8073043
:10E498009DF807301BB1D2F81031002BF2D09DF84F
:10E4A8000730002BBAD140F6FF013E20F1F7BEFF3E
:10E4B80000F058FF01300128B8D940F617113E2066
:10E4C800F1F7B4FF00F048FF01300128AED940F65B
:10E4D80011113E20F1F7AAFF0080004100E100E0A1
:10E4E800180D002100C0004180320200F8B500225A
:10E4F800314B324FC3F84825C3F84425C3F84025AB
:10E50800C3F84C25FFF764FF00F014FF97F83D307F
:10E518002BB103F0F1FE002843D187F83D0000201D
:10E5280003F0F6FE0446002840D1234D244EC5F8DA
:10E53800C401C6F88800C6F88000C6F88400C5F88B
:10E54800C800C5F8C400C6F88400C6F8800003F007
:10E5580035FE1C4B41F6F872C6F8A8417C61C5F837
:10E56800C041BC61C3F808254FF48072164BFC709B
:10E57800C5F84845C5F84445C5F84045C5F84C4573
:10E58800C5F84841C5F84441C5F84041C5F84C4173
:10E59800C3F88020BFF34F8FBFF36F8FC3F880217C
:10E5A800F8BD40F2AE413E20F1F740FF40F2B141E4
:10E5B8003E20F1F73BFF00BF00C00041180D0021CD
:10E5C8000080004100F0004100E100E0F8B52C4C6B
:10E5D8002378B3B188B95F1E667FE08918BF012729
:10E5E800002E47D0012BA569217F13D0012EA278D8
:10E5F8003CD000F0C7FB411911E0BDE8F840FFF737
:10E60800E7BE94F82A206370E37022B31D4AC2F86B
:10E618004031F8BD012E22D000F07EFB411923695C
:10E628000022C91A94F82A302280E3B1154BC3F8A6
:10E638004021A2783846FFF729FB03460028E8D195
:10E64800104C0121104A0220C4F840351161BDE880
:10E65800F840F9F733BD228584F82A20F8BD00F088
:10E668007DFB4119DBE784F82830E2E700F062FB24
:10E678004119D4E740F6C1013E20F1F7D7FE00BFAB
:10E68800180D002100C0004100800041014BC3F873
:10E698003C0570470080004138B50446074803F040
:10E6A80037FE28B9064D94E80F0085E80F0038BDFD
:10E6B80040F668113E20F1F7B9FE00BF59DA0001B3
:10E6C8005C0D0021164B4FF0010C164A93F82810E8
:10E6D80083F829C0C2F804055862F9B193F82A30C2
:10E6E80083B11149114BC2F88810D3F84031ABB14E
:10E6F80000200E490B4B0122C1F8400503201A6186
:10E70800F9F7DCBCD2F8003243F00103C2F800325A
:10E71800D2F8503503F0F603022BE9D0704700BF5A
:10E72800180D0021008000410B00008000C000414E
:10E7380008B5144B4FF0010C134A93F8281083F8CE
:10E7480029C0C2F804055862C9B193F82A3053B1F8
:10E758000E490F4BC2F88810D3F840317BB1FFF750
:10E7680037FE002008BDD2F8003243F00103C2F89A
:10E778000032D2F8503503F0F603022BEFD0012017
:10E7880008BD00BF180D0021008000410B0000806B
:10E7980000C0004108B5144B19699A6908448242BF
:10E7A80017D20121114AD9705164D2F84435053382
:10E7B800834205D30E4BD3F8042102B9196108BD71
:10E7C80000210C4BC2F84411C2F84405C2F8C43108
:10E7D80008BD0220F9F772FC04490020044B01220D
:10E7E800C1F840051A6108BD180D002100C000419C
:10E7F800008000410900008010B51D4C034694F8C4
:10E808001DC0217FBCF1010F227AE0891ED000F0E3
:10E81800E9FAA369184483421ED20121154BE1701D
:10E828005964D3F844250532904206D8A3F58043AD
:10E83800D3F8042102B9196110BD00210E4AC3F8AA
:10E848004411C3F84405C3F8C42110BD00F0AAFA66
:10E85800A36918448342E0D30220F9F72FFC054945
:10E868000020064B0122C1F840051A6110BD00BF07
:10E87800180D002100C000410900008000800041FF
:10E88800704700BF044BC3F86005D3F8002242F07C
:10E898004002C3F80022704700800041054B002168
:10E8A800D3F8002222F04002C3F80022C3F8601512
:10E8B800704700BF008000410C4AD2F81C319BB160
:10E8C800D2F848350146012003F07F0310B45B42BB
:10E8D800002483B00B70C2F81C41D2F81C3101939C
:10E8E800019B03B010BC7047184670470080004178
:10E8F80030B5264C83B094F82A30A17000BB0122B1
:10E9080022709BB3237A994235D1214A0846214D7A
:10E9180001ABC2F8805094F90920A17A00F060FC9C
:10E928009DF8050000F024FD50BB9DF90400214628
:10E9380000F0DAF9204603B0BDE8304000F032BC00
:10E948000222227093B1237A8B4214D10128104BF2
:10E95800104A0DD1C3F884200C4800F0FBFB0C4A88
:10E96800D2F8683543F4C023C2F8683503B030BD27
:10E97800C3F88020F0E740F6C7213E20F1F756FDA6
:10E9880040F2E3513E20F1F751FD00BF180D002180
:10E99800008000410700008010B51B4C82B094F83D
:10E9A8002A3083B10128194B194A0ED0C3F88020A8
:10E9B80070B1154800F0CEFB144AD2F8683543F41C
:10E9C800C023C2F8683502B010BDC3F88420F0E750
:10E9D80001AB94F90920A17A207A00F001FC9DF896
:10E9E800050000F0C5FC50B99DF90400214600F06F
:10E9F8007BF9204602B0BDE8104000F0D3BB40F2DE
:10EA0800E3513E20F1F712FD180D0021008000416E
:10EA180007000080054B0021054AC3F84015D2F8CD
:10EA28005035DBB20BB101231361704700C00041C0
:10EA380000800041044B30B4D3E90C459B6BC0E91E
:10EA4800004530BC0B607047180D002170B501F00F
:10EA5800B7F8984C984B0122C4E90C01DA64E289B2
:10EA6800D3F84C35952AA36306D96378012B00F0B7
:10EA7800D480022B00F08680904B002294F83C0052
:10EA88008F49C3F88820C3F88020C3F88420C3F8CE
:10EA98008420C3F88020D3F8005284F82920294024
:10EAA800C3F8001208BB844A00256678D2F84815D6
:10EAB800824B022E6677A161D2F844156161D3F8C2
:10EAC8000C01D3F81011C3F80051C3F80C51C3F866
:10EAD8001051C3F80451C3F80851C3F86C512AD037
:10EAE800012E16D0002944D170BDC3F8AC2161684D
:10EAF800D3F8140584F83C2021F0030220F4702098
:10EB080070496260C3F81405C3F80029C3F81019E6
:10EB1800C9E7237A2377002876D10029E4D023781F
:10EB2800002B00F09E80FFF753FC0021E36C0846A1
:10EB3800BDE870401847E3785BB1D2F8443143B17F
:10EB48002378002B7CD0FFF743FC636CBDE8704052
:10EB5800184710BB0029C7D023786BB994F82A301E
:10EB68006070E070002B00F09080534BC3F84001B8
:10EB780004E02378002B5BD0FFF72AFC236DBDE867
:10EB88007040184700F0EEFB013001287FF674AFA3
:10EB980040F617113E20F1F749FC484BD3F85034A2
:10EBA800D90116D5C3F30312C3F30321002918BFF3
:10EBB800002A01D01A070CD1C3F34252C3F304430D
:10EBC8003E49022A98BF012BD1F8541401D10129DA
:10EBD800B6D1237A002B67D0DA1E012A49D900253D
:10EBE800012600202377FFF7F1FC344BD3F800040B
:10EBF80010F0010003D0D3F8140426EA0000A36C37
:10EC08002946BDE8704018472846FFF7DFFCE36C4B
:10EC180031462846BDE87040184700F09DFB01309A
:10EC280001287FF629AF40F611113E20F1F7FEFBCF
:10EC380094F82A106370E37059B1C2F840319DE727
:10EC480094F82A206370E3703AB11B4AC2F8403145
:10EC58007BE7218584F82A1090E7228584F82A200A
:10EC680073E794F82A106370E37091B1C2F84031E9
:10EC78005BE7124BD3F8145415F006050DD0022D9E
:10EC88000ED0012503230026ABE7208584F82A004F
:10EC980074E7218584F82A1047E703230126A0E7B3
:10ECA8000025042301269CE740F24D213E20F1F780
:10ECB800BDFB00BF180D002100C0004100800041CD
:10ECC800E2FEFFFF80320200024B03EB8003D86BA9
:10ECD800704700BF64220201024B03EB8003186DEA
:10ECE800704700BF642202010028C3B2084A08DD49
:10ECF8000121033BC2F80015DBB2064AC2F80C3505
:10ED080070470021C2F80015024AC2F80C35704756
:10ED1800004000410080004110B504460846FFF756
:10ED2800DBFF034AA2FB0020A4EB901010BD00BF3C
:10ED3800D34D62104FF47A73064A03FB00F032F9A0
:10ED48001120054B00F2E7301044A3FB0030800986
:10ED580002387047E4220201D34D621010B44FF418
:10ED68007A73064C064A00FB033334F9111010BCC1
:10ED78000B44A2FB03208009704700BFE422020174
:10ED8800D34D621010B504460846FFF7A5FF044BA3
:10ED980000F2E730023CA3FB0030A4EB901010BD5A
:10EDA800D34D621038B50D4C84461D464FF47A7326
:10EDB80034F9111004EB82040535104664690C44DB
:10EDC80004F6B73403FB0C44054BA3FB0434FFF7EC
:10EDD8007BFFA4092544284438BD00BFE422020172
:10EDE800D34D621038B5054608461446FFF774FF40
:10EDF8000A4B024620464FF47A7103EB84035C69A0
:10EE0800074B04F6B73401FB0544A41AA3FB0434EA
:10EE1800FFF75AFF0530A409204438BDE422020157
:10EE2800D34D6210024B00221A705A709A707047C4
:10EE38006C0D00212DE9F04F064683B0012088466D
:10EE48009DF83C501F469DF830B0BDF838A001929F
:10EE58009DF84090FEF76CFD06F00302374C16F063
:10EE6800FB0F42EA0542E57004F1040E344D42F00E
:10EE78008072F446C5F80425D8F80820D8F80C3074
:10EE8800D8F80000D8F80410ACE80F00019B84F80B
:10EE98001CB0C4E905370D9B1A685B68C5F808E51E
:10EEA800C4F81D204FF48052C4F82130D5F8183525
:10EEB8006AF30703C5F818354FF00003C5F8843026
:10EEC800204BC3F8082515D11F4BB9F1020FC5F81F
:10EED8008031C5F884302CD81C4B13F80930C5F89C
:10EEE80020350123022E84F82560637015D903B0FC
:10EEF800BDE8F08FB9F1020F1BD8144B012E13F89F
:10EF08000930C5F82035ECD10F4B114A84F825603B
:10EF1800C2F8D031C5F88C306670094B0122002147
:10EF28002270C3F80011C3F800121A6003B0BDE8DC
:10EF3800F08F4FF4BA713C20F1F778FA6C0D00218C
:10EF480000E0004100F000410C0000803423020181
:10EF5800008000411A4A537870B563B3194B0124F5
:10EF6800C3F80C15C3F8100592F825509470B5B97C
:10EF78001278E2B1C3F804514FF48055124AC2F82E
:10EF88000455D3F8006116B15C60C2F808550B78D7
:10EF980003704B78043343708B78837070BD002105
:10EFA8001470C3F80411C3F800421C6070BD9721A7
:10EFB8003C20F1F73BFA4FF4D5713C20F1F736FAD3
:10EFC8006C0D002100E0004100F0004108B5174B2E
:10EFD8005A782AB3164A4FF0010CC2F80C15197862
:10EFE800C2F8100583F802C0B1B10021C2F80411BB
:10EFF800DB78023B012B05D80E480323C0F85011DB
:10F00800C2F81C350A494FF480520B480B4BC1F823
:10F018008400C3F8042508BDBA213C20F1F706FA9C
:10F028004FF4DF713C20F1F701FA00BF6C0D0021AD
:10F0380000E00041008000410500008000F0004130
:10F04800104B1A78CAB100220F49104810B44FF477
:10F058008054C1F88420C0F80845A0F5E040C1F804
:10F068008021C1F88420C0F8D021C1F88C201A7002
:10F07800002210BC5A709A70704700225A709A7019
:10F08800704700BF6C0D002100E0004100F0004116
:10F09800F8B51B4B1B786BB31A4CD4F8043113BB6F
:10F0A800194B0222C4F804231F691A6907F01007D4
:10F0B80042F010021A61D4F8043153B9134E4FF4D8
:10F0C8008045C6F8805107F0D6FCD4F80431002BEF
:10F0D800F7D027B90C4A136923F010031361094BC1
:10F0E8000222C3F80823074BD3F80004003818BFDE
:10F0F8000120F8BD4FF4F2713C20F1F797F900BFF9
:10F108006C0D002100E0004100ED00E000E100E0AE
:10F11800014B01229A60704700E0004130B400239F
:10F12800094D0A4C0A4805EBC3010133D1F8002305
:10F138002240824204D1D1F80023D1F8041311608F
:10F14800202BF0D130BC70470000FF0100F0FFFF1A
:10F1580000800041027A082A0DD80123934013F059
:10F168005A0F0DD113F4C27F05D00B4A0B4BD2F8BE
:10F178008420C3F888250A4B0022C3F8002570476D
:10F18800054A064BD2F88020C3F888250022044B94
:10F19800C3F80025704700BF0000FF010080004150
:10F1A80000400041027A082A14D80123934013F042
:10F1B8005A0F09D113F4C27F0CD0074A074BD2F873
:10F1C8008420C3F888257047034A044BD2F880206E
:10F1D800C3F88825704700BF0000FF010080004188
:10F1E8002DE9F04F454C85B0054698460E46174622
:10F1F80000F00EF923788146AB4202D16378B3421E
:10F208003CD0082D1BD1BB464FF0040A8DF80F7077
:10F218003046FEF775FE00210346524600915846D7
:10F22800414600F0ABF8B8F8003025706670A3804E
:10F23800A071A77084F8039005B0BDE8F08F05F1C0
:10F24800FF3ABAF1060F50D8DFE80AF00442352831
:10F258004F0404000DF10F033A463146002000F038
:10F26800DDF8002846D19DF90FB0BAF1060F3CD859
:10F27800DFE80AF011382B1E3B11110094F9023017
:10F28800BB42BED1E3788342BBD1A38894F9060080
:10F29800A8F80030D0E74FF0000AB9E70DF10F03E6
:10F2A8003A463146032000F0B9F818BB9DF90FB073
:10F2B8004FF0030AACE70DF10F033A46314602203E
:10F2C80000F0ACF8B0B99DF90FB04FF0020A9FE713
:10F2D8000DF10F033A463146012000F09FF848B976
:10F2E8009DF90FB04FF0010A92E740F289410620DC
:10F2F800F1F79CF84621A920F1F798F85800002169
:10F30800014B186099807047940D0021024BD8601A
:10F3180019745A82704700BFC00D0021014B1B6849
:10F328001B681847A0000021014B1B685B68184741
:10F33800A0000021014B1B689B681847A000002112
:10F34800014B1B681B691847A0000021014B1B6873
:10F358005B691847A0000021014B1B689B6918478F
:10F36800A0000021014B1B68DB691847A0000021A1
:10F37800014B1B689B6A1847A000002130B4044C5D
:10F388009DF8085024680295E468A44630BC60479C
:10F39800A000002100220D49134610B540FA02F4DE
:10F3A800E40744BFCA545C1C02F1010248BFE3B23F
:10F3B800042AF3D1054AFF24D118032B01D910716F
:10F3C80010BD013301F8014BDBB2F6E764150021EB
:10F3D8008B6901019169010193690101B969010111
:10F3E80097690101C36901019D690101CD690101A5
:10F3F800A3690101D9690101AF690101B36901017B
:10F40800A5690101AB690101C9690101D36901015C
:10F41800014B187D704700BFF00D0021042810B57E
:10F4280011D883B104280CBF10242824A1420AD281
:10F43800064C54F8200018B141568A42A8BF0A4623
:10F4480000201A7010BD6FF01500FBE7F00D0021C9
:10F458000228034610DC10F1270F0FDB084A1018AA
:10F4680090F82800024492F92C209A4207D00029EB
:10F4780018BF0130C0B270470F2070470020704796
:10F4880042230201022808B506DCFFF7E1FF034B1F
:10F49800034493F92C0008BD0320FCE74223020132
:10F4A800C0B208B518B9044B01221A6008BD4D2135
:10F4B800B52002F0EFFA00BF0050004110F0FF0045
:10F4C80008B507D1054B01225A60C3F80001044B67
:10F4D800187008BD7C21B52002F0DCFA005000410C
:10F4E800050E0021014B01221A707047050E0021FC
:10F4F80008B540B9064BD3F8003113B9054B187855
:10F5080008BD0120FCE7C121B52002F0C3FA00BF05
:10F5180000500041050E0021024BD3F8080400F00A
:10F528000100704700500041024BD3F8140400F06A
:10F538000100704700500041024BD3F81C0400F052
:10F54800030070470050004107490246D1F81804EB
:10F55800D1F8181410F4803005D0D0B201F00303AC
:10F568001B1A58425841704700500041F8B50F4ED9
:10F57800012704460D46375407F02CFA58B92CB920
:10F588000B4BB7707560C3F80473F8BD40F22511D2
:10F598006D2002F07FFA002DF7D01CB92046A8474D
:10F5A8007460F2E74FF4A071F2E700BF080E002183
:10F5B80000500041044B002219181A548A7003EBBA
:10F5C80080014A60704700BF080E0021014B9881F6
:10F5D800704700BF080E0021014BD889704700BF53
:10F5E800080E0021014B9889704700BF080E0021C2
:10F5F80010B5EFF3108472B6064B03441A7C01323F
:10F60800D2B21A741B7C012B01D1FFF749FF04B950
:10F6180062B610BD080E002108B507F0DEF907F044
:10F62800D9F9084A084B30B10121116104229A74B2
:10F638000022DA7408BD032199740121C2F8041369
:10F64800F6E700BF00500041080E002110B5EFF3A7
:10F65800108472B6094B03441A7C22B940F2672120
:10F668006D2002F017FA1A7C013AD2B21A741B7C88
:10F678000BB9FFF723FF04B962B610BD080E0021CD
:10F68800024B987C003818BF01207047080E0021F3
:10F6980037B5184C637D63B9206A00F00300FFF7A3
:10F6A80053FF30B1EFF3108372B6A27C1AB103B9DD
:10F6B80062B603B030BD0122A27403B962B68023DA
:10F6C8000D4DC5F808334FF42073ADF80630BDF87A
:10F6D80006309BB25A1E92B2ADF80620002BF6D126
:10F6E800C5F81C3184F82430FFF796FF8023C5F84D
:10F6F8000433DEE7080E0021005000412DE9F347EE
:10F70800344C237D002B62D00323ADF80430324BF8
:10F71800D3F800513DBBD3F80481B8F1000F08D0ED
:10F728002D4B0022C3F804210222C3F80823FFF757
:10F73800AFFF94F82460284BF6B2D3F81C2135B1FA
:10F74800A17C032901BF0421A1740121196182B39D
:10F758000022C3F81C21A37C042B26D040F2793167
:10F768006D2002F097F9002501220DF10409271DEB
:10F77800A61C8DF80450D3F80481C3F8082319F89F
:10F78800010B03280AD0337843B14FF0000A3B68D5
:10F7980086F800A013B19847C7F800A06B1C04377F
:10F7A80001360125022BEAD1B7E70223A37407F03B
:10F7B80017F966B1002384F82430A37C022B01D109
:10F7C800FFF72AFF02B0BDE8F04707F009B902B019
:10F7D800BDE8F087080E00210050004110B5054C27
:10F7E800206A00F00300FFF7AFFE0028F8D00020E1
:10F7F80010BD00BF080E0021F8B5054650B10278CB
:10F80800022A07D8437842B9013B1F2B02D88378D4
:10F81800212B07D96FF015006CE0002BFAD1837803
:10F82800002BF7D15C4B2022C3F88020BFF34F8F09
:10F83800BFF36F8F594EC3F880218323584CC6F805
:10F8480008330023C6F80031C6F80431C6F81C3165
:10F8580023746374AB88E381FFF75EFE10B1012364
:10F8680023702374D6F80C24D6F80C34D70303D5A8
:10F87800DE0701D5FFF736FE4FF4AF63AA78A38100
:10F888000123A275002223622B78E274012B637591
:10F8980007D0022B2FD033B140F22E516D2002F049
:10F8A800F9F802232362FFF73FFE002835D0FFF75F
:10F8B80043FE236A03F0030398422ED1AB793BBB86
:10F8C800FFF78CFFA37D63B12B7853B907F082F85B
:10F8D800054602F031FA6FF00043002D58D0C4E914
:10F8E800060301232022002023752B4BA074C3F8A4
:10F8F80080211A60F8BD07F070F8284BD3F80C1473
:10F90800D3F80C24C803F9D5D107F7D50323C9E7E1
:10F91800224B0222C3F80423D4E7204B0122002102
:10F92800DA60C3F8041194F82010C3F818159A6027
:10F938000222C3F80423AA79002AC3D1D3F80423E6
:10F94800920702D440F2E141A8E7164A1769116903
:10F9580007F0100741F010011161D3F804310BB919
:10F9680007F08AF80D4ED6F8043173B1FFF736FF69
:10F9780027B90C4A136923F0100313610223C6F850
:10F9880008330023C6F804319CE707F074F8EAE767
:10F99800C4E90630A5E700BF00E100E000500041DF
:10F9A800080E002100ED00E038B50C4B0C46197923
:10F9B80019B183216F2002F06DF860B95D790DB13E
:10F9C800002038BD01225A71FFF712FE2146284651
:10F9D800FFF7CCFDF4E76FF01500F2E7300E0021D9
:10F9E80038B50B4D04462B791BB19A216F2002F0D4
:10F9F80051F850B96B790BB9002038BDFFF7DAFD23
:10FA080020466C71FFF722FEF6E76FF01500F4E769
:10FA1800300E002108B5054B1B791BB1C6216F209C
:10FA280002F038F8BDE8084006F0E1BF300E0021CA
:10FA380010B501B3F0B14FF0FF33104A1C46E0FB9C
:10FA48000134944203D9DB216F2002F023F81A0D08
:10FA5800C3F30F100A4B42EA04324FF22444B2FBBC
:10FA6800F4F100EB024003FB1100B0FBF4F040EAB4
:10FA78000140013010BD0846FCE700BF3F420F00BF
:10FA8800000024F4014B9B68184700BF300E00218A
:10FA9800014BDB68184700BF300E0021014B1B6982
:10FAA800184700BF300E0021034B1A790AB9FFF737
:10FAB80093BD988D704700BF300E0021034B1A7913
:10FAC8000AB9FFF78FBD988A704700BF300E002132
:10FAD800024B1B790BB9FFF7DBBD7047300E0021D5
:10FAE800014B9B69184700BF300E002110B5144C1C
:10FAF8002379A3B1636A9847002806DB94F82E306F
:10FB080023B10123002084F8303010BDFFF7E8FF4F
:10FB18000028F6DA40F28D116F2001F0BBFF094B87
:10FB2800A361094BE361094B2362094BA360094BAD
:10FB3800E360094B2361FFF75FFE0028E1D0E4E7AB
:10FB4800300E0021E5F70001F569010189F6000191
:10FB5800E3690101E9690101EF69010138B5084B61
:10FB680004461D7925B140F2E1116F2001F092FFA2
:10FB780001F038F82046FFF729FD284638BD00BFB8
:10FB8800300E002108B5074801F01AF8054800F0C2
:10FB980021F801F025FA01F00DFA00F02BFB012005
:10FBA80008BD00BF640E002101F0ACBB103001F0AD
:10FBB8003BB800BF01F050B801F07ABC01F0B2BD0B
:10FBC80001F0C4BD01F006BC2721032008B501F0EF
:10FBD80061FF00BF024B186000221A719A607047DB
:10FBE8006C0E002170B582B01F4C2379012B11D007
:10FBF800DAB2022A0BD10DF10701A06800F020FB50
:10FC08000023A36023719DF8070002B070BD012096
:10FC180002B070BD0DF10701A06800F007FBA568F0
:10FC28006B7DDB07ECD5AB7F042BE9D001F058F8EE
:10FC380006460028E4D001F059F82A69B3682E680E
:10FC48006D6896194FF0000245F100050A3342F13C
:10FC580000021B1842EB0102B342AA41D0D3A068AC
:10FC680000F092FCCCE700BF6C0E0021837F0BB143
:10FC7800002070470A684B68D1F808C010B5CC68F6
:10FC88000260C46001244360C0F808C00A694B6977
:10FC9800026184774361054B1A792AB998601C710F
:10FCA80000F0B4FF204610BDFFF78EFF6C0E002158
:10FCB80070B5044682B00D4601F012F8A37F012BFF
:10FCC80017D02A6806466B68A868E968A0602046CD
:10FCD800E1600DF10701226063602A696B692261A6
:10FCE80001226361A27700F0A1FA2EB1012002B0CF
:10FCF80070BD002002B070BD024B0421186806F0E8
:10FD080089FEF3E76C0E0021024B0621186806F005
:10FD180081BE00BF6C0E002110B5084B1A7952B98C
:10FD28000446986002221A7100F070FFA07FB0FAB2
:10FD380080F0400910BDFFF747FF00BF6C0E00219F
:10FD480038B5837FC3B1044609E0A37F042B09D0EB
:10FD5800A37F012B11D006F08EFEA37F63B1A37F92
:10FD6800032BF2D1EFF3108572B6204600F0C6FAE5
:10FD780005B962B6A37F2BB938BD4FF48271032051
:10FD880001F088FEFF21032001F084FE70B50546CE
:10FD980000F0A6FF00B3044600F0A8FF034628467B
:10FDA800A4680025E41841F100062246334600F015
:10FDB8007DFBA04271EB06030CD3001B6FF001031F
:10FDC80061EB0601834275EB010100D370BD4FF072
:10FDD800FF3070BD284670BD40F22911032001F0A4
:10FDE80059FE00BF2DE9F04104460F4600F078FFA8
:10FDF80010B385680023064662195B4113B10020E1
:10FE0800BDE8F08100F072FF2A18384641F100037E
:10FE180014EB020843F1000500F048FB4045A941F6
:10FE2800EDD301F06FFA00F023FAB36801203775BB
:10FE38002344B360BDE8F0814FF4A371032001F0BF
:10FE480029FE00BF00F052BF08B500F049FF08B115
:10FE5800007D08BD40F29B11032001F01BFE00BF8E
:10FE6800F8B50369002B51D1044601F04BFA054659
:10FE78000E46FFF713FE90B36435D4E9000346F14C
:10FE88000006A84273EB060221D3C4E90003EFF38E
:10FE9800108672B600F024FF054688B100F026FFF0
:10FEA800AB6800220B3342F100021B1842EB010140
:10FEB800D4E90002834271EB02050BD3C4E9003197
:10FEC80006B962B62046BDE8F84000F085BB284672
:10FED8003346DAE703461146C4E90031F0E7FFF795
:10FEE800EDFD074600F010FF2168B842626838BF90
:10FEF8003846963546F10006401946F10003884217
:10FF080073EB0205C1D208461346BEE74FF4D17120
:10FF1800032001F0BFFD00BF1B4B186898B30368AE
:10FF280050E9061230B50A3150F8104CA0F118000B
:10FF380042F1000C09194CF1000C1BB922E014D352
:10FF48001B68FBB153E906248A4274EB0C0519D2ED
:10FF580090F814E013F8045C7545F0D19D88B0F86A
:10FF68001CE0A5EB0E052D04EAD553F8101C0A3247
:10FF7800A3F118001B6844F10004891844F1000C2F
:10FF8800002BDFD130BD7047780E0021F8B5254D24
:10FF980000236B60EFF3108172B6AA68EB60AB6068
:10FFA8006A6009B962B66A686AB300261E4C93791A
:10FFB800A2F11800032B27D013686BB39A79183B6A
:10FFC8008646A446042A0FD19A8B818B521A1204B2
:10FFD80002D50EF1180C18469A6942B19E46A2F154
:10FFE80018039A7F042AEFD09B7F032B16D1DCF8E5
:08FFF800002012680221C36819
:020000040101F8
:10000000CCF80020867798476A68002AD3D1F8BDDB
:100010001768012152F80C3C96716F609847F3E71E
:10002000A446EAE763219F2001F038FD780E002105
:100030007C0E00216F4B2DE9F04F1B6883B082834B
:100040000646427D8946046802F001024568002B9D
:1000500000F0C980A3F1180C002A6CD0654ADCE9D5
:100060000001844275EB01072ED39CF81420337DE8
:100070009A421AD8DCF808301B1841F1000113F13C
:100080000A0E41F10007744575EB070280F0A58068
:100090003269121945F10000964577EB000801D24C
:1000A000724638469A4288417FD3DCF818300CF10A
:1000B0001802002B00F08F80A3F1180CDCE900017E
:1000C000844275EB0107D0D21F466346B16811EB3D
:1000D000040E45F10008002B42D0CA46CDE90027A6
:1000E0001EF10A071868596848F10002B84271EB1E
:1000F000020243D21A7D377D974218D39A681218AC
:1001000041F1000112F10A0941F1000C4C4575EB77
:100110000C0044D23069001945F1000781457CEBA1
:10012000070B01D24846674690428F413CD39B69FA
:1001300023B3183BD4E7DCE900012E4A844275EB77
:1001400001010CD3DCF818300CF118023BB1A3F11B
:10015000180CDCE90001844275EB0101F2D21F4664
:10016000334643F8187F1360FFF7DAFE864210D05B
:10017000002389F8003003B0BDE8F08FDDE90027E7
:100180003346D14643F8187F1360FFF7C9FE864215
:10019000EED1012389F8003003B0BDE8F08F20468E
:1001A0002F4690428F41C2D2D1460023042106F14E
:1001B000180233767376B376F3760E4BB1779B687D
:1001C00073B10C4BDB681A600B4B0A491878CA6094
:1001D00001F01CFECCE71F4678E72246284661E77F
:1001E000044B9A60F0E712B91746024AB8E71F4677
:1001F000004A6BE7780E0021A400002110B50A4CDC
:100200002378FF2B0AD1094801F0D6FD084B0022C4
:1002100020701A609A60DA601A8210BD4FF48D71F6
:100220009F2001F03BFC00BFA400002195FF0001CE
:10023000780E0021034B1A8A02F1010CA3F810C0BA
:10024000FFF7F8BE780E002138B504460D46FFF7DB
:1002500067FE034604F118010648E31AB3FA83F374
:100260005B092B7006F000FC10B100230120A3777E
:1002700038BD00BF780E00212DE9F0431F4E3468D1
:100280006CB34FF0000835464FF00409C6462346CC
:10029000246853F8187C53F8082CD21953F8147CAE
:1002A00047F1000C82427CEB010C1AD22A681268DA
:1002B0002A6083F80690B26883F800E083F801E0D2
:1002C00083F802E083F803E07AB1F26813604FF03C
:1002D0000108F360002CDAD1B8F1000F07D1BDE8B6
:1002E000F0831D46002CD2D1F6E7B360EFE7044B54
:1002F000BDE8F043187801F089BD00BF780E0021F9
:10030000A400002138B5164D044600F11801AB6871
:10031000A3B1AB6899421ED083B11A461B686BB17A
:100320009942FAD153B118681060A86881420BD085
:10033000EB6899420DD00023A37738BD094806F039
:1003400093FB0028F7D138BD1B68AB60EB6899427E
:10035000F1D1EA60EFE7002BF0D00022E5E700BF23
:10036000780E00217C0E00212DE9F843484E3468B8
:10037000002C00F086804FF000080F460546B1467D
:100380004FF0040E41462346246853F8180C53F8E6
:10039000082C121853F8140C40F1000CAA427CEB04
:1003A000070C65D2D9F800201268C9F8002083F83C
:1003B00006E0B268197059709970D970002A5BD044
:1003C000F26813604FF00108F360002CDBD1B8F144
:1003D000000F03D02F4B187801F018FD3368002B65
:1003E0004FD0A3F1180C53E90612A94272EB070093
:1003F00044D353F8100C00241B680A3044F1000465
:10040000091842EB04021BB92CE016D81B684BB349
:1004100053E90604884274EB020E23D29CF8148040
:1004200013F804ECF045F0D1B3F804E0BCF81C80FC
:10043000AEEB080E1EF4004FE8D0854229463A463E
:10044000A3F1180C77EB040E01D20146224653F8B3
:10045000100C1B68091842F100020A3142F1000237
:10046000002BD5D10CF1180360467361BDE8F88309
:100470009946002C87D1AAE7B360A3E729463A46FC
:10048000B7E700239C4673616046BDE8F88300BF70
:10049000780E0021A400002110B5054C61692046AA
:1004A00006F0E2FA18B1606900231838636110BDE4
:1004B000780E00211C49096839B3A1F1180C9CF889
:1004C000141081421DD870B512F10A05DCE9004113
:1004D00043F1000EAC4271EB0E0620D2DCF8106046
:1004E000341941F10001AC4271EB0E0115D2DCF878
:1004F000181071B1A1F1180C9CF814108142F6D8B3
:10050000E2E7DCF818100029D7D14FF0FF300146A0
:1005100070474FF0FF30014670BD2C467146B4F174
:100520000A0041F1FF3170BD780E002110B5837FC4
:10053000022B06D0837F012B02D0837F042B1DD199
:1005400010BD437D13F0020313D103240E4A00F1C2
:10055000180103768477946843768376C3765CB11A
:10056000D3681960094BD1601878BDE8104001F0DC
:100570004DBC0023837710BD9160F3E74FF4FF710A
:100580009F2001F08BFA00BF780E0021A40000210B
:1005900070B50446104D04F118062846314606F0A1
:1005A00063FA98B1002304222376A2776376A376B8
:1005B000E376AB6843B1EB681E60084BEE601878D9
:1005C000BDE8704001F022BCAE60F6E74FF4027166
:1005D0009F2001F063FA00BF780E0021A4000021E3
:1005E0002DE9F04F076983B0002F6ED1866890F82F
:1005F0001480D0E90045EFF3108272B635490B68DC
:10060000002B5BD00A36B1F81090A3F11803CDF897
:10061000049047F10007B14614EB090AD3E900162C
:1006200045EB070E8A457EEB060C47D3A14276EBDD
:10063000050C27D3D3F810C01CEB010C46F1000BBE
:10064000D4457BEB0E0B34BF4FF0010C4FF0000C88
:10065000BCF1000F12D093F814C0C44525D034BFAC
:100660004FF0010C4FF0000CBCF1000F06D00A3126
:100670009C6846F10005641845F100059B69EBB1E3
:10068000183BC9E711F10A0CD3F808A046F1000E97
:100690001AEB0C0C4EF1000E644575EB0E0E34BFD8
:1006A0004FF0010C4FF0000CD2E7B3F81CC0DDF89E
:1006B00004E0ACEB0E0CCCF3C03CD5E702B962B65B
:1006C000C0E9004503B0BDE8F08F40F227219F202C
:1006D00001F0E4F9780E0021024B0521186806F0BC
:1006E0009DB900BF900E0021054B586810B1C3683A
:1006F000052118474FF41B71B02010B501F0CEF959
:10070000900E00212DE9F0471646002B58D00C46DC
:10071000D3E90089804579EB010349D3B8EB0005A3
:100720004FF0000269EB0407484CA38A226164334E
:10073000AB42BA41C4E9028916DBA36903F2A313F1
:100740009D4277F100076CDA414A40464946C4F8B9
:100750002880C4F82C9000F0F3FC05233D4A84F86F
:1007600030303260BDE8F087627F237F1AB19A078C
:1007700021D40022627703F0010AA36903F2A313D4
:100780009D4277F1000731DABAF1000FDCD0A08A80
:100790002F4AB8EB000069F10001C4E90A0100F03A
:1007A000CFFC06232B4A84F830303260BDE8F08756
:1007B00080468946B2E7236A01209847237FD8E71D
:1007C000224C637F2BB1237F9B0702D5236A012034
:1007D00098470025657701F02DF8FFF75DF91E4A6F
:1007E0002B46326084F83030BDE8F08701F022F803
:1007F000FFF752F9A08AA369984217D9BAF1000FFE
:1008000014D0B8EB0000124A69F10001C4E90A01F2
:1008100000F096FC01230F4A84F830303260BDE8C6
:10082000F08701F007F8FFF737F9A369B8EB030089
:10083000074A69F10001C4E90A0100F081FC0223C2
:10084000044A84F830303260BDE8F087900E002111
:10085000D9060101A1090101990B010102392DE914
:10086000F04104292DD8DFE801F00309292C0C0000
:10087000164A137F003B18BF012353770020BDE8C1
:10088000F081124D044600F02DFC00F03FFD0E46B5
:100890000746FFF769FD80466868FFF747FE224676
:1008A0003846314600240026002743466C60C5E9DF
:1008B0000267FFF727FF0220BDE8F081FFF796F9F6
:1008C000DCE740F21721B02001F0E8F8900E00219B
:1008D0002DE9F84F2E4C8046637FA76983BB94F8BF
:1008E0001C9019F0010934D100F010FD10EB070B3A
:1008F00005460E4641F1000A58465146FFF734FDC1
:10090000A0B3D0E900329B457AEB02011BD3002350
:10091000284631461F4AA562E6622361C4E902BA4D
:1009200000F00EFCB9F1000F02D0A38A9F4215D04F
:100930000222194B84F83020C8F80030BDE8F88F47
:100940004FF00009D0E7DD1B9B46924662F100069E
:10095000DDE7A38A9F4238BF1F46C5E701220E4B41
:1009600084F83020C8F80030BDE8F88F637F2BB1E1
:10097000237F9B0702D5236A012098470021074B5C
:100980000A466177C8F8003084F83020BDE8F88F57
:10099000900E0021D9060101A1090101990B010165
:1009A000023970B50546032900F2EB80DFE801F05B
:1009B00006024508754B002283F83120002070BDE7
:1009C000724C94F830301A1F012A40F29F8000F0D8
:1009D0009DFCA26A2369801A9842B8BF184694F811
:1009E0003030022B20617FD0237FD90740F1C480B3
:1009F000607F002840F0C080236A98470123637716
:100A000094F83020022AD4E902034BD0012A70D096
:100A1000256932385E4A43F1FF31281841EBE57110
:100A2000C4E90A0100F08CFB94F83030062B0CBFAF
:100A30000523042384F83030C0E7544C94F8303058
:100A4000042B0FD8022B25D8013B012B00F28F80FD
:100A5000FFF7CCF80028B1D000F046FC2846FFF79D
:100A600037FF15E0053B012B00F28180FFF7BEF850
:100A70000028A3D000F038FC00F048FC06460C46E5
:100A8000FFF772FC2A46034621463046FFF73AFE3E
:100A9000022070BDFFF7AAF800288FD0012384F848
:100AA00031308BE7227FD2070ED5627F62B9A18AEF
:100AB000374A401A63F10001C4E90A0100F040FB23
:100AC000032384F8303079E721693238304A43F122
:100AD000FF33401843EBE171C4E90A0100F030FB39
:100AE000042384F8303069E700F09CFEFEF7CEFF67
:100AF00086E7A169264A401A63F10001C4E90A01A8
:100B000000F01EFB022384F8303057E7042B94F8E2
:100B1000316019D0002EAFD1FFF7BEFC0028ABD05A
:100B20006060C4E90D6600F0D5FA606802233146C2
:100B30008377C3689847D4E90201FFF79DFB154B03
:100B400084F830602B60A3E700F07CFE0028E1D140
:100B500000200021FFF708FC08B1FFF719FD00F0A5
:100B600069FEFEF799FF2846FFF7B2FE90E74FF4C3
:100B7000CD71B02000F092FF40F2B311B02000F030
:100B80008DFF40F2F111B02000F088FF900E00219F
:100B9000D90601015D080101032910B506D8012914
:100BA0000AD840F25D11B02000F078FF0429F8D196
:100BB0000446FFF71BF808B9002010BD2046FFF7D8
:100BC00087FE022010BD00BF064A002310B5064C68
:100BD000026084F8303023772060FEF773FF5130D5
:100BE000A06110BD990B0101900E002108B5074BC3
:100BF000074A19680968914202D15130986108BDCD
:100C000040F25121B02000F049FF00BF900E0021BA
:100C1000990B010110B5EFF3108472B6034B042158
:100C2000186805F0FBFE04B962B610BD900E0021F5
:100C3000094B5A6810B54AB1084AD3E90241001974
:100C4000BDE8104041F1000100F07ABA40F2722193
:100C5000B02000F023FF00BF900E0021E906010143
:100C600008B5064B5B681BB1BDE8084000F03CBB13
:100C70004FF41E71B02000F011FF00BF900E002154
:100C800008B5054B5A680AB1586308BD40F27E2189
:100C9000B02000F003FF00BF900E002108B5054B07
:100CA0005A680AB1986308BD4FF42171B02000F072
:100CB000F5FE00BF900E0021044B9B6B03B118475B
:100CC00040F28A21B02010B500F0E8FE900E00211D
:100CD000044B5B6B03B118474FF42471B02010B57F
:100CE00000F0DCFE900E0021014B5868704700BFF9
:100CF000900E002108B5054B5A6812B1D3E90201E4
:100D000008BD40F29B21B02000F0C8FE900E0021EB
:100D1000034B187F10F0010018BF988A704700BF7E
:100D2000900E0021054B1B681BB11A6A0421586AFA
:100D300010477221452010B500F0B0FED00E002102
:100D4000054B1B681BB11A6A0321586A10476C21B6
:100D5000452010B500F0A2FED00E00212DE9F04193
:100D600004460D4679B9154F3B681BBB14483C60DF
:100D7000FFF786FF1348FFF791FFFFF767F8637DE2
:100D800006465B0705D4236A2946606ABDE8F04140
:100D90001847FEF715FF2036361A7E6000F01EFB5E
:100DA0000028FBD000230849084AC1F88031C2F866
:100DB0008030E8E78621452000F070FED00E00214B
:100DC000410D0101250D01010010014100C000414C
:100DD000024B00221A601A81704700BFD00E00211A
:100DE00008B5074B1A683AB106480021D06019606F
:100DF000BDE80840FEF78CBFB921452000F04EFE4B
:100E0000D00E00215D0D010130B40D4614460021C5
:100E10002022C0E9085430BC01F03AB930B50022B4
:100E200087B04B7A0C4605924FF0000100920546C0
:100E300001920492C3F3800282F0010262F3820104
:100E4000227A8DF814202B4A8DF8151003926168D0
:100E500022780291002A3BD1D4E904209DF8154064
:100E60006407CDE9002024D4C3F340039DF8152086
:100E700021495B0022F0030243F0010313438DF884
:100E800015304B68C3F308036BB1103B5BB2002B0A
:100E900018DB1A4AD35C5B092BB969462846FEF772
:100EA0000BFF07B030BD69462846FEF7E3FE07B0EA
:100EB00030BD203A01F1200140F1FF300092029153
:100EC0000190D1E703F00F0319440B7D5B09E3E7C1
:100ED00023690493FEF76CFE9DF815305B07CDE99E
:100EE000000104D5029A637A20320292BCE7637A49
:100EF000BAE700BF5D0D010100ED00E000E400E095
:100F000010B5037886B0B3B904460393D0E9040161
:100F1000CDE90433CDE9000163686846217A029384
:100F20008DF81410FEF7A0FF0120DDE90023C4E9CD
:100F3000042306B010BD4FF4AB71452000F0AEFDA8
:100F400000F096BC30B50C7887B07CBB4B7A4FF084
:100F5000000C0594C3F3800E0C7A4D688EF0010EE0
:100F60008DF81440144C6EF3820C029503941CF01F
:100F7000040F8DF815C0D1E90441CDE9004107D037
:100F8000203C05F1200541F1FF31009402950191CB
:100F90009DF81540C3F340036946049263F341048E
:100FA0008DF81540FEF766FE07B030BD40F21F21F8
:100FB000452000F073FD00BF5D0D0101074A0023CD
:100FC00013721375064A012106485160C2F8403574
:100FD000C2F84031C0F80815704700BF080F002163
:100FE00000C0004100F0004130B4344B0022344CCA
:100FF00001213448826159609960C3F80843C3F8FD
:101000004843C469C3F80421C3F84021C3F844210C
:10101000C3F84821002C4ED02B4A4FF00045C2F8AF
:10102000C051C4F88050C3F88050284BC3F8041551
:101030000523C2F840351160D2F84031002BFBD0B7
:101040000121224D0023C5F808155160D1601B49CC
:10105000C2F84031C2F84035C2F8C031C4F880301F
:10106000C1F8803090F8203003B390F8212001219E
:10107000124B4FF480249140144842F000424FF646
:10108000FF75C0F80815C3F84443C3F84855C3F8C2
:101090000443C3F848219A60C0F804150C4B4FF480
:1010A000003230BCC3F880211A607047034B022223
:1010B000C3F80423F2E71960D4E700BF0010014130
:1010C00002000700080F002100C0004100F00041AD
:1010D00000E100E0024B0122C3F80027704700BF87
:1010E0000000084110B4114A002301244FF0FF30E2
:1010F0000F49C1F88031C2F8803054604FF48054F9
:10110000C2F808030B480C4AC0F88041106838B197
:101110004FF48030C1F808031372C1F840311360F6
:10112000064B002210BCC3F80027704700C00041E6
:101130000010014100E100E0080F0021000008411B
:1011400070B5604C2368002B40F0B2805E4B22608B
:10115000994200F2B280420F5C4DC0F34F3343F628
:10116000095642EAC10103EB0143A5FB01125849AC
:10117000920B01FB12335749A5FB035343F6085565
:101180009B0B43EA024201FB120048F237614FEA2F
:10119000122C430B120601FB03F34F491B0C06FBF9
:1011A000130000FB01F1490D01EB432306FB015144
:1011B000B0EB512F4FF0000188BF0133D0184CF134
:1011C000000CEFF3108572B694F82060434A96BB8A
:1011D000D2F80435D2F8041109BB05334FF00002F0
:1011E000A16942F1000225B962B694F82050002DA1
:1011F00038D14FF08075E1FB053298427CEB02025A
:1012000042D3010E20F07F4241EA0C21334B4FF4D0
:1012100080306160C3F84025C3F8040370BDA36942
:101220000133A361C2F80461D2F80435D2F8041185
:101230000029F4D1D1E7D2F804354FF6FF76D2F881
:101240004821B34228D0161E47F6FE7E18BF01265D
:10125000734588BF0026053341F10002A16931447E
:10126000002DC1D04FF48035E1FB053298427CEB74
:10127000020209D3010C4FF6FF7382B241EA0C411E
:10128000002A08BF1A46C1E7FF232372144B4FF40C
:101290000032C3F8002170BD22B9A1690523002DD9
:1012A000E0D1A1E70A460F4BA169002DDAD19BE7F7
:1012B00040F2F921052000F0F1FB4FF49471052074
:1012C00000F0ECFB080F0021FF7F841E83DE1B4330
:1012D000000024F40080841E6F0C01000010014106
:1012E00000E100E004000100064B1A684AB106491B
:1012F0004FF48032C1F8082300221A72C1F840214D
:101300001A607047080F00210010014170B4EFF31C
:10131000108572B62C4C2D4A94F82000D2F8043572
:1013200040B3D2F848014FF6FF72A669934245D008
:10133000003843F60951C3F3080247F6FE7C18BF94
:10134000012001FB02F263454FEA532388BF0020CE
:1013500002F5807201FB03F30021064403EB5220E7
:101360001DB962B694F820301BB3194BE6FB03019C
:1013700070BC7047D2F8041151B1A3690133A36165
:10138000C2F80401D2F80435D2F804110029F4D1CE
:1013900043F60951C3F30802580AA66901FB02F398
:1013A00001FB00F0002103F5807300EB5320002DBA
:1013B000D7D0084BE6FB030170BC704700B106486C
:1013C0000021002DD1D1CCE7080F002100100141F0
:1013D00080841E000080841E61841E0030B5EFF3FF
:1013E000108572B62F4A92F8204044B32E4B4FF628
:1013F000FF70D3F80415D3F84831814290694BD07F
:10140000003B43F6095CC1F3080447F6FE7E18BFB3
:1014100001230CFB04F471454FEA512188BF0023DE
:1014200004F580740CFB01F1184401EB54230021F6
:101430001DB962B692F820401CB31C4C22E01A4938
:10144000D1F80435D1F8040150B1936901339361A7
:10145000C1F80441D1F80435D1F804010028F4D1D1
:10146000C3F3080143F609545B0A906904FB01F1D8
:1014700004FB03F301F5807103EB51230021002DE0
:10148000D7D00B4CE0FB0431D2E90A0283429141F0
:101490002CBF0120002030BD03B1064B0021002DE0
:1014A000CBD1C6E7080F00210010014180841E0047
:1014B0000080841E61841E002DE9F84F0020954EA7
:1014C0000125954C7560C6F84005C6F84001C4F882
:1014D0000855D6F8043523F00303C6F80435D6F8CA
:1014E000083543F00303C6F80835102393FAA3F335
:1014F000B3FA83F3092B00F30881C6F810354FF4D3
:101500008052864B4FF6FF7CF56047F6FE7EC3F8AF
:1015100080211A604FF00042814B7560F560C3F87E
:101520008021C6F880207F4A41E06745D3F8481102
:1015300000F0C6800039D2F8188018BF0121774525
:1015400088BF002141444FF00008B9F1000F00F0BE
:10155000BF804FF48039E1FB0978C4F80455EFF3FC
:10156000108972B692F82010D3F804A5002900F073
:101570008F80E245D3F848113AD00039D2F818B03C
:1015800018BF0121F24588BF002159444FF0000BDC
:10159000B9F1000F34D04FF48039E1FB09ABC345FA
:1015A00008BFBA453CD0C4F808557560F560EFF344
:1015B000108972B692F82010D3F804750029B4D1BE
:1015C000D3F8041141B991694FF00008B9F1000F47
:1015D0007ED04FF08079BEE7916901319161C3F807
:1015E0000401D3F80475D3F804110029F4D1EAE713
:1015F000002978D18A469169D346B9F1000FCAD142
:1016000062B692F82090B9F1000F0CBF4FF08079CC
:101610004FF48039E1FB09ABC34508BFBA45C2D1DD
:10162000013743F60951C7F3080348F100083C0E9F
:10163000C7F34E2701FB03F344EA082401FB07F03C
:101640004FEA186803F58073650100EB53204FEAF9
:1016500048132D1B43EAD46363EB0806AB01B101C9
:101660005B1B41EA956161EB0601C90041EA5371D8
:10167000DB001B1948EB0108DC034FEAC8310019F5
:1016800041EA5341906241F10001D162BDE8F88F17
:10169000D3F8041141B991694FF0000BB9F1000F73
:1016A000AED04FF0807978E7916901319161C3F84C
:1016B0000401D3F804A5D3F804110029F4D1EAE712
:1016C000D1B90F469169B846B9F1000F7FF441AF27
:1016D00062B692F82090B9F1000F0CBF4FF08079FC
:1016E0004FF4803937E79169E2464FF0000BB9F1CA
:1016F000000F7FF450AF83E7916967464FF0000811
:10170000B9F1000F7FF425AFE2E740F29F310648C0
:1017100000F0BAF900C0004100F0004100E100E033
:1017200000100141080F00215425020110B5029C50
:10173000201841F10001801A61EB0301B0F1004F64
:1017400071F1000100DA10BD40F2A931052000F06E
:10175000A5F900BF70B4EFF3108572B62C4C2D4A7A
:1017600094F82000D2F8043540B3D2F848014FF67F
:10177000FF72A669934245D0003843F60951C3F37E
:10178000080247F6FE7C18BF012001FB02F2634508
:101790004FEA532388BF002002F5807201FB03F358
:1017A0000021064403EB52201DB962B694F82030A4
:1017B0001BB3194BE6FB030170BC7047D2F8041150
:1017C00051B1A3690133A361C2F80401D2F8043511
:1017D000D2F804110029F4D143F60951C3F30802E9
:1017E000580AA66901FB02F301FB00F0002103F592
:1017F000807300EB5320002DD7D0084BE6FB03018C
:1018000070BC704700B106480021002DD1D1CCE753
:10181000080F00210010014180841E000080841EFA
:1018200061841E00024B0122C3F84423704700BFAD
:1018300000100141024B0122C3F84823704700BF4A
:101840000010014108B5FEF72DF930B9074A136BB6
:101850000133312B136304D808BD044B00221A63F3
:1018600008BD40F2F531052000F018F9080F0021FD
:10187000014BD861704700BF080F002110B53F4CE5
:1018800082B094F82030002B55D03D4BD3F8042380
:1018900052035BD43A4B6168D3F80423D00334D5A8
:1018A000D3F84031002B30D0A36999425DD8002392
:1018B0002372334A4FF48031C2F84031C2F8081322
:1018C0002268002A55D0236090472D4B2169D3F818
:1018D0000423920324D5D3F844310BB3A3698B427C
:1018E0003FD300222275264B4FF40030E168C3F845
:1018F0004421C3F8080300293BD08847204BD3F884
:1019000040310193019B02B010BDA269237A002BE4
:10191000CDD19142D9D91A4B0022C3F84021D4E746
:10192000A269237D002BDCD18A42E7D2144B00222E
:10193000C3F84421E2E7124AD2F804110029A9D0E1
:10194000C2F80431A3690133A361A3E7D3F84821A6
:10195000002A9FD00022C3F84821A3690133A36164
:1019600098E7237D002BE1D0BBE7237A002BD2D070
:101970009DE740F23741052000F090F8080F002164
:1019800000100141014B1879704700BF400F002142
:10199000044B1A79824283BF1B68602202FB00302D
:1019A00000207047400F0021BFF34F8F0549064BC1
:1019B000CA6802F4E0621343CB60BFF34F8F00BFED
:1019C000FDE700BF00ED00E00400FA05094B01222D
:1019D0005A604FF0FF32C3F808234FF40052064B11
:1019E000C3F88020BFF34F8FBFF36F8FC3F8802100
:1019F000704700BF00D0004100E100E0094B012228
:101A00005A604FF0FF32C3F808234FF48032064B80
:101A1000C3F88020BFF34F8FBFF36F8FC3F88021CF
:101A2000704700BF0000014100E100E010B513491C
:101A300000230122124CC1F8FC3FC1F8FC2FDA0050
:101A4000013302F1FF7202F58032D2F80003204028
:101A5000884202BFD2F80003D2F804230260202B90
:101A6000EDD1084B4FF48072C3F88020BFF34F8F45
:101A7000BFF36F8FC3F8802110BD00BF008000410D
:101A800000F0FFFF00E100E008B572B6024B5B68B2
:101A900003B19847FFF788FF480F00211FB572B6C2
:101AA000144B5C6894B9FFF77FFFB2FBF6F22B464C
:101AB0005D1C002AF9D1DBB203F110056D4405F875
:101AC0000C2C0A2233B901A8A047ECE702460023F8
:101AD0000A26EDE7013BDBB203F110050DEB05062D
:101AE000B0FBF2F502FB1500303006F80C0C28466E
:101AF000E8E700BF480F0021F8B51E4E05460C462A
:101B00001746337893BB04F068FF77603472FFF7B1
:101B10008DFFFFF773FFFFF759FF174B002D14BF21
:101B200028461846FDF7E6FF0546E8B9FFF750F9E5
:101B3000FDF7D2FF04F061FFFEF728F818B9B821CD
:101B40001120FFF7ABFF002C0CDB04F01F0264092F
:101B50000123A400934004F1604404F56144C4F8F7
:101B600080312360012333702846F8BD4FF0FF35E4
:101B7000FAE700BF480F00217E230201074B93F9CB
:101B80000830002B09DB5A09012103F01F0399409B
:101B900002F14003024A42F823107047480F002127
:101BA00000E100E0014B1878704700BF480F0021AA
:101BB00050B1074B03F1140253F8041B934240F851
:101BC000041BF9D1002070476FF01500704700BF6B
:101BD000DE440201F0B5284D83B0284C284F2E7802
:101BE0000136F6B2D5E84F3F0133DBB2C5E8423FDC
:101BF000002AF7D101236360C4F80021C4F804214E
:101C0000EFF3108272B6C4F80405236052B962B6CD
:101C100008E0D4F804314BB92B789E4206D13B69D9
:101C2000DB0613D4D4F80031002BF2D0D4F8043101
:101C3000002BD4D12A78B242D1D10322C4F800318A
:101C4000C4F80431C4F8082303B0F0BD0D4B0321E0
:101C50004FF40052C4F80413C3F88021D4F80031C3
:101C6000002BDFD1D4F80431002BDBD1019004F03C
:101C700006FF0198D6E700BF510F002100D00041B8
:101C800000ED00E000E100E070B51446DA078CB02A
:101C90001D4686468C4633D5C3686E4642681BBADD
:101CA00012BA0093CB6802921BBA4A68049312BA24
:101CB000836806921BBA019303681BBA03938B686F
:101CC0001BBA05930B681BBA07933046FFF782FFD8
:101CD000AB070DD5DDE90A10DDE9083200BA09BA13
:101CE00012BA1BBA20606160A260E3600CB070BDE4
:101CF00008AD0FCD20606160A260E3600CB070BDE4
:101D0000DEF804106E46DEF80820DEF80C30EE46F1
:101D10000068AEE80F00DCF80000DCF80410DCF826
:101D20000820DCF80C30AEE80F00CEE710B5002438
:101D300082B0CDE90044FFF7A7FF02B010BD00BF9D
:101D40001A4B4FF4803270B5C3F88020BFF34F8F29
:101D5000BFF36F8F164C0021164DC4F80011C3F865
:101D600080212E692B6906F0100643F010032B61C9
:101D70000123C4F804332360D4F800319BB11EB9A9
:101D80002B6923F010032B610123D4F808054FF4CD
:101D900080326360C4F808330023C4F80031034B79
:101DA000C3F8802170BD04F06AFEE5E700E100E0C1
:101DB0000000014100ED00E038B50B49042301EBC0
:101DC000C302157905F0FF042DB1013BF7D2402184
:101DD0006920FFF763FE41F8330001215471D8B246
:101DE0009471117138BD00BF540F0021042808B54B
:101DF00003D947216920FFF751FE034B002203EB73
:101E0000C0031A7108BD00BF540F0021042808B593
:101E100003D950216920FFF741FE094B03EBC000B5
:101E20000379012B01D05121F4E743798279013301
:101E3000DBB29A4218BF4371BDE80840FFF79EBE6F
:101E4000540F002138B505240F4D95F8281005EBE7
:101E5000C1031A79012A09D158799A79904205D09B
:101E60005A79D2B29A7155F83130984795F828309E
:101E7000013C0133DBB2052B28BF002314F0FF0423
:101E800085F82830E1D138BD540F0021914270B55A
:101E90003ED2B2FA82F33BB1C3F1200499409A409A
:101EA00020FA04F498402143160C1FFA82FE030C1A
:101EB00085B2B1FBF6FC06FB1C14240404EB1040B5
:101EC0000CFB0EF4844206D9241A944294BF0124D8
:101ED0000224ACEB040C03EB01430CFB12334FEA7E
:101EE0000C4CB3FBF6F006FB103300FB0EFE05EBCB
:101EF0000345AE4509D9AEEB050E964594BF4FF0AC
:101F0000010E4FF0020EA0EB0E0040EA0C0070BD77
:101F100073219620FFF7C2FD70B5044616461D4694
:101F2000FFF7B4FF049B00FB164428601C6070BDE3
:101F30002DE9F8431C4652EA040346D08046154674
:101F40000E4684B9914204D2FFF7A0FF2146BDE8B6
:101F5000F88321463046FFF799FF04462A4640465B
:101F600004FB1561F0E70127B4FA84F907FA09F2D6
:101F7000F840A2FB05C340EAC170F94002FB0432FD
:101F8000FFF784FFC9F11F034FF0000C30FA03F391
:101F900008D138461946A845A641D8D21846614608
:101FA000BDE8F8835A1E614618466CEB0C0C1346CC
:101FB00005FB0CF702FB0477A5FB022EB8EB02022F
:101FC0007744904666EB0706E5E7A6219620FFF7E3
:101FD00065FD00BF8AB1013A16D000EB020C10B5C6
:101FE00001E060450BD08E46044611F8012B10F835
:101FF000013B9342F5D0981A10BD104670476378A4
:102000009EF80120981A10BD03780A78981A704734
:10201000431A934228D382B370B5541E052C2DD990
:102020005C1E84460B46022C28D922F00305960834
:102030004C1953F804EBA3424CF804EBF9D1AA4233
:1020400000EB050CA2EB05040DD011F82620012CA5
:1020500000F8262007D05A78022C8CF8012002D0F4
:102060009B788CF8023070BD8B18024413F801CDB8
:10207000994202F801CDF9D1704770470139024405
:10208000034611F8014F03F8014B9342F9D170BD9B
:1020900010F0030FC9B2034607D0BAB303F8011B0F
:1020A00013F0030F02F1FF32F7D170B5032A01EBF1
:1020B000012404EB04441ED9161FB508032E05F1B4
:1020C000010521D94FEA550E9C4603EBCE0ECCE913
:1020D00000440CF1080CF445F9D115F0010F04D0BF
:1020E00025F0010503EB85052C6026F0030604337B
:1020F00002F00302334432B1012A197003D0022ADC
:10210000597018BF997070BD1D46EDE7704700BF4C
:1021100010F0030FC9B2034607D0CAB303F8011B7E
:1021200013F0030F02F1FF32F7D170B5032A01EB70
:10213000012404EB044420D9161FB508032E05F131
:10214000010523D94FEA550E9C4603EBCE0ECCE990
:1021500000440CF1080CE645F9D115F0010F06D04A
:1021600025F00105C5EB8575A3EB85052C6026F0F0
:102170000306043302F00302334432B1012A19701A
:1021800003D0022A597018BF997070BD1D46EDE743
:10219000704700BF094B0A4AC3F880210132C3F8D7
:1021A00084210132C3F88C210132C3F8902101321D
:1021B000C3F8EC210132C3F8902070470080004141
:1021C00004000080074B0022C3F88021C3F884215B
:1021D000C3F88C21C3F89021C3F8EC21C3F89020F8
:1021E000704700BF00800041844641EA000313F0BD
:1021F000030359D1403A33D3F0B4F0C9F0C0F0C969
:10220000F0C0F0C9F0C0F0C9F0C0403AF5D2F0BC5F
:1022100026E0403A24D300BF0B6803604B6843605C
:102220008B688360CB68C3600B6903614B69436152
:102230008B698361CB69C3610B6A03624B6A43623A
:102240008B6A8362CB6AC3620B6B03634B6B436322
:102250008B6B8363CB6BC36340304031403ADBD23E
:1022600030320BD30B6803604B6843608B6883602C
:10227000CB68C36010301031103AF3D20C3205D362
:1022800051F8043B40F8043B043AF9D2043208D038
:10229000D2071CBF11F8013B00F8013B01D30B88AA
:1022A00003806046704700BF082A13D38B07B0D065
:1022B00010F00303ADD0C3F10403D21ADB071CBF37
:1022C00011F8013B00F8013BA3D331F8023B20F8A1
:1022D000023B9EE7043AD9D3013A11F8013B00F8DA
:1022E000013BF9D20B7803704B7843708B78837085
:1022F00060467047014B1B681B681847A800002107
:10230000014B1B685B681847A8000021014B1B6844
:102310009B681847A8000021014B1B681B691847E0
:10232000A8000021034B1868034BC01A18BF0120F6
:10233000704700BFA80000213C230101856A01010C
:10234000916A0101956A01019D6A0101A16A010179
:1023500008B5EEF75BFAF4F7FDFDEEF7A7F80020FD
:1023600008BDFFF725BC01F01EBC01F01FBC01F049
:1023700020BC01F020BC01F013BC10B586B00446AF
:1023800001A8FFF715FC02230020237003236070CF
:10239000A3709DF80430E0706371BDF805302071C2
:1023A000E380DDF80730A36006B010BD01F072B81D
:1023B00070B50446FBF7F4FA012805461AD1601CF3
:1023C000FBF7F6FAB0B1A3790020E61D63F03F03F6
:1023D000A371F5F767F838B1102200213046FFF7F6
:1023E00057FE0020257070BD3046FBF7F9FA002833
:1023F000F2D0F6E70025F4E710B5044610220021DC
:10240000FFF746FE04F11003102200211846FFF7E3
:102410003FFEFBF703FB0020F5F744F820B1204610
:10242000FBF7DEFA002010BDFBF7BAFA0028F6D061
:10243000F8E710B50446FFF783FCB0F5007F09DA32
:1024400010F5007F08DD031EB8BF03339B1000208A
:10245000237010BD7F23FAE76FF07E03F7E78178E2
:10246000008801F041BB0078003818BF012000F05F
:10247000EEBF37B505460C4600880DF1060101F0A8
:10248000E4F82B882380BDF80630638003B030BDAC
:1024900038B505460C46EEF7CDF930B13E2D04D1E6
:1024A0002046BDE83840EEF709BA38BD37B50446D6
:1024B0002046F5F711FD022805460FD004280DD15E
:1024C00023788A2B0DD0942B21D0204600F038F8A9
:1024D000A1782078FFF7DCFF0028E9D0284603B078
:1024E00030BD05213E20FFF7D3FF0028EDD1E37872
:1024F00001A92279684643EA0223ADF8003001F0D1
:1025000071FA0028D4D053210820EDF793FF1A2147
:102510003E20FFF7BDFF0028D7D163796946A27935
:1025200001A843EA0223ADF8043011238DF80630E8
:10253000F4F78CFC0028BBD06521E5E702F079BBFD
:1025400010B503780446813B1A2B35D8DFE803F039
:10255000353B474B556D730E6741818761777B8DA6
:102560009BB5C0CEE0E6ECF234DAD4002920EEF7D9
:10257000A5F930B13E232370222363702923A37071
:102580001AE00A20EEF79AF93E23237018B11F23B0
:1025900063700A23F3E70123A37013236370E379C5
:1025A00003F00103E371D4F81A30C4F80E30E38B62
:1025B000638294F82030237510BD3E2303700423FA
:1025C00043701423DBE73E2303700A234370032385
:1025D000D5E73E2303700D2343700523CFE7052382
:1025E0002370042307E05A20EEF724F9082300287B
:1025F000F6D05A2222706370DEE75B20EEF71AF9FC
:1026000018B15B2323700623F5E7302323700323DF
:10261000F1E73E2303700B2343700723AFE73E230C
:102620000370062343700C23A9E7132303708378F8
:102630009B000133DFE7572303700223DBE73E23D0
:1026400003700D239BE73E23037001234370112386
:1026500095E73E2303700623437012238FE73E2342
:10266000037009234370132389E73E23037024205A
:10267000EEF724F918B12423A3701423BBE70E232B
:10268000A3701023B7E73E2303702520EEF716F959
:10269000227B20B125230B32A37062708CE70F23BD
:1026A00004F10B0104F10800A37002F108030232E7
:1026B0006370BDE81040FFF7ABBC3E2303702620DB
:1026C000EEF7FCF818230028D6D02622A27092E755
:1026D0003E2303702A20EEF7F1F818B12B23637024
:1026E0002A234CE71D236370192348E73E23037018
:1026F000072343701A2342E7FF2303700D2343701F
:1027000080233CE7FF23037029234370812336E7AE
:102710003E2303700C234370232330E73E230370D2
:102720000E23437037232AE73E2303700A234370A6
:10273000352324E73E230370FE2343702B231EE73B
:1027400008B510B96FF0150008BDFFF7F7FE0028B7
:10275000F8D00020F8E710B50C4648B141B1FFF7BA
:10276000A5FE002820700CBF6FF02200002010BDD5
:102770006FF01500FBE7F8B5941C0E4605461746AA
:102780000C446343B3F5004FA8BF4FF0FF3310F084
:1027900003019CB203D0B0211420EDF74BFEB4F539
:1027A000004F01D9B121F7E714220430FFF770FC84
:1027B000EF746C802E80F8BD38B50388C4888B42D6
:1027C0000589C4F30E0203D2D1211420EDF732FEA5
:1027D00084EA0503C3F30E030BB9AC4206D102F140
:1027E00018030122C1528274184438BD1846FCE710
:1027F000023101444A43B2F5004FA8BF4FF0FF3207
:1028000090B21B3020F00300B0F5004F34BF00B28F
:102810004FF0FF30704740881B3020F00300B0F5C8
:10282000004F34BF00B24FF0FF3080B2704738B570
:1028300003888B4203D2F7211420EDF7FBFD857C42
:1028400065B1C388C3F30E031833C25A8A4207D353
:10285000C152811DEEF742F800238374284638BD2B
:102860000025FBE703461830F0B59E88DD88B4B23A
:10287000C6F30E06A54214D05F89DD7C845B3D441F
:10288000E41B0235A4B2354428440D88A54284BF18
:102890000C8025465989B1FA81F149091170DD8111
:1028A000F0BD00252846FAE7F8B582880026C389DE
:1028B00004460D4692B20E60CBB14189C2F30E02BE
:1028C0000B4418329BB28718825A4381934204D931
:1028D0004FF4A2711420EDF7ADFD04D1011DEDF709
:1028E000FDFF46812F6000230120E381F8BD1846DB
:1028F000FCE78388014602899BB29A4202D00831E4
:10290000EDF7ECBF70478388C0889BB2C31A58426A
:1029100058417047828873B595B2C488C2F30E02DD
:10292000AC4202F1180212D04189C689835A31445F
:1029300099420EDB0DF10601ADF80650EDF7CEFF22
:10294000BDF80600001B18BF012002B070BD0020BA
:10295000FBE70120F9E770B5C48803460689183003
:10296000C4F30E0584EA0602C2F30E020AB9B442A9
:102970000FD19C891A880CB1465B921B914207DCEF
:10298000DA7C2C440232224410440A461A8270BD7A
:1029900000221046FAE7F8B5038A002B38D08B42A4
:1029A00036D3C48800F118038589C4F30E041E19B8
:1029B00095B91D55757085891E5B0D443144ADB2C6
:1029C00085811953D2B1811DEDF788FF00238381E2
:1029D000002303820120F8BD1E5BAE4204D04FF4F9
:1029E000F6711420EDF726FDC57C2644878A023552
:1029F00035445E195F53857DB570DCE7C27C2544A4
:102A000002322A4499189B5A83828B788375DFE7B8
:102A10000020E0E78388C2889BB29A4206D04289B0
:102A200022B9C3F30E0318331844704700207047CF
:102A3000C37C0233C8187047C37C0233C81A70477E
:102A40000230704738B58388C2889BB29A4207D05B
:102A500045892DB9011DEDF741FFC581012038BD24
:102A60000020FCE703881380C388C3F30E031833E8
:102A7000034480890B6070470368002223B9C0E9D2
:102A80000132031D0360704759681B680A44F5E76B
:102A90000729034670B504D84FF4EC711520EDF703
:102AA000C9FC0068C0B1446806461A688C4210D060
:102AB000106860B901F10805AC420DD3546850505C
:102AC0001868651A541800686560505002E0134693
:102AD000E9E7146830461C6070BD0023C1E900328C
:102AE00003680B600160704730B590B18478B1FB2A
:102AF000F4F304FB131300EB430252898A4201D121
:102B0000D8B230BDC27822B900F10803D0B28442F5
:102B100001D8FF20F5E733F8025F01328D42F5D18D
:102B2000EFE78278038805324B4303EB42031844F6
:102B3000704737B500240546CDE900448DF80600FE
:102B40006846ADF80440EEF7A9F8BDF8044008B1B6
:102B500003B030BD29462046EEF77CF80028EFD0C0
:102B600040F235211720EDF765FC70B51E460D4685
:102B70000921FFF73DFE0446324609212846FFF7AA
:102B800037FE40EA04031B0454BF00194FF0FF3026
:102B900070BDD31D23F0070370B5083390B110F05A
:102BA000070403D058212220EDF744FC04604FF6BF
:102BB000FF75C28000F108040A468180013A92B292
:102BC000AA4203D103FB01F0083070BD06682660FD
:102BD00004601C44F2E718B1C2888188FFF7D9BFAE
:102BE00070470346EFF3108272B6006830B1016897
:102BF00019600023037043708370C37002B962B61A
:102C00007047EFF3108372B602680A60016003B97F
:102C100062B67047012303707047F8B50C4605464D
:102C200011461E4684F001046400E4B2FF23837061
:102C300003191B7D012B05D00134E4B203191B7D60
:102C4000012B0AD105EB44073B8B3A8C9819904233
:102C500005DD00232C443B8323750020F8BD05EBE4
:102C60008404324660681844FFF7BEFA3B8B1E446A
:102C70003E830023AB700120F0E781F001014900A1
:102C800010B5C9B2FF23837043181C7D012C07D1F6
:102C90000C3120F8112002221A750023837010BD18
:102CA0000131C9B243181C7D012CF1D04FF4997148
:102CB0000920EDF7BFFB024630B5837803F0FF0033
:102CC000F3B9137D022B19D0537D022B15D1034686
:102CD000012089B10024D5180C332C7522F813403B
:102CE000131803241C7502EB80035B680B6000F172
:102CF0000C0332F813308B80012030BD0123E8E74C
:102D00000020FAE7034630B5827802F0FF00E2B90E
:102D10009A7D022A17D0DC7D022C13D1032281B1C7
:102D20001D1900200C34287523F81400981803246A
:102D3000047503EB82000C32406833F812300860EF
:102D40008B80012030BD0324E9E70020FAE7037DF2
:102D5000012B01D1008B7047437D012B0CBF408BB1
:102D600000207047837D012B01D1808B7047C37D8C
:102D7000012B0CBFC08B00207047838B23B9C08B05
:102D8000003818BF0120704701207047027D022AD9
:102D900001D1008B7047437D022B01D1408B7047DE
:102DA000032AF6D0032BF9D000207047827D022A37
:102DB00001D1808B7047C37D022B01D1C08B70473E
:102DC000032AF6D0032BF9D0002070472DE9F041FB
:102DD0000646069898460D46430711469DF81C7016
:102DE00002D010F0030003D025214C20EDF722FB88
:102DF0004FF48B72FFF7CDFE002F06AB044600FBAD
:102E000008F114BF00201846EDF78AFD17B9069B9C
:102E100033602C60BDE8F081EEF710B900EA4000A5
:102E200000EA400000EA400000EA400000EA4000FA
:102E300000EA4000B0FA80F04009704708B5034648
:102E400010468B4209D03AB183EA010002F0B0F893
:102E500001288CBF0020012008BD0120FCE737B508
:102E6000002304460D46CDE900336846EDF716FF12
:102E700030B10023CDE9003302238DF8063014E091
:102E8000009B2A462046D3F8CC10FFF7D7FF002836
:102E9000EBD0012003B030BD009B2A462046D3F87A
:102EA000CC10FFF7CBFF0028F3D16846EDF7F6FE14
:102EB0000028F1D00023CDE9003304238DF806303B
:102EC00007E0009B2A4620461968FFF7B7FF002855
:102ED000DFD16846EDF7E2FE0028F2D00023CDE90D
:102EE000003305238DF8063007E0009B2A46204674
:102EF0001968FFF7A3FF0028CBD16846EDF7CEFE97
:102F00000028F2D00023CDE9003309238DF80630E4
:102F100008E0009B2A462046D3F8BC11FFF78EFF3D
:102F20000028B6D16846EDF7B9FE0028F1D000239D
:102F3000CDE900330B238DF8063008E0009B2A46CC
:102F40002046D3F8E410FFF779FF0028A1D16846A6
:102F5000EDF7A4FE0028F1D000224FF44023CDE984
:102F600000236846EDF79AFE58B10023CDE90033FF
:102F70000A238DF806306846EDF790FE58B1002020
:102F800088E7009B2A462046D3F8E410FFF756FF57
:102F90000028E6D07DE7009B2A462046D3F83C1166
:102FA000FFF74CFF0028E6D074E770B52326002514
:102FB000F5F7E2F80446F2F7F7FB20B100212046CE
:102FC000FFF74DFF50B10020013E01D00028EFD0A7
:102FD0004DB940F215210F20EDF72CFA2046254679
:102FE000F2F718FCF0E7284670BD00F0FD0000384D
:102FF00018BF012070478207034607D410F0010074
:1030000005D113F0040018BF032070470220704759
:103010008207034607D410F0010005D113F0040025
:1030200018BF03207047022070476FF45063C31825
:10303000062B8EBF40F2E243A0F550604FF47A7346
:103040005843704713B501210020EDF7EDFD04460C
:1030500088B901210846EDF7E7FD0446C0B9002311
:10306000CDE9003303238DF806306846EDF716FEF0
:10307000C8B100200AE0A830F1F7E2FE0028E8D04D
:103080002046F0F74DFC0028E3D0012002B010BD2F
:10309000A830F1F7D5FE0028E1D02046F0F740FC3B
:1030A0000028DCD0F1E7009C204602F097FD0028C4
:1030B000DBD0204602F035FF0028D6D0E5E713B577
:1030C00001210020EDF7B0FDC0B901210846EDF760
:1030D000ABFDF8B902F06CFDA0B906236C46019077
:1030E00000908DF806302046EDF7D8FDC0B10023E2
:1030F0000093636007238DF806301FE0A830F1F7D6
:103100009FFE10B1012002B010BDF0F79BFC00281B
:10311000DBD0F7E7A830F1F793FE0028DAD0F1E72B
:103120000098403002F09DFB0028DCD0EAE7009BCD
:10313000586F503002F095FB0028E4D12046EDF79F
:10314000ADFD0028F3D00020DDE71FB5002240F6DA
:10315000881303A90092FCF715F905B05DF804FB8C
:1031600010B5044638B1F3F763FF24EA0000B0FA63
:1031700080F0400910BD0120FCE738B5044602F09C
:10318000A2FED8B1204602F029FD08B9002038BDC2
:10319000204602F01FFC0546204602F01EFC78B9CE
:1031A000002DF3D00221B5F8AA00EDF753FD002859
:1031B000ECD041F6D8213920EDF73CF94220E6E782
:1031C0000C20E4E710B5044602F0F2FC58B90121E6
:1031D0000020EDF729FDD0B901210846EDF724FDC7
:1031E000D8B9012009E0F3F7DBFE68B1F2F794FDEE
:1031F000044602F0A1FF08B1002010BD204602F0F5
:1032000097FF0028E3D0F7E7002CE0D1F4E7A830DF
:10321000F1F716FE0028DFD0EEE7A830F1F710FE38
:1032200080F00100C0B2E8E7006890F8A8303BB138
:1032300090F8E23123B1002380F8E231F6F70CBDBB
:10324000704710B50446F5F7D7FD2070002010BD7B
:1032500010B5FFF7F7FE044630B9F5F7C7FD204675
:10326000F4F794FA204610BD0C20FCE710B5037863
:103270000446012B01D9122010BDFFF720FF60B9D1
:103280002078FFF7B2FE01280DD004F11703E21DEC
:10329000611CBDE81040F4F7A3BAF4F733FB002833
:1032A000EED00C20E8E7A37903F0C003C02BE2D1F5
:1032B000EBE710B503780446012B0AD8FFF7FFFEB1
:1032C00048B9214611F8010BFFF78FFE00F098FF77
:1032D00038B9122010BDF4F715FB0028F1D00C20EE
:1032E000F8E70020F6E710B50446FFF7ABFE90B90B
:1032F0002078012803D9FF2809D0122010BD611CB5
:10330000FFF773FEF5F77EFD38B10020F6E70120E8
:10331000F4F73CFAF9E70C20F0E70720EEE710B5E8
:103320000446FFF78FFE98B92378012B03D9FF2BB2
:103330000BD0122008E01846611CFFF756FEF5F787
:103340008DFD0028F5D0002010BDF4F71FFAFAE734
:103350000C20F9E708B50088F4F7DAFA00280CBF6A
:103360003020002008BD38B50546FFF7A8FE04460A
:1033700038B92878003818BF0120F4F7BDFA204684
:1033800038BD0C20FCE708B5FFF799FE18B9F4F733
:10339000A3FA002008BDF4F7B5FA0028F7D00C20F6
:1033A000F8E7082303700020704711224FF40253FE
:1033B0000270C2705922A0F801308280C3800020C0
:1033C0007047082108B5EDF76FFE002008BD73B502
:1033D000064600880C46088001A980B201F014F866
:1033E000054640B9B3784BB9019B93F92801A07009
:1033F000FAF76EF9A070284602B070BD7F20FFF783
:10340000A4FEF4E710B504466FF07F00FFF79DFEC1
:10341000FAF75EF920707F20FFF797FEFAF758F968
:103420006070002010BD10B50446F2F775FC02F084
:103430007CFEFAF74DF92070002010BD0A4600F11D
:10344000100108B50723FEF771FC002008BD01211B
:1034500038B505460846EDF7E7FB20B94FF4FD61A6
:103460003920ECF7E7FFA830F1F7EAFC044620B971
:103470002846F2F77BF9204638BD0C20FCE710B552
:10348000014604460020F3F7F3FF08B92060A0804E
:10349000002010BD10B50446F3F756FD28B90020F2
:1034A0002146F3F7CDFF002010BD0020FFF78AFE74
:1034B0000028F4D10C20F7E710B504460120FFF7EF
:1034C00081FE28B101202146F3F7BAFF002010BD8C
:1034D0000C20FCE737B500880C460D4601A924F8FE
:1034E000020B80B200F090FF70B9019B03F118024B
:1034F00083F84F00116821601179217193F84F1002
:103500000029F5D103B030BD0023C5F80230237186
:10351000F8E710B50446FFF7D2FD58B92078611CD2
:10352000FFF763FDE279F4F753FB80F00100400000
:10353000C0B210BDF4F7E6F90028EFD00C20F8E790
:1035400073B500880D46088001A980B200F05CFFC9
:10355000044680B9019E86F8224196F82001F2F7D0
:103560000FFAA87096F82101F2F70AFAE87096F8B7
:103570002231002BEFD1204602B070BD1FB50446AA
:1035800003A9008800F040FF38B9A388022B14D8A3
:10359000E078FFF7E5FD10B9112004B010BDA07868
:1035A000FFF7DEFD0028F7D0012303A80093A388CE
:1035B000E278A178F3F76AFDEFE71220EDE737B57F
:1035C0008378C17803F00104027903F0020351EA21
:1035D00004051DD052EA03051AD0002C18BF0021A3
:1035E000002B037818BF00228DF802108DF80320FD
:1035F000427843EA0223ADF8003043798279684685
:1036000043EA0223ADF80430FFF7B8FF03B030BD42
:103610001120FBE707B503788DF800304378684642
:103620008DF801300023ADF80230ADF80430F2F728
:1036300011FF03B05DF804FB08B50078003818BF2F
:103640000120F5F769FD002008BD13B50C4601A95E
:1036500000F0DAFE28B9019B93F8A820DB8812B9A4
:10366000238002B010BD0133FAE72DE9FF41044683
:1036700003A9008800F0EAFE064620B9039D95F8EC
:10368000A83023B11126304604B0BDE8F081A288ED
:1036900005F1A8061046FFF7C8FCD5F8C830A18987
:1036A000984260890CBFB5F8DE300123884201D909
:1036B0001226E8E70193304623890093E388618866
:1036C000F2F7C8F9804600283CD095F8523203F052
:1036D000FF06002B38D1A088FFF7A7FC074605F1AD
:1036E000E80001F03DFB2A308742CBD3A3886FF47A
:1036F00050621344062B8ABF40F2E2436423B04673
:10370000BB42D5D2B8F1000F05D0B5F8201140F278
:10371000022291421AD1A5F83E32C5F84472E279EC
:10372000A37943EA0223A5F84832237A627A43EA6E
:103730000223A5F84A32002385F85032FF2385F88A
:103740005232A0E730269EE73A269CE70C269AE7FD
:1037500013B5044600F077FD00284DD02046FF2425
:10376000F4F7B2FA0023CDE900336846EDF796FA94
:1037700048B300244FF44033CDE90043FF246846AA
:10378000EDF78CFA18B300204FF48023FF24CDE925
:1037900000036846EDF782FAE8B100214FF4C02338
:1037A000FF24CDE900136846EDF778FAB8B100229E
:1037B0004FF42023CDE900236846EDF76FFA90B16E
:1037C000002002B010BD009B83F83542CDE7009B7E
:1037D00083F88A40D3E7009B83F83440D9E7009B05
:1037E00083F83440DFE7009B93F83820032AE3D1C5
:1037F000FF2283F82220DFE71220E2E707B50088E6
:1038000001A900F023FE30B9019B93F83F2112B9C2
:10381000FF2283F83F2103B05DF804FB10B5044696
:10382000F3F7FCFB20600020616010BD73B5054616
:1038300001A9008800F00AFE064620B9019C94F810
:10384000A8301BB10C26304602B070BD94F882320D
:1038500003F0FF0633BB94F86630DB0724D5D4F8B9
:10386000A430002BEED1D5F8023004F51A72C4F85A
:103870007832D5F80630C4F87C326B89A4F88032EF
:1038800005F10C031C3553F8041BAB4242F8041B32
:10389000F9D10C2104F51570EDF706FCFF2384F82F
:1038A0008232D0E73A26CEE71A26CCE730B589B087
:1038B000034600F118056A461868083353F8041CDB
:1038C0001446AB4203C42246F6D118680223206096
:1038D0006846ADF81C30FFF7A9FF04461E22002100
:1038E0006846FEF715FC204609B030BD37B50446E2
:1038F000F2F712FA054623781F2B18D8C16C042260
:103900006846EDF7E3FA22460021E86C12F8013B25
:10391000FFF783F968B1EC6C2046FFF723FA00212A
:1039200002462046FFF7A9F9002003B030BD12205F
:10393000FBE70720F9E737B50446F2F7EDF905464E
:1039400023781F2B18D8C16C00226846EDF7BEFA09
:1039500022460121E86C12F8013BFFF75EF968B1DD
:10396000EC6C2046FFF7F3F9012102462046FFF7F1
:1039700084F9002003B030BD1220FBE70720F9E7EF
:1039800073B505460026F2F7C7F904468DF80460C2
:1039900002F0D6FB2B78C0018DF80760012BADF843
:1039A000050005D101A92046F2F7B8FA02B070BDB2
:1039B0002BB9204602B0BDE87040FFF7DEBB1220F5
:1039C000F4E710B5044634F8020B0880022180B2F7
:1039D000EDF72AF920B12146BDE8104002F0CCBD38
:1039E000022010BD008808B50880022180B2EDF7E2
:1039F0001BF920B10021BDE8084002F0BDBD022046
:103A000008BD37B5044600880D460880092180B2FC
:103A1000EDF70AF910B10C2003B030BD0B2120885E
:103A2000EDF702F90028F6D10C212088EDF7FCF81B
:103A30000028F0D101A9208800F0E6FC0028EBD195
:103A4000019B9B8F6B80E7E737B5044600880880B1
:103A5000092180B2EDF7E8F810B10C2003B030BDB9
:103A60000B212088EDF7E0F80028F6D10C21208802
:103A7000EDF7DAF80028F0D163880BB91220EDE7F2
:103A800001A9208800F0C0FC0028E7D1658842F237
:103A90001072019BA9B2D3F8C8405143B3F8DE209D
:103AA0006243B3F8D04004FB02229142E6D3D3F83C
:103AB000C820D3F8C8409442F9D100229D875A63A8
:103AC000621E0A44B2FBF4F29A63C7E713B500889A
:103AD0000C46088001A980B200F096FC10B9019B49
:103AE000DB7AA37002B010BD10B50C460221EDF7D1
:103AF0009BF890B1022C12D804F00102C4F34004E8
:103B000080F8E42180F8E34112B190F8E2310BB97A
:103B1000002010BDF6F7A0F8FAE70220F9E712201E
:103B2000F7E710B504460078FF280AD00321EDF727
:103B30007BF858B16378A27843EA0223C38400205B
:103B400010BDB4F80100F6F7A9F9F8E74220F7E74D
:103B500010B504460078003818BF0120F8F748FC7B
:103B60002078003818BF0120F6F762F8002010BD59
:103B700010B50446F3F714FA50B1F2F7CDF86178B6
:103B8000C1F3400201F0010102F022FB002010BD50
:103B900003212078EDF748F80028F0D14220F6E71D
:103BA0000620F3F703BA0820F3F700BA0B20F3F767
:103BB000FDB902F042BE02F00FBD10B5044604B9D3
:103BC00010BD236898476468F9E703680BB9016082
:103BD00070471A465B6813B18A42FAD170478A422D
:103BE00018BF5160704708B502F007FDF2F774FA8C
:103BF000EFF762FCBDE80840F5F756B908B5F5F7F0
:103C00004DF9F8F7EDFBF2F767FABDE80840EFF77A
:103C1000ADBC08B5F5F7CEFFF6F7D2FE20B140F205
:103C200063119320ECF706FC0320BDE80840FEF783
:103C300080BF08B50220FEF77CFF0020FEF779FF69
:103C4000EDF7B6F8F3F7B6FBEEF772F820B140F2F5
:103C500043119320ECF7EEFB08BDFFF7EABF08B570
:103C6000FFF7D7FFF7F7FEFB20B14FF4BC719320AD
:103C7000ECF7E0FB08BD08B5FFF7B5FF02F0D9FD92
:103C800020B14FF4E8719320ECF7D4FB08BDFFF7A7
:103C9000D0BF08B5F6F7BCFEF5F7BEFFBDE808409B
:103CA000F6F79EBE08B500F07DFAEEF721F8022087
:103CB000FEF73FFF0020BDE80840FEF73ABF08B519
:103CC000EFF794FCFFF79AFFFFF7ECFF02F0B3FD6C
:103CD000BDE80840F4F7F0B80123038040F2011377
:103CE00043807047FBF7E4BE0B46892203F8032BA1
:103CF000D0F80920C1F80320427B1A7170470128CF
:103D000004D1012914BF002001207047022801D1ED
:103D10000229F7E7042908BF04280CBF012000206E
:103D2000704738B50D460446F3F782F92B78002B1F
:103D300008BF034684F874306B78002B08BF034635
:103D400084F875306B88A4F8763038BD37B58B7839
:103D50000546046803F0070384F819314B7803F033
:103D6000070384F818312623E37394F8393113BB21
:103D700094F83831012B1ED094F8213194F8182191
:103D8000D91E012998BF04239A42B4F81E3118D1D4
:103D900094F8202194F81901D11E0129B4F81C11BE
:103DA00098BF042290420CD10222A4F83A11A4F840
:103DB0003C3184F83821284603B0BDE8304001F09A
:103DC00094B9022094F81D2194F81C110090284603
:103DD000F3F75CF90028EED04FF46671AE20ECF7F3
:103DE00029FB38B5036804460D4693F83831012B9A
:103DF00002D11E21F3F7C4F92368002083F83801AB
:103E000065B1182283F8992009229A7393F84E30ED
:103E100093B940F25B41AE20ECF70CFBDA7B243A1D
:103E2000072A03D82046DD7301F071F920461821D6
:103E3000BDE8384001F09BB938BD08B503689A7BEE
:103E400022B14FF4E671AE20ECF7F4FA24229A7313
:103E500008BD034610F0010007D19A0704D413F0FF
:103E6000040018BF03207047022070472DE9F34B70
:103E70001646054610461F4646EA0104FFF7E9FFCD
:103E800083460846FFF7E5FF89464BEA0404DDF860
:103E9000288001900443E4B2003C18BF0124F3F7EA
:103EA000C7F8064018BF5E46F3F7C2F895F8202120
:103EB00010EA0901019B18BF1946B24214BF3346EC
:103EC000002388F8003095F821218A4208BF00219C
:103ED0000B4388F801100AD1EB88013FFF1A47F61F
:103EE000FD73BFB29F428CBF002404F00104C6B929
:103EF00095F82001F1F754FD03280ED195F83831DB
:103F0000012B0AD1B5F83C2195F82031012A0AD1BC
:103F1000042B0AD0042388F80030204602B0BDE804
:103F2000F08B032EE9E7032BF7D00323F3E70329F4
:103F300006D101280AD10421012051801380704745
:103F4000042903D1012801D00321F5E7002070479F
:103F5000012807D0022805D0033801288CBF002093
:103F60000120800070477FB50B460468CDE9002131
:103F700018461146F3F722F994F8206194F821517C
:103F8000C3B2C0F30720B34208BF0023854208BF75
:103F9000002084F83A3284F83B0204B070BD2DE969
:103FA000F0410C6805460F4694F83A22D31E012BC7
:103FB0002DD894F82031D91E012928D8D31A18BF3A
:103FC000012394F83B02FFF7C3FF06460BBB1046E4
:103FD000FFF7BEFF804694F89F306BB948EA0603AE
:103FE00013F0FF0306D0204601F0E1F83B68DB88C0
:103FF00003449BB2A4F83832B4F838320520AE70CE
:10400000EB701B0A85F801802B71BDE8F08100235D
:10401000D7E74FF00008DEE7F7B504680E4605461F
:104020001746E17B71BBA37B283B022B2CD901A84F
:10403000F3F7E2F9014628B1019B0DF10301DB78AA
:104040008DF80330A07B1622F4F7C8F8044630B18F
:1040500002461621284601F06EF8044609E07378FE
:104060005A0709D0B3785B0706D031462846FFF7D8
:104070006DFE204603B0F0BD3A463146284601F0B9
:1040800087F8EAE70124F4E72024F2E770B5056831
:1040900002460B46EC7BA4F12406072E15D994B9F1
:1040A000AD7B292D11D04D786E0706D08D786D0728
:1040B00003D0FFF74BFE204670BD19781046BDE8CF
:1040C000704001F054B80124F5E72024F3E737B538
:1040D0000468A37B242B21D14B7813F0070519D05A
:1040E0008B7813F0070215D000238DF804508DF85B
:1040F0000520ADF80630019AD4F83A11FFF733FFE6
:104100000123002084F84E302823A4F84A00A3732A
:1041100003B030BD0023A4F83A32F1E70120F7E7FD
:1041200038B503680546DA7BB3F83A42262A14D13B
:1041300084B9DC7393F83831012B02D12146F3F7AF
:104140001FF82B68002283F838212846BDE8384044
:1041500000F0DDBF2922DA73F7E79A7B282A0ED117
:1041600054B99C732146F3F70BF82B6883F8384158
:10417000002283F84E2038BD29229A73F8E740F2D6
:10418000CC51AE20ECF756F908B50368DA7B262A45
:1041900005D022B140F2D351AE20ECF74BF92722E3
:1041A000DA7308BDF3F706B9704730B542401C78A2
:1041B00008785D7860404C786C409D7820448C781D
:1041C0006C40DD782044CC786C401D795B792044CC
:1041D0000C7949796C404B40204418441044B0FAA3
:1041E00080F0400930BD024600200139C9B2FF29E4
:1041F00000D17047535C83F001030344D8B2F4E765
:1042000008B5F3F75BF9082807D0F3F779F9082820
:1042100003D0F3F789F9012008BD0020FCE708B5B9
:10422000F3F74CF9082803D0BDE80840F3F768B964
:1042300008BD08B5F9F714FB18B1BDE80840F9F757
:1042400041BB082008BD70B503791F2B0FD8461E4F
:10425000051D002416F8010F00F0DFFE0444AE42F5
:10426000E4B2F7D1012C94BF0020012070BD0020E2
:10427000FCE701440023884203D1B3FA83F04009EC
:10428000704710F8012B1343F5E7F8B505460C46C7
:10429000D0E90476FCF734FE18B952212920ECF756
:1042A000C9F8E4B1D5E90423D21B63EB0603012A64
:1042B00073F100014FF0000113DB6FF00100904239
:1042C000994101DA5C21E9E7631E1344B3FBF4F37F
:1042D0005C43E41946F10006C5E904461C46204645
:1042E000F8BD0C46FBE7F8B50C460546D0E900766C
:1042F000FBF7BAFDF4B1D5E90023D21B63EB06034B
:10430000012A73F100014FF0000115DB6FF001008D
:104310009042994103DA76212920ECF78BF8631E4D
:104320001344B3FBF4F35C43E41946F10006C5E91A
:1043300000461C462046F8BD0C46FBE7022905D185
:104340003C281AD980100F3880B27047CB1E012B41
:104350000ED804290BBF96234FF416731022402267
:1043600003F5BC73984208D9C01A90FBF2F0EBE752
:10437000702802D9C0100E38E6E7002070470229E5
:1043800008B5034614D005D8012909D0E721292012
:10439000ECF750F803390129F8D840F6A66008BDBB
:1043A00040F6C41040F2E242002B08BF1046F6E788
:1043B00040F6C410F3E7801AA03810B58842029C7A
:1043C00094BF091A491A2268012902EB510294BFCD
:1043D0000020012022601A68A2EB51021A6010BD71
:1043E00069B1A0F57A7241F270739A4207D84FF41E
:1043F0007A73B0FBF3F000F5506080B2704740F282
:10440000E243B0FBF3F0F8E738B50C46002105466F
:10441000ECF70AFC206048B902212846ECF704FCBE
:104420002060B0FA80F04009400038BD0020FCE771
:104430000368587BC0B293F830302BB900F0FB0012
:10444000003818BF012070470020704710B50C4697
:10445000FFF7DAFF38B92046FFF7EAFF80F00100E6
:104460004000C0B210BD0220FCE738B54FF4247202
:104470000D4600210446FDF70BFE0123A4F8AA50C7
:10448000E3756FF0360384F86730042384F86830EE
:104490006FF03B0384F869306F2384F86A3003239C
:1044A00084F86B30002384F86C306FF07F0384F85D
:1044B0006D302B2384F86630FE2384F89E307F23F2
:1044C000E37238BD40F6B83307B5B0F8D220D0F863
:1044D000C8100190838701A8F3F7B8FB03B05DF81B
:1044E00004FB38B54FF442720D4600210446FDF737
:1044F000CFFD6FF036020123A4F8AA5084F867209C
:104500000422E37584F868206FF03B0284F8A83039
:1045100084F869206F2284F86A20032284F86B20D3
:10452000002284F86C206FF07F0284F86D202B222B
:1045300084F86620FE2284F89E207F22E27238BD35
:1045400040F6B83307B5B0F8D220D0F8C8100190C3
:10455000838701A8F3F77AFB03B05DF804FBC2B2CE
:1045600092FAA2F2030A93FAA3F31B0E100E40EA8A
:1045700003207047013105300022C9B270B510F830
:10458000013F8B4216D310F8054C0023012505FA94
:1045900003F626421CBF01F1FF31C9B269B10133F4
:1045A000082BF4D10132D2B2052AE8D19B21462052
:1045B000EBF740FFC91AC9B2F4E703EBC200C0B27F
:1045C00070BD0B6870B5C0F8013004460B79054624
:1045D000461D03F01F0343710023C37215F8010F3A
:1045E00000F01BFD6871B542E37A1844E072F5D122
:1045F00070BD81EA114170B58CB20546C17A0326BF
:1046000082EA0400FFF7ABFF013E00EB001016F05A
:10461000FF0604EB000290B2F4D144402522B4FB23
:10462000F2F302FB1343C3F3C402D8B203F007034F
:104630002A445678012202FA03F31E4207D161434D
:104640002846C1F30741BDE87040FFF793BF70BD36
:10465000F8B590F8225004466B1E242B03D9E121B3
:104660004620EBF7E7FEDAB1C07D002843D194F88D
:10467000243094F8231002FB01322523B2FBF3F11E
:1046800003FB1123DBB204EBD30203F0070684F82B
:104690002430117E0122B240114202D084F825302C
:1046A000F8BDB3FBF5F205FB123304F11C01013335
:1046B00003F0FF0311F8012F9A4219D311F8055C9A
:1046C0000022012606FA02F72F4208D0013B13F020
:1046D000FF0304D102EBC00284F82520E0E7013299
:1046E000082AEFD10130C0B20528E3D1D721B7E7BE
:1046F0009B1ADBB2F6E7E28804F11700496AFFF77C
:1047000078FF84F82500CBE7D0F803300B60B0F8D1
:1047100007308B8070470378890123F0400301F054
:1047200040010B4303707047037803F07F0343EAB3
:10473000C113037070470078C00970471F2A38B54D
:104740000546144603D9A8212A20EBF773FE063448
:104750000930FDF749FD6C7038BD1F2A38B5054694
:10476000144603D9CA212A20EBF764FE0634093027
:10477000FDF73AFD6C7038BD0378024603F00F0375
:10478000032B3ED0052B42D1C37F90F8200003437A
:1047900092F82100034392F82200034392F8230089
:1047A00000F01F00184333D05378222B2FD1B2F8DA
:1047B0001930B1B1B3F5506F13D940F607518B42A0
:1047C00025D8B2F81B30B3F5FA7F20D2B2F81D001D
:1047D00040F676430A3880B298428CBF0020012010
:1047E0007047991F40F67A4089B281420FD8917D77
:1047F000481E07280BD8994209D2B2F817109942DF
:10480000DEE74078A0F10C03584258417047002081
:104810007047C37813F03F035DD007295BD8DFE80A
:1048200001F0040B1E29343F4A55037913F0010FA0
:104830000CBF002005207047027912F002004BD017
:10484000052002F00102072902EB420200EB4200C0
:10485000C0B241D1021F9A42C8BF002070470279FE
:1048600012F0040038D0052012F0020F1CBF0630F1
:10487000C0B2E6E7027912F008002DD0052012F050
:10488000040F1CBF0130C0B2EEE7027912F0100035
:1048900022D0052012F0080F1CBF0230C0B2EEE794
:1048A000027912F0200017D0084612F0100F1CBF3A
:1048B0000330C0B2EEE7027912F040000CD00520C0
:1048C00012F0200F1CBF1230C0B2EEE70279500682
:1048D000F5D50620F4E70020704770B50C46064673
:1048E00011461D4624B94FF41F712A20EBF7A2FD93
:1048F000FFF78FFF10B940F27D21F6E7031F2B442D
:104900003F2B02DD40F27E21EFE72A46214630446C
:10491000BDE87040FDF768BC10B50446FFF779FFAD
:1049200000B1204410BD30B5C1F38003C1F3801441
:10493000C1F340052344C1F3001404EB44042344B1
:10494000C1F3401404EBC40403EB4403C1F30004BB
:104950002C44C1F3C005134404EB44042C4403EB82
:10496000440313F0FF031CBF01330171C17818BF6A
:10497000DBB221F03F0103F03F042143C170591C19
:1049800041701AB104339B1A013AC25430BD4378C6
:10499000C278013B02F03F02981AC0B27047F8B5E6
:1049A0000D46194617460646FFF7F1FF441AE4B2D2
:1049B000BC4228BF3C464DB1F278284602F03F0287
:1049C0000432114422463144FDF70EFC2046F8BD66
:1049D000C378024613F03F0022D0137913F0200F62
:1049E000C3F3C001C3F3400014BF0922002213F037
:1049F000100F114403F001020244C3F3800002EBE4
:104A000042020A44C3F3801114BF03230023084465
:104A1000184400EB420010F0FF001CBF0130C0B290
:104A2000704738B5C5780446AB09032B1ED005F096
:104A30003F054378AB4219D9FFF7CAFFA84215D802
:104A400095B12379DB060FD504212046FFF764FFDB
:104A500048B1037803F03F03242B07D880785F2800
:104A60008CBF0020012038BD0120FCE70020FAE7C0
:104A70000278437802F00F02072A12D8DFE802F02A
:104A8000080408111111080E0C3B58425841704798
:104A9000063B1F2B8CBF0020012070470BB1FFF796
:104AA000C0BF00207047027802F00F02072A0AD028
:104AB000082A0AD0042A0ED1407806381F288CBF55
:104AC000002001207047FFF7ACBF4078A0F10E0333
:104AD000584258417047002070471B2A08B504D936
:104AE00040F299312A20EBF7A5FCBDE80840FDF71C
:104AF0007BBB8388A1B1B3F5506F11D940F6075243
:104B000093421BD8C388B3F5FA7F17D2008940F6C9
:104B100076430A3880B298428CBF0020012070474B
:104B20009A420BD8B3F5486F08D84278511E07292E
:104B300004D89A4202D242889A42E2E700207047A3
:104B4000013001F1200351F8042B994240F8042B65
:104B5000F9D10B880380704738B515460446FFF736
:104B6000EFFF2B68C4F823306B68C4F8273038BDDA
:104B70002DE9F04F85B08846154603A99DF83840C9
:104B80000193FFF741FC814618B9039E2DB901231B
:104B90007375012005B0BDE8F08FD6F8C0A0294696
:104BA0005046FDF709FE074608B90020F2E7F1F785
:104BB000CDF88542F9D839465046FDF739FF727D68
:104BC0008346A0F80190002A18BF4FF0020880F831
:104BD00000803846FDF734FF0746DCB1B6F8E64002
:104BE000C4B1FAF7E5FF40F271225443241841F1B1
:104BF000000179602A4601990BF103003C60FDF742
:104C0000F3FA29465046FDF712FE28B983212B20DE
:104C1000EBF710FC2146ECE7039B93F8A83033B187
:104C200003A8FEF701FB039B0022A3F8DA2100236F
:104C3000AEE7437837B5C3F301120446032A03D81D
:104C4000DFE802F0050E1D05002003B030BD057839
:104C500003F00F00002300930221231D628807E068
:104C6000057803F00F00002301210093231D6288C3
:104C700045EA0020FFF77CFF60B10120E5E7F2F78D
:104C8000D3F903685B05DFD560780123257800F050
:104C90000F00E0E7F3F708FAEFE71A230B700123A0
:104CA0004B708B707047F3F7B7B810B521B940F26D
:104CB000A9211020EBF7BEFB4A600B72EFF31084C2
:104CC00072B6031D0B6042681AB1127A012A08BF3E
:104CD000036003681960016004B962B6BDE8104062
:104CE000F3F7E4B80222F3F7CDB90322F3F7CAB918
:104CF0000422F3F7C7B90222F3F708BA0322F3F745
:104D000005BA8D230B7030F8AF3CA1F8033030F8B2
:104D1000653CA1F8053030F8613CA1F8073030F867
:104D2000633CA1F8093030F85F3CA1F80B307047C4
:104D300008B5CB1E012B04D8800100F5747080B239
:104D400008BD012902D10E30C000F8E7022902D1C6
:104D50000F308000F3E74FF40C710620EBF76AFB8D
:104D600040687047033901298CBFC08A4FF429601D
:104D7000704770B590F878608D88033E0C89012EDD
:104D800004D943B11678033E012E04D8B5F5296F36
:104D900038BF4FF4296590F87960033E012E04D99D
:104DA00043B15378033B012B04D8B4F5296F38BFC6
:104DB0004FF42964CB884A88A0F86430A0F86020BA
:104DC000A0F86250A0F8664070BD1B2200294FF089
:104DD0001B110CBF4FF4A4734FF429638284028427
:104DE000028502F1A472C160C3844384C3838383B8
:104DF00043820382C0E9052170470346B3F8581087
:104E0000B3F86420F0B5914293F87940B3F85C5060
:104E100028BF1146033CB3F86620E4B2B0F84E70E8
:104E2000AA42B0F85200A3F84E1028BF2A46012C1F
:104E3000B3F8544087BFB3F8566015464FF429665F
:104E40004FF429658C42A3F8525038BF0C46B24249
:104E500038BF32468F42A3F85440A3F8562026D1DB
:104E6000401B18BF0120B3F86020B3F85A10B3F804
:104E70004C509142B3F8504028BF114693F8782027
:104E8000033A012A15D9B3F85E20B3F86260B24242
:104E900028BF32468D42A3F84C10A3F850200BD106
:104EA000944218BF40F0010000F00100F0BD012065
:104EB000D9E74FF42962EDE70120F5E738B5CB1EBD
:104EC0000446012B10D9C58B438C9D4228BF1D463B
:104ED000207AFFF72DFF6389AB4228BF2B4698420B
:104EE00038BF184680B238BD4FF42965F0E72DE988
:104EF000F843994607460D46808919461446FFF740
:104F000017FF06469DF8208049463846FFF7D6FF32
:104F100086424146A8F1030828BF0646B88AFFF733
:104F200007FFB8F1010F0346B6B28CBFFA8A4FF4FF
:104F30002962904204F1060028BF134628449BB220
:104F400033441844BDE8F8830346828F13B54030DC
:104F500049B9598F93F87940009493F87830FFF766
:104F6000C6FF02B010BD198FF4E770B50C461546A8
:104F700019464BB9068FFFF7E7FF28443044A0429B
:104F800094BF201A002070BD468FF4E738B50D4657
:104F900011460446FFF7D8FF2844606438BD01F18C
:104FA0009C0383423DBF9C38401A40080020704754
:104FB00000F05533400800F05530034403F033321D
:104FC0009B0803F033331A4402F00F33120902F046
:104FD0000F32134403F0FF101B0A03F0FF131844B1
:104FE00000EB1040C0B2704745F2555200EA020390
:104FF00002EA5002981843F2333300EA030203EA4C
:1050000090031A4440F60F7302EA030003EA1213F6
:10501000184400EB1020C0B2704700F05503400860
:1050200000F05500034403F033009B0803F0330302
:10503000034403F00F0000EB1310704780EA600098
:10504000FFF7B6BF40F34E039BB25840FFF7CCBF0B
:1050500032280CD006D8162818BF012894BF01208A
:1050600000207047A0F13E0358425841704701208C
:10507000704708B50246FFF7EBFF40B10846FFF75F
:10508000E7FF20B18A420CBF23202A2008BD8A42B4
:105090000CD1A2F13003DBB20B2B07D840F6210074
:1050A00020FA03F3DB070CD52320EFE73E2901D1DB
:1050B000262A0ED03E2A04D126290CBF2A20002001
:1050C000E4E73B2901D11F2AF7E73B2A03D11F2937
:1050D000F3E72A20DAE70020D8E7036800229A7372
:1050E00083F84E20A3F84A207047026892F8A8304F
:1050F0002BB9A2F85230012382F8543070470023B4
:10510000A2F8523092F8543001335BB2F4E70268EF
:1051100008B592F8A83013B982F8543008BD92F857
:105120005430013B5BB2002B82F85430F6DA522146
:105130004A20EBF77FF908B5036883F89B1083F8E2
:105140009A203522DA73FFF7D0FF002008BDA0F1C6
:105150000A03042B09D9A0F14703012B05D92438F0
:1051600007288CBF0020012070470120704702688B
:10517000136810B513F0080408D143F0080382F84F
:1051800098101360FFF7B1FF204610BD0120FCE727
:10519000036810B5DC7B44B90A7883F898200322B1
:1051A000DA73FFF7A2FF204610BD0124FBE7D0F819
:1051B000C82041F64B539A4296BF4AF6C87306235D
:1051C000B3FBF2F3B0F8D020B0F8DE00134458433C
:1051D00080B27047036800201A7C073A012A81BF19
:1051E0004A785A7407221A7470470268137C073B86
:1051F000012B84BF082313747047026870B5D57BF8
:10520000E5B9CB88D688A2F8D032013B9B1B47F684
:10521000FD769BB2B34206D9282382F83130F3F7EA
:10522000FBFA284670BDD1F80130C2F8D2324B7972
:1052300082F8D6320A220368DA73F2E70125F0E732
:1052400008B503689A7B1AB13B215520EBF7F2F8B9
:105250000B229A7308BD2DE9F74F06468946904602
:105260000193FFF7A4FFD6F8F471044657B9002361
:10527000C8F80030F38823449CB2019B1C8003B023
:10528000BDE8F08FF3F71CFE0028F0D1D6F8C8C0B7
:10529000D6E976320CFB04FE1EEB030ED7E90213AF
:1052A00042F100020B44D7E900155B1845F10005F7
:1052B000734575EB020114D2BEEB03016FF0010BD5
:1052C00062EB050A8B4570EB0A0A03D23D2156209A
:1052D000EBF7B0F83869471E3944B1FBF0F1E0FB59
:1052E0000135B3EB0E0365EB02056FF001029A4244
:1052F0004FF00002AA4101D24821E8E7B3FBF9F2DE
:1053000009FB1233B3FBFCF291B20CFB1133C8F86A
:105310000030F3881C441444A4B2AEE70B4682224A
:1053200003F8032BD0F80920C1F80320D0F80D2092
:105330005A60427C1A720023CB707047036870B5C4
:10534000DD7B06460C46002D5AD193F82911062222
:105350002046FFF7CEFB014628B921783046BDE84C
:105360007040FFF704BF32686389D088A2F8D0325A
:10537000013B1B1A47F6FD709BB2834207D92823D5
:10538000304682F83130F3F747FA284670BDA388DB
:105390006FF450601818062895BFA3F5506340F2CB
:1053A000E2414FF47A704B438CBF29464343C2F825
:1053B000D8326378C1B103EB830303EB83039B0013
:1053C000A2F8D2326388C1B164214B43C2F8D4320F
:1053D000E388A2F8DC322389A2F8DE32002382F8C7
:1053E000E4320D23D373D0E7C3EB431003EB800308
:1053F00003EB83035B009BB2E2E740F2E241E4E7A8
:105400000125C2E708B503689A7B1AB1A22156208C
:10541000EBF710F80D229A7308BDF8B50D68044635
:105420000F46D5F8440295F82911FEF7D9FF6FF41D
:105430005062B5F83E3282182071000A92B2607153
:10544000062A8BBF40F2E2426422002601268CBF6E
:10545000B3FBF2F3B3FBF2F36370B5F84832A37118
:105460001B0AE371B5F84A3223721B0A637238686B
:1054700090F89F303BB905F50F7305F51072D5F81C
:105480004412FFF7E8FEB5F83C32A3721B0AE37240
:10549000D5F8403246B164220C20B3FBF2F3A3707E
:1054A000C3F30723E370F8BD40F2E242F4E70B4692
:1054B000842203F8022BD0F80920C1F80220D0F88A
:1054C0000D205A6070470B46852203F8022BD0F856
:1054D0000920C1F80220B0F80D209A80704710B55D
:1054E00004460068837B1A2B12D100F1800200F57C
:1054F0001671052300F51A70FCF718FC23680122C9
:1055000000200021DA741D22C3E91C019A7310BD2A
:105510000220FCE703689A7B142A10D1D1F80120FD
:10552000C3F86022D1F80520C3F864220368002084
:10553000D1F80920C3F894201A229A7370470220E8
:10554000704703689A7B102A05BF002013220220AF
:10555000D87408BF9A73704708B503689A7B132AFA
:1055600004D040F277111F20EAF764FF012283F88C
:10557000562012229A7308BD38B503680546DC7BB5
:1055800034B1113C0F2C8CBF01240824204638BDB7
:105590001A7D002AFAD0D3F8A4302BB9FFF7A5FD65
:1055A0002B681122DA73F1E70C220A21BDE838409A
:1055B000FFF7C1BD08B50368DA7B162A04D040F2B4
:1055C00053211F20EAF736FF012283F855201822C5
:1055D000DA7308BD0368DA7B122A05BF13220020A4
:1055E0000220DA737047036810B5DB7B04461C2B7E
:1055F00006D1FFF78CFD236820220020DA7310BD4E
:105600000220FCE708B50368DA7B112A04D040F2D7
:105610007E211F20EAF70EFF012283F85520122277
:10562000DA7308BD08B50368DA7B182A04D040F2A3
:105630008A211F20EAF7FEFE1C22DA7308BD08B596
:1056400003689A7B1D2A04D040F2FE211F20EAF74E
:10565000F1FE1F229A7308BD08B503689A7B22B138
:105660004FF441711F20EAF7E5FE012283F855202F
:1056700010229A7308BD08B503689A7B3AB193F873
:10568000562022B940F20B311F20EAF7D3FE012247
:1056900083F8552014229A73002283F8B82108BD9C
:1056A0003E230B700C234B7004238B70D0F8093011
:1056B000C1F80330D0F80D30C1F80730B0F8113020
:1056C000A1F80B30C37C4B73704708B503689A7B15
:1056D0001AB1CF211C20EAF7ADFE04229A7308BD4F
:1056E00008B5036893F8A82032B9DA73A3F85220FA
:1056F000BDE80840FFF70BBD1A68D10703D4DD21D0
:105700001C20EAF797FE22F001021A60F0E78723D7
:105710000B7030F8A63C4B807047036893F8A810D4
:105720009A7B59B9052A08BF00224FF0000002BF3A
:1057300083F83E2083F84E209A7370470F2AF2E7D1
:1057400038B5046894F8A85045B9E37B4BB9FFF726
:10575000CCFC45B90223E373002038BD23685B0706
:10576000F5D50120F9E7236843F004032360F3E74C
:10577000036893F8A8201AB11A6822F004021A608C
:10578000FFF7C5BC08B503689A7B1AB172214B209C
:10579000EAF750FE93F8A820002A14BF0F22052232
:1057A0009A7308BD10B5D0E90D42A24206D30B8D05
:1057B000121BC98E05334B43934202D3012380F859
:1057C0003E3010BD0C230B7008234B7000238B70F0
:1057D000B0F85230A1F80330437A4B714389CB8043
:1057E00083890B81704710B5046894F857309A0785
:1057F0000CD4A37B1BB177214020EAF71BFE0122CA
:10580000A4F84A30A27384F84E2010BD94F8A83052
:105810003BB9E37B0BB9FFF77AFC002384F83E31F8
:10582000F3E723689B07F8D5FFF771FC236823F0A3
:1058300002032360F1E710B50B7901284C790A685F
:1058400043EA0421104608BF41F4803110BD07B57A
:10585000FFF7F1FF0DF10702F3F774FA03B05DF8FB
:1058600004FB90F838300BB90020704790F83830BE
:10587000012BF9D090F83800073818BF0120704785
:1058800090F83830012BDAB201D0FFF7EABF1046AA
:10589000704730B585B01546089BC01A099B61EB6F
:1058A0000304002C214602DA404264EB440103ABBE
:1058B0002A46009302ABFCF72FFB002C039801DA79
:1058C00000B1281A05B030BD002307B501A8019327
:1058D000F9F728FD019810F0030018BF012003B06C
:1058E0005DF804FB10B5FFF7EFFF002814BF142488
:1058F0000024FCF717FD404200F01400204410BDC6
:1059000038B50546F9F7ECF900F55F434FF47A72C4
:10591000033D4133B3FBF2F4FFF7E4FF012D00F147
:10592000FC038CBF002028202344184438BD10B548
:10593000044690F87900FFF7E3FF01220146204674
:10594000BDE81040FFF722BB002313B51A4643738E
:10595000A0F88832194600930446F3F739FC20B1C9
:105960004FF4F3713020EAF765FD0123C4F810020B
:10597000C4F808026373A4F82602A4F8240284F889
:105980002902E388A4F88A02013BE38002B010BD3B
:10599000F8B50D460023D0F81011044680F81431F4
:1059A000D0E9506781F8E52180F85031D0F8100136
:1059B000FEF7C6FDD4F81001C0E99C67C0F88C5210
:1059C000C0E9A067FFF7C0FFF8F794FDBDE8F84015
:1059D000FBF706BAD0F81001704738B5044690F8C6
:1059E00050319BB1FF2380F85831012100F0EDFBCD
:1059F00094F8503153B104F1E8052846FAF790F9CC
:105A00002846FAF7A1F9002384F85031002038BD68
:105A100008B590F8582142B990F8142142B1D0E964
:105A20004631994202D9F5F7C9F90022104608BD5E
:105A30000122FBE710B50446FFF754FF00F5E571BE
:105A4000226A236C9A4228BF1A461046FFF7A7FA2B
:105A5000B0F5296F28BF4FF4296080B210BD012A2C
:105A600070B506460D4614460BD0022A0ED08AB9F0
:105A7000F8F758FA224601462846BDE87040FFF77D
:105A800087BFF8F74FFAC6F88C0270BD0122D0F834
:105A90008C12F1E740F2C2713020EAF7CBFC70B50E
:105AA000044621B101297FD040F2D27179E000F0A3
:105AB00035FA94F8513105460E46DBB150EA010340
:105AC00018D0D4E94832D4E95001C01A334661EB0A
:105AD00002012A46FCF72CFA05FB01F300FB063312
:105AE000A5FB00021344D4E94821121843EB01033B
:105AF000C4E94823E38CEBBB0020D4E94832ED181D
:105B00004FF0000346EB02062D1840F2024284F8E3
:105B1000303146F1000684F85131A4F83821C4E947
:105B20004856C4E9505694F8583103F0FF01DBB9E8
:105B30006FF00043D4E952029A4208BFB0F1FF3F30
:105B400025D02046D4E9505600F0C2F9F630D4E909
:105B500052325B1B62EB06021B1A62F10002002A42
:105B600015DA2046F5F72AF9F8F7C4FCBDE87040CD
:105B7000FBF736B9204600F0E3FA0028BCD1F2F773
:105B8000E3FAE38CB0FBF3F202FB1300B5E704F594
:105B9000987104F1E800FBF741F90028E4D140F2E4
:105BA000FF613020EAF746FC002380F81431DBE780
:105BB000002307B5CDE9003303238DF8063068468E
:105BC000EBF76CF818B1002003B05DF804FB009B04
:105BD00093F85031002BF2D00120F5E790F85001F6
:105BE000003818BF012070470B46812203F8032BB1
:105BF000B0F80920A1F80320C27A9A7070470B46CA
:105C00008C2203F8032BD0F80920C1F80320D0F828
:105C10000D205A6070478B88F7B513F018050646BB
:105C20000C461FD1086820B940F2EA312D20EAF76E
:105C300001FC00F056FB217CF4F742F9677CA38855
:105C400001463A46304600932B46F4F757F9CC30DC
:105C5000D4E90223824273F100032CBF012000200B
:105C600003B0F0BD0120FBE738B588220B460C4697
:105C700003F8032B00F10902293052F8041B824279
:105C800043F8041BF9D1127802211A700123A58868
:105C9000A3712846EAF7C8FF58B1E3784BB1022157
:105CA0002846EAF7D7FF20B140F233212D20EAF74A
:105CB000C1FB38BD70B504460D461730194616466F
:105CC000FEF77FFC84F8205184F82151FF2384F8EB
:105CD0002231E91E04F1E80001298CBF00210121D5
:105CE000FFF773F8314604F1A800F1F797FF94F835
:105CF0002A31002B14BF4D239623A4F8E230A4F8D8
:105D0000E0300023A4F8E43070BD70B50D460446C1
:105D100091F829111646D5F8C800FEF761FBB5F8D1
:105D2000D030A4F8AC0004F1A002A4F8AE30B5F86D
:105D3000D230A4F8B03095F82B3184F8B230237FFC
:105D400073B394F86830012B2AD194F86E3003F0C5
:105D5000C003402B24D1D4F86930C4F8A030B4F883
:105D60006D309380082E236A04F1A60193F8AC20CD
:105D700003F1AD0084F8992004F19A02D3F8AD3014
:105D800019D0C4F8A630838830468B8004F199017D
:105D9000F1F7D2FD40B940F6E2312D20EAF74AFB97
:105DA0000023C4F8A030DCE794F8993043F00203F4
:105DB00084F8993070BDC4F89A30838893800023AA
:105DC000C4F8A6308B80F5E70B468B2210B503F89C
:105DD000032BD0F80920C1F80320427B1A71CB783D
:105DE000A3B130F8B43C1B0710D4B1F80540022130
:105DF0002046EAF719FF48B102212046EAF72AFFB8
:105E000020B140F276212D20EAF714FB10BD0121CC
:105E1000F4F7D4BCFFF7FBBF08B590F894300BB192
:105E2000012008BD90F8CC30002BF9D190F8BE309D
:105E300003F0FF00002BF4D0F1F7B2F880F001007E
:105E4000C0B2EEE730B54FF4B07285B00D46002118
:105E50000446FCF71DF9FF2323701323638042F2ED
:105E60001073E384EAF7ECFF00220146E064684621
:105E7000EBF72CF800220121E06CFCF7FEFE042277
:105E8000E16C6846EBF722F80022E06C1146FCF763
:105E9000F4FE04F13000A57400F0D3F902A8F1F784
:105EA00003FF20B94FF449712D20EAF7C3FA02A984
:105EB00004F13600FEF785FB05B030BDFF23C86C4A
:105EC0000B70FCF7A7BE0078FF3818BF01207047A1
:105ED000F7B5044630300E4600F003FA61880746F5
:105EE000CA0605D52822F4F7A7FF933003B0F0BD0A
:105EF0008B07E06C0FD5FCF759FF21790546384632
:105F0000F3F7DEFF63880146284600933346627943
:105F1000F3F7F4FFE9E7FCF739FFEEE7D0E9020118
:105F20007047C07C003818BF012070472DE9F04F42
:105F300007469DB00C46054610AE0DF120080FCF68
:105F40000FC60FCF0FC697E80F0086E80F00404638
:105F50006E7900F076F9A37A277D039323787A1E71
:105F60000493022A637803F07F0AD14600F283800B
:105F7000D90603D4A67D731E022B7CD8637E03F062
:105F8000FD03012B02D1032F08BF0427A37E03F0DA
:105F9000FD03012B02D1032E08BF0426617A40467F
:105FA00000F056F9237D227F4046022B02F10102C8
:105FB0000CBF617D0121D2B204BF0131C9B200F032
:105FC00049F91AF0080F6CD1404600F08AF963785D
:105FD0008346DA0654D4EAF761FF824639465846CA
:105FE000F3F76EFF0123014632465046CDF800908C
:105FF000F3F784FF40F27122217900F29A20E378CE
:10600000B0FBF2F043EA01236179504343EA0143D4
:106010005343984239D84FF0000B94F818A00793D7
:10602000A37CE86C05930AF1FF33D3F1000A4AEB35
:10603000030AFCF7ABFE0690E86CFCF7B7FE069986
:10604000079B814238BF014688B268B308A90C9308
:1060500006930A910AA9ADF82C90CDF834B08DF8CA
:1060600038708DF83960FFF7D6FD069BE0B9452002
:106070001DB0BDE8F08F40F212310620EAF7DAF9E0
:1060800028224946F4F7D8FEB4E7E179A37943EA38
:106090000123217A43EA01435343834228BF034645
:1060A000B9E700239B46B8E7CDE9123B059B049A6C
:1060B0008DF853308DF8447010AF039B8DF8456018
:1060C0002E468DF850A08DF854308DF84020ADF854
:1060D00042900FCF0FC60FCF0FC697E80F0086E88C
:1060E0000F0098E8030028630020A986E37A03F0F4
:1060F000FD03003B18BF012385F86F30E3682B6771
:10610000238AA5F8743095F84630E27D62F30713D0
:1061100085F84630ACE74FF40043A0F84830438898
:106120001D2B08BF00214174704790F91200704781
:10613000408800F0010070478078C0F3400070474D
:106140008078C0F3C000704710B54488C06CE30687
:1061500054BFC4F340040024FCF70FFE84F0010494
:106160002043C0B210BD4079C31E012B05D8B1F841
:106170001E31012B14BF03200420704710B50446C4
:10618000F1F7E2FFC0F30B00A042F9D010BD10B54B
:106190000446F4F74DFD00212046F4F70FFB20469E
:1061A000BDE81040F4F732B890F86830016281F829
:1061B000B330D0F86930C1F8B430B0F86D30A1F820
:1061C000B83070477047F4F7FDB880F88810704712
:1061D00080F8241080F8252070478278034612F05A
:1061E000010002D0D978C90710D5900702D5D97817
:1061F00089070AD512F0040008D0D878C0F38000CF
:1062000080F001008000C0B2704702207047C0F3E8
:106210004002C0F3800300F00100134418447047AB
:10622000022808B507D0042807D0012807D0392153
:106230002E20EAF7FFF8262008BD2720FCE72520BE
:10624000FAE70023C0F8023001234370037070475F
:106250008170704710B54270144601708078FFF766
:10626000D6FF484304FB00F2FE2A03DD5C212E200A
:10627000EAF7E0F810BD0023C37043710371704763
:1062800010B50446FFF7A9FF637962780133DBB2EA
:106290009A4263710CD1E3780022A17803436271C2
:1062A000DBB29942E37001BF2379E27001332371BD
:1062B000BDE81040FFF7B4BF38B504468078FFF75B
:1062C000A6FF0146E078FFF7A2FF237822796578E0
:1062D0009B1A6B4359436379C91A00FB1510C0B26E
:1062E00038BD014608B58078FFF791FF4A780B78F2
:1062F00053435843C0B208BD40F2EF20704740F20C
:106300005A335843704708B50368DA7B182A04D01B
:1063100040F27E513120EAF78DF81E22DA7308BD73
:1063200008B590F89E30FE2B04D040F67A1131204B
:10633000EAF780F8002380F89E1080F89F3012B9A9
:10634000A0F8522008BDA0F84A30012380F84E3052
:10635000F8E708B50368DA7B352A05D10022DA733D
:10636000BDE80840FEF7D3BE182A02D11E22DA7318
:1063700008BD40F293513120EAF75CF8037D63B920
:10638000C37BA3F11002032A07D990F8560028B165
:10639000202B8CBF00200120704701207047037D17
:1063A00063B9837BA3F11002032A07D990F8560042
:1063B00028B1202B8CBF002001207047012070479E
:1063C000036810B59A7B93F8A010092A08D193F8B6
:1063D00099208A4204D100229A7383F84E2010BD7E
:1063E0001A6812F0080406D022F00802BDE8104036
:1063F0001A60FEF78CBEFF2904D1372283F8C4420D
:106400009A73ECE74FF4AF613120EAF713F838B52F
:106410000E38136814460D469A7B09283ED8DFE8EB
:1064200000F0053D3D3D0F3D183D3D27042A05D1B7
:106430002046FEF752FE2046F2F7B0FB002038BDA2
:106440000F2AFBD1002220461146BDE83840FFF755
:1064500064B9212AF2D12046FEF73FFE002DEDD08F
:10646000226892F8663023F0200382F86630E5E770
:10647000DA7B272AE2D100252046DD73FEF747FEAE
:10648000236893F83831012B03D129462046F0F7D1
:1064900077FE2368002283F83821CFE740F262219B
:1064A0003120E9F7C7FF024600684978837B212B3A
:1064B00015D00CD8042B14D00F2B14D0C07B272858
:1064C00015D0332B0CBF2620FE20F4F77BBE2B2BE0
:1064D00003D02D2B09D0252BF0D11620F5E7142061
:1064E000F3E70E20F1E71220EFE72320EDE7172076
:1064F000EBE7024600680B4690F8661041F0040195
:1065000080F8661099785878F4F75CBE38B50C4678
:106510000546D1E93001EAF737FC637B3BB104F56E
:106520000C742046F9F7FCFB2046F9F70DFC0D2111
:106530002846EAF78FFB0E212846EAF78BFB10214D
:106540002846EAF787FB0F212846EAF783FB11214B
:106550002846EAF77FFB28461221BDE83840EAF7D3
:1065600079BB0022C281827490F8503013B10221AD
:10657000F3F7E8BB0321FBE738B504460846E37BA5
:10658000162B09D0A3F118025342534194F8C022AC
:1065900022B10C25284638BD0123F7E7002BF8D09F
:1065A00094F8F03203F0FF05002BF2D190B194F88B
:1065B000FE3123B940F67A313120E9F73BFF05235C
:1065C00004F1800204F5F771FBF7B0FB012384F8B6
:1065D000C032DFE70223FAE7F1F7F8BE10B5044650
:1065E00090F8791090F87800F5F738FD0022014610
:1065F0002046BDE81040FEF7C9BCF5F72FBEC0F835
:10660000E011704710B50446FFF76CF900F28F11E6
:10661000226A236C9A4228BF1A461046FEF7BFFC36
:10662000B0F5296F28BF4FF4296080B210BD08B5BE
:1066300020B940F277113520E9F7FCFE437B03F0E7
:10664000FF0113B14FF4BC71F5E7202200F5007093
:10665000BDE80840FBF71CBD10B5044686B020B964
:106660004FF4BF713520E9F7E5FE427B02F0FF03EE
:1066700012B140F27F11F5E7014601226846F5F7B5
:106680000BFD694604F50070F9F716FB10B940F2EE
:106690008311E7E706B010BD036893F8A02022B18C
:1066A00000229A7383F84E207047DA73FEF72FBDED
:1066B00003689A7B032A04D1002283F84E209A7340
:1066C0007047FEF724BDA1F11203012B0AD910B9BE
:1066D000192902D87047122906D91F298CBF00201A
:1066E00001207047012070470020704738B51428FA
:1066F00013680D4614469B7B0CD016281AD012281E
:1067000035D1052B14D1002220461146BDE8384072
:10671000FFF703B8213B022B0AD81046FEF7DDFC39
:1067200035B1226892F8663023F0200382F8663093
:10673000002038BD242BFBD11046FEF7CEFC6DB1F6
:10674000226892F8673023F0010382F867302268EC
:1067500092F8673023F0080382F867301A21204648
:10676000F0F70EFD2368002283F83821E0E740F2BD
:10677000B1413620E9F75EFE0368024649789B7B0B
:10678000A3F1100010280BD92D2B0BD0212B0BD0EF
:10679000052B0BD0242B0CBF1620FE20F6F75EB87D
:1067A0000320FBE72320F9E71420F7E71220F5E7A1
:1067B000024600680B4690F8661041F0040180F82C
:1067C000661099785878F6F749B870B50C460546C2
:1067D000D1E93001EAF7D8FA637B3BB104F50076E2
:1067E0003046F9F79DFA3046F9F7AEFA04F5EC7445
:1067F0002046F2F77DFB10B12046F2F787FB0D2112
:106800002846EAF727FA0E212846EAF723FA10214C
:106810002846EAF71FFA0F212846EAF71BFA11214A
:106820002846EAF717FA28461221BDE87040EAF731
:1068300011BA00207047F1F7F1BCF1F7AFBDB0F825
:1068400046200146B0F84030934270B538BF134639
:10685000B0F8DE60827CB6000ABBC3F106039D1B64
:1068600091F83E3013B18B7B052B1DD10846FFF705
:1068700096FDD8B1D1E90D34E41AA41BAC42B1F8AD
:10688000AA00A8BF2C4600F043F820B1C389043BFE
:106890009C42B8BF1C4624EAE47080B270BDB0F8D8
:1068A0004250ED1AAD1BDBE70024E7E72C46E5E795
:1068B00070B50D4604210646EAF7B6F9044648B914
:1068C00006213046EAF7B0F920B115B190F8E5306D
:1068D00003B90446204670BD1D2310B5044603705D
:1068E000F0F7CCFB6070022010BD1E2310B50446EB
:1068F0000370F0F7C3FB6070022010BD01234380DA
:10690000038000238380C3804FF448630381704772
:106910000E21EAF789B973B501A90546FDF774FDA3
:10692000044618B121215420E9F784FD2846019E30
:10693000FFF7EEFF30B10123A6F8DE3084814481F9
:106940000482C48102B070BD3C2303804FF4FA433B
:1069500043800123C38083800023038143814FF45C
:1069600048638381704700F038B8801A00F307004D
:1069700038B50D46144659B240B2F8F787FD0023EA
:10698000287020446B7040B238BD0023036070470C
:106990007047002070474FF0FF3070474FF0FF30D6
:1069A000704770474FF0FF3070470020704700205D
:1069B00070470023037070479DF800300022FFF7F6
:1069C000D4BF4FF0FF307047002070474FF0FF30CA
:1069D00070474FF0FF307047704770470020F8F75E
:1069E0008BBD0020F8F708BE0020F8F733BE00206A
:1069F000F8F782BD7047FAF7A3BA70B50024FAF72A
:106A0000C1FF05462646E0B2854200D870BDFAF7C0
:106A1000BFFF0134068580F82A60F4E7F8B50379F2
:106A200004461BB11B219D20FBF738F84679017104
:106A300026B901234371217909B96171F8BD27682D
:106A400020462671B84702280546F4D10321204686
:106A5000B84708B12F21E6E7236829462046984722
:106A60000028E8D03021DEE70346006800B970470F
:106A70008842F9D102681A607047FBF7E3B97047A2
:106A800020BF704700280CBF6FF015000020704732
:106A900000207047072303700020704700207047D4
:106AA0000020704710F8012B11F8013B012A28BF84
:106AB0009A42F7D0D01A704713B5CDE900010146CC
:106AC0000D4809F091FB0022002369460B480AF0AB
:106AD00090FF044668B1E323094A0A490A4809F0CD
:106AE000D4FA2146094809F0D0FAE321044809F014
:106AF000C3FA02B010BD00BFA8310021240200215A
:106B00007B250201B3250201BC250201D925020122
:106B1000014806F0A3BC00BF5002002110B54FF0A1
:106B2000FF324FF0FF33064806F00AFC044602F03D
:106B300067FA10B1204601F0C1FF07F0F5FEEEE75D
:106B4000740200217FB54FF0FF324FF0FF333A4817
:106B500002A906F097F8044668B1F023374A38498D
:106B6000384809F092FA2146374809F08EFAF021A8
:106B7000324809F081FA029E039D334613F8010B57
:106B8000691E022803912BD005283CD001281CD176
:106B9000022919D9F278043D954215D10322CDE995
:106BA00000324FF0FF324FF0FF3302F0F3F90446AA
:106BB000311D228A638A66699B1AE268921B9B1ABE
:106BC0009D4232D901F07AFF002402991F4809F052
:106BD00025FB002CB7D021461D480AF020FFB2E764
:106BE0000329F1D9B6F80320053D9542ECD10420E4
:106BF0004FF0FF32CDE900304FF0FF3302F0CAF919
:106C0000711D0446D5E70329DED9B6F80320053DFA
:106C1000C2F30D029542D7D104221020CDE90032F3
:106C20004FF0FF324FF0FF33E8E72A4604F10C0043
:106C300009F05BFDC9E700BF240200217B250201AA
:106C4000B3250201BC250201FD250201A831002166
:106C50007402002108B50A4802F0DEF970B909484B
:106C600009F087FA002802DA10F1780F06D1BDE8A2
:106C70000840054A0549034809F089BA08BD00BF24
:106C800060020021CC1E0201B0000021A8310021C9
:106C900010B54FF0FF324FF0FF330C4806F05AFCAE
:106CA0004FF0FF324FF0FF33094806F049FB04462E
:106CB000228AE168074809F07EFA002803DB2046B3
:106CC00001F0FCFEECE707F02FFEF1E75002002197
:106CD00060020021A8310021B2F5802F2DE9F84390
:106CE0000ED33E494FF437733D4A3E4809F0CDF983
:106CF0003D4809F0CAF94FF43771394809F0BCF939
:106D0000042A0CD8394940F2E323354A354809F0C2
:106D1000BCF9374809F0B9F940F2E321EDE7043A4C
:106D2000CD1D114425F0070521F00706A6EB050847
:106D3000B8F1170F4FEAD8070CD82E494FF43B7320
:106D4000274A284809F0A1F9294809F09EF94FF48B
:106D50003B71D2E7B7FA87F44FF00009C4F1200283
:106D6000C4F12404A4000734E408631CBB4205609A
:106D7000AF60C5F80C900CD91F4940F20233184A95
:106D8000184809F082F91A4809F07FF940F20231F7
:106D9000B3E74946920005F110000AF05EFFA2B287
:106DA000530043F001036B803B1B9BB205EBC40116
:106DB0005800A5F80090488025F83420A6F80290E5
:106DC00025F8083005EBC7035A88214642F0010236
:106DD0005A802846BDE8F84308F0DDBFA42602012A
:106DE00049260201BC250201BA260201D126020170
:106DF000F22602010B27020134270201014B1B6816
:106E0000184700BFCC000021014B1860704700BF3D
:106E1000CC00002130B5044685B00D46102200217B
:106E200068460AF01AFF02238DF80230044B2A4606
:106E300021466846019308F011FD05B030BD00BF42
:106E4000FD6D010180B505460E461746984607F0D0
:106E50000DFF034601F044FADFF83C90044649F880
:106E60000030424639463046A8470C4B1B7873B970
:106E70000B4940F246330B4A0B4809F006F90B4820
:106E800009F003F940F24631064809F0F5F854F8E4
:106E9000090001F0C1F900BF08000000C83400215A
:106EA0008A2702015F270201BC2502019D270201FA
:106EB0002DE9F84F0546AB8B08461907904616D5C5
:106EC00001280CBF43F0100343F02003AB831435BB
:106ED000284608F057F9002840F0B181AE494FF438
:106EE0009973AE4AAE4809F0D0F829469DE00228D1
:106EF00003F0070140F07D81284609F0D3F805280A
:106F000000F2FA8001A353F820F000BFCF6E010118
:106F1000F3710101F97001019D6F010137700101E9
:106F20009770010102F00702531F012B1AD80023AA
:106F3000062A2E68A4B2C5E9003309D1334603E01E
:106F4000EA8B0132EA831B68002BF9D144F002047A
:106F50002846AC8309F0A6F8002800F05A8144F0D6
:106F6000200455E1042A0DD1A4B22846AC8309F0CF
:106F700099F80646002800F04C8144F020040026D1
:106F8000AC8346E1874940F21B13874A844809F0E5
:106F90007CF840F21B11844809F06EF849B183492E
:106FA0004FF4AB73804A7E4809F06FF84FF4AB7131
:106FB000F1E72B684BB97E4940F257137A4A78487B
:106FC00009F063F840F25711E5E72B691F684FB9E4
:106FD00078494FF4AD73744A714809F056F84FF48C
:106FE000AD71D8E70E468A464FF00609AC8B24F007
:106FF000070444F00604A4B2AC83AB68002B00F095
:107000000F814FF0010B44F00804AC8305F1140428
:10701000204608F0B7F8002878D15F494FF49973FB
:107020005E4A5F4809F031F82146634809F02DF8BF
:107030004FF499718EE0022909D0604940F25D1346
:10704000594A574809F021F840F25D11A3E7EE8B49
:107050004EB15B494FF4AF73534A514809F015F8EC
:107060004FF4AF7197E72B695F684FB9514940F210
:1070700061134D4A4A4809F008F840F261118AE765
:10708000AC8BB24624F0070444F00404A4B24FF0E1
:107090000409AC83B1E7012909D04A494FF4B2731E
:1070A000414A3F4808F0F1FF4FF4B27173E72B6893
:1070B0004BB93F4940F265133B4A394808F0E5FFB8
:1070C00040F2651167E72B699F684FB939494FF462
:1070D000B473354A324808F0D8FF4FF4B4715AE718
:1070E0000026AC8BB24624F0070444F00504A4B299
:1070F0004FF00509AC8380E72A4940F26B132A4A16
:10710000274808F0C2FF40F26B1144E788F311886A
:10711000BFF36F8FBBF1000F1ED1002E33D117B11B
:1071200028462949B847EFF31188402383F3128892
:10713000BFF36F8F204608F017F800284AD1842348
:10714000164A2249164808F0A0FF2146204808F0B8
:107150009CFF842111481FE7A9680029DDD0D1F8E0
:1071600000800029D9D053464A462846D1F804B0B9
:10717000D847B8F1000F04D0D8F8003041469846FF
:10718000EFE74346FAE7314653464A462846366813
:1071900008F0B4FFC1E700BF922802016528020190
:1071A000BC250201ED390201BF270201E4270201DB
:1071B000F027020113280201A92802012A2802014E
:1071C000402802014F2802014D720101BE28020130
:1071D000D3280201204607F0EBFFAC8B24F0080413
:1071E000A4B2AC83E20621D524F01003AB8304F0F3
:1071F0000701D5F818A0AA8BBAF1000F22F00704F6
:10720000BFF690AE00232E68C5E9003344F00104B8
:10721000AC8304F0070989454FF000077FF4EDAE19
:107220000EB9002FDED04FF0000BECE6A3067FF581
:107230004EAE24F02003AB8304F007015CE688F334
:107240001188BFF36F8FBDE8F88F00BFF8B5044613
:107250000D4600F11406EFF31187402383F31288E3
:10726000BFF36F8F304607F07FFF68B984230C4A65
:107270000C490D4808F009FF31460C4808F005FF9D
:107280008421074808F0F8FE304607F091FFA56119
:107290003A462046BDE8F8400121FFF709BE00BF8D
:1072A00065280201BE280201BC250201D328020183
:1072B0002DE9F04704460E4608F010FF051E66DB78
:1072C00004F11409EFF3118A402383F31288BFF30A
:1072D0006F8F484607F048FF804660B98423374ADD
:1072E0003749384808F0D1FE4946374808F0CDFE06
:1072F0008421324843E0484607F05AFF4FF6FF72B8
:10730000E38BA78B934207F0070743D0062F2CD8B7
:10731000DFE807F01F43092B1F041F006FF08505EE
:107320004FF0000802E002250133E383484607F0EE
:1073300029FF002834D14FF49973204A234921486A
:1073400008F0A3FE4946224808F09FFE4FF49971C9
:10735000CFE700233360636823B9C4E9006687B1CF
:107360003D46DDE71E606660F9E71A4915484FF4AF
:10737000E473194A08F089FE4FF4E471164808F0E6
:107380007BFE524602212046FFF792FD3D462846ED
:10739000BDE8F0876FF00A05C2E76FF00405BFE7AC
:1073A0008AF31188BFF36F8FB8F1000FEFD000237D
:1073B0003A463146204608F0A1FEE8E7652802017A
:1073C000BE280201BC250201D32802019228020135
:1073D000A92802014F280201BF27020108B542680F
:1073E000034602F00302032A81600AD06AB9084901
:1073F00008484523084A08F048FE4521064808F099
:107400003BFE006800225A6008BD0020FAE700BF7A
:10741000ED390201BC250201E928020130B50C4614
:107420000E4985B00291D0F8CC110546CDE9003166
:1074300000F1F0014FF0FF33204604F0F3FC50B9A7
:10744000012384F86C30D5F8C83123B1204605B04B
:10745000BDE83040184705B030BD00BF57030201FA
:107460002DE9F04F012381460569466889B005F58D
:107470005B77D7E8EF2F002A03D1C7E8E13F002967
:10748000F7D10CBF1A46002240F0B180B368B16A50
:1074900005F5F4781C1F104608F0ADFF84426FD844
:1074A000013A00F09E80B2FA82F24FF00044D440DC
:1074B00072682046073222F00302C5F83422B16A0E
:1074C00008F099FFC5F83802B36A404663430333B6
:1074D00023F0030302EB4302230103EB44030933CC
:1074E00023F0030303EBC403C5F82C221A4408322B
:1074F000C5F828227368C5F83042C5F824323D4BE0
:10750000C5E9AB63316800F029FA0446002835D19B
:10751000D9F810B0D9F804A0D9F800300BF53279B9
:10752000CDE9060005934846DAE90734012B08BF88
:10753000103C06F067FBDAF824002F4905AB01EB9D
:1075400080214FF4806248460093234606F074FB86
:107550002A490BF52E7006F0E7F9DAE90501836890
:107560005C684CB15B46264AA047044630B9DAE96C
:10757000050183681B692BB96FF05704002129E0CE
:10758000013288E70122984704460028F6D11D4BB6
:107590002846C5F8C8311C4BC5F8CC311B4B0393AA
:1075A000D5F838320293D5F83432CDE9008305F5A9
:1075B0000F73B26AD5F8681300F098F904460028F2
:1075C000DCD105F1F00004F0D3FC0028C5F870030D
:1075D0000ADB0221384608F0F6FE204609B0BDE875
:1075E000F08F6FF00B04C9E76FF01504C6E76FF07A
:1075F0007704F2E7B1030201D03C002197030201B6
:107600008B0302018D760101CD0402011176010187
:107610002DE9F04190460C4699B30B788BB3D0F826
:10762000BC50A5F5DE7614354FF0FF324FF0FF3336
:10763000284605F00FFC2146304608F08EFE07462E
:10764000A0B93046104908F088FE064620B9284601
:10765000BDE8F04108F0B5BE1F22214648300AF0CF
:1076600016FB86F86770C6F86880F0E7284608F0D1
:10767000A8FE4346224639463046BDE8F041FFF7B2
:10768000CDBEBDE8F08100BF7B3B020113B50446CF
:1076900040B100230122CDE90032074BD0E90912A5
:1076A00004F094FB236F1B6823B1606F02B0BDE848
:1076B0001040184702B010BD7B3B020113B50446D1
:1076C0000846216901F55B71D1E8AF1F022910D18D
:1076D00093B1A0B10121CDE900311346D0E90912DF
:1076E00004F074FB074B984208BF6FF00B0002B028
:1076F00010BD6FF00F00FAE76FF04C00F7E76FF086
:107700000100F4E72EF8FFFF2DE9F84389461546FE
:10771000066906F55B73D3E8AF3F022B66D11368A9
:10772000EBB11B78DBB1D6F86873002F3FD106F5BB
:10773000E8784FF0FF324FF0FF33404605F08AFB08
:107740003046296808F009FE044660B930462949E8
:1077500008F003FE044638B9404608F032FE6FF0E8
:107760001500BDE8F883012705F108032367AB691D
:1077700064646367002384F86C3067B1404608F0A6
:1077800020FE21463046A36E2A68FFF747FE002000
:10779000C9F80040E5E71F22296804F148000AF013
:1077A00076FA404684F8677008F00BFEEFE7304643
:1077B000104908F0D2FD04460028D0D0002705F17A
:1077C00008030367AB6980F86C70436740641F224D
:1077D000296848300AF05BFA22460121304684F8D5
:1077E000677000F065F80028D1D0B8E76FF00F009F
:1077F000B7E700BF7B3B020110B50C46006900F5FE
:107800005B73D3E8AF3F022B0FD189B10A4900F572
:107810002E7006F069F9204609F0FAFE7822002160
:1078200020460AF01AFA002010BD6FF00F00FBE7A7
:107830006FF00100F8E700BFB03100212DE9F04FF3
:1078400005460E4690460027D0F8BCA085B0AAF5A4
:10785000BA7421463046FFF725F9E0B9134BA4F17D
:10786000480B0293DAF810303246CDE900832946FE
:107870004FF0FF335846AAF5DE7904F0D3FA88B901
:107880007823012203FB079383F86C20DAF80C308D
:107890000BB1584698477B1C022B4FF0010704F1AF
:1078A0007804D6D105B0BDE8F08F00BFFB0402011B
:1078B0001FB5144690B18AB1012912D10A4B00F1CB
:1078C000F0010293D0F8CC31483201934FF0FF33EE
:1078D0002046009304F0A6FA04B010BD6FF0150026
:1078E000FAE70020F8E700BFFB0402012DE9F043AE
:1078F00087B00E46DDE90E811446DDE910251F46EE
:1079000030B329B3DFF850C000F1F009002D08BFF3
:1079100065469EB9CDE9034400F5DE742046059620
:107920000AF009F803ABCDE900432A463B4641463D
:10793000484604F0DDFC07B0BDE8F0830022414674
:107940000E9248462A4607B0BDE8F04304F024BE34
:107950006FF01500EFE700BF3D780101F0B5044678
:1079600087B02B4A04AB0E4692E8030083E803007D
:10797000002C49D0184604F02DF90546B0B94FF057
:10798000FF33E16C04F15407A163CDE901000093DA
:107990003846236D04F1380209F0FBFAA06C08F0B8
:1079A000DBFDC4F8BC0020B96FF00B05284607B01A
:1079B000F0BDA06C08F0D0FDC4F8C0000028F3D0E2
:1079C000236CD4F8BC10C4F890300423C4F894306D
:1079D000C4F8AC300223E3620E4BB4F84820C4F87C
:1079E0008C10616C236204F18C03C4F8A070A4F8BD
:1079F0009820C4F8B870C4F8A810A4F8B020C4F84F
:107A0000A400A6612363D1E76FF01505CEE700BFA0
:107A1000A0200201C8230201014B0360002070472F
:107A2000F423020108B5044808F019FB034808F0E4
:107A300016FB002008BD00BF1429020149290201DC
:107A400008B50348034A0021121A08F0BDFD08BD1D
:107A500010030021CC340021074808B5074A084923
:107A6000121A08F0B3FDBDE808400648064A074967
:107A7000121A08F0ABBD00BF000000210C0300216A
:107A800020450201000000210000002120450201E4
:107A900038B505460C4699B1D1E901230F4809686C
:107AA00008F0DDFAD4E90423E1680D4808F0D7FABC
:107AB000E1690C4808F0D3FAA1690B4808F0CFFA45
:107AC000012D05D1EFF305810848103908F0C7FAF8
:107AD00021462846BDE8384004F0A4BD76290201BD
:107AE000A6290201D6290201E6290201152A02016E
:107AF00030BFFFF7FDBF00BF2DE9F04105460B4E3B
:107B0000DFF82C80324606EB0807CC1B20460949DB
:107B10000AF096F8A01942460021083C0AF09DF8A8
:107B20002C6707F10800BDE8F08100BF00000000ED
:107B300004000000A020020110B5204C204808F0ED
:107B40008EFAA36A990137D51E4808F088FA1E20DC
:107B5000A36ADA0103D51C4808F081FA1F20174CEC
:107B6000A36ADB0203D5194808F079FA0220A36A58
:107B70001C0303D5164808F072FA21200F4CA36AA3
:107B8000590303D5134808F06AFA2220A36A9A031E
:107B900003D5114808F063FA2320084CA36ADB03DD
:107BA00003D50E4808F05BFA2420A36A6FEA03436A
:107BB0006FEA1343A36210BD1D20C9E700ED00E08A
:107BC000292A0201422A0201562A0201712A0201CF
:107BD0009C2A0201BB2A0201E12A0201FC2A0201BD
:107BE00070B5204C064620480D4608F038FAA36AC6
:107BF000D90435D51D4808F032FA1720A36A1A05B2
:107C000003D51B4808F02BFA1820164CA36A9B05D5
:107C10000FD5184808F023FAA16BA36A180407D5FA
:107C2000154808F01CFA1EB1A36A23F40043A362AE
:107C300019200C4CA36A5A0503D5104808F00FFA16
:107C40001A20A36ADB0503D50D4808F008FA1B20AB
:107C5000044A936A43F47F43936200232B7070BD00
:107C60001620CBE700ED00E0282B02013F2B02019C
:107C7000512B0201652B02017F2B0201952B020182
:107C8000B12B020170B5294C064629480D4608F073
:107C9000E6F9A36AD8063FD5264808F0E0F9112096
:107CA000A36A190703D5244808F0D9F912201F4CFC
:107CB000A36A9A070FD5214808F0D1F9616BA36A2E
:107CC0001B0607D51E4808F0CAF91EB1A36A23F0A7
:107CD0008003A3621320154CA36ADE0703D519485D
:107CE00008F0BDF91420A36AD90602D4A36A9A0742
:107CF00014D50E4B9B6ADB0610D5134940F22D13A9
:107D0000124A134808F0C1F9124808F0BEF940F2CF
:107D10002D110E4808F0B0F91020C1E7034A936A0C
:107D200043F0FF03936200232B7070BD00ED00E071
:107D3000CA2B0201E12B0201512B0201152C020179
:107D40002E2C0201452C0201972C0201652C020108
:107D5000BC250201E12C0201F0B5704B04465868C5
:107D600000258BB0C0F3080385F31188BFF36F8F34
:107D700002F07F46B6F17F4F06D102F00C06082EC6
:107D800011D1674808F06BF9664940F21B43664A17
:107D9000664808F07AF9664808F077F940F21B4126
:107DA000614808F069F916074CBF0C460125002C04
:107DB000EAD00026DA1E8DF80760092A00F29F80BB
:107DC000DFE802F0059397769D9D9D9D9D9B594808
:107DD00008F045F98DF80760504EF36A9A0704D50C
:107DE000554808F03CF900232AE0F36A002B01DA39
:107DF0005248F6E7F36A5B006AD5514808F02FF95C
:107E00007369A26943F480737361BFF34F8FBFF34B
:107E10006F8F32F8023C726922F480727261BFF394
:107E20004F8FBFF36F8F03F47F42B2F55F4F26D1C0
:107E3000DBB2022B23D12168424808F010F92368F5
:107E40009DF80720CAB902AE04F120073246206827
:107E50006168083403C2BC421646F7D1099A002D66
:107E600059D0C2F3080121B96FEA52226FEA4222C7
:107E70000992184602A9FFF70BFE0BB0F0BD274B85
:107E80009A6AD2B232B101200DF10701FFF7FAFE72
:107E90000346D5E79A6A12F47F4F05D001200DF111
:107EA0000701FFF79DFEF3E79B6AB3F5803F02D31E
:107EB000FFF742FEECE7244940F2ED231A4A1B4843
:107EC00008F0E3F8214808F0E0F840F2ED2167E718
:107ED0001D494FF43C73144A144808F0D6F81C4866
:107EE00008F0D3F84FF43C715AE700200DF1070178
:107EF000CCE700200DF10701D3E7164871E7A3F1A5
:107F00001002154B10F4F87F1449154808BF1946A4
:107F100008F0A5F867E76FF30802A9E700ED00E0B5
:107F2000732D02019F2D0201652C0201BC25020167
:107F3000B22D0201F02D0201082E02012A2E0201AB
:107F4000392E0201592E0201ED390201762E02016D
:107F50009A2E0201CA2E0201452D02015A2D02015C
:107F6000EF2E0201064B5A6942F010025A615A691B
:107F700042F480625A615A6922F008025A617047DD
:107F800000ED00E0EFF30880EFF3098101B57246E0
:107F9000FFF7E2FE01BD00BF002080F31488BFF3AD
:107FA0006F8F002080F30A8880F30B880F4880F3DE
:107FB000088802F06FFF00200D490860BFF34F8F63
:107FC00000F02CF8402080F311880A484FF400613B
:107FD000401880F30988EFF314800221084380F3EE
:107FE0001488BFF36F8F08F002FB0000D05500210A
:107FF00094ED00E0D0440021002318460649D1F852
:108000009020C2F30722934200DB7047C1F89830FA
:10801000C1F8A0000133F6E700ED00E010B572B63C
:10802000002484F31388FFF7E7FF23464FF0FF3067
:108030000C4A03F120010133102B42F82100F8D142
:1080400000234FF0FF30074A03F160010133102B8A
:1080500042F82100F8D162B6BFF34F8FBFF36F8FA4
:1080600010BD00BF00E100E01EF0040F0CBFEFF3F5
:108070000880EFF30980816911F8021C0229FFD002
:1080800001B5724608F0A4FA01BD00BF40B2002855
:1080900007DB01234109034A00F01F00834042F837
:1080A0002130704700E100E040B200280CDB0122E3
:1080B0000649430900F01F008240203341F8232085
:1080C000BFF34F8FBFF36F8F704700BF00E100E039
:1080D000054B420953F82220012300F01F0003FA48
:1080E00000F01040704700BF00E100E038B5D30752
:1080F00004460D4612D48B1C072B10D96B23114A52
:108100001149124807F0C1FF2946114806232246AB
:1081100007F0BBFF6B210B4807F0AEFF002360B2F6
:108120000028ACBF00F160400A4A4FEA4313DBB2BB
:10813000ABBF00F5614000F00F0080F8003313542E
:1081400038BD00BF032F02013A2F0201BC250201F6
:10815000552F020114ED00E0044B054A23F07F0384
:108160009360BFF34F8FBFF36F8F70470000000124
:1081700000ED00E042F8203C009B0B4942F81C3C1B
:10818000019B21F0010142F8183C029B42F8081CB7
:1081900042F8143C4FF0807342F8043C0023203A2C
:1081A00002654367704700BF456E010100B50D4B86
:1081B00015469860026F0C4B0E461A60036E83F3EF
:1081C0000B882C4686F309880020044B98472046EC
:1081D000002100220023024C204700001306020168
:1081E000456E0101E8330021D03100211022014BFE
:1081F0001A61704700ED00E0054B5A699B689A428E
:108200001FBF044A536843F080535360704700BF58
:10821000E833002100ED00E0084B9B6883420BD15E
:10822000EFF3058343B1064B5A6842F080525A601F
:108230005A6A22F400425A6206F01EBDE833002159
:1082400000ED00E014498A684FF030001044EFF36D
:10825000098C80E8F01F402080F31288BFF36F8FF5
:108260000E4F4FF000664A698A603E60106F0C4CFA
:108270002060506F0023536780F3118802F13000B3
:1082800090E8F01F8CF3098802F1000004B508F0B3
:10829000B9F9BDE804407047E833002104ED00E07F
:1082A000D0310021002340210348C21801331E2B86
:1082B00082F80013F9D1704700E100E008B5EFF350
:1082C0000583064A103B02EBC30152F833004968AC
:1082D0008847BDE80840FFF78FBF00BFE81E0201D6
:1082E0000148006870470000D03100211FB501210E
:1082F000094B0A4A0A4800F0F7F80023064A03939C
:10830000084B0121019301A8D31A029300F010F940
:1083100005B05DF804FB00BF000001210000002152
:10832000F4230201100300210A7A0B6810B562F3EE
:1083300004031C46CB68520923F01F0343EA42039F
:10834000044A43F00103C2F89800C2F89C40C2F806
:10835000A03010BD00ED00E010B5074BD3F8903011
:10836000C3F30723013B984202D8FFF7DDFF10BD9E
:108370006FF01500FBE700BF00ED00E02DE9F04FC6
:108380000F46144606464FF000084B4D85B0B845E1
:1083900080F28E80D6F80490B9F1000F35D0B9F193
:1083A0001F0F40F2838019F01F0F7FD1D6F800A075
:1083B0001AF01F0F7AD1504608F06BF9834609EB8B
:1083C0000A00013808F065F983456FD11BF1160FDB
:1083D0006CD05C456ADDC5F898B0D5F89C10C5F83E
:1083E00098B0D5F8A03021F01F0143F01F0AD6E95C
:1083F00000321A44994202F1FF391BD1CA4508D113
:1084000031465FFA8BF008F04DF908F101080C369F
:10841000BDE73146C5F898B0D5F89C30E0B263F3BB
:108420000402C5F89C2008F03DF910F1160F3DD06C
:10843000441CEAE7C5F898B0D5F8A020013B23F02A
:108440001F0302F01F021343CA453146E0B2C5F8CC
:10845000A030E8D008F026F910F1160F26D0C5F8A4
:1084600098B0D5F89C209DF808300AF1FF3A62F3E5
:1084700004038DF80830D5F8A0309DF808205B087B
:1084800063F347128DF80820D6E9003213440093B5
:1084900023F01F035344A3EB0903013023F01F0310
:1084A0006946C0B20393FFF757FFBEE76FF01504AC
:1084B000204605B0BDE8F08F00ED00E00522044B3A
:1084C000C3F89420BFF34F8FBFF36F8F704700BF87
:1084D00000ED00E0BFF35F8F0022024BC3F8942051
:1084E000704700BF00ED00E038B50C4D0C462A780F
:1084F000FFF744FF287016300FD140F28913084A65
:108500000849094807F0C1FD2146084807F0BDFDAC
:1085100040F28911024807F0AFFD38BD3034002128
:10852000952F0201ED390201BC250201C42F020181
:108530002DE9F74F314D894606464FF00008AB460E
:108540002F4FC84502DB03B0BDE8F08FD6F804A07A
:10855000BAF1000F4CD031680846019108F099F843
:10856000019904460AEB0100013808F092F88442B0
:108570004FF01402234B15D002FB08F36FF01502E5
:108580004BF8032040F299131F4A2049204807F076
:108590007CFD49461F4807F078FD40F299111A48C2
:1085A00007F06AFD14F1160F2C60EBD01978A14288
:1085B000E8DD02FB08B0C7F89840C7F89840D7F844
:1085C0009C4000F10801007B64F304000871D7F8B7
:1085D000A0000C79400860F347140C71D7F89C1088
:1085E00021F01F016960D7F8A01021F01F01296157
:1085F00008F1010814350C36A3E700BFD43100217F
:1086000000ED00E030340021952F0201ED39020128
:10861000BC250201F02F02012DE9F0416B4D6C4E9B
:10862000D5F890303468C3F307239C4286B013D941
:1086300040F20223674A6849684807F026FDD5F8EA
:10864000902021466648C2F3072207F01EFD40F243
:108650000221604807F010FD0020FFF73BFF614B4F
:10866000C5F8C03084421BD15F4D01A82C70FFF7C4
:10867000D3F9002607464FF061085C4CB74216D18B
:1086800000202B785149D1F89020C2F30722934261
:10869000C0F295800020FFF711FF06B0BDE8F08121
:1086A000716801EB0011FFF73FFE0130DAE7019A34
:1086B000300102EB0613D3F80CC00CEA0401B1F14F
:1086C000807F57D00AD8B1F5001F29D0B1F5800FAF
:1086D00043D0B1F5801F14D00136CFE7B1F1006F60
:1086E00048D0B1F1805FF7D159689B681258013BBF
:1086F00021F01F000344CDE9021223F01F030122E1
:108700000BE0596812589B68CDE902122122013B07
:1087100021F01F00034423F01F038DF8102036E0E2
:10872000596812589B68CDE902124122013B21F0A1
:108730001F00034423F01F031CF0010F8DF81020CD
:10874000059325D02A498423224A244807F09DFC1A
:10875000284807F09AFC84217BE759689B681258E7
:10876000013B21F01F000344CDE9021223F01F0357
:108770000622D2E7596812589B6821F01F00013B7E
:10878000CDE90212034423F01F038DF810800593F6
:10879000287802A9FFF7E0FD00280CDA0E4940F224
:1087A00035230C4A0D4807F070FC134807F06DFCA8
:1087B00040F235214DE72B7801332B708CE7C1F85F
:1087C0009830C1F8A00001335DE700BF00ED00E084
:1087D00000240201952F0201ED390201BC2502019E
:1087E0001F300201AAFF4400303400210000F0FFD6
:1087F0005330020179300201A830020108B5024B62
:108800001B689847002008BDE8310021034B044A4B
:108810001860937843F0020393707047E8310021A9
:10882000FC00002108B50649064821F00701C1F106
:10883000045202F58032FEF74FFA002008BD00BF57
:1088400067890021EC31002170B541690446867AC0
:108850000A4D59B1437ADB0706D42C2303FB065398
:108860005B6A1B689B689847002363612C20214644
:1088700000FB0650BDE8704009F0DCB8880200211A
:108880002C22024B02FB0030704700BF88020021FF
:108890002C21827A054B01FB02339A6A1B7F801AD6
:1088A0001B3323F00303B0FBF3F070478802002171
:1088B00038B52C24827A064B04FB02335B6AD3E979
:1088C00001240C601568FFF7E3FF04FB005038BD7E
:1088D0008802002108B543684BB107490748632364
:1088E000074A07F0D2FB6321054807F0C5FB038266
:1088F0004369C36008BD00BF06310201BC25020107
:10890000E13002012DE9FF470546684617461C463F
:10891000039109F047F9DDE9008955B95C494FF445
:1089200085735C4A5C4807F0B0FB4FF48571594889
:1089300018E005F11406EFF3118A402383F312883F
:10894000BFF36F8F304606F00FFC68B98423534A9B
:108950005349514807F099FB3146524807F095FBBF
:1089600084214E4807F088FB304606F021FC6B8BD3
:10897000002B5AD02A8B9A4239D90022002328464C
:1089800004F0DEFC0446002831D0304606F0FAFB45
:1089900068B94FF49973414A43493F4807F075FB62
:1089A0003146424807F071FB4FF49971D9E78AF3D9
:1089B0001188BFF36F8F039D002D59D042464B465F
:1089C000684609F014F92C21A27A394B204601FBA4
:1089D00002335B6A03A91B681E68DDE90023B04708
:1089E0006061002837D12046FFF72EFF2EE06C8B08
:1089F0003046631E6B8306F0C5FB0028C9D08AF39E
:108A00001188BFF36F8F2B7F2A8B1B33121BAC6A2D
:108A100023F0030302FB0344254B264AEB1A9B1069
:108A20005343A3722B7FE372C5E7304606F0AAFBDF
:108A30000028AED08AF31188BFF36F8F23463A46E1
:108A4000284604F07DFC04460028B4D100242046CA
:108A500004B0BDE8F087039B9D420BD9164940F254
:108A60005F130C4A0C4807F010FB40F25F115EE701
:108A70002B46656100210122616022816382E27AD6
:108A800004F1180009F0E9F82046FFF723FFDEE7BC
:108A900020310201E1300201BC25020165280201FA
:108AA000BE280201D328020192280201A92802014E
:108AB00088020021A38B2EBA253102012DE9F04155
:108AC0000446F8B100264FF02C081D4F2546646877
:108AD00005F10802D2E8EF3F591EC2E8E01F002866
:108AE000F8D113F0FF0319D140F2D713154A1649F4
:108AF000164807F0CAFA2946154807F0C6FA40F2A8
:108B0000D71108E013494FF4E2730E4A0F4807F0FB
:108B1000BCFA4FF4E2710B4807F0AEFA012B0AD110
:108B2000AB7AEE6008FB03736E601B6A284623B1C4
:108B30009847002CCAD1BDE8F081FFF785FEF8E721
:108B400088020021E13002013F310201BC2502010F
:108B50004C3102013B310201034670B50568828841
:108B6000DC889E68A818A41AAD1B641BA14209D911
:108B7000064907483E23074A07F087FA3E21054881
:108B800007F07AFA0A449A8070BD00BF9C31020156
:108B9000BC2502016131020108B5828803468A4280
:108BA0000BD20949094840F2C313094A07F06DFA8C
:108BB00040F2C311064807F05FFA521A828000683B
:108BC0000844186008BD00BFC0310201BC25020185
:108BD00061310201064AD2F8AC3123F00043C2F8F9
:108BE000AC310022034BC3F84C21D3F84C31704711
:108BF000002001410060014173B5354BD3E84F3F80
:108C000000233449CDE90033334BD3F80445BFF397
:108C10005F8FD1F80465BFF35F8FD3F804259442CA
:108C2000F3D16B46224601212B4807F079FD3246ED
:108C300005460F21274801AB07F072FDE0B1019B0B
:108C40000DB9009302E0009A9A42FAD8009B22489C
:108C50001C44013CD0F84C3524F07F449C421F4911
:108C600032D0FFF7B7FFC0F84C451D4B009A9A422F
:108C700018D901230B7001E0002DE7D1194AD2F871
:108C8000AC3143F00043C2F8AC31134BD3F84C2164
:108C900032B90121144A5160D3F84C3103B111604B
:108CA00001230DE0BFF35F8FD0F80435E41A24F000
:108CB0007F440E4B033C9C42DBD900230B70002306
:108CC0000B4A137002B070BD0B78002BF7D0D5E7BC
:108CD000353400210010014100600141333400218E
:108CE000FEFF7F000020014100B00041FBFF7F003C
:108CF00034340021F8B51E490023C1E8423F52BB7D
:108D00001C4B1D783DB305231B4E1C4F347801349A
:108D1000B4FBF3F303EB8303E41A07F0F7FE184AFE
:108D2000137823B157F82430C01A072813D9154BEC
:108D3000D3F8141141B10021C3F81411D3F8143140
:108D400034700CB901231370347807F0DFFE47F854
:108D500024002846F8BD0C4A0025D2F8AC3123F097
:108D60000043C2F8AC310122084B5A60F1E700BF62
:108D7000353400213434002132340021F83100210F
:108D800031340021005000410020014100B0004179
:108D90000122024BC3F84025704700BF0000084184
:108DA000502307B5244A0021C2F80C351422234B66
:108DB0000846C3F820214FF40062214BC3F8BC25BC
:108DC0004FF48062C3F838250DF1070202F0C4F8B1
:108DD00000280BDA1B491C4840F247231B4A07F0C6
:108DE00054F940F24721194807F046F99DF8071059
:108DF000174807F0B3FF9DF80710164807F0AEFFBD
:108E00009DF80710144807F0A9FF9DF807100A48BD
:108E100007F0A4FF9DF8070002F0BEF84FF400220F
:108E20000E4BC3F844230022C3F84C21D3F84C3135
:108E300003B05DF804FB00BF00B0004100302041EA
:108E400000200141B3250201BC250201D0310201FD
:108E50004C610141282001412C2101410060014168
:108E600048B1054B054A1B68B3FBF2F35843044B6A
:108E700043F0010318477047A801002140420F004A
:108E80009023020108B5054A054B104613603F23A5
:108E9000536002F05BF8002008BD00BF0C320021D7
:108EA00000E0FFFF70B50446807AFFF7E9FC6169D6
:108EB000054649B1637ADB0704D4436A20461B6840
:108EC0009B689847002363612146284608F0B2FD5D
:108ED000034B1B681BB1BDE870402A20184770BDCA
:108EE0001432002108B5034B186808F098FD0020E3
:108EF00008BD00BF18320021082808B50BD870B192
:108F0000431E072B0BD8DFE803F005040A140A0AF6
:108F10000A14042008BD10280DD020280BD00749C2
:108F200007485223074A07F0B0F85221054807F0D6
:108F3000A3F80220EEE70520ECE700BFED390201BF
:108F4000BC250201FA310201811EC9B21E2938B5C1
:108F5000054613D80A4CCC4014F001040CD0094843
:108F600007F0BFFB044638B12846FFF7C5FF0146AE
:108F700004F10C0007F0C5FB204638BD0024FBE7D8
:108F800041000040E0020021014B1860704700BF23
:108F900014320021F8B501280546DDE9067609D02E
:108FA000042804D1144807F09CFB044620B900248F
:108FB0002046F8BD1148F6E72846FFF79DFF04F16B
:108FC0000C050146284607F09CFB002FF0D0002E30
:108FD000EED0228A638A61699B1AE268521A9B1A50
:108FE0009E4203D92046FFF769FDE0E73246394645
:108FF000284607F07AFBDBE788020021B402002153
:10900000038A014623B1034B186883689B6818479D
:10901000122070479C01002110B5084B084C1860C5
:10902000206808F0C6FC30B1206806498368BDE8B6
:1090300010401B6818476FF0120010BD1832002155
:109040009C010021E58E010137B540230C460A49F9
:109050000093411A491105462346084A084807F07B
:1090600097FB014628B12846234603B0BDE83040AF
:10907000184703B030BD00BF30320021FF070201A6
:10908000081E0201C9B2012908B509D908490948D1
:109090007E23094A06F0F9FF7E21074806F0ECFF1F
:1090A0000C22036901FB0233986C00F0070008BD35
:1090B00069320201BC2502012C32020170B5C9B22D
:1090C0000129034600690BD91749184840F2E113FA
:1090D000174A06F0DAFF40F2E111154806F0CCFF1E
:1090E000EFF31186402484F31288BFF36F8F0C25B1
:1090F00005FB0104A46C14F0C00401D0A24210D1FD
:10910000012205FB01008264002086F31188BFF371
:109110006F8F28B95B6803EBC1035B689847002039
:1091200070BD4FF0FF30F0E769320201BC2502014B
:109130002C32020170B50D4606490446411A491108
:1091400040220548FFF7BAFF2B4601462046BDE8FE
:109150007040184730320021081E0201F8B5002285
:10916000012105460520FEF7C1FF104801F08CFEE5
:109170000446B8B907F098FD2F690D49384606F046
:10918000D3FF031E09DB0126BE642D69084905F1E2
:10919000200006F0C9FF031E02DA1C462046F8BD77
:1091A0006E65FBE76FF00404F8E700BF659201010C
:1091B000702402011FB5002201236C46CDE9022371
:1091C0006B46074ACDE9004407F012FB28B94FF47B
:1091D00080420023684604F0BDF904B010BD00BF12
:1091E0000B08020110B5EFF31184402383F31288BA
:1091F000BFF36F8F074A136823F00201DB0711608A
:1092000002D4012001F020FE84F31188BFF36F8F98
:1092100010BD00BF883200210C22104B014602FB1A
:109220000033002030B4D3E910521864EFF31180FA
:10923000402484F31288BFF36F8F9C6C04F0C00449
:1092400044F002049C6480F31188BFF36F8F1DB15A
:109250002B4630BC0248184730BC704730320021E2
:10926000081E0201012808B506D0072808D098B9C1
:109270000F4B9B6C5B0719D1BDE80840FFF7CCBFD3
:109280000C4940F20B330C4A0C4806F0FEFE40F24B
:109290000B31094806F0F0FE064940F21533064A44
:1092A000064806F0F2FE40F21531F2E708BD00BFB5
:1092B00030320021ED3902012C320201BC250201BD
:1092C00010B4EFF31180402282F31288BFF36F8F46
:1092D00017490B6843F0020413F001030C6019D026
:1092E000144BD3F80C14D3F80C3413F0010311D041
:1092F000EFF3118182F31288BFF36F8F0E4A936CE4
:1093000003F0C00343F00203936481F31188BFF3B9
:109310006F8F012380F31188BFF36F8F1BB1002083
:1093200010BCFFF779BF012010BC01F063BD00BF86
:109330008832002100500041303200212DE9F041F7
:10934000012206464149D1E8EF3FC1E8E02F00285D
:10935000F9D1A3B93E493F484B60CB608A60FDF725
:10936000A7FF00280BDA3C494FF42D733B4A3C48D9
:1093700006F08BFE4FF42D71384806F07DFE002E6E
:109380004DD0731E012B56D8012E06D1354BD3F884
:109390001C3403F00303022B41D008F084FB054684
:1093A00050B1EFF31188402383F31288BFF36F8F1E
:1093B00001252C4C2C4F21E02C4B1B78002BF0D09E
:1093C0000222284B8046C3F80823F2E74DB34046FB
:1093D00007F041F9D4F81835DBB2012B0ED1D4F8DF
:1093E00004215AB10022C4F80421D4F80421022235
:1093F000C4F818252022C7F88021A360D4F81824C7
:10940000D4F81834D203E1D503F00303022B01D0C2
:10941000012EDBD155B188F31188BFF36F8FBDE802
:10942000F0810021212005F097FBD3E702220D4BAC
:10943000C3F80423F3E70E4940F2C623074A08485D
:1094400006F023FE40F2C62196E700BF2C32002131
:109450001C320021503200218D3202012C320201D7
:10946000BC2502010050004100E100E0C8340021A9
:10947000ED39020108B5074808F09BFA38B10648F3
:10948000FFF7C4F90448FDF7BFFC002008BD6FF0EA
:109490001200FBE7781E02019D9401010A2838B5ED
:1094A0000446074D04D1AB680D2128465B689847F8
:1094B000AB6803485B68E1B29847204638BD00BFFF
:1094C000781E0201EFF31182402383F31288BFF369
:1094D0006F8F0A4BD3F8001161B10021D3F8080552
:1094E000C3F80011D3F80031C0B282F31188BFF382
:1094F0006F8F70476FF00A00F7E700BF00900041E0
:10950000F0B503468478C678EFF3118E402080F3DF
:109510001288BFF36F8F1D7893F801C0641B34402D
:10952000A24288BFA2B2AF18374028461F708EF300
:109530001188BFF36F8F8F188F4217D165450CD1FB
:10954000EFF31181402080F31288BFF36F8F1878FA
:10955000587081F31188BFF36F8F1B79A41AA3424F
:1095600090B222BF0122064B1A60F0BD03EB000E41
:109570009EF805E0013001F801EB3040DCE700BF68
:10958000009000412DE9F0472F4D00690E46A8429A
:1095900014460BD02D492E4840F203132D4A06F0F5
:1095A00074FD40F203112B4806F066FDDB4313F017
:1095B000010504D02030FFF7A3FFBDE8F087B2B368
:1095C000EFF31187402383F31288BFF36F8F0920D5
:1095D000FEF77EFD80460920FEF766FD87F31188C1
:1095E000BFF36F8FDFF870A04FF40079CAF8005115
:1095F000DAF8003101232546184FCAF80030C7F8C1
:109600008091DAF80031A3B1FFF75CFF031EA4BF1D
:1096100005F1FF35ADB2C7F88091A8BF7355002D95
:10962000EFD1B8F1000F02D00920FEF72FFD204640
:10963000C3E7EFF31180402383F31288BFF36F8FEA
:1096400007F009F8DDE700BF8C320021D7320201B4
:10965000BC250201A53202010090004100E100E0BA
:10966000F8B5184B07690D469F42144625D0164998
:109670001648E523164A06F008FDE521144806F0D1
:10968000FBFC4FF0FF334FF0FF32384603F062FF30
:10969000224629460F48FFF733FF0646384603F0B7
:1096A000DDFE3EB94FF0FF324FF0FF330A4803F0C2
:1096B00051FFE6E7A41BA4B23544002CE1D12046BB
:1096C000F8BD00BF8C320021D7320201BC25020157
:1096D000A5320201C13200219C32002138B5204B55
:1096E00004699C420BD01F491F4840F247131F4A90
:1096F00006F0CBFC40F247111C4806F0BDFC0122ED
:109700002046114608F0A0F90122002104F11000C2
:1097100008F09AF940F2074323874FF07063236201
:109720000C230025012184F82430114B84F8355096
:10973000E586D3F80425092022F00102C3F80425A8
:10974000C3F80051D3F80021C3F804132A46196066
:10975000FEF7CCFC0920FEF799FC284638BD00BF77
:109760008C320021D7320201BC250201A532020150
:109770000090004110B5FFF7A5FE002820DB174B35
:10978000C0B293F8222093F8214093F82310141BC1
:1097900031EA04040DD193F8372093F8364093F85A
:1097A0003810141B31EA04040BD101220C4B5A600F
:1097B0000EE09C180132114084F8250083F8221035
:1097C00010BD9C180132114084F83A0083F837101C
:1097D0000448BDE8104003F041BE00BF8C320021B8
:1097E000009000419C32002138B5036961B92149DC
:1097F0006423214A214806F048FC214806F045FC34
:1098000064211D4806F038FC486850B91D4965239D
:10981000194A1A4806F039FC1B4806F036FC652147
:10982000EFE7586800B30024884219D108688CB962
:109830009C685860A14200D19860002008602AB15D
:109840005A680A609A68596002B9996000200FE06E
:109850002846E9E720609868814208BF9C60ECE7F1
:1098600005680446002DF3D1002AE9D16FF01500F8
:1098700038BD00BF4333020107330201BC2502019A
:109880004C3302015B3302016D33020108B50368FA
:10989000590914D0012906D14FF6FF7203F01F03B6
:1098A000DA40D2070ED40B490B484FF482630B4ABF
:1098B00006F0EBFB4FF48261084806F0DDFB4FF049
:1098C000FF32EBE70360064B0648012908BF184644
:1098D00008BD00BFB7330201BC2502018433020179
:1098E00000088C4100058C4170B5446801F01F05EB
:1098F000207C86B045EA4015A068002872D0B2F5F9
:10990000001F04D1294601F001FF00204EE06068ED
:10991000667CB2F5800F46624FF0000601A8019602
:10992000466032D1B3F1007F14BF052304238DF8C4
:1099300004300023CDE904030393E3686E46CB4073
:1099400013F0010F34D1B2F1A07F31D168460095F8
:10995000FFF79CFF009B803350F82330DB0727D4B0
:109960006A462946A06801F077FD163018D00296A5
:109970002946A06803AA01F00FFC002816DB01228B
:109980002946A06801F040FEBFE7B3F1C06F05D0E3
:10999000B3F1007F14BF01230223C8E70323C6E706
:1099A0006946A06801F010FE0028E0DA06B070BD3C
:1099B00032462946A06801F04FFD0028D8D19DF815
:1099C0000010A06801F0E4FD0028D1D00749084844
:1099D00040F2F113074A06F058FB40F2F111054836
:1099E00006F04AFB6FF08500E0E700BFB3250201F7
:1099F000BC250201DA3302012DE9F043466840F24A
:109A00000635337CD00601F01F0747EA431748BFED
:109A1000032302EA050558BFC2F3401387B0B5F52A
:109A2000837F14468DF8033043D00DD8062D16D011
:109A300005D8A5B1022D3ED06FF0150036E0B5F582
:109A4000807FF9D101250AE040F20222954234D00C
:109A5000B5F5407F33D0B5F5007FEDD10225220367
:109A60002FD5012372688B409360B06880BB03A838
:109A70000397FFF70BFF039B00EB8300C4F3004346
:109A800083F00103C4F34044D0F8002244EA4304C5
:109A90009DF8033022F4706244EA830422F00F023E
:109AA00044EA05231343C0F80032002007B0BDE8A4
:109AB000F0830725D3E70425D1E70525CFE7032564
:109AC000CDE7630341BF012372688B40D360CCE7CD
:109AD00039460DF1020201F0BFFC14F4403F80460C
:109AE00017D13946B06801F03BFDB8F1000FDCD169
:109AF0009DF80210B06801F04BFD0028D5D01E493A
:109B00001E48FC231E4A06F0C0FAFC211C4806F041
:109B1000B3FA4FF0000901ABCDE90199CDE9043961
:109B2000CDF80C903946B06803AA01F035FB4845E2
:109B3000BBDB14F4003314D09DF80330C4F30044AD
:109B400084F001048DF80E308DF80C508DF80D4026
:109B50004B463946B06803AA01F0E0FB0028C4DA9E
:109B6000A3E7CDE904330DF1030303933946B0684D
:109B700003AA01F011FBF1E7B3250201BC250201A4
:109B8000DA3302014209034670B502D0012A1ED021
:109B900070BD144E326951680029F9D0012503F0D7
:109BA0001F030C689D400029F2D08A682A4012D019
:109BB0004B6873B90C4989230C4A0D4806F065FAC5
:109BC0000C4806F062FA8921084806F055FA0A4E58
:109BD000E0E7304698471CB1236821461C46E2E77F
:109BE0002346FAE7401E0201063402010733020150
:109BF000BC2502016D330201241E020138B54568FF
:109C0000A86890B101F092FC014670B9A86801F013
:109C100057FC044658B902460649A86801F004FCFE
:109C2000224605210A20FEF761FA002038BD6FF0B8
:109C30000400FBE7859B010110B504460269A2B050
:109C40001749C2F88000002001F06CFE00220121BB
:109C50001220FEF74BFA8422002101A8646807F065
:109C6000FCFF0023012001AA61680432D940C90722
:109C700044BF00FA03F142F8041C2168D940C90727
:109C800048BF00FA03F103F1010348BFD163102B71
:109C9000EAD101A801F06CFE002022B010BD00BF87
:109CA0007108020108B50368590914D0012906D1C9
:109CB0004FF6FF7203F01F03DA40D2070ED40B49B0
:109CC0000B484FF482630B4A06F0DFF94FF48261D0
:109CD000084806F0D1F94FF0FF32EBE70360064B7E
:109CE0000648012908BF184608BD00BFB733020166
:109CF000BC2502018433020100088C4100058C411F
:109D00002DE9F04F9346824640F2FF18314E85B060
:109D100000EB8107574503D1002005B0BDE8F08F67
:109D2000DAF80030C3F3C322082AC3F308044BD87F
:109D300029491B0E444508BF4FF0FF348D5C032BAF
:109D400045D8DFE803F002353B3ECBF80C45631CF9
:109D50002BD003A80394FFF7A5FF0121039B01FA71
:109D600003F38360DAF800300394180448BF00213D
:109D700003A858BF8946CDE9003148BF4FF001091B
:109D8000FFF790FF039C009B00EB8400D0F800429B
:109D9000C3F3412C01992B0243EA8C030B4334405B
:109DA000234343EA4903C0F800320AF1040AB1E749
:109DB000CBF81445621CF8D00021D3E7CBF8084556
:109DC000C5E7CBF81045F5E76FF01500A5E76FF094
:109DD0008500A2E7F0F0FCFF024502012DE9F04109
:109DE00004460D46476807F05EFE88B14FF0400814
:109DF000EFF31186314688F31288BFF36F8F6068E6
:109E000006F0D5FD50BB86F31188BFF36F8FEFE7E7
:109E10001F4B1B78002BE9D04FF040086426606888
:109E200006F0C5FD70B9012006F044FF013EF6D1F1
:109E30000021212004F090FEF0E786F31188BFF3A3
:109E40006F8FF5E7EFF31186314688F31288BFF381
:109E50006F8F606806F0ABFD0028EED0FB69002034
:109E60001D706368FA691B68C3F844250122C3F8B2
:109E70004825C3F82001D3F82041C3F85801D3F88E
:109E800058019A6081F31188BFF36F8FBDE8F081AC
:109E9000C834002138B5114922F07F45D1E900309E
:109EA000D41AE31840F10000C1E90030A5F5001311
:109EB000B3F5400F09D20A4B1B681A0A1B06581942
:109EC000084B42F10001C3E9000105F087FB0146A0
:109ED0002046BDE8384005F0E9BA00BFF819002176
:109EE00084330021001A00210D4B1868010A000676
:109EF000BFF35F8F0B4BD3F80435181841F1000105
:109F0000B3F5801F0AD2084BD3E90023904271EBCE
:109F1000030303D210F1807041F10001704700BFCC
:109F20008433002100600141001A00212DE9F7432C
:109F300006F029FC294BD3F8042391070BD5D3F85D
:109F4000042142B10022C3F80421254AD3F8043188
:109F5000136801331360214CD4F80433DA031FD59E
:109F6000204BD3E8EF2F22F00101C3E8E01F0028C7
:109F7000F7D1D30702D4D4F840318BB10025C4F80F
:109F80004051D4F84031FFF7AFFFEFF3108272B6C3
:109F9000154BD3E90267B042B94104D282F310886D
:109FA00003B0BDE8F0834FF0FF38D3E900104FF065
:109FB000FF391D60C3E902894FF48033C4F8483388
:109FC000C4F84051D4F8403182F310880029E7D01A
:109FD000009032463B4628468847E1E70060014151
:109FE000843300217C330021E81900212DE9F84F4A
:109FF00006460F46434DD5E8EF8F28F00103C5E82C
:10A00000E23F002AF7D14FF480393F4CC4F808935F
:10A01000BFF35F8FBFF36F8FFFF766FFB04271EB47
:10A02000070308F0010840D2384B301A67EB0101F2
:10A03000984271F1000148D2354BD3E902239F4287
:10A0400008BF96423AD04FF0000C26F07F4083467E
:10A0500003216FF0020EC4F84893C4F840C1D4F84D
:10A060004031DFF8B0A02BF07F43C4F84035C4F88E
:10A070004493D4F80425AEEB02035B4423F07F4302
:10A0800053451BD9D4F840315BB1D4F80425131AD9
:10A0900023F07F43B3F5000F10D9C4F840C1D4F8C2
:10A0A000403101EB020B0131DDE71B4BD3E8EF1F21
:10A0B00041F00101C3E8E21F002AF7D1144B174A0F
:10A0C000C3E902671A6000225A60B8F1000F16D087
:10A0D000D5E8EF3F43F00103C5E8E23F002AF7D19E
:10A0E0004FF48032084BC3F804230B4BD3E8AF3F47
:10A0F000DB0742BF4FF48002094BC3F80021BDE8E3
:10A10000F88F00BF80330021006001410100800012
:10A11000E8190021FDFF7F007C330021959E01019D
:10A1200000E100E070B54FF0FF3000254FF0FF3147
:10A13000164C174B0226C4F80833C4F84833154BA5
:10A14000C4F80855C3E902014FF480334FF480028C
:10A15000C4F80433104B0121C4F804631620C3F87B
:10A1600080212A46FDF7C2FF1620FDF78FFF01234D
:10A170000A4AA3600021236009481360FFF736FFF5
:10A180003046FFF7DBF8284670BD00BF0060014194
:10A1900003000F00E819002100E100E080330021F6
:10A1A000FFFF7F00431C10B50F4C05D08442A8BFB1
:10A1B0000446012CB8BF0124FFF796FE0B4AD2E9F2
:10A1C0000031C01AB0F5000F074A0AD2204490426D
:10A1D00028BF1046BDE81040C01841F10001FFF74C
:10A1E00005BF1046F6E700BFFFFF7F00F81900210A
:10A1F00008B5FFF779FE024B1B68C01A08BD00BF07
:10A20000F819002102460B46014802F023BE00BFA8
:10A2100010020021014802F0E5BE00BF100200213B
:10A22000F0B506468BB00D462648274903F07CFB67
:10A2300005A8F8F796F8254807F0BBFB00283BD0A7
:10A24000234B02A80293E6F727FF002837D14FF0EF
:10A25000FF304FF0FF31FFF7D5FF044638B91D49F5
:10A260001D48E6F767FA044620B1FFF7D3FF204602
:10A270000BB0F0BD41F64C5703A80397ECF7A0FDD7
:10A2800020B1FFF7C7FF6FF08504F0E7012301A8B5
:10A290008DF80430F9F75CFC0028F2D104A804978B
:10A2A000ECF796FD0028ECD1FFF7B4FF33690B48BB
:10A2B0001D60FEF769FEDAE76FF01204D7E76FF072
:10A2C0001504D4E78C330021BD0B02015C1E020192
:10A2D000E1A20101081A0021ADA4010181A401013C
:10A2E00003460A4610B5114881680C6864B91049E4
:10A2F0006623104A104805F0C8FE104805F0C5FE58
:10A3000066210C4805F0B8FE1946A04768B10C4913
:10A310004FF436730B4A084805F0B7FE0A4805F0BB
:10A32000B4FE4FF436710748ECE710BD5C1E020125
:10A330007E3402014A340201BC2502019E3402012E
:10A34000B3250201C4340201FD3402017FB53A484D
:10A35000E6F7D4F80446002869D10325E6F72CFA7D
:10A36000E6F736FAE6F740FAF7F7FDFFF7F7FFFFF3
:10A37000F7F7FFFFF7F7F9FFF7F7F9FFF7F7F9FF3F
:10A38000F7F7F9FF0121204601AA8DF80450E6F7FE
:10A39000FDF800284ADB01260221204601AA8DF89B
:10A3A0000460E6F7F3F8002840DB08230721204685
:10A3B00001AAADF80430E6F7E9F8002836DB4FF0E3
:10A3C0001B13019340F203232946204601AAADF84E
:10A3D0000830E6F7DBF8002828DB0421204601AA34
:10A3E0008DF80460E6F7D2F800281FDB1F23062152
:10A3F000204601AAADF80430E6F7C8F8002815DBBE
:10A400000521204601AA8DF80450E6F7BFF8002880
:10A410000CDB41F2BE4398420CD984F31188BFF3A0
:10A420006F8F0423184602DF6FF00B0004462046AE
:10A4300004B070BD2046F9E7150B020108B50A49C2
:10A440000A4807F020FB00280CDA09492F23094AA3
:10A45000094805F01AFE094805F017FE2F210548A6
:10A4600005F00AFE08BD00BF8C330021C82E002174
:10A47000ED39020137350201BC25020160350201C8
:10A48000094B93F84730042B02D1810709D4704758
:10A49000022B02D1020704D47047082B03D1830694
:10A4A00001D5FFF7CBBF70473834002170B53A4C67
:10A4B00094F84730E3B194F84730042B3FD120782B
:10A4C0003E2827D0FF282BD0002563780233472B66
:10A4D00058D800220023294606F057F9064610BB3B
:10A4E000BDB1002384F84730BDE87040FFF7A6BF38
:10A4F0004FF0FF304FF0FF31FFF784FE48B92046A0
:10A5000004F1470100F094FB0546FFF783FE002DA0
:10A51000D1D070BDA578022D14BF00250125D4E748
:10A52000A578822DF8E762781B4902320C3006F0DC
:10A53000DCF83146194B1B6819489847D1E7022BC4
:10A5400014D1002200230820FEF7FEFC0546002857
:10A55000DFD062880432472A14D80F4905F10C0075
:10A5600006F0C3F80D4B29461B68E5E7082BB8D168
:10A57000002200232020FEF7E7FC62880546002821
:10A58000E8D1C6E7002383F31188BFF36F8F04235C
:10A59000184602DFA5E700BF3834002188330021C8
:10A5A000B01E02012DE9F3418A4C07462678058842
:10A5B000002E40F0378304238DF80730864BD3F804
:10A5C0000080B8F1000F19D1B5F5105F4FEA95235F
:10A5D0000FD2002B63D0013B072B00F2E682DFE8AD
:10A5E00013F03200E4024A00AB00E900E402E402A6
:10A5F000FF003F2B00F03F82012079E20DF10603BE
:10A600000DF10702611CC0470128DDD09DF806301E
:10A6100013B9012840F0FA820F2363700423A3705A
:10A620000123E0702371A4F805500123237040F644
:10A6300035439D4203D1A379002B00F0F182002025
:10A6400002B0BDE8F081384640F2064230F9033BE3
:10A6500093420AD040F21D42934209D0012040F2B9
:10A6600006439D4200F0B08236E1EBF745FDF6E788
:10A67000EBF7DEFDF3E7384640F6354130F8032BC3
:10A6800013B28B421DDC40F62C418B4209DC40F6B4
:10A690000142934224D040F60342934224D0012049
:10A6A00020E0A2F62D43082B00F27F82DFE813F0B2
:10A6B0001F007D027D027D0228007D022B007D02AD
:10A6C0002F0040F67B42934224D040F67C429342D6
:10A6D00029D040F663429342E1D1E6F7DBF801E08E
:10A6E000E6F7C6F801266FE2F7F732FEFAE79DF8C3
:10A6F00007303A4903338DF80730F8F768FEF1E781
:10A70000EBF7B4FCEEE706F08CFAC0B2EAE7EBF741
:10A71000DBFCE7E79DF80730304904338DF807305C
:10A72000F9F76FF9DEE79DF807302C4902338DF811
:10A730000730F9F789F9D5E73B88A3F58053013B4A
:10A74000082B00F23282DFE813F0090012001C002F
:10A75000300230023002300230022C009DF8073007
:10A760001E4808338DF80730F8F71FFEBAE79DF84A
:10A7700007301A4840338DF8073006F021FA0020E0
:10A78000B0E700229DF8073008338DF80730134BEF
:10A790001A605A60E37A23F0600343F06003E372C7
:10A7A000EDE79DF807300D4806338DF80730F8F7D0
:10A7B00066FE97E741F205433A889A427FF46FAF0D
:10A7C0009DF8073005490333F81C8DF80730F9F779
:10A7D0007DF987E7803400219C33002187340021F4
:10A7E000384642F24E0130F8033B1AB28A4257DC37
:10A7F000B2F5005F58DDA3F50053013B4D2B53D854
:10A80000DFE813F0540070007900520082008500E8
:10A8100088009100940097009D00A000A300A6006E
:10A82000A900B200B500B800BB00BE00C100CA005C
:10A83000CD00D600DF00E200EB00F4005200520031
:10A840005200520052005200520052005200520078
:10A85000060109010C010F015200520018011B01F1
:10A8600052001E0127012A015200520052005200DC
:10A870005200520052005200520052005200520048
:10A880005200520052005200520052005200520038
:10A8900052005200520052002D0152005200360167
:10A8A00042F27C039A4247D0012001E0E5F7FCFF29
:10A8B00042F264039D4200F0878142F264039D42AC
:10A8C00000F2988142F219039D4200F2898142F21E
:10A8D0000C039D4200F27D8140F21D439D4200F039
:10A8E0007381FFE69DF80730B14803338DF80730D8
:10A8F000EBF7F8FBDCE79DF80730AD4808338DF83F
:10A900000730F8F78BFFD3E7F8F7D6FDD0E7ECF781
:10A91000E7F9CDE79DF80730A54801338DF80730FA
:10A92000F8F781FDC4E7F9F706F8C1E7F8F7DEFFAD
:10A93000BEE7F9F725F8BBE7F9F71AF9B8E7EBF73F
:10A9400053FDB5E7F8F766FEB2E7ECF701F8AFE7BD
:10A95000ECF764F8ACE79DF80730954801338DF8C3
:10A960000730F8F76EFCA3E7F8F772FCA0E7F8F7FA
:10A97000BAFC9DE7F8F7D3FC9AE7F8F776FE97E77D
:10A98000F8F7E6FE94E79DF80730894907338DF81C
:10A990000730F8F79FFD8BE7F8F730FF88E79DF861
:10A9A0000730834910338DF80730F8F747FD7FE70C
:10A9B0009DF807307E4808338DF80730F8F701FD21
:10A9C00076E7F8F773FF73E79DF8073078490233AD
:10A9D0008DF80730F8F7F5FF6AE79DF807307449FE
:10A9E00002338DF80730F8F7FDFF61E79DF8073077
:10A9F000002008338DF80730FF233F22E3712372D4
:10AA0000A372E3720323627223736073A0734FE730
:10AA1000F8F72CFC4CE7F8F74CFC49E7F8F7B3FCE7
:10AA200046E79DF80730624801338DF80730F8F7A4
:10AA3000B8FC3DE7F8F797FC3AE7F8F78BFC37E707
:10AA40009DF807305A4904338DF80730F8F778FD40
:10AA50002EE7EBF7C1FB2BE7F8F7B1FD28E79DF8F0
:10AA60000730534802338DF80730F8F7CBFC1FE767
:10AA7000F8F74FFD1CE738464FF60B4230F8033B22
:10AA8000934211D8B3F57C4F7FF6B6ADA3F57C4366
:10AA9000013B0A2B00F28980DFE803F02230878730
:10AAA00087578787454E5A0003F2FD2292B21C2A2F
:10AAB0003FF6A2ADA3F57D43033B1C2B75D8DFE821
:10AAC00003F0507453747474567474595F747474CE
:10AAD000745C7462746B747474746E7474747100E6
:10AAE0009DF8073032480C338DF80730F7F745FCF6
:10AAF0004FF6025225F008039342F0E600209DF83D
:10AB0000073040338DF80730294B1880E37923F064
:10AB1000230343F02303E371237A23F0070343F075
:10AB200007032372E4E79DF80730214817338DF8B7
:10AB30000730F7F73DFCDBE79DF807301C48203372
:10AB40008DF80730F7F758FCD2E7F7F72FFCCFE77F
:10AB50009DF80730164801338DF80730F7F769FC88
:10AB6000C6E7F8F7F5FFC3E7ECF72AF9C0E7F7F710
:10AB700076FCBDE7F8F7D5FFBAE7ECF729F9B7E7B8
:10AB8000F7F771FCB4E79DF80730094904338DF8F5
:10AB90000730F7F76EFCABE7ECF722F9A8E7ECF724
:10ABA0002BF9A5E7F8F748FDA2E7012085E600BFED
:10ABB00087340021A5F50153283B1C4A9BB222FA99
:10ABC00003F3DB077FF58EAD86F001068DF8066096
:10ABD0001CE5A5F500530D3B41F241229BB2EEE787
:10ABE00042F232039D42EFD0A5F50153033B012B06
:10ABF000EAD977E542F285039D423FF679AF42F20A
:10AC000067039D42D6D842F2660367E69DF8073097
:10AC10000E22A37001236270E370A580A07104E589
:10AC200023700CE54FF0FF300AE500BF2F80402075
:10AC300038B5094C0D4623781BB9BDE83840F7F705
:10AC40008ABDA278611C023206F0FAFF00200423BC
:10AC500020702B7038BD00BF803400211FB5002349
:10AC60000A2201930293CDF80B300091014601A80E
:10AC700007F00DF840F24D13074A0849084805F05F
:10AC800004FA084801A9009A05F0FFF940F24D11B5
:10AC9000014805F0F1F900BF8E350201ED390201DE
:10ACA000BC250201BB35020137B51022174B1848ED
:10ACB000C3F82025F4F7B2FE32230125ADF80430A5
:10ACC00000231A216846134A8DF80630ADF800506B
:10ACD0008DF80230F6F710FF044698B905F09FFD95
:10ACE00080B2F4F73FFF2A4621460C20FDF7FEF91B
:10ACF0002A4621461120FDF7F9F92A462146082067
:10AD0000FDF7F4F9204603B030BD00BF002001413B
:10AD1000102001415DAC010108B54FF0FF304FF04C
:10AD2000FF31FFF76FFA48B107490848E623084AA0
:10AD300005F0ABF9E621064805F09EF9FBF79DFE0C
:10AD4000BDE80840FFF766BAD2350201BC25020112
:10AD50008E35020108B50A490A4806F094FE00281B
:10AD60000CDA09492F23094A094805F08EF90948E8
:10AD700005F08BF92F21054805F07EF908BD00BFCD
:10AD8000A0330021C82E0021ED3902013735020120
:10AD9000BC2502016035020113B500246FF00903E0
:10ADA0004FF480620A490B48009402F045FF0A49BB
:10ADB000084806F07EFE0949094802F0B5FD224622
:10ADC00004211A20FDF792F9204602B010BD00BF01
:10ADD000D0400021C82E0021DF35020119AD01014C
:10ADE000A033002110B9024B1B681847704700BF01
:10ADF000B033002110B538B101280BD1BDE81040A7
:10AE000000200B49F4F7D4BD0A4B0120BDE81040E7
:10AE10001B68184708494C23084A094805F035F9CA
:10AE2000084805F032F94C21044805F025F900BF27
:10AE3000E5AD0101B0330021ED390201E935020130
:10AE4000BC2502012636020108B598B1012804D1BB
:10AE5000BDE808400020F4F7C7BD07495F23074A53
:10AE6000074805F012F9074805F00FF95F2103487C
:10AE700005F002F908BD00BFED390201E935020114
:10AE8000BC25020126360201014B186000207047E4
:10AE9000B03300210022D30003F1FF7303F58033A8
:10AEA000D3F80013013107D0D3F800130132D3F8DF
:10AEB0000433202A0B60EED11E4BD3F83021072A31
:10AEC0000DD1D3F83431022B09D11B4BD3F8002418
:10AED000D00742BF0022C3F81421C3F81821154B34
:10AEE000D3F83021072A1FD1134AD2F80014C9071A
:10AEF00044BF6FF00101C2F80014D3F83431023BB3
:10AF0000022B11D97F230D4A0D49C2F818310023B5
:10AF1000C1F8043EC1F8083EC2F82431C2F82C3111
:10AF200002F57F22C2F81031064B1A68064BC3F8AF
:10AF3000442570470000FF010050004100200041FF
:10AF4000000008410080FF0100600041014B1860D3
:10AF5000704700BFB433002110B50B4B144618687E
:10AF600058B90A490A4840F2F3130A4A05F08DF825
:10AF700040F2F311074805F07FF805F09DFE002828
:10AF8000A4BF2070002010BDB4330021733602012D
:10AF9000BC250201363602010123024A8340C2F871
:10AFA0000435704700F00041034A4309D35C00F0C8
:10AFB0001F001844C0B270470B45020110B504468B
:10AFC0000846FFF7F1FF04EB4000838ADA051CD541
:10AFD000C3F3432123F4F853838204F1120204F1F2
:10AFE000720032F8023F13F4807F03D0C3F343238F
:10AFF00099420AD09042F4D1002204EBC1035A6076
:10B0000004F1780005F072FE00B910BD054906484C
:10B010004FF4DB73054A05F038F84FF4DB71034851
:10B0200005F02AF8B3250201BC2502018936020188
:10B0300008B502680146104605F096FE58B9104959
:10B040004FF482630F4A104805F01FF84FF48261F5
:10B050000C4805F011F802F01F0352090B600BD0E9
:10B06000012A0BD0094940F21943064A064805F067
:10B070000CF840F21941EBE7054808BD0548FCE72C
:10B08000B733020184330201BC250201ED3902010C
:10B0900000058C4100088C41072808B50BD90849E8
:10B0A000084840F2A733084A04F0EFFF40F2A73106
:10B0B000054804F0E1FF800000F5807008BD00BF86
:10B0C000FC360201BC250201C7360201024611F01E
:10B0D000010030B511D18B07C1F3400019D50D49DE
:10B0E000086A50600C4A0862D2F83021072A08BF6B
:10B0F0000A6A003818BF01200BE0084C064D236A8D
:10B1000013602362D5F83051072D08BF246A002B45
:10B11000E1D030BD00088C410000FF0100058C41EA
:10B12000F7B504460846FFF73FFF04EB4006B38A35
:10B130000D46DB072AD5204605F009FF29462046A3
:10B1400005F024FE50B1204605F04FFE002327688D
:10B1500007EB8000C0F81035C0F8103520460024F9
:10B160002946FFF72BFFB48201A80195FFF760FF86
:10B17000019B00EB8300D0F80022064B134043F004
:10B180000203C0F80032204603B0F0BD6FF0150096
:10B19000FAE700BFF0F0FCFF2DE9F0430E4617463A
:10B1A000044685B058B95A495A4840F25E435A4A53
:10B1B00004F06BFF40F25E41574804F05DFF084623
:10B1C000FFF7F2FED7F800800546B8F1000F19D05E
:10B1D000204605F0FFFD18BB4346CDE900008DF881
:10B1E0000E008DF80F000DF10F0230460DF10E012B
:10B1F00005F024FE04EB4502938A23F0020343F09A
:10B20000010393827B689BB33146204693F800800C
:10B21000D3F8049005F0D3FD28B1B9F1000F1FD089
:10B220006FF0150027E004EB4500838A23F46043A8
:10B2300023F020038382B9F1000F11D0B8F1030F7E
:10B24000EED87B6821685B6893F800C04FEA8C03F6
:10B250001944B8F1000F11D1C1F81085C1F810855B
:10B2600004EB4502938A23F01C0343EA880393828C
:10B27000BB6843BB002005B0BDE8F083D1F81025C2
:10B2800022F00302C1F8102522681344D3F81025D8
:10B2900022F44F3222F44072C3F810253202D3F860
:10B2A000101502F47C5242EA08420A43C3F8102502
:10B2B00004EB4C03A3F87C60838A43EA4C3343F0ED
:10B2C00020038382CCE73146D3E900782046FFF79C
:10B2D00075FE002FCED063689F4206D004F178003F
:10B2E00005F0EAFC002804DAC5E7A3689845F5D123
:10B2F000002004EBC003C3E9017804EB4505AB8AE9
:10B30000C0B243EA402343F48073AB82B2E700BF8C
:10B3100006370201BC250201893602012DE9FF41F1
:10B320000C4616461F46054658B93C493C484FF462
:10B330008D633C4A04F0A9FE4FF48D61394804F056
:10B340009BFE0846FFF730FE804616B3284605F000
:10B3500036FD18B9284605F019FD08BB21462846D8
:10B3600005F01FFD10B17378012B19D001238DF862
:10B370000F300023721CCDE900632046B31C0DF191
:10B380000F0105F05BFD05EB4802938A43F00303D0
:10B390009382002F3FD02146284605F010FD20B9AA
:10B3A0006FF0150004B0BDE8F08100223E782B68F4
:10B3B00005EB480003EB8603C3F81025C3F81025FE
:10B3C000838A4FEA860C23F4604323F020038382B0
:10B3D000797801B32A68BF786244D2F8103509043D
:10B3E00023F4991323F4F853C2F81035230201F41F
:10B3F000403103F47C530B433905D2F8105501F466
:10B4000080110B432B43C2F81035838A43EA46333D
:10B4100043F0200383820020C4E700BF0637020107
:10B42000BC2502018936020108B558B90749084808
:10B4300040F27143074A04F028FE40F2714105488A
:10B4400004F01AFEC0E9031208BD00BF063702016E
:10B45000BC2502018936020170B51546044658B96B
:10B46000134940F27A43134A134804F00EFE40F2A7
:10B470007A41104804F000FE4AB9104940F22333E3
:10B480000C4A0D4804F001FE40F22331F1E705F0CB
:10B490007DFC48B10846FFF787FD04EB400400201F
:10B4A000A38A5B0B2B7070BD6FF01500FBE700BF2C
:10B4B0000637020189360201BC250201113702015B
:10B4C00070B5044658B9164916484FF49163164AA8
:10B4D00004F0DBFD4FF49161134804F0CDFD90F8CA
:10B4E0008C50D5B960222946143006F0B6FB266888
:10B4F000E8B20135FFF7D0FD082DF9D1002546F35C
:10B500000730C6F87C51D6F87C31FCF7BFFD01232B
:10B51000284684F88C30A36770BD6FF07700FBE796
:10B5200006370201BC2502018936020108B558B967
:10B530000849094840F28F43084A04F0A6FD40F24A
:10B540008F41064804F098FD90F88C00003818BF31
:10B55000012008BD06370201BC250201893602011F
:10B5600008B558B90749084840F29D43074A04F016
:10B570008CFD40F29D41054804F07EFDBDE8084089
:10B58000FFF7CEBD06370201BC2502018936020154
:10B5900008B558B90849094840F2A443084A04F0DC
:10B5A00074FD40F2A441064804F066FD0548BDE87C
:10B5B000084005F09BBB00BF06370201BC25020115
:10B5C00089360201AC01002110B50C4658B90A4970
:10B5D0000A4840F2AB430A4A04F057FD40F2AB413F
:10B5E000074804F049FD074805F066FB0028A4BFA2
:10B5F0002070002010BD00BF06370201BC250201EB
:10B6000089360201AC0100212DE9F3410D461646B1
:10B61000044658B938494FF4A563384A384804F00D
:10B6200034FD4FF4A561354804F026FD05F0B9FB63
:10B6300048B9344940F23543304A314804F025FDD9
:10B6400040F23541EFE7204605F0A0FB2768F8B14E
:10B65000204605F0B4FB8046D0B9204605F0C5FB76
:10B660000546FFF719FD47F800803B58236803EBB8
:10B670008503D3F8102542F00102C3F8102526B146
:10B6800001232268AB40C2F8043302B0BDE8F08168
:10B69000D7F80433002BA4BF4FF00043C7F804339E
:10B6A0004EB9194940F24F43144A154804F0EDFCD5
:10B6B00040F24F41B7E72846FFF776FC04EB400421
:10B6C000A38AC3F38203042B11D0052B11D001A848
:10B6D0000195FFF7ADFC019B0169D94001F0010123
:10B6E0000231284602B0BDE8F04105F0F4BB032169
:10B6F000F7E70221F5E700BF0637020189360201AC
:10B70000BC2502011B3702013C37020108B558B9BC
:10B710000749084840F22F53074A04F0B6FC40F2AC
:10B720002F51054804F0A8FCBDE8084005F00FBC07
:10B7300006370201BC250201893602012DE9F04FCE
:10B7400007468BB058B97049704840F25C63704A44
:10B7500004F09BFC40F25C616D4804F08DFC804677
:10B7600058F804AB0822DAF804135046C9B241F085
:10B77000004105F0BFFB051E2FDA0023032108A8B6
:10B78000CDE90833FFF7A2FC4FF0000B614B0DF140
:10B7900020090293029A604912F8013B0292DA08EA
:10B7A0008A5C03F0070322FA03F3DB071BD40BF1D7
:10B7B0000103022B4FF0010B09F10409EAD14FF00C
:10B7C00000410022504605F095FB032108A8FFF731
:10B7D0007DFC0028D8D125F000450124002D7DD125
:10B7E0000BB0BDE8F08F4D4B5B440393D9F80010CC
:10B7F0000029DCD091FAA1F1B1FA81F1039B1C7808
:10B8000041EA44142046FFF7CFFB07EB4000828A51
:10B81000C808C2F38203CDE904230193012319F878
:10B82000006001F0070103FA01F126EA010109F8BD
:10B83000001007A80794FFF7FBFB0799049A8031D3
:10B8400050F8216012F0100F059BC6F301462CD072
:10B8500021464046019A05F0D2FA07A80794FFF75F
:10B86000E7FB079BF6B2803350F82330C3F3014364
:10B870009E4207D10021204605F02DFB314620468F
:10B8800005F029FB07A80794FFF7D2FB0122079BCD
:10B8900002FA03F30362224BD3F83031072B01BFC6
:10B8A000036A036A036A036AA0E7022E14BF022137
:10B8B00003212046049305F00EFB049B032B03D0C9
:10B8C000022E07D1012BDDD121464046019A05F019
:10B8D00096FAD7E7032ED5D1022BF4E795FAA5F314
:10B8E000B3FA83F304FA03F225EA020503F5A27220
:10B8F0005AF8222007EB43034046B3F87C10C2F30A
:10B90000014205F07CFA69E706370201BC25020115
:10B91000893602011B4502010C2502011B4502016B
:10B920000000FF01F8B517460E4649B90C490D480D
:10B9300034230D4A04F0A9FB34210B4804F09CFB8E
:10B940000A4D2C7944B91220FCF7A0FB01232046B4
:10B950002B712E60AF60F8BD6FF07700FBE700BF82
:10B960000A340201BC25020147370201B833002125
:10B9700038B518B1154B1B79012B09D0144915485E
:10B980004723154A04F081FB4721134804F074FB58
:10B990000023124A50F8234003F5A2710133102B03
:10B9A00042F82140F6D100230C4A00F13C0103F596
:10B9B000B27451F8045F0133102B42F82450F6D1D1
:10B9C000D0F88030C2F8043338BD00BFB83300214E
:10B9D00082370201BC2502014737020100200141E4
:10B9E00008B5094B1B79012B09D008490848762373
:10B9F000084A04F04AFB7621064804F03DFB064A5B
:10BA00008340C2F8043308BDB8330021B9370201BE
:10BA1000BC250201473702010020014108B5094B4E
:10BA20001B79012B09D0084908487E23084A04F0F5
:10BA30002CFB7E21064804F01FFB064A8340C2F817
:10BA4000083308BDB8330021B9370201BC25020113
:10BA50004737020100200141F8B501260027124BAB
:10BA6000124DD3F80C4304B9F8BD94FAA4F0B0FA1F
:10BA700080F006FA00F30F2824EA03040BDD0C49DA
:10BA80000C4840F217230C4A04F0FFFA40F2172149
:10BA9000094804F0F1FA094B82009F502B68002BF3
:10BAA000E1D0A9689847DEE700200141B8330021C2
:10BAB00014380201BC250201E237020100210141D4
:10BAC0002DE9F0410E4617460C4D55F81C4FAC427F
:10BAD00003D16FF01200BDE8F081314654F8440CF8
:10BAE000A4F14408FAF7DEFF30B9C7F800804046F9
:10BAF000BDE8F04105F01DBB2468E8E7C433002130
:10BB000010B5D0E909124A60416A00F124031160BE
:10BB1000C0E909334368044603B19847054A93686E
:10BB200033B11279062A03D90720226802499847BF
:10BB3000002010BDC43300211F3802012DE9F0415F
:10BB400007460D460B4E56F80C4FB44202D16FF02B
:10BB500001000AE0394654F8240CA4F12408FAF74D
:10BB6000A1FF20B91DB1C5F80080BDE8F0812468AF
:10BB7000EBE700BFC433002138B5044600B30068CA
:10BB8000F0B10378E3B10021FFF7D8FFD8B104F199
:10BB90001C03C4E907330D4B04F12402196903F1B6
:10BBA0000C00A16260621A610A609D6835B11B7960
:10BBB000062B03D9072022680549A847002038BD75
:10BBC0006FF01500FBE76FF01000F8E7C4330021B9
:10BBD0002138020138B5124C0546216819B1002000
:10BBE0000131216038BD2422204606F036F82B684A
:10BBF0002846A3602B79237104F10C03C4E90333B5
:10BC000004F11403C4E9053304F11C03C4E9073348
:10BC100000F01AF80028E5D1236801332360E1E73A
:10BC2000C433002138B5074D2C68013C2C6044B961
:10BC300000F012F821462846BDE83840242206F0DC
:10BC40000CB838BDC433002108B50248FFF794FF93
:10BC5000002008BDB00100210148FFF751BF00BF1F
:10BC6000B00100210EB4431E062B33B588BF00205F
:10BC7000094B05AC54F8045B53F82010074804F056
:10BC8000EEF9214628460194FBF7C4F802B0BDE85E
:10BC9000304003B0704700BF102502013C3802015C
:10BCA0002DE9F04F87B017469B460446DDF840A0CB
:10BCB00000284BD0056A35B12D6825B1AC4607B0D8
:10BCC000BDE8F04F6047E36A9F4242D80026BE427B
:10BCD00003D1002007B0BDE8F08F182303FB06F85E
:10BCE000D4F83090A26909EB08052B1D0593CAB959
:10BCF000686969680368B5F80CC0C91AAB680CF1CB
:10BD0000030E5D1E05EB0C155B4205EB4E051D4059
:10BD100005EBCC0385680633A94228BF4FF0FF31FD
:10BD200005F0D3F959F8083020460293236AB1B2DE
:10BD30009B6A01935AF8263000935BF82620059BF6
:10BD400005F03CFA0028C5D10136C0E76FF01500B8
:10BD5000C0E70148BEE700BF40F4FFFF10B504464E
:10BD600090B1028D43899A4209D0084A936833B151
:10BD70001279032A03D942680549042098472046CE
:10BD8000BDE8104005F054BF10BD00BFC433002112
:10BD9000D738020130B544898C4212D9436A013C3C
:10BDA0005D882C4003EBC40359609A60BFF35B8F3E
:10BDB000426A538801335380438D01334385002009
:10BDC00030BD0148FCE700BF41F4FFFF70B4039EA3
:10BDD000144658B1006A48B143B1013406D0002E70
:10BDE00004DBC46F14B1A44670BC6047014870BC4A
:10BDF000704700BF2DF8FFFF70B4039E144660B17A
:10BE0000006A50B14BB1013407D0002E05DBD0F8E9
:10BE10008C4014B1A44670BC6047014870BC7047A8
:10BE20002DF8FFFF2DE9FF47DDF834800E469146DF
:10BE30009A460546002876D0002974D0B8F1000F44
:10BE400071D001F16407384605F022FBBAF1FF3FDB
:10BE500049D1346E06F1500204F18000844204F0AE
:10BE60001F0C07D2C4F3411152F8211021FA0CF132
:10BE7000C90736D4012104F07F04600952F820304C
:10BE800004F5806A01FA0CF104F201440B4304F05A
:10BE90007F0442F8203034666B6C4A4603930E9B55
:10BEA0002946CDE901830C9B30460093534605F0AB
:10BEB0008EFB384601F0D2FA2C7874B196F89C408B
:10BEC0005CB1AB6A013330D10021284605F01FFB7D
:10BED000044610B1284605F0F0FA204604B0BDE84B
:10BEE000F0870134BAE7BAF5806FD5D3AAF580633D
:10BEF0007F2B06F150010FD8580951F8204003F06C
:10BF00001F0324FA03F2D2070BD4012202FA03F32F
:10BF1000234341F82030BFE7054C384601F09EFA34
:10BF2000DBE7044CF9E7024CD7E70024D5E700BF74
:10BF30002DF8FFFF29F8FFFF08B583681A0C0AD116
:10BF4000094A93682BB11279022A02D903200749C2
:10BF50009847002008BDA3F580338360180CB0FA21
:10BF600080F04009F6E700BFC4330021F938020130
:10BF700038B50446E8B100F16405284605F078FBC1
:10BF8000D4F8AC309B692BB9D4F8A040103C002CFD
:10BF900003DC01E0012B05D0074C284605F066FBC9
:10BFA000204638BDD4F8B40005F05AFAA0F11004C8
:10BFB000EDE7024CF4E700BF2EF8FFFF2DF8FFFF7E
:10BFC00038B50446E8B100F16405284605F050FB99
:10BFD000D4F8AC309B692BB9D4F8A440103C002CA9
:10BFE00003DC01E0012B05D0074C284605F03EFBA1
:10BFF000204638BDD4F8B00005F032FAA0F11004A4
:10C00000EDE7024CF4E700BF2EF8FFFF2DF8FFFF2D
:10C010002DE9F041A3F1100853F8087C002388B003
:10C020000693ADF81E301023CDE904120E9D044690
:10C03000D0F8B800ADF81C5001688668A8EB010183
:10C04000B14228BF4FF0FF310DEB030205F004F8B9
:10C050001028BFB20BD024494FF4DF73234A244881
:10C0600004F013F84FF4DF71204804F005F804F1F0
:10C070006406304605F0FCFAD4F8AC309B69D3B9BD
:10C08000D4F8A020D4F8AC30D4F8B4009B69CBB974
:10C09000CDE90282CDF80080012202A905F0BBF8AB
:10C0A000B0B1144940F2C913104A114803F0EDFF32
:10C0B00040F2C911D8E73946D4F8B40005F041F987
:10C0C0000246DFE7012B03D13946FFF763FEE7E7BE
:10C0D000D4F8B40005F08EF9304605F0C7FA2846CA
:10C0E00008B0BDE8F08100BF5D3902011A390201D4
:10C0F000BC25020176390201F0B504468E680D4672
:10C10000B6B23146D0F8B00085B005F01AF9D4F8CF
:10C11000AC3007469A699AB90095CDE902500123DF
:10C12000D4F8B00002A905F076F848B10F497D2394
:10C130000F4A104803F0A9FF7D210D4803F09CFF32
:10C14000D4F8AC309B69012B0ED13A463146D4F875
:10C15000B000FFF71FFE38B104498323044A0548A5
:10C1600003F093FF8321E8E705B0F0BD82390201B7
:10C170001A390201BC2502012DE9FF4103689E6ABC
:10C1800006F16408404605F073FAD6F8AC309B69B6
:10C19000DBB9D6F8B0000DF10A0203A905F097F853
:10C1A0000446D6F8AC309B69012B07D1D6F8B00015
:10C1B00003AA0DF10A0105F0CFF804463CB9404648
:10C1C00005F054FA04B0BDE8F0810024E9E7BDF8B9
:10C1D0000A3000216268A36030464FF0FF3305F05B
:10C1E000CCF9054605F05AF9A368404603F58033BB
:10C1F000A36005F03BFAE5B1AB6A696C013308BF97
:10C200002368284608BFAB622368A28900916F6B40
:10C2100004F11001B84700280BDA1149114840F227
:10C220005A23114A03F031FF40F25A210E4803F01D
:10C2300023FF404605F01CFA284605F034F9204655
:10C24000FFF77AFE38B130462146FFF755FFD6F8A2
:10C25000B00005F0CFF8404605F008FA92E700BFBD
:10C260008B390201BC2502011A3902012DE9F04384
:10C2700085B00F46904603A90D9A0646994605F0EB
:10C28000BDFA044650B30C9D039BD6F8B8009D42FE
:10C29000A8BF1D460168D0F808C0611A614528BFD3
:10C2A0004FF0FF312B464A4604F0D6FE85420BD0B4
:10C2B0000B490C484FF405730B4A03F0E6FE4FF4AC
:10C2C0000571094803F0D8FE2346424639463046F8
:10C2D0000095FFF79DFE05B0BDE8F0830348FAE73F
:10C2E00097390201BC2502011A3902012EF8FFFF1D
:10C2F0002DE9F0478AB00D46DDE9129716469846BB
:10C30000044620B9944E30460AB0BDE8F0870029B3
:10C31000F8D0002BF6D00021A022C0F8C81005F0FC
:10C320009CFC012204F16400114605F08DFB8B4B4F
:10C33000C4F8AC506667AC62E367894BC4F88030E0
:10C34000884BC4F88430884BC4F88830874BC4F8D5
:10C350008C30874BC4F89030864BC4F89430864BB1
:10C36000C4F89830AB693BB9002FCBD097E80700F1
:10C3700004F1A00383E80700AB69012B04D02B6A0A
:10C3800003BB6FF00506BEE7D4F8AC00002800F050
:10C39000E080036A002BF4D09B68002BF1D0984713
:10C3A00042060CD50021D4F8AC0005F04FF9064642
:10C3B0000028A8D10021212002F0CEFBE4E74307AA
:10C3C000F8D5DCE71B69002BDBD028469847AB6922
:10C3D000012B04BF0023286100F0010008BF6B613E
:10C3E00084F89C00AB69DBB93B7A002B00F08380BA
:10C3F00009F10C03C4F8BC30B9F1000F82D0D9F8B0
:10C400000820002A00F0A3809B68002B00F09F808A
:10C410005A4B04935A4B05935A4B06935A4B079326
:10C42000AB69012B07D1564B0493544B0593564BE4
:10C430000693544B0793002104F1C003C4E9303341
:10C4400006ABC4F8B880022200932846019104ABE1
:10C45000FFF726FC064600287FF455AFAB693BB9D1
:10C460002B6B1B68C4F8B0302B6B9B69C4F8B430DD
:10C47000AB69012B07D12B6B9B69C4F8B0302B6BD8
:10C480001B68C4F8B430D4F8B40004F085FF2B6BFB
:10C490001B68C3F82C802B6B9B69C3F82C80D5F8E4
:10C4A00018A0BAF1000F07D1D4F8A4300993D4F83A
:10C4B000B0305B89534520D894F89C30C4E90044DF
:10C4C00063B100230293314B204601933523304A58
:10C4D0000394009304F1080105F079F8AB69002B8F
:10C4E0007FF411AF0421284605F0B0F80746002874
:10C4F0003FF409AF26E04B467CE74846D4F8A41049
:10C5000005F06DF90746E0B1D8F800100890411A1F
:10C51000D8F808000022814228BF4FF0FF31D4F83C
:10C52000A430404604F0D1FD009701230022D4F846
:10C53000B00008A904F06FFE074618B90AF1010A15
:10C54000B5E7144F284605F07AF83E46DBE6114E73
:10C55000D9E66FF01506D6E62DF8FFFF6DC2010192
:10C56000C5160201AB170201FD17020111C001013E
:10C570007D160201C1BF010171BF0101A539020190
:10C58000AB39020179C101016B160201E916020102
:10C59000B13902012EF8FFFFF0B505460E461746E9
:10C5A00087B0074A03AC07CA84E807000C9A3146F3
:10C5B000009228463A460194FFF79AFE07B0F0BD74
:10C5C000A820020138B5436905463BB90024EA6852
:10C5D0006042537843F00103537038BD98470446D6
:10C5E0000028F3D000F1FF03FE2B0ED92123094AC6
:10C5F00009490A4803F049FD29680948224603F021
:10C6000044FD2121034803F037FDEB6844421C70D0
:10C61000DDE700BFB4390201D7390201BC250201B0
:10C62000EF39020170B50446EFF31186402383F31E
:10C630001288BFF36F8F0E4B9D6805F0CDF9042C67
:10C640000CD10C4987230C4A0C4803F01EFD0C4802
:10C6500003F01BFD8721084803F00EFD86F31188C7
:10C66000BFF36F8F2846BDE87040FBF7D5BD00BF14
:10C67000E8330021363A0201143A0201BC250201D6
:10C68000533A020138B50A4B53F82040013053F8B1
:10C690002050A54200D838BD606830B1037EDB076A
:10C6A00001D4FFF78FFF0834F3E723689847FAE7D0
:10C6B00030250201012270B5374B86B003201A7075
:10C6C000FFF7E0FFFCF76CFB05F0B9FA0420FFF779
:10C6D000D9FF324C324DAC42264628D93149442349
:10C6E000314A324803F0D1FC314803F0CEFC4421FA
:10C6F0002D4803F0C1FC54F80C3C059354F8103C51
:10C70000049354F8143C039354F8183C029354F8DF
:10C710001C3C019354F8203C009354E90A2354E94B
:10C720000C0101F081FB54F8303C5E65D3E7AE426A
:10C7300004F13004DFD301F0C3FF184CAC421FD921
:10C7400018496823184A194803F09FFC184803F059
:10C750009CFC6821CCE7D4E90A23B3F1FF3F08BF72
:10C76000B2F1FF3F05D052EA0301206803D102F085
:10C7700025FA3034E2E70F49183002F04FFDF8E7B0
:10C78000E9D302F00FF803F0B4FA0B4A938923F0CF
:10C790000103938106B070BDC8340021D81F020187
:10C7A00038200201A93A0201883A0201BC2502019F
:10C7B000D63A020149E30101E82F002100230122BA
:10C7C00070B586B0CDE904230F220193CDE9023282
:10C7D00014230F4D0F4E03FB00550F4906EBC016F7
:10C7E000044601EB00214FF4807230460B4B00955C
:10C7F00001F01AFB337C2C7423F004033374084BD0
:10C80000013403EBC423EE606B6006B070BD00BF63
:10C81000E8330021682F0021D04C002131CA0101EA
:10C82000D04400217FB50020FFF72CFF344B03F5E7
:10C83000006282F3088883F30A88E023314C84F88D
:10C8400022302023E377002323766376A37684F8CF
:10C850002030626A42F4E022626284F82330FBF7FF
:10C8600081FBFBF7C3FC4FF0FF33A362E362FBF7EE
:10C87000D3FEFBF73BFD244801F080FB234B244A09
:10C8800093420ED92349CC23234A244803F0FDFBCD
:10C89000234803F0FAFBCC211F4803F0EDFB1C33C7
:10C8A000EEE7FCD3FCF774FA0120FFF7EBFE022061
:10C8B0001C4CFFF7E7FE02F02FF81B4B00255C61D4
:10C8C0001A4B4FF40062059301231949CDE9035334
:10C8D0002046184BCDE90155009501F0A5FA064612
:10C8E000237C204623F00403237401F0E7FC284650
:10C8F000FFF764FF314620460E4AFBF757FC00BFA6
:10C90000D044002100ED00E068300021081E020143
:10C91000E81E0201F53A0201883A0201BC25020133
:10C92000D63A0201E82F0021E83300210D3B020135
:10C93000D04D0021B5C6010138B50D4C0D4DAC42AE
:10C9400013D90D4925230D4A0D4803F09EFB0D48D0
:10C9500003F09BFB2521094803F08EFB2046D4E918
:10C96000011205F03CF81834E9E7F7D3002038BD90
:10C97000F8010021100200217C3B0201123B020160
:10C98000BC250201D63A0201F8B505460E4600F173
:10C990001404EFF31187402383F31288BFF36F8FE2
:10C9A000204602F0E1FB68B984231B4A1B491C485E
:10C9B00003F06BFB21461B4803F067FB84211648FC
:10C9C00003F05AFB204602F0F3FB2846314603F001
:10C9D000A8FA05F10C0001F057FF28B139462046AE
:10C9E000BDE8F84005F0AAB8204602F0CBFB68B9D4
:10C9F0004FF49973084A0C49094803F046FB214655
:10CA00000A4803F042FB4FF49971D8E787F3118885
:10CA1000BFF36F8FF8BD00BF65280201BE28020179
:10CA2000BC250201D328020192280201A928020193
:10CA300008B50D4B9B6893F90E30002B09DB4024A1
:10CA4000EFF3118384F31288BFF36F8F03F0E8FDD7
:10CA5000F6E7064906481C23064A03F016FB1C218C
:10CA6000044803F009FB00BFE8330021B63B020194
:10CA7000BC250201953B020108B583684BB90B49FF
:10CA80000B48A4230B4A03F000FBA421094803F040
:10CA9000F3FAD0E9003213605A600023027CC0E947
:10CAA000003322F002020274836008BD093C0201D7
:10CAB000BC250201DE3B02012DE9F74F0446884602
:10CAC00092461E469DF83090EFF3058373B152EA0B
:10CAD00006030BD05E4999235E4A5F4803F0D5FAFE
:10CAE0005E4803F0D2FA99215A4819E004F108058A
:10CAF000EFF311874FF0400B8BF31288BFF36F8F6A
:10CB0000284602F031FB68B98423554A55495248FA
:10CB100003F0BBFA2946544803F0B7FA8421504881
:10CB200003F0AAFA284602F043FB626A23699A429C
:10CB300076D2EFF311838BF31288BFF36F8F83F3F9
:10CB40001188BFF36F8F5BB94849BB23484A4248FD
:10CB500003F09BFA414803F098FABB214448DFE711
:10CB60002668B44219D0C6B13046FFF785FF06F1FA
:10CB7000180002F02FFCE26800244146706905F0BD
:10CB80005FF83046B46701F099FB3946284604F057
:10CB9000D5FF204603B0BDE8F08F206A6669B04239
:10CBA00007D3A3695A1E904203D8E268191A91422A
:10CBB00007D23049B423274A274803F066FAB42144
:10CBC00092E7B9F1000F21D0414605F039F8236A08
:10CBD000E2681344A2692362934201D1636923622C
:10CBE000636A013363620024284602F0CBFA50BB2B
:10CBF0004FF499731A4A2049174803F046FA294618
:10CC00001E4803F042FA4FF4997188E7E1698E42B9
:10CC100018BF0B46981A4146E06105F011F8DFE7AE
:10CC20005AEA06030CD0164B22469B683946C3F8D5
:10CC300014802846CDE900A601F0CEFB0446A8E703
:10CC40006FF02204D0E787F31188BFF36F8FA0E75E
:10CC5000343B0201203C0201BC250201793B020168
:10CC600065280201BE280201D3280201423C0201CC
:10CC7000DE3B02015A3C020192280201A92802016E
:10CC8000E83300212DE9F7430446884617461D4640
:10CC9000EFF3058383B152EA05030DD060494FF4E9
:10CCA0009773604A604803F0F0F9604803F0EDF9CB
:10CCB0004FF497715B4818E004F10806EFF311890F
:10CCC000402383F31288BFF36F8F304602F04CFA93
:10CCD00068B98423564A5749534803F0D6F9314678
:10CCE000554803F0D2F98421514803F0C5F9304684
:10CCF00002F05EFA636A002B67D0E2684046E169A1
:10CD000004F09EFFE369E2681344A269E361934281
:10CD100004BF6369E361636A013B6362EFF31183FC
:10CD2000402282F31288BFF36F8F83F31188BFF321
:10CD30006F8F5BB94149BB23414A3B4803F0A5F9DA
:10CD40003A4803F0A2F9BB213D48CEE72568AC4242
:10CD50004BD0002D4AD02846FFF78EFE05F1180073
:10CD600002F038FB206A6369984207D3A3695A1E10
:10CD7000904203D8E2681B1A934209D231494FF41A
:10CD8000A473284A284803F080F94FF4A47191E76E
:10CD9000696904F055FF236AE26828461344A269D2
:10CDA0002362934204BF63692362636A013363624F
:10CDB0000024AC6701F082FA4946304604F0BEFE1A
:10CDC0002546284603B0BDE8F08357EA05031FD087
:10CDD0001D4B22469B684946C3F814803046CDE976
:10CDE000007501F0F9FA0546EBE70025304602F040
:10CDF000C9F980B94FF499730D4A14490A4803F0F0
:10CE000044F93146124803F040F94FF499716BE749
:10CE10006FF02205EAE789F31188BFF36F8FD0E73F
:10CE2000343B0201203C0201BC250201793B020196
:10CE300065280201BE280201D3280201423C0201FA
:10CE4000DE3B02015A3C0201E83300219228020134
:10CE5000A92802012DE9F341044617461E46EFF3C7
:10CE6000058565B154497323544A554803F00DF9BB
:10CE7000544803F00AF97321504803F0FDF8EFF32A
:10CE80001188402383F31288BFF36F8F4E4802F05E
:10CE90006BF960B984234D4A4D49494803F0F5F8D0
:10CEA00049494C4803F0F1F884214848E5E74648F1
:10CEB00002F07EF9484BE2689B6892B1A068984204
:10CEC00027D057EA06022CD13F4802F05BF990B117
:10CED00088F31188BFF36F8F6FF00F0002B0BDE8C9
:10CEE000F08193F90E100132C4E902323648216113
:10CEF00002F048F978B94FF49973344A3749304809
:10CF000003F0C3F83049364803F0BFF84FF4997185
:10CF1000CBE72169E7E788F31188BFF36F8F002023
:10CF2000DCE793F90E1090F90E30994205DA994238
:10CF3000A8BF194604F064FD054622464146CDE9E6
:10CF40000076214801F048FA0028E8D0EFF3118676
:10CF5000402383F31288BFF36F8F1B4802F004F95C
:10CF6000002897D0184802F023F9A068C0B12368C0
:10CF700021699C420AD04BB193F90E309942A8BF67
:10CF800019466FF07F039942B8BF194604F038FD87
:10CF900030B131460C4804F0D1FD6FF00A009DE736
:10CFA000002DF6D1084802F0EDF80028A3D086F352
:10CFB0001188BFF36F8FF0E7223D0201003D0201AF
:10CFC000BC250201343D020108340021652802011C
:10CFD000BE280201D3280201E83300219228020171
:10CFE000A9280201F8B50546EFF3058363B1554959
:10CFF000EA23554A554803F048F8554803F045F8E8
:10D00000EA21514803F038F88368002B00F094803F
:10D01000504A9268934240F09280C3684BB94E499F
:10D020004FF48173484A494803F02FF84FF4817157
:10D03000E7E7012B03D0013BC3600020F8BDEFF30D
:10D040001187402484F31288BFF36F8F434802F0A6
:10D050008BF860B98423424A42493C4803F015F8F2
:10D060003E49414803F011F884213D48CAE73B4856
:10D0700002F09EF82969A86804F0C2FCEFF311835E
:10D0800084F31288BFF36F8F83F31188BFF36F8F20
:10D090005BB93649BB23364A2C4802F0F6FF3548C7
:10D0A00002F0F3FFBB213248ACE72C68A54215D152
:10D0B00000232A48C5E9023302F064F8002836D17B
:10D0C0004FF49973264A2C49204802F0DEFF234989
:10D0D0002A4802F0DAFF4FF49971C6E7002CE7D036
:10D0E000A3683BB92649A423214A184802F0CDFF82
:10D0F000A421D8E70026D4E9003213605A60237CCB
:10D10000C4E9006623F002032374A66004F118004A
:10D1100002F060F9AC6094F90E3020462B61A667EE
:10D1200001F0CCF839460D4804F008FD85E787F397
:10D130001188BFF36F8F80E76FF015007EE74FF027
:10D14000FF307BE7223D0201003D0201BC250201C8
:10D15000343D0201E8330021593D02010834002129
:10D1600065280201BE280201D3280201423C0201C7
:10D17000DE3B0201793B020192280201A92802014B
:10D18000093C020108B583684BB90B490B48A4233D
:10D190000B4A02F07AFFA421094802F06DFFD0E9A2
:10D1A000003213605A600023027CC0E9003322F091
:10D1B00002020274836008BD093C0201BC25020121
:10D1C000DE3B02012DE9F04704460D4691469A46A2
:10D1D0009DF8206000F10807EFF31188402383F3E6
:10D1E0001288BFF36F8F384601F0BEFF60B9842309
:10D1F0004A4A4B494B4802F048FF39464A4802F038
:10D2000044FF842145481BE0384601F0D1FF06B1B8
:10D210006568EFF31183402282F31288BFF36F8FAA
:10D2200083F31188BFF36F8F63B94049BB23404A32
:10D230003C4802F02AFF3F4802F027FFBB213C4850
:10D2400002F01AFF234653F80C6F9E4215D0A6B188
:10D2500000243046FFF796FF06F1180002F0BAF8F6
:10D260003046B467C6F8149001F028F841463846B5
:10D2700004F064FC2046BDE8F087BAF1000F14D03A
:10D28000082002F0CDFA00283FD00122C0F8049017
:10D290000260016801F003015DB922680A4302607F
:10D2A000626820606AB960600BE04846C9F800A077
:10D2B000EFE72A68032A1DD801606168A1B9C4E9B3
:10D2C00000000024384601F05DFF08BB4FF499735D
:10D2D000124A1949134802F0D8FE3946174802F09D
:10D2E000D4FE4FF499718DE70A6802F003020243FD
:10D2F0000A60D8E722F003020A4302602A6802F0BB
:10D30000030240EA02032B60DBE76FF00B04D9E76E
:10D3100088F31188BFF36F8FACE700BF6528020167
:10D32000BE280201BC250201D3280201423C0201B1
:10D33000DE3B0201793B020192280201A928020189
:10D340002DE9F743064690461F4600F10805EFF326
:10D350001189402383F31288BFF36F8F284601F0B1
:10D3600003FF68B98423264A2649274802F08DFE28
:10D370002946264802F089FE8421214802F07CFEDD
:10D38000284601F015FF34680CB32368726823F057
:10D390000303944208BF7360336023689B0704D083
:10D3A0006668204604F044FC3446284601F0EAFE54
:10D3B000E8B94FF49973124A1549134802F065FE13
:10D3C0002946144802F061FE4FF49971D5E758EAF6
:10D3D0000703EAD049462846CDE9008706F10C024A
:10D3E00000F0FAFF38B90C4B9B685C6903E089F3E5
:10D3F0001188BFF36F8F204603B0BDE8F08300BFF4
:10D4000065280201BE280201BC250201D3280201C1
:10D4100092280201A9280201E833002108B5836897
:10D420004BB90B490B48A4230B4A02F02EFEA42152
:10D43000094802F021FED0E9003213605A6000234F
:10D44000027CC0E9003322F002020274836008BD4E
:10D45000093C0201BC250201DE3B020170B5044615
:10D46000EFF31186402585F31288BFF36F8F2F48A5
:10D4700001F07AFE60B984232D4A2E492E4802F02D
:10D4800004FE2A492D4802F000FE8421284818E0B5
:10D49000264801F08DFEEFF3118385F31288BFF368
:10D4A0006F8F83F31188BFF36F8F63B92449BB2358
:10D4B000244A214802F0E9FD234802F0E6FDBB21A1
:10D4C000204802F0D9FD2568AC4212D08DB1284623
:10D4D000FFF7A4FF05F1180001F07CFF00232846A8
:10D4E000AB6700F0EBFE3146BDE870400F4804F03A
:10D4F00025BBD4E902329A4218BF01330B48A3601E
:10D5000001F040FE68B94FF49973094A0F490A487F
:10D5100002F0BBFD05490E4802F0B7FD4FF49971CA
:10D52000B4E786F31188BFF36F8F70BD0C34002110
:10D5300065280201BE280201BC250201D328020190
:10D54000423C0201DE3B0201793B020192280201CA
:10D55000A9280201F7B5044616461D46EFF30583D8
:10D560007BB152EA05030CD02D4988232D4A2E4861
:10D5700002F08BFD2D4802F088FD8821294802F039
:10D580007BFDEFF31187402383F31288BFF36F8F86
:10D59000274801F0E9FD60B98423264A264922483C
:10D5A00002F073FD2249254802F06FFD84212148D5
:10D5B000E5E71F4801F0FCFDA368D3B1013B1C481F
:10D5C000A36001F0DFFD68B94FF49973194A1C4953
:10D5D000154802F05AFD16491A4802F056FD4FF45C
:10D5E0009971E4E787F31188BFF36F8F002003B0D0
:10D5F000F0BD56EA05030BD10D4801F0C3FD00282C
:10D60000E2D087F31188BFF36F8F6FF00F00EEE762
:10D6100022463946CDE90065054800F0DDFEE6E723
:10D62000903D0201703D0201BC250201793B0201DF
:10D630000C34002165280201BE280201D328020112
:10D6400092280201A92802012DE9FF410446794EE2
:10D65000EFF31187402383F31288BFF36F8F76486F
:10D6600001F082FD68B98423744A7549754802F057
:10D670000CFD7149744802F008FD84216F4802F0E6
:10D68000FBFC6D4801F094FDD4F88450F5B90221FB
:10D6900004F19C0004F0E4F9002840D004F1940562
:10D6A00000220121284601F01BFC0028F8D10023AC
:10D6B0004FF0FF3202934FF0FF333946CDE900239C
:10D6C0005D4804F18C0201F069FCC1E7D4F88820C0
:10D6D0002B68954208BFC4F88830C4F88430D4F869
:10D6E0009C30554843F00203C4F89C30EB68D5F8F1
:10D6F000048023F0040343F00103EB6001F042FDDA
:10D70000F8B94FF499734D4A50494E4802F0BDFCA8
:10D7100049494F4802F0B9FC4FF49971AEE7D4F88B
:10D720009C30DD06C3D5C4F89C00434801F02AFDB7
:10D730000028E6D087F31188BFF36F8F04B0BDE8EF
:10D74000F08187F31188BFF36F8FB8F1000F0AD112
:10D7500040493C4840F2F3233F4A02F096FC40F235
:10D76000F3213D488BE72846C047EFF3118740235C
:10D7700083F31288BFF36F8F2F4801F0F5FC002868
:10D780003FF471AF2C4801F013FDEB68D90623F08C
:10D79000010236D4EA60EB689A0716D5306823F0A8
:10D7A0000203EB6088B10022036870B141688D42CA
:10D7B00035D103686ABB72683360904200D17360F0
:10D7C000002340F8083BFFF749FED4F89C3023F0D3
:10D7D0000203C4F89C30DB0529D4D4F88450003D02
:10D7E00018BF0125144801F0CDFC002889D087F32B
:10D7F0001188BFF36F8F002D3FF42AAF01F094F82A
:10D8000026E723F01103EB6005F11000FFF726FE79
:10D81000C1E713607368984208BF7260D0E70246A0
:10D820001BB1196818460B46BFE71946FAE70025F1
:10D83000D8E700BF10340021183400216528020108
:10D84000BE280201BC250201D32802019228020150
:10D85000A9280201333E0201DD3D0201F8B5C3688B
:10D8600004469A070E46C3F340054FD45F074FD4D2
:10D870000B680BB983680B60E368D80736D5A368DB
:10D880005BB92549254840F25713254A02F0FDFBB4
:10D8900040F25711224802F0EFFB0225336037684F
:10D8A00067B3204B9A68D7F880309A4220D104F0B1
:10D8B000FAF880F00100C0B2D7F89C30D907C3F362
:10D8C00080021ED502B308B300232360D7F8883046
:10D8D00083B9C7E92144384604F0CEF8E36843F041
:10D8E0000403E3603368A3602846F8BD0125D6E74A
:10D8F0000020E1E71C60C7F88840ECE76FF01505F1
:10D9000006E06FF0120503E01B07DDD56FF00F0591
:10D9100000233360E8E700BFFE3D0201BC250201A1
:10D92000DD3D0201E833002138B50D46044648B913
:10D930000C499C230C4A0D4802F0A7FB9C210A4885
:10D9400002F09AFB39B90A499D23074A074802F0B9
:10D950009CFB9D21F3E71022002104F07EF9656015
:10D9600038BD00BF193E0201DD3D0201BC250201A8
:10D97000333E0201F8B5C368064603F00503002BE9
:10D980000C4614BF0127002729D085685DB91D49C1
:10D990001D4840F2C1131D4A02F077FB40F2C1114D
:10D9A0001A4802F069FB0122002104F1100004F082
:10D9B0004BF820461649FFF7B7FFE36843F0100322
:10D9C000E360F3685B0712D5336823606BB9D5F861
:10D9D000883033B9C5E92144284604F04DF838466B
:10D9E000F8BD1C60C5F88840F6E73460F4E7D5F868
:10D9F00084302360D5F88830C5F88440002BEBD103
:10DA0000F0E700BF043E0201BC250201DD3D02013A
:10DA1000771A020137B50C46019059B9284940F2EE
:10DA20007D13284A284802F030FB40F27D1125483A
:10DA300002F022FB4B684BB924494FF4BF73214AD3
:10DA4000214802F022FB4FF4BF71F0E7EFF311859C
:10DA5000402383F31288BFF36F8F1D4801F084FBCE
:10DA600060B984231B4A1C49174802F00EFB184971
:10DA70001A4802F00AFB84211648D9E7144801F03D
:10DA800097FB204601A9FFF7E9FE0446104801F084
:10DA900079FB68B94FF499730E4A11490A4802F0AC
:10DAA000F4FA0B490F4802F0F0FA4FF49971E3E7EA
:10DAB00085F31188BFF36F8F204603B030BD00BFE0
:10DAC000193E0201DD3D0201BC2502012D3E02018D
:10DAD0001834002165280201BE280201D328020162
:10DAE00092280201A928020170B50C46054658B9D2
:10DAF000384940F2CD13384A384802F0C6FA40F2AD
:10DB0000CD11354802F0B8FAC368DB0509D53449B0
:10DB10004FF4E773304A314802F0B7FA4FF4E77137
:10DB2000EFE703F0C0FF48B12E4940F2CF132A4A75
:10DB30002A4802F0AAFA40F2CF11E2E74CB92A498A
:10DB40004FF4E873244A254802F09FFA4FF4E87135
:10DB5000D7E7EFF31186402383F31288BFF36F8F6B
:10DB6000224801F001FB60B98423214A21491B4866
:10DB700002F08BFA1D49204802F087FA84211C48E4
:10DB8000C0E71A4801F014FB28462146FFF7F2FED1
:10DB90000546164801F0F6FA68B94FF49973144A2D
:10DBA00016490E4802F071FA1049154802F06DFA54
:10DBB0004FF49971E3E786F31188BFF36F8F3DB19E
:10DBC0004FF0FF324FF0FF3304F11000FFF7C2FCBB
:10DBD000284670BD193E0201DD3D0201BC2502014F
:10DBE0004A3E0201793E0201883E020118340021BA
:10DBF00065280201BE280201D328020192280201F1
:10DC0000A928020108B558B90849094840F2263345
:10DC1000084A02F03AFA40F22631064802F02CFA9D
:10DC2000A022002104F019F808BD00BF043E020143
:10DC3000BC250201DD3D0201F0B589B004460E9D10
:10DC400058B92F4940F253332E4A2F4802F01DFA9B
:10DC500040F253312B4802F00FFA49B92B494FF4E7
:10DC60005573284A284802F010FA4FF45571F1E72D
:10DC7000D0F89C0010F0010009D0254940F255333E
:10DC8000204A214802F001FA40F25531E2E7C4E9A6
:10DC9000210004F18C00C4E9230004F19400C4E9DC
:10DCA000250055B32879002840F2011008BF012053
:10DCB000C4F89C0000204FF0FF364FF0FF37CDE94D
:10DCC0000330CDE90100CDE906672046114B0094F1
:10DCD00000F00EF955B1296811B1204603F0E9FEB4
:10DCE0006B791BB1A38943F00103A381204600F0A7
:10DCF00065FFC4F8804009B0F0BD0120D8E700BF3F
:10DD0000D03E0201DD3D0201BC250201D63E0201EA
:10DD10009C3E020149D601017FB50D46044658B923
:10DD2000374940F28633374A374802F0AEF940F2BD
:10DD30008631344802F0A0F903F0B5FE48B133490A
:10DD400040F287332F4A304802F09FF940F2873182
:10DD5000EFE7EFF31186402383F31288BFF36F8F51
:10DD60002B4801F001FA60B984232A4A2A4926483F
:10DD700002F08BF92649294802F087F984212548C9
:10DD8000D8E7234801F014FAD4F89C3013F0060FBA
:10DD900015D165BBD4F8845095B91D4801F0F2F94E
:10DDA00040BB4FF499731B4A1D49174802F06DF9A7
:10DDB00017491C4802F069F94FF49971DFE7B5B9CA
:10DDC00043F004032046C4F89C3003F055FE0023C2
:10DDD0004FF0FF3202934FF0FF333146CDE900237D
:10DDE0000B4804F1940201F0D9F804B070BD43F07F
:10DDF0000C03E7E786F31188BFF36F8F2846F4E73B
:10DE0000D03E0201DD3D0201BC250201793E020146
:10DE10001834002165280201BE280201D32802011E
:10DE200092280201A92802012DE9F04385B00F9D37
:10DE300004460F2D0E46984637D1274B984538D1CA
:10DE400004F15803C4E91633109B0027A38104236F
:10DE50000732A57322F0070506EB0509494623742E
:10DE60002046C4E90677A760E773F9F745FE0E9BE5
:10DE7000073020F00700A066C4E9186502930D9BE7
:10DE8000A9EB000901930C9B4A4600933146434697
:10DE90002046FAF76FF9114B67659B6803B1DB6E9B
:10DEA0004846E36605B0BDE8F08305F110031E2B7C
:10DEB000C6D940F24B230A4A0A490B4802F0E5F85A
:10DEC00029460A486FF00F030E2202F0DEF840F2F6
:10DED0004B21034802F0D0F831CA0101E833002198
:10DEE000DC3E0201FF3E0201BC2502017F3F020130
:10DEF000F0B587B00446DDE91276EFF3058575B11C
:10DF0000194940F21733194A194802F0BEF8194866
:10DF100002F0BBF840F21731144802F0ADF8059555
:10DF2000109D04950F9D03950E9D02950D9D0195E5
:10DF30000C9D0095FFF778FFB6F1FF3F08BFB7F1E2
:10DF4000FF3F05D056EA070305D1204600F036FE14
:10DF5000204607B0F0BD3A46334604F118000649A2
:10DF600001F05CF9F4E700BF223D0201DC3E020152
:10DF7000BC250201B03F020149E30101012310B5B4
:10DF80000374838100230446C0E9183301F042FC86
:10DF9000014B9C6010BD00BFE833002170B590F9C3
:10DFA0001020037C002A49DBD90647D163F07F03A8
:10DFB0000374264B984209D1254926485223264A04
:10DFC00002F063F85221244802F056F8234C22460E
:10DFD00052F8183FE169934207D1C0E90021086077
:10DFE000E0610FE08B42F8D01B68002BF5D093F96D
:10DFF0000E6090F90E50AE42F4DD5968C0E9003170
:10E0000008605860A569954200D005B9E568A36825
:10E010005BB91349EA23134A0E4802F036F8124856
:10E0200002F033F8EA210F48CEE71A7CD20606D177
:10E03000DA897F2A03D9AA690AB9636170BDAB4244
:10E0400002D0284601F00AF86561F7E7682F002141
:10E05000F73F0201BC250201D53F0201E833002150
:10E060004440020118400201793B020138B590F9A1
:10E0700010200146002A037C1BDA224A03F07F03AA
:10E080009042037409D120495A23204A204801F0C4
:10E09000FCFF5A211D4801F0EFFFDC0707D51D49A1
:10E0A0005B231A4A1A4801F0F0FF5B21F2E703F004
:10E0B00003FD194D2A4652F8184FAB68944200D020
:10E0C00004B9EC688B4214D05BB91449EA23144AB2
:10E0D0000F4801F0DAFF134801F0D7FFEA2110489A
:10E0E000D9E71A7CD20604D1DA897F2A01D9A2693C
:10E0F0002AB1A34202D0204600F0B0FF23466B6154
:10E1000038BD00BF682F0021F73F0201D53F020153
:10E11000BC2502016B400201E833002144400201AA
:10E1200018400201793B020108B5124A936880B198
:10E13000197C11F0090F0CD10F49D9230F4A10484F
:10E1400001F0A3FF0F4801F0A0FFD9210B4801F017
:10E1500093FF6FF00A0199670B4958674B6843F0CA
:10E1600080534B60002383F31188BFF36F8F936854
:10E17000986F08BDE8330021AE40020184400201DF
:10E18000BC2502011741020100ED00E070B5044614
:10E190000D46F9B9EFF30586E6B91A4B5A699B6843
:10E1A0009A4217D000F0EEFF78B940F26D13164A8C
:10E1B0001649174801F069FF2146164801F065FF2E
:10E1C00040F26D11104801F057FF3046BDE8704035
:10E1D000FFF7AABF204600F0D5FF68B94FF4997346
:10E1E000094A0A490A4801F050FF2146094801F04E
:10E1F0004CFF4FF49971E5E785F31188BFF36F8FFA
:10E2000070BD00BFE8330021652802019228020199
:10E21000BC250201A928020108B583684BB9094948
:10E220000948A423094A01F030FFA421074801F05E
:10E2300023FF03F041FC037C23F00203037400235B
:10E24000836008BD093C0201BC250201DE3B0201DE
:10E2500038B5184CA168E0690B68814214BF1A46B2
:10E26000002249680B605960A368E1692AB9124A23
:10E27000C3E900210B60E3610AE092F90E5093F9C3
:10E280000E00854212DD5168C3E900210B60536026
:10E29000A569094B9D4200D005B9E568A3689D4278
:10E2A00002D0284600F0DAFE656138BD8A42DED031
:10E2B0001268DBE7E83300210034002138B504465A
:10E2C000EFF31185402383F31288BFF36F8F174854
:10E2D00000F04AFF68B98423154A1649164801F030
:10E2E000D4FE1249154801F0D0FE8421104801F0F7
:10E2F000C3FE0E4800F05CFF2046FFF74FFE0B48C0
:10E3000000F040FF68B94FF49973094A0C490A4874
:10E3100001F0BBFE05490B4801F0B7FE4FF49971BF
:10E32000E4E785F31188BFF36F8F38BD1C340021FB
:10E3300065280201BE280201BC250201D328020182
:10E3400092280201A928020138B5A0F11804EFF3C0
:10E350001185402383F31288BFF36F8F174800F0B5
:10E3600003FF68B98423164A1649174801F08DFE49
:10E370001249164801F089FE8421114801F07CFE03
:10E380000E4800F015FF204603F0C4FB0B4800F0D8
:10E39000F9FE68B94FF49973094A0D490A4801F02A
:10E3A00074FE06490B4801F070FE4FF49971E4E7E2
:10E3B00085F31188BFF36F8F38BD00BF1C34002177
:10E3C00065280201BE280201BC250201D3280201F2
:10E3D00092280201A92802012DE9F047DFF8D4A014
:10E3E000354D1746DDE90898DAF80820334BA84286
:10E3F00004460E461A600BD13149324840F2B92327
:10E40000314A01F042FE40F2B9212F4801F034FEBA
:10E41000EFF31183402383F31288BFF36F8F2846F5
:10E4200000F0A2FE60B98423284A2949254801F05A
:10E430002CFE2946274801F028FE84212348E5E7E1
:10E44000284600F0B5FEDAF808503946284603F0B1
:10E450003BFBB8F1FF3F08BFB9F1FF3F06D04A468A
:10E4600043461D4905F1180000F0D8FE204600F093
:10E4700089FE68B9194940F26D13144A114801F038
:10E4800004FE2146164801F000FE40F26D11D5E76A
:10E49000094800F077FE40B9104940F26D130B4A6D
:10E4A000084801F0F2FD0449ECE73046BDE8F047CA
:10E4B000FFF73ABEE83300211C340021203400214C
:10E4C0003F410201BC250201D53F0201652802013E
:10E4D000BE280201D328020149E30101922802016A
:10E4E000A92802012DE9F04104460D46EFF31187FA
:10E4F000402383F31288BFF36F8F594800F034FE36
:10E5000060B98423574A5849584801F0BEFD544920
:10E51000574801F0BAFD8421524818E0504800F0F5
:10E5200047FE237C03F01F02002A0CBF01260026B1
:10E5300062D103F07F0323744E4B9C4209D14E49B4
:10E540005A234E4A494801F0A0FD5A214B4801F098
:10E5500093FD204603F0B0FA237C6DB243F08003B4
:10E56000DA07A573237407D545495323434A3F4827
:10E5700001F08BFD5321E9E7DFF80881424652F8AC
:10E58000183FD8F81C10934208D1C4E900210C6050
:10E59000C8F81C400DE08B42F7D01B68002BF4D06C
:10E5A00093F90E00A842F6DD5968C4E900310C6009
:10E5B0005C60D8F81840944200D00CB9D8F80C40F0
:10E5C000D8F808309C4202D0204600F047FDC8F839
:10E5D0001440234800F0D6FD00283AD14FF4997337
:10E5E000204A2949214801F050FD1D49274801F0E2
:10E5F0004CFD4FF499718FE79B0728D5A16841B96D
:10E6000023491A48A423234A01F03FFDA4212148AD
:10E610009DE720466DB203F04FFAA5730B6899424F
:10E6200009D14B68C4E900131C604C60D1E74A680B
:10E630009342F6D01B68002BF3D093F90E20AA4228
:10E64000F5DD5A68C4E9003214605C60C1E7A57367
:10E65000BFE787F31188BFF36F8F3046BDE8F081C5
:10E660001C34002165280201BE280201BC250201DC
:10E67000D3280201682F0021F73F0201D53F020194
:10E680006B400201E833002192280201A92802010F
:10E69000093C0201DE3B0201034648B9EFF3058263
:10E6A00032B9064A51699268914201D0FFF73CBDE8
:10E6B00083F31188BFF36F8F704700BFE8330021E9
:10E6C00010B5EFF31184402383F31288BFF36F8FEB
:10E6D000284800F049FD60B98423274A2749284883
:10E6E00001F0D3FC2349274801F0CFFC84212248C4
:10E6F00012E0204800F05CFDEFF3058373B122497E
:10E7000040F23B33214A1E4801F0BFFC204801F093
:10E71000BCFC40F23B311D4801F0AEFC1D4B9A6839
:10E72000D37B012B0CD11C494FF44F73174A14486B
:10E7300001F0ABFC164801F0A8FC4FF44F71EAE77A
:10E74000013BD3730B4800F01DFD68B94FF499737A
:10E75000094A12490A4801F098FC0649104801F09C
:10E7600094FC4FF49971C2E784F31188BFF36F8F63
:10E7700010BD00BF1C34002165280201BE28020123
:10E78000BC250201D3280201223D0201D53F02012E
:10E79000793B0201E833002178410201922802010D
:10E7A000A928020170B5EFF31186402383F3128884
:10E7B000BFF36F8F2A4800F0D7FC68B98423294A39
:10E7C00029492A4801F061FC2549294801F05DFCEE
:10E7D0008421244801F050FC264D214800F0E8FC3B
:10E7E000AB68DA7B6AB9244940F24D33234A1F48AB
:10E7F00001F04BFC224801F048FC40F24D311F482B
:10E80000E8E7EFF3058161B11E4940F24E331B4A40
:10E81000164801F03AFC1A4801F037FC40F24E313C
:10E82000EDE70132DA732A4652F8184F944200D0CD
:10E8300004B9EC681A7CD20604D1DA897F2A01D99E
:10E84000A2692AB1A34202D0204600F007FC234669
:10E850006B613146BDE870400148FFF797BC00BFCF
:10E860001C34002165280201BE280201BC250201DA
:10E87000D3280201E8330021A9410201D53F02015A
:10E88000793B0201223D020138B50446EFF31185C0
:10E89000402383F31288BFF36F8F184800F064FCA5
:10E8A00068B98423164A1749174801F0EEFB13494B
:10E8B000164801F0EAFB8421114801F0DDFB0F4806
:10E8C00000F076FC204603F03BF904460B4800F0CC
:10E8D00059FC68B94FF49973094A0D490A4801F087
:10E8E000D4FB06490B4801F0D0FB4FF49971E3E7E4
:10E8F00085F31188BFF36F8F204638BD1C3400218B
:10E9000065280201BE280201BC250201D3280201AC
:10E9100092280201A9280201024B03F11802C3E95F
:10E9200006227047E833002170B5EFF3058373B119
:10E9300038494FF49063384A384801F0A6FB38480C
:10E9400001F0A3FB4FF49061334801F095FBEFF326
:10E950001186402383F31288BFF36F8F314800F094
:10E9600003FC60B98423304A30492C4801F08DFB08
:10E970002C492F4801F089FB84212B48E5E72D4CD9
:10E98000284800F015FCA168E0690B68814214BFBB
:10E990001A46002249680B605960A368E1692AB9E8
:10E9A000254AC3E900210B60E3610AE092F90E50A9
:10E9B00093F90E00854223DD5168C3E900210B6005
:10E9C0005360A5691C4B9D4200D005B9E568A3685A
:10E9D0009D4202D0284600F041FB1248656100F0DC
:10E9E000D1FB88B940F26D130F4A14490B4801F06E
:10E9F0004CFB0C49124801F048FB40F26D11BCE79A
:10EA00008A42CDD01268CAE73046BDE87040FFF7B1
:10EA10008BBB00BF223D0201D53F0201BC25020194
:10EA2000793B02011C34002165280201BE28020145
:10EA3000D3280201E833002100340021922802018A
:10EA4000A92802012DE9F04106460C46EFF305879F
:10EA500077B134494FF49363334A344801F015FBDE
:10EA6000334801F012FB4FF493612F4801F004FB8F
:10EA700050EA010304D1FFF757FF0020BDE8F08101
:10EA8000EFF31188402383F31288BFF36F8F294877
:10EA900000F06AFB60B98423274A2849234801F023
:10EAA000F4FA2449264801F0F0FA84212248DDE7EF
:10EAB000244D204800F07CFBA868234B1860FFF72A
:10EAC000D5FAA868234632462049183000F0A6FB44
:10EAD000AA680446137C174843F00403137400F03B
:10EAE00051FB68B940F26D13134A19490F4801F000
:10EAF000CCFA1049174801F0C8FA40F26D11D5E779
:10EB00004046FFF711FBAB68D3E90A23B3F1004F8E
:10EB100008BFBA42B1D103F041F8201A20EAE070F0
:10EB2000ACE700BF223D0201D53F0201BC25020136
:10EB3000793B02011C34002165280201BE28020134
:10EB4000D3280201E83300212034002149E30101E8
:10EB500092280201A928020170B506460D46EFF37E
:10EB6000058474B1114940F2C643114A114801F0BD
:10EB70008CFA114801F089FA40F2C6410C4801F0C4
:10EB80007BFAFFF75FFFB5F1FF3F08BFB6F1FF3F2C
:10EB90001FBF47F6FF734FF47A72E0FB0234D80BC5
:10EBA0000CBF4FF0FF3040EA444070BD223D0201EF
:10EBB000D53F0201BC250201793B020138B504466C
:10EBC000EFF31185402383F31288BFF36F8F204842
:10EBD00000F0CAFA68B984231E4A1F491F4801F091
:10EBE00054FA1B491E4801F050FA8421194801F0DB
:10EBF00043FA174800F0DCFA237C5B0710D504F1D8
:10EC0000180000F0E7FB237C204623F00403237464
:10EC1000FFF7C4F92946BDE838400D48FFF7B6BAFA
:10EC20000B4800F0AFFA68B94FF49973094A0D49DF
:10EC30000A4801F02AFA06490B4801F026FA4FF477
:10EC40009971D3E785F31188BFF36F8F38BD00BF8B
:10EC50001C34002165280201BE280201BC250201E6
:10EC6000D328020192280201A9280201014B9868C9
:10EC7000704700BFE83300212DE9F8430446878937
:10EC8000EFF31185402383F31288BFF36F8F82481F
:10EC900000F06AFA68B98423804A8149814801F00A
:10ECA000F4F97D49804801F0F0F984217B4801F0B6
:10ECB000E3F9794800F07CFA237C180717D57648E9
:10ECC00000F060FA68B94FF49973744A774975484F
:10ECD00001F0DBF97049764801F0D7F94FF49971EA
:10ECE000E4E785F31188BFF36F8FBDE8F883D90996
:10ECF00043F0080240F083802274A36813B12046D9
:10ED0000FFF78AFA04F1180000F064FBA66D04F125
:10ED10005808B04511D04FF0000976B13046FFF7E2
:10ED20007BFA06F1180000F055FB3046C6F87890E3
:10ED3000FFF734F9A66DB045EFD1DFF87881D8F848
:10ED400008309C427AD1EFF30589B9F1000918BF68
:10ED50004FF00109D8F81860574A964200D00EB912
:10ED6000D8F80C60B34202D0304600F077F9204664
:10ED7000C8F8146001F04AFCB9F1000F02D04F4806
:10ED8000FFF7FCF8D8F808309C426AD1EFF305860B
:10ED9000002E66D1A389DA071FD53F4800F0F2F9AB
:10EDA000002890D085F31188BFF36F8F86F3118808
:10EDB000BFF36F8F0423184602DFEFF31185402362
:10EDC00083F31288BFF36F8F334800F0CDF900282A
:10EDD0003FF461AF304800F0EBF92F4800F0D2F972
:10EDE00078BB40F26D132D4A30492E4801F04DF9A1
:10EDF00029492F4801F049F940F26D1156E7304A90
:10EE000003F07F0343F008039442237408D12D4993
:10EE10005A232D4A234801F038F95A212A4846E757
:10EE2000D90707D529495B23274A1E4801F02DF948
:10EE30005B21F3E7204602F03FFE5EE74FF000095A
:10EE400088E72846FFF770F921494FF4EE731E4A10
:10EE5000144801F01AF91F4801F017F94FF4EE7148
:10EE6000DCE70D4800F08EF900283FF42CAF85F365
:10EE70001188BFF36F8FFB077FF537AF40F2A253C6
:10EE8000114A1549074801F000F92146134801F0DD
:10EE9000FCF840F2A251C1E71C34002165280201B0
:10EEA000BE280201BC250201D328020192280201DA
:10EEB000A9280201E8330021003400216830002134
:10EEC000682F0021F73F0201D53F02016B4002018C
:10EED000DA410201E5410201074202011242020148
:10EEE0002DE9F843064688461746EFF3118940237B
:10EEF00083F31288BFF36F8F214800F035F9054680
:10EF000068B984231F4A2049204801F0BEF81C49F3
:10EF10001F4801F0BAF884211A4801F0ADF81848EA
:10EF200000F046F93468A6421FD004B32046C4F866
:10EF300078806761FFF770F904F1180000F04AFA71
:10EF40002046FFF72BF80E4800F01CF988B94FF463
:10EF500099730C4A0F490D4801F097F808490E487B
:10EF600001F093F84FF49971D6E70025EBE72546B9
:10EF7000E9E789F31188BFF36F8F2846BDE8F8836E
:10EF80001C34002165280201BE280201BC250201B3
:10EF9000D328020192280201A9280201D3B5DDE994
:10EFA0000667089CCDE90067FFF716FA1CB1034B12
:10EFB0009B685B69236002B0D0BD00BFE8330021CD
:10EFC000027C034612F01F0210D10A4988420DD07C
:10EFD0000949086868B1D9897F2909D893F90E20B1
:10EFE000064B1B689A42B8BF00207047002070474C
:10EFF00010467047682F0021DC01002124340021D5
:10F0000008B568B10F4B98420AD303F11802904239
:10F0100006D21822C01AB0FBF2F302FB13034BB165
:10F0200009490A483F230A4A01F02FF83F210848BE
:10F0300001F022F80122074BC0105843064B1A5426
:10F0400008BD00BFE830002158420201BC25020182
:10F0500030420201ABAAAAAAC934002170B50C4BF8
:10F060000C4D1E7CFFF7ACFF182303FB065504462E
:10F07000284600F0AFF90022074B9A553CB1621EBA
:10F080002846BDE870400549D31700F0C7B870BDE9
:10F09000E8330021E8300021C934002101F00101EA
:10F0A00038B5EFF31185402383F31288BFF36F8FD8
:10F0B000234800F059F868B98423224A224923489A
:10F0C00000F0E3FF1E49224800F0DFFF84211D48C5
:10F0D00000F0D2FF1A4800F06BF81E4B1E4A9C68E5
:10F0E0001068A04213D1FFF7B9FF154800F04AF8A5
:10F0F00000BB4FF49973134A1849144800F0C5FF38
:10F100000F49174800F0C1FF4FF49971DFE7002164
:10F110001B7C1160134AD35C002BE6D02046FFF71E
:10F120004FFF0028E1D0237CDB0601D1FFF790F8E8
:10F130002046D8E785F31188BFF36F8F38BD00BF35
:10F140001C34002165280201BE280201BC250201F1
:10F15000D3280201E8330021203400219228020143
:10F16000A9280201C9340021006838B1044B00F01D
:10F1700003001B7CC01A18BF012070470120704794
:10F18000E8330021002302680360EFF30581074B99
:10F19000986811B1017CC90705D41B7C1843831AF8
:10F1A0005842584170470120704700BFE8330021A2
:10F1B000024B1A7C9B68134303607047E8330021BD
:10F1C000024B1868984208BF00207047E0010021F8
:10F1D000034B1B680BB9FBF70BB80020704700BF4F
:10F1E0002834002130B570B10B4B5B6898420AD0CF
:10F1F000036843B1D3E90421D0E90445121941EB76
:10F200000501C3E90421D0E9003213605A600023EC
:10F21000C0E9003330BD00BFE0010021B3F1FF3F82
:10F2200008BFB2F1FF3F2DE9F84F04469B46154653
:10F230001F4600F0B280D0F80090B9F1000F0CD05A
:10F2400057496423574A584800F01FFF574800F0B9
:10F250001CFF6421534800F00FFF8160EFF3118819
:10F26000402383F31288BFF36F8F5148FFF77CFF71
:10F27000824660B984234F4A4F494B4800F005FF4E
:10F280004B494E4800F001FF84214A48E3E74848D3
:10F29000FFF78EFFBBF1000F494A1FDBFFF798FF16
:10F2A000064601354BF1000B454A2D184BEBE07338
:10F2B000D2E90017C4E904536D1843EB0707FFF7C1
:10F2C0007FFF0346DFF8FCE0DEF80490EBB9C4E909
:10F2D00000E9C9F80040CEF8044028E06FF00103CF
:10F2E000D2E900125B1A4FF0FF3161EB02025B1BA7
:10F2F00062EB0B02012B72F10001BCBF01234A46F5
:10F300004FF0000AC4E90432D9E7D3E9041CD4E978
:10F3100004208A4270EB0C0B2EDA891A5A686CEBC7
:10F320000000C3E90410C4E9003214605C60FFF718
:10F3300047FF84420ED1244B1B685BB9BAF1000F22
:10F3400002D1FFF745FF0646304602F010FC0021CF
:10F35000FAF728FF1648FFF715FFB0B94FF4997375
:10F36000144A1A49104800F090FE1149184800F05C
:10F370008CFE4FF4997188E7521A60EB0C004B45F4
:10F38000C4E90420A3D01B68A0E788F31188BFF369
:10F390006F8F28463946BDE8F88F00252F46F8E7DD
:10F3A0002744020103440201BC250201793B02010A
:10F3B0002C34002165280201BE280201D328020155
:10F3C00000310021E00100212834002192280201AF
:10F3D000A928020170B50446EFF31186402383F398
:10F3E0001288BFF36F8F2A48FFF7BEFE68B98423E7
:10F3F000284A2949294800F048FE2549284800F0B4
:10F4000044FE8421234800F037FE2148FFF7D0FE58
:10F4100023683BB3FFF7D4FE05462046FFF7E2FE24
:10F4200000224FF00043A542C4E9042312D0002477
:10F430001748FFF7A7FE20BB4FF49973154A1949E7
:10F44000164800F022FE1249174800F01EFE4FF445
:10F450009971D7E7FFF7BCFE02F089FB0021FAF7AC
:10F46000A1FEE4E7D4E90423B3F1004F08BF012A69
:10F4700004D100224FF00043C4E904236FF01504C7
:10F48000D6E786F31188BFF36F8F204670BD00BFAB
:10F490002C34002165280201BE280201BC2502018E
:10F4A000D328020192280201A92802012DE9F04780
:10F4B000DFF804910246C9F80000FFF781FE884694
:10F4C000044600260027DFF8F4A04FEAE27CDAE9E0
:10F4D000001354B1D4E90450AA427CEB000E1EDAAA
:10F4E000AD1A60EB0C00C4E904500024521843EB41
:10F4F0000C032046CAE90023C9F8004002F037FB9C
:10F500002146FAF74FFE2E48FFF73CFED0B188F3B4
:10F510001188BFF36F8FBDE8F047FFF7C1BD6918D1
:10F5200043EBE5732046C4E90467CAE90013FFF71B
:10F5300059FE01224FF000432148C4E90423FFF79C
:10F5400021FE78B94FF499731E4A1F491F4800F0F5
:10F550009CFD1B491E4800F098FD4FF49971194815
:10F5600000F08AFD88F31188BFF36F8F2046A368EF
:10F570009847EFF31188402383F31288BFF36F8F0E
:10F580000F48FFF7F1FD58B984230E4A11490F487F
:10F5900000F07BFD0A49104800F077FD8421DEE78A
:10F5A0000748FFF705FED9F80020521BC9F80020D4
:10F5B000FFF706FE044688E72834002100310021C9
:10F5C0002C3400216528020192280201BC25020189
:10F5D000A9280201BE280201D328020110B5EFF3C9
:10F5E0001184402383F31288BFF36F8F0B48FFF71A
:10F5F000BBFD68B984230A4A0A490B4800F045FD5F
:10F6000006490A4800F041FD8421054800F034FD18
:10F610000248FFF7CDFD204610BD00BF2C3400216D
:10F6200065280201BE280201BC250201D32802017F
:10F6300070B5EFF31186402383F31288BFF36F8F09
:10F640001A48FFF791FD68B98423194A19491A48E5
:10F6500000F01BFD1549194800F017FD84211448DE
:10F6600000F00AFD1148FFF7A3FDFFF7B1FD144AB2
:10F67000D2E90045041945EBE0750C48FFF782FD1F
:10F6800068B94FF499730A4A0E490B4800F0FDFC23
:10F6900006490D4800F0F9FC4FF49971DFE786F355
:10F6A0001188BFF36F8F2046294670BD2C3400218E
:10F6B00065280201BE280201BC250201D3280201EF
:10F6C0000031002192280201A92802012DE9F84FFA
:10F6D0004F1E0F4206460D469A460BD02F4918235F
:10F6E0002F4A304800F0D1FC2F4800F0CEFC182102
:10F6F0002B481CE0141D4DD241F0040B00F11408FE
:10F70000EFF31189402383F31288BFF36F8F4046D4
:10F71000FFF72AFD68B98423244A2549214800F0CF
:10F72000B4FC4146234800F0B0FC84211F4800F09F
:10F73000A3FC4046FFF73CFD224659463046D047E1
:10F7400004464046FFF71EFD68B94FF49973174A07
:10F750001949144800F099FC4146184800F095FCFE
:10F760004FF49971E2E789F31188BFF36F8F8CB181
:10F7700044F8046B7DB13C420DD03523084A104952
:10F78000084800F082FC21462A460E4800F07DFC25
:10F790003521ADE700242046BDE8F88F6C26020134
:10F7A00047440201BC2502018726020165280201A7
:10F7B000BE280201D328020192280201A9280201D1
:10F7C0006B4402019D4402012DE9F04105460E46BD
:10F7D000174602F068F928B9074B9B68DC6E14B92C
:10F7E000BDE8F081054C3B46324629462046BDE83F
:10F7F000F041FFF76BBF00BFE8330021F8010021A3
:10F8000002460021014B0248FFF760BF550002018C
:10F81000F8010021014BC366704700BFF8010021C9
:10F820000146024A0020FFF7CFBF00BF550002018A
:10F8300007B5074B4FF40062009306494FF0FF33C2
:10F840000548FEF7F9F9002003B05DF804FB00BF9E
:10F850004825020120760021083100212DE9F04FD2
:10F8600043688BB080469246009383789C0740F1B2
:10F87000F98000250878002800F0F68025280AD0B5
:10F880004B1C019301354146009B98470028C0F26C
:10F89000E3800199EEE74E788B1C252E0193F1D081
:10F8A00000270A22B9463C461F2C22D8A6F1200385
:10F8B000102B20D8DFE803F0141F1F1A1F1F1F0B87
:10F8C0001F1F1F121F171F1F090044F00104019B77
:10F8D00013F8016B0193002EE6D13AE044F00204E4
:10F8E00044F00404F3E744F00804F0E744F01004A3
:10F8F000EDE77F2C24D8A6F13003092B08D8600649
:10F900004EBF02FB073744F0200402FB0939DEE753
:10F910002A2E0DD161065AF8043B53D4002BA7BF01
:10F9200044F020049946C3F1000944F02804CEE7CE
:10F930002E2E05D1630600F1978044F04004C6E7FF
:10F940006C2E2ED028D8682E32D06A2E37D04C2E6E
:10F9500035D0002F46F02003B8BF24F04004A3F1B7
:10F960006502BCBF0027A4B2022A01D9612B2BD1AA
:10F970000AF1070A07279D4E2AF0070A0AF1080A2A
:10F98000210760D506EB070B34465C455DD1AE1B05
:10F99000A9EB0709A21959E1742E98D07A2E96D0B6
:10F9A000D7E7260648BF44F4007444F080048EE78D
:10F9B000E00548BF44F4007444F4807487E744F4DD
:10F9C000207484E71F4682E7A6F16302122A00F240
:10F9D000D880DFE812F013004D00D600D600D60024
:10F9E000D6004D00D600D600D600D600D600E800DE
:10F9F000D100D600D6001A00D600A0005AF8043B69
:10FA0000012704AE8DF81030BAE75AF8046B784B32
:10FA1000002E08BF1E4614F0400F304614BF394672
:10FA20004FF0FF3102F046F90746A9E74146202092
:10FA3000009B984700280FDB013CA742F6D34D44BA
:10FA4000A1462D1B9EE74C46F7E7414614F8010BF3
:10FA5000009B9847002898DA98F8023043F0040396
:10FA600088F802304FF0FF3528460BB0BDE8F08F24
:10FA7000220630D5A3052AD50AF1070A2AF0070382
:10FA80009A4659685AF8080B24F0100B00291FFAFF
:10FA90008BFB2FDA40424BF4806B61EB410104ACED
:10FAA0000A23224602F012F91BF0400FA0EB0402D9
:10FAB00000F08E802BF001049742A4B240F38F80B7
:10FAC000002E40F08E802BF01104A4B21DE05AF8F5
:10FAD000040BC117D8E7E0055AF8041B01D4084607
:10FAE000F7E7A20547BF48B241F3C01108B241F39E
:10FAF000C031C9E750EA0103D1D16306CFD5002F49
:10FB0000CDD124F011043A46A4B23B4640F206415E
:10FB10000C4262D124E024F010040A23A4B214F0B1
:10FB2000800243D014F4007117BF0AF1070A5AF893
:10FB3000040B2AF0070292461CBF51685AF8080BC2
:10FB400050EA01023ED124F0160B62061FFA8BFB2D
:10FB50003CD5002F3AD124F017043A463B46A4B2D4
:10FB600021075AD4E10705D5994572DDA9EB0303B6
:10FB70009F184B469B464AE044F010041023782619
:10FB8000CDE7782B04D1C6F1780343F01003C6E724
:10FB900041462520009B98470028FFF65DAF0235BF
:10FBA0004146304670E608230026B8E714F4807119
:10FBB0005AF8040BC4D014F400711ABFC0B2114635
:10FBC00080B2BDE724F006041FFA84FB04AC68E7AA
:10FBD00013465C46E10699D52EB90133C0E71346BA
:10FBE000F8E73B46F6E70233BAE700BFFA44020102
:10FBF000F3440201CDE9023241462020009B9847A0
:10FC00000028FFF629AF0BF1010BDDE90232D945DF
:10FC1000F0DCEB1A03EB0B055B46E10627D541460A
:10FC20003020CDE90232009B98470028FFF614AF40
:10FC3000DDE902327EB901352F44791B8A4229DB86
:10FC4000144604AE94BB2A44A9EB0309154691441B
:10FC500040E017468EE7023541463046CDE9023294
:10FC6000009B98470028DDE90232E5DAF4E640F22D
:10FC700006410C42E0D014F0020F05F101054146A7
:10FC800014BF2B20202014F4806FCDE9023218BF5E
:10FC90002D20E5E7CDE902324146009B30200135B9
:10FCA00098470028DDE90232C7DAD5E6013C414633
:10FCB000CDE90232305D009B98470028DDE9023231
:10FCC000C0DAC9E641462020009B0135984700284C
:10FCD000FFF6C2AEA9EB0503002BF3DCD9E500BFAC
:10FCE0007047EFF31183402383F31288BFF36F8FC4
:10FCF000FEE708B5F6F7AEFF10B110F1580F06D1C8
:10FD0000F6F7C6FF10F1580F02D00028F8D008BD52
:10FD10000020FCE700EBC10040884008704708B5B0
:10FD2000FFF7F8FF084408BDF0B5034600EBC1003B
:10FD3000C588161DA94209D101219140DA6822EA3D
:10FD40000102DA60002243F82620F0BD8788EA002D
:10FD5000FC000634185B0432814202D1985A814279
:10FD600007D0002181F31188BFF36F8F042108466B
:10FD700002DF43F826501D539F52E6E708B50346BD
:10FD8000FFF7C8FFB0FA80F21846BDE80840C2F19C
:10FD90001F02FFF7C9BFF8B50346FFF7BBFFB0FA74
:10FDA00080F0C0F11F0003EB800CDCF81060CA008B
:10FDB000171D0C4606328DB256B9012101FA00F02A
:10FDC000D9680143D960CCF81040DD539D52F8BD8D
:10FDD000F100043133F801C04FEACC040634185B5B
:10FDE000864208D0002080F31188BFF36F8F4FF058
:10FDF000040E704602DF23F807C09E521D535D5269
:10FE0000E5E710B500EBC1035B880446DB070A4653
:10FE10000ED4FFF784FF34F83030C01A814207D186
:10FE200034F831102046511AFFF779FF824207D08B
:10FE3000002383F31188BFF36F8F0423184602DF7A
:10FE400010BD2DE9F843B1FA81F3C3F11F0800EBAF
:10FE50008809D9F8106005460A46A6B94FF0FF3464
:10FE6000C3F120039C40EB681C401CD094FAA4F61C
:10FE7000B6FA86F6331D55F8234028462146FFF78B
:10FE8000C0FF32460BE03446032721462846FFF7E1
:10FE900041FF90420AD32846FFF7B3FF424621466E
:10FEA0002846FFF741FF2046BDE8F88305EBC40470
:10FEB000E488013FC9F81040D0D0A642E5D1CDE793
:10FEC00038B50446FFF726FF0D4603461146204687
:10FED000FFF720FF1A1892B2530004EBC505204625
:10FEE0006B80FFF71CFF24F8302038BD70B50B463F
:10FEF0000546FFF70FFF511A89B205EBC3049B1AA1
:10FF000003444E0066809CB2600005EBC20358803B
:10FF100025F8321028461146FFF701FF25F830403A
:10FF200070BDF8B5002967D004680D1F2D1BEE08C1
:10FF300025F007056219538813F0010306D183F3F6
:10FF40001188BFF36F8F0423184602DF3146204625
:10FF5000FFF7E5FE34F83030C01A864207D00023A0
:10FF600083F31188BFF36F8F0423184602DF615BB0
:10FF70002046711AFFF7D3FEB04207D0002383F367
:10FF80001188BFF36F8F0423184602DF5388314670
:10FF900023F0010353802046FFF7C1FE04EBC003AA
:10FFA0005B880746DA070CD401462046FFF729FF95
:10FFB00039462046FFF7E2FE3A4631462046FFF733
:10FFC0007FFF655B751B04EBC5035B88DB070DD406
:10FFD00029462046FFF715FF29462046FFF7CEFEAB
:10FFE000324629462046FFF76BFF2E463146204613
:10FFF000BDE8F840FFF7CFBEF8BD70B509B90020E5
:020000040102F7
:1000000070BD056801F007030B33CC0804EBD30483
:10001000AB6828469C4228BF1C462146FFF711FFCB
:1000200006460028EBD001462846FFF773FEA042A3
:1000300007D928463219FFF759FF11462846FFF71E
:10004000AAFE05EBC60210465388043043F00103B4
:100050005380D5E71146FFF7D0BF002070470FB49B
:1000600007B504A951F8040B0191F6F7D3FE03B0CC
:100070005DF804EB04B07047002383F31188BFF3ED
:100080006F8F0423184602DF70470FB407B504A929
:1000900051F8040B0191F6F7BDFE03B05DF804EBD7
:1000A00004B07047838B13F0070306D10368002B5D
:1000B00018BF032008BF00207047022B05D1C08B5A
:1000C000B0FA80F0400980007047012B04D103682A
:1000D000002B18BF0520EDE70020704710B50C4637
:1000E00000B111B96FF0150010BD081D00F02FF818
:1000F0000028F9D1A368032BF6D9F3E72DE9F041E5
:100100000D4607461946281D90461E46F7F766F924
:10011000044638B13346424629463846A446BDE82F
:10012000F0416047BDE8F08138B50C46054658B14E
:1001300051B10B6843B14B6833B12022002101F06B
:100140008CFD00202C6138BD6FF01500FBE70346E5
:1001500058B1426802F00302012A03D0032A04D1F5
:10016000026812B10020986070476FF01500704768
:10017000704720B183682BB11B6833B118476FF00B
:10018000150070476FF0040070471846704730B490
:1001900050B149B142B1846854B1256945B141F8C3
:1001A000040B236930BC18476FF0150030BC704752
:1001B0006FF00400FAE730B41346044650B100680B
:1001C00060B182686AB195685DB10A46AC46616803
:1001D00030BC60476FF0150030BC70476FF0010015
:1001E000FAE76FF00400F7E70A46034610B458B187
:1001F000006868B1816871B1CC6A64B18C6A54B12D
:100200005968234610BC18476FF0150010BC7047A2
:100210006FF00100FAE76FF00400F7E70A460346C3
:1002200010B458B1006868B1816871B18C6A64B16A
:10023000CC6A54B15968234610BC18476FF01500BA
:1002400010BC70476FF00100FAE76FF00400F7E7A9
:100250000369D3F8700370476FF085007047084654
:1002600008B5114618B101F075F9002008BD6FF00E
:100270000100FBE7084608B5114618B101F061F925
:10028000002008BD6FF00100FBE713B504460846E7
:10029000216901F55B71D1E8AF1F022909D15BB17A
:1002A00068B100931346D0E90912FBF7A5FD02B02F
:1002B00010BD6FF00F00FAE76FF04C00F7E76FF03A
:1002C0000100F4E72DE9F84315461C46DDE9082353
:1002D0000F4616469846A9B3BDB3B4B312F1010C4C
:1002E00043F10001BCF1020F71F1000130D2D4F8EA
:1002F00000C0BCF1000F09D00169D1F870138C4522
:1003000004D96FF00B002160BDE8F883B3F1FF3F23
:1003100008BFB2F1FF3F0CBF4FF001094FF00009D9
:100320004A462146384601F01EF940B9B8F1FF3F70
:1003300008BFB6F1FF3FF3D06FF06800E4E7286034
:100340000020E1E76FF00100DEE76FF01500DBE76A
:100350006FF08500D8E701F05BB938B50D4604466B
:1003600000F148012846F6F79DFB034630B12846C8
:1003700004F1C001F6F796FB28B901235B4203F0B4
:100380007803E01838BD0020FCE702F52E7102F575
:10039000327001F078BBD0F8B030A0F52E70003B81
:1003A00018BF012300EB8300D0F8A40201F06AB863
:1003B000C86828B1096983681B680BB10022184717
:1003C0007047FCF70FBED0E8EF3FC0E8E21F002AFD
:1003D000F9D1704710B5436804691B68C4F86833E5
:1003E00004F5E87001F014FB002104F55B70FFF7E1
:1003F000EAFF084610BD030103EB4003093323F075
:10040000030303EBC00348430330083320F0030029
:100410001844400070472DE9F84306464FF00108A4
:100420000569D0F8049005F55B77D7E8EF3F022B1C
:1004300003D1C7E8E28F002AF7D141D195F86C309B
:10044000002B40D195F8E430002B3CD12846D5F85C
:10045000681300F054F8044680BB73683669D3E92A
:10046000050183681B693BB322469847044628BBB5
:10047000414606F53270FDF74FFCD6F8480305F506
:10048000F476F7F7C9FE3046D9F8001000F072F89C
:10049000044698B90146D022304601F0DEFB2146E1
:1004A0004FF4F272284601F0D8FB21463846FFF798
:1004B0008AFF2046BDE8F8836FF057040221F5E774
:1004C0006FF07704F5E76FF00F04F2E710B5084618
:1004D000029B114652B993F86C202AB901221846A2
:1004E00083F86C20F7F7D2F8002010BD1A6F9468DB
:1004F000002CF9D05A6FA047F6E701F089B838B55B
:100500000D46044660B1F03001F01CFA0DB1002038
:1005100038BDC4F8BC51C4F8C051C4F8C451F6E7A2
:100520006FF01500F4E70268D2F8C83013B1D2F8C2
:10053000C41018477047704783690BB9C36B1970B3
:100540007047012070478369012B03D1C36B187872
:10055000C0B270470420704738B5C41DE40020467F
:10056000FFF74EF9054618B12246002101F075FB50
:10057000284638BD38B504463822002101F06DFB0D
:100580001822002104F1A40001F067FB18220021C9
:1005900004F18C0001F061FBD4F8C000FBF7DEFB36
:1005A000D4F8BC00FBF7DAFBD4F8803004F1540532
:1005B0000BB12846984738220021284601F04DFB10
:1005C000FBF730FB002038BD01F047BB01F038BB22
:1005D00001460068F7F75CBA08B5F7F789FABDE895
:1005E0000840F7F709BE00210120F7F751BA08B516
:1005F000F7F7B2FDF7F724FAF7F72EFAF7F752FEFE
:10060000FCF710F9036E83F30B8870476FF08500D9
:10061000704761B662B680F31188BFF36F8F704781
:1006200008B5F8F7E9FA72B6002383F31188BFF32F
:100630006F8F00F0A4F850B1BFF34F8F30BF00BFF1
:1006400000BF00BF00BF00BF00BF00BF00BF62B659
:10065000BFF36F8F08BD10B50446F8F7CDFA72B638
:10066000002383F31188BFF36F8F00F088F850B137
:10067000BFF34F8F20BF00BF00BF00BF00BF00BF50
:1006800000BF00BF00BF84F31188BFF36F8F62B655
:1006900010BD40E800F313F4803FD8B208BF6FF0FC
:1006A0001500704730B50C684B6885B00A894D89D4
:1006B0000094013B24F01F04234402F01F0242EA8D
:1006C000451223F01F0369468DF808200393F7F7BE
:1006D00043FE05B030BD08B5F8F790F8002008BD1E
:1006E0007047416A8968F8F70DB938B50D46144668
:1006F0001146F8F731FA22462946BDE8384001F0A4
:100700009FBA10B50C460121F8F726FA047010BD07
:1007100010B5036801211C78F8F73EFA204610BD99
:10072000F0B5D0F80473064617F002001CBFC2F102
:10073000807018604FF0000518BF01204FF0010CC9
:100740004FF4803E0CFA05F40C4214D00EFA05F476
:100750003C4210D005F5A87456F82440A41A34F091
:100760007F4408BF4FF0807408B91C6002E018682D
:10077000A042FAD801200135042DE3D1F0BDF8F7ED
:10078000B9BAF8F727BAF8F725BA0220F8F7DCBBB0
:10079000F8B5069F05460469C9B2EFF3118C4020F5
:1007A00080F31288BFF36F8F0C2606FB0146B06CF6
:1007B00000F0070EBEF1010F11D1B76400268CF3D3
:1007C0001188BFF36F8F46B90C2000FB0144C4E9C8
:1007D00010236B6853F8313098473046F8BD00F06D
:1007E000C00087420CBF6FF077064FF0FF36E6E798
:1007F00013B580240094FFF7CBFF02B010BD006951
:10080000CBB200EB4310002110471046FCF726BE88
:1008100000F046BA00F045BA8022F8F74FBC4FF41A
:10082000AF607047436800205B681B690B607047CE
:10083000436802EA01005B6821EA02019860002037
:10084000D9607047436800205B68996070474368CF
:1008500000205B68D960704743685B685A6821EA8A
:100860000200114098600020D9607047FAF766BF17
:1008700030B451F820500C4601EB80023DB10146E6
:10088000AC46D4F88000002330BC126C604730BC0A
:10089000704710B500690F299FBF00EB810440F835
:1008A00021202364002088BF6FF0150010BD0020B8
:1008B0007047102070470F290ED843685B68CB4003
:1008C000DB0709D501228B00DBB203F1824303F57C
:1008D000903300201A6070476FF01500704738B5EC
:1008E0000F290C46056933D843681B68CB40DB07EA
:1008F0002ED5D5F8841021FA04F303F001031AB9B8
:100900009BB96FF0770022E0002BFAD111B91220C9
:10091000F7F7BCFB0122D5F88430A2401343C5F899
:100920008430E0B2FBF75CF80AE0E0B2FBF776F85F
:100930000122D5F88430A24023EA0203C5F88430AE
:10094000D5F8843013B91220F7F7AEFB002038BD7C
:100950006FF01500FBE730B543681360057A446813
:1009600004EBC504A34202D36FF0010030BD5C79F3
:1009700008338C42F1D10020F8E743681B68D3F8B4
:100980008004C3F88004704742681368D3F81001EC
:1009900050B10020126A12780A70C3F81001D3F81F
:1009A000102101221A6070474FF0FF307047026833
:1009B0000346D2F8580140B95B68DB0706D4D2F889
:1009C0002001003818BF012070470120704743689C
:1009D0001B68D3F80423D20517D5D3F82021A2B180
:1009E000EFF31182402181F31288BFF36F8FD3F8A8
:1009F000201131B10021C3F82011D3F820110121B9
:100A0000D96082F31188BFF36F8FD3F858317047E4
:100A100013B501AA0446FFF79EFF002805DB019BE2
:100A2000226819791868F9F76BF902B010BDF8B5AA
:100A30000546002201211320F7F758FB1320F7F792
:100A400025FB6C680121E068FFF7E2FF6B6819681D
:100A50002369C1F82435A27D637D207D1343228B59
:100A600002431343C1F86C356E680022D6E9004397
:100A700013F0010312D02F6904F10C01C4F8A02176
:100A800004F59070C4F88C2007F1080200F047F9D3
:100A900000283ADB387AFAF77FFA01230822C4F8F3
:100AA0000025F2690121C4F844250022C4F8482534
:100AB000A1606BB9D4F82031002BFBD0C4F8202101
:100AC000D4F820310123E3604FF48073C4F8043379
:100AD000D4F85831002BFBD00021C4F800156D6804
:100AE000E8682C68FFF794FF0823C4F800352A7AD9
:100AF00052B92B6AC4F834350123C4F83835C4F828
:100B00001021D4F8102123600020F8BD08B5F9F7B2
:100B1000EBF908BDFFF7E5B810B54FF0FF304FF027
:100B2000FF31F9F76FFB044628B9DFF733FE0446BF
:100B300018B1F9F76FFB204610BDF9F76BFB2046A3
:100B4000F8F722FAF7E738B50B8A0D463BB101F109
:100B50000C00FFF7DDFD012818D0022803D06FF04C
:100B60001504204638BD4FF0FF304FF0FF31F9F744
:100B700049FB04460028F4D1E868F1F7E1FD04469A
:100B8000F9F748FBACB1F9F759FCEAE74FF0FF3051
:100B90004FF0FF31F9F736FB04460028E1D1E86851
:100BA000F9F700FD0446F9F735FB002CD9D1F9F728
:100BB00045FC2846F7F782FF0024D2E7F9F776BC18
:100BC00010B532220021044601F047F8202323709B
:100BD0008023A3706FF03F0363716FF01B03A37258
:100BE0002823A3732223E3730423A3756FF0080360
:100BF0006376FF23A376E3760F232377302384F8ED
:100C00002030782384F82230762384F82330802320
:100C100084F82630042384F82730402384F82D30CC
:100C200010BD034607B5998800689B790090ADF820
:100C300004108DF80630BDF8033068460A2B28BF33
:100C40000A23ADF80330E5F72DFA03B05DF804FB95
:100C5000684620F007018D4601B5F0F739F8BDE888
:100C6000014085467047684620F007018D4601B572
:100C7000F0F722F8BDE8014085467047684620F04D
:100C800007018D4601B5FFF77CFDF0F7F7FDBDE8E4
:100C900001408546704708B5F5F765FE002008BDA0
:100CA00070470020FAF7A6B87047EEF72BBD034651
:100CB0000020184700F079BE024610B5116891B1C6
:100CC000B1FA81F3C3F11F000123834021EA03033A
:100CD000D2E8EF4F8C4204D1C2E8EC3FBCF1000FE8
:100CE000F6D1EBD110BD6FF00B00FBE710B5036838
:100CF000CB40DB0710D401238B40026843EA02019A
:100D0000D0E8EF4F944204D1C0E8EC1FBCF1000FD3
:100D1000F6D1F2D1002010BD6FF01500FBE770B5E1
:100D2000D0F880300646002B0C46154613DBD1F870
:100D30008030002B0FDB00210846FAF70DF948B987
:100D40002B7843F00043C6F880302B7843F0004303
:100D5000C4F8803070BD6FF01500FBE741F0004132
:100D6000C0F880100020704743090AD0012B0BD136
:100D70004FF6FF7300F01F0023FA00F000F00100AF
:100D800070474FF0FF33F5E70020704710B5044679
:100D90000846FAF709F904EB4004207DC0F340103F
:100DA00010BD10B504460846FAF7FEF804EB4004FF
:100DB000A08A00F01C00003818BF012010BD10B53B
:100DC00004460846FAF7F0F804EB4004207DC0F32F
:100DD000400010BD10B50446FFF7F1FF20B12046DA
:100DE000BDE81040FFF7D2BF10BD10B5044608465D
:100DF000FAF7DAF804EB4004A08A400B10BD70B596
:100E0000044608461646FAF7CFF8083034F8103092
:100E10000D46DA0509D5C3F3432304EBC30231467B
:100E2000284654F8333052689847A3682BB13146AE
:100E30002846E268BDE87040184770BD2DE9F341CF
:100E40001746DDE90858019001A80C461E46FAF73E
:100E5000EFF8019B391E18BF012100EB8300231E10
:100E600018BF0123002E43EA41030CBF00210C21CF
:100E7000002D43EA01030CBF00214FF47061B8F16B
:100E8000000F43EA01030CBF00214FF44031D0F8BA
:100E900000220B4322EA030304B124780FB13F7808
:100EA0007F001C430EB13678B6003C438DB12978E3
:100EB00009023443B8F1000F03D098F800804FEADC
:100EC0000848214341EA0801C0F8001202B0BDE819
:100ED000F0812946EDE71FB50DF10F0301930023C3
:100EE0008DF80F101A4619460093FFF7A7FF05B0BB
:100EF0005DF804FB2DE9F0470025044688462E46A0
:100F00004FF00109AA46D7B2AF420CD1D4F87C31D8
:100F100033B10023C4F87C31D4F87C3146F000466C
:100F20003046BDE8F0872846FAF7B6F8A0F580739A
:100F30009B0809FA03F318EA030F05D022581AB1E7
:100F400044F800A022581E430135EDB2DCE738B565
:100F500004460D46FFF71AFFA8B12046FFF72FFF02
:100F600088B92046FFF741FF012322688340C2F879
:100F70000833236803EB8000D0F8103523F0030317
:100F8000C0F8103538BD2846BDE838400021FFF7CD
:100F9000A2BF2DE9F04389B0109E044689469046D1
:100FA0000021202268461F46129D00F056FE1F2E8B
:100FB00097BF01234FF0FF33B34003F1FF332361A9
:100FC000119BC4E90098C4E902766361183445B105
:100FD0000FCD0FC495E80F0084E80F0009B0BDE8FD
:100FE000F0836D46F4E773B50468651C31D08568FD
:100FF000A9422ED264182CD05E18AE4288BF6B1A5C
:10100000056A35B100930523A8470346184602B088
:1010100070BD2146BFF35B8F184618B142EA010448
:10102000A4070AD103280EDC013910448242EDD016
:1010300011F8014F02F8014BF8E711F8014B0138A4
:1010400002F8014BE9E751F8044B043842F8044B2D
:10105000E8E76FF02103D9E773B50468651C31D068
:101060008568A9422ED264182CD05E18AE4288BF83
:101070006B1A456A85B92146184618B141EA02043F
:10108000A4070ED1032812DC013A0844814214D18E
:10109000BFF35B8F184602E000930523A84702B018
:1010A00070BD12F8014B013801F8014BE5E752F829
:1010B000044B043841F8044BE4E712F8014F01F8FF
:1010C000014BE3E76FF02100E9E773B504681D46C3
:1010D000661C2BD08368994228D2641826D06E18DB
:1010E0009E42866A88BF5D1A2EB105230095B047DF
:1010F000284602B070BD4FF0013021462B465043C8
:101100000BB18C0707D1032B09DC0B4499420AD1A0
:10111000BFF35B8FECE701F8012B013BF0E741F8EF
:10112000040B043BEFE701F8012BEFE76FF0210020
:10113000DFE70020704710B4046B02460B4684B909
:10114000C1681F2998BF23FA01F4416861B1806822
:10115000834209D21069184051F82430184410BC59
:101160007047234610BC18474FF0FF30F7E770B5C3
:10117000436B05460E46E3B90469621C09BF436828
:101180000C401C680C1B21462846FFF7D4FF864202
:1011900007D02B6901331C44AB689C42F3D34FF05A
:1011A000FF342868431C07D0AB68A34204D920440D
:1011B00070BD98470446F4E70020F9E730B5059C78
:1011C000C4E90002039A21811989E260049A6181CD
:1011D00021856261D3E9002502EB0113C4E90612FF
:1011E0008A1C236203EB42036A1C13446D422B40AA
:1011F0006362836953B90139E2698B4202EB0312DE
:1012000006DB002393736FF07F03D373002030BDA0
:101210000133D381F0E72DE9F04FB0F830A0044658
:101220005546002685B002EB030891460E9A00EB66
:10123000CA031FFA88FB9A63A3F83CB008F1FF3297
:10124000C3690F1D0192B0451ADC238D2586A3EBDF
:101250000B032385236A61895A8801390A4003EB0D
:101260004203A3F804A0BFF35B8F0020226A5388D7
:1012700001335380638D0133638505B0BDE8F08F82
:10128000E06A2A0157F8041C03EB05150293036872
:101290000392C91A83680837994228BF4FF0FF317B
:1012A000FFF749FFDDE90232985000226A6057F8E3
:1012B000082CAA60019A9642ACBF00220122B145D7
:1012C000D8BF42F00202AA810136ED89BBE7F0B532
:1012D00050B3456A448E6B88A34230D0631C43866A
:1012E0004389BFF35B8F013B1C4005EBC4056B6872
:1012F0009EB209B1AD680D60D0F81CC09BB20CEB7A
:10130000031100EBC3039D8F078D2F44013D07851B
:101310009D878D896F070ED5058ECD8100210686AC
:10132000986B996302B11480F0BD9D8FC989013D0E
:101330000CEB01119D878D89ED07F6D4ECE70020B9
:10134000F2E7C36903EB011398687047C3690901A9
:101350005958C06AFFF70BBF70B5BFF35B8F0D46DE
:10136000016A1646838E4A8804469A4212D05A1C55
:1013700082864289013A134001EB43018988298022
:1013800089B2FFF7E3FF2A88E36903EB02139B6846
:10139000336070BD0020FCE710B5026893691269E4
:1013A000920017D543B9438E026A81694489013B93
:1013B0001B1B02EB4102938003689B69012B08D140
:1013C000838E426A81694089013B1B1A02EBC1028C
:1013D000938010BD23B9026A138843F00103138080
:1013E00003689B69012B01BF426A138843F0010324
:1013F0001380EEE710B5BFF35B8F02680446936974
:10140000126992001AD57BB9036A426A5B888169C6
:10141000013B02EBC10292889B1A628D9BB29A42F9
:1014200014D80023638510BD012BFAD1436A026AE8
:101430005B888169013B02EB4102ECE763B9436AD7
:101440001B88DB4303F00103002BEAD06369002B08
:10145000E7D020469847E4E7012BE2D1036AEFE7A3
:10146000036A828E598891420AD0418901390A4023
:1014700003EB42039A88C36903EB02139868704731
:1014800000207047BFF35B8FC36803B118477047F4
:101490004FF0FF324FF0FF33FCF75CB810B1C36A76
:1014A0000133C362704738B1C26A013AC2621AB9E5
:1014B000026B02B110470262704770B50446056ABC
:1014C00005F164063046FFF7E3FF636AA3F5806326
:1014D0007F2B0BD801225909503503F01F039A4086
:1014E00055F8213023EA020345F82130D4E90F12E0
:1014F0004A60E16B04F13C0311602046C4E90F33FC
:10150000FFF7D1FF3046BDE87040FBF7A7BF10B52D
:10151000436A8CB00A932023044602460B9102A82A
:10152000194600F023FA28230122CDE90032204693
:101530003522616A02ABFAF749FC00EAE0700CB0B0
:1015400010BD30B1006A20B119B1D0F8803003B1BC
:101550001847704730B1006A20B119B1D0F8843013
:1015600003B11847704730B1006A20B119B1D0F803
:10157000883003B11847002070472DE9F84307462B
:101580008846154699460668B74203D1002420468E
:10159000BDE8F8836A1CA6F13C0402D0636AAB4242
:1015A000F5D0B8F1000F10D020224146204600F0BF
:1015B0005CFB50B9B9F1FF3F02D0A36A4B45E6D0BE
:1015C0006B1C02D1A36A0133E1D03668DCE770B549
:1015D00005460C461E46CAB120232046194600F097
:1015E000C5F90123E362049B6662A362059B256241
:1015F0006363069BA363079B63646A6804F13C030F
:10160000C4E90F526B60226C136070BD0A70E8E78A
:1016100010B5044690B1036A83B102784AB193F8D9
:101620009C3033B1436AB3F5806F02D30121FFF7D9
:101630006EFF2046BDE81040FFF73FBF10BD20B150
:10164000036A13B15B6803B11847704708B530B13E
:10165000036A3BB1DB682BB19847002008BD6FF0EF
:101660001500FBE76FF00500F8E77047FBF7F6BEE3
:101670004FF0FF324FF0FF33FBF76CBFF8B500F1CE
:101680006407A1F11006054638460C46FFF7F0FF47
:101690003046FAF751FC80B154F8083C24F8083C75
:1016A000D5F8C43044F80C3C05F1C00344F8103CB4
:1016B000C5F8C46054F80C3C1E603846FFF7D6FFEE
:1016C0000020F8BD38B50D4600F164042046FFF750
:1016D000CFFF55F8083C204603F5803345F8083C19
:1016E000BDE83840FFF7C2BF2DE9F043282A89B092
:1016F0008846109D52D1D5F8B8002023016884682F
:10170000A8EB0101A14228BF4FF0FF316A46FFF765
:101710006AFC05F16406D8F820903046FFF7A8FF70
:101720004B464FF0FF3269462846FFF726FF044636
:1017300040B3076B003F18BF0127D8F82430DB0700
:1017400022D514B14FF0FF33A36217B12046FFF743
:10175000A5FE3046FFF78AFF1CB1A36B0BB12046F4
:101760009847AB6F1BB14A46694628469847AFB1C8
:101770003046FFF77DFF2046FFF795FE3046FFF726
:1017800075FF0BE00746D8E764B93046FFF76EFFF8
:101790006B6F1BB14A46694628469847002009B03E
:1017A000BDE8F083C4F82890E8E770B500F164065E
:1017B000A1F1100504463046FFF75AFF2846FAF714
:1017C000BBFB38B120462946FAF796FCD4F8B000A6
:1017D000FFF710FE3046BDE87040FFF747BF10B579
:1017E00048B149B143688B4206D382680468D21A73
:1017F0005B1A4360A01810BD0020FCE72DE9F347F9
:101800000546D0F8AC000E46174618B9002002B0C5
:10181000BDE8F087036A002BF8D09B68002BF5D059
:1018200098474307F2D543F69823002F18BF1F4669
:1018300005F1640805F1C0094046FFF719FFD5F826
:10184000C0404C4532D08CB3D4E9002353602268A9
:101850001A60C4E90044D5F8AC3021899B69ADF821
:10186000061013B9D5F8A0303360D5F8AC309B69B9
:10187000012B04D1D5F8B400FFF763FD306040467A
:10188000FFF7F4FE002C4BD1002FBFD0D5E92B324F
:10189000182112891B6B01FB0233D5F8C820AABBA3
:1018A00021200021FDF758F9013FC5E7D5F8AC30FC
:1018B000D3F818A0BAF1000F1CD13146D5F8B40006
:1018C0000DF10602FFF703FD04460028D7D1D5F835
:1018D000B4301B8D0BB90024D1E7D5F8A010D5F892
:1018E000BC00FFF77CFFD5F8A03004463360ADF8AC
:1018F00006A0C4E7BAF1010FEDD13246D5F8B40025
:101900000DF10601FFF728FD0446B8E719692846DE
:1019100090476FF4FB639842C2D000288CD075E7E3
:10192000BDF8063004F1100003F58033A36033687E
:10193000103B33606BE720B119B112B1C0E901224D
:101940000160704738B5044618B938BD3C38FFF718
:101950005FFE20688442F9D10025D4F8AC00C4E9C8
:101960002C55FFF76CFEC4F8AC50EEE7F8B5044612
:10197000A1B199420E4628BF1E46751C013D05D0F7
:1019800012F8017B00F8017B002FF7D1994207D9AB
:10199000891B4A19002100F060F9711B0846F8BD47
:1019A00000230C4404F8013CF7E708B1F7F758BAF4
:1019B000704740B1C368587810F001001EBF187816
:1019C000B0FA80F040097047EFF31183402383F3AE
:1019D0001288BFF36F8FFEE708B5FFF7F5FF10B46D
:1019E00000F10C04C0E903440024446110BCF5F785
:1019F00073B913B501240094FBF75EF802B010BD73
:101A000090F90E308B4201D0FCF76CBD002070477E
:101A100003460020C3E90033C3E9020070470123F5
:101A200007B5009300230A461946FBF7CBFB03B02A
:101A30005DF804FB002307B50A4600931946FBF73F
:101A4000C1FB03B05DF804FB3AB18A4205D3C0E99B
:101A50000212C0E90000002070476FF015007047C7
:101A6000012302688B4022EA0303036022FA01F09B
:101A700000F001007047704720B100228C30114601
:101A8000FDF72EBA704710B5FBF7C4FF041E08DD42
:101A9000EFF31180402383F31288BFF36F8FFCF7BD
:101AA000FBFD204610BDEFF30580003818BF012074
:101AB00070476FF057007047D0E9003213605A60EA
:101AC0000023C0E90033704738B504460D46FCF7E3
:101AD000CDFA237C43F002032374D5B1A5602B68B3
:101AE0009D4209D16B68C4E900531C606C6010E032
:101AF0006A689A42F6D01B68002BF3D093F90E1057
:101B000094F90E209142F3DD5A68C4E90032146062
:101B10005C6038BD10B5037C044613F0280F0CD16F
:101B200083680BB1FCF778FB237C204623F0040389
:101B30002374BDE81040FCF731BA10BDFCF726BB9A
:101B400038B5054604680020AC4200D138BD002CF1
:101B5000FCD02046FCF760FB04F11800FDF73AFCCE
:101B60002046FCF71BFA2C680120A542EDE708B5DA
:101B70000246FDF725FB70B1D0E904319B1A61EBF9
:101B8000E272B3F1004F72F1000104DA002AACBF37
:101B90001846002008BD6FF00040FBE708B5FDF7D0
:101BA00047FD08BDB3F1FF3F08BFB2F1FF3F70B57D
:101BB00006461D46144614D01A4316D0002B08DBE7
:101BC000FDF736FD041941EB0501C6E90041304639
:101BD00070BD6FF001031C1B4FF0FF3363EB050179
:101BE000F3E74FF0FF342146EFE70024FBE7B3F1C2
:101BF000FF3F08BFB2F1FF3FF8B5074616461C4647
:101C000010D054EA020311D0FDF712FDB0420A468B
:101C1000A14103460AD2F31A64EB0204C7E9003477
:101C20003846F8BD4FF0FF331C46F7E70023FBE7CB
:101C300020B1011F50F8040CFAF7A6BE7047704798
:101C40000A44431E914200D1704710B511F8014B70
:101C5000914203F8014FF9D110BD0244034693426B
:101C600000D1704703F8011BF9E710B56AB10139DB
:101C7000841810F8012B11F8013F9A4203D1A042B9
:101C800001D0002AF5D1D01A10BD1046FCE7013969
:101C9000034610B532B111F8014F013A03F8014B78
:101CA000002CF7D11A440021934200D110BD03F853
:101CB000011BF9E70246014410B58A42134603D0DE
:101CC0001C780132002CF8D1181A10BDF0B5C3F100
:101CD0003707044603F01F031046FFB2082BE6B295
:101CE00032D0102B3DD06508A40845EAC17544EAFE
:101CF00081748A082D1942EB5102290941EA0271C7
:101D00006D1842EB1212290A41EA02616D1842EB8A
:101D10001222290C41EA02416D1842EB1242AD1821
:101D200042F10002EC0844EA4274D10804EB840258
:101D3000A6EB4205EDB2092D0CD90134A5F10A0537
:101D400041F10001EDB212E0E40806F0070544EAB3
:101D50004174C908303554EA010200F8015BBDD175
:101D6000F0BD240906F00F0544EA01740909092DA4
:081D700084BFED19EDB2EDE7AF
:101D7800858E01010000000000000000081E02011D
:101D880039C901010000000000000000401E0201E6
:101D980000000000241E0201A9AC0101000000009F
:101DA800970C020100000000000000005C1E020108
:101DB80000000000781E0201759401010000000077
:101DC80025A1010100000000258801010000000094
:101DD80000000000941E020100000000B01E020175
:101DE80099AD01010000000031F801010000000078
:101DF80000000000CC1E0201257A0101000000004D
:101E0800963202017C24020178200201EA010021B5
:101E1800303200215D9101010000000012340201FE
:101E28008C24020140200201EE010021D032002161
:101E3800FD9B01010000000020340201A0240201E2
:101E480040200201F0010021DC320021FD9B01014C
:101E580000000000F73202010000000038200201F3
:101E6800EC0100218C320021DD9601010000000008
:101E78003C340201B424020194200201F40100213F
:101E8800703300212F0A0201000000002E340201E5
:101E9800A001002164200201F2010021E8320021A2
:101EA800399C010100000000833502010000000098
:101EB800FC240201F6010021883300214DA3010111
:101EC800000000000F290201D00000219823020120
:101ED800E801002170160021D5030201000000006E
:101EE80000000000E705020100000000E70502010C
:101EF80000000000E705020100000000E7050201FC
:101F080000000000E7050201AB0C0201AF0C020162
:101F180000000000E705020100000000E7050201DB
:101F280000000000E70502018C32002175970101CD
:101F38000C0100216D08020100000000E705020104
:101F480000000000E705020100000000E7050201AB
:101F580000000000E705020100000000E70502019B
:101F680000000000E705020100000000E70502018B
:101F780059BA0101AF0C0201781E0201CF09020112
:101F880000000000E705020100000000E70502016B
:101F9800000000002D9F010100000000E70502017C
:101FA80000000000E705020100000000E70502014B
:101FB8000000000055AD010100000000E705020126
:101FC80000000000E705020100000000E70502012B
:101FD800F0150021D03A002100020000456B0101F4
:101FE80000000000000000000000000007000000E2
:101FF8000000000039260201000000000000000077
:1020080070150021D0340021000600001D6B01016D
:1020180000000000000000000000000007000000B1
:10202800000000002C260201000000000000000053
:0820380061960101859501018B
:10204000F999010125080201310802014508020140
:102050004F08020159080201E9980101E9970101BD
:04206000000000007C
:10206400B708020193080201AF080201B308020194
:04207400DF0802017E
:10207800B591010119080201F107020100000000F1
:0C20880085900101000000000000000035
:0C20940089090201DD9D01017B090201A8
:1020A00065BC010106000000000200000002000003
:1020B0000000000025262700010203032804000079
:1020C00090420000BE1100004C010000E80B00002F
:1020D0008604000001020303010203030101000260
:1020E00007000102040100010000010100000100DD
:1020F000010000010001000000000000020B0000D0
:1021000001000B0002000A00050009000A00080097
:10211000140007001E000600320005004B000400FA
:102120006400030096000200FA000100F4010000C0
:102130000102030302030001F401FA0096006400A7
:102140004B0032001E0014000A00050002000100CE
:102150000C0802170D010102090901010602091804
:102160001803010109098383850302012302022464
:102170000910040405050B0B040B2B1B1B159A9A65
:102180001C021D16130501490D150508061B1B0F22
:1021900001010000FEFEFEFEFEFEFEFEFEFEFEFE55
:1021A000FEFEFEFEFEFEFEFEFE16FEFEFEFEFEFE37
:1021B000FEFEFEFEFEFE1F1FFE26FEFEFEFEFEFED5
:1021C000FEFEFEFEFEFEFEFEFEFEFEFE3E3EFEFEAF
:1021D000FEFE3B3B60009006BE022C01D012CE05F5
:1021E00028049042BE1164005006AE027205DA4324
:1021F000081300010202A301B103BF05EF02490663
:10220000A309C505F50B251201020303010203030F
:10221000010204010203030028049042BE1172056A
:10222000DA4308132C00D002CE0104401000280429
:102230009042BE112C00D002CE01B400500BEE0330
:1022400064005006AE02B400500BEE03010203031B
:1022500028049042BE1128049042BE1101020303DB
:102260000001020201000000070000000000000061
:1022700000000000000000000406080A0C0E101206
:102280001416181C1E20222426282A2C2E30323404
:1022900036383A3C3E40424446484A4C4E021A5078
:1022A000000000002800000018000000500100009D
:1022B0005001000000000000141E0000301100005A
:1022C0003C730000B45F0000B80BD0076C396C3968
:1022D0000000000070170000A00F00003C28000064
:1022E0003C2800000000DC05E803D41700000000D3
:1022F000000000000000000000000000141E0000AC
:102300003011000060EA000060EA000000002CA626
:10231000E0A120A820A800000000000000000000AC
:1023200000003408E803280A280A00000000000022
:1023300000000000E3A3C300010200050400080838
:10234000000000000000000000000000000000008D
:10235000000000000000010101010202020203036B
:1023600003030405060708090A0B0C0D0E0FD8EC31
:10237000F0F4F8F9FAFBFCFDFEFF00010203001087
:102380000200FA0000000000000000000000000051
:102390000338FDD870470000617401011704020181
:1023A000BD7601010000000009770101F977010104
:1023B00051020201C5020201590202018B0202010F
:1023C000750202015F02020100000000000000002F
:1023D00047050201390502014305020137050201E3
:1023E00000000000000000000000000000000000ED
:1023F0002705020100000021000000000600010086
:10240000020000000824020100000001D230020195
:1024100006000000E0FF030100000021DA300201A5
:1024200021000000E0FF0021B18801010000000050
:10243000E1060201282402014424020120000000D8
:1024400000000000208000212824020158240201FD
:102450004500000000000000A8810021282402019E
:102460006C2402014700000000000000A885002144
:10247000499001013591010100000000C192010164
:10248000E59101011508020111080201FFFF00009A
:1024900000088C410C010021000000000100000038
:1024A000FFFFFFFF00058C410C0100210000000030
:1024B00000000000003001410100000000000000A9
:1024C000D82402010000D601000000000000000036
:1024D000373400213634002100300141E424020168
:1024E00001000000EC2402010400000021000000B3
:1024F0000B000002200600010A06000321A20101D0
:10250000190B0201470B0201080000000300000044
:102510003F38020152380201653802017838020161
:102520008B3802019E380201B1380201C438020121
:10253000781D0201801D0201C81D0201D01D02018B
:10254000001E0201081E0201C54402010001000034
:1025500088130000647261676F6F6E2F6C6962731D
:102560002F73636865642F7372632F736368656488
:102570005F68616C5F7274632E6300574553545FEC
:10258000544F504449522F6E72662F6170706C69BF
:10259000636174696F6E732F6970635F72616469E0
:1025A0006F2F7372632F62745F6863695F69706312
:1025B0002E6300657272203D3D203000415353452B
:1025C0005254494F4E204641494C205B25735D20B3
:1025D000402025733A25640A00094661696C6564E8
:1025E00020746F20707574206461746120696E744A
:1025F0006F206D7367713A2025642E0A00094661C9
:10260000696C656420746F2067657420646174610F
:102610002066726F6D206D7367713A2025642E0AF3
:10262000006E72665F62745F6863690074785F74DD
:1026300068726561645F69640071756575655F7472
:1026400068726561645F696400574553545F544F15
:10265000504449522F7A65706879722F6C69622FE5
:10266000686561702F686561702E630028616C6910
:10267000676E20262028616C69676E202D20312925
:1026800029203D3D20300009616C69676E206D7521
:102690007374206265206120706F776572206F66A9
:1026A00020320A006279746573202F203855203C4F
:1026B0003D20307837666666550009686561702090
:1026C00073697A6520697320746F6F206269670A85
:1026D000006279746573203E20686561705F666F83
:1026E0006F7465725F62797465732862797465735B
:1026F000290009686561702073697A652069732013
:10270000746F6F20736D616C6C0A00686561705F37
:10271000737A203E206368756E6B737A2873697ACA
:10272000656F6628737472756374207A5F6865617B
:10273000702929006368756E6B305F73697A652054
:102740002B206D696E5F6368756E6B5F73697A6568
:10275000286829203C3D20686561705F737A0057C6
:102760004553545F544F504449522F7A65706879ED
:10277000722F696E636C7564652F7A657068797203
:102780002F6B65726E656C2E6800216B5F69735FDD
:102790007072655F6B65726E656C282900096B5FEE
:1027A00063757272656E745F6765742063616C6CCB
:1027B0006564207072652D6B65726E656C0A0057DA
:1027C0004553545F544F504449522F7A657068798D
:1027D000722F6C69622F7574696C732F6F6E6F66E0
:1027E000662E63007374617465203D3D2030550092
:1027F000217379735F736C6973745F69735F656D5F
:1028000070747928266D67722D3E636C69656E74ED
:102810007329007472616E73697420213D20282829
:10282000766F6964202A29302900737461746520E9
:102830003D3D202831554C203C3C202831292900A1
:102840006D67722D3E72656673203D3D20300073CA
:1028500074617465203D3D202831554C203C3C205E
:102860002830292900574553545F544F504449524A
:102870002F7A65706879722F696E636C7564652F45
:102880007A65706879722F7370696E6C6F636B2EE6
:1028900068007A5F7370696E5F756E6C6F636B5FF3
:1028A00076616C6964286C2900094E6F74206D791B
:1028B000207370696E6C6F636B2025700A007A5FFD
:1028C0007370696E5F6C6F636B5F76616C696428AF
:1028D0006C290009496E76616C6964207370696EB9
:1028E0006C6F636B2025700A00574553545F544F3B
:1028F000504449522F7A65706879722F6C69622F43
:102900007574696C732F6E6F746966792E630069D4
:10291000706330002A2A2A20426F6F74696E672024
:102920006E524620436F6E6E6563742053444B2095
:1029300076332E342E312D6232306638363139629C
:10294000613961202A2A2A0A002A2A2A2055736915
:102950006E67205A6570687972204F532076342E46
:10296000342E322D333366613661376161633661EF
:10297000202A2A2A0A0072302F61313A202030782A
:1029800025303878202072312F61323A202030787B
:1029900025303878202072322F61333A2020307869
:1029A000253038780A0072332F61343A202030788D
:1029B00025303878207231322F69703A20203078F3
:1029C00025303878207231342F6C723A20203078DC
:1029D000253038780A0020787073723A20203078D9
:1029E000253038780A004661756C74696E67206915
:1029F0006E737472756374696F6E2061646472655E
:102A0000737320287231352F7063293A203078256E
:102A10003038780A00556E68616E646C65642049D0
:102A200052516E3A2025640A002A2A2A2A2A205561
:102A300053414745204641554C54202A2A2A2A2AE8
:102A40000A0020204469766973696F6E20627920DC
:102A50007A65726F0A002020556E616C69676E6539
:102A600064206D656D6F7279206163636573730AAD
:102A7000002020537461636B206F766572666C6F03
:102A8000772028636F6E74657874206172656120A9
:102A90006E6F742076616C6964290A0020204E6F85
:102AA00020636F70726F636573736F7220696E73EA
:102AB0007472756374696F6E730A002020496C6CC0
:102AC0006567616C206C6F6164206F6620455843B8
:102AD0005F52455455524E20696E746F2050430A20
:102AE000002020496C6C6567616C20757365206FF0
:102AF000662074686520455053520A0020204174B6
:102B000074656D707420746F206578656375746585
:102B100020756E646566696E656420696E73747293
:102B2000756374696F6E0A002A2A2A2A2A20425580
:102B300053204641554C54202A2A2A2A2A0A00208A
:102B400020537461636B696E67206572726F720ADD
:102B5000002020556E737461636B696E6720657227
:102B6000726F720A00202050726563697365206479
:102B700061746120627573206572726F720A002041
:102B8000204246415220416464726573733A20309A
:102B90007825780A002020496D7072656369736535
:102BA000206461746120627573206572726F720AAD
:102BB000002020496E737472756374696F6E2062B1
:102BC0007573206572726F720A002A2A2A2A2A20D7
:102BD0004D5055204641554C54202A2A2A2A2A0A6B
:102BE000002020537461636B696E67206572726F99
:102BF000722028636F6E746578742061726561203D
:102C00006D69676874206265206E6F742076616CF0
:102C10006964290A0020204461746120416363656E
:102C200073732056696F6C6174696F6E0A0020209F
:102C30004D4D46415220416464726573733A2030B1
:102C40007825780A002020496E7374727563746960
:102C50006F6E204163636573732056696F6C617496
:102C6000696F6E0A00574553545F544F50444952A0
:102C70002F7A65706879722F617263682F61726D47
:102C80002F636F72652F636F727465785F6D2F6647
:102C900061756C742E6300212828285343425F54C9
:102CA000797065202A292028283078453030304531
:102CB000303030554C29202B20307830443030557E
:102CC0004C2920292D3E4346535220262028315599
:102CD0004C203C3C20283055202B203455292929D4
:102CE0000009537461636B696E67206F72204461E1
:102CF0007461204163636573732056696F6C6174FE
:102D0000696F6E206572726F7220776974686F7573
:102D10007420737461636B2067756172642C207515
:102D20007365722D6D6F6465206F72206E756C6CAB
:102D30002D706F696E746572206465746563746963
:102D40006F6E0A0A00526573657276656420457875
:102D500063657074696F6E20280053707572696FB7
:102D6000757320696E74657272757074202849528B
:102D7000512000535053454C20696E207468726591
:102D80006164206D6F646520646F6573206E6F747D
:102D900020696E646963617465205053500A006550
:102DA000736620213D202828766F6964202A293007
:102DB00029000945534620636F756C64206E6F745B
:102DC000206265207265747269657665642073752A
:102DD000636365737366756C6C792E205368616CE0
:102DE0006C206E65766572206F636375722E0A00C3
:102DF0002A2A2A2A2A2048415244204641554C5426
:102E0000202A2A2A2A2A0A00202042757320666175
:102E1000756C74206F6E20766563746F72207461B8
:102E2000626C6520726561640A00202044656275E9
:102E300067206576656E740A0020204661756C74A3
:102E400020657363616C6174696F6E2028736565BA
:102E50002062656C6F77290A00415243485F4558EC
:102E600043455054207769746820726561736F6EB2
:102E70002025780A0A00094661756C742065736321
:102E8000616C6174696F6E20776974686F75742006
:102E900046535220696E666F0A00094861726446A3
:102EA00061756C7420776974686F75742048465337
:102EB0005220696E666F205368616C6C206E657677
:102EC0006572206F636375720A002A2A2A2A2A20F3
:102ED0004465627567206D6F6E69746F72206578E6
:102EE00063657074696F6E202A2A2A2A2A0A002ACA
:102EF0002A2A2A2A20257320256429202A2A2A2AD8
:102F00002A0A00574553545F544F504449522F7A70
:102F100065706879722F617263682F61726D2F63BB
:102F20006F72652F636F727465785F6D2F69727150
:102F30005F6D616E6167652E63007072696F203C22
:102F40003D20282831554C203C3C2028332929207D
:102F50002D2031290009696E76616C6964207072D8
:102F6000696F7269747920256420666F7220256408
:102F700020697271212076616C756573206D75739F
:102F800074206265206C657373207468616E2025FF
:102F90006C750A0A00574553545F544F50444952C8
:102FA0002F7A65706879722F617263682F61726D14
:102FB0002F636F72652F6D70752F61726D5F6D700D
:102FC000752E630009436F6E6669677572696E6777
:102FD00020257520737461746963204D50552072EB
:102FE0006567696F6E73206661696C65640A0A00C3
:102FF000094D61726B696E6720257520617265618C
:103000007320666F722064796E616D6963207265EA
:1030100067696F6E73206661696C65640A0A0009EE
:103020005265717565737420746F20636F6E666985
:10303000677572653A20257520726567696F6E73D2
:103040002028737570706F727465643A2025752935
:103050000A0A002128726567696F6E5B6964785D92
:103060002E64745F617474722026202831554C20C0
:103070003C3C202830292929000952414D5F4E4F00
:10308000434143484520776974682044545F4D4567
:103090004D5F434143484541424C45206174747241
:1030A00069627574650A0A00094661696C65642085
:1030B000746F20616C6C6F63617465204D50552096
:1030C000726567696F6E732066726F6D2044540A73
:1030D0000A00464C4153485F30005352414D5F3027
:1030E00000574553545F544F504449522F7A6570EE
:1030F0006879722F6C69622F6E65745F6275662FD6
:103100006275662E63006275662D3E667261677336
:10311000203D3D202828766F6964202A2930290027
:10312000706F6F6C007265715F73697A65203C3DEA
:103130002073697A65006C69737400627566006F4C
:103140006C645F72656620213D20300009627566FF
:1031500020257020646F75626C6520667265650A53
:1031600000574553545F544F504449522F7A65706D
:103170006879722F6C69622F6E65745F6275662F55
:103180006275665F73696D706C652E63006275664B
:103190002D3E6C656E203D3D203055006E65745FA0
:1031A0006275665F73696D706C655F7461696C727E
:1031B0006F6F6D2862756629203E3D206C656E003C
:1031C0006275662D3E6C656E203E3D206C656E001E
:1031D000574553545F544F504449522F7A65706895
:1031E00079722F736F632F6E6F726469632F6E72C3
:1031F0006635332F736F632E6300574553545F5406
:103200004F504449522F7A65706879722F696E6306
:103210006C7564652F7A65706879722F626C75655C
:10322000746F6F74682F6275662E6800574553542B
:103230005F544F504449522F7A65706879722F64F9
:103240007269766572732F636C6F636B5F636F6E09
:1032500074726F6C2F636C6F636B5F636F6E7472ED
:103260006F6C5F6E72662E630074797065203C200F
:10327000434C4F434B5F434F4E54524F4C5F4E5263
:10328000465F545950455F434F554E540065727226
:10329000203E3D203000636C6F636B403431303032
:1032A0003530303000574553545F544F50444952E5
:1032B0002F7A65706879722F647269766572732FE0
:1032C000656E74726F70792F656E74726F70795F4E
:1032D0006E7266352E630026656E74726F70795F4C
:1032E0006E7266355F64617461203D3D2064657671
:1032F0002D3E646174610072616E646F6D403431A3
:1033000030303930303000574553545F544F5044BB
:1033100049522F7A65706879722F696E636C756493
:10332000652F7A65706879722F6472697665727339
:103330002F6770696F2F6770696F5F7574696C7341
:103340002E680063616C6C6261636B00094E6F20D4
:1033500063616C6C6261636B210A0063616C6C6217
:1033600061636B2D3E68616E646C657200094E6F1F
:103370002063616C6C6261636B2068616E646C6574
:1033800072210A00574553545F544F504449522FFD
:103390006D6F64756C65732F68616C2F6E6F7264EE
:1033A00069632F6E7266782F68616C2F6E72665F2C
:1033B0006770696F2E68006E72665F6770696F5F15
:1033C00070696E5F70726573656E745F6368656364
:1033D0006B282A705F70696E2900574553545F54FB
:1033E0004F504449522F7A65706879722F64726920
:1033F000766572732F6770696F2F6770696F5F6E84
:103400007266782E630063622D3E68616E646C653F
:1034100072006770696F4034313863303830300083
:103420006770696F403431386330353030006D6219
:103430006F78403431303132303030007561727421
:1034400040343130313330303000574553545F54BD
:103450004F504449522F7A65706879722F696E63B4
:103460006C7564652F7A65706879722F64726976FD
:103470006572732F656E74726F70792E680061705B
:10348000692D3E6765745F656E74726F7079202177
:103490003D202828766F6964202A293029000943B5
:1034A000616C6C6261636B20706F696E7465722011
:1034B00073686F756C64206E6F74206265204E5562
:1034C0004C4C0A00574553545F544F504449522FB7
:1034D0006E72662F7375627379732F626C75657483
:1034E0006F6F74682F636F6E74726F6C6C65722F80
:1034F0006863695F6472697665722E630009546857
:103500006520656E74726F707920736F7572636574
:103510002072657475726E656420616E20657272CA
:103520006F7220696E206120626C6F636B696E67D9
:103530002063616C6C0A00574553545F544F5044EC
:1035400049522F6E72662F696E636C7564652F6DBC
:1035500070736C2F6D70736C5F776F726B2E680079
:10356000096B5F776F726B5F7375626D69745F74FF
:103570006F5F71756575652829206661696C656482
:103580002E0A0062745F6863695F73646300574565
:1035900053545F544F504449522F6E72662F7375C7
:1035A000627379732F6D70736C2F696E69742F6DF0
:1035B00070736C5F696E69742E6300094D50534CD3
:1035C000204153534552543A2025732C2025640A38
:1035D0000A00657272636F6465203D3D2030004DC6
:1035E00050534C20576F726B00574553545F544FE4
:1035F000504449522F6E72662F64726976657273F9
:103600002F6D70736C2F636C6F636B5F636F6E7481
:10361000726F6C2F6E7266785F636C6F636B5F6D39
:1036200070736C2E6300094E6F7420737570706F29
:10363000727465640A00574553545F544F504449AF
:10364000522F6D6F64756C65732F68616C2F6E6F90
:10365000726469632F6E7266782F68656C7065722C
:10366000732F6E7266785F677070695F64707069DF
:103670002E6300705F6770706920213D20282876D6
:103680006F6964202A29302900574553545F544FED
:10369000504449522F6D6F64756C65732F68616C6F
:1036A0002F6E6F726469632F6E7266782F64726911
:1036B000766572732F7372632F6E7266785F6770B0
:1036C000696F74652E6300574553545F544F5044DF
:1036D00049522F6D6F64756C65732F68616C2F6E26
:1036E0006F726469632F6E7266782F68616C2F6EDB
:1036F00072665F6770696F74652E6800696E6465D5
:1037000078203C203800705F696E7374616E636569
:1037100000705F6368616E6E656C0070696E5F68F3
:1037200061735F7472696767657228705F696E7331
:1037300074616E63652C2070696E2900696E745F18
:10374000656E61626C6500574553545F544F504439
:1037500049522F6D6F64756C65732F68616C2F6EA5
:103760006F726469632F6E7266782F647269766512
:1037700072732F7372632F6E7266785F6970632E37
:103780006300705F636F6E66696720262620286D70
:103790005F63622E7374617465203D3D204E524616
:1037A000585F4452565F53544154455F494E495403
:1037B00049414C495A454429006D5F63622E737438
:1037C000617465203D3D204E5246585F4452565F1D
:1037D00053544154455F494E495449414C495A4517
:1037E0004400574553545F544F504449522F6D6F16
:1037F00064756C65732F68616C2F6E6F726469639A
:103800002F6E7266782F68616C2F6E72665F6970BA
:10381000632E6800696E646578203C20313600753F
:103820006E726567697374657265642025732062C2
:1038300075730A0067656E65726963002573006DB4
:103840006574616C3A20656D657267656E63793A7F
:1038500020006D6574616C3A20616C6572743A2069
:1038600020202020006D6574616C3A2063726974B9
:103870006963616C3A2020006D6574616C3A206563
:1038800072726F723A2020202020006D6574616C86
:103890003A207761726E696E673A202020006D656C
:1038A00074616C3A206E6F746963653A2020202041
:1038B000006D6574616C3A20696E666F3A20202055
:1038C000202020006D6574616C3A20646562756724
:1038D0003A20202020200025733A20667265656911
:1038E0006E67206E6F6E2D656D70747920766972CB
:1038F0007471756575650D0A00756E657870656320
:10390000746564206275666665722068656C642003
:10391000636F756E7465720D0A00574553545F549A
:103920004F504449522F6D6F64756C65732F6C69ED
:10393000622F6F70656E2D616D702F6F70656E2DCB
:10394000616D702F6C69622F72706D73672F72706A
:103950006D73675F76697274696F2E63007374614B
:10396000747573203D3D2073697A656F66287270A7
:103970005F6864722900737461747573203D3D2023
:103980003000726574203D3D2030007374617475A1
:1039900073203E3D203000737461747573203D3D8B
:1039A000206C656E0072785F76710074785F767156
:1039B000004E5300574553545F544F504449522FC3
:1039C0007A65706879722F6B65726E656C2F6465AD
:1039D000766963652E63007263203E3D202D28309A
:1039E00078666629202626207263203C2030000954
:1039F00064657669636520257320696E69743A2071
:103A0000696E76616C6964206572726F7220282518
:103A100064290A00574553545F544F504449522F6C
:103A20007A65706879722F6B65726E656C2F66614E
:103A300074616C2E6300726561736F6E20213D208E
:103A40004B5F4552525F4B45524E454C5F50414E85
:103A500049430009417474656D7074656420746F26
:103A6000207265636F7665722066726F6D206120CB
:103A70006B65726E656C2070616E696320636F6E3A
:103A8000646974696F6E0A00574553545F544F5010
:103A90004449522F7A65706879722F6B65726E6532
:103AA0006C2F696E69742E63007468726561645F5F
:103AB00064617461203C3D205F5F7374617469636D
:103AC0005F7468726561645F646174615F6C69737F
:103AD000745F656E640009756E6578706563746502
:103AE00064206C69737420656E64206C6F6361740C
:103AF000696F6E0A00646576203C3D205F646576E0
:103B00006963655F6C6973745F656E64006D61699C
:103B10006E00574553545F544F504449522F7A65B5
:103B2000706879722F6B65726E656C2F6B6865615A
:103B3000702E630021617263685F69735F696E5FF5
:103B40006973722829207C7C20282874696D656F30
:103B50007574292E7469636B73203D3D20282828D5
:103B60006B5F74696D656F75745F74297B307D2937
:103B7000292E7469636B732900090A0068656170F6
:103B8000203C3D205F6B5F686561705F6C6973749A
:103B90005F656E6400574553545F544F504449521B
:103BA0002F7A65706879722F6B65726E656C2F69FC
:103BB000646C652E63005F6B65726E656C2E63705E
:103BC00075735B305D2E63757272656E742D3E6227
:103BD0006173652E7072696F203E3D20300057453D
:103BE00053545F544F504449522F7A65706879722C
:103BF0002F6B65726E656C2F696E636C7564652FD3
:103C00006B73636865642E68007468726561642D07
:103C10003E626173652E70656E6465645F6F6E00F1
:103C2000574553545F544F504449522F7A6570683A
:103C300079722F6B65726E656C2F6D73675F712E75
:103C4000630021617263685F6972715F756E6C6F8A
:103C5000636B6564286B65792900286D7367712D26
:103C60003E77726974655F707472203E3D206D739B
:103C700067712D3E6275666665725F7374617274FA
:103C80002920262620286D7367712D3E777269746E
:103C9000655F707472203C3D20286D7367712D3E06
:103CA0006275666665725F656E64202D2031292914
:103CB00020262620282873697A655F74292875696B
:103CC0006E747074725F7429286D7367712D3E6213
:103CD00075666665725F656E64202D206D73677111
:103CE0002D3E77726974655F70747229203E3D20A5
:103CF0006D7367712D3E6D73675F73697A65290017
:103D0000574553545F544F504449522F7A65706859
:103D100079722F6B65726E656C2F6D757465782E78
:103D2000630021617263685F69735F696E5F6973C5
:103D300072282900096D7574657865732063616E5A
:103D40006E6F74206265207573656420696E736997
:103D5000646520495352730A006D757465782D3E71
:103D60006C6F636B5F636F756E74203E203055001F
:103D7000574553545F544F504449522F7A657068E9
:103D800079722F6B65726E656C2F73656D2E630093
:103D90002828617263685F69735F696E5F69737217
:103DA0002829203D3D203029207C7C20282874694A
:103DB0006D656F7574292E7469636B73203D3D20AA
:103DC0002828286B5F74696D656F75745F74297B33
:103DD000307D29292E7469636B7329290057455357
:103DE000545F544F504449522F7A65706879722F4E
:103DF0006B65726E656C2F776F726B2E6300776FD9
:103E0000726B2D3E717565756520213D20282876E1
:103E10006F6964202A29302900776F726B20213D59
:103E2000202828766F6964202A29302900776F724C
:103E30006B2D3E68616E646C657220213D202828E0
:103E4000766F6964202A2930290021666C61675FDA
:103E5000746573742826776F726B2D3E666C61678C
:103E6000732C204B5F574F524B5F44454C41594197
:103E7000424C455F4249542900216B5F69735F6979
:103E80006E5F69737228290073796E6320213D206B
:103E90002828766F6964202A2930290021666C6100
:103EA000675F74657374282671756575652D3E6648
:103EB0006C6167732C204B5F574F524B5F515545D8
:103EC00055455F535441525445445F42495429007B
:103ED000717565756500737461636B005745535464
:103EE0005F544F504449522F7A65706879722F6B36
:103EF00065726E656C2F7468726561642E6300284C
:103F00002828287072696F2929203D3D20313520ED
:103F10002626207A5F69735F69646C655F746872D6
:103F20006561645F656E7472792828656E74727954
:103F3000292929207C7C202828283135202D203152
:103F400029203E3D2028282D3136292929202626C2
:103F50002028287072696F2929203E3D2028282DAD
:103F6000313629292026262028287072696F2929B0
:103F7000203C3D20283135202D20312929290009D8
:103F8000696E76616C6964207072696F72697479A8
:103F900020282564293B20616C6C6F776564207252
:103FA000616E67653A20256420746F2025640A00DD
:103FB0000954687265616473206D6179206E6F7455
:103FC000206265206372656174656420696E2049B2
:103FD0005352730A00574553545F544F504449524B
:103FE0002F7A65706879722F6B65726E656C2F73AE
:103FF000636865642E6300217A5F69735F69646C2E
:10400000655F7468726561645F6F626A6563742876
:104010007468726561642900574553545F544F506A
:104020004449522F7A65706879722F6B65726E659C
:104030006C2F696E636C7564652F6B746872656153
:10404000642E68005F6B65726E656C2E63707573AD
:104050005B305D2E63757272656E7420213D202881
:1040600028766F6964202A293029002169735F74DA
:1040700068726561645F64756D6D792874687265D6
:1040800061642900574553545F544F504449522F9F
:104090007A65706879722F6B65726E656C2F696EC8
:1040A000636C7564652F6B737761702E6800617245
:1040B00063685F6972715F756E6C6F636B656428AE
:1040C0006B657929207C7C205F6B65726E656C2E38
:1040D000637075735B305D2E63757272656E742DDF
:1040E0003E626173652E7468726561645F737461AA
:1040F000746520262028282831554C203C3C202857
:1041000030292929207C20282831554C203C3C206E
:104110002833292929290009436F6E746578742092
:10412000737769746368696E67207768696C652066
:10413000686F6C64696E67206C6F636B210A007333
:10414000697A656F66285F73636865645F73706919
:104150006E6C6F636B29203D3D2030207C7C206C91
:104160006F636B20213D20265F73636865645F7316
:1041700070696E6C6F636B005F6B65726E656C2E41
:10418000637075735B305D2E63757272656E742D2E
:104190003E626173652E73636865645F6C6F636B09
:1041A000656420213D203155005F6B65726E656C42
:1041B0002E637075735B305D2E63757272656E74FD
:1041C0002D3E626173652E73636865645F6C6F6317
:1041D0006B656420213D20305500217465726D6946
:1041E0006E617465000961626F72746564205F635B
:1041F000757272656E74206261636B2066726F6D9A
:1042000020646561640A0021657373656E74696179
:104210006C000961626F7274656420657373656E0A
:104220007469616C207468726561642025700A008D
:10423000574553545F544F504449522F7A65706824
:1042400079722F6B65726E656C2F74696D65736C16
:104250006963696E672E6300282874696D656F75E0
:10426000742920262620282875696E747074725F60
:10427000742928736C6963655F74696D656F757403
:10428000732929203C3D20282875696E747074724A
:104290005F74292874696D656F7574292920262635
:1042A00020282875696E747074725F742928746987
:1042B0006D656F75742929203C20282875696E74F6
:1042C0007074725F7429282628736C6963655F7443
:1042D000696D656F757473295B282873697A655FEA
:1042E0007429282828696E742973697A656F66288D
:1042F000636861725B31202D202832202A2021281A
:10430000215F5F6275696C74696E5F747970657343
:104310005F636F6D70617469626C655F70285F5F69
:10432000747970656F665F5F28736C6963655F742D
:10433000696D656F757473292C205F5F7479706582
:104340006F665F5F282628736C6963655F74696DAB
:10435000656F757473295B305D292929295D2920D2
:104360002D203129202B202873697A656F662873E8
:104370006C6963655F74696D656F75747329202F4F
:104380002073697A656F662828736C6963655F744A
:10439000696D656F757473295B305D292929295D05
:1043A00029292026262028282875696E74707472A1
:1043B0005F74292874696D656F75742929202D2013
:1043C000282875696E747074725F742928736C691B
:1043D00063655F74696D656F75747329292920257C
:1043E0002073697A656F662828736C6963655F74EA
:1043F000696D656F757473295B305D29203D3D20C3
:10440000302900574553545F544F504449522F7A36
:1044100065706879722F6B65726E656C2F74696D4B
:10442000656F75742E6300217379735F646E6F64BA
:10443000655F69735F6C696E6B65642826746F2DA8
:104440003E6E6F64652900574553545F544F504486
:1044500049522F7A65706879722F6B65726E656C40
:104460002F6D656D706F6F6C2E6300616C69676E88
:10447000203D3D2030207C7C20282875696E74709A
:1044800074725F74296D656D20262028616C6967E0
:104490006E202D20312929203D3D203000096D69F5
:1044A00073616C69676E6564206D656D6F727920EC
:1044B00061742025702028616C69676E203D20257D
:1044C0007A75290A00737973776F726B7100FFFF39
:1044D000FFFF1F00418866AA1AFFFF443300B40B98
:1044E000111891A8422EF671C1848C5EEA79B1321E
:1044F000608F00286E756C6C29002A666C6F617481
:104500002A0000010203040506070B0020303030AA
:10451000303030303030303030303000010000008A
:10452000FFFFFFFFFF1F00001F0000000000000052
:104530007FFE0000E40700001D40000000000000B6
:104540000000000000000000FFFFFFFF1FFF1B0036
:10455000BAABBABA10101010A0354D00FF00000021
:10456000C40900000000000000C00041000000007D
:10457000000000000C00000000FF7F0000000000B1
:10458000933C010100000000133C01010000000009
:104590005D6E0001000000005F3C010100000000B2
:1045A0005B3C010100000000BF3C01010000000075
:1045B000773C0101000000008F3C01010000000079
:1045C000D8F30001FF0000003C23010101000000BE
:1045D0002126020100000000116B01010000000013
:1045E000B96A010100000000000000005B00020148
:1045F000010000000000072000000100941E0201DD
:1046000001000000941E02010000000002000000F2
:104610000000000000000000000200000000000098
:10462000D7060201000000000000000000A00041C9
:10463000000000000000000000000000000000007A
:10464000000000000000000000000000000000006A
:10465000000000000000000000000000000000005A
:10466000000000000000000000000000000000004A
:10467000000000000000000000000000000000003A
:10468000000000000000000000000000000000002A
:10469000000000000000000000000000000000001A
:1046A000000000000000000000000000000000000A
:1046B000000000000000000000000000B01E020129
:1046C000FFFF0000FFFF00000090D003FF0000008C
:1046D0003438020100000000C1BA010100000000EE
:1046E00000000000000000000000000000000000CA
:1046F0000000000000000000000000009002000028
:08470000E0010021E0010021AD
:1047080000000000000000000000000000000000A1
:1047180000000000D05500214C20000000000000DF
:08472800000000000000000089
:104730001002002110020021000000000000000013
:044740000E00000067
:1047440024020021240200210000000008000000CF
:1047540040000000207E002120800021207E0021D6
:0C476400207E002100000000000000008A
:104770005002002150020021000000000100000052
:104780000000000000000000000000006C0200219A
:104790006C0200210000000000000000000000008A
:0847A0008002002180020021CB
:1047A800000000000000000000000000940200214A
:1047B800940200210000000007000700000000002C
:1047C80000000000342402010081002100000000E4
:1047D8000000000000000000C0020021C00200210B
:1047E800000000000B000B000000000000000000AB
:1047F80048240201A08400210000000000000000FD
:1048080000000000EC020021EC0200210000000082
:104818000A000A0000000000A58E01015C240201C4
:044828007088002173
:04482C0015E015E09E
:0400000501017F99DD
:00000001FF
