Time [s],Channel 4,Channel 5,Channel 6
0.000000000,0,1,1
0.099127304,0,1,0
0.099128352,0,0,0
0.099129674,1,0,0
0.237673582,1,0,1
0.237674058,1,1,1
0.237676238,0,1,1
0.376191756,0,1,0
0.376192734,0,0,0
0.376193770,1,0,0
0.514738440,1,1,0
0.514738972,1,1,1
0.514740334,0,1,1
0.653286116,0,0,1
0.653287210,0,0,0
0.653287866,1,0,0
0.791863760,1,1,0
0.791865426,1,1,1
0.791866494,0,1,1
0.930411498,0,0,1
0.930411602,0,0,0
0.930413024,1,0,0
1.068990004,1,0,1
1.068991142,1,1,1
1.068991652,0,1,1
1.207506054,0,1,0
1.207506818,0,0,0
1.207508246,1,0,0
1.346054270,1,0,1
1.346054588,1,1,1
1.346055810,0,1,1
1.484601264,0,0,1
1.484601508,0,0,0
1.484603344,1,0,0
1.623147908,1,1,0
1.623149660,1,1,1
1.623149908,0,1,1
1.761726644,0,0,1
1.761726898,0,0,0
1.761728502,1,0,0
1.900273114,1,0,1
1.900274288,1,1,1
1.900275066,0,1,1
2.038911964,0,0,1
2.038914286,0,0,0
2.038914598,1,0,0
2.177520564,1,0,1
2.177520670,1,1,1
2.177523222,0,1,1
2.316130344,0,0,1
2.316130740,0,0,0
2.316131756,1,0,0
2.454736988,1,1,0
2.454737954,1,1,1
2.454739318,0,1,1
2.593345190,0,1,0
2.593346662,0,0,0
2.593347910,1,0,0
2.731954342,1,0,1
2.731955366,1,1,1
2.731956476,0,1,1
2.870562576,0,1,0
2.870564040,0,0,0
2.870565066,1,0,0
3.009232682,1,1,0
3.009233854,1,1,1
3.009234630,0,1,1
3.147841964,0,1,0
3.147842418,0,0,0
3.147843158,1,0,0
3.286479060,1,1,0
3.286480176,1,1,1
3.286481720,0,1,1
3.425117794,0,0,1
3.425119410,0,0,0
3.425120312,1,0,0
3.563727498,1,1,0
3.563727560,1,1,1
3.563728810,0,1,1
3.702334794,0,1,0
3.702335230,0,0,0
3.702337462,1,0,0
3.840944808,1,1,0
3.840945004,1,1,1
3.840945960,0,1,1
3.979552542,0,0,1
3.979553176,0,0,0
3.979554550,1,0,0
4.118161182,1,1,0
4.118161448,1,1,1
4.118163172,0,1,1
4.256768914,0,0,1
4.256769556,0,0,0
4.256770636,1,0,0
4.395377552,1,1,0
4.395377828,1,1,1
4.395379256,0,1,1
4.533985996,0,1,0
4.533986222,0,0,0
4.533987782,1,0,0
4.672594922,1,1,0
4.672595204,1,1,1
4.672596404,0,1,1
4.811202590,0,0,1
4.811203372,0,0,0
4.811204864,1,0,0
4.949811290,1,1,0
4.949811518,1,1,1
4.949813548,0,1,1
5.088418958,0,0,1
5.088419810,0,0,0
5.088421072,1,0,0
5.227058656,1,1,0
5.227058956,1,1,1
5.227060628,0,1,1
5.365667122,0,1,0
5.365667260,0,0,0
5.365669150,1,0,0
5.504275266,1,0,1
5.504275958,1,1,1
5.504276770,0,1,1
5.642913494,0,1,0
5.642914686,0,0,0
5.642916290,1,0,0
5.781522322,1,1,0
5.781523636,1,1,1
5.781524846,0,1,1
5.920129864,0,1,0
5.920129986,0,0,0
5.920132368,1,0,0
6.058738682,1,1,0
6.058740006,1,1,1
6.058740984,0,1,1
6.197347346,0,0,1
6.197348234,0,0,0
6.197349506,1,0,0
6.335956376,1,0,1
6.335957042,1,1,1
6.335958120,0,1,1
6.474564602,0,1,0
6.474565644,0,0,0
6.474566704,1,0,0
6.613172680,1,0,1
6.613173338,1,1,1
6.613175194,0,1,1
6.751841906,0,1,0
6.751844064,0,0,0
6.751844776,1,0,0
6.890449694,1,1,0
6.890450108,1,1,1
6.890452326,0,1,1
7.029059268,0,1,0
7.029059358,0,0,0
7.029060846,1,0,0
7.167666408,1,0,1
7.167668050,1,1,1
7.167669460,0,1,1
7.306275712,0,0,1
7.306276570,0,0,0
7.306277976,1,0,0
7.444884770,1,0,1
7.444885404,1,1,1
7.444886588,0,1,1
7.583493004,0,0,1
7.583494932,0,0,0
7.583495108,1,0,0
7.722101444,1,0,1
7.722101756,1,1,1
7.722102656,0,1,1
7.860709230,0,1,0
7.860710356,0,0,0
7.860711236,1,0,0
7.999317366,1,0,1
7.999318046,1,1,1
7.999319784,0,1,1
8.137925526,0,1,0
8.137926768,0,0,0
8.137928362,1,0,0
8.276564396,1,1,0
8.276565662,1,1,1
8.276566910,0,1,1
8.415173820,0,1,0
8.415174054,0,0,0
8.415175426,1,0,0
8.553812744,1,1,0
8.553812956,1,1,1
8.553814036,0,1,1
8.692421402,0,0,1
8.692422176,0,0,0
8.692422488,1,0,0
8.831029250,1,0,1
8.831030092,1,1,1
8.831031098,0,1,1
8.969637750,0,0,1
8.969638470,0,0,0
8.969639672,1,0,0
9.108247438,1,1,0
9.108247602,1,1,1
9.108248158,0,1,1
9.246854760,0,1,0
9.246855158,0,0,0
9.246856734,1,0,0
9.385462782,1,1,0
9.385463894,1,1,1
9.385465278,0,1,1
9.524070988,0,1,0
9.524071438,0,0,0
9.524072792,1,0,0
9.662679064,1,1,0
9.662680184,1,1,1
9.662681336,0,1,1
9.801287782,0,0,1
9.801289278,0,0,0
9.801289974,1,0,0
9.939926472,1,0,1
9.939927406,1,1,1
9.939928454,0,1,1
10.078535124,0,0,1
10.078535564,0,0,0
10.078537030,1,0,0
10.217143694,1,0,1
10.217144684,1,1,1
10.217145572,0,1,1
10.355752464,0,0,1
10.355752850,0,0,0
10.355754148,1,0,0
10.494421982,1,0,1
10.494422088,1,1,1
10.494423692,0,1,1
10.633030136,0,1,0
10.633030678,0,0,0
10.633032200,1,0,0
10.771638204,1,0,1
10.771638364,1,1,1
10.771639744,0,1,1
10.910277080,0,0,1
10.910277418,0,0,0
10.910279254,1,0,0
11.048884702,1,1,0
11.048886488,1,1,1
11.048887858,0,1,1
11.187493640,0,1,0
11.187495356,0,0,0
11.187496368,1,0,0
11.326101040,1,1,0
11.326101708,1,1,1
11.326103972,0,1,1
11.464710692,0,0,1
11.464710860,0,0,0
11.464712542,1,0,0
11.603319050,1,0,1
11.603319376,1,1,1
11.603321020,0,1,1
11.741928090,0,0,1
11.741928142,0,0,0
11.741929594,1,0,0
11.880536710,1,1,0
11.880537270,1,1,1
11.880538132,0,1,1
12.019145356,0,1,0
12.019145360,0,0,0
12.019146640,1,0,0
12.157751486,1,0,1
12.157751982,1,1,1
12.157754180,0,1,1
12.296360576,0,1,0
12.296361632,0,0,0
12.296362812,1,0,0
12.434970314,1,1,0
12.434970766,1,1,1
12.434971352,0,1,1
12.573577852,0,1,0
12.573579028,0,0,0
12.573579860,1,0,0
12.712185646,1,1,0
12.712185918,1,1,1
12.712188460,0,1,1
12.850795066,0,1,0
12.850795296,0,0,0
12.850796906,1,0,0
12.989402132,1,0,1
12.989402976,1,1,1
12.989404506,0,1,1
13.128011626,0,0,1
13.128013010,1,0,1
13.128013344,1,0,0
13.266619344,1,0,1
13.266621306,1,1,1
13.266621550,0,1,1
13.405227956,0,0,1
13.405228492,0,0,0
13.405230054,1,0,0
13.543836574,1,1,0
13.543837618,1,1,1
13.543838654,0,1,1
13.682444286,0,0,1
13.682445768,0,0,0
13.682447224,1,0,0
13.821053830,1,0,1
13.821053902,1,1,1
13.821054698,0,1,1
13.959660978,0,1,0
13.959661612,0,0,0
13.959663266,1,0,0
14.098270042,1,0,1
14.098270228,1,1,1
14.098271802,0,1,1
14.236909876,0,0,1
14.236910126,0,0,0
14.236911368,1,0,0
14.375516556,1,1,0
14.375517252,1,1,1
14.375518904,0,1,1
14.514126266,0,0,1
14.514126398,0,0,0
14.514127470,1,0,0
14.652765458,1,0,1
14.652765882,1,1,1
14.652766944,0,1,1
14.791403528,0,0,1
14.791404606,0,0,0
14.791405510,1,0,0
14.930012206,1,1,0
14.930012666,1,1,1
14.930014110,0,1,1
15.068650852,0,0,1
15.068651750,0,0,0
15.068652550,1,0,0
15.207258468,1,1,0
15.207258810,1,1,1
15.207261146,0,1,1
15.345897176,0,0,1
15.345898020,0,0,0
15.345899712,1,0,0
15.484506790,1,1,0
15.484507018,1,1,1
15.484508182,0,1,1
15.623115164,0,1,0
15.623115498,0,0,0
15.623116748,1,0,0
15.761753112,1,1,0
15.761754224,1,1,1
15.761755284,0,1,1
15.900393306,0,1,0
15.900393758,0,0,0
15.900394846,1,0,0
16.039030434,1,1,0
16.039031490,1,1,1
16.039033380,0,1,1
16.177669080,0,0,1
16.177670510,0,0,0
16.177671882,1,0,0
16.316309568,1,0,1
16.316310754,1,1,1
16.316311416,0,1,1
16.454917400,0,0,1
16.454918712,0,0,0
16.454919978,1,0,0
16.593524772,1,0,1
16.593525950,1,1,1
16.593527512,0,1,1
16.732133720,0,0,1
16.732133916,0,0,0
16.732136014,1,0,0
16.870773332,1,1,0
16.870773974,1,1,1
16.870775546,0,1,1
17.009412040,0,0,1
17.009412054,0,0,0
17.009414110,1,0,0
17.148020650,1,1,0
17.148021176,1,1,1
17.148022642,0,1,1
17.286658294,0,0,1
17.286659194,0,0,0
17.286661204,1,0,0
17.425298968,1,1,0
17.425299314,1,1,1
17.425300798,0,1,1
17.563905550,0,0,1
17.563907394,0,0,0
17.563908236,1,0,0
17.702514284,1,1,0
17.702514450,1,1,1
17.702516828,0,1,1
17.841123530,0,1,0
17.841123928,0,0,0
17.841125392,1,0,0
17.979730650,1,0,1
17.979731538,1,1,1
17.979733860,0,1,1
18.118339666,0,1,0
18.118341182,0,0,0
18.118342422,1,0,0
18.256949856,1,1,0
18.256950786,1,1,1
18.256950952,0,1,1
18.395555866,0,1,0
18.395557560,0,0,0
18.395558512,1,0,0
18.534165172,1,1,0
18.534165922,1,1,1
18.534167046,0,1,1
18.672804812,0,0,1
18.672804998,0,0,0
18.672806604,1,0,0
18.811411484,1,1,0
18.811413054,1,1,1
18.811414072,0,1,1
18.950052126,0,0,1
18.950052196,0,0,0
18.950053632,1,0,0
19.088660252,1,0,1
19.088660734,1,1,1
19.088662162,0,1,1
19.227268268,0,1,0
19.227268438,0,0,0
19.227270722,1,0,0
19.365876110,1,1,0
19.365876384,1,1,1
19.365878190,0,1,1
19.504516462,0,1,0
19.504516688,0,0,0
19.504517750,1,0,0
19.643154454,1,0,1
19.643156278,0,0,1
19.643156422,0,1,1
19.781762000,0,0,1
19.781763594,0,0,0
19.781764778,1,0,0
19.920370650,1,0,1
19.920372734,1,1,1
19.920373366,0,1,1
20.058979310,0,0,1
20.058981728,0,0,0
20.058981864,1,0,0
20.197586982,1,1,0
20.197588782,1,1,1
20.197589454,0,1,1
20.336196622,0,0,1
20.336196856,0,0,0
20.336198014,1,0,0
20.474804294,1,1,0
20.474804910,1,1,1
20.474806542,0,1,1
20.613412988,0,1,0
20.613413932,0,0,0
20.613415038,1,0,0
20.752021040,1,0,1
20.752022540,1,1,1
20.752023564,0,1,1
20.890630304,0,0,1
20.890631056,0,0,0
20.890632124,1,0,0
21.029236850,1,1,0
21.029239172,1,1,1
21.029239588,0,1,1
21.167846246,0,1,0
21.167846550,0,0,0
21.167848148,1,0,0
21.306453158,1,1,0
21.306455300,1,1,1
21.306456674,0,1,1
21.445063376,0,1,0
21.445063858,0,0,0
21.445065234,1,0,0
21.583671404,1,1,0
21.583672430,1,1,1
21.583673822,0,1,1
21.722280104,0,0,1
21.722281504,0,0,0
21.722282254,1,0,0
21.860889774,1,1,0
21.860890494,1,1,1
21.860890842,0,1,1
21.999495570,0,1,0
21.999496412,0,0,0
21.999498338,1,0,0
22.138136622,1,0,1
22.138137018,1,1,1
22.138137928,0,1,1
22.276744696,0,1,0
22.276744718,0,0,0
22.276746422,1,0,0
22.415382748,1,0,1
22.415383324,1,1,1
22.415384948,0,1,1
22.553991026,0,0,1
22.553991824,0,0,0
22.553993442,1,0,0
22.692630630,1,1,0
22.692630874,1,1,1
22.692632030,0,1,1
22.831267268,0,0,1
22.831269262,0,0,0
22.831270524,1,0,0
22.969878126,1,0,1
22.969878936,1,1,1
22.969879050,0,1,1
23.108485574,0,0,1
23.108486076,0,0,0
23.108487670,1,0,0
23.247094064,1,0,1
23.247094240,1,1,1
23.247096132,0,1,1
23.385702138,0,1,0
23.385703878,0,0,0
23.385704688,1,0,0
23.524312188,1,0,1
23.524312484,1,1,1
23.524313212,0,1,1
23.662948262,0,1,0
23.662949182,0,0,0
23.662951770,1,0,0
23.801586786,1,1,0
23.801589314,1,1,1
23.801590232,0,1,1
23.940196324,0,1,0
23.940197484,0,0,0
23.940198724,1,0,0
24.078805090,1,1,0
24.078806374,1,1,1
24.078807310,0,1,1
24.217444448,0,1,0
24.217444788,0,0,0
24.217445802,1,0,0
24.356052498,1,0,1
24.356053392,1,1,1
24.356054390,0,1,1
24.494661028,0,0,1
24.494661508,0,0,0
24.494662882,1,0,0
24.633269622,1,0,1
24.633269696,1,1,1
24.633271468,0,1,1
24.771877568,0,1,0
24.771879330,0,0,0
24.771879962,1,0,0
24.910485996,1,1,0
24.910487682,1,1,1
24.910488484,0,1,1
25.049093632,0,0,1
25.049094752,0,0,0
25.049096040,1,0,0
25.187702740,1,0,1
25.187703298,1,1,1
25.187704562,0,1,1
25.326310934,0,0,1
25.326311812,0,0,0
25.326313054,1,0,0
25.464919536,1,1,0
25.464919862,1,1,1
25.464921580,0,1,1
25.603528172,0,0,1
25.603528932,0,0,0
25.603530132,1,0,0
25.742166920,1,0,1
25.742167836,1,1,1
25.742168656,0,1,1
25.880775534,0,0,1
25.880776992,0,0,0
25.880777210,1,0,0
26.019414040,1,0,1
26.019414138,1,1,1
26.019415732,0,1,1
26.158021772,0,0,1
26.158022110,0,0,0
26.158024288,1,0,0
26.296630374,1,1,0
26.296631098,1,1,1
26.296632746,0,1,1
26.435240070,0,0,1
26.435240232,0,0,0
26.435241300,1,0,0
26.573847672,1,1,0
26.573848218,1,1,1
26.573849822,0,1,1
26.712456288,0,1,0
26.712456370,0,0,0
26.712458438,1,0,0
26.851063972,1,1,0
26.851064274,1,1,1
26.851065898,0,1,1
26.989673346,0,1,0
26.989673606,0,0,0
26.989674450,1,0,0
27.128281208,1,1,0
27.128281330,1,1,1
27.128282972,0,1,1
27.266889462,0,1,0
27.266889904,0,0,0
27.266891462,1,0,0
27.405558448,1,0,1
27.405559568,1,1,1
27.405561048,0,1,1
27.544167262,0,0,1
27.544167518,0,0,0
27.544169536,1,0,0
27.682774566,1,0,1
27.682774802,1,1,1
27.682777058,0,1,1
27.821414576,0,1,0
27.821415436,0,0,0
27.821416610,1,0,0
27.960052162,1,1,0
27.960052682,1,1,1
27.960055130,0,1,1
28.098661690,0,1,0
28.098662794,0,0,0
28.098663622,1,0,0
28.237270676,1,0,1
28.237271396,1,1,1
28.237272204,0,1,1
28.375879030,0,0,1
28.375879746,0,0,0
28.375880694,1,0,0
28.514487792,1,0,1
28.514488692,1,1,1
28.514489278,0,1,1
28.653094262,0,0,1
28.653094860,0,0,0
28.653096704,1,0,0
28.791702988,1,1,0
28.791703846,1,1,1
28.791705286,0,1,1
28.930311914,0,1,0
28.930312682,0,0,0
28.930313838,1,0,0
29.068949960,1,0,1
29.068950220,1,1,1
29.068952360,0,1,1
29.207558852,0,0,1
29.207559030,0,0,0
29.207560846,1,0,0
29.346167014,1,0,1
29.346167514,1,1,1
29.346169366,0,1,1
29.484776084,0,1,0
29.484776210,0,0,0
29.484777918,1,0,0
29.623384810,1,1,0
29.623386066,1,1,1
29.623386438,0,1,1
29.761992504,0,0,1
29.761994134,0,0,0
29.761994988,1,0,0
29.900601104,1,1,0
29.900601116,1,1,1
29.900602446,0,1,1
30.039208798,0,0,1
30.039209186,0,0,0
30.039210996,1,0,0
30.177848398,1,1,0
30.177849232,1,1,1
30.177850516,0,1,1
30.316518028,0,0,1
30.316518236,0,0,0
30.316520004,1,0,0
30.455124690,1,1,0
30.455126346,1,1,1
30.455127586,0,1,1
30.593734352,0,1,0
30.593735258,0,0,0
30.593736074,1,0,0
30.732342922,1,1,0
30.732343334,1,1,1
30.732344654,0,1,1
30.870951552,0,0,1
30.870952402,0,0,0
30.870953142,1,0,0
31.009560214,1,1,0
31.009560446,1,1,1
31.009561662,0,1,1
31.148168514,0,1,0
31.148168844,0,0,0
31.148170212,1,0,0
31.286807506,1,1,0
31.286807810,1,1,1
31.286808732,0,1,1
31.425415136,0,0,1
31.425416688,0,0,0
31.425417218,1,0,0
31.564053546,1,0,1
31.564053798,1,1,1
31.564055800,0,1,1
31.702662428,0,0,1
31.702662676,0,0,0
31.702664222,1,0,0
31.841271088,1,1,0
31.841271658,1,1,1
31.841272806,0,1,1
31.979908662,0,1,0
31.979908720,0,0,0
31.979911352,1,0,0
32.118517380,1,1,0
32.118518706,1,1,1
32.118519934,0,1,1
32.257126712,0,1,0
32.257127010,0,0,0
32.257128358,1,0,0
32.395734608,1,1,0
32.395734756,1,1,1
32.395736938,0,1,1
32.534373238,0,0,1
32.534373822,0,0,0
32.534375426,1,0,0
32.672981866,1,0,1
32.672982962,1,1,1
32.672984006,0,1,1
32.811589528,0,0,1
32.811591870,0,0,0
32.811592428,1,0,0
32.950198188,1,1,0
32.950199912,1,1,1
32.950201008,0,1,1
33.088805978,0,1,0
33.088806816,0,0,0
33.088808494,1,0,0
33.227413960,1,0,1
33.227415476,1,1,1
33.227417010,0,1,1
33.366023026,0,1,0
33.366024044,0,0,0
33.366025562,1,0,0
33.504662142,1,1,0
33.504663008,1,1,1
33.504664140,0,1,1
33.643270134,0,1,0
33.643271332,0,0,0
33.643272626,1,0,0
33.781879054,1,1,0
33.781880054,1,1,1
33.781881142,0,1,1
33.920487620,0,0,1
33.920488182,0,0,0
33.920489626,1,0,0
34.059096282,1,1,0
34.059097162,1,1,1
34.059098208,0,1,1
34.197703472,0,0,1
34.197705228,0,0,0
34.197706694,1,0,0
34.336312208,1,0,1
34.336312944,1,1,1
34.336314272,0,1,1
34.474921212,0,1,0
34.474921446,0,0,0
34.474922756,1,0,0
34.613528732,1,1,0
34.613529190,1,1,1
34.613531272,0,1,1
34.752138318,0,1,0
34.752138484,0,0,0
34.752139820,1,0,0
34.890746360,1,0,1
34.890748082,1,1,1
34.890748274,0,1,1
35.029355364,0,1,0
35.029355772,0,0,0
35.029356822,1,0,0
35.167963406,1,0,1
35.167964368,1,1,1
35.167965400,0,1,1
35.306570996,0,0,1
35.306572408,0,0,0
35.306572884,1,0,0
35.445179450,1,0,1
35.445179656,1,1,1
35.445181464,0,1,1
35.583787452,0,1,0
35.583788284,0,0,0
35.583789884,1,0,0
35.722425556,1,0,1
35.722426942,1,1,1
35.722428400,0,1,1
35.861034496,0,1,0
35.861035570,0,0,0
35.861036946,1,0,0
35.999643226,1,1,0
35.999643538,1,1,1
35.999645526,0,1,1
36.138251540,0,1,0
36.138252730,0,0,0
36.138253946,1,0,0
36.276860450,1,1,0
36.276861582,1,1,1
36.276862524,0,1,1
36.415469140,0,0,1
36.415469710,0,0,0
36.415471008,1,0,0
36.554075798,1,1,0
36.554077688,1,1,1
36.554078586,0,1,1
36.692716364,0,0,1
36.692717688,0,0,0
36.692718132,1,0,0
36.831354020,1,1,0
36.831355732,1,1,1
36.831356586,0,1,1
36.969962646,0,0,1
36.969962730,0,0,0
36.969965130,1,0,0
37.108571772,1,0,1
37.108572306,1,1,1
37.108573708,0,1,1
37.247179774,0,1,0
37.247179932,0,0,0
37.247182130,1,0,0
37.385788814,1,0,1
37.385789590,1,1,1
37.385790706,0,1,1
37.524395216,0,0,1
37.524396816,0,0,0
37.524398190,1,0,0
37.663004810,1,1,0
37.663004920,1,1,1
37.663006768,0,1,1
37.801612438,0,0,1
37.801613920,0,0,0
37.801615186,1,0,0
37.940221960,1,0,1
37.940223158,1,1,1
37.940223764,0,1,1
38.078829784,0,0,1
38.078831022,0,0,0
38.078832246,1,0,0
38.217438000,1,0,1
38.217439378,1,1,1
38.217440822,0,1,1
38.356046064,0,1,0
38.356047004,0,0,0
38.356048370,1,0,0
38.494653980,1,0,1
38.494654662,1,1,1
38.494656820,0,1,1
38.633263104,0,1,0
38.633263226,0,0,0
38.633265366,1,0,0
38.771872144,1,0,1
38.771872882,1,1,1
38.771873880,0,1,1
38.910480570,0,0,1
38.910481082,0,0,0
38.910482362,1,0,0
39.049088228,1,1,0
39.049090186,1,1,1
39.049090940,0,1,1
39.187696498,0,1,0
39.187697852,0,0,0
39.187698420,1,0,0
39.326304448,1,1,0
39.326306226,1,1,1
39.326306996,0,1,1
39.464913224,0,1,0
39.464914072,0,0,0
39.464915480,1,0,0
39.603522014,1,0,1
39.603522730,1,1,1
39.603524056,0,1,1
39.742130952,0,1,0
39.742131354,0,0,0
39.742132536,1,0,0
39.880740012,1,1,0
39.880740742,1,1,1
39.880741052,0,1,1
40.019346366,0,1,0
40.019347636,0,0,0
40.019348532,1,0,0
40.157955292,1,1,0
40.157955344,1,1,1
40.157957110,0,1,1
40.296563406,0,1,0
40.296563980,0,0,0
40.296565590,1,0,0
40.435172444,1,0,1
40.435173574,1,1,1
40.435174164,0,1,1
40.573781200,0,0,1
40.573782444,0,0,0
40.573782650,1,0,0
40.712389792,1,1,0
40.712390484,1,1,1
40.712391160,0,1,1
40.851028478,0,0,1
40.851028482,0,0,0
40.851029642,1,0,0
40.989635522,1,0,1
40.989637072,1,1,1
40.989638216,0,1,1
41.128244760,0,0,1
41.128246522,0,0,0
41.128246762,1,0,0
41.266853352,1,1,0
41.266853560,1,1,1
41.266855212,0,1,1
41.405461040,0,0,1
41.405461558,0,0,0
41.405462816,1,0,0
41.544069570,1,1,0
41.544070598,1,1,1
41.544071268,0,1,1
41.682677596,0,1,0
41.682678256,0,0,0
41.682679748,1,0,0
41.821286638,1,0,1
41.821286912,1,1,1
41.821288326,0,1,1
41.959924598,0,0,1
41.959925634,0,0,0
41.959926866,1,0,0
42.098533128,1,1,0
42.098533734,1,1,1
42.098535380,0,1,1
42.237172734,0,1,0
42.237172814,0,0,0
42.237173860,1,0,0
42.375811470,1,1,0
42.375812772,1,1,1
42.375813372,0,1,1
42.514450094,0,0,1
42.514450832,0,0,0
42.514451852,1,0,0
42.653058686,1,1,0
42.653058808,1,1,1
42.653060488,0,1,1
42.791667310,0,0,1
42.791667806,0,0,0
42.791668908,1,0,0
42.930275846,1,0,1
42.930275964,1,1,1
42.930277484,0,1,1
43.068913650,0,0,1
43.068913906,0,0,0
43.068915962,1,0,0
43.207522244,1,1,0
43.207522882,1,1,1
43.207524538,0,1,1
43.346161872,0,0,1
43.346161878,0,0,0
43.346163018,1,0,0
43.484769520,1,1,0
43.484769918,1,1,1
43.484771528,0,1,1
43.623377978,0,1,0
43.623378082,0,0,0
43.623380008,1,0,0
43.761986798,1,1,0
43.761986952,1,1,1
43.761988582,0,1,1
43.900594422,0,0,1
43.900596014,0,0,0
43.900597062,1,0,0
44.039202988,1,0,1
44.039203014,1,1,1
44.039204636,0,1,1
44.177841986,0,1,0
44.177842700,0,0,0
44.177844116,1,0,0
44.316451024,1,0,1
44.316451290,1,1,1
44.316452690,0,1,1
44.455058146,0,1,0
44.455058914,0,0,0
44.455060170,1,0,0
44.593697570,1,1,0
44.593699120,1,1,1
44.593699620,0,1,1
44.732306118,0,1,0
44.732306190,0,0,0
44.732308160,1,0,0
44.870914846,1,1,0
44.870915154,1,1,1
44.870916734,0,1,1
45.009553152,0,1,0
45.009553466,0,0,0
45.009555212,1,0,0
45.148191190,1,0,1
45.148192058,1,1,1
45.148193786,0,1,1
45.286830744,0,0,1
45.286832248,0,0,0
45.286833202,1,0,0
45.425439222,1,0,1
45.425439336,1,1,1
45.425440778,0,1,1
45.564078956,0,0,1
45.564079282,0,0,0
45.564080254,1,0,0
45.702686610,1,1,0
45.702687256,1,1,1
45.702688830,0,1,1
45.841294316,0,1,0
45.841295232,0,0,0
45.841296308,1,0,0
45.979902290,1,0,1
45.979902824,1,1,1
45.979904818,0,1,1
46.118511350,0,1,0
46.118511570,0,0,0
46.118513296,1,0,0
46.257121162,1,1,0
46.257121386,1,1,1
46.257121870,0,1,1
46.395728782,0,0,1
46.395729382,0,0,0
46.395730412,1,0,0
46.534366436,1,1,0
46.534367356,1,1,1
46.534368920,0,1,1
46.672975478,0,1,0
46.672977120,0,0,0
46.672977400,1,0,0
46.811613648,1,1,0
46.811614452,1,1,1
46.811615910,0,1,1
46.950222270,0,0,1
46.950222510,0,0,0
46.950224388,1,0,0
47.088830922,1,1,0
47.088831484,1,1,1
47.088833022,0,1,1
47.227439544,0,1,0
47.227439608,0,0,0
47.227441440,1,0,0
47.366048196,1,1,0
47.366048454,1,1,1
47.366050012,0,1,1
47.504656574,0,1,0
47.504656880,0,0,0
47.504658552,1,0,0
47.643264410,1,1,0
47.643264610,1,1,1
47.643266000,0,1,1
47.781872156,0,0,1
47.781873606,0,0,0
47.781874540,1,0,0
47.920481682,1,1,0
47.920482642,1,1,1
47.920483050,0,1,1
48.059089366,0,0,1
48.059090950,0,0,0
48.059091590,1,0,0
48.197696954,1,1,0
48.197698612,1,1,1
48.197700100,0,1,1
48.336305576,0,0,1
48.336307668,0,0,0
48.336308578,1,0,0
48.474913292,1,1,0
48.474913704,1,1,1
48.474916086,0,1,1
48.613522762,0,1,0
48.613523852,0,0,0
48.613524564,1,0,0
48.752161734,1,0,1
48.752162440,1,1,1
48.752164074,0,1,1
48.890800730,0,1,0
48.890801186,0,0,0
48.890802676,1,0,0
49.029408774,1,1,0
49.029409766,1,1,1
49.029411186,0,1,1
49.168017396,0,0,1
49.168017760,0,0,0
49.168019662,1,0,0
49.306626796,1,0,1
49.306627048,1,1,1
49.306628234,0,1,1
49.445232668,0,0,1
49.445233854,0,0,0
49.445235712,1,0,0
49.583840826,1,0,1
49.583842258,1,1,1
49.583844220,0,1,1
49.722480940,0,0,1
49.722481820,0,0,0
49.722483762,1,0,0
49.861119920,1,0,1
49.861120530,1,1,1
49.861122270,0,1,1
49.999727914,0,1,0
49.999730212,0,0,0
49.999730808,1,0,0
50.138367800,1,1,0
50.138368010,1,1,1
50.138369316,0,1,1
50.276975942,0,1,0
50.276976422,0,0,0
50.276977794,1,0,0
50.415584976,1,0,1
50.415585010,1,1,1
50.415586302,0,1,1
50.554193756,0,0,1
50.554194778,1,0,1
50.554195034,1,0,0
50.692831006,1,0,1
50.692833344,1,1,1
50.692833360,0,1,1
50.831439964,0,0,1
50.831440062,0,0,0
50.831441826,1,0,0
50.970048098,1,0,1
50.970048614,1,1,1
50.970050398,0,1,1
51.108686092,0,1,0
51.108688874,1,1,0
51.108689234,1,0,0
51.247295126,1,0,1
51.247295824,1,1,1
51.247297444,0,1,1
51.385904120,0,1,0
51.385904442,0,0,0
51.385905860,1,0,0
51.524512094,1,1,0
51.524514154,1,1,1
51.524514430,0,1,1
51.663119776,0,0,1
51.663121148,0,0,0
51.663121906,1,0,0
51.801729182,1,0,1
51.801729364,1,1,1
51.801730474,0,1,1
51.940369178,0,1,0
51.940369950,1,1,0
51.940369984,1,0,0
52.078975634,1,1,0
52.078976274,1,1,1
52.078977522,0,1,1
52.217584206,0,1,0
52.217584316,0,0,0
52.217585936,1,0,0
52.356192238,1,0,1
52.356193842,1,1,1
52.356194504,0,1,1
52.494800524,0,0,1
52.494801232,0,0,0
52.494803044,1,0,0
52.633409266,1,0,1
52.633410112,1,1,1
52.633411614,0,1,1
52.772048730,0,0,1
52.772049322,0,0,0
52.772050028,1,0,0
52.910656380,1,1,0
52.910657294,1,1,1
52.910658596,0,1,1
53.049265062,0,0,1
53.049266350,0,0,0
53.049267012,1,0,0
53.187874382,1,0,1
53.187874648,1,1,1
53.187875580,0,1,1
53.326482330,0,0,1
53.326483312,0,0,0
53.326484120,1,0,0
53.465089410,1,0,1
53.465089916,1,1,1
53.465091626,0,1,1
53.603697464,0,1,0
53.603698600,0,0,0
53.603700164,1,0,0
53.742306124,1,1,0
53.742306436,1,1,1
53.742308610,0,1,1
53.880914804,0,0,1
53.880915492,0,0,0
53.880917148,1,0,0
54.019553392,1,1,0
54.019554462,1,1,1
54.019555654,0,1,1
54.158162456,0,1,0
54.158163072,0,0,0
54.158164192,1,0,0
54.296769660,1,1,0
54.296772488,1,1,1
54.296772700,0,1,1
54.435379544,0,1,0
54.435380278,0,0,0
54.435381236,1,0,0
54.573986990,1,1,0
54.573988514,1,1,1
54.573989680,0,1,1
54.712594568,0,1,0
54.712596546,0,0,0
54.712597156,1,0,0
54.851203540,1,0,1
54.851204194,1,1,1
54.851205726,0,1,1
54.989842814,0,0,1
54.989843594,0,0,0
54.989845262,1,0,0
55.128450564,1,0,1
55.128451400,1,1,1
55.128452768,0,1,1
55.267058620,0,1,0
55.267060080,0,0,0
55.267061244,1,0,0
55.405667730,1,1,0
55.405668654,1,1,1
55.405669750,0,1,1
55.544276348,0,0,1
55.544277644,0,0,0
55.544278286,1,0,0
55.682884936,1,1,0
55.682885614,1,1,1
55.682886856,0,1,1
55.821493552,0,0,1
55.821494670,0,0,0
55.821495332,1,0,0
55.960101702,1,0,1
55.960102202,1,1,1
55.960103838,0,1,1
56.098709820,0,0,1
56.098709882,0,0,0
56.098711312,1,0,0
56.237316726,1,0,1
56.237318468,1,1,1
56.237319818,0,1,1
56.375926594,0,1,0
56.375927150,0,0,0
56.375928294,1,0,0
56.514534734,1,1,0
56.514534750,1,1,1
56.514536862,0,1,1
56.653143806,0,1,0
56.653144352,0,0,0
56.653145398,1,0,0
56.791781938,1,1,0
56.791782774,1,1,1
56.791783904,0,1,1
56.930390618,0,0,1
56.930390766,0,0,0
56.930392380,1,0,0
57.068998798,1,0,1
57.068999204,1,1,1
57.069000946,0,1,1
57.207606854,0,1,0
57.207607884,0,0,0
57.207609482,1,0,0
57.346214408,1,1,0
57.346215884,1,1,1
57.346216928,0,1,1
57.484823150,0,0,1
57.484823878,0,0,0
57.484825464,1,0,0
57.623462738,1,1,0
57.623463908,1,1,1
57.623464970,0,1,1
57.762069962,0,1,0
57.762071416,0,0,0
57.762072442,1,0,0
57.900678932,1,0,1
57.900679000,1,1,1
57.900681012,0,1,1
58.039318922,0,1,0
58.039319556,0,0,0
58.039320486,1,0,0
58.177957266,1,1,0
58.177958018,1,1,1
58.177959052,0,1,1
58.316594882,0,0,1
58.316596008,0,0,0
58.316597526,1,0,0
58.455203532,1,1,0
58.455205038,1,1,1
58.455206032,0,1,1
58.593812030,0,1,0
58.593812086,0,0,0
58.593814568,1,0,0
58.732421062,1,0,1
58.732421732,1,1,1
58.732423074,0,1,1
58.871060052,0,1,0
58.871060350,0,0,0
58.871061548,1,0,0
59.009668998,1,1,0
59.009669020,1,1,1
59.009670052,0,1,1
59.148276076,0,1,0
59.148276614,0,0,0
59.148278588,1,0,0
59.286915044,1,0,1
59.286915200,1,1,1
59.286917092,0,1,1
59.425522878,0,0,1
59.425523096,0,0,0
59.425525566,1,0,0
59.564132064,1,0,1
59.564133464,1,1,1
59.564134134,0,1,1
59.702740144,0,0,1
59.702741118,0,0,0
59.702742668,1,0,0
59.841348790,1,1,0
59.841349150,1,1,1
59.841351174,0,1,1
59.979988202,0,1,0
59.979988344,0,0,0
59.979989646,1,0,0
60.118595992,1,1,0
60.118597170,1,1,1
60.118598150,0,1,1
60.257265162,0,1,0
60.257265608,0,0,0
60.257267624,1,0,0
60.395873192,1,0,1
60.395874254,1,1,1
60.395876190,0,1,1
60.534512870,0,0,1
60.534514244,0,0,0
60.534514664,1,0,0
60.673120456,1,1,0
60.673121276,1,1,1
60.673123230,0,1,1
60.811730072,0,0,1
60.811730204,0,0,0
60.811731704,1,0,0
60.950336718,1,1,0
60.950338234,1,1,1
60.950339208,0,1,1
61.088945350,0,1,0
61.088946396,0,0,0
61.088947682,1,0,0
61.227554980,1,1,0
61.227555254,1,1,1
61.227556186,0,1,1
61.366163370,0,1,0
61.366163596,0,0,0
61.366164720,1,0,0
61.504801244,1,1,0
61.504801338,1,1,1
61.504803224,0,1,1
61.643440328,0,1,0
61.643440862,0,0,0
61.643442762,1,0,0
61.782079506,1,1,0
61.782080358,1,1,1
61.782081264,0,1,1
61.920688122,0,0,1
61.920688348,0,0,0
61.920689800,1,0,0
62.059296440,1,0,1
62.059296768,1,1,1
62.059298304,0,1,1
62.197905322,0,0,1
62.197905368,0,0,0
62.197906774,1,0,0
62.336512968,1,1,0
62.336513398,1,1,1
62.336514340,0,1,1
62.475120450,0,1,0
62.475120584,0,0,0
62.475122814,1,0,0
62.613730418,1,0,1
62.613731232,1,1,1
62.613731318,0,1,1
62.752337846,0,0,1
62.752338470,0,0,0
62.752339852,1,0,0
62.890976492,1,1,0
62.890976500,1,1,1
62.890978358,0,1,1
63.029585108,0,0,1
63.029585490,0,0,0
63.029586828,1,0,0
63.168193520,1,0,1
63.168193756,1,1,1
63.168195396,0,1,1
63.306802370,0,0,1
63.306802510,0,0,0
63.306803802,1,0,0
63.445409954,1,1,0
63.445411540,1,1,1
63.445412432,0,1,1
63.584017694,0,0,1
63.584018590,0,0,0
63.584019842,1,0,0
63.722626558,1,0,1
63.722627214,1,1,1
63.722628408,0,1,1
63.861235608,0,1,0
63.861235892,0,0,0
63.861236942,1,0,0
63.999844476,1,1,0
63.999844576,1,1,1
63.999845444,0,1,1
64.138452090,0,0,1
64.138452628,0,0,0
64.138453918,1,0,0
64.277059738,1,1,0
64.277060596,1,1,1
64.277062420,0,1,1
64.415668352,0,0,1
64.415669646,0,0,0
64.415670954,1,0,0
64.554276300,1,0,1
64.554276998,1,1,1
64.554278458,0,1,1
64.692915664,0,1,0
64.692916612,0,0,0
64.692917928,1,0,0
64.831524506,1,0,1
64.831525196,1,1,1
64.831526494,0,1,1
64.970162874,0,0,1
64.970163684,0,0,0
64.970165028,1,0,0
65.108772456,1,1,0
65.108772650,1,1,1
65.108773530,0,1,1
65.247379702,0,1,0
65.247380134,0,0,0
65.247382002,1,0,0
65.385986716,1,1,0
65.385987730,1,1,1
65.385989506,0,1,1
65.524596394,0,0,1
65.524596720,0,0,0
65.524597976,1,0,0
65.663233916,1,1,0
65.663235748,1,1,1
65.663237542,0,1,1
65.801873590,0,0,1
65.801875800,0,0,0
65.801876012,1,0,0
65.940482766,1,0,1
65.940483236,1,1,1
65.940484578,0,1,1
66.079120852,0,0,1
66.079121818,0,0,0
66.079123048,1,0,0
66.217728784,1,0,1
66.217729496,1,1,1
66.217731614,0,1,1
66.356337834,0,1,0
66.356340022,1,1,0
66.356340048,1,0,0
66.494946800,1,0,1
66.494947692,1,1,1
66.494948586,0,1,1
66.633555370,0,0,1
66.633555852,0,0,0
66.633557058,1,0,0
66.772161952,1,1,0
66.772163818,1,1,1
66.772164622,0,1,1
66.910801566,0,0,1
66.910801870,0,0,0
66.910804032,1,0,0
67.049410896,1,0,1
67.049411212,1,1,1
67.049412594,0,1,1
67.188018882,0,1,0
67.188018886,0,0,0
67.188020066,1,0,0
67.326625850,1,0,1
67.326627470,1,1,1
67.326628630,0,1,1
67.465235900,0,1,0
67.465236084,0,0,0
67.465237162,1,0,0
67.603844668,1,1,0
67.603844866,1,1,1
67.603845666,0,1,1
67.742481916,0,1,0
67.742482342,0,0,0
67.742484136,1,0,0
67.881090988,1,1,0
67.881091944,1,1,1
67.881092638,0,1,1
68.019697934,0,1,0
68.019699602,0,0,0
68.019701108,1,0,0
68.158307246,1,1,0
68.158308962,1,1,1
68.158309674,0,1,1
68.296916860,0,0,1
68.296917012,0,0,0
68.296918206,1,0,0
68.435523442,1,1,0
68.435525038,1,1,1
68.435525708,0,1,1
68.574132118,0,0,1
68.574133026,0,0,0
68.574134240,1,0,0
68.712740700,1,1,0
68.712741054,1,1,1
68.712742680,0,1,1
68.851349044,0,1,0
68.851350314,0,0,0
68.851351210,1,0,0
68.989957958,1,1,0
68.989958008,1,1,1
68.989959714,0,1,1
69.128566570,0,0,1
69.128567058,0,0,0
69.128568246,1,0,0
69.267174216,1,1,0
69.267175086,1,1,1
69.267176748,0,1,1
69.405781830,0,0,1
69.405783072,0,0,0
69.405784218,1,0,0
69.544390410,1,1,0
69.544392100,1,1,1
69.544392782,0,1,1
69.682999024,0,0,1
69.683000088,0,0,0
69.683001252,1,0,0
69.821607668,1,1,0
69.821609116,1,1,1
69.821609754,0,1,1
69.960246282,0,0,1
69.960248104,0,0,0
69.960248284,1,0,0
70.098855130,1,0,1
70.098855924,1,1,1
70.098856786,0,1,1
70.237463180,0,1,0
70.237463538,0,0,0
70.237465256,1,0,0
70.376072144,1,0,1
70.376073182,1,1,1
70.376073820,0,1,1
70.514679858,0,0,1
70.514680194,0,0,0
70.514682290,1,0,0
70.653349158,1,0,1
70.653349376,1,1,1
70.653350792,0,1,1
70.791958052,0,0,1
70.791958208,0,0,0
70.791959322,1,0,0
70.930565258,1,1,0
70.930566236,1,1,1
70.930567824,0,1,1
71.069205224,0,1,0
71.069206308,0,0,0
71.069207356,1,0,0
71.207813890,1,1,0
71.207814250,1,1,1
71.207814856,0,1,1
71.346421238,0,1,0
71.346422502,0,0,0
71.346423324,1,0,0
71.485029264,1,0,1
71.485030582,1,1,1
71.485031828,0,1,1
71.623637758,0,0,1
71.623640250,0,0,0
71.623640358,1,0,0
71.762246278,1,0,1
71.762247526,1,1,1
71.762248858,0,1,1
71.900855266,0,1,0
71.900856016,0,0,0
71.900857330,1,0,0
72.039493658,1,1,0
72.039494290,1,1,1
72.039495890,0,1,1
72.178103278,0,1,0
72.178103458,0,0,0
72.178104360,1,0,0
72.316741304,1,0,1
72.316741414,1,1,1
72.316742860,0,1,1
72.455349292,0,1,0
72.455349462,0,0,0
72.455351392,1,0,0
72.593958106,1,1,0
72.593958318,1,1,1
72.593959894,0,1,1
72.732565718,0,0,1
72.732567368,0,0,0
72.732568424,1,0,0
72.871173330,1,0,1
72.871174362,1,1,1
72.871175862,0,1,1
73.009813974,0,0,1
73.009814316,0,0,0
73.009815456,1,0,0
73.148451344,1,0,1
73.148452554,1,1,1
73.148453956,0,1,1
73.287091228,0,0,1
73.287092706,0,0,0
73.287093424,1,0,0
73.425698810,1,1,0
73.425699420,1,1,1
73.425700986,0,1,1
73.564338404,0,1,0
73.564339546,0,0,0
73.564340456,1,0,0
73.702948066,1,1,0
73.702948368,1,1,1
73.702948956,0,1,1
73.841554738,0,0,1
73.841555418,0,0,0
73.841556424,1,0,0
73.980163320,1,1,0
73.980163382,1,1,1
73.980164986,0,1,1
74.118801994,0,0,1
74.118803430,0,0,0
74.118804518,1,0,0
74.257409572,1,1,0
74.257410394,1,1,1
74.257412020,0,1,1
74.396018248,0,0,1
74.396018442,0,0,0
74.396020424,1,0,0
74.534658468,1,0,1
74.534658828,1,1,1
74.534660050,0,1,1
74.673265440,0,0,1
74.673265518,0,0,0
74.673267518,1,0,0
74.811873480,1,0,1
74.811874082,1,1,1
74.811876016,0,1,1
74.950513694,0,0,1
74.950514528,0,0,0
74.950515486,1,0,0
75.089152336,1,1,0
75.089152492,1,1,1
75.089154048,0,1,1
75.227760478,0,1,0
75.227760948,0,0,0
75.227762516,1,0,0
75.366369504,1,0,1
75.366369590,1,1,1
75.366371016,0,1,1
75.504976552,0,1,0
75.504978202,0,0,0
75.504979482,1,0,0
75.643583516,1,0,1
75.643585782,1,1,1
75.643586984,0,1,1
75.782193392,0,0,1
75.782193626,0,0,0
75.782195514,1,0,0
75.920832526,1,0,1
75.920833034,1,1,1
75.920835014,0,1,1
76.059440646,0,0,1
76.059441574,0,0,0
76.059442544,1,0,0
76.198049288,1,1,0
76.198050600,1,1,1
76.198051044,0,1,1
76.336657650,0,1,0
76.336658838,0,0,0
76.336659574,1,0,0
76.475266480,1,1,0
76.475266548,1,1,1
76.475268134,0,1,1
76.613874660,0,1,0
76.613876152,0,0,0
76.613876540,1,0,0
76.752483622,1,0,1
76.752484732,1,1,1
76.752485102,0,1,1
76.891090406,0,0,1
76.891090670,0,0,0
76.891092570,1,0,0
77.029698632,1,0,1
77.029698986,1,1,1
77.029701132,0,1,1
77.168307618,0,1,0
77.168307658,0,0,0
77.168309536,1,0,0
77.306915644,1,0,1
77.306916176,1,1,1
77.306918098,0,1,1
77.445525690,0,1,0
77.445525848,0,0,0
77.445526628,1,0,0
77.584133428,1,1,0
77.584134716,1,1,1
77.584135126,0,1,1
77.722742040,0,0,1
77.722742640,0,0,0
77.722743656,1,0,0
77.861349726,1,0,1
77.861350742,1,1,1
77.861351156,0,1,1
77.999957648,0,1,0
77.999958292,0,0,0
77.999959622,1,0,0
78.138565934,1,1,0
78.138566736,1,1,1
78.138568122,0,1,1
78.277174544,0,0,1
78.277175782,0,0,0
78.277176652,1,0,0
78.415782682,1,0,1
78.415783186,1,1,1
78.415785152,0,1,1
78.554390794,0,0,1
78.554391730,0,0,0
78.554393618,1,0,0
78.692999756,1,0,1
78.693000438,1,1,1
78.693001180,0,1,1
78.831638740,0,1,0
78.831639046,0,0,0
78.831640708,1,0,0
78.970247688,1,1,0
78.970247702,1,1,1
78.970249144,0,1,1
79.108885750,0,1,0
79.108887300,0,0,0
79.108887674,1,0,0
79.247494836,1,0,1
79.247494940,1,1,1
79.247496174,0,1,1
79.386102488,0,0,1
79.386102758,0,0,0
79.386104702,1,0,0
79.524710190,1,1,0
79.524710782,1,1,1
79.524712200,0,1,1
79.663317738,0,0,1
79.663317830,0,0,0
79.663320668,1,0,0
79.801927854,1,0,1
79.801928380,1,1,1
79.801929228,0,1,1
79.940566654,0,1,0
79.940566990,0,0,0
79.940568696,1,0,0
80.079173630,1,1,0
80.079174864,1,1,1
80.079176192,0,1,1
80.217813848,0,1,0
80.217814240,0,0,0
80.217815722,1,0,0
80.356422872,1,0,1
80.356423882,1,1,1
80.356424222,0,1,1
80.495029856,0,1,0
80.495030492,0,0,0
80.495031688,1,0,0
80.633638134,1,1,0
80.633638880,1,1,1
80.633640246,0,1,1
80.772246928,0,1,0
80.772247680,0,0,0
80.772248714,1,0,0
80.910854384,1,1,0
80.910855888,1,1,1
80.910857212,0,1,1
81.049463930,0,0,1
81.049463936,0,0,0
81.049465740,1,0,0
81.188071898,1,0,1
81.188073572,1,1,1
81.188074302,0,1,1
81.326679242,0,0,1
81.326679568,0,0,0
81.326681768,1,0,0
81.465287904,1,0,1
81.465289822,1,1,1
81.465290266,0,1,1
81.603896952,0,1,0
81.603898494,0,0,0
81.603898732,1,0,0
81.742504976,1,0,1
81.742505072,1,1,1
81.742507292,0,1,1
81.881113898,0,1,0
81.881114680,0,0,0
81.881115696,1,0,0
82.019721920,1,0,1
82.019722322,1,1,1
82.019724256,0,1,1
82.158328930,0,0,1
82.158329968,0,0,0
82.158331786,1,0,0
82.296937990,1,0,1
82.296939508,1,1,1
82.296940284,0,1,1
82.435547036,0,1,0
82.435547182,0,0,0
82.435548810,1,0,0
82.574155822,1,1,0
82.574155998,1,1,1
82.574157310,0,1,1
82.712763368,0,0,1
82.712764044,0,0,0
82.712765838,1,0,0
82.851403004,1,0,1
82.851403008,1,1,1
82.851404274,0,1,1
82.990011050,0,1,0
82.990011618,0,0,0
82.990012800,1,0,0
83.128620256,1,1,0
83.128621012,1,1,1
83.128621298,0,1,1
83.267227866,0,0,1
83.267228058,0,0,0
83.267229828,1,0,0
83.405835506,1,1,0
83.405837018,1,1,1
83.405838324,0,1,1
83.544444116,0,0,1
83.544445064,0,0,0
83.544445790,1,0,0
83.683113088,1,0,1
83.683113692,1,1,1
83.683115352,0,1,1
83.821722008,0,1,0
83.821722364,0,0,0
83.821723752,1,0,0
83.960330094,1,0,1
83.960330942,1,1,1
83.960332312,0,1,1
84.098969076,0,1,0
84.098969552,0,0,0
84.098970842,1,0,0
84.237578100,1,0,1
84.237578128,1,1,1
84.237579338,0,1,1
84.376185862,0,0,1
84.376186084,0,0,0
84.376187804,1,0,0
84.514794106,1,0,1
84.514794376,1,1,1
84.514796364,0,1,1
84.653403110,0,0,1
84.653404090,0,0,0
84.653404892,1,0,0
84.792010626,1,1,0
84.792011112,1,1,1
84.792012326,0,1,1
84.930619222,0,1,0
84.930619298,0,0,0
84.930620856,1,0,0
85.069258872,1,1,0
85.069259120,1,1,1
85.069260352,0,1,1
85.207866102,0,1,0
85.207866544,0,0,0
85.207868816,1,0,0
85.346505124,1,0,1
85.346507184,1,1,1
85.346507376,0,1,1
85.485113170,0,1,0
85.485113792,0,0,0
85.485115778,1,0,0
85.623723192,1,0,1
85.623723370,1,1,1
85.623724402,0,1,1
85.762329978,0,0,1
85.762330176,0,0,0
85.762331804,1,0,0
85.900938136,1,0,1
85.900938618,1,1,1
85.900940362,0,1,1
86.039578288,0,0,1
86.039579180,0,0,0
86.039579888,1,0,0
86.178184866,1,1,0
86.178186204,1,1,1
86.178187388,0,1,1
86.316794186,0,1,0
86.316794536,0,0,0
86.316795852,1,0,0
86.455402050,1,1,0
86.455402208,1,1,1
86.455404348,0,1,1
86.594010190,0,1,0
86.594011722,0,0,0
86.594012876,1,0,0
86.732619214,1,0,1
86.732619360,1,1,1
86.732621374,0,1,1
86.871227968,0,0,1
86.871228258,0,0,0
86.871229900,1,0,0
87.009866544,1,1,0
87.009867218,1,1,1
87.009868334,0,1,1
87.148474200,0,1,0
87.148476214,0,0,0
87.148476862,1,0,0
87.287112792,1,1,0
87.287114222,1,1,1
87.287115420,0,1,1
87.425722460,0,0,1
87.425723266,0,0,0
87.425723822,1,0,0
87.564330290,1,0,1
87.564330976,1,1,1
87.564332382,0,1,1
87.702938210,0,1,0
87.702938646,0,0,0
87.702940848,1,0,0
87.841547232,1,0,1
87.841549284,1,1,1
87.841549406,0,1,1
87.980184954,0,0,1
87.980186276,0,0,0
87.980187870,1,0,0
88.118794298,1,0,1
88.118795468,1,1,1
88.118796366,0,1,1
88.257403140,0,0,1
88.257403280,0,0,0
88.257404894,1,0,0
88.396011302,1,0,1
88.396011714,1,1,1
88.396012390,0,1,1
88.534618384,0,0,1
88.534619284,0,0,0
88.534620916,1,0,0
88.673228024,1,1,0
88.673229306,1,1,1
88.673229414,0,1,1
88.811835630,0,0,1
88.811836350,0,0,0
88.811837876,1,0,0
88.950445208,1,1,0
88.950445312,1,1,1
88.950446374,0,1,1
89.089083292,0,1,0
89.089083814,0,0,0
89.089084898,1,0,0
89.227691514,1,1,0
89.227692314,1,1,1
89.227693458,0,1,1
89.366300358,0,1,0
89.366301060,0,0,0
89.366301922,1,0,0
89.504938698,1,1,0
89.504939318,1,1,1
89.504940418,0,1,1
89.643547296,0,1,0
89.643547304,0,0,0
89.643548882,1,0,0
89.782154882,1,1,0
89.782154944,1,1,1
89.782157440,0,1,1
89.920763366,0,1,0
89.920764488,0,0,0
89.920765968,1,0,0
90.059372190,1,1,0
90.059373636,1,1,1
90.059374400,0,1,1
90.197979796,0,0,1
90.197981368,0,0,0
90.197981928,1,0,0
90.336588388,1,0,1
90.336589372,1,1,1
90.336590422,0,1,1
90.475196978,0,0,1
90.475197370,0,0,0
90.475198948,1,0,0
90.613805390,1,0,1
90.613805618,1,1,1
90.613807382,0,1,1
90.752414372,0,1,0
90.752415224,0,0,0
90.752415908,1,0,0
90.891021394,1,0,1
90.891023862,1,1,1
90.891024466,0,1,1
91.029629468,0,0,1
91.029630376,0,0,0
91.029631930,1,0,0
91.168239044,1,1,0
91.168239396,1,1,1
91.168240424,0,1,1
91.306845712,0,0,1
91.306847378,0,0,0
91.306848890,1,0,0
91.445454288,1,1,0
91.445456400,1,1,1
91.445457446,0,1,1
91.584064442,0,1,0
91.584064958,0,0,0
91.584065910,1,0,0
91.722673400,1,0,1
91.722673470,1,1,1
91.722674468,0,1,1
91.861280138,0,0,1
91.861280444,0,0,0
91.861281932,1,0,0
91.999888402,1,0,1
91.999888776,1,1,1
91.999890426,0,1,1
92.138588382,0,1,0
92.138589382,0,0,0
92.138590952,1,0,0
92.277288404,1,0,1
92.277289018,1,1,1
92.277290446,0,1,1
92.416018384,0,1,0
92.416020562,0,0,0
92.416020972,1,0,0
92.554718262,1,1,0
92.554718406,1,1,1
92.554720468,0,1,1
92.693418868,0,0,1
92.693420450,0,0,0
92.693420930,1,0,0
92.832117442,1,1,0
92.832119408,1,1,1
92.832120424,0,1,1
92.970819450,0,1,0
92.970820112,0,0,0
92.970820950,1,0,0
93.109518472,1,0,1
93.109519686,1,1,1
93.109520508,0,1,1
93.248218452,0,1,0
93.248219354,0,0,0
93.248219908,1,0,0
93.386918472,1,0,1
93.386918928,1,1,1
93.386920466,0,1,1
93.525617534,0,0,1
93.525619452,0,0,0
93.525619928,1,0,0
93.664318472,1,0,1
93.664319170,1,1,1
93.664320424,0,1,1
93.803018452,0,1,0
93.803018776,0,0,0
93.803019948,1,0,0
93.941718350,1,1,0
93.941718474,1,1,1
93.941719442,0,1,1
94.080418018,0,0,1
94.080418454,0,0,0
94.080419970,1,0,0
94.219117592,1,1,0
94.219118412,1,1,1
94.219119400,0,1,1
94.357817196,0,0,1
94.357817454,0,0,0
94.357818862,1,0,0
94.496517474,1,0,1
94.496517834,1,1,1
94.496519418,0,1,1
94.635217504,0,0,1
94.635217516,0,0,0
94.635218882,1,0,0
94.773917074,1,1,0
94.773917474,1,1,1
94.773919376,0,1,1
94.912647516,0,1,0
94.912647680,0,0,0
94.912649962,1,0,0
95.051347316,1,1,0
95.051348536,1,1,1
95.051349394,0,1,1
95.190046922,0,0,1
95.190047452,0,0,0
95.190048856,1,0,0
95.328746494,1,1,0
95.328748472,1,1,1
95.328749414,0,1,1
95.467447162,0,0,1
95.467447514,0,0,0
95.467448876,1,0,0
95.606147798,1,1,0
95.606148472,1,1,1
95.606149432,0,1,1
95.744846514,0,1,0
95.744848340,0,0,0
95.744848892,1,0,0
95.883546534,1,0,1
95.883546976,1,1,1
95.883548386,0,1,1
96.022246576,0,1,0
96.022247582,0,0,0
96.022248850,1,0,0
96.160945472,1,0,1
96.160946154,1,1,1
96.160948344,0,1,1
96.299645760,0,0,1
96.299647512,0,0,0
96.299648868,1,0,0
96.438376470,1,0,1
96.438377456,1,1,1
96.438378362,0,1,1
96.577076000,0,0,1
96.577077512,0,0,0
96.577078886,1,0,0
96.715776532,1,0,1
96.715777698,1,1,1
96.715778442,0,1,1
96.854476510,0,1,0
96.854478302,0,0,0
96.854478842,1,0,0
96.993176530,1,0,1
96.993176874,1,1,1
96.993178398,0,1,1
97.131876510,0,1,0
97.131877480,0,0,0
97.131877922,1,0,0
97.270576114,1,1,0
97.270576528,1,1,1
97.270578416,0,1,1
97.409275508,0,1,0
97.409275782,0,0,0
97.409277816,1,0,0
97.547976292,1,1,0
97.547976528,1,1,1
97.547978372,0,1,1
97.686675960,0,0,1
97.686676506,0,0,0
97.686677832,1,0,0
97.825375524,1,0,1
97.825375532,1,1,1
97.825377326,0,1,1
97.964076504,0,1,0
97.964077198,0,0,0
97.964077788,1,0,0
98.102775774,1,1,0
98.102776522,1,1,1
98.102777346,0,1,1
98.241476438,0,0,1
98.241476566,0,0,0
98.241477868,1,0,0
98.380205950,1,1,0
98.380206148,1,1,1
98.380207362,0,1,1
98.518905500,0,1,0
98.518906616,0,0,0
98.518907884,1,0,0
98.657605250,1,1,0
98.657606520,1,1,1
98.657607314,0,1,1
98.796305854,0,0,1
98.796306560,0,0,0
98.796307776,1,0,0
98.935005428,1,1,0
98.935005518,1,1,1
98.935007332,0,1,1
99.073735094,0,0,1
99.073736558,0,0,0
99.073737792,1,0,0
99.212434578,1,0,1
99.212434604,1,1,1
99.212437286,0,1,1
99.351135334,0,0,1
99.351136494,0,0,0
99.351137810,1,0,0
99.489835906,1,1,0
99.489836512,1,1,1
99.489837242,0,1,1
99.628534572,0,0,1
99.628535552,0,0,0
99.628536764,1,0,0
99.767236082,1,1,0
99.767236572,1,1,1
99.767237382,0,1,1
99.905933748,0,0,1
99.905936550,0,0,0
99.905936780,1,0,0
100.044665258,1,1,0
100.044665568,1,1,1
100.044667336,0,1,1
100.183365548,0,1,0
100.183366986,0,0,0
100.183367798,1,0,0
100.322065558,1,1,0
100.322065566,1,1,1
100.322067354,0,1,1
100.460764224,0,0,1
100.460764544,0,0,0
100.460766752,1,0,0
100.599464796,1,1,0
100.599465500,1,1,1
100.599467308,0,1,1
100.738165400,0,0,1
100.738165540,0,0,0
100.738166768,1,0,0
100.876866036,1,1,0
100.876866560,1,1,1
100.876867262,0,1,1
101.015565600,0,1,0
101.015565638,0,0,0
101.015566722,1,0,0
101.154264212,1,1,0
101.154264494,1,1,1
101.154266276,0,1,1
101.292964534,0,1,0
101.292965816,0,0,0
101.292966798,1,0,0
101.431663450,1,1,0
101.431663554,1,1,1
101.431666230,0,1,1
101.570363530,0,1,0
101.570364052,0,0,0
101.570365752,1,0,0
101.709063686,1,1,0
101.709064550,1,1,1
101.709066308,0,1,1
101.847763588,0,1,0
101.847764354,0,0,0
101.847765706,1,0,0
101.986464544,1,0,1
101.986464926,1,1,1
101.986466260,0,1,1
102.125163528,0,0,1
102.125164522,0,0,0
102.125165720,1,0,0
102.263862540,1,0,1
102.263864100,1,1,1
102.263865276,0,1,1
102.402564768,0,0,1
102.402565580,0,0,0
102.402565736,1,0,0
102.541294398,1,1,0
102.541295536,1,1,1
102.541296230,0,1,1
102.679993940,0,0,1
102.679994514,0,0,0
102.679995690,1,0,0
102.818724530,1,0,1
102.818724574,1,1,1
102.818726244,0,1,1
102.957423240,0,0,1
102.957423570,0,0,0
102.957425704,1,0,0
103.096123810,1,1,0
103.096124588,1,1,1
103.096126198,0,1,1
103.234824414,0,0,1
103.234824566,0,0,0
103.234825720,1,0,0
103.373525048,1,1,0
103.373525522,1,1,1
103.373526212,0,1,1
103.512224562,0,1,0
103.512224650,0,0,0
103.512225672,1,0,0
103.650923286,1,1,0
103.650924580,1,1,1
103.650925226,0,1,1
103.789653886,0,0,1
103.789654556,0,0,0
103.789655686,1,0,0
103.928353522,1,1,0
103.928355574,1,1,1
103.928356178,0,1,1
104.067084124,0,0,1
104.067084552,0,0,0
104.067086700,1,0,0
104.205783568,1,0,1
104.205783696,1,1,1
104.205786254,0,1,1
104.344483360,0,0,1
104.344484606,0,0,0
104.344485652,1,0,0
104.483213562,1,0,1
104.483214932,1,1,1
104.483216206,0,1,1
104.621914598,0,0,1
104.621915602,0,0,0
104.621916604,1,0,0
104.760614556,1,0,1
104.760615168,1,1,1
104.760616158,0,1,1
104.899314534,0,1,0
104.899315770,0,0,0
104.899316618,1,0,0
105.038043340,1,1,0
105.038044552,1,1,1
105.038046110,0,1,1
105.176743944,0,0,1
105.176745528,0,0,0
105.176746632,1,0,0
105.315474546,1,0,1
105.315476640,1,1,1
105.315477124,0,1,1
105.454173242,0,0,1
105.454174584,0,0,0
105.454176582,1,0,0
105.592873540,1,0,1
105.592874814,1,1,1
105.592876136,0,1,1
105.731574414,0,0,1
105.731574516,0,0,0
105.731576596,1,0,0
105.870304532,1,0,1
105.870304986,1,1,1
105.870307090,0,1,1
106.009004510,0,1,0
106.009005650,0,0,0
106.009006610,1,0,0
106.147704526,1,0,1
106.147705222,1,1,1
106.147707038,0,1,1
106.286434752,0,1,0
106.286434886,0,0,0
106.286436562,1,0,0
106.425135456,1,1,0
106.425136520,1,1,1
106.425137116,0,1,1
106.563835120,0,0,1
106.563835558,0,0,0
106.563836512,1,0,0
106.702564576,1,0,1
106.702564818,1,1,1
106.702567068,0,1,1
106.841265356,0,0,1
106.841266802,0,0,0
106.841267526,1,0,0
106.979963508,1,0,1
106.979964926,1,1,1
106.979967016,0,1,1
107.118694546,0,1,0
107.118696590,0,0,0
107.118697538,1,0,0
107.257456348,1,1,0
107.257456562,1,1,1
107.257458028,0,1,1
107.396155538,0,1,0
107.396157700,0,0,0
107.396158550,1,0,0
107.534917396,1,1,0
107.534918492,1,1,1
107.534918980,0,1,1
107.673617436,0,0,1
107.673618532,0,0,0
107.673619502,1,0,0
107.812317486,1,0,1
107.812317568,1,1,1
107.812319056,0,1,1
107.951016234,0,0,1
107.951016524,0,0,0
107.951018516,1,0,0
108.089716366,1,1,0
108.089717478,1,1,1
108.089719068,0,1,1
108.228415516,0,1,0
108.228416406,0,0,0
108.228418464,1,0,0
108.367146912,1,1,0
108.367147470,1,1,1
108.367149018,0,1,1
108.505846510,0,1,0
108.505847952,0,0,0
108.505848476,1,0,0
108.644546526,1,0,1
108.644546896,1,1,1
108.644548968,0,1,1
108.783276812,0,0,1
108.783277504,0,0,0
108.783279488,1,0,0
108.921977442,1,1,0
108.921977518,1,1,1
108.921978980,0,1,1
109.060676044,0,0,1
109.060676556,0,0,0
109.060678438,1,0,0
109.199377426,1,1,0
109.199377448,1,1,1
109.199378992,0,1,1
109.338077280,0,0,1
109.338077550,0,0,0
109.338078450,1,0,0
109.476775848,1,1,0
109.476776502,1,1,1
109.476778940,0,1,1
109.615477450,0,0,1
109.615477540,0,0,0
109.615478398,1,0,0
109.754176082,1,1,0
109.754176494,1,1,1
109.754177952,0,1,1
109.892876534,0,1,0
109.892876746,0,0,0
109.892878410,1,0,0
110.031575488,1,0,1
110.031576318,1,1,1
110.031577900,0,1,1
110.170306464,0,1,0
110.170307918,0,0,0
110.170308358,1,0,0
110.309006550,1,1,0
110.309007478,1,1,1
110.309008912,0,1,1
110.447706214,0,0,1
110.447708370,1,0,1
110.447708518,1,0,0
110.586406470,1,0,1
110.586406720,1,1,1
110.586407922,0,1,1
110.725105384,0,0,1
110.725105508,0,0,0
110.725108320,1,0,0
110.863805462,1,0,1
110.863806954,1,1,1
110.863807872,0,1,1
111.002506556,0,0,1
111.002507500,0,0,0
111.002508332,1,0,0
111.141205454,1,0,1
111.141206188,1,1,1
111.141207882,0,1,1
111.279905432,0,1,0
111.279905850,0,0,0
111.279907342,1,0,0
111.418635444,1,0,1
111.418636358,1,1,1
111.418637894,0,1,1
111.557336484,0,1,0
111.557337020,0,0,0
111.557338290,1,0,0
111.696035434,1,0,1
111.696035654,1,1,1
111.696037842,0,1,1
111.834735316,0,0,1
111.834735536,0,0,0
111.834737364,1,0,0
111.973435822,1,1,0
111.973436426,1,1,1
111.973437854,0,1,1
112.112135424,0,0,1
112.112136464,0,0,0
112.112137310,1,0,0
112.250836480,1,0,1
112.250837118,1,1,1
112.250837862,0,1,1
112.389565456,0,1,0
112.389566658,0,0,0
112.389567260,1,0,0
112.528265470,1,0,1
112.528266288,1,1,1
112.528267748,0,1,1
112.666964508,0,1,0
112.666965890,0,0,0
112.666967332,1,0,0
112.805665458,1,1,0
112.805666398,1,1,1
112.805667820,0,1,1
112.944365120,0,0,1
112.944366436,0,0,0
112.944367278,1,0,0
113.083064754,1,1,0
113.083065452,1,1,1
113.083066768,0,1,1
113.221765426,0,1,0
113.221766292,0,0,0
113.221767288,1,0,0
113.360465442,1,0,1
113.360465922,1,1,1
113.360466716,0,1,1
113.499164478,0,1,0
113.499165586,0,0,0
113.499167236,1,0,0
113.637865494,1,0,1
113.637866154,1,1,1
113.637866788,0,1,1
113.776564408,0,1,0
113.776564754,0,0,0
113.776566246,1,0,0
113.915264422,1,0,1
113.915265324,1,1,1
113.915266734,0,1,1
114.053963986,0,0,1
114.053964458,0,0,0
114.053966254,1,0,0
114.192665474,1,0,1
114.192665554,1,1,1
114.192666742,0,1,1
114.331394218,0,0,1
114.331395386,0,0,0
114.331396200,1,0,0
114.470094848,1,1,0
114.470095462,1,1,1
114.470096690,0,1,1
114.608795376,0,1,0
114.608795386,0,0,0
114.608796208,1,0,0
114.747494390,1,0,1
114.747495016,1,1,1
114.747496698,0,1,1
114.886194676,0,1,0
114.886194678,0,0,0
114.886196154,1,0,0
115.024894068,1,0,1
115.024894186,1,1,1
115.024895706,0,1,1
115.163593416,0,1,0
115.163593848,0,0,0
115.163596164,1,0,0
115.302324418,1,1,0
115.302325306,1,1,1
115.302326716,0,1,1
115.441085406,0,1,0
115.441086078,0,0,0
115.441087110,1,0,0
115.579784710,1,1,0
115.579786358,1,1,1
115.579787662,0,1,1
115.718515310,0,0,1
115.718515394,0,0,0
115.718517120,1,0,0
115.857215940,1,1,0
115.857216348,1,1,1
115.857217670,0,1,1
115.995915384,0,1,0
115.995915478,0,0,0
115.995917126,1,0,0
116.134615336,1,0,1
116.134617108,1,1,1
116.134617552,0,1,1
116.273315708,0,0,1
116.273316372,0,0,0
116.273317072,1,0,0
116.412044388,1,0,1
116.412046276,1,1,1
116.412047622,0,1,1
116.550744938,0,0,1
116.550746362,0,0,0
116.550747080,1,0,0
116.689445314,1,0,1
116.689447568,0,0,1
116.689447570,0,1,1
116.828145106,0,0,1
116.828145348,0,0,0
116.828147088,1,0,0
116.966845302,1,0,1
116.966845736,1,1,1
116.966847514,0,1,1
117.105545338,0,1,0
117.105546336,0,0,0
117.105547034,1,0,0
117.244244352,1,0,1
117.244244966,1,1,1
117.244246522,0,1,1
117.382945388,0,1,0
117.382945566,0,0,0
117.382947104,1,0,0
117.521676196,1,1,0
117.521676340,1,1,1
117.521677530,0,1,1
117.660406376,0,1,0
117.660406796,0,0,0
117.660407984,1,0,0
117.799105328,1,0,1
117.799105426,1,1,1
117.799107536,0,1,1
117.937805302,0,1,0
117.937806992,1,1,0
117.937807028,1,0,0
118.076535594,1,1,0
118.076536316,1,1,1
118.076537480,0,1,1
118.215235256,0,0,1
118.215236352,0,0,0
118.215238000,1,0,0
118.353935760,1,1,0
118.353936304,1,1,1
118.353937552,0,1,1
118.492635340,0,1,0
118.492635422,0,0,0
118.492637008,1,0,0
118.631336052,1,1,0
118.631336290,1,1,1
118.631337494,0,1,1
118.770066326,0,1,0
118.770066588,0,0,0
118.770068014,1,0,0
118.908766276,1,0,1
118.908766282,1,1,1
118.908767438,0,1,1
119.047463880,0,0,1
119.047466314,0,0,0
119.047466958,1,0,0
119.186166264,1,0,1
119.186166510,1,1,1
119.186167506,0,1,1
119.324864046,0,0,1
119.324866300,0,0,0
119.324866900,1,0,0
119.463565250,1,0,1
119.463566676,1,1,1
119.463567388,0,1,1
119.602265280,0,0,1
119.602265288,0,0,0
119.602266906,1,0,0
119.740995238,1,0,1
119.740995906,1,1,1
119.740997394,0,1,1
119.879694504,0,0,1
119.879695274,0,0,0
119.879696850,1,0,0
120.018395134,1,1,0
120.018395288,1,1,1
120.018397400,0,1,1
120.157094732,0,0,1
120.157095322,0,0,0
120.157096918,1,0,0
120.295795362,1,1,0
120.295796210,1,1,1
120.295797344,0,1,1
120.434495310,0,1,0
120.434495960,0,0,0
120.434496862,1,0,0
120.573194528,1,1,0
120.573195258,1,1,1
120.573196348,0,1,1
120.711895128,0,0,1
120.711895234,0,0,0
120.711896804,1,0,0
120.850594246,1,0,1
120.850594756,1,1,1
120.850596354,0,1,1
120.989293218,0,1,0
120.989294354,0,0,0
120.989295872,1,0,0
121.127994922,1,1,0
121.127995294,1,1,1
121.127996298,0,1,1
121.266694206,0,1,0
121.266694582,0,0,0
121.266695752,1,0,0
121.405395212,1,1,0
121.405396216,1,1,1
121.405396302,0,1,1
121.544094252,0,1,0
121.544094748,0,0,0
121.544095820,1,0,0
121.682794266,1,0,1
121.682794376,1,1,1
121.682795244,0,1,1
121.821493976,0,0,1
121.821495176,0,0,0
121.821495762,1,0,0
121.960193188,1,0,1
121.960193604,1,1,1
121.960195250,0,1,1
122.098893202,0,0,1
122.098894224,0,0,0
122.098895768,1,0,0
122.237592174,1,0,1
122.237593768,1,1,1
122.237595192,0,1,1
122.376293148,0,1,0
122.376293428,0,0,0
122.376294710,1,0,0
122.514992994,1,1,0
122.514993220,1,1,1
122.514995258,0,1,1
122.653692656,0,0,1
122.653693194,0,0,0
122.653694714,1,0,0
122.792393224,1,1,0
122.792395144,1,1,1
122.792395202,0,1,1
122.931092884,0,0,1
122.931093178,0,0,0
122.931094656,1,0,0
123.069823450,1,1,0
123.069824130,1,1,1
123.069825144,0,1,1
123.208553110,0,0,1
123.208554164,0,0,0
123.208555660,1,0,0
123.347252614,1,1,0
123.347254178,1,1,1
123.347255146,0,1,1
123.485954274,0,0,1
123.485954462,0,0,0
123.485955664,1,0,0
123.624652902,1,1,0
123.624653160,1,1,1
123.624655152,0,1,1
123.763352134,0,1,0
123.763352500,0,0,0
123.763354604,1,0,0
123.902053066,1,1,0
123.902053146,1,1,1
123.902055092,0,1,1
124.040752726,0,0,1
124.040753118,0,0,0
124.040754608,1,0,0
124.179454068,1,0,1
124.179454292,1,1,1
124.179455096,0,1,1
124.318183166,0,1,0
124.318183954,0,0,0
124.318184550,1,0,0
124.456882518,1,1,0
124.456883052,1,1,1
124.456885036,0,1,1
124.595582086,0,1,0
124.595583116,0,0,0
124.595584552,1,0,0
124.734282746,1,1,0
124.734283098,1,1,1
124.734285038,0,1,1
124.872982132,0,1,0
124.872982344,0,0,0
124.872984494,1,0,0
125.011712082,1,0,1
125.011712910,1,1,1
125.011715106,0,1,1
125.150412570,0,0,1
125.150414118,0,0,0
125.150414498,1,0,0
125.289143066,1,0,1
125.289143134,1,1,1
125.289145046,0,1,1
125.427843794,0,0,1
125.427844100,0,0,0
125.427845438,1,0,0
125.566604048,1,0,1
125.566604296,1,1,1
125.566605988,0,1,1
125.705303084,0,1,0
125.705303956,0,0,0
125.705305442,1,0,0
125.844033522,1,1,0
125.844035032,1,1,1
125.844035990,0,1,1
125.982734182,0,0,1
125.982735066,0,0,0
125.982736506,1,0,0
126.121433748,1,1,0
126.121434078,1,1,1
126.121435928,0,1,1
126.260135408,0,0,1
126.260136050,0,0,0
126.260136382,1,0,0
126.398833000,1,0,1
126.398833974,1,1,1
126.398835932,0,1,1
126.537564632,0,0,1
126.537564970,0,0,0
126.537566386,1,0,0
126.676294982,1,0,1
126.676295198,1,1,1
126.676296934,0,1,1
126.814994794,0,0,1
126.814995014,0,0,0
126.814996388,1,0,0
126.953694422,1,1,0
126.953694964,1,1,1
126.953696874,0,1,1
127.092425020,0,0,1
127.092425060,0,0,0
127.092426328,1,0,0
127.231155648,1,1,0
127.231155946,1,1,1
127.231156878,0,1,1
127.369854982,0,1,0
127.369855244,0,0,0
127.369857332,1,0,0
127.508586810,1,1,0
127.508586928,1,1,1
127.508587816,0,1,1
127.647284962,0,1,0
127.647285406,0,0,0
127.647287270,1,0,0
127.786015034,1,1,0
127.786016910,1,1,1
127.786017816,0,1,1
127.924746630,0,0,1
127.924746946,0,0,0
127.924748272,1,0,0
128.063476894,1,0,1
128.063478258,1,1,1
128.063478818,0,1,1
128.202206856,0,0,1
128.202207928,0,0,0
128.202209212,1,0,0
128.340907420,1,1,0
128.340907940,1,1,1
128.340908696,0,1,1
128.479605912,0,1,0
128.479606080,0,0,0
128.479608212,1,0,0
128.618336646,1,1,0
128.618337920,1,1,1
128.618338698,0,1,1
128.757037892,0,1,0
128.757038304,0,0,0
128.757039214,1,0,0
128.895735902,1,0,1
128.895736806,1,1,1
128.895738762,0,1,1
129.034466874,0,1,0
129.034467464,0,0,0
129.034469152,1,0,0
129.173166884,1,0,1
129.173167092,1,1,1
129.173168700,0,1,1
129.311896690,0,0,1
129.311897920,0,0,0
129.311899154,1,0,0
129.450597804,1,0,1
129.450598316,1,1,1
129.450599638,0,1,1
129.589296914,0,0,1
129.589297838,0,0,0
129.589299154,1,0,0
129.727997478,1,1,0
129.727997848,1,1,1
129.727999702,0,1,1
129.866697136,0,0,1
129.866697882,0,0,0
129.866699094,1,0,0
130.005396702,1,1,0
130.005396830,1,1,1
130.005398642,0,1,1
130.144125864,0,1,0
130.144127298,0,0,0
130.144129094,1,0,0
130.282857810,1,0,1
130.282857924,1,1,1
130.282859580,0,1,1
130.421557844,0,1,0
130.421558520,0,0,0
130.421560094,1,0,0
130.560286794,1,0,1
130.560288148,1,1,1
130.560289580,0,1,1
130.698987744,0,0,1
130.698988762,0,0,0
130.698990034,1,0,0
130.837687774,1,0,1
130.837688308,1,1,1
130.837689518,0,1,1
130.976387744,0,1,0
130.976388904,0,0,0
130.976390034,1,0,0
131.115087756,1,0,1
131.115088532,1,1,1
131.115089518,0,1,1
131.253818126,0,0,1
131.253818788,0,0,0
131.253819972,1,0,0
131.392516236,1,0,1
131.392517754,1,1,1
131.392519518,0,1,1
131.531217768,0,1,0
131.531218288,0,0,0
131.531219970,1,0,0
131.669916716,1,0,1
131.669917914,1,1,1
131.669919392,0,1,1
131.808617436,0,1,0
131.808618574,0,0,0
131.808619908,1,0,0
131.947317760,1,0,1
131.947318200,1,1,1
131.947319456,0,1,1
132.086016734,0,0,1
132.086017730,0,0,0
132.086018908,1,0,0
132.224717740,1,0,1
132.224718360,1,1,1
132.224719392,0,1,1
132.363417018,0,0,1
132.363417772,0,0,0
132.363418846,1,0,0
132.502117522,1,1,0
132.502117658,1,1,1
132.502119394,0,1,1
132.640816690,0,1,0
132.640817178,0,0,0
132.640818906,1,0,0
132.779516804,1,1,0
132.779517702,1,1,1
132.779518328,0,1,1
132.918216732,0,1,0
132.918217400,0,0,0
132.918218846,1,0,0
133.056914680,1,0,1
133.056915964,1,1,1
133.056918390,0,1,1
133.195615560,0,0,1
133.195616712,0,0,0
133.195617720,1,0,0
133.334345598,1,0,1
133.334346186,1,1,1
133.334348328,0,1,1
133.473046630,0,1,0
133.473046782,0,0,0
133.473048780,1,0,0
133.611745346,1,1,0
133.611746640,1,1,1
133.611748264,0,1,1
133.750446672,0,1,0
133.750447002,0,0,0
133.750448778,1,0,0
133.889176620,1,0,1
133.889176628,1,1,1
133.889178200,0,1,1
134.027876224,0,0,1
134.027877652,0,0,0
134.027878716,1,0,0
134.166575536,1,0,1
134.166576850,1,1,1
134.166578200,0,1,1
134.305276630,0,1,0
134.305277444,0,0,0
134.305278712,1,0,0
134.443976070,1,1,0
134.443976578,1,1,1
134.443978134,0,1,1
134.582674610,0,1,0
134.582675666,0,0,0
134.582677650,1,0,0
134.721376168,1,1,0
134.721376556,1,1,1
134.721378196,0,1,1
134.860074590,0,1,0
134.860074824,0,0,0
134.860077648,1,0,0
134.998775536,1,0,1
134.998776450,1,1,1
134.998778132,0,1,1
135.137475044,0,0,1
135.137475506,0,0,0
135.137477648,1,0,0
135.276175516,1,0,1
135.276175608,1,1,1
135.276177130,0,1,1
135.414875546,0,1,0
135.414876266,0,0,0
135.414877582,1,0,0
135.553574556,1,0,1
135.553575892,1,1,1
135.553577066,0,1,1
135.692305526,0,1,0
135.692307486,0,0,0
135.692307518,1,0,0
135.831005050,1,1,0
135.831005536,1,1,1
135.831007000,0,1,1
135.969704566,0,1,0
135.969705646,0,0,0
135.969707516,1,0,0
136.108404450,1,0,1
136.108405208,1,1,1
136.108407060,0,1,1
136.247105482,0,1,0
136.247105866,0,0,0
136.247107450,1,0,0
136.385805430,1,1,0
136.385805492,1,1,1
136.385806934,0,1,1
136.524536084,0,0,1
136.524536460,0,0,0
136.524537512,1,0,0
136.663234470,1,0,1
136.663235650,1,1,1
136.663236932,0,1,1
136.801965440,0,1,0
136.801966246,0,0,0
136.801967446,1,0,0
136.940727386,1,0,1
136.940728868,1,1,1
136.940728930,0,1,1
137.079426420,0,1,0
137.079427464,0,0,0
137.079428444,1,0,0
137.218157088,1,1,0
137.218157426,1,1,1
137.218158864,0,1,1
137.356856622,0,0,1
137.356857396,0,0,0
137.356858378,1,0,0
137.495556406,1,0,1
137.495557246,1,1,1
137.495558862,0,1,1
137.634255902,0,0,1
137.634256436,0,0,0
137.634258312,1,0,0
137.772956530,1,1,0
137.772958320,1,1,1
137.772958922,0,1,1
137.911656062,0,0,1
137.911656352,0,0,0
137.911658372,1,0,0
138.050355360,1,0,1
138.050355686,1,1,1
138.050357792,0,1,1
138.189056392,0,1,0
138.189057342,0,0,0
138.189058244,1,0,0
138.327756338,1,0,1
138.327756844,1,1,1
138.327757790,0,1,1
138.466455438,0,0,1
138.466456306,0,0,0
138.466458240,1,0,0
138.605155062,1,1,0
138.605155314,1,1,1
138.605157724,0,1,1
138.743854284,0,1,0
138.743855718,0,0,0
138.743857238,1,0,0
138.882555282,1,1,0
138.882555292,1,1,1
138.882557722,0,1,1
139.021254940,0,0,1
139.021256326,0,0,0
139.021257174,1,0,0
139.159985440,1,1,0
139.159986270,1,1,1
139.159987718,0,1,1
139.298685096,0,0,1
139.298686238,0,0,0
139.298687106,1,0,0
139.437385248,1,0,1
139.437386720,1,1,1
139.437387650,0,1,1
139.576084314,0,0,1
139.576086278,0,0,0
139.576087164,1,0,0
139.714785224,1,0,1
139.714785876,1,1,1
139.714787710,0,1,1
139.853514256,0,1,0
139.853516534,0,0,0
139.853517160,1,0,0
139.992214202,1,0,1
139.992215096,1,1,1
139.992217644,0,1,1
140.130914690,0,0,1
140.130915108,0,0,0
140.130917096,1,0,0
140.269615240,1,0,1
140.269615314,1,1,1
140.269617580,0,1,1
140.408314970,0,0,1
140.408315208,0,0,0
140.408317028,1,0,0
140.547015218,1,0,1
140.547015470,1,1,1
140.547016574,0,1,1
140.685715064,0,0,1
140.685715186,0,0,0
140.685716962,1,0,0
140.824414750,1,1,0
140.824415194,1,1,1
140.824416506,0,1,1
140.963115226,0,1,0
140.963115346,0,0,0
140.963117020,1,0,0
141.101814908,1,1,0
141.101815108,1,1,1
141.101816502,0,1,1
141.240545202,0,1,0
141.240545564,0,0,0
141.240546952,1,0,0
141.379245126,1,1,0
141.379245146,1,1,1
141.379246436,0,1,1
141.517945114,0,1,0
141.517945718,0,0,0
141.517946888,1,0,0
141.656644344,1,1,0
141.656645122,1,1,1
141.656646430,0,1,1
141.795343938,0,0,1
141.795345944,1,0,1
141.795346154,1,0,0
141.934074500,1,1,0
141.934075098,1,1,1
141.934076364,0,1,1
142.072775092,0,0,1
142.072776128,0,0,0
142.072776876,1,0,0
142.211474654,1,1,0
142.211475136,1,1,1
142.211476358,0,1,1
142.350175042,0,1,0
142.350175310,0,0,0
142.350176810,1,0,0
142.488873934,1,1,0
142.488874050,1,1,1
142.488876354,0,1,1
142.627573590,0,0,1
142.627575080,0,0,0
142.627575804,1,0,0
142.766274964,1,0,1
142.766275152,1,1,1
142.766276350,0,1,1
142.904973746,0,0,1
142.904974994,0,0,0
142.904975736,1,0,0
143.043674370,1,1,0
143.043675002,1,1,1
143.043676282,0,1,1
143.182403962,0,0,1
143.182403968,0,0,0
143.182405730,1,0,0
143.321104524,1,1,0
143.321105976,1,1,1
143.321106214,0,1,1
143.459802806,0,0,1
143.459805006,0,0,0
143.459805726,1,0,0
143.598504742,1,1,0
143.598505014,1,1,1
143.598506208,0,1,1
143.737203772,0,0,1
143.737204982,0,0,0
143.737205658,1,0,0
143.875902708,1,1,0
143.875903990,1,1,1
143.875905204,0,1,1
144.014602956,0,1,0
144.014603740,0,0,0
144.014605650,1,0,0
144.153302738,1,1,0
144.153302902,1,1,1
144.153305132,0,1,1
144.292003768,0,0,1
144.292003932,0,0,0
144.292005584,1,0,0
144.430702938,1,0,1
144.430703766,1,1,1
144.430705128,0,1,1
144.569433846,0,1,0
144.569434922,0,0,0
144.569435578,1,0,0
144.708164734,1,1,0
144.708164914,1,1,1
144.708166058,0,1,1
144.846863764,0,0,1
144.846863880,0,0,0
144.846865572,1,0,0
144.985564764,1,1,0
144.985564888,1,1,1
144.985566054,0,1,1
145.124262854,0,1,0
145.124263356,0,0,0
145.124265504,1,0,0
145.262961862,1,0,1
145.262962978,1,1,1
145.262965046,0,1,1
145.401692572,0,0,1
145.401693830,0,0,0
145.401695434,1,0,0
145.540393838,1,0,1
145.540394132,1,1,1
145.540395978,0,1,1
145.679093804,0,1,0
145.679095226,0,0,0
145.679095428,1,0,0
145.817824348,1,1,0
145.817824812,1,1,1
145.817825908,0,1,1
145.956554778,0,1,0
145.956554942,0,0,0
145.956556358,1,0,0
146.095254502,1,1,0
146.095254786,1,1,1
146.095255838,0,1,1
146.233954752,0,1,0
146.233955158,0,0,0
146.233956350,1,0,0
146.372652780,1,1,0
146.372653758,1,1,1
146.372655894,0,1,1
146.511353372,0,0,1
146.511353726,0,0,0
146.511355344,1,0,0
146.650083996,1,1,0
146.650084732,1,1,1
146.650085888,0,1,1
146.788813526,0,0,1
146.788814700,0,0,0
146.788816274,1,0,0
146.927514706,1,0,1
146.927515150,1,1,1
146.927516818,0,1,1
147.066245674,0,1,0
147.066245742,0,0,0
147.066247268,1,0,0
147.204944364,1,1,0
147.204945742,1,1,1
147.204946750,0,1,1
147.343675648,0,1,0
147.343675958,0,0,0
147.343677260,1,0,0
147.482374518,1,1,0
147.482375654,1,1,1
147.482376678,0,1,1
147.621075682,0,1,0
147.621076172,0,0,0
147.621077190,1,0,0
147.759774796,1,1,0
147.759775690,1,1,1
147.759776734,0,1,1
147.898473594,0,1,0
147.898474386,0,0,0
147.898476120,1,0,0
148.037204010,1,1,0
148.037204662,1,1,1
148.037206664,0,1,1
148.175905602,0,0,1
148.175905630,0,0,0
148.175907174,1,0,0
148.314635636,1,0,1
148.314637162,1,1,1
148.314637656,0,1,1
148.453334816,0,0,1
148.453335792,0,0,0
148.453337106,1,0,0
148.592034608,1,0,1
148.592035314,1,1,1
148.592036586,0,1,1
148.730734968,0,0,1
148.730735574,0,0,0
148.730737034,1,0,0
148.869435528,1,1,0
148.869435582,1,1,1
148.869436580,0,1,1
149.008135184,0,0,1
149.008135548,0,0,0
149.008137026,1,0,0
149.146833490,1,0,1
149.146833742,1,1,1
149.146836508,0,1,1
149.285565398,0,0,1
149.285565520,0,0,0
149.285566956,1,0,0
149.424264526,1,0,1
149.424264958,1,1,1
149.424266436,0,1,1
149.562994494,0,1,0
149.562995548,0,0,0
149.562996948,1,0,0
149.701695174,1,1,0
149.701695498,1,1,1
149.701697490,0,1,1
149.840425466,0,1,0
149.840425764,0,0,0
149.840427940,1,0,0
149.979125386,1,1,0
149.979125408,1,1,1
149.979127420,0,1,1
150.117824498,0,1,0
150.117826868,1,1,0
150.117826916,1,0,0
150.256555536,1,1,0
150.256557410,0,1,0
150.256557442,0,1,1
150.395255408,0,1,0
150.395256192,0,0,0
150.395257858,1,0,0
150.533986750,1,1,0
150.533987414,1,1,1
150.533988340,0,1,1
150.672685404,0,0,1
150.672686442,0,0,0
150.672687786,1,0,0
150.811385450,1,0,1
150.811385902,1,1,1
150.811387330,0,1,1
150.950085556,0,0,1
150.950086352,0,0,0
150.950087778,1,0,0
151.088784358,1,0,1
151.088786116,1,1,1
151.088787256,0,1,1
151.227485768,0,0,1
151.227486386,0,0,0
151.227487706,1,0,0
151.366184392,1,0,1
151.366186328,1,1,1
151.366187186,0,1,1
151.504915982,0,0,1
151.504917358,0,0,0
151.504917758,1,0,0
151.643615300,1,0,1
151.643615604,1,1,1
151.643617238,0,1,1
151.782345132,0,0,1
151.782346330,0,0,0
151.782347622,1,0,0
151.921046754,1,1,0
151.921047272,1,1,1
151.921048166,0,1,1
152.059745346,0,0,1
152.059745362,0,0,0
152.059747614,1,0,0
152.198445244,1,0,1
152.198445904,1,1,1
152.198447092,0,1,1
152.337146272,0,1,0
152.337146560,0,0,0
152.337147604,1,0,0
152.475845180,1,1,0
152.475845276,1,1,1
152.475847146,0,1,1
152.614544770,0,0,1
152.614545242,0,0,0
152.614546532,1,0,0
152.753245332,1,1,0
152.753246246,1,1,1
152.753247074,0,1,1
152.891944922,0,0,1
152.891945212,0,0,0
152.891946584,1,0,0
153.030644218,1,0,1
153.030644480,1,1,1
153.030647000,0,1,1
153.169344184,0,1,0
153.169345136,0,0,0
153.169346512,1,0,0
153.308043756,1,1,0
153.308044188,1,1,1
153.308045988,0,1,1
153.446745410,0,0,1
153.446746154,0,0,0
153.446746498,1,0,0
153.585443906,1,1,0
153.585444096,1,1,1
153.585445978,0,1,1
153.724144122,0,1,0
153.724144558,0,0,0
153.724146426,1,0,0
153.862844128,1,0,1
153.862845116,1,1,1
153.862845906,0,1,1
154.001543708,0,0,1
154.001544156,0,0,0
154.001545352,1,0,0
154.140243098,1,0,1
154.140244330,1,1,1
154.140245832,0,1,1
154.278942984,0,0,1
154.278944064,0,0,0
154.278945342,1,0,0
154.417644068,1,0,1
154.417644542,1,1,1
154.417645822,0,1,1
154.556344096,0,1,0
154.556344130,0,0,0
154.556345268,1,0,0
154.695042690,1,1,0
154.695043038,1,1,1
154.695044808,0,1,1
154.833743064,0,1,0
154.833744342,0,0,0
154.833745318,1,0,0
154.972474006,1,0,1
154.972474902,1,1,1
154.972475798,0,1,1
155.111172492,0,0,1
155.111172970,0,0,0
155.111175244,1,0,0
155.249872976,1,0,1
155.249874112,1,1,1
155.249874786,0,1,1
155.388572702,0,0,1
155.388574004,0,0,0
155.388575170,1,0,0
155.527272324,1,1,0
155.527272944,1,1,1
155.527274650,0,1,1
155.666002972,0,1,0
155.666003976,0,0,0
155.666005160,1,0,0
155.804702914,1,0,1
155.804703472,1,1,1
155.804705638,0,1,1
155.943403126,0,0,1
155.943403940,0,0,0
155.943405084,1,0,0
156.082101746,1,1,0
156.082102946,1,1,1
156.082104626,0,1,1
156.220802972,0,1,0
156.220804272,0,0,0
156.220805072,1,0,0
156.359502894,1,1,0
156.359502914,1,1,1
156.359504552,0,1,1
156.498200878,0,1,0
156.498203546,0,0,0
156.498203998,1,0,0
156.636902382,1,0,1
156.636903166,1,1,1
156.636904538,0,1,1
156.775600694,0,0,1
156.775602846,0,0,0
156.775603986,1,0,0
156.914303162,1,0,1
156.914303314,1,1,1
156.914304526,0,1,1
157.053001814,0,1,0
157.053001968,0,0,0
157.053003972,1,0,0
157.191794444,1,0,1
157.191794524,1,1,1
157.191795452,0,1,1
157.330492846,0,1,0
157.330493052,0,0,0
157.330494896,1,0,0
157.469193672,1,1,0
157.469194788,1,1,1
157.469195440,0,1,1
157.607892750,0,1,0
157.607893326,0,0,0
157.607894884,1,0,0
157.746593756,1,0,1
157.746593820,1,1,1
157.746595364,0,1,1
157.885292472,0,0,1
157.885292782,0,0,0
157.885294808,1,0,0
158.023992030,1,1,0
158.023992722,1,1,1
158.023994286,0,1,1
158.162692682,0,0,1
158.162692750,0,0,0
158.162694796,1,0,0
158.301392240,1,1,0
158.301392752,1,1,1
158.301394274,0,1,1
158.440122892,0,0,1
158.440123654,0,0,0
158.440124720,1,0,0
158.578822388,1,1,0
158.578822658,1,1,1
158.578824260,0,1,1
158.717523038,0,0,1
158.717523684,0,0,0
158.717524706,1,0,0
158.856222626,1,0,1
158.856222658,1,1,1
158.856224184,0,1,1
158.994921588,0,1,0
158.994924310,0,0,0
158.994924692,1,0,0
159.133621654,1,0,1
159.133622868,1,1,1
159.133624172,0,1,1
159.272321458,0,0,1
159.272322680,0,0,0
159.272323618,1,0,0
159.411021016,1,1,0
159.411022620,1,1,1
159.411024156,0,1,1
159.549720666,0,0,1
159.549721584,0,0,0
159.549723602,1,0,0
159.688422588,1,0,1
159.688424016,0,0,1
159.688424224,0,1,1
159.827120876,0,0,1
159.827121550,0,0,0
159.827123526,1,0,0
159.965821432,1,1,0
159.965821490,1,1,1
159.965823066,0,1,1
160.104551580,0,1,0
160.104553022,0,0,0
160.104553512,1,0,0
160.243251456,1,0,1
160.243252640,1,1,1
160.243253988,0,1,1
160.381951292,0,0,1
160.381951484,0,0,0
160.381953496,1,0,0
160.520651788,1,1,0
160.520652486,1,1,1
160.520652914,0,1,1
160.659381442,0,0,1
160.659381448,0,0,0
160.659383420,1,0,0
160.798081996,1,1,0
160.798082514,1,1,1
160.798083900,0,1,1
160.936781478,0,1,0
160.936781584,0,0,0
160.936783342,1,0,0
161.075481418,1,0,1
161.075482204,1,1,1
161.075483882,0,1,1
161.214181854,0,0,1
161.214182444,0,0,0
161.214183390,1,0,0
161.352881350,1,1,0
161.352881384,1,1,1
161.352882806,0,1,1
161.491611348,0,1,0
161.491613002,0,0,0
161.491613252,1,0,0
161.630311558,1,1,0
161.630312350,1,1,1
161.630313728,0,1,1
161.769010378,0,1,0
161.769012210,0,0,0
161.769013236,1,0,0
161.907741828,1,1,0
161.907742314,1,1,1
161.907743776,0,1,1
162.046441354,0,0,1
162.046442342,0,0,0
162.046443222,1,0,0
162.185141974,1,1,0
162.185142344,1,1,1
162.185143634,0,1,1
162.323840624,0,0,1
162.323841242,0,0,0
162.323843142,1,0,0
162.462542182,1,1,0
162.462542246,1,1,1
162.462543682,0,1,1
162.601241272,0,1,0
162.601241706,0,0,0
162.601243064,1,0,0
162.739940210,1,0,1
162.739941390,1,1,1
162.739942604,0,1,1
162.878640976,0,0,1
162.878642236,0,0,0
162.878643112,1,0,0
163.017340238,1,0,1
163.017341532,1,1,1
163.017342526,0,1,1
163.156039184,0,0,1
163.156040262,0,0,0
163.156042032,1,0,0
163.294739740,1,1,0
163.294741142,1,1,1
163.294742510,0,1,1
163.433440166,0,1,0
163.433441392,0,0,0
163.433442016,1,0,0
163.572139884,1,1,0
163.572141168,1,1,1
163.572142430,0,1,1
163.710839536,0,0,1
163.710840130,0,0,0
163.710841938,1,0,0
163.849540070,1,0,1
163.849540154,1,1,1
163.849541414,0,1,1
163.988240096,0,1,0
163.988240742,0,0,0
163.988241858,1,0,0
164.126939298,1,1,0
164.126940096,1,1,1
164.126941336,0,1,1
164.265639058,0,1,0
164.265639948,0,0,0
164.265641842,1,0,0
164.404339504,1,1,0
164.404340060,1,1,1
164.404341382,0,1,1
164.543037092,0,0,1
164.543039086,0,0,0
164.543040764,1,0,0
164.681737962,1,0,1
164.681738710,1,1,1
164.681741300,0,1,1
164.820438988,0,1,0
164.820440360,0,0,0
164.820440746,1,0,0
164.959138854,1,1,0
164.959139990,1,1,1
164.959141224,0,1,1
165.097838012,0,1,0
165.097839442,0,0,0
165.097840666,1,0,0
165.236538060,1,1,0
165.236539454,1,1,1
165.236540204,0,1,1
165.375238710,0,0,1
165.375238790,0,0,0
165.375240648,1,0,0
165.513937916,1,0,1
165.513939266,1,1,1
165.513940124,0,1,1
165.652638852,0,0,1
165.652639566,0,0,0
165.652640632,1,0,0
165.791337880,1,0,1
165.791338470,1,1,1
165.791340106,0,1,1
165.930037904,0,1,0
165.930038058,0,0,0
165.930039550,1,0,0
166.068767906,1,0,1
166.068768614,1,1,1
166.068770028,0,1,1
166.207468804,0,1,0
166.207469264,0,0,0
166.207470534,1,0,0
166.346167806,1,0,1
166.346168820,1,1,1
166.346169946,0,1,1
166.484866830,0,1,0
166.484868470,0,0,0
166.484869454,1,0,0
166.623567024,1,1,0
166.623568832,1,1,1
166.623569992,0,1,1
166.762266794,0,1,0
166.762268612,0,0,0
166.762269434,1,0,0
166.900968168,1,1,0
166.900969794,1,1,1
166.900969910,0,1,1
167.039667756,0,1,0
167.039667816,0,0,0
167.039669354,1,0,0
167.178366436,1,1,0
167.178367696,1,1,1
167.178368892,0,1,1
167.317097718,0,1,0
167.317098020,0,0,0
167.317099336,1,0,0
167.455797640,1,1,0
167.455798720,1,1,1
167.455799810,0,1,1
167.594497682,0,1,0
167.594498226,0,0,0
167.594499316,1,0,0
167.733196682,1,0,1
167.733197780,1,1,1
167.733198792,0,1,1
167.871928432,0,0,1
167.871928644,0,0,0
167.871929300,1,0,0
168.010627644,1,0,1
168.010628986,1,1,1
168.010629712,0,1,1
168.149327572,0,0,1
168.149327668,0,0,0
168.149329154,1,0,0
168.288088128,1,1,0
168.288088544,1,1,1
168.288090692,0,1,1
168.426787776,0,0,1
168.426789630,0,0,0
168.426790136,1,0,0
168.565487506,1,0,1
168.565488394,1,1,1
168.565489608,0,1,1
168.704186918,0,0,1
168.704187528,0,0,0
168.704190056,1,0,0
168.842918530,1,0,1
168.842919534,1,1,1
168.842920592,0,1,1
168.981617490,0,1,0
168.981618184,0,0,0
168.981620098,1,0,0
169.120317740,1,1,0
169.120318492,1,1,1
169.120319510,0,1,1
169.259079326,0,0,1
169.259080516,0,0,0
169.259080954,1,0,0
169.397777942,1,1,0
169.397779516,1,1,1
169.397780428,0,1,1
169.536509414,0,1,0
169.536509528,0,0,0
169.536510998,1,0,0
169.675208084,1,1,0
169.675210414,1,1,1
169.675211470,0,1,1
169.813908734,0,0,1
169.813909438,0,0,0
169.813910852,1,0,0
169.952608288,1,1,0
169.952608376,1,1,1
169.952610390,0,1,1
170.091309400,0,1,0
170.091309812,0,0,0
170.091310896,1,0,0
170.230038492,1,1,0
170.230039398,1,1,1
170.230041306,0,1,1
170.368738298,0,1,0
170.368739140,0,0,0
170.368740812,1,0,0
170.507438632,1,1,0
170.507439298,1,1,1
170.507440224,0,1,1
170.646138280,0,0,1
170.646139320,0,0,0
170.646140730,1,0,0
170.784898836,1,1,0
170.784899258,1,1,1
170.784901204,0,1,1
170.923599484,0,0,1
170.923600344,0,0,0
170.923601710,1,0,0
171.062299038,1,1,0
171.062299220,1,1,1
171.062301248,0,1,1
171.200997562,0,0,1
171.200999242,0,0,0
171.201000626,1,0,0
171.339699244,1,0,1
171.339700242,1,1,1
171.339701102,0,1,1
171.478397828,0,0,1
171.478399266,0,0,0
171.478400606,1,0,0
171.617129204,1,0,1
171.617129446,1,1,1
171.617131082,0,1,1
171.755830228,0,1,0
171.755831030,0,0,0
171.755831588,1,0,0
171.894529164,1,0,1
171.894529584,1,1,1
171.894531062,0,1,1
172.033259170,0,0,1
172.033260126,0,0,0
172.033261504,1,0,0
172.171989788,1,1,0
172.171992040,0,1,0
172.171992124,0,1,1
172.310689374,0,0,1
172.310690086,0,0,0
172.310691420,1,0,0
172.449389990,1,1,0
172.449390086,1,1,1
172.449391958,0,1,1
172.588089046,0,1,0
172.588090576,0,0,0
172.588091462,1,0,0
172.726788046,1,0,1
172.726789130,1,1,1
172.726790812,0,1,1
172.865489006,0,1,0
172.865489780,0,0,0
172.865491316,1,0,0
173.004189006,1,0,1
173.004190334,1,1,1
173.004190854,0,1,1
173.142888980,0,0,1
173.142889966,0,0,0
173.142891294,1,0,0
173.281649536,1,1,0
173.281649966,1,1,1
173.281651768,0,1,1
173.420349990,0,1,0
173.420350122,0,0,0
173.420351274,1,0,0
173.559049676,1,1,0
173.559050240,1,1,1
173.559051686,0,1,1
173.697749322,0,0,1
173.697750948,0,0,0
173.697751190,1,0,0
173.836449878,1,1,0
173.836449948,1,1,1
173.836451666,0,1,1
173.975148524,0,0,1
173.975148908,0,0,0
173.975151106,1,0,0
174.113848846,1,0,1
174.113849078,1,1,1
174.113850644,0,1,1
174.252578868,0,1,0
174.252579726,0,0,0
174.252581148,1,0,0
174.391279806,1,0,1
174.391280220,1,1,1
174.391281560,0,1,1
174.529977928,0,0,1
174.529978828,0,0,0
174.529981064,1,0,0
174.668678482,1,1,0
174.668678828,1,1,1
174.668680600,0,1,1
174.807378066,0,0,1
174.807378786,0,0,0
174.807380918,1,0,0
174.946077622,1,1,0
174.946079786,1,1,1
174.946080454,0,1,1
175.084809808,0,1,0
175.084810268,0,0,0
175.084810958,1,0,0
175.223506684,1,0,1
175.223507824,1,1,1
175.223510370,0,1,1
175.362207706,0,1,0
175.362209470,0,0,0
175.362210874,1,0,0
175.500908024,1,1,0
175.500908706,1,1,1
175.500910410,0,1,1
175.639607664,0,1,0
175.639609548,0,0,0
175.639610850,1,0,0
175.778308162,1,1,0
175.778308602,1,1,1
175.778310324,0,1,1
175.917007686,0,1,0
175.917007810,0,0,0
175.917009766,1,0,0
176.055738364,1,1,0
176.055738560,1,1,1
176.055740240,0,1,1
176.194439012,0,0,1
176.194439582,0,0,0
176.194440682,1,0,0
176.333137582,1,0,1
176.333138564,1,1,1
176.333140280,0,1,1
176.471838150,0,0,1
176.471838542,0,0,0
176.471840658,1,0,0
176.610537542,1,0,1
176.610538766,1,1,1
176.610540132,0,1,1
176.749269564,0,1,0
176.749270412,0,0,0
176.749270634,1,0,0
176.887968436,1,0,1
176.887969966,1,1,1
176.887970108,0,1,1
177.026668550,0,0,1
177.026670520,0,0,0
177.026670550,1,0,0
177.165368458,1,0,1
177.165369166,1,1,1
177.165370086,0,1,1
177.304066752,0,0,1
177.304067478,0,0,0
177.304069588,1,0,0
177.442768304,1,1,0
177.442769354,1,1,1
177.442770000,0,1,1
177.581467888,0,0,1
177.581468438,0,0,0
177.581469504,1,0,0
177.720167374,1,0,1
177.720168566,1,1,1
177.720169978,0,1,1
177.858897334,0,1,0
177.858898090,0,0,0
177.858899420,1,0,0
177.997597332,1,0,1
177.997598704,1,1,1
177.997599954,0,1,1
178.136297354,0,1,0
178.136298352,0,0,0
178.136299394,1,0,0
178.274997842,1,1,0
178.274998290,1,1,1
178.274999868,0,1,1
178.413697310,0,1,0
178.413697488,0,0,0
178.413699310,1,0,0
178.552396418,1,1,0
178.552397310,1,1,1
178.552398844,0,1,1
178.691098206,0,1,0
178.691098626,0,0,0
178.691099222,1,0,0
178.829796366,1,1,0
178.829797206,1,1,1
178.829798758,0,1,1
178.968496890,0,0,1
178.968498226,0,0,0
178.968499262,1,0,0
179.107197504,1,1,0
179.107198226,1,1,1
179.107198736,0,1,1
179.245896184,0,1,0
179.245896338,0,0,0
179.245898176,1,0,0
179.384596120,1,0,1
179.384596580,1,1,1
179.384598648,0,1,1
179.523296288,0,0,1
179.523297142,0,0,0
179.523298152,1,0,0
179.662026140,1,0,1
179.662026778,1,1,1
179.662028562,0,1,1
179.800725362,0,0,1
179.800726160,0,0,0
179.800728064,1,0,0
179.939457036,1,0,1
179.939457288,1,1,1
179.939458540,0,1,1
180.078156248,0,0,1
180.078158056,0,0,0
180.078159042,1,0,0
180.216888054,1,0,1
180.216888176,1,1,1
180.216889452,0,1,1
180.355586760,0,0,1
180.355587012,0,0,0
180.355588954,1,0,0
180.494286010,1,0,1
180.494287750,1,1,1
180.494288490,0,1,1
180.632987034,0,1,0
180.632987958,0,0,0
180.632988932,1,0,0
180.771685968,1,0,1
180.771686574,1,1,1
180.771688342,0,1,1
180.910415990,0,1,0
180.910417158,0,0,0
180.910418844,1,0,0
181.049116710,1,1,0
181.049117988,1,1,1
181.049119380,0,1,1
181.187816946,0,1,0
181.187818358,0,0,0
181.187818818,1,0,0
181.326516846,1,1,0
181.326516882,1,1,1
181.326518292,0,1,1
181.465216902,0,1,0
181.465217118,0,0,0
181.465218794,1,0,0
181.603916838,1,0,1
181.603917108,1,1,1
181.603918204,0,1,1
181.742616690,0,0,1
181.742616798,0,0,0
181.742618644,1,0,0
181.881344856,1,0,1
181.881346306,1,1,1
181.881348182,0,1,1
182.020047576,0,0,1
182.020047754,0,0,0
182.020048618,1,0,0
182.158806814,1,0,1
182.158807442,1,1,1
182.158809156,0,1,1
182.297537088,0,0,1
182.297537772,0,0,0
182.297539594,1,0,0
182.436238640,1,1,0
182.436238770,1,1,1
182.436240130,0,1,1
182.574937222,0,0,1
182.574937728,0,0,0
182.574939508,1,0,0
182.713636838,1,1,0
182.713637664,1,1,1
182.713639042,0,1,1
182.852337422,0,0,1
182.852338684,0,0,0
182.852339482,1,0,0
182.991036682,1,0,1
182.991037974,1,1,1
182.991038954,0,1,1
183.129766640,0,1,0
183.129767558,0,0,0
183.129769458,1,0,0
183.268466640,1,0,1
183.268468170,1,1,1
183.268468930,0,1,1
183.407167658,0,1,0
183.407167818,0,0,0
183.407169370,1,0,0
183.545866306,1,1,0
183.545867530,1,1,1
183.545868902,0,1,1
183.684567552,0,1,0
183.684567954,0,0,0
183.684569342,1,0,0
183.823266566,1,1,0
183.823267550,1,1,1
183.823268754,0,1,1
183.961966150,0,0,1
183.961966506,0,0,0
183.961968254,1,0,0
184.100666702,1,1,0
184.100667506,1,1,1
184.100668790,0,1,1
184.239396526,0,1,0
184.239398348,0,0,0
184.239399166,1,0,0
184.378096900,1,1,0
184.378097398,1,1,1
184.378098702,0,1,1
184.516797482,0,1,0
184.516797546,0,0,0
184.516799142,1,0,0
184.655496416,1,0,1
184.655497096,1,1,1
184.655498612,0,1,1
184.794194680,0,0,1
184.794197436,0,0,0
184.794198116,1,0,0
184.932896370,1,0,1
184.932898294,1,1,1
184.932898588,0,1,1
185.071595876,0,0,1
185.071596390,0,0,0
185.071598090,1,0,0
185.210295388,1,0,1
185.210295430,1,1,1
185.210297500,0,1,1
185.348996012,0,0,1
185.348996346,0,0,0
185.348998002,1,0,0
185.487726626,1,1,0
185.487727280,1,1,1
185.487728536,0,1,1
185.626427270,0,0,1
185.626427302,0,0,0
185.626427976,1,0,0
185.765126760,1,1,0
185.765127236,1,1,1
185.765128446,0,1,1
185.903825318,0,1,0
185.903825468,0,0,0
185.903827886,1,0,0
186.042525020,1,1,0
186.042525254,1,1,1
186.042527296,0,1,1
186.181225604,0,0,1
186.181226210,0,0,0
186.181227798,1,0,0
186.319925146,1,0,1
186.319926216,1,1,1
186.319927332,0,1,1
186.458655230,0,1,0
186.458655800,0,0,0
186.458657710,1,0,0
186.597355100,1,0,1
186.597355350,1,1,1
186.597357242,0,1,1
186.736055120,0,1,0
186.736056994,0,0,0
186.736057744,1,0,0
186.874755546,1,1,0
186.874757116,1,1,1
186.874757216,0,1,1
187.013455076,0,1,0
187.013456130,0,0,0
187.013457654,1,0,0
187.152155742,1,1,0
187.152156072,1,1,1
187.152157126,0,1,1
187.290854326,0,0,1
187.290856090,0,0,0
187.290856628,1,0,0
187.429555090,1,0,1
187.429555940,1,1,1
187.429557100,0,1,1
187.568254984,0,1,0
187.568255522,0,0,0
187.568256538,1,0,0
187.706953980,1,0,1
187.706955074,1,1,1
187.706957074,0,1,1
187.845654718,0,0,1
187.845655000,0,0,0
187.845656450,1,0,0
187.984353934,1,0,1
187.984354208,1,1,1
187.984355984,0,1,1
188.123054852,0,0,1
188.123054890,0,0,0
188.123056422,1,0,0
188.261784950,1,0,1
188.261785466,1,1,1
188.261786956,0,1,1
188.400483844,0,1,0
188.400485048,0,0,0
188.400486396,1,0,0
188.539183598,1,1,0
188.539184842,1,1,1
188.539185928,0,1,1
188.677885244,0,0,1
188.677885862,0,0,0
188.677886368,1,0,0
188.816614794,1,1,0
188.816614796,1,1,1
188.816616838,0,1,1
188.955314438,0,0,1
188.955314814,0,0,0
188.955316276,1,0,0
189.094013810,1,0,1
189.094015052,1,1,1
189.094016748,0,1,1
189.232713572,0,0,1
189.232714768,0,0,0
189.232716188,1,0,0
189.371413702,1,0,1
189.371414184,1,1,1
189.371415718,0,1,1
189.510114784,0,1,0
189.510115768,0,0,0
189.510116158,1,0,0
189.648813780,1,0,1
189.648814380,1,1,1
189.648815630,0,1,1
189.787544736,0,1,0
189.787544962,0,0,0
189.787546132,1,0,0
189.926274514,1,1,0
189.926275610,1,1,1
189.926276540,0,1,1
190.064974628,0,1,0
190.064975096,0,0,0
190.064976040,1,0,0
190.203674874,1,0,1
190.203675710,1,1,1
190.203676574,0,1,1
190.342372644,0,1,0
190.342375354,0,0,0
190.342375952,1,0,0
190.481073576,1,0,1
190.481073906,1,1,1
190.481075486,0,1,1
190.619773488,0,0,1
190.619775922,1,0,1
190.619775972,1,0,0
190.758474100,1,1,0
190.758474532,1,1,1
190.758475394,0,1,1
190.897203682,0,0,1
190.897204486,0,0,0
190.897205894,1,0,0
191.035934296,1,1,0
191.035934546,1,1,1
191.035936364,0,1,1
191.174634878,0,0,1
191.174635502,0,0,0
191.174635804,1,0,0
191.313364428,1,1,0
191.313365436,1,1,1
191.313366276,0,1,1
191.452064454,0,1,0
191.452065010,0,0,0
191.452066712,1,0,0
191.590764390,1,0,1
191.590764560,1,1,1
191.590766246,0,1,1
191.729464204,0,0,1
191.729465344,0,0,0
191.729466684,1,0,0
191.868163340,1,0,1
191.868164818,1,1,1
191.868166154,0,1,1
192.006864398,0,0,1
192.006865360,0,0,0
192.006865656,1,0,0
192.145563292,1,0,1
192.145565012,1,1,1
192.145566126,0,1,1
192.284263594,0,0,1
192.284264312,0,0,0
192.284265626,1,0,0
192.422964082,1,1,0
192.422965308,1,1,1
192.422966036,0,1,1
192.561693788,0,0,1
192.561694264,0,0,0
192.561695536,1,0,0
192.700393338,1,1,0
192.700395198,1,1,1
192.700396006,0,1,1
192.839093216,0,1,0
192.839093858,0,0,0
192.839095444,1,0,0
192.977794150,1,0,1
192.977794470,1,1,1
192.977795914,0,1,1
193.116493114,0,0,1
193.116494170,0,0,0
193.116495416,1,0,0
193.255193164,1,0,1
193.255193728,1,1,1
193.255194886,0,1,1
193.393893182,0,1,0
193.393894246,0,0,0
193.393895384,1,0,0
193.532622860,1,1,0
193.532624116,1,1,1
193.532625794,0,1,1
193.671324134,0,1,0
193.671324440,0,0,0
193.671325294,1,0,0
193.810023006,1,0,1
193.810023052,1,1,1
193.810024764,0,1,1
193.948723698,0,0,1
193.948724024,0,0,0
193.948725264,1,0,0
194.087422246,1,1,0
194.087423020,1,1,1
194.087424670,0,1,1
194.226123038,0,1,0
194.226123828,0,0,0
194.226125172,1,0,0
194.364821972,1,0,1
194.364822378,1,1,1
194.364824704,0,1,1
194.503521926,0,1,0
194.503522958,0,0,0
194.503524080,1,0,0
194.642221924,1,0,1
194.642222510,1,1,1
194.642224550,0,1,1
194.780953154,0,0,1
194.780953878,0,0,0
194.780955052,1,0,0
194.919652764,1,1,0
194.919652874,1,1,1
194.919654520,0,1,1
195.058352346,0,0,1
195.058353894,0,0,0
195.058355020,1,0,0
195.197081958,1,1,0
195.197083824,1,1,1
195.197084428,0,1,1
195.335783540,0,0,1
195.335783844,0,0,0
195.335784928,1,0,0
195.474481776,1,0,1
195.474482088,1,1,1
195.474484458,0,1,1
195.613182796,0,1,0
195.613183732,0,0,0
195.613184896,1,0,0
195.751943282,1,1,0
195.751943726,1,1,1
195.751945368,0,1,1
195.890642746,0,1,0
195.890642864,0,0,0
195.890644806,1,0,0
196.029343412,1,1,0
196.029344742,1,1,1
196.029345276,0,1,1
196.168042696,0,1,0
196.168044056,0,0,0
196.168044712,1,0,0
196.306743630,1,0,1
196.306743668,1,1,1
196.306745244,0,1,1
196.445442250,0,0,1
196.445443648,0,0,0
196.445444620,1,0,0
196.584141798,1,1,0
196.584142644,1,1,1
196.584144214,0,1,1
196.722842442,0,0,1
196.722843598,0,0,0
196.722844650,1,0,0
196.861540592,1,0,1
196.861542992,1,1,1
196.861544182,0,1,1
197.000243548,0,1,0
197.000243634,0,0,0
197.000244558,1,0,0
197.138941544,1,0,1
197.138942184,1,1,1
197.138944028,0,1,1
197.277641498,0,1,0
197.277641764,0,0,0
197.277643526,1,0,0
197.416371494,1,0,1
197.416373314,1,1,1
197.416373996,0,1,1
197.555072956,0,0,1
197.555073450,0,0,0
197.555074432,1,0,0
197.693771444,1,0,1
197.693771506,1,1,1
197.693773964,0,1,1
197.832471150,0,0,1
197.832472400,0,0,0
197.832473402,1,0,0
197.971172394,1,0,1
197.971172636,1,1,1
197.971173810,0,1,1
198.109871350,0,1,0
198.109872278,0,0,0
198.109873310,1,0,0
198.248571344,1,0,1
198.248572892,1,1,1
198.248573778,0,1,1
198.387270298,0,1,0
198.387271470,0,0,0
198.387273278,1,0,0
198.525971020,1,1,0
198.525972294,1,1,1
198.525972746,0,1,1
198.664671662,0,0,1
198.664672248,0,0,0
198.664673182,1,0,0
198.803370274,1,1,0
198.803371242,1,1,1
198.803372650,0,1,1
198.942070792,0,0,1
198.942071886,0,0,0
198.942073150,1,0,0
199.080771192,1,0,1
199.080771340,1,1,1
199.080772620,0,1,1
199.219500982,0,0,1
199.219501210,0,0,0
199.219503056,1,0,0
199.358201204,1,0,1
199.358201594,1,1,1
199.358202586,0,1,1
199.496901096,0,1,0
199.496901174,0,0,0
199.496903024,1,0,0
199.635600784,1,1,0
199.635601092,1,1,1
199.635602494,0,1,1
199.774299302,0,0,1
199.774301108,0,0,0
199.774301992,1,0,0
199.913030040,1,0,1
199.913030976,1,1,1
199.913032462,0,1,1
200.051731058,0,1,0
200.051731494,0,0,0
200.051732898,1,0,0
200.190462052,1,0,1
200.190462104,1,1,1
200.190463428,0,1,1
200.329192006,0,1,0
200.329192684,0,0,0
200.329193804,1,0,0
200.467891000,1,0,1
200.467891296,1,1,1
200.467893334,0,1,1
200.606590876,0,0,1
200.606591894,0,0,0
200.606592770,1,0,0
200.745290950,1,0,1
200.745291486,1,1,1
200.745293240,0,1,1
200.883990066,0,0,1
200.883990902,0,0,0
200.883992676,1,0,0
201.022691898,1,0,1
201.022692614,1,1,1
201.022693208,0,1,1
201.161389852,0,1,0
201.161391258,0,0,0
201.161392642,1,0,0
201.300089806,1,1,0
201.300089846,1,1,1
201.300092112,0,1,1
201.438851800,0,1,0
201.438853448,0,0,0
201.438853548,1,0,0
201.577550934,1,1,0
201.577551794,1,1,1
201.577553078,0,1,1
201.716251574,0,0,1
201.716251812,0,0,0
201.716253516,1,0,0
201.854951680,1,0,1
201.854952186,1,1,1
201.854952984,0,1,1
201.993649760,0,1,0
201.993650702,0,0,0
201.993652482,1,0,0
202.132349754,1,0,1
202.132351312,1,1,1
202.132352950,0,1,1
202.271050954,0,0,1
202.271051644,0,0,0
202.271052450,1,0,0
202.409750640,1,0,1
202.409751504,1,1,1
202.409752854,0,1,1
202.548451084,0,0,1
202.548451594,0,0,0
202.548452354,1,0,0
202.687149648,1,0,1
202.687150694,1,1,1
202.687151820,0,1,1
202.825850272,0,0,1
202.825850542,0,0,0
202.825852256,1,0,0
202.964549822,1,1,0
202.964550534,1,1,1
202.964551724,0,1,1
203.103249400,0,0,1
203.103249550,0,0,0
203.103251224,1,0,0
203.241949010,1,1,0
203.241950482,1,1,1
203.241951754,0,1,1
203.380649590,0,0,1
203.380650498,0,0,0
203.380651128,1,0,0
203.519350200,1,1,0
203.519350428,1,1,1
203.519351594,0,1,1
203.658048780,0,0,1
203.658049446,0,0,0
203.658051094,1,0,0
203.796749326,1,1,0
203.796749376,1,1,1
203.796750562,0,1,1
203.935449392,0,1,0
203.935449906,0,0,0
203.935450998,1,0,0
204.074148386,1,0,1
204.074148516,1,1,1
204.074150528,0,1,1
204.212879156,0,0,1
204.212879338,0,0,0
204.212880964,1,0,0
204.351579332,1,0,1
204.351579642,1,1,1
204.351581430,0,1,1
204.490278286,0,1,0
204.490279284,0,0,0
204.490280928,1,0,0
204.628977894,1,1,0
204.628979218,1,1,1
204.628980396,0,1,1
204.767679232,0,1,0
204.767679474,0,0,0
204.767680832,1,0,0
204.906378020,1,1,0
204.906378226,1,1,1
204.906380300,0,1,1
205.045078662,0,0,1
205.045080240,0,0,0
205.045080798,1,0,0
205.183779172,1,0,1
205.183780202,0,0,1
205.183780272,0,1,1
205.322477788,0,0,1
205.322478188,0,0,0
205.322479702,1,0,0
205.461208056,1,0,1
205.461208398,1,1,1
205.461210230,0,1,1
205.599908976,0,0,1
205.599909072,0,0,0
205.599910604,1,0,0
205.738607586,1,1,0
205.738608064,1,1,1
205.738610134,0,1,1
205.877307166,0,0,1
205.877308080,0,0,0
205.877309570,1,0,0
206.016008010,1,0,1
206.016008774,1,1,1
206.016010036,0,1,1
206.154707354,0,0,1
206.154708026,0,0,0
206.154709472,1,0,0
206.293468964,1,1,0
206.293469956,1,1,1
206.293470938,0,1,1
206.432167910,0,1,0
206.432170436,1,1,0
206.432170480,1,0,0
206.570867902,1,0,1
206.570869088,1,1,1
206.570869968,0,1,1
206.709597666,0,0,1
206.709598918,0,0,0
206.709600338,1,0,0
206.848388848,1,0,1
206.848390214,1,1,1
206.848391870,0,1,1
206.987089800,0,1,0
206.987089854,0,0,0
206.987092302,1,0,0
207.125789464,1,1,0
207.125789792,1,1,1
207.125791832,0,1,1
207.264488746,0,1,0
207.264489980,0,0,0
207.264491268,1,0,0
207.403190590,1,1,0
207.403190738,1,1,1
207.403191734,0,1,1
207.541890166,0,0,1
207.541890692,0,0,0
207.541891232,1,0,0
207.680590748,1,0,1
207.680590776,1,1,1
207.680591636,0,1,1
207.819320636,0,1,0
207.819321354,0,0,0
207.819322134,1,0,0
207.958019630,1,0,1
207.958019964,1,1,1
207.958021664,0,1,1
208.096719582,0,1,0
208.096720604,0,0,0
208.096721036,1,0,0
208.235419574,1,0,1
208.235420088,1,1,1
208.235421566,0,1,1
208.374118730,0,0,1
208.374119588,0,0,0
208.374120998,1,0,0
208.512818276,1,1,0
208.512819582,1,1,1
208.512820466,0,1,1
208.651518854,0,0,1
208.651519534,0,0,0
208.651520900,1,0,0
208.790217464,1,1,0
208.790219466,1,1,1
208.790220430,0,1,1
208.928949104,0,0,1
208.928949480,0,0,0
208.928950864,1,0,0
209.067650410,1,0,1
209.067650588,1,1,1
209.067651332,0,1,1
209.206349228,0,0,1
209.206349424,0,0,0
209.206350828,1,0,0
209.345048416,1,0,1
209.345048774,1,1,1
209.345050232,0,1,1
209.483749360,0,0,1
209.483749368,0,0,0
209.483750730,1,0,0
209.622447962,1,1,0
209.622448298,1,1,1
209.622450196,0,1,1
209.761178250,0,1,0
209.761179540,0,0,0
209.761180630,1,0,0
209.899878086,1,1,0
209.899878244,1,1,1
209.899880160,0,1,1
210.038577726,0,0,1
210.038579258,0,0,0
210.038580594,1,0,0
210.177278336,1,1,0
210.177279250,1,1,1
210.177280060,0,1,1
210.316009202,0,1,0
210.316009912,0,0,0
210.316010558,1,0,0
210.454709460,1,1,0
210.454710132,1,1,1
210.454711024,0,1,1
210.593469146,0,1,0
210.593471038,0,0,0
210.593471460,1,0,0
210.732168646,1,1,0
210.732170140,1,1,1
210.732170986,0,1,1
210.870869224,0,0,1
210.870870028,0,0,0
210.870871422,1,0,0
211.009569020,1,0,1
211.009569832,1,1,1
211.009570888,0,1,1
211.148299034,0,1,0
211.148299472,0,0,0
211.148301324,1,0,0
211.287029964,1,0,1
211.287030018,1,1,1
211.287031852,0,1,1
211.425728596,0,0,1
211.425729978,0,0,0
211.425731286,1,0,0
211.564430908,1,0,1
211.564431204,1,1,1
211.564431752,0,1,1
211.703129718,0,0,1
211.703129922,0,0,0
211.703131248,1,0,0
211.841829914,1,0,1
211.841830328,1,1,1
211.841831714,0,1,1
211.980528906,0,0,1
211.980529866,0,0,0
211.980531086,1,0,0
212.119258514,1,1,0
212.119260796,1,1,1
212.119261614,0,1,1
212.257989746,0,1,0
212.257990090,0,0,0
212.257992048,1,0,0
212.396689700,1,1,0
212.396689802,1,1,1
212.396691576,0,1,1
212.535451276,0,0,1
212.535452752,0,0,0
212.535453010,1,0,0
212.674150682,1,0,1
212.674150822,1,1,1
212.674152476,0,1,1
212.812881462,0,0,1
212.812881696,0,0,0
212.812882910,1,0,0
212.951581008,1,1,0
212.951581626,1,1,1
212.951582438,0,1,1
213.090280584,0,0,1
213.090280640,0,0,0
213.090282874,1,0,0
213.228980194,1,1,0
213.228980630,1,1,1
213.228982276,0,1,1
213.367678706,0,0,1
213.367679520,0,0,0
213.367681772,1,0,0
213.506411316,1,1,0
213.506411574,1,1,1
213.506412300,0,1,1
213.645140526,0,1,0
213.645140954,0,0,0
213.645142734,1,0,0
213.783870564,1,1,0
213.783871516,1,1,1
213.783873262,0,1,1
213.922572076,0,0,1
213.922573468,0,0,0
213.922573696,1,0,0
214.061301396,1,0,1
214.061301686,1,1,1
214.061303162,0,1,1
214.200002324,0,0,1
214.200003410,0,0,0
214.200003596,1,0,0
214.338700338,1,0,1
214.338701808,1,1,1
214.338703062,0,1,1
214.477401352,0,1,0
214.477402446,0,0,0
214.477403494,1,0,0
214.616101054,1,1,0
214.616101282,1,1,1
214.616103086,0,1,1
214.754801632,0,0,1
214.754802296,0,0,0
214.754802456,1,0,0
214.893501176,1,1,0
214.893501224,1,1,1
214.893502922,0,1,1
215.032199316,0,0,1
215.032201238,0,0,0
215.032202416,1,0,0
215.170901228,1,0,1
215.170901360,1,1,1
215.170902882,0,1,1
215.309600178,0,1,0
215.309600938,0,0,0
215.309602316,1,0,0
215.448300546,1,1,0
215.448301482,1,1,1
215.448301844,0,1,1
215.587000246,0,0,1
215.587000872,0,0,0
215.587002276,1,0,0
215.725699112,1,0,1
215.725700230,1,1,1
215.725701742,0,1,1
215.864400000,0,1,0
215.864400306,0,0,0
215.864402176,1,0,0
216.003129664,1,1,0
216.003129992,1,1,1
216.003131640,0,1,1
216.141830068,0,1,0
216.141830678,0,0,0
216.141832072,1,0,0
216.280560036,1,1,0
216.280560994,1,1,1
216.280562602,0,1,1
216.419259674,0,0,1
216.419261008,0,0,0
216.419262034,1,0,0
216.557959874,1,0,1
216.557960094,1,1,1
216.557962560,0,1,1
216.696689794,0,0,1
216.696690886,0,0,0
216.696691932,1,0,0
216.835390878,1,0,1
216.835391590,1,1,1
216.835392458,0,1,1
216.974089916,0,0,1
216.974090826,0,0,0
216.974091892,1,0,0
217.112820818,1,0,1
217.112822086,1,1,1
217.112822358,0,1,1
217.251551768,0,1,0
217.251552536,0,0,0
217.251552852,1,0,0
217.390249760,1,0,1
217.390250644,1,1,1
217.390252380,0,1,1
217.528950282,0,0,1
217.528951772,0,0,0
217.528952750,1,0,0
217.667649638,1,0,1
217.667650828,1,1,1
217.667652276,0,1,1
217.806350712,0,1,0
217.806351464,0,0,0
217.806352708,1,0,0
217.945050640,1,0,1
217.945051010,1,1,1
217.945052174,0,1,1
218.083749652,0,1,0
218.083750710,0,0,0
218.083751608,1,0,0
218.222450580,1,0,1
218.222451192,1,1,1
218.222452132,0,1,1
218.361150594,0,1,0
218.361150832,0,0,0
218.361151628,1,0,0
218.499851314,1,1,0
218.499851522,1,1,1
218.499851968,0,1,1
218.638549950,0,0,1
218.638550472,0,0,0
218.638551526,1,0,0
218.777249558,1,1,0
218.777250462,1,1,1
218.777250990,0,1,1
218.915949474,0,1,0
218.915950134,0,0,0
218.915951360,1,0,0
219.054648742,1,1,0
219.054649402,1,1,1
219.054650888,0,1,1
219.193349316,0,0,1
219.193349352,0,0,0
219.193351384,1,0,0
219.332049342,1,0,1
219.332049860,1,1,1
219.332050846,0,1,1
219.470779292,0,1,0
219.470780498,0,0,0
219.470781280,1,0,0
219.609479042,1,1,0
219.609479282,1,1,1
219.609480806,0,1,1
219.748179232,0,1,0
219.748180620,0,0,0
219.748181178,1,0,0
219.886878222,1,0,1
219.886879226,1,1,1
219.886880704,0,1,1
220.025577800,0,0,1
220.025579172,0,0,0
220.025580136,1,0,0
220.164279162,1,0,1
220.164279346,1,1,1
220.164280598,0,1,1
220.302977982,0,0,1
220.302978174,0,0,0
220.302980030,1,0,0
220.441678528,1,1,0
220.441679040,1,1,1
220.441680496,0,1,1
220.580378052,0,1,0
220.580378104,0,0,0
220.580379990,1,0,0
220.719108042,1,0,1
220.719108710,1,1,1
220.719110454,0,1,1
220.857807992,0,1,0
220.857808286,0,0,0
220.857809950,1,0,0
220.996507918,1,0,1
220.996508892,1,1,1
220.996510412,0,1,1
221.135207994,0,1,0
221.135208468,0,0,0
221.135209782,1,0,0
221.273908074,1,1,0
221.273908858,1,1,1
221.273909308,0,1,1
221.412637650,0,0,1
221.412637868,0,0,0
221.412639804,1,0,0
221.551337860,1,0,1
221.551338192,1,1,1
221.551340204,0,1,1
221.690068870,0,1,0
221.690069768,0,0,0
221.690070700,1,0,0
221.828767798,1,0,1
221.828768374,1,1,1
221.828770162,0,1,1
221.967467810,0,1,0
221.967469012,0,0,0
221.967469658,1,0,0
222.106168494,1,1,0
222.106168736,1,1,1
222.106170120,0,1,1
222.244866750,0,1,0
222.244869130,0,0,0
222.244869616,1,0,0
222.383568674,1,1,0
222.383568676,1,1,1
222.383570016,0,1,1
222.522267374,0,0,1
222.522268624,0,0,0
222.522269448,1,0,0
222.660966614,1,0,1
222.660966854,1,1,1
222.660968974,0,1,1
222.799666430,0,0,1
222.799667626,0,0,0
222.799669408,1,0,0
222.938428554,1,0,1
222.938428974,1,1,1
222.938429932,0,1,1
223.077128564,0,1,0
223.077128612,0,0,0
223.077130302,1,0,0
223.215827430,1,0,1
223.215828216,1,1,1
223.215829828,0,1,1
223.354526378,0,1,0
223.354528792,0,0,0
223.354529260,1,0,0
223.493227742,1,0,1
223.493228336,1,1,1
223.493229722,0,1,1
223.631926442,0,1,0
223.631927972,0,0,0
223.631929154,1,0,0
223.770627454,1,1,0
223.770629368,1,1,1
223.770629680,0,1,1
223.909358154,0,0,1
223.909359380,0,0,0
223.909360112,1,0,0
224.048058308,1,0,1
224.048058698,1,1,1
224.048059576,0,1,1
224.186757272,0,0,1
224.186758256,0,0,0
224.186759070,1,0,0
224.325457244,1,0,1
224.325458876,1,1,1
224.325459470,0,1,1
224.464156256,0,1,0
224.464157452,0,0,0
224.464158962,1,0,0
224.602856994,1,1,0
224.602857182,1,1,1
224.602858490,0,1,1
224.741556132,0,1,0
224.741557632,0,0,0
224.741558920,1,0,0
224.880256176,1,1,0
224.880257120,1,1,1
224.880258322,0,1,1
225.018957130,0,1,0
225.018957812,0,0,0
225.018958814,1,0,0
225.157656294,1,1,0
225.157656996,1,1,1
225.157658278,0,1,1
225.296355930,0,0,1
225.296357772,1,0,1
225.296358068,1,0,0
225.435056994,1,0,1
225.435057534,1,1,1
225.435058232,0,1,1
225.573755048,0,0,1
225.573757006,0,0,0
225.573757664,1,0,0
225.712485652,1,1,0
225.712485932,1,1,1
225.712488128,0,1,1
225.851186290,0,0,1
225.851186882,0,0,0
225.851188620,1,0,0
225.989884870,1,0,1
225.989886770,1,1,1
225.989888146,0,1,1
226.128585406,0,0,1
226.128585820,0,0,0
226.128587578,1,0,0
226.267286012,1,1,0
226.267286808,1,1,1
226.267287978,0,1,1
226.406015586,0,0,1
226.406016756,0,0,0
226.406018534,1,0,0
226.544715192,1,1,0
226.544716744,1,1,1
226.544717934,0,1,1
226.683415754,0,1,0
226.683415764,0,0,0
226.683417364,1,0,0
226.822115308,1,1,0
226.822115742,1,1,1
226.822117888,0,1,1
226.960814692,0,1,0
226.960814882,0,0,0
226.960817320,1,0,0
227.099515488,1,1,0
227.099515618,1,1,1
227.099517784,0,1,1
227.238215124,0,0,1
227.238215628,0,0,0
227.238217214,1,0,0
227.376914604,1,1,0
227.376915554,1,1,1
227.376916738,0,1,1
227.515615240,0,0,1
227.515615564,0,0,0
227.515617170,1,0,0
227.654314784,1,1,0
227.654315490,1,1,1
227.654316632,0,1,1
227.793015356,0,0,1
227.793015562,0,0,0
227.793017126,1,0,0
227.931714960,1,1,0
227.931715426,1,1,1
227.931716586,0,1,1
228.070414438,0,1,0
228.070415600,0,0,0
228.070415956,1,0,0
228.209114140,1,1,0
228.209114424,1,1,1
228.209116480,0,1,1
228.347843374,0,1,0
228.347845714,0,0,0
228.347846912,1,0,0
228.486543360,1,0,1
228.486546318,1,1,1
228.486546436,0,1,1
228.625243830,0,0,1
228.625244308,0,0,0
228.625245866,1,0,0
228.763944234,1,0,1
228.763945434,1,1,1
228.763946390,0,1,1
228.902643070,0,0,1
228.902644244,0,0,0
228.902645758,1,0,0
229.041343614,1,1,0
229.041345232,1,1,1
229.041346282,0,1,1
229.180074186,0,0,1
229.180075180,0,0,0
229.180076712,1,0,0
229.318775168,1,0,1
229.318775792,1,1,1
229.318776174,0,1,1
229.457474116,0,1,0
229.457474302,0,0,0
229.457475666,1,0,0
229.596174042,1,0,1
229.596174906,1,1,1
229.596176128,0,1,1
229.734872050,0,1,0
229.734873542,0,0,0
229.734875560,1,0,0
229.873573148,1,1,0
229.873574040,1,1,1
229.873575020,0,1,1
230.012274050,0,1,0
230.012274658,0,0,0
230.012275514,1,0,0
230.150972264,1,1,0
230.150972974,1,1,1
230.150974976,0,1,1
230.289673836,0,0,1
230.289673984,0,0,0
230.289675404,1,0,0
230.428373440,1,1,0
230.428373910,1,1,1
230.428374930,0,1,1
230.567103856,0,1,0
230.567104014,0,0,0
230.567105298,1,0,0
230.705801556,1,1,0
230.705803844,1,1,1
230.705804822,0,1,1
230.844503130,0,0,1
230.844503854,0,0,0
230.844505252,1,0,0
230.983201780,1,0,1
230.983202734,1,1,1
230.983204776,0,1,1
231.121903308,0,0,1
231.121903728,0,0,0
231.121905142,1,0,0
231.260602714,1,0,1
231.260602910,1,1,1
231.260604604,0,1,1
231.399301484,0,0,1
231.399301662,0,0,0
231.399304096,1,0,0
231.538002090,1,1,0
231.538002648,1,1,1
231.538004558,0,1,1
231.676701662,0,0,1
231.676702658,0,0,0
231.676704050,1,0,0
231.815432584,1,0,1
231.815433204,1,1,1
231.815434510,0,1,1
231.954130838,0,0,1
231.954132968,0,0,0
231.954133940,1,0,0
232.092831518,1,0,1
232.092834402,0,0,1
232.092834442,0,1,1
232.231531528,0,1,0
232.231531954,0,0,0
232.231533894,1,0,0
232.370262560,1,1,0
232.370263452,1,1,1
232.370264358,0,1,1
232.508961462,0,1,0
232.508962130,0,0,0
232.508963786,1,0,0
232.647661450,1,0,1
232.647661672,1,1,1
232.647664310,0,1,1
232.786422396,0,1,0
232.786423306,0,0,0
232.786424738,1,0,0
232.925122848,1,1,0
232.925124320,1,1,1
232.925125200,0,1,1
233.063822330,0,1,0
233.063823484,0,0,0
233.063824566,1,0,0
233.202523024,1,1,0
233.202523254,1,1,1
233.202524090,0,1,1
233.341223326,0,1,0
233.341223598,0,0,0
233.341224582,1,0,0
233.479921188,1,0,1
233.479922202,1,1,1
233.479924042,0,1,1
233.618623836,0,0,1
233.618624198,0,0,0
233.618624472,1,0,0
233.757352184,1,0,1
233.757352378,1,1,1
233.757354998,0,1,1
233.896052132,0,1,0
233.896052952,0,0,0
233.896054364,1,0,0
234.034751554,1,1,0
234.034753118,1,1,1
234.034753886,0,1,1
234.173452124,0,0,1
234.173452128,0,0,0
234.173454378,1,0,0
234.312182990,1,0,1
234.312183668,1,1,1
234.312184778,0,1,1
234.450881998,0,1,0
234.450882240,0,0,0
234.450884206,1,0,0
234.589581986,1,0,1
234.589582782,1,1,1
234.589583728,0,1,1
234.728281932,0,1,0
234.728283418,0,0,0
234.728284158,1,0,0
234.866980918,1,0,1
234.866983020,1,1,1
234.866983620,0,1,1
235.005712594,0,0,1
235.005712866,0,0,0
235.005714048,1,0,0
235.144412196,1,1,0
235.144413852,1,1,1
235.144414572,0,1,1
235.283141770,0,0,1
235.283142862,0,0,0
235.283144000,1,0,0
235.421842310,1,1,0
235.421842722,1,1,1
235.421844462,0,1,1
235.560572732,0,1,0
235.560572882,0,0,0
235.560574952,1,0,0
235.699272486,1,1,0
235.699272656,1,1,1
235.699274350,0,1,1
235.837973058,0,0,1
235.837973666,0,0,0
235.837974780,1,0,0
235.976672598,1,1,0
235.976672652,1,1,1
235.976674302,0,1,1
236.115372234,0,0,1
236.115372660,0,0,0
236.115373730,1,0,0
236.254072586,1,0,1
236.254072774,1,1,1
236.254074254,0,1,1
236.392802348,0,0,1
236.392802594,0,0,0
236.392804682,1,0,0
236.531532456,1,0,1
236.531533950,1,1,1
236.531535144,0,1,1
236.670232460,0,0,1
236.670233526,0,0,0
236.670234574,1,0,0
236.808931064,1,1,0
236.808931452,1,1,1
236.808934094,0,1,1
236.947631698,0,0,1
236.947633400,0,0,0
236.947634524,1,0,0
237.086363446,1,0,1
237.086364238,1,1,1
237.086364984,0,1,1
237.225061810,0,0,1
237.225062392,0,0,0
237.225064476,1,0,0
237.363761316,1,0,1
237.363762476,1,1,1
237.363763874,0,1,1
237.502462324,0,1,0
237.502463048,0,0,0
237.502464366,1,0,0
237.641161312,1,0,1
237.641161526,1,1,1
237.641163886,0,1,1
237.779862162,0,0,1
237.779862256,0,0,0
237.779864316,1,0,0
237.918590700,1,1,0
237.918591244,1,1,1
237.918593774,0,1,1
238.057292190,0,1,0
238.057292336,0,0,0
238.057294268,1,0,0
238.195990876,1,1,0
238.195992112,1,1,1
238.195993602,0,1,1
238.334692122,0,1,0
238.334693510,0,0,0
238.334694092,1,0,0
238.473390988,1,1,0
238.473392108,1,1,1
238.473393616,0,1,1
238.612091054,0,1,0
238.612092686,0,0,0
238.612093044,1,0,0
238.750792978,1,0,1
238.750793226,1,1,1
238.750793504,0,1,1
238.889490986,0,1,0
238.889491736,0,0,0
238.889492996,1,0,0
239.028221338,1,1,0
239.028222910,1,1,1
239.028223456,0,1,1
239.166921036,0,0,1
239.166921918,0,0,0
239.166923882,1,0,0
239.305620966,1,0,1
239.305621512,1,1,1
239.305623406,0,1,1
239.444320850,0,1,0
239.444321148,0,0,0
239.444322772,1,0,0
239.583020836,1,0,1
239.583022688,1,1,1
239.583023294,0,1,1
239.721720196,0,0,1
239.721720844,0,0,0
239.721722722,1,0,0
239.860420800,1,1,0
239.860421830,1,1,1
239.860423182,0,1,1
239.999121434,0,0,1
239.999121714,0,0,0
239.999122610,1,0,0
240.137819450,1,0,1
240.137820974,1,1,1
240.137822132,0,1,1
240.276520546,0,0,1
240.276522562,1,0,1
240.276522708,1,0,0
240.415219694,1,0,1
240.415220148,1,1,1
240.415222082,0,1,1
240.553919784,0,0,1
240.553920514,0,0,0
240.553921448,1,0,0
240.692620324,1,1,0
240.692620562,1,1,1
240.692621970,0,1,1
240.831319570,0,1,0
240.831319894,0,0,0
240.831321398,1,0,0
240.970019556,1,0,1
240.970021498,1,1,1
240.970021858,0,1,1
241.108719440,0,1,0
241.108720068,0,0,0
241.108721348,1,0,0
241.247419426,1,0,1
241.247419608,1,1,1
241.247420872,0,1,1
241.386120242,0,0,1
241.386120434,0,0,0
241.386121298,1,0,0
241.524817782,1,1,0
241.524819418,1,1,1
241.524820696,0,1,1
241.663518416,0,0,1
241.663519364,0,0,0
241.663521184,1,0,0
241.802218956,1,1,0
241.802219288,1,1,1
241.802220644,0,1,1
241.940918358,0,1,0
241.940918528,0,0,0
241.940920072,1,0,0
242.079618130,1,1,0
242.079618218,1,1,1
242.079620532,0,1,1
242.218317228,0,1,0
242.218318702,0,0,0
242.218320024,1,0,0
242.357018150,1,0,1
242.357019304,1,1,1
242.357020482,0,1,1
242.495747874,0,0,1
242.495748158,0,0,0
242.495749908,1,0,0
242.634449144,1,0,1
242.634449414,1,1,1
242.634450430,0,1,1
242.773148048,0,0,1
242.773148088,0,0,0
242.773149796,1,0,0
242.911847588,1,1,0
242.911849074,1,1,1
242.911850318,0,1,1
243.050548020,0,1,0
243.050548160,0,0,0
243.050549808,1,0,0
243.189278004,1,0,1
243.189278698,1,1,1
243.189280206,0,1,1
243.327977394,0,0,1
243.327977950,0,0,0
243.327979696,1,0,0
243.466676934,1,0,1
243.466679872,1,1,1
243.466680154,0,1,1
243.605377506,0,0,1
243.605377944,0,0,0
243.605379582,1,0,0
243.744076802,1,0,1
243.744079108,1,1,1
243.744080104,0,1,1
243.882777810,0,1,0
243.882778616,0,0,0
243.882779530,1,0,0
244.021476218,1,1,0
244.021476796,1,1,1
244.021479052,0,1,1
244.160207740,0,1,0
244.160207850,0,0,0
244.160209480,1,0,0
244.298937390,1,1,0
244.298939788,1,1,1
244.298939938,0,1,1
244.437668732,0,1,0
244.437668960,0,0,0
244.437670366,1,0,0
244.576399500,1,1,0
244.576399718,1,1,1
244.576400822,0,1,1
244.715097662,0,1,0
244.715099134,0,0,0
244.715100250,1,0,0
244.853799648,1,0,1
244.853800672,1,1,1
244.853800772,0,1,1
244.992498592,0,1,0
244.992499306,0,0,0
244.992500200,1,0,0
245.131198578,1,0,1
245.131198846,1,1,1
245.131200658,0,1,1
245.269898522,0,1,0
245.269899478,0,0,0
245.269900146,1,0,0
245.408628506,1,0,1
245.408629018,1,1,1
245.408630544,0,1,1
245.547328452,0,1,0
245.547328588,0,0,0
245.547330032,1,0,0
245.686028128,1,1,0
245.686029436,1,1,1
245.686030554,0,1,1
245.824727760,0,0,1
245.824728380,0,0,0
245.824730044,1,0,0
245.963427362,1,1,0
245.963427366,1,1,1
245.963429440,0,1,1
246.102127932,0,0,1
246.102129310,0,0,0
246.102129928,1,0,0
246.240827294,1,0,1
246.240827472,1,1,1
246.240829386,0,1,1
246.379557240,0,1,0
246.379558104,0,0,0
246.379559812,1,0,0
246.518257224,1,0,1
246.518257580,1,1,1
246.518259272,0,1,1
246.656957214,0,0,1
246.656958168,0,0,0
246.656959762,1,0,0
246.795657814,1,1,0
246.795658154,1,1,1
246.795659156,0,1,1
246.934357386,0,0,1
246.934359160,0,0,0
246.934359646,1,0,0
247.073056924,1,1,0
247.073058082,1,1,1
247.073059104,0,1,1
247.211755556,0,0,1
247.211756088,0,0,0
247.211758468,1,0,0
247.350457158,1,1,0
247.350457948,1,1,1
247.350458990,0,1,1
247.489156018,0,1,0
247.489156666,0,0,0
247.489158480,1,0,0
247.627856204,1,1,0
247.627858936,0,1,0
247.627858940,0,1,1
247.766587900,0,0,1
247.766587948,0,0,0
247.766589362,1,0,0
247.905287376,1,1,0
247.905287868,1,1,1
247.905288884,0,1,1
248.043986008,0,0,1
248.043986874,0,0,0
248.043988310,1,0,0
248.182686798,1,0,1
248.182687608,1,1,1
248.182688770,0,1,1
248.321385116,0,0,1
248.321386804,0,0,0
248.321388258,1,0,0
248.460086718,1,1,0
248.460086724,1,1,1
248.460088718,0,1,1
248.598786350,0,0,1
248.598786732,0,0,0
248.598788142,1,0,0
248.737516404,1,0,1
248.737516826,1,1,1
248.737518602,0,1,1
248.876216458,0,0,1
248.876217786,0,0,0
248.876218090,1,0,0
249.014916580,1,0,1
249.014917060,1,1,1
249.014918548,0,1,1
249.153615650,0,1,0
249.153616630,0,0,0
249.153617974,1,0,0
249.292316168,1,1,0
249.292316508,1,1,1
249.292317496,0,1,1
249.431016514,0,1,0
249.431016800,0,0,0
249.431017858,1,0,0
249.569715500,1,0,1
249.569716338,1,1,1
249.569717378,0,1,1
249.708414908,0,0,1
249.708415444,0,0,0
249.708417742,1,0,0
249.847115364,1,0,1
249.847115510,1,1,1
249.847117262,0,1,1
249.985813372,0,1,0
249.985816078,0,0,0
249.985816688,1,0,0
250.124515616,1,1,0
250.124517210,0,1,0
250.124517356,0,1,1
250.263214298,0,1,0
250.263215186,0,0,0
250.263216636,1,0,0
250.401915786,1,1,0
250.401916282,1,1,1
250.401917094,0,1,1
250.540614418,0,0,1
250.540615226,0,0,0
250.540616580,1,0,0
250.679314082,1,1,0
250.679315210,1,1,1
250.679315978,0,1,1
250.818015526,0,0,1
250.818016152,0,0,0
250.818016466,1,0,0
250.956713138,1,0,1
250.956714128,1,1,1
250.956715922,0,1,1
251.095414072,0,0,1
251.095414142,0,0,0
251.095415348,1,0,0
251.234115066,1,0,1
251.234115236,1,1,1
251.234115870,0,1,1
251.372812806,0,0,1
251.372815070,0,0,0
251.372815296,1,0,0
251.511512992,1,0,1
251.511514406,1,1,1
251.511515754,0,1,1
251.650212850,0,0,1
251.650213936,0,0,0
251.650215178,1,0,0
251.788912514,1,1,0
251.788913920,1,1,1
251.788914700,0,1,1
251.927612832,0,0,1
251.927613926,0,0,0
251.927615126,1,0,0
252.066343308,1,1,0
252.066343846,1,1,1
252.066345646,0,1,1
252.205042252,0,0,1
252.205043790,0,0,0
252.205045072,1,0,0
252.343743834,1,0,1
252.343744228,1,1,1
252.343745530,0,1,1
252.482443172,0,0,1
252.482443718,0,0,0
252.482444892,1,0,0
252.621142960,1,1,0
252.621143700,1,1,1
252.621144474,0,1,1
252.759843156,0,0,1
252.759843708,0,0,0
252.759844838,1,0,0
252.898572192,1,1,0
252.898573626,1,1,1
252.898575356,0,1,1
253.037303762,0,0,1
253.037304634,0,0,0
253.037305782,1,0,0
253.176033362,1,1,0
253.176033554,1,1,1
253.176035304,0,1,1
253.314794994,0,0,1
253.314795560,0,0,0
253.314796730,1,0,0
253.453493468,1,1,0
253.453494480,1,1,1
253.453496248,0,1,1
253.592194550,0,1,0
253.592195100,0,0,0
253.592196612,1,0,0
253.730893470,1,0,1
253.730895576,1,1,1
253.730896070,0,1,1
253.869594208,0,0,1
253.869594412,0,0,0
253.869595556,1,0,0
254.008294334,1,0,1
254.008294746,1,1,1
254.008296016,0,1,1
254.146993340,0,1,0
254.146993378,0,0,0
254.146995440,1,0,0
254.285723324,1,0,1
254.285724914,1,1,1
254.285725958,0,1,1
254.424424266,0,1,0
254.424425486,0,0,0
254.424426322,1,0,0
254.563154084,1,1,0
254.563154188,1,1,1
254.563155842,0,1,1
254.701854194,0,1,0
254.701854654,0,0,0
254.701856268,1,0,0
254.840554176,1,0,1
254.840554254,1,1,1
254.840555724,0,1,1
254.979253822,0,0,1
254.979254120,0,0,0
254.979256214,1,0,0
255.117953360,1,1,0
255.117955104,1,1,1
255.117955734,0,1,1
255.256652992,0,0,1
255.256654108,0,0,0
255.256655096,1,0,0
255.395353030,1,0,1
255.395354592,1,1,1
255.395355554,0,1,1
255.534084098,0,0,1
255.534085972,0,0,0
255.534086104,1,0,0
255.672813894,1,0,1
255.672814698,1,1,1
255.672816498,0,1,1
255.811513268,0,0,1
255.811513900,0,0,0
255.811515922,1,0,0
255.950212868,1,1,0
255.950213884,1,1,1
255.950215380,0,1,1
256.088913888,0,1,0
256.088914436,0,0,0
256.088915868,1,0,0
256.227612810,1,0,1
256.227614036,1,1,1
256.227615326,0,1,1
256.366344606,0,0,1
256.366344816,0,0,0
256.366345752,1,0,0
256.505074734,1,0,1
256.505075206,1,1,1
256.505076270,0,1,1
256.643773712,0,0,1
256.643774742,0,0,0
256.643775634,1,0,0
256.782504312,1,1,0
256.782504660,1,1,1
256.782506152,0,1,1
256.921204944,0,0,1
256.921205668,0,0,0
256.921206640,1,0,0
257.059965150,1,0,1
257.059965480,1,1,1
257.059967100,0,1,1
257.198666050,0,0,1
257.198666594,0,0,0
257.198667460,1,0,0
257.337365516,1,0,1
257.337365588,1,1,1
257.337366980,0,1,1
257.476063580,0,1,0
257.476064218,0,0,0
257.476066404,1,0,0
257.614764754,1,1,0
257.614765440,1,1,1
257.614766924,0,1,1
257.753464444,0,1,0
257.753465324,0,0,0
257.753466350,1,0,0
257.892163428,1,0,1
257.892163924,1,1,1
257.892165806,0,1,1
258.030894492,0,0,1
258.030895370,0,0,0
258.030896232,1,0,0
258.169594030,1,1,0
258.169595354,1,1,1
258.169596686,0,1,1
258.308294296,0,1,0
258.308294722,0,0,0
258.308296174,1,0,0
258.446994198,1,1,0
258.446995216,1,1,1
258.446996632,0,1,1
258.585693828,0,0,1
258.585694222,0,0,0
258.585696056,1,0,0
258.724393204,1,0,1
258.724393366,1,1,1
258.724395576,0,1,1
258.863093208,0,1,0
258.863093998,0,0,0
258.863096000,1,0,0
259.001794068,1,0,1
259.001794472,1,1,1
259.001795458,0,1,1
259.140493072,0,1,0
259.140495104,0,0,0
259.140495884,1,0,0
259.279223640,1,1,0
259.279224056,1,1,1
259.279225402,0,1,1
259.417923272,0,0,1
259.417923998,0,0,0
259.417925828,1,0,0
259.556623870,1,1,0
259.556623980,1,1,1
259.556625284,0,1,1
259.695323440,0,0,1
259.695323984,0,0,0
259.695325708,1,0,0
259.834023906,1,0,1
259.834023976,1,1,1
259.834025228,0,1,1
259.972722544,0,0,1
259.972722910,0,0,0
259.972724652,1,0,0
260.111422830,1,0,1
260.111424144,1,1,1
260.111425110,0,1,1
260.250154714,0,0,1
260.250154834,0,0,0
260.250155534,1,0,0
260.388853250,1,1,0
260.388853754,1,1,1
260.388854990,0,1,1
260.527552760,0,1,0
260.527552880,0,0,0
260.527554478,1,0,0
260.666252680,1,0,1
260.666253418,1,1,1
260.666254996,0,1,1
260.804952986,0,0,1
260.804953684,0,0,0
260.804954360,1,0,0
260.943652668,1,0,1
260.943653586,1,1,1
260.943654816,0,1,1
261.082352216,0,0,1
261.082353672,0,0,0
261.082354302,1,0,0
261.221051692,1,1,0
261.221052594,1,1,1
261.221053758,0,1,1
261.359781534,0,1,0
261.359782322,0,0,0
261.359784184,1,0,0
261.498482858,1,1,0
261.498483456,1,1,1
261.498484702,0,1,1
261.637181462,0,1,0
261.637183488,0,0,0
261.637184066,1,0,0
261.775912088,1,1,0
261.775914442,1,1,1
261.775914584,0,1,1
261.914611386,0,1,0
261.914611594,0,0,0
261.914613946,1,0,0
262.053312366,1,0,1
262.053313192,1,1,1
262.053314466,0,1,1
262.192011762,0,0,1
262.192013372,0,0,0
262.192013950,1,0,0
262.330712298,1,1,0
262.330713230,1,1,1
262.330714408,0,1,1
262.469411930,0,0,1
262.469412234,0,0,0
262.469413832,1,0,0
262.608111218,1,0,1
262.608111466,1,1,1
262.608113288,0,1,1
262.746811222,0,1,0
262.746812096,0,0,0
262.746813776,1,0,0
262.885511140,1,0,1
262.885512634,1,1,1
262.885513232,0,1,1
263.024241264,0,0,1
263.024242146,0,0,0
263.024243656,1,0,0
263.162941740,1,1,0
263.162942066,1,1,1
263.162944176,0,1,1
263.301642008,0,1,0
263.301642370,0,0,0
263.301643538,1,0,0
263.440339968,1,1,0
263.440341990,1,1,1
263.440343056,0,1,1
263.579041538,0,0,1
263.579041996,0,0,0
263.579043544,1,0,0
263.717771074,1,1,0
263.717771916,1,1,1
263.717773938,0,1,1
263.856471706,0,0,1
263.856471920,0,0,0
263.856473424,1,0,0
263.995170840,1,0,1
263.995171242,1,1,1
263.995172880,0,1,1
264.133871784,0,1,0
264.133871810,0,0,0
264.133873304,1,0,0
264.272571410,1,1,0
264.272571828,1,1,1
264.272572762,0,1,1
264.411270770,0,1,0
264.411270978,0,0,0
264.411273248,1,0,0
264.549970514,1,1,0
264.549970690,1,1,1
264.549972706,0,1,1
264.688701144,0,0,1
264.688702694,0,0,0
264.688703130,1,0,0
264.827400744,1,1,0
264.827401676,1,1,1
264.827402648,0,1,1
264.966100556,0,1,0
264.966102250,0,0,0
264.966103010,1,0,0
265.104800848,1,1,0
265.104801600,1,1,1
265.104802466,0,1,1
265.243499544,0,1,0
265.243501480,0,0,0
265.243501952,1,0,0
265.382200212,1,0,1
265.382200954,1,1,1
265.382202472,0,1,1
265.520899466,0,1,0
265.520899586,0,0,0
265.520901832,1,0,0
265.659599450,1,0,1
265.659601186,1,1,1
265.659602352,0,1,1
265.798299752,0,0,1
265.798300392,0,0,0
265.798301776,1,0,0
265.936999374,1,0,1
265.937000288,1,1,1
265.937001232,0,1,1
266.075700316,0,1,0
266.075700918,0,0,0
266.075701656,1,0,0
266.214399298,1,0,1
266.214399456,1,1,1
266.214401174,0,1,1
266.353100304,0,1,0
266.353101024,0,0,0
266.353101600,1,0,0
266.491829222,1,0,1
266.491829622,1,1,1
266.491831054,0,1,1
266.630529164,0,1,0
266.630530192,0,0,0
266.630531542,1,0,0
266.769229728,1,1,0
266.769230146,1,1,1
266.769230998,0,1,1
266.907929088,0,1,0
266.907930358,0,0,0
266.907931422,1,0,0
267.046628958,1,1,0
267.046629068,1,1,1
267.046630878,0,1,1
267.185328462,0,0,1
267.185329074,0,0,0
267.185330364,1,0,0
267.324029060,1,1,0
267.324029992,1,1,1
267.324030820,0,1,1
267.462727996,0,1,0
267.462728692,0,0,0
267.462730244,1,0,0
267.601458978,1,0,1
267.601459164,1,1,1
267.601460764,0,1,1
267.740158734,0,0,1
267.740159858,0,0,0
267.740161188,1,0,0
267.878858394,1,1,0
267.878858840,1,1,1
267.878860642,0,1,1
268.017557962,0,0,1
268.017558908,0,0,0
268.017560066,1,0,0
268.156258498,1,1,0
268.156258826,1,1,1
268.156260524,0,1,1
268.294959128,0,0,1
268.294959768,0,0,0
268.294960008,1,0,0
268.433657728,1,1,0
268.433657750,1,1,1
268.433659466,0,1,1
268.572357232,0,0,1
268.572358754,0,0,0
268.572359952,1,0,0
268.711056832,1,1,0
268.711057610,1,1,1
268.711059344,0,1,1
268.849758398,0,0,1
268.849758614,0,0,0
268.849759832,1,0,0
268.988456998,1,1,0
268.988457596,1,1,1
268.988459286,0,1,1
269.127156502,0,0,1
269.127158602,0,0,0
269.127158650,1,0,0
269.265887162,1,1,0
269.265887518,1,1,1
269.265889228,0,1,1
269.404587524,0,1,0
269.404587668,0,0,0
269.404589652,1,0,0
269.543287268,1,1,0
269.543287380,1,1,1
269.543289044,0,1,1
269.681987384,0,1,0
269.681988834,0,0,0
269.681989532,1,0,0
269.820686432,1,1,0
269.820687364,1,1,1
269.820689050,0,1,1
269.959417306,0,1,0
269.959418000,0,0,0
269.959419410,1,0,0
270.098117288,1,0,1
270.098117600,1,1,1
270.098118992,0,1,1
270.236817104,0,0,1
270.236817292,0,0,0
270.236819414,1,0,0
270.375517210,1,0,1
270.375517702,1,1,1
270.375518808,0,1,1
270.514216332,0,0,1
270.514217152,0,0,0
270.514218294,1,0,0
270.652946132,1,0,1
270.652946868,1,1,1
270.652948810,0,1,1
270.791647074,0,1,0
270.791647436,0,0,0
270.791649172,1,0,0
270.930347034,1,1,0
270.930347118,1,1,1
270.930348690,0,1,1
271.069047058,0,1,0
271.069047540,0,0,0
271.069049112,1,0,0
271.207746138,1,1,0
271.207746978,1,1,1
271.207748566,0,1,1
271.346445982,0,1,0
271.346446766,0,0,0
271.346448056,1,0,0
271.485145900,1,0,1
271.485146302,1,1,1
271.485148508,0,1,1
271.623845870,0,0,1
271.623847904,0,0,0
271.623847932,1,0,0
271.762545822,1,0,1
271.762546468,1,1,1
271.762547388,0,1,1
271.901246036,0,0,1
271.901246828,0,0,0
271.901247874,1,0,0
272.039946632,1,1,0
272.039946744,1,1,1
272.039947330,0,1,1
272.178646200,0,0,1
272.178646810,0,0,0
272.178647690,1,0,0
272.317344666,1,0,1
272.317345736,1,1,1
272.317347144,0,1,1
272.456044364,0,0,1
272.456044672,0,0,0
272.456046632,1,0,0
272.594745652,1,0,1
272.594745902,1,1,1
272.594747086,0,1,1
272.733444468,0,0,1
272.733444530,0,0,0
272.733446508,1,0,0
272.872145066,1,1,0
272.872146512,1,1,1
272.872147026,0,1,1
273.010875570,0,0,1
273.010876576,0,0,0
273.010877450,1,0,0
273.149575170,1,1,0
273.149575434,1,1,1
273.149576906,0,1,1
273.288273798,0,0,1
273.288274438,0,0,0
273.288276328,1,0,0
273.426975334,1,1,0
273.426975420,1,1,1
273.426976844,0,1,1
273.565734962,0,0,1
273.565735858,0,0,0
273.565737268,1,0,0
273.704436340,1,0,1
273.704436498,1,1,1
273.704437722,0,1,1
273.843164280,0,1,0
273.843165128,0,0,0
273.843167210,1,0,0
273.981865662,1,1,0
273.981866262,1,1,1
273.981867662,0,1,1
274.120566202,0,1,0
274.120566230,0,0,0
274.120567086,1,0,0
274.259295828,1,1,0
274.259296122,1,1,1
274.259297540,0,1,1
274.397996332,0,0,1
274.397997124,0,0,0
274.397998026,1,0,0
274.536724992,1,1,0
274.536726042,1,1,1
274.536727480,0,1,1
274.675425498,0,0,1
274.675426048,0,0,0
274.675427966,1,0,0
274.814155964,1,0,1
274.814157094,1,1,1
274.814158358,0,1,1
274.952886662,0,0,1
274.952886968,0,0,0
274.952888844,1,0,0
275.091584948,1,0,1
275.091586258,1,1,1
275.091588300,0,1,1
275.230285890,0,1,0
275.230286826,0,0,0
275.230287784,1,0,0
275.368985870,1,0,1
275.368986362,1,1,1
275.368988238,0,1,1
275.507685872,0,1,0
275.507685928,0,0,0
275.507687600,1,0,0
275.646415526,1,1,0
275.646415792,1,1,1
275.646418116,0,1,1
275.785146092,0,0,1
275.785146794,0,0,0
275.785148538,1,0,0
275.923846690,1,1,0
275.923846714,1,1,1
275.923847994,0,1,1
276.062545716,0,1,0
276.062548256,0,0,0
276.062548480,1,0,0
276.201245634,1,0,1
276.201245854,1,1,1
276.201247934,0,1,1
276.339946422,0,0,1
276.339946638,0,0,0
276.339948356,1,0,0
276.478645554,1,0,1
276.478645956,1,1,1
276.478647872,0,1,1
276.617344558,0,1,0
276.617345522,0,0,0
276.617347296,1,0,0
276.756075120,1,1,0
276.756076476,1,1,1
276.756077750,0,1,1
276.894776478,0,1,0
276.894776750,0,0,0
276.894778236,1,0,0
277.033506284,1,1,0
277.033507460,1,1,1
277.033508628,0,1,1
277.172206400,0,1,0
277.172206852,0,0,0
277.172208112,1,0,0
277.310937382,1,0,1
277.310937386,1,1,1
277.310938504,0,1,1
277.449636014,0,0,1
277.449637322,0,0,0
277.449637990,1,0,0
277.588336240,1,0,1
277.588336550,1,1,1
277.588338444,0,1,1
277.727097178,0,0,1
277.727097242,0,0,0
277.727098868,1,0,0
277.865796224,1,0,1
277.865797652,1,1,1
277.865799384,0,1,1
278.004497226,0,1,0
278.004497280,0,0,0
278.004498806,1,0,0
278.143195878,1,1,0
278.143196144,1,1,1
278.143198260,0,1,1
278.281926382,0,0,1
278.281927084,0,0,0
278.281928744,1,0,0
278.420656980,1,1,0
278.420659002,1,1,1
278.420659198,0,1,1
278.559358004,0,1,0
278.559358548,0,0,0
278.559359622,1,0,0
278.698087144,1,1,0
278.698087986,1,1,1
278.698089140,0,1,1
278.836786926,0,1,0
278.836787710,0,0,0
278.836789562,1,0,0
278.975518246,1,1,0
278.975518906,1,1,1
278.975520014,0,1,1
279.114217846,0,1,0
279.114217872,0,0,0
279.114219438,1,0,0
279.252918470,1,1,0
279.252918826,1,1,1
279.252920018,0,1,1
279.391616828,0,1,0
279.391618038,0,0,0
279.391619314,1,0,0
279.530348572,1,1,0
279.530348746,1,1,1
279.530349830,0,1,1
279.669047140,0,0,1
279.669047686,0,0,0
279.669049254,1,0,0
279.807746668,1,0,1
279.807748736,1,1,1
279.807749708,0,1,1
279.946448302,0,0,1
279.946448608,0,0,0
279.946449130,1,0,0
280.085146588,1,0,1
280.085146900,1,1,1
280.085148646,0,1,1
280.223847404,0,0,1
280.223847590,0,0,0
280.223849068,1,0,0
280.362546000,1,1,0
280.362546570,1,1,1
280.362548524,0,1,1
280.501276630,0,0,1
280.501277512,0,0,0
280.501279008,1,0,0
280.639976428,1,0,1
280.639977164,1,1,1
280.639978400,0,1,1
280.778676732,0,0,1
280.778677368,0,0,0
280.778678882,1,0,0
280.917376348,1,0,1
280.917377328,1,1,1
280.917378336,0,1,1
281.056075894,0,0,1
281.056077352,0,0,0
281.056078822,1,0,0
281.194776430,1,1,0
281.194777332,1,1,1
281.194778274,0,1,1
281.333475272,0,1,0
281.333476058,0,0,0
281.333477698,1,0,0
281.472176252,1,0,1
281.472176592,1,1,1
281.472178214,0,1,1
281.610875254,0,1,0
281.610876158,0,0,0
281.610877512,1,0,0
281.749606756,1,1,0
281.749607108,1,1,1
281.749608090,0,1,1
281.888306322,0,0,1
281.888306486,0,0,0
281.888308512,1,0,0
282.027005842,1,0,1
282.027005918,1,1,1
282.027007968,0,1,1
282.165705548,0,0,1
282.165706094,0,0,0
282.165707388,1,0,0
282.304406082,1,1,0
282.304406510,1,1,1
282.304407904,0,1,1
282.443105648,0,0,1
282.443105952,0,0,0
282.443107326,1,0,0
282.581803930,1,0,1
282.581805182,1,1,1
282.581806780,0,1,1
282.720504870,0,1,0
282.720505812,0,0,0
282.720507266,1,0,0
282.859204346,1,1,0
282.859204788,1,1,1
282.859206718,0,1,1
282.997934852,0,1,0
282.997935974,0,0,0
282.997937140,1,0,0
283.136634708,1,0,1
283.136636510,1,1,1
283.136637658,0,1,1
283.275335076,0,0,1
283.275335710,0,0,0
283.275337016,1,0,0
283.414033692,1,0,1
283.414035610,1,1,1
283.414036532,0,1,1
283.552735238,0,0,1
283.552735692,0,0,0
283.552736954,1,0,0
283.691434774,1,1,0
283.691435548,1,1,1
283.691436406,0,1,1
283.830134338,0,0,1
283.830135612,0,0,0
283.830136828,1,0,0
283.968834530,1,0,1
283.968834936,1,1,1
283.968836346,0,1,1
284.107533468,0,1,0
284.107534500,0,0,0
284.107535768,1,0,0
284.246264450,1,0,1
284.246265098,1,1,1
284.246266222,0,1,1
284.384964664,0,0,1
284.384965452,0,0,0
284.384966644,1,0,0
284.523664198,1,1,0
284.523665368,1,1,1
284.523666158,0,1,1
284.662363370,0,1,0
284.662363826,0,0,0
284.662365580,1,0,0
284.801063360,1,1,0
284.801064350,1,1,1
284.801066034,0,1,1
284.939764990,0,0,1
284.939765226,0,0,0
284.939765518,1,0,0
285.078464270,1,0,1
285.078464524,1,1,1
285.078465972,0,1,1
285.217163150,0,0,1
285.217164210,0,0,0
285.217165392,1,0,0
285.355862686,1,1,0
285.355863188,1,1,1
285.355864846,0,1,1
285.494563066,0,1,0
285.494563252,0,0,0
285.494565332,1,0,0
285.633262046,1,0,1
285.633262848,1,1,1
285.633264722,0,1,1
285.771993048,0,1,0
285.771993476,0,0,0
285.771995206,1,0,0
285.910691698,1,1,0
285.910692964,1,1,1
285.910694660,0,1,1
286.049422264,0,0,1
286.049422966,0,0,0
286.049425082,1,0,0
286.188154110,1,1,0
286.188154946,1,1,1
286.188155596,0,1,1
286.326853676,0,0,1
286.326854888,0,0,0
286.326856018,1,0,0
286.465553866,1,0,1
286.465554272,1,1,1
286.465555472,0,1,1
286.604252652,0,0,1
286.604252804,0,0,0
286.604254954,1,0,0
286.742952722,1,0,1
286.742955344,0,0,1
286.742955434,0,1,1
286.881652564,0,0,1
286.881652786,0,0,0
286.881654830,1,0,0
287.020353536,1,1,0
287.020353640,1,1,1
287.020355284,0,1,1
287.159052642,0,1,0
287.159053474,0,0,0
287.159054704,1,0,0
287.297751620,1,0,1
287.297752448,1,1,1
287.297754156,0,1,1
287.436452622,0,1,0
287.436453450,0,0,0
287.436454640,1,0,0
287.575152358,1,1,0
287.575152478,1,1,1
287.575154156,0,1,1
287.713852362,0,0,1
287.713852542,0,0,0
287.713854516,1,0,0
287.852551458,1,0,1
287.852551958,1,1,1
287.852553968,0,1,1
287.991252274,0,0,1
287.991252398,0,0,0
287.991253452,1,0,0
288.129951376,1,0,1
288.129952120,1,1,1
288.129953904,0,1,1
288.268651378,0,1,0
288.268653184,0,0,0
288.268653326,1,0,0
288.407352158,1,1,0
288.407352296,1,1,1
288.407353840,0,1,1
288.546051234,0,1,0
288.546051910,0,0,0
288.546053262,1,0,0
288.684751380,1,1,0
288.684752214,1,1,1
288.684752716,0,1,1
288.823480152,0,1,0
288.823481008,0,0,0
288.823483136,1,0,0
288.962182132,1,0,1
288.962182542,1,1,1
288.962183652,0,1,1
289.100881108,0,0,1
289.100882134,0,0,0
289.100883072,1,0,0
289.239581048,1,0,1
289.239581704,1,1,1
289.239582526,0,1,1
289.378281330,0,0,1
289.378282050,0,0,0
289.378283008,1,0,0
289.516979966,1,0,1
289.516981802,1,1,1
289.516982398,0,1,1
289.655680428,0,0,1
289.655681968,0,0,0
289.655682882,1,0,0
289.794380886,1,0,1
289.794381024,1,1,1
289.794382334,0,1,1
289.933080590,0,0,1
289.933080886,0,0,0
289.933081818,1,0,0
290.071780864,1,0,1
290.071781124,1,1,1
290.071782208,0,1,1
290.210479752,0,0,1
290.210480304,0,0,0
290.210481692,1,0,0
290.349211158,1,0,1
290.349211286,1,1,1
290.349212084,0,1,1
290.487908722,0,1,0
290.487909850,0,0,0
290.487911564,1,0,0
290.626609446,1,1,0
290.626611888,1,1,1
290.626612080,0,1,1
290.765340010,0,0,1
290.765341638,0,0,0
290.765342438,1,0,0
290.904039544,1,1,0
290.904040618,1,1,1
290.904041954,0,1,1
291.042741172,0,0,1
291.042741556,0,0,0
291.042742436,1,0,0
291.181440534,1,0,1
291.181441768,1,1,1
291.181441826,0,1,1
291.320139270,0,0,1
291.320139536,0,0,0
291.320141246,1,0,0
291.458839450,1,0,1
291.458840804,1,1,1
291.458841824,0,1,1
291.597539452,0,1,0
291.597540492,0,0,0
291.597541244,1,0,0
291.736239962,1,1,0
291.736240368,1,1,1
291.736241634,0,1,1
291.874938590,0,0,1
291.874939306,0,0,0
291.874941118,1,0,0
292.013638348,1,0,1
292.013639186,1,1,1
292.013640570,0,1,1
292.152338750,0,0,1
292.152339224,0,0,0
292.152340926,1,0,0
292.291038202,1,0,1
292.291038284,1,1,1
292.291040442,0,1,1
292.429769204,0,1,0
292.429769910,0,0,0
292.429770926,1,0,0
292.568469118,1,0,1
292.568469444,1,1,1
292.568470376,0,1,1
292.707169008,0,0,1
292.707169118,0,0,0
292.707170798,1,0,0
292.845868036,1,0,1
292.845868542,1,1,1
292.845870250,0,1,1
292.984569036,0,1,0
292.984569232,0,0,0
292.984570732,1,0,0
293.123267702,1,1,0
293.123268952,1,1,1
293.123270122,0,1,1
293.261967954,0,1,0
293.261968266,0,0,0
293.261969604,1,0,0
293.400667924,1,1,0
293.400668930,1,1,1
293.400670056,0,1,1
293.539367426,0,0,1
293.539367870,0,0,0
293.539369540,1,0,0
293.678067958,1,1,0
293.678068786,1,1,1
293.678069990,0,1,1
293.816797724,0,1,0
293.816798648,0,0,0
293.816799476,1,0,0
293.955498120,1,1,0
293.955498764,1,1,1
293.955499862,0,1,1
294.094196764,0,1,0
294.094198746,0,0,0
294.094199346,1,0,0
294.232896682,1,0,1
294.232899340,1,1,1
294.232899860,0,1,1
294.371596906,0,0,1
294.371598618,0,0,0
294.371599218,1,0,0
294.510296438,1,1,0
294.510296534,1,1,1
294.510298730,0,1,1
294.648997002,0,0,1
294.648998536,0,0,0
294.648999152,1,0,0
294.787727534,1,1,0
294.787728450,1,1,1
294.787729604,0,1,1
294.926427160,0,0,1
294.926427450,0,0,0
294.926429024,1,0,0
295.065157430,1,0,1
295.065157756,1,1,1
295.065159474,0,1,1
295.203857320,0,0,1
295.203858366,0,0,0
295.203858894,1,0,0
295.342587408,1,0,1
295.342587854,1,1,1
295.342589410,0,1,1
295.481288282,0,1,0
295.481288416,0,0,0
295.481289828,1,0,0
295.619987014,1,1,0
295.619987262,1,1,1
295.619989282,0,1,1
295.758688262,0,1,0
295.758688640,0,0,0
295.758689764,1,0,0
295.897387172,1,1,0
295.897388114,1,1,1
295.897389154,0,1,1
296.036117736,0,0,1
296.036119116,0,0,0
296.036119636,1,0,0
296.174847268,1,1,0
296.174849094,1,1,1
296.174850086,0,1,1
296.313578094,0,1,0
296.313579894,0,0,0
296.313580568,1,0,0
296.452277490,1,1,0
296.452279008,1,1,1
296.452280082,0,1,1
296.590976948,0,1,0
296.590978990,0,0,0
296.590979440,1,0,0
296.729706924,1,0,1
296.729708586,1,1,1
296.729709954,0,1,1
296.868408150,0,0,1
296.868408926,0,0,0
296.868410312,1,0,0
297.007106840,1,0,1
297.007107746,1,1,1
297.007109826,0,1,1
297.145808308,0,0,1
297.145808840,0,0,0
297.145810244,1,0,0
297.284537756,1,0,1
297.284537842,1,1,1
297.284539698,0,1,1
297.423237466,0,0,1
297.423238756,0,0,0
297.423240118,1,0,0
297.561968672,1,0,1
297.561969062,1,1,1
297.561970630,0,1,1
297.700667626,0,0,1
297.700668672,0,0,0
297.700670050,1,0,0
297.839368158,1,1,0
297.839368650,1,1,1
297.839369562,0,1,1
297.978066588,0,1,0
297.978068722,0,0,0
297.978069984,1,0,0
298.116766628,1,0,1
298.116768254,1,1,1
298.116769372,0,1,1
298.255467502,0,1,0
298.255467880,0,0,0
298.255469854,1,0,0
298.394198418,1,0,1
298.394198474,1,1,1
298.394200306,0,1,1
298.532928038,0,0,1
298.532928732,0,0,0
298.532929786,1,0,0
298.671627570,1,1,0
298.671629396,1,1,1
298.671630238,0,1,1
298.810358896,0,1,0
298.810359072,0,0,0
298.810360658,1,0,0
298.949088730,1,1,0
298.949089810,1,1,1
298.949091110,0,1,1
299.087789230,0,0,1
299.087789250,0,0,0
299.087790528,1,0,0
299.226487824,1,1,0
299.226488166,1,1,1
299.226490042,0,1,1
299.365218228,0,1,0
299.365219388,0,0,0
299.365220460,1,0,0
299.503919080,1,0,1
299.503919982,1,1,1
299.503920912,0,1,1
299.642618078,0,1,0
299.642618608,0,0,0
299.642620394,1,0,0
299.781348994,1,0,1
299.781349078,1,1,1
299.781350784,0,1,1
299.920048704,0,0,1
299.920049994,0,0,0
299.920050264,1,0,0
300.058778972,1,0,1
300.058779236,1,1,1
300.058780714,0,1,1
300.197479862,0,0,1
300.197479908,0,0,0
300.197481134,1,0,0
300.336178822,1,0,1
300.336179394,1,1,1
300.336180648,0,1,1
300.474879824,0,1,0
300.474880018,0,0,0
300.474881066,1,0,0
300.613578738,1,0,1
300.613579552,1,1,1
300.613580518,0,1,1
300.752339178,0,0,1
300.752339738,0,0,0
300.752340936,1,0,0
300.891038708,1,1,0
300.891039652,1,1,1
300.891041450,0,1,1
301.029769652,0,1,0
301.029770272,0,0,0
301.029771868,1,0,0
301.168500628,1,0,1
301.168500804,1,1,1
301.168502320,0,1,1
301.307199430,0,0,1
301.307199568,0,0,0
301.307201800,1,0,0
301.445899960,1,1,0
301.445900544,1,1,1
301.445901190,0,1,1
301.584599524,0,0,1
301.584600480,0,0,0
301.584601670,1,0,0
301.723298458,1,0,1
301.723300056,1,1,1
301.723301122,0,1,1
301.862029458,0,1,0
301.862030618,0,0,0
301.862031542,1,0,0
302.000729214,1,1,0
302.000729372,1,1,1
302.000731054,0,1,1
302.139428308,0,1,0
302.139430840,0,0,0
302.139431472,1,0,0
302.278128370,1,1,0
302.278129286,1,1,1
302.278130862,0,1,1
302.416829222,0,1,0
302.416829934,0,0,0
302.416831342,1,0,0
302.555528528,1,1,0
302.555529200,1,1,1
302.555530792,0,1,1
302.694228154,0,0,1
302.694229200,0,0,0
302.694230212,1,0,0
302.832929114,1,0,1
302.832929622,1,1,1
302.832930662,0,1,1
302.971627052,0,1,0
302.971628248,0,0,0
302.971630144,1,0,0
303.110328028,1,0,1
303.110329780,1,1,1
303.110330596,0,1,1
303.249028406,0,0,1
303.249029028,0,0,0
303.249030076,1,0,0
303.387756942,1,0,1
303.387759936,1,1,1
303.387760526,0,1,1
303.526488944,0,1,0
303.526489500,0,0,0
303.526490884,1,0,0
303.665157920,1,0,1
303.665158030,1,1,1
303.665160396,0,1,1
303.803857658,0,0,1
303.803857794,0,0,0
303.803859876,1,0,0
303.942558250,1,1,0
303.942558770,1,1,1
303.942560328,0,1,1
304.081257770,0,1,0
304.081258812,0,0,0
304.081259806,1,0,0
304.219988684,1,0,1
304.219989346,1,1,1
304.219990196,0,1,1
304.358687684,0,1,0
304.358687908,0,0,0
304.358689676,1,0,0
304.497388660,1,0,1
304.497389566,1,1,1
304.497390064,0,1,1
304.636087536,0,1,0
304.636089064,0,0,0
304.636089608,1,0,0
304.774786512,1,0,1
304.774786658,1,1,1
304.774788996,0,1,1
304.913486510,0,1,0
304.913488222,0,0,0
304.913489476,1,0,0
305.052186752,1,1,0
305.052187488,1,1,1
305.052188926,0,1,1
305.190887424,0,1,0
305.190888316,0,0,0
305.190889346,1,0,0
305.329586910,1,1,0
305.329587400,1,1,1
305.329588858,0,1,1
305.468286400,0,1,0
305.468287534,0,0,0
305.468288214,1,0,0
305.606987252,1,0,1
305.606988004,1,1,1
305.606988726,0,1,1
305.745717690,0,0,1
305.745718312,0,0,0
305.745719206,1,0,0
305.884417228,1,0,1
305.884418160,1,1,1
305.884418594,0,1,1
306.023115784,0,0,1
306.023116164,0,0,0
306.023118014,1,0,0
306.161816316,1,1,0
306.161817140,1,1,1
306.161818526,0,1,1
306.300515942,0,0,1
306.300517140,0,0,0
306.300517946,1,0,0
306.439216990,1,0,1
306.439217472,1,1,1
306.439218330,0,1,1
306.577915990,0,1,0
306.577916034,0,0,0
306.577917812,1,0,0
306.716614592,1,0,1
306.716615628,1,1,1
306.716617326,0,1,1
306.855316128,0,0,1
306.855316966,0,0,0
306.855317742,1,0,0
306.994014942,1,0,1
306.994015722,1,1,1
306.994017130,0,1,1
307.132716346,0,0,1
307.132716878,0,0,0
307.132717612,1,0,0
307.271414940,1,1,0
307.271415792,1,1,1
307.271417124,0,1,1
307.410113728,0,1,0
307.410114442,0,0,0
307.410116542,1,0,0
307.548814642,1,0,1
307.548815036,1,1,1
307.548816990,0,1,1
307.687575596,0,0,1
307.687575704,0,0,0
307.687577408,1,0,0
307.826275556,1,0,1
307.826276190,1,1,1
307.826277922,0,1,1
307.965005554,0,1,0
307.965005752,0,0,0
307.965007340,1,0,0
308.103736344,1,1,0
308.103736530,1,1,1
308.103737788,0,1,1
308.242435466,0,1,0
308.242436908,0,0,0
308.242438206,1,0,0
308.381136438,1,1,0
308.381136442,1,1,1
308.381137656,0,1,1
308.519836378,0,1,0
308.519837062,0,0,0
308.519838138,1,0,0
308.658534354,1,0,1
308.658534532,1,1,1
308.658537650,0,1,1
308.797235154,0,0,1
308.797235290,0,0,0
308.797237004,1,0,0
308.935936328,1,0,1
308.935936686,1,1,1
308.935937454,0,1,1
309.074634310,0,0,1
309.074635202,0,0,0
309.074636998,1,0,0
309.213334178,1,0,1
309.213336904,1,1,1
309.213337322,0,1,1
309.352035176,0,1,0
309.352036404,0,0,0
309.352036800,1,0,0
309.490734090,1,0,1
309.490734996,1,1,1
309.490736250,0,1,1
309.629434026,0,1,0
309.629435558,0,0,0
309.629436732,1,0,0
309.768135002,1,0,1
309.768135090,1,1,1
309.768136182,0,1,1
309.906863938,0,1,0
309.906864714,0,0,0
309.906866598,1,0,0
310.045564306,1,1,0
310.045564914,1,1,1
310.045566046,0,1,1
310.184264868,0,0,1
310.184265850,0,0,0
310.184266526,1,0,0
310.322963398,1,1,0
310.322964762,1,1,1
310.322965976,0,1,1
310.461664762,0,1,0
310.461665022,0,0,0
310.461666394,1,0,0
310.600363736,1,0,1
310.600364552,1,1,1
310.600365844,0,1,1
310.739063734,0,1,0
310.739064114,0,0,0
310.739065262,1,0,0
310.877763708,1,1,0
310.877764650,1,1,1
310.877765772,0,1,1
311.016462586,0,1,0
311.016463332,0,0,0
311.016465254,1,0,0
311.155163800,1,1,0
311.155165560,1,1,1
311.155165640,0,1,1
311.293862424,0,0,1
311.293863496,0,0,0
311.293865056,1,0,0
311.432562954,1,1,0
311.432563470,1,1,1
311.432564568,0,1,1
311.571262516,0,0,1
311.571264406,0,0,0
311.571264924,1,0,0
311.709962382,1,0,1
311.709963108,1,1,1
311.709964434,0,1,1
311.848663318,0,1,0
311.848663670,0,0,0
311.848664850,1,0,0
311.987362292,1,0,1
311.987363262,1,1,1
311.987364362,0,1,1
312.126091824,0,0,1
312.126094230,0,0,0
312.126094778,1,0,0
312.264792204,1,0,1
312.264793416,1,1,1
312.264794228,0,1,1
312.403492978,0,0,1
312.403494138,0,0,0
312.403494646,1,0,0
312.542191508,1,1,0
312.542193114,1,1,1
312.542194158,0,1,1
312.680892050,0,1,0
312.680892070,0,0,0
312.680893574,1,0,0
312.819591662,1,1,0
312.819593026,1,1,1
312.819594022,0,1,1
312.958291024,0,1,0
312.958291162,0,0,0
312.958293440,1,0,0
313.096991998,1,0,1
313.096992754,1,1,1
313.096993952,0,1,1
313.235690872,0,1,0
313.235692378,0,0,0
313.235693368,1,0,0
313.374389970,1,1,0
313.374391846,1,1,1
313.374392816,0,1,1
313.513091844,0,1,0
313.513092470,0,0,0
313.513093234,1,0,0
313.651790758,1,0,1
313.651791062,1,1,1
313.651792682,0,1,1
313.790490684,0,0,1
313.790491692,0,0,0
313.790493162,1,0,0
313.929190214,1,1,0
313.929190668,1,1,1
313.929192610,0,1,1
314.067890776,0,0,1
314.067891666,0,0,0
314.067892026,1,0,0
314.206590304,1,1,0
314.206591578,1,1,1
314.206592476,0,1,1
314.345289574,0,1,0
314.345290928,0,0,0
314.345291892,1,0,0
314.483989458,1,1,0
314.483989488,1,1,1
314.483991402,0,1,1
314.622690422,0,1,0
314.622691018,0,0,0
314.622691820,1,0,0
314.761389398,1,0,1
314.761390612,1,1,1
314.761391330,0,1,1
314.900090172,0,0,1
314.900091396,0,0,0
314.900091684,1,0,0
315.038789766,1,1,0
315.038790308,1,1,1
315.038791196,0,1,1
315.177488388,0,0,1
315.177489494,0,0,0
315.177490610,1,0,0
315.316188844,1,0,1
315.316189918,1,1,1
315.316191122,0,1,1
315.454919714,0,1,0
315.454920416,0,0,0
315.454921538,1,0,0
315.593619008,1,1,0
315.593619128,1,1,1
315.593620986,0,1,1
315.732320124,0,1,0
315.732320568,0,0,0
315.732321404,1,0,0
315.871019038,1,0,1
315.871019098,1,1,1
315.871020914,0,1,1
316.009718034,0,1,0
316.009719720,0,0,0
316.009720330,1,0,0
316.148418312,1,1,0
316.148418946,1,1,1
316.148420778,0,1,1
316.287118812,0,0,1
316.287119882,0,0,0
316.287120132,1,0,0
316.425848466,1,1,0
316.425848794,1,1,1
316.425850642,0,1,1
316.564579792,0,1,0
316.564579962,0,0,0
316.564581120,1,0,0
316.703278556,1,1,0
316.703278828,1,1,1
316.703280570,0,1,1
316.841978700,0,1,0
316.841979116,0,0,0
316.841980986,1,0,0
316.980678674,1,0,1
316.980679708,1,1,1
316.980680434,0,1,1
317.119378268,0,0,1
317.119378672,0,0,0
317.119379912,1,0,0
317.258078646,1,0,1
317.258078798,1,1,1
317.258080296,0,1,1
317.396777518,0,1,0
317.396778420,0,0,0
317.396779714,1,0,0
317.535507950,1,1,0
317.535509554,1,1,1
317.535510224,0,1,1
317.674208572,0,0,1
317.674209428,0,0,0
317.674210702,1,0,0
317.812938102,1,1,0
317.812938400,1,1,1
317.812940150,0,1,1
317.951667662,0,0,1
317.951669398,0,0,0
317.951670504,1,0,0
318.090369190,1,1,0
318.090369310,1,1,1
318.090370950,0,1,1
318.229068308,0,1,0
318.229068814,0,0,0
318.229070428,1,0,0
318.367769218,1,0,1
318.367769406,1,1,1
318.367770940,0,1,1
318.506468216,0,1,0
318.506468902,0,0,0
318.506470292,1,0,0
318.645198190,1,0,1
318.645198494,1,1,1
318.645200802,0,1,1
318.783929124,0,1,0
318.783930054,0,0,0
318.783931218,1,0,0
318.922628646,1,1,0
318.922629098,1,1,1
318.922630728,0,1,1
319.061359032,0,1,0
319.061360144,0,0,0
319.061361080,1,0,0
319.200058796,1,1,0
319.200059006,1,1,1
319.200060590,0,1,1
319.338819940,0,1,0
319.338820358,0,0,0
319.338822008,1,0,0
319.477519886,1,1,0
319.477519914,1,1,1
319.477521518,0,1,1
319.616219850,0,1,0
319.616220508,0,0,0
319.616221934,1,0,0
319.754950822,1,0,1
319.754951036,1,1,1
319.754952318,0,1,1
319.893648660,0,0,1
319.893648818,0,0,0
319.893651794,1,0,0
320.032379730,1,0,1
320.032381126,1,1,1
320.032382242,0,1,1
320.171079664,0,1,0
320.171079748,0,0,0
320.171081718,1,0,0
320.309810338,1,1,0
320.309810638,1,1,1
320.309812168,0,1,1
320.448510634,0,1,0
320.448510838,0,0,0
320.448512582,1,0,0
320.587210428,1,1,0
320.587210546,1,1,1
320.587212092,0,1,1
320.725939988,0,0,1
320.725940480,0,0,0
320.725942444,1,0,0
320.864640454,1,0,1
320.864640578,1,1,1
320.864641954,0,1,1
321.003370200,0,0,1
321.003371388,0,0,0
321.003372368,1,0,0
321.142069360,1,0,1
321.142071666,1,1,1
321.142072816,0,1,1
321.280802290,0,0,1
321.280802296,0,0,0
321.280803292,1,0,0
321.419500816,1,1,0
321.419501268,1,1,1
321.419502740,0,1,1
321.558200264,0,1,0
321.558200502,0,0,0
321.558202094,1,0,0
321.696900968,1,1,0
321.696901238,1,1,1
321.696902602,0,1,1
321.835600110,0,1,0
321.835600590,0,0,0
321.835602080,1,0,0
321.974299118,1,1,0
321.974299144,1,1,1
321.974301464,0,1,1
322.113000676,0,0,1
322.113001078,0,0,0
322.113001942,1,0,0
322.251699926,1,0,1
322.251700330,1,1,1
322.251701388,0,1,1
322.390399984,0,1,0
322.390400328,0,0,0
322.390401804,1,0,0
322.529130730,1,1,0
322.529130958,1,1,1
322.529132312,0,1,1
322.667829666,0,0,1
322.667830828,0,0,0
322.667831728,1,0,0
322.806529504,1,1,0
322.806530802,1,1,1
322.806531112,0,1,1
322.945229626,0,0,1
322.945229798,0,0,0
322.945231588,1,0,0
323.083929592,1,1,0
323.083929708,1,1,1
323.083931036,0,1,1
323.222629214,0,0,1
323.222629704,0,0,0
323.222631450,1,0,0
323.361328802,1,0,1
323.361328804,1,1,1
323.361330958,0,1,1
323.500029364,0,0,1
323.500029610,0,0,0
323.500030372,1,0,0
323.638728520,1,0,1
323.638730454,1,1,1
323.638730884,0,1,1
323.777428512,0,0,1
323.777428516,0,0,0
323.777430234,1,0,0
323.916127040,1,1,0
323.916127428,1,1,1
323.916129744,0,1,1
324.054828598,0,0,1
324.054829486,0,0,0
324.054830158,1,0,0
324.193528190,1,1,0
324.193528394,1,1,1
324.193529604,0,1,1
324.332228326,0,1,0
324.332228812,0,0,0
324.332230018,1,0,0
324.470926338,1,1,0
324.470927300,1,1,1
324.470929528,0,1,1
324.609627294,0,1,0
324.609628898,0,0,0
324.609628940,1,0,0
324.748327144,1,0,1
324.748327488,1,1,1
324.748329388,0,1,1
324.887026138,0,1,0
324.887026984,0,0,0
324.887028864,1,0,0
325.025727574,1,1,0
325.025728112,1,1,1
325.025729310,0,1,1
325.164426106,0,1,0
325.164426194,0,0,0
325.164428662,1,0,0
325.303127016,1,0,1
325.303127724,1,1,1
325.303128170,0,1,1
325.441826282,0,0,1
325.441826948,0,0,0
325.441828648,1,0,0
325.580555920,1,0,1
325.580557872,1,1,1
325.580559030,0,1,1
325.719256430,0,0,1
325.719256916,0,0,0
325.719258508,1,0,0
325.857955826,1,0,1
325.857957958,1,1,1
325.857959016,0,1,1
325.996657578,0,0,1
325.996657820,0,0,0
325.996658368,1,0,0
326.135355730,1,0,1
326.135356168,1,1,1
326.135357812,0,1,1
326.274056724,0,1,0
326.274057664,0,0,0
326.274058290,1,0,0
326.412755698,1,0,1
326.412756254,1,1,1
326.412757798,0,1,1
326.551455568,0,1,0
326.551455874,0,0,0
326.551457150,1,0,0
326.690155604,1,0,1
326.690156338,1,1,1
326.690157656,0,1,1
326.828854534,0,1,0
326.828854960,0,0,0
326.828857070,1,0,0
326.967585444,1,0,1
326.967585550,1,1,1
326.967587454,0,1,1
327.106286438,0,1,0
327.106287046,0,0,0
327.106287930,1,0,0
327.244984412,1,0,1
327.244985634,1,1,1
327.244987438,0,1,1
327.383684344,0,1,0
327.383686256,0,0,0
327.383686788,1,0,0
327.522385784,1,1,0
327.522386254,1,1,1
327.522387296,0,1,1
327.661083248,0,1,0
327.661085340,0,0,0
327.661086774,1,0,0
327.799785932,1,1,0
327.799786158,1,1,1
327.799787220,0,1,1
327.938545428,0,0,1
327.938546152,0,0,0
327.938547634,1,0,0
328.077245124,1,0,1
328.077246078,1,1,1
328.077247018,0,1,1
328.216006058,0,1,0
328.216006636,0,0,0
328.216008494,1,0,0
328.354676028,1,0,1
328.354676164,1,1,1
328.354677936,0,1,1
328.493374960,0,1,0
328.493375722,0,0,0
328.493377350,1,0,0
328.632074932,1,0,1
328.632076248,1,1,1
328.632076858,0,1,1
328.770774868,0,0,1
328.770776864,0,0,0
328.770777272,1,0,0
328.909474458,1,1,0
328.909474834,1,1,1
328.909476718,0,1,1
329.048175016,0,0,1
329.048175766,0,0,0
329.048177130,1,0,0
329.186905542,1,1,0
329.186906740,1,1,1
329.186907640,0,1,1
329.325604162,0,0,1
329.325606672,0,0,0
329.325606990,1,0,0
329.464304626,1,1,0
329.464304642,1,1,1
329.464306434,0,1,1
329.603005248,0,0,1
329.603005574,0,0,0
329.603006974,1,0,0
329.741704608,1,0,1
329.741704836,1,1,1
329.741706356,0,1,1
329.880404394,0,0,1
329.880404478,0,0,0
329.880405768,1,0,0
330.019104450,1,0,1
330.019104922,1,1,1
330.019106276,0,1,1
330.157803442,0,1,0
330.157803478,0,0,0
330.157805690,1,0,0
330.296504068,1,1,0
330.296504354,1,1,1
330.296506134,0,1,1
330.435203348,0,1,0
330.435203626,0,0,0
330.435205548,1,0,0
330.573902152,1,1,0
330.573904256,1,1,1
330.573905054,0,1,1
330.712603314,0,1,0
330.712603772,0,0,0
330.712605530,1,0,0
330.851303158,1,0,1
330.851303362,1,1,1
330.851304914,0,1,1
330.990033154,0,1,0
330.990034918,0,0,0
330.990035388,1,0,0
331.128733508,1,1,0
331.128734062,1,1,1
331.128735772,0,1,1
331.267432992,0,1,0
331.267434064,0,0,0
331.267435182,1,0,0
331.406133026,1,0,1
331.406133592,1,1,1
331.406134690,0,1,1
331.544833212,0,0,1
331.544833958,0,0,0
331.544835104,1,0,0
331.683532738,1,1,0
331.683532868,1,1,1
331.683534550,0,1,1
331.822232296,0,0,1
331.822233112,0,0,0
331.822234026,1,0,0
331.960932394,1,0,1
331.960932884,1,1,1
331.960934468,0,1,1
332.099631764,0,1,0
332.099632440,0,0,0
332.099633820,1,0,0
332.238362970,1,1,0
332.238363610,1,1,1
332.238364388,0,1,1
332.377092588,0,0,1
332.377092728,0,0,0
332.377094740,1,0,0
332.515791574,1,0,1
332.515793112,1,1,1
332.515794246,0,1,1
332.654522568,0,1,0
332.654523670,0,0,0
332.654524596,1,0,0
332.793223538,1,0,1
332.793224258,1,1,1
332.793225102,0,1,1
332.931922816,0,0,1
332.931923470,0,0,0
332.931924578,1,0,0
333.070623404,1,1,0
333.070623442,1,1,1
333.070625022,0,1,1
333.209322434,0,1,0
333.209322962,0,0,0
333.209324436,1,0,0
333.348021424,1,1,0
333.348022342,1,1,1
333.348023878,0,1,1
333.486723108,0,0,1
333.486723274,0,0,0
333.486724354,1,0,0
333.625422634,1,1,0
333.625423244,1,1,1
333.625423862,0,1,1
333.764121174,0,1,0
333.764122254,0,0,0
333.764124212,1,0,0
333.902821716,1,1,0
333.902822146,1,1,1
333.902823656,0,1,1
334.041521334,0,0,1
334.041522138,0,0,0
334.041523130,1,0,0
334.180221924,1,1,0
334.180222108,1,1,1
334.180223512,0,1,1
334.318920418,0,0,1
334.318922040,0,0,0
334.318922988,1,0,0
334.457620944,1,1,0
334.457621948,1,1,1
334.457623432,0,1,1
334.596320564,0,0,1
334.596321942,0,0,0
334.596322842,1,0,0
334.735020912,1,0,1
334.735021150,1,1,1
334.735022288,0,1,1
334.873720708,0,0,1
334.873720842,0,0,0
334.873722762,1,0,0
335.012420296,1,1,0
335.012420750,1,1,1
335.012422208,0,1,1
335.151119744,0,1,0
335.151119852,0,0,0
335.151121618,1,0,0
335.289819442,1,1,0
335.289820650,1,1,1
335.289822062,0,1,1
335.428550644,0,1,0
335.428550936,0,0,0
335.428552538,1,0,0
335.567250524,1,1,0
335.567250614,1,1,1
335.567251918,0,1,1
335.706010142,0,0,1
335.706012544,0,0,0
335.706013394,1,0,0
335.844710668,1,1,0
335.844711516,1,1,1
335.844712838,0,1,1
335.983410224,0,0,1
335.983411446,0,0,0
335.983412310,1,0,0
336.122110416,1,0,1
336.122110750,1,1,1
336.122112754,0,1,1
336.260809368,0,0,1
336.260810346,0,0,0
336.260812166,1,0,0
336.399540254,1,0,1
336.399541894,1,1,1
336.399542610,0,1,1
336.538240246,0,1,0
336.538240512,0,0,0
336.538242022,1,0,0
336.676970154,1,0,1
336.676971036,1,1,1
336.676972526,0,1,1
336.815671148,0,1,0
336.815671656,0,0,0
336.815672940,1,0,0
336.954369180,1,1,0
336.954370116,1,1,1
336.954372384,0,1,1
337.093071048,0,1,0
337.093071738,0,0,0
337.093072796,1,0,0
337.231770262,1,1,0
337.231771016,1,1,1
337.231772300,0,1,1
337.370469882,0,0,1
337.370469948,0,0,0
337.370471712,1,0,0
337.509170918,1,0,1
337.509171468,1,1,1
337.509172094,0,1,1
337.647869910,0,1,0
337.647869962,0,0,0
337.647871568,1,0,0
337.786570550,1,1,0
337.786570818,1,1,1
337.786572072,0,1,1
337.925269748,0,1,0
337.925270168,0,0,0
337.925271422,1,0,0
338.063967716,1,0,1
338.063968630,1,1,1
338.063970928,0,1,1
338.202669250,0,0,1
338.202669646,0,0,0
338.202671340,1,0,0
338.341368774,1,1,0
338.341369616,1,1,1
338.341370844,0,1,1
338.480068456,0,0,1
338.480068608,0,0,0
338.480070194,1,0,0
338.618769516,1,0,1
338.618769918,1,1,1
338.618770700,0,1,1
338.757468474,0,0,1
338.757468508,0,0,0
338.757470174,1,0,0
338.896167478,1,0,1
338.896169062,1,1,1
338.896170556,0,1,1
339.034899344,0,1,0
339.034899616,0,0,0
339.034900966,1,0,0
339.173598376,1,0,1
339.173599204,1,1,1
339.173600472,0,1,1
339.312328760,0,0,1
339.312329244,0,0,0
339.312330884,1,0,0
339.451027286,1,1,0
339.451029274,1,1,1
339.451030326,0,1,1
339.589728904,0,0,1
339.589729206,0,0,0
339.589730736,1,0,0
339.728428490,1,1,0
339.728429174,1,1,1
339.728430182,0,1,1
339.867128046,0,0,1
339.867128104,0,0,0
339.867129652,1,0,0
340.005828570,1,1,0
340.005829012,1,1,1
340.005830098,0,1,1
340.144527002,0,1,0
340.144528126,0,0,0
340.144529508,1,0,0
340.283257714,1,1,0
340.283259346,1,1,1
340.283260014,0,1,1
340.421958714,0,1,0
340.421959268,0,0,0
340.421960360,1,0,0
340.560687794,1,1,0
340.560687870,1,1,1
340.560689804,0,1,1
340.699387412,0,0,1
340.699388800,0,0,0
340.699390278,1,0,0
340.838118830,1,0,1
340.838118936,1,1,1
340.838120720,0,1,1
340.976817492,0,0,1
340.976818698,0,0,0
340.976820194,1,0,0
341.115519078,1,1,0
341.115519666,1,1,1
341.115520636,0,1,1
341.254248632,0,0,1
341.254249658,0,0,0
341.254250046,1,0,0
341.392948220,1,1,0
341.392948566,1,1,1
341.392950490,0,1,1
341.531678776,0,0,1
341.531680556,0,0,0
341.531680900,1,0,0
341.670378300,1,1,0
341.670379464,1,1,1
341.670380404,0,1,1
341.809108454,0,1,0
341.809109918,0,0,0
341.809110816,1,0,0
341.947808424,1,0,1
341.947808442,1,1,1
341.947810196,0,1,1
342.086508996,0,0,1
342.086509290,0,0,0
342.086510730,1,0,0
342.225207584,1,1,0
342.225208260,1,1,1
342.225210112,0,1,1
342.363938188,0,1,0
342.363939138,0,0,0
342.363940584,1,0,0
342.502669158,1,0,1
342.502669726,1,1,1
342.502671026,0,1,1
342.641368150,0,1,0
342.641369280,0,0,0
342.641370436,1,0,0
342.780069054,1,0,1
342.780069866,1,1,1
342.780071004,0,1,1
342.918769048,0,1,0
342.918769422,0,0,0
342.918770290,1,0,0
343.057468946,1,1,0
343.057469016,1,1,1
343.057470794,0,1,1
343.196168502,0,0,1
343.196168944,0,0,0
343.196170204,1,0,0
343.334867850,1,0,1
343.334868088,1,1,1
343.334869710,0,1,1
343.473567704,0,0,1
343.473567842,0,0,0
343.473570058,1,0,0
343.612266810,1,0,1
343.612268166,1,1,1
343.612269562,0,1,1
343.750968782,0,0,1
343.750969678,0,0,0
343.750969972,1,0,0
343.889666644,1,0,1
343.889668306,1,1,1
343.889669414,0,1,1
344.028367636,0,1,0
344.028367924,0,0,0
344.028368888,1,0,0
344.167067448,1,1,0
344.167068604,1,1,1
344.167069330,0,1,1
344.305767534,0,1,0
344.305768004,0,0,0
344.305768804,1,0,0
344.444467438,1,0,1
344.444467588,1,1,1
344.444469182,0,1,1
344.583166430,0,1,0
344.583167144,0,0,0
344.583168592,1,0,0
344.721865668,1,1,0
344.721866398,1,1,1
344.721868096,0,1,1
344.860566284,0,0,1
344.860566326,0,0,0
344.860568568,1,0,0
344.999296746,1,1,0
344.999297294,1,1,1
344.999298948,0,1,1
345.137996222,0,1,0
345.137997362,0,0,0
345.137998420,1,0,0
345.276695950,1,1,0
345.276697130,1,1,1
345.276697798,0,1,1
345.415396120,0,1,0
345.415396504,0,0,0
345.415398208,1,0,0
345.554096026,1,1,0
345.554097026,1,1,1
345.554097776,0,1,1
345.692796018,0,1,0
345.692796644,0,0,0
345.692798122,1,0,0
345.831495984,1,0,1
345.831496168,1,1,1
345.831497566,0,1,1
345.970194784,0,0,1
345.970194976,0,0,0
345.970197038,1,0,0
346.108895882,1,0,1
346.108896306,1,1,1
346.108897480,0,1,1
346.247594872,0,1,0
346.247594924,0,0,0
346.247596888,1,0,0
346.386295510,1,1,0
346.386295778,1,1,1
346.386297330,0,1,1
346.524995002,0,0,1
346.524995706,0,0,0
346.524996804,1,0,0
346.663694588,1,1,0
346.663694674,1,1,1
346.663696246,0,1,1
346.802395204,0,0,1
346.802396592,1,0,1
346.802396604,1,0,0
346.941093664,1,1,0
346.941095632,1,1,1
346.941096094,0,1,1
347.079794218,0,0,1
347.079794560,0,0,0
347.079796504,1,0,0
347.218522466,1,0,1
347.218523866,1,1,1
347.218525946,0,1,1
347.357224456,0,1,0
347.357225358,0,0,0
347.357226418,1,0,0
347.495923362,1,0,1
347.495923944,1,1,1
347.495925860,0,1,1
347.634624498,0,0,1
347.634625354,0,0,0
347.634626268,1,0,0
347.773323084,1,1,0
347.773324320,1,1,1
347.773325710,0,1,1
347.912023248,0,1,0
347.912023638,0,0,0
347.912025182,1,0,0
348.050724154,1,0,1
348.050724160,1,1,1
348.050725624,0,1,1
348.189422776,0,0,1
348.189424144,0,0,0
348.189425034,1,0,0
348.328152924,1,0,1
348.328153300,1,1,1
348.328155476,0,1,1
348.466852916,0,0,1
348.466853040,0,0,0
348.466854884,1,0,0
348.605553010,1,0,1
348.605553376,1,1,1
348.605555388,0,1,1
348.744282936,0,1,0
348.744285054,0,0,0
348.744285860,1,0,0
348.882982842,1,0,1
348.882983578,1,1,1
348.882985238,0,1,1
349.021683832,0,1,0
349.021685132,0,0,0
349.021685710,1,0,0
349.160382798,1,0,1
349.160384654,1,1,1
349.160385212,0,1,1
349.299082726,0,1,0
349.299083272,0,0,0
349.299084560,1,0,0
349.437783694,1,0,1
349.437783794,1,1,1
349.437785000,0,1,1
349.576482410,0,0,1
349.576482622,0,0,0
349.576484472,1,0,0
349.715182590,1,0,1
349.715183932,1,1,1
349.715184914,0,1,1
349.853881518,0,1,0
349.853882548,0,0,0
349.853884260,1,0,0
349.992580484,1,0,1
349.992582072,1,1,1
349.992583826,0,1,1
350.131282476,0,1,0
350.131282626,0,0,0
350.131284234,1,0,0
350.269982210,1,1,0
350.269982380,1,1,1
350.269983614,0,1,1
350.408680306,0,1,0
350.408681828,0,0,0
350.408683086,1,0,0
350.547382274,1,0,1
350.547382286,1,1,1
350.547383526,0,1,1
350.686081202,0,1,0
350.686081902,0,0,0
350.686082934,1,0,0
350.824782106,1,0,1
350.824782426,1,1,1
350.824783376,0,1,1
350.963481160,0,1,0
350.963481978,0,0,0
350.963482848,1,0,0
351.102180126,1,0,1
351.102181562,1,1,1
351.102182352,0,1,1
351.240879990,0,1,0
351.240881118,0,0,0
351.240882696,1,0,0
351.379579702,1,1,0
351.379581022,1,1,1
351.379582200,0,1,1
351.518280948,0,1,0
351.518281194,0,0,0
351.518282608,1,0,0
351.657010778,1,1,0
351.657010916,1,1,1
351.657012986,0,1,1
351.795709844,0,1,0
351.795711332,0,0,0
351.795712460,1,0,0
351.934410810,1,0,1
351.934410916,1,1,1
351.934411962,0,1,1
352.073110532,0,0,1
352.073111738,0,0,0
352.073112306,1,0,0
352.211810054,1,1,0
352.211810704,1,1,1
352.211811810,0,1,1
352.350509606,0,0,1
352.350509630,0,0,0
352.350511220,1,0,0
352.489208600,1,0,1
352.489209128,1,1,1
352.489211722,0,1,1
352.627908746,0,0,1
352.627909526,0,0,0
352.627911070,1,0,0
352.766609266,1,1,0
352.766609494,1,1,1
352.766611570,0,1,1
352.905308822,0,0,1
352.905309420,0,0,0
352.905310980,1,0,0
353.044008406,1,1,0
353.044009324,1,1,1
353.044010484,0,1,1
353.182709020,0,0,1
353.182709314,0,0,0
353.182710830,1,0,0
353.321408282,1,0,1
353.321408480,1,1,1
353.321410332,0,1,1
353.460109270,0,1,0
353.460110096,0,0,0
353.460110740,1,0,0
353.598838618,1,1,0
353.598839176,1,1,1
353.598841180,0,1,1
353.737568102,0,1,0
353.737569232,0,0,0
353.737570652,1,0,0
353.876268818,1,1,0
353.876269070,1,1,1
353.876271030,0,1,1
354.014968060,0,1,0
354.014968308,0,0,0
354.014970500,1,0,0
354.153698892,1,1,0
354.153699900,1,1,1
354.153700940,0,1,1
354.292399508,0,0,1
354.292399952,0,0,0
354.292401348,1,0,0
354.431098918,1,0,1
354.431100028,1,1,1
354.431100788,0,1,1
354.569798784,0,1,0
354.569799582,0,0,0
354.569800322,1,0,0
354.708497166,1,1,0
354.708498750,1,1,1
354.708500700,0,1,1
354.847197738,0,1,0
354.847199720,0,0,0
354.847200108,1,0,0
354.985898240,1,1,0
354.985898642,1,1,1
354.985900610,0,1,1
355.124597570,0,1,0
355.124597856,0,0,0
355.124599956,1,0,0
355.263296536,1,0,1
355.263298440,1,1,1
355.263299460,0,1,1
355.401997930,0,0,1
355.401998526,0,0,0
355.401999866,1,0,0
355.540697492,1,0,1
355.540697512,1,1,1
355.540699368,0,1,1
355.679397418,0,1,0
355.679398128,0,0,0
355.679398776,1,0,0
355.818158322,1,0,1
355.818159650,1,1,1
355.818160156,0,1,1
355.956858202,0,0,1
355.956858310,0,0,0
355.956859624,1,0,0
356.095649214,1,0,1
356.095650724,1,1,1
356.095651066,0,1,1
356.234350204,0,1,0
356.234350276,0,0,0
356.234351534,1,0,0
356.373049172,1,1,0
356.373050108,1,1,1
356.373050974,0,1,1
356.511747658,0,1,0
356.511748162,0,0,0
356.511750382,1,0,0
356.650447996,1,1,0
356.650450062,1,1,1
356.650450822,0,1,1
356.789149048,0,0,1
356.789149364,0,0,0
356.789150292,1,0,0
356.927848642,1,0,1
356.927849070,1,1,1
356.927850668,0,1,1
357.066548882,0,1,0
357.066549686,0,0,0
357.066550138,1,0,0
357.205247142,1,1,0
357.205247848,1,1,1
357.205249580,0,1,1
357.343977774,0,1,0
357.343978384,0,0,0
357.343980050,1,0,0
357.482679342,1,1,0
357.482679676,1,1,1
357.482680488,0,1,1
357.621376894,0,0,1
357.621379664,0,0,0
357.621379898,1,0,0
357.760107630,1,0,1
357.760108476,1,1,1
357.760110336,0,1,1
357.898838030,0,0,1
357.898839558,0,0,0
357.898840806,1,0,0
358.037538460,1,0,1
358.037538550,1,1,1
358.037540182,0,1,1
358.176238448,0,1,0
358.176239104,0,0,0
358.176240652,1,0,0
358.314968686,1,1,0
358.314969416,1,1,1
358.314971090,0,1,1
358.453698300,0,0,1
358.453699404,0,0,0
358.453700498,1,0,0
358.592398308,1,0,1
358.592399820,1,1,1
358.592401062,0,1,1
358.731098436,0,0,1
358.731099294,0,0,0
358.731100346,1,0,0
358.869798956,1,1,0
358.869800200,1,1,1
358.869800848,0,1,1
359.008498186,0,1,0
359.008498508,0,0,0
359.008500316,1,0,0
359.147198030,1,1,0
359.147198090,1,1,1
359.147199694,0,1,1
359.285898644,0,0,1
359.285899016,0,0,0
359.285900164,1,0,0
359.424597226,1,1,0
359.424598982,1,1,1
359.424599602,0,1,1
359.563358970,0,1,0
359.563359778,0,0,0
359.563361010,1,0,0
359.702057236,1,1,0
359.702058874,1,1,1
359.702060448,0,1,1
359.840757860,0,1,0
359.840759850,0,0,0
359.840759918,1,0,0
359.979457702,1,0,1
359.979459370,1,1,1
359.979460358,0,1,1
360.118158752,0,1,0
360.118158984,0,0,0
360.118159826,1,0,0
360.256857656,1,0,1
360.256858506,1,1,1
360.256860202,0,1,1
360.395557644,0,1,0
360.395558058,0,0,0
360.395559612,1,0,0
360.534287640,1,1,0
360.534288546,1,1,1
360.534290112,0,1,1
360.672988254,0,0,1
360.672988536,0,0,0
360.672989580,1,0,0
360.811688438,1,0,1
360.811688774,1,1,1
360.811689958,0,1,1
360.950386426,0,1,0
360.950387388,0,0,0
360.950389426,1,0,0
361.089087390,1,0,1
361.089088846,1,1,1
361.089089864,0,1,1
361.227786316,0,1,0
361.227786398,0,0,0
361.227789210,1,0,0
361.366487220,1,0,1
361.366487980,1,1,1
361.366488710,0,1,1
361.505216532,0,0,1
361.505219180,1,0,1
361.505219206,1,0,0
361.643918108,1,0,1
361.643918114,1,1,1
361.643919554,0,1,1
361.782647666,0,0,1
361.782649096,0,0,0
361.782650024,1,0,0
361.921378000,1,0,1
361.921378248,1,1,1
361.921379462,0,1,1
362.060108050,0,1,0
362.060108798,0,0,0
362.060109932,1,0,0
362.198837318,1,1,0
362.198838890,1,1,1
362.198840308,0,1,1
362.337568940,0,1,0
362.337569934,0,0,0
362.337570714,1,0,0
362.476299514,1,1,0
362.476299842,1,1,1
362.476301214,0,1,1
362.614997768,0,1,0
362.614999004,0,0,0
362.615000622,1,0,0
362.753728734,1,0,1
362.753729586,1,1,1
362.753731060,0,1,1
362.892459136,0,0,1
362.892459720,0,0,0
362.892461530,1,0,0
363.031189720,1,1,0
363.031190622,1,1,1
363.031191968,0,1,1
363.169890208,0,0,1
363.169891610,0,0,0
363.169892436,1,0,0
363.308619512,1,0,1
363.308621790,1,1,1
363.308621812,0,1,1
363.447350500,0,1,0
363.447351342,0,0,0
363.447352342,1,0,0
363.586050922,1,1,0
363.586051402,1,1,1
363.586052718,0,1,1
363.724749328,0,1,0
363.724749536,0,0,0
363.724752126,1,0,0
363.863451056,1,1,0
363.863451292,1,1,1
363.863452564,0,1,1
364.002180216,0,1,0
364.002180606,0,0,0
364.002181970,1,0,0
364.140879188,1,1,0
364.140880180,1,1,1
364.140882470,0,1,1
364.279611106,0,1,0
364.279611740,0,0,0
364.279612814,1,0,0
364.418311070,1,0,1
364.418311322,1,1,1
364.418312314,0,1,1
364.557010058,0,1,0
364.557010810,0,0,0
364.557012718,1,0,0
364.695740390,1,1,0
364.695741960,1,1,1
364.695742158,0,1,1
364.834439508,0,1,0
364.834442006,0,0,0
364.834442626,1,0,0
364.973138848,1,0,1
364.973139524,1,1,1
364.973142064,0,1,1
365.111840136,0,0,1
365.111841210,0,0,0
365.111842470,1,0,0
365.250570738,1,0,1
365.250571594,1,1,1
365.250572970,0,1,1
365.389270208,0,0,1
365.389270724,0,0,0
365.389272314,1,0,0
365.527968726,1,1,0
365.527970688,1,1,1
365.527971752,0,1,1
365.666670340,0,0,1
365.666671614,0,0,0
365.666672220,1,0,0
365.805368858,1,1,0
365.805370516,1,1,1
365.805371658,0,1,1
365.944100470,0,0,1
365.944101502,0,0,0
365.944102062,1,0,0
366.082799404,1,0,1
366.082800928,1,1,1
366.082801562,0,1,1
366.221499540,0,0,1
366.221500390,0,0,0
366.221501968,1,0,0
366.360200122,1,1,0
366.360200356,1,1,1
366.360201408,0,1,1
366.498930610,0,0,1
366.498931278,0,0,0
366.498931874,1,0,0
366.637630192,1,1,0
366.637630244,1,1,1
366.637632250,0,1,1
366.776329804,0,0,1
366.776330230,0,0,0
366.776331718,1,0,0
366.915029068,1,0,1
366.915029322,1,1,1
366.915031154,0,1,1
367.053729056,0,1,0
367.053729874,0,0,0
367.053731624,1,0,0
367.192429020,1,0,1
367.192430454,1,1,1
367.192430998,0,1,1
367.331128942,0,1,0
367.331130066,0,0,0
367.331130466,1,0,0
367.469827524,1,1,0
367.469828908,1,1,1
367.469830904,0,1,1
367.608528832,0,1,0
367.608529136,0,0,0
367.608530308,1,0,0
367.747228654,1,1,0
367.747228794,1,1,1
367.747230746,0,1,1
367.885927720,0,1,0
367.885929268,0,0,0
367.885930152,1,0,0
368.024627684,1,0,1
368.024627786,1,1,1
368.024629650,0,1,1
368.163327606,0,1,0
368.163328336,0,0,0
368.163329994,1,0,0
368.302026918,1,1,0
368.302028572,1,1,1
368.302029494,0,1,1
368.440728466,0,0,1
368.440728494,0,0,0
368.440729962,1,0,0
368.579427986,1,1,0
368.579428458,1,1,1
368.579429398,0,1,1
368.718126446,0,1,0
368.718127598,0,0,0
368.718128802,1,0,0
368.856827284,1,0,1
368.856828116,1,1,1
368.856829240,0,1,1
368.995526332,0,1,0
368.995526666,0,0,0
368.995528708,1,0,0
369.134227234,1,0,1
369.134227246,1,1,1
369.134229082,0,1,1
369.272926858,0,0,1
369.272927220,0,0,0
369.272928548,1,0,0
369.411625378,1,1,0
369.411627120,1,1,1
369.411627986,0,1,1
369.550325928,0,0,1
369.550327106,0,0,0
369.550328392,1,0,0
369.689026508,1,1,0
369.689027070,1,1,1
369.689027828,0,1,1
369.827787994,0,1,0
369.827788060,0,0,0
369.827789234,1,0,0
369.966485958,1,0,1
369.966486638,1,1,1
369.966488732,0,1,1
370.105186124,0,0,1
370.105186820,0,0,0
370.105188138,1,0,0
370.243915706,1,1,0
370.243916844,1,1,1
370.243918574,0,1,1
370.382617318,0,0,1
370.382617706,0,0,0
370.382619040,1,0,0
370.521315836,1,1,0
370.521316668,1,1,1
370.521318478,0,1,1
370.660015654,0,1,0
370.660016386,0,0,0
370.660017882,1,0,0
370.798715966,1,1,0
370.798716618,1,1,1
370.798718318,0,1,1
370.937415454,0,0,1
370.937415540,0,0,0
370.937417786,1,0,0
371.076115034,1,1,0
371.076116504,1,1,1
371.076118222,0,1,1
371.214816428,0,1,0
371.214816646,0,0,0
371.214817626,1,0,0
371.353546390,1,0,1
371.353547164,1,1,1
371.353548064,0,1,1
371.492245314,0,1,0
371.492245712,0,0,0
371.492247468,1,0,0
371.630946294,1,1,0
371.630947276,1,1,1
371.630947966,0,1,1
371.769644904,0,0,1
371.769645198,0,0,0
371.769647370,1,0,0
371.908345162,1,0,1
371.908346360,1,1,1
371.908347808,0,1,1
372.047044972,0,0,1
372.047045086,0,0,0
372.047047212,1,0,0
372.185776050,1,0,1
372.185777488,1,1,1
372.185777710,0,1,1
372.324474972,0,1,0
372.324475038,0,0,0
372.324477054,1,0,0
372.463174996,1,0,1
372.463176618,1,1,1
372.463177488,0,1,1
372.601874920,0,1,0
372.601876230,0,0,0
372.601876954,1,0,0
372.740573684,1,1,0
372.740574820,1,1,1
372.740576390,0,1,1
372.879274804,0,1,0
372.879276358,0,0,0
372.879276796,1,0,0
373.017974768,1,0,1
373.017974876,1,1,1
373.017976232,0,1,1
373.156703628,0,1,0
373.156704424,0,0,0
373.156706636,1,0,0
373.295404006,1,1,0
373.295404216,1,1,1
373.295406134,0,1,1
373.434104576,0,1,0
373.434105554,0,0,0
373.434106600,1,0,0
373.572804070,1,1,0
373.572804476,1,1,1
373.572806036,0,1,1
373.711504462,0,1,0
373.711505620,0,0,0
373.711506378,1,0,0
373.850203362,1,0,1
373.850205200,1,1,1
373.850205876,0,1,1
373.988902748,0,0,1
373.988903346,0,0,0
373.988905280,1,0,0
374.127664330,1,1,0
374.127665310,1,1,1
374.127666716,0,1,1
374.266364876,0,0,1
374.266365230,0,0,0
374.266366182,1,0,0
374.405064394,1,1,0
374.405065132,1,1,1
374.405066616,0,1,1
374.543794942,0,0,1
374.543795116,0,0,0
374.543797022,1,0,0
374.682494018,1,0,1
374.682494522,1,1,1
374.682496520,0,1,1
374.821225070,0,0,1
374.821226002,0,0,0
374.821226860,1,0,0
374.959923902,1,0,1
374.959924650,1,1,1
374.959926358,0,1,1
375.098625198,0,0,1
375.098625886,0,0,0
375.098626764,1,0,0
375.237324786,1,0,1
375.237325778,1,1,1
375.237326198,0,1,1
375.376084326,0,0,1
375.376085772,0,0,0
375.376086600,1,0,0
375.514784670,1,0,1
375.514785844,1,1,1
375.514787100,0,1,1
375.653484392,0,0,1
375.653485594,0,0,0
375.653486502,1,0,0
375.792184972,1,1,0
375.792185556,1,1,1
375.792186876,0,1,1
375.930884540,0,1,0
375.930884582,0,0,0
375.930886342,1,0,0
376.069584100,1,1,0
376.069584440,1,1,1
376.069585840,0,1,1
376.208284424,0,1,0
376.208285648,0,0,0
376.208286244,1,0,0
376.346984164,1,1,0
376.346984326,1,1,1
376.346985614,0,1,1
376.485684310,0,1,0
376.485684776,0,0,0
376.485686144,1,0,0
376.624383292,1,1,0
376.624385272,1,1,1
376.624385580,0,1,1
376.763082840,0,0,1
376.763083130,0,0,0
376.763084920,1,0,0
376.901783420,1,1,0
376.901784094,1,1,1
376.901785418,0,1,1
377.040481966,0,0,1
377.040483078,0,0,0
377.040484820,1,0,0
377.179182978,1,0,1
377.179183484,1,1,1
377.179185318,0,1,1
377.317881962,0,1,0
377.317883094,0,0,0
377.317884660,1,0,0
377.456581674,1,1,0
377.456582862,1,1,1
377.456584158,0,1,1
377.595281908,0,1,0
377.595283160,0,0,0
377.595284622,1,0,0
377.733981738,1,1,0
377.733981746,1,1,1
377.733984058,0,1,1
377.872712350,0,0,1
377.872712730,0,0,0
377.872714398,1,0,0
378.011411630,1,0,1
378.011413866,1,1,1
378.011413896,0,1,1
378.150112412,0,0,1
378.150114300,1,0,1
378.150114614,1,0,0
378.288811930,1,1,0
378.288812576,1,1,1
378.288813734,0,1,1
378.427512498,0,1,0
378.427512542,0,0,0
378.427514198,1,0,0
378.566242398,1,0,1
378.566243056,1,1,1
378.566244572,0,1,1
378.704942382,0,1,0
378.704942666,0,0,0
378.704944038,1,0,0
378.843672344,1,0,1
378.843674184,1,1,1
378.843674408,0,1,1
378.982371264,0,1,0
378.982373794,0,0,0
378.982373874,1,0,0
379.121072308,1,1,0
379.121074226,1,1,1
379.121074310,0,1,1
379.259772146,0,1,0
379.259772858,0,0,0
379.259773776,1,0,0
379.398470374,1,1,0
379.398472108,1,1,1
379.398473210,0,1,1
379.537171984,0,0,1
379.537173030,0,0,0
379.537173674,1,0,0
379.675901930,1,0,1
379.675902500,1,1,1
379.675904048,0,1,1
379.814601110,0,0,1
379.814601914,0,0,0
379.814603450,1,0,0
379.953299874,1,0,1
379.953300626,1,1,1
379.953302948,0,1,1
380.092001796,0,1,0
380.092002174,0,0,0
380.092003350,1,0,0
380.230700758,1,0,1
380.230701754,1,1,1
380.230702786,0,1,1
380.369400300,0,0,1
380.369401678,0,0,0
380.369403188,1,0,0
380.508100640,1,0,1
380.508101816,1,1,1
380.508102684,0,1,1
380.646800426,0,0,1
380.646800562,0,0,0
380.646802024,1,0,0
380.785499942,1,1,0
380.785500522,1,1,1
380.785502522,0,1,1
380.924200552,0,0,1
380.924201444,0,0,0
380.924201986,1,0,0
381.062900068,1,1,0
381.062901342,1,1,1
381.062902422,0,1,1
381.201630616,0,0,1
381.201631328,0,0,0
381.201632826,1,0,0
381.340330132,1,1,0
381.340330288,1,1,1
381.340332258,0,1,1
381.479029742,0,0,1
381.479030210,0,0,0
381.479031724,1,0,0
381.617730258,1,1,0
381.617730546,1,1,1
381.617732096,0,1,1
381.756429090,0,1,0
381.756429868,0,0,0
381.756431562,1,0,0
381.895159382,1,1,0
381.895159990,1,1,1
381.895161934,0,1,1
382.033859930,0,0,1
382.033859974,0,0,0
382.033861398,1,0,0
382.172559446,1,1,0
382.172560934,1,1,1
382.172561892,0,1,1
382.311259918,0,1,0
382.311260056,0,0,0
382.311261296,1,0,0
382.449958572,1,1,0
382.449959816,1,1,1
382.449961668,0,1,1
382.588659182,0,0,1
382.588659738,0,0,0
382.588661134,1,0,0
382.727357636,1,1,0
382.727358698,1,1,1
382.727360630,0,1,1
382.866058618,0,1,0
382.866059244,0,0,0
382.866060968,1,0,0
383.004758580,1,0,1
383.004759824,1,1,1
383.004760404,0,1,1
383.143488368,0,0,1
383.143488562,0,0,0
383.143490868,1,0,0
383.282188400,1,0,1
383.282188948,1,1,1
383.282190302,0,1,1
383.420888494,0,0,1
383.420889382,0,0,0
383.420890702,1,0,0
383.559589010,1,1,0
383.559589342,1,1,1
383.559590200,0,1,1
383.698288264,0,1,0
383.698288620,0,0,0
383.698290538,1,0,0
383.836988134,1,1,0
383.836988224,1,1,1
383.836990036,0,1,1
383.975686744,0,0,1
383.975687206,0,0,0
383.975689438,1,0,0
384.114388106,1,0,1
384.114389260,1,1,1
384.114389936,0,1,1
384.253087806,0,0,1
384.253089026,0,0,0
384.253089336,1,0,0
384.391786986,1,0,1
384.391788384,1,1,1
384.391789770,0,1,1
384.530486868,0,0,1
384.530487970,0,0,0
384.530489172,1,0,0
384.669186446,1,1,0
384.669186928,1,1,1
384.669188606,0,1,1
384.807917054,0,0,1
384.807917850,0,0,0
384.807919070,1,0,0
384.946616508,1,1,0
384.946617810,1,1,1
384.946619566,0,1,1
385.085317668,0,1,0
385.085318180,0,0,0
385.085318906,1,0,0
385.224015628,1,0,1
385.224016694,1,1,1
385.224018338,0,1,1
385.362717612,0,1,0
385.362718240,0,0,0
385.362718802,1,0,0
385.501416570,1,0,1
385.501417818,1,1,1
385.501418236,0,1,1
385.640116364,0,0,1
385.640116430,0,0,0
385.640118638,1,0,0
385.778815942,1,1,0
385.778816388,1,1,1
385.778818070,0,1,1
385.917607426,0,0,1
385.917608372,0,0,0
385.917609536,1,0,0
386.056307004,1,1,0
386.056307332,1,1,1
386.056308968,0,1,1
386.195007612,0,0,1
386.195008192,0,0,0
386.195009308,1,0,0
386.333707128,1,1,0
386.333708150,1,1,1
386.333708804,0,1,1
386.472407132,0,1,0
386.472407674,0,0,0
386.472409268,1,0,0
386.611107188,1,1,0
386.611108030,1,1,1
386.611108636,0,1,1
386.749806012,0,1,0
386.749806798,0,0,0
386.749808100,1,0,0
386.888505910,1,0,1
386.888506312,1,1,1
386.888508534,0,1,1
387.027205892,0,1,0
387.027206858,0,0,0
387.027207998,1,0,0
387.165935434,1,1,0
387.165936788,1,1,1
387.165938368,0,1,1
387.304635772,0,1,0
387.304635982,0,0,0
387.304637832,1,0,0
387.443336558,1,1,0
387.443337670,1,1,1
387.443338264,0,1,1
387.582035650,0,1,0
387.582036104,0,0,0
387.582037666,1,0,0
387.720735548,1,0,1
387.720735680,1,1,1
387.720738162,0,1,1
387.859436164,0,0,1
387.859436530,0,0,0
387.859437562,1,0,0
387.998134740,1,1,0
387.998136428,1,1,1
387.998136996,0,1,1
388.136834410,0,1,0
388.136836350,0,0,0
388.136837396,1,0,0
388.275565864,1,1,0
388.275566370,1,1,1
388.275567830,0,1,1
388.414296288,0,1,0
388.414296472,0,0,0
388.414298230,1,0,0
388.552995924,1,1,0
388.552996186,1,1,1
388.552997726,0,1,1
388.691694532,0,0,1
388.691696106,0,0,0
388.691697126,1,0,0
388.830395066,1,0,1
388.830397046,1,1,1
388.830397558,0,1,1
388.969093592,0,0,1
388.969096046,0,0,0
388.969096960,1,0,0
389.107796008,1,0,1
389.107796168,1,1,1
389.107797454,0,1,1
389.246524714,0,0,1
389.246525926,0,0,0
389.246526854,1,0,0
389.385225228,1,1,0
389.385225822,1,1,1
389.385227288,0,1,1
389.523924836,0,0,1
389.523925742,0,0,0
389.523926624,1,0,0
389.662654350,1,1,0
389.662655014,1,1,1
389.662657184,0,1,1
389.801385872,0,1,0
389.801385956,0,0,0
389.801387582,1,0,0
389.940085204,1,0,1
389.940085472,1,1,1
389.940087016,0,1,1
390.078785562,0,1,0
390.078786016,0,0,0
390.078787416,1,0,0
390.217485520,1,0,1
390.217485594,1,1,1
390.217486912,0,1,1
390.356186200,0,0,1
390.356186252,0,0,0
390.356187310,1,0,0
390.494915338,1,0,1
390.494916716,1,1,1
390.494917744,0,1,1
390.633645254,0,1,0
390.633646196,0,0,0
390.633647142,1,0,0
390.772346276,1,0,1
390.772346774,1,1,1
390.772347574,0,1,1
390.911075132,0,1,0
390.911076380,0,0,0
390.911077976,1,0,0
391.049775958,1,1,0
391.049776092,1,1,1
391.049777468,0,1,1
391.188475814,0,0,1
391.188477072,0,0,0
391.188477868,1,0,0
391.327174702,1,1,0
391.327176032,1,1,1
391.327177238,0,1,1
391.465874950,0,1,0
391.465875686,0,0,0
391.465876702,1,0,0
391.604574846,1,0,1
391.604576074,1,1,1
391.604577194,0,1,1
391.743274620,0,0,1
391.743274890,0,0,0
391.743276532,1,0,0
391.882004786,1,0,1
391.882006256,1,1,1
391.882007026,0,1,1
392.020735490,0,0,1
392.020736768,0,0,0
392.020737428,1,0,0
392.159465314,1,1,0
392.159466600,1,1,1
392.159467920,0,1,1
392.298164860,0,0,1
392.298165584,0,0,0
392.298167384,1,0,0
392.436866604,1,0,1
392.436866872,1,1,1
392.436867692,0,1,1
392.575596042,0,0,1
392.575596458,0,0,0
392.575598214,1,0,0
392.714295418,1,0,1
392.714296244,1,1,1
392.714297584,0,1,1
392.852995100,0,0,1
392.852996336,0,0,0
392.852997046,1,0,0
392.991695234,1,0,1
392.991695676,1,1,1
392.991697540,0,1,1
393.130395214,0,1,0
393.130396096,0,0,0
393.130396940,1,0,0
393.269124734,1,1,0
393.269126170,1,1,1
393.269127308,0,1,1
393.407855152,0,1,0
393.407855280,0,0,0
393.407857708,1,0,0
393.546554792,1,1,0
393.546554986,1,1,1
393.546557202,0,1,1
393.685255398,0,0,1
393.685255966,0,0,0
393.685257664,1,0,0
393.823953974,1,1,0
393.823955926,1,1,1
393.823957034,0,1,1
393.962655456,0,0,1
393.962655906,0,0,0
393.962657432,1,0,0
394.101355032,1,1,0
394.101355802,1,1,1
394.101356864,0,1,1
394.240084782,0,1,0
394.240085576,0,0,0
394.240087264,1,0,0
394.378784678,1,0,1
394.378786152,1,1,1
394.378786820,0,1,1
394.517485660,0,1,0
394.517485696,0,0,0
394.517487220,1,0,0
394.656183556,1,0,1
394.656184270,1,1,1
394.656186650,0,1,1
394.794914816,0,0,1
394.794916474,0,0,0
394.794917052,1,0,0
394.933613430,1,0,1
394.933615328,1,1,1
394.933616482,0,1,1
395.072314412,0,1,0
395.072314872,0,0,0
395.072316880,1,0,0
395.211014370,1,0,1
395.211015448,1,1,1
395.211016310,0,1,1
395.349713224,0,1,0
395.349714992,0,0,0
395.349715710,1,0,0
395.488414184,1,0,1
395.488414566,1,1,1
395.488416204,0,1,1
395.627113164,0,1,0
395.627115112,0,0,0
395.627115604,1,0,0
395.765814686,1,1,0
395.765816034,0,1,0
395.765816058,0,1,1
395.904514040,0,1,0
395.904514230,0,0,0
395.904515496,1,0,0
396.043213742,1,1,0
396.043213998,1,1,1
396.043214928,0,1,1
396.181913286,0,0,1
396.181913978,0,0,0
396.181915328,1,0,0
396.320612862,1,1,0
396.320612872,1,1,1
396.320614756,0,1,1
396.459312792,0,1,0
396.459313468,0,0,0
396.459315218,1,0,0
396.598012750,1,0,1
396.598013918,1,1,1
396.598014588,0,1,1
396.736742668,0,1,0
396.736744524,0,0,0
396.736745048,1,0,0
396.875442038,1,1,0
396.875443564,1,1,1
396.875444480,0,1,1
397.014142544,0,1,0
397.014144644,0,0,0
397.014144880,1,0,0
397.152843156,1,1,0
397.152843438,1,1,1
397.152844372,0,1,1
397.291542762,0,0,1
397.291543418,0,0,0
397.291544770,1,0,0
397.430242274,1,1,0
397.430242376,1,1,1
397.430244202,0,1,1
397.568941294,0,1,0
397.568941818,0,0,0
397.568943600,1,0,0
397.707642252,1,0,1
397.707642394,1,1,1
397.707644094,0,1,1
397.846372874,0,0,1
397.846373232,0,0,0
397.846374492,1,0,0
397.985072128,1,0,1
397.985072450,1,1,1
397.985073924,0,1,1
398.123772046,0,1,0
398.123772054,0,0,0
398.123773322,1,0,0
398.262472378,1,0,1
398.262472568,1,1,1
398.262473752,0,1,1
398.401170982,0,1,0
398.401171112,0,0,0
398.401173152,1,0,0
398.539871686,1,1,0
398.539873066,1,1,1
398.539873644,0,1,1
398.678570228,0,0,1
398.678571794,0,0,0
398.678573104,1,0,0
398.817331742,1,1,0
398.817331752,1,1,1
398.817333474,0,1,1
398.956031284,0,0,1
398.956032732,0,0,0
398.956033872,1,0,0
399.094762692,1,0,1
399.094762858,1,1,1
399.094764366,0,1,1
399.233461608,0,1,0
399.233462466,0,0,0
399.233463764,1,0,0
399.372161504,1,0,1
399.372161978,1,1,1
399.372163194,0,1,1
399.510861482,0,1,0
399.510862584,0,0,0
399.510863656,1,0,0
399.649561376,1,0,1
399.649562096,1,1,1
399.649563084,0,1,1
399.788260638,0,0,1
399.788262358,0,0,0
399.788263484,1,0,0
399.926961152,1,1,0
399.926961314,1,1,1
399.926962914,0,1,1
400.065691232,0,1,0
400.065691756,0,0,0
400.065693374,1,0,0
400.204389268,1,1,0
400.204391190,1,1,1
400.204392806,0,1,1
400.343091168,0,1,0
400.343091874,0,0,0
400.343093204,1,0,0
400.481790000,1,0,1
400.481790386,1,1,1
400.481792634,0,1,1
400.620490982,0,1,0
400.620491930,0,0,0
400.620493094,1,0,0
400.759189938,1,0,1
400.759191504,1,1,1
400.759192462,0,1,1
400.897890046,0,0,1
400.897890918,0,0,0
400.897891924,1,0,0
401.036620812,1,0,1
401.036621560,1,1,1
401.036622354,0,1,1
401.175320166,0,0,1
401.175321792,0,0,0
401.175322814,1,0,0
401.314019626,1,0,1
401.314020740,1,1,1
401.314022244,0,1,1
401.452719282,0,0,1
401.452720666,0,0,0
401.452721642,1,0,0
401.591420562,1,0,1
401.591420794,1,1,1
401.591422072,0,1,1
401.730119400,0,0,1
401.730120540,0,0,0
401.730121472,1,0,0
401.868820434,1,0,1
401.868820912,1,1,1
401.868821964,0,1,1
402.007519392,0,0,1
402.007519416,0,0,0
402.007521298,1,0,0
402.146219372,1,0,1
402.146219966,1,1,1
402.146220792,0,1,1
402.284949634,0,0,1
402.284950288,0,0,0
402.284951190,1,0,0
402.423649184,1,0,1
402.423650084,1,1,1
402.423651620,0,1,1
402.562348626,0,0,1
402.562350162,0,0,0
402.562351082,1,0,0
402.701048202,1,1,0
402.701050058,1,1,1
402.701050574,0,1,1
402.839748036,0,1,0
402.839748744,0,0,0
402.839750970,1,0,0
402.978448318,1,1,0
402.978448930,1,1,1
402.978450338,0,1,1
403.117178912,0,1,0
403.117179862,0,0,0
403.117180800,1,0,0
403.255908868,1,0,1
403.255910372,1,1,1
403.255911168,0,1,1
403.394639786,0,1,0
403.394639978,0,0,0
403.394641628,1,0,0
403.533339490,1,1,0
403.533339742,1,1,1
403.533341058,0,1,1
403.672039722,0,1,0
403.672040032,0,0,0
403.672041516,1,0,0
403.810738606,1,1,0
403.810739554,1,1,1
403.810740948,0,1,1
403.949438150,0,0,1
403.949439532,0,0,0
403.949441282,1,0,0
404.088168426,1,0,1
404.088169722,1,1,1
404.088170774,0,1,1
404.226869204,0,0,1
404.226870468,0,0,0
404.226871234,1,0,0
404.365568364,1,0,1
404.365569776,1,1,1
404.365570602,0,1,1
404.504269342,0,1,0
404.504270382,0,0,0
404.504271062,1,0,0
404.642968236,1,0,1
404.642968956,1,1,1
404.642970554,0,1,1
404.781667154,0,1,0
404.781668436,0,0,0
404.781669890,1,0,0
404.920368010,1,1,0
404.920369110,1,1,1
404.920370320,0,1,1
405.059067026,0,1,0
405.059068552,0,0,0
405.059069780,1,0,0
405.197797064,1,1,0
405.197798982,1,1,1
405.197800146,0,1,1
405.336496962,0,1,0
405.336497606,0,0,0
405.336499608,1,0,0
405.475197180,1,1,0
405.475198856,1,1,1
405.475200100,0,1,1
405.613896724,0,0,1
405.613896836,0,0,0
405.613899434,1,0,0
405.752598296,1,1,0
405.752598728,1,1,1
405.752599926,0,1,1
405.891296646,0,1,0
405.891297840,0,0,0
405.891299324,1,0,0
406.029996602,1,0,1
406.029997414,1,1,1
406.029998816,0,1,1
406.168697580,0,1,0
406.168697892,0,0,0
406.168699150,1,0,0
406.307396466,1,1,0
406.307396788,1,1,1
406.307398642,0,1,1
406.446127008,0,0,1
406.446127702,0,0,0
406.446129040,1,0,0
406.584826582,1,1,0
406.584826972,1,1,1
406.584829470,0,1,1
406.723527188,0,0,1
406.723527328,0,0,0
406.723528868,1,0,0
406.862225282,1,0,1
406.862226760,1,1,1
406.862228358,0,1,1
407.000927240,0,0,1
407.000928012,0,0,0
407.000928694,1,0,0
407.139625154,1,0,1
407.139626814,1,1,1
407.139628248,0,1,1
407.278326356,0,0,1
407.278327070,0,0,0
407.278328646,1,0,0
407.417086930,1,1,0
407.417088028,1,1,1
407.417089076,0,1,1
407.555786944,0,1,0
407.555787472,0,0,0
407.555788470,1,0,0
407.694547902,1,0,1
407.694548982,1,1,1
407.694549902,0,1,1
407.833246816,0,1,0
407.833247524,0,0,0
407.833249360,1,0,0
407.971947710,1,0,1
407.971948098,1,1,1
407.971949790,0,1,1
408.110647640,0,0,1
408.110647750,0,0,0
408.110649124,1,0,0
408.249347214,1,1,0
408.249347644,1,1,1
408.249348616,0,1,1
408.388046560,0,1,0
408.388048692,0,0,0
408.388049012,1,0,0
408.526746516,1,0,1
408.526747204,1,1,1
408.526748442,0,1,1
408.665446870,0,0,1
408.665447496,0,0,0
408.665447902,1,0,0
408.804146326,1,0,1
408.804146382,1,1,1
408.804148330,0,1,1
408.942845924,0,0,1
408.942846304,0,0,0
408.942847728,1,0,0
409.081546260,1,0,1
409.081546496,1,1,1
409.081548158,0,1,1
409.220246040,0,0,1
409.220246238,0,0,0
409.220247616,1,0,0
409.358944550,1,1,0
409.358945132,1,1,1
409.358946982,0,1,1
409.497646090,0,0,1
409.497647048,0,0,0
409.497647442,1,0,0
409.636344666,1,1,0
409.636345002,1,1,1
409.636346872,0,1,1
409.775074982,0,1,0
409.775075206,0,0,0
409.775077268,1,0,0
409.913805780,1,1,0
409.913805874,1,1,1
409.913807696,0,1,1
410.052505322,0,0,1
410.052505852,0,0,0
410.052507156,1,0,0
410.191205808,1,0,1
410.191205832,1,1,1
410.191207522,0,1,1
410.329904436,0,0,1
410.329904724,0,0,0
410.329906982,1,0,0
410.468605010,1,1,0
410.468605680,1,1,1
410.468607410,0,1,1
410.607304596,0,1,0
410.607305488,0,0,0
410.607306806,1,0,0
410.746004060,1,1,0
410.746004488,1,1,1
410.746006298,0,1,1
410.884704666,0,0,1
410.884705466,0,0,0
410.884706758,1,0,0
411.023404112,1,1,0
411.023405422,1,1,1
411.023406186,0,1,1
411.162165716,0,0,1
411.162166338,0,0,0
411.162167582,1,0,0
411.300865226,1,1,0
411.300865230,1,1,1
411.300867012,0,1,1
411.439595830,0,0,1
411.439596208,0,0,0
411.439597408,1,0,0
411.578295100,1,0,1
411.578295340,1,1,1
411.578296836,0,1,1
411.716995080,0,1,0
411.716995946,0,0,0
411.716997236,1,0,0
411.855726034,1,0,1
411.855726454,1,1,1
411.855727724,0,1,1
411.994425950,0,1,0
411.994425996,0,0,0
411.994427122,1,0,0
412.133155568,1,1,0
412.133155904,1,1,1
412.133157548,0,1,1
412.271855818,0,1,0
412.271856172,0,0,0
412.271857008,1,0,0
412.410555618,1,1,0
412.410555774,1,1,1
412.410557374,0,1,1
412.549254752,0,1,0
412.549255222,0,0,0
412.549256832,1,0,0
412.687985584,1,0,1
412.687985732,1,1,1
412.687987262,0,1,1
412.826684274,0,0,1
412.826685560,0,0,0
412.826686656,1,0,0
412.965384516,1,0,1
412.965385846,1,1,1
412.965387148,0,1,1
413.104084432,0,1,0
413.104085448,0,0,0
413.104086546,1,0,0
413.242814386,1,0,1
413.242815960,1,1,1
413.242816972,0,1,1
413.381515364,0,1,0
413.381516562,0,0,0
413.381517370,1,0,0
413.520215010,1,1,0
413.520216798,0,1,0
413.520217256,0,1,1
413.658975234,0,1,0
413.658975676,0,0,0
413.658977256,1,0,0
413.797676124,1,1,0
413.797676126,1,1,1
413.797677684,0,1,1
413.936375664,0,0,1
413.936377040,0,0,0
413.936377080,1,0,0
414.075075996,1,0,1
414.075076236,1,1,1
414.075077508,0,1,1
414.213775776,0,0,1
414.213775910,0,0,0
414.213776966,1,0,0
414.352474864,1,0,1
414.352475348,1,1,1
414.352476332,0,1,1
414.491174844,0,1,0
414.491174890,0,0,0
414.491176792,1,0,0
414.629905734,1,0,1
414.629906398,1,1,1
414.629907218,0,1,1
414.768605002,0,0,1
414.768605714,0,0,0
414.768606614,1,0,0
414.907335448,1,1,0
414.907336104,1,1,1
414.907337104,0,1,1
415.046034582,0,1,0
415.046035114,0,0,0
415.046036440,1,0,0
415.184735622,1,1,0
415.184736786,1,1,1
415.184736928,0,1,1
415.323435226,0,0,1
415.323435450,0,0,0
415.323436326,1,0,0
415.462133736,1,1,0
415.462135406,1,1,1
415.462135752,0,1,1
415.600834276,0,0,1
415.600834320,0,0,0
415.600836210,1,0,0
415.739533212,1,0,1
415.739533786,1,1,1
415.739535638,0,1,1
415.878263388,0,0,1
415.878264126,0,0,0
415.878266034,1,0,0
416.017026144,1,0,1
416.017026836,1,1,1
416.017027464,0,1,1
416.155724438,0,0,1
416.155725058,0,0,0
416.155726920,1,0,0
416.294424010,1,1,0
416.294424952,1,1,1
416.294426348,0,1,1
416.433125548,0,0,1
416.433125928,0,0,0
416.433126742,1,0,0
416.571823820,1,0,1
416.571824060,1,1,1
416.571826170,0,1,1
416.710524662,0,0,1
416.710524796,0,0,0
416.710526566,1,0,0
416.849224170,1,1,0
416.849224750,1,1,1
416.849226056,0,1,1
416.987922664,0,1,0
416.987924710,0,0,0
416.987925388,1,0,0
417.126623220,1,1,0
417.126623558,1,1,1
417.126625878,0,1,1
417.265322824,0,0,1
417.265323534,0,0,0
417.265325274,1,0,0
417.404024394,1,1,0
417.404024488,1,1,1
417.404025764,0,1,1
417.542722872,0,0,1
417.542724464,0,0,0
417.542725096,1,0,0
417.681422356,1,0,1
417.681423444,1,1,1
417.681424586,0,1,1
417.820123270,0,1,0
417.820124046,0,0,0
417.820124982,1,0,0
417.958823226,1,0,1
417.958823492,1,1,1
417.958824410,0,1,1
418.097522140,0,1,0
418.097523096,0,0,0
418.097523804,1,0,0
418.236221604,1,1,0
418.236222094,1,1,1
418.236224230,0,1,1
418.374952070,0,1,0
418.374953144,0,0,0
418.374954690,1,0,0
418.513650962,1,0,1
418.513652714,1,1,1
418.513654052,0,1,1
418.652352876,0,1,0
418.652353318,0,0,0
418.652354574,1,0,0
418.791051830,1,0,1
418.791052764,1,1,1
418.791054000,0,1,1
418.929751364,0,0,1
418.929752742,0,0,0
418.929753334,1,0,0
419.068451698,1,0,1
419.068451936,1,1,1
419.068453822,0,1,1
419.207149476,0,0,1
419.207152674,0,0,0
419.207153218,1,0,0
419.345851564,1,0,1
419.345852046,1,1,1
419.345853644,0,1,1
419.484551478,0,1,0
419.484551588,0,0,0
419.484553102,1,0,0
419.623251096,1,1,0
419.623251432,1,1,1
419.623252528,0,1,1
419.761950408,0,1,0
419.761951696,0,0,0
419.761952986,1,0,0
419.900650144,1,1,0
419.900651238,1,1,1
419.900652350,0,1,1
420.039350746,0,0,1
420.039351214,0,0,0
420.039351746,1,0,0
420.178051166,1,0,1
420.178051316,1,1,1
420.178052232,0,1,1
420.316811856,0,0,1
420.316812144,0,0,0
420.316812630,1,0,0
420.455479364,1,1,0
420.455481034,1,1,1
420.455482054,0,1,1
420.594180010,0,1,0
420.594181966,0,0,0
420.594182514,1,0,0
420.732909902,1,0,1
420.732910474,1,1,1
420.732911938,0,1,1
420.871610014,0,0,1
420.871610878,0,0,0
420.871612334,1,0,0
421.010309770,1,0,1
421.010310522,1,1,1
421.010311760,0,1,1
421.149010124,0,0,1
421.149011744,0,0,0
421.149012156,1,0,0
421.287709632,1,1,0
421.287710636,1,1,1
421.287711582,0,1,1
421.426409234,0,0,1
421.426409612,0,0,0
421.426411038,1,0,0
421.565109564,1,0,1
421.565109680,1,1,1
421.565111466,0,1,1
421.703808280,0,0,1
421.703809478,0,0,0
421.703810860,1,0,0
421.842509432,1,0,1
421.842509850,1,1,1
421.842511348,0,1,1
421.981209392,0,0,1
421.981209408,0,0,0
421.981210742,1,0,0
422.119907898,1,1,0
422.119909236,1,1,1
422.119910106,0,1,1
422.258608212,0,1,0
422.258608500,0,0,0
422.258610564,1,0,0
422.397307228,1,0,1
422.397309070,1,1,1
422.397310054,0,1,1
422.536037610,0,0,1
422.536039078,0,0,0
422.536040384,1,0,0
422.674739118,1,1,0
422.674740030,1,1,1
422.674740874,0,1,1
422.813439008,0,1,0
422.813439656,0,0,0
422.813440330,1,0,0
422.952137164,1,1,0
422.952138898,1,1,1
422.952139694,0,1,1
423.090837622,0,1,0
423.090839766,0,0,0
423.090840088,1,0,0
423.229537336,1,1,0
423.229537764,1,1,1
423.229539578,0,1,1
423.368237738,0,1,0
423.368237812,0,0,0
423.368238908,1,0,0
423.506936690,1,0,1
423.506937382,1,1,1
423.506939396,0,1,1
423.645636922,0,0,1
423.645637542,0,0,0
423.645638792,1,0,0
423.784367490,1,1,0
423.784367556,1,1,1
423.784369220,0,1,1
423.923097092,0,0,1
423.923098406,0,0,0
423.923099674,1,0,0
424.061797360,1,0,1
424.061798536,1,1,1
424.061799036,0,1,1
424.200497138,0,0,1
424.200497336,0,0,0
424.200499430,1,0,0
424.339197226,1,0,1
424.339197646,1,1,1
424.339198920,0,1,1
424.477898200,0,1,0
424.477898246,0,0,0
424.477899376,1,0,0
424.616596754,1,1,0
424.616598154,1,1,1
424.616598740,0,1,1
424.755326066,0,1,0
424.755327354,0,0,0
424.755329196,1,0,0
424.894025954,1,0,1
424.894027864,1,1,1
424.894028558,0,1,1
425.032727400,0,0,1
425.032727930,0,0,0
425.032729016,1,0,0
425.171425820,1,0,1
425.171426970,1,1,1
425.171428442,0,1,1
425.310126796,0,1,0
425.310127510,0,0,0
425.310128898,1,0,0
425.448826204,1,1,0
425.448826748,1,1,1
425.448828260,0,1,1
425.587525118,0,0,1
425.587525660,0,0,0
425.587527654,1,0,0
425.726225062,1,1,0
425.726227550,1,1,1
425.726228204,0,1,1
425.864926038,0,0,1
425.864926526,0,0,0
425.864927600,1,0,0
426.003624984,1,1,0
426.003625476,1,1,1
426.003626962,0,1,1
426.142325390,0,1,0
426.142325896,0,0,0
426.142327418,1,0,0
426.281024340,1,1,0
426.281025342,1,1,1
426.281026844,0,1,1
426.419725316,0,1,0
426.419725816,0,0,0
426.419727238,1,0,0
426.558425206,1,0,1
426.558425698,1,1,1
426.558426664,0,1,1
426.697124118,0,1,0
426.697124674,0,0,0
426.697126118,1,0,0
426.835824070,1,0,1
426.835825556,1,1,1
426.835826544,0,1,1
426.974523032,0,0,1
426.974524046,0,0,0
426.974525938,1,0,0
427.113224414,1,1,0
427.113224872,1,1,1
427.113226362,0,1,1
427.251924140,0,0,1
427.251924910,0,0,0
427.251925756,1,0,0
427.390622800,1,0,1
427.390623648,1,1,1
427.390625244,0,1,1
427.529322184,0,0,1
427.529323774,0,0,0
427.529325638,1,0,0
427.668023664,1,0,1
427.668023754,1,1,1
427.668025062,0,1,1
427.806723294,0,0,1
427.806723638,0,0,0
427.806725456,1,0,0
427.945422526,1,0,1
427.945423862,1,1,1
427.945424880,0,1,1
428.084122400,0,0,1
428.084123504,0,0,0
428.084124338,1,0,0
428.222851970,1,1,0
428.222852392,1,1,1
428.222854762,0,1,1
428.361553366,0,1,0
428.361553508,0,0,0
428.361555156,1,0,0
428.500253014,1,1,0
428.500253256,1,1,1
428.500254580,0,1,1
428.638952230,0,1,0
428.638952614,0,0,0
428.638954036,1,0,0
428.777652120,1,0,1
428.777652184,1,1,1
428.777654460,0,1,1
428.916351094,0,1,0
428.916352596,0,0,0
428.916353854,1,0,0
429.055052044,1,0,1
429.055052228,1,1,1
429.055054278,0,1,1
429.193782764,0,0,1
429.193783958,0,0,0
429.193784670,1,0,0
429.332481846,1,0,1
429.332482272,1,1,1
429.332484160,0,1,1
429.471180820,0,1,0
429.471180872,0,0,0
429.471183552,1,0,0
429.609882772,1,0,1
429.609883378,1,1,1
429.609883978,0,1,1
429.748580916,0,0,1
429.748581746,0,0,0
429.748583432,1,0,0
429.887281636,1,0,1
429.887282486,1,1,1
429.887283858,0,1,1
430.025980024,0,0,1
430.025982548,0,0,0
430.025983250,1,0,0
430.164679498,1,0,1
430.164680530,1,1,1
430.164682674,0,1,1
430.303380410,0,1,0
430.303381130,0,0,0
430.303383130,1,0,0
430.442111698,1,1,0
430.442113362,1,1,1
430.442113492,0,1,1
430.580811336,0,1,0
430.580812174,0,0,0
430.580812948,1,0,0
430.719509744,1,1,0
430.719510226,1,1,1
430.719512372,0,1,1
430.858210136,0,1,0
430.858211342,0,0,0
430.858212828,1,0,0
430.996910786,1,1,0
430.996911088,1,1,1
430.996912126,0,1,1
431.135610386,0,0,1
431.135611000,0,0,0
431.135612644,1,0,0
431.274309892,1,1,0
431.274310452,1,1,1
431.274312132,0,1,1
431.413040430,0,0,1
431.413041300,0,0,0
431.413042462,1,0,0
431.551739814,1,0,1
431.551739998,1,1,1
431.551741886,0,1,1
431.690470788,0,1,0
431.690471598,0,0,0
431.690472278,1,0,0
431.829171104,1,1,0
431.829171676,1,1,1
431.829172766,0,1,1
431.967869704,0,0,1
431.967870586,0,0,0
431.967872158,1,0,0
432.106601150,1,1,0
432.106601538,1,1,1
432.106602584,0,1,1
432.245299748,0,0,1
432.245300512,0,0,0
432.245301976,1,0,0
432.384000404,1,0,1
432.384001316,1,1,1
432.384002462,0,1,1
432.522730790,0,0,1
432.522732376,0,0,0
432.522732854,1,0,0
432.661490326,1,0,1
432.661492358,1,1,1
432.661493278,0,1,1
432.800190896,0,0,1
432.800191236,0,0,0
432.800192670,1,0,0
432.938891464,1,1,0
432.938893126,1,1,1
432.938893156,0,1,1
433.077591000,0,0,1
433.077591098,0,0,0
433.077592488,1,0,0
433.216290050,1,0,1
433.216291508,1,1,1
433.216292974,0,1,1
433.354990024,0,1,0
433.354991106,0,0,0
433.354992364,1,0,0
433.493689614,1,1,0
433.493689850,1,1,1
433.493691852,0,1,1
433.632390150,0,0,1
433.632390822,0,0,0
433.632392182,1,0,0
433.771088656,1,1,0
433.771090774,1,1,1
433.771091668,0,1,1
433.909820254,0,0,1
433.909820684,0,0,0
433.909821998,1,0,0
434.048519760,1,1,0
434.048520574,1,1,1
434.048521484,0,1,1
434.187220360,0,0,1
434.187220546,0,0,0
434.187221876,1,0,0
434.325919434,1,0,1
434.325919866,1,1,1
434.325921362,0,1,1
434.464619408,0,1,0
434.464620402,0,0,0
434.464621692,1,0,0
434.603318970,1,1,0
434.603319358,1,1,1
434.603321178,0,1,1
434.742017568,0,0,1
434.742018268,0,0,0
434.742020568,1,0,0
434.880749012,1,1,0
434.880749218,1,1,1
434.880750994,0,1,1
435.019449610,0,0,1
435.019450192,0,0,0
435.019451448,1,0,0
435.158180018,1,0,1
435.158180180,1,1,1
435.158181808,0,1,1
435.296879052,0,1,0
435.296879716,0,0,0
435.296881264,1,0,0
435.435579222,1,1,0
435.435579878,1,1,1
435.435580686,0,1,1
435.574278758,0,0,1
435.574280850,0,0,0
435.574281078,1,0,0
435.712978802,1,0,1
435.712980262,1,1,1
435.712980502,0,1,1
435.851678862,0,0,1
435.851679776,0,0,0
435.851680956,1,0,0
435.990377600,1,0,1
435.990379368,1,1,1
435.990380378,0,1,1
436.129076572,0,1,0
436.129078966,0,0,0
436.129079770,1,0,0
436.267777524,1,0,1
436.267778472,1,1,1
436.267780194,0,1,1
436.406508432,0,1,0
436.406509072,0,0,0
436.406510588,1,0,0
436.545207576,1,1,0
436.545209384,1,1,1
436.545210010,0,1,1
436.683907356,0,1,0
436.683909112,0,0,0
436.683909464,1,0,0
436.822638244,1,0,1
436.822638680,1,1,1
436.822639886,0,1,1
436.961339214,0,0,1
436.961339216,0,0,0
436.961340278,1,0,0
437.100038104,1,0,1
437.100038720,1,1,1
437.100039762,0,1,1
437.238738014,0,1,0
437.238738320,0,0,0
437.238740154,1,0,0
437.377436964,1,0,1
437.377437826,1,1,1
437.377439516,0,1,1
437.516137362,0,0,1
437.516137936,0,0,0
437.516138970,1,0,0
437.654837824,1,0,1
437.654837928,1,1,1
437.654839456,0,1,1
437.793536798,0,1,0
437.793537464,0,0,0
437.793538784,1,0,0
437.932236970,1,1,0
437.932237746,1,1,1
437.932238268,0,1,1
438.070936658,0,1,0
438.070937506,0,0,0
438.070938724,1,0,0
438.209636544,1,0,1
438.209637074,1,1,1
438.209638146,0,1,1
438.348336610,0,0,1
438.348337516,0,0,0
438.348338474,1,0,0
438.487035176,1,1,0
438.487036468,1,1,1
438.487037960,0,1,1
438.625734714,0,0,1
438.625735314,0,0,0
438.625737352,1,0,0
438.764435264,1,0,1
438.764436280,1,1,1
438.764437712,0,1,1
438.903134816,0,0,1
438.903135236,0,0,0
438.903137228,1,0,0
439.041865322,1,1,0
439.041866186,1,1,1
439.041867652,0,1,1
439.180565920,0,0,1
439.180566096,0,0,0
439.180567978,1,0,0
439.319265424,1,1,0
439.319266046,1,1,1
439.319267464,0,1,1
439.457965268,0,1,0
439.457966022,0,0,0
439.457966856,1,0,0
439.596665528,1,1,0
439.596665842,1,1,1
439.596667278,0,1,1
439.735395440,0,1,0
439.735396064,0,0,0
439.735397668,1,0,0
439.874094630,1,1,0
439.874096764,1,1,1
439.874097156,0,1,1
440.012794674,0,1,0
440.012795166,0,0,0
440.012796544,1,0,0
440.151494624,1,0,1
440.151494670,1,1,1
440.151496966,0,1,1
440.290193206,0,0,1
440.290194534,0,0,0
440.290196358,1,0,0
440.428895420,1,0,1
440.428895774,1,1,1
440.428896782,0,1,1
440.567594308,0,0,1
440.567595392,0,0,0
440.567596172,1,0,0
440.706292814,1,1,0
440.706293342,1,1,1
440.706295656,0,1,1
440.844994314,0,1,0
440.844994412,0,0,0
440.844996110,1,0,0
440.983694138,1,0,1
440.983694978,1,1,1
440.983695470,0,1,1
441.122393452,0,0,1
441.122395112,0,0,0
441.122395860,1,0,0
441.261093018,1,1,0
441.261093060,1,1,1
441.261095346,0,1,1
441.399792030,0,1,0
441.399792616,0,0,0
441.399794798,1,0,0
441.538493058,1,1,0
441.538493918,1,1,1
441.538495096,0,1,1
441.677191890,0,1,0
441.677193656,0,0,0
441.677194612,1,0,0
441.815922778,1,0,1
441.815923162,1,1,1
441.815925034,0,1,1
441.954621696,0,0,1
441.954622748,0,0,0
441.954624424,1,0,0
442.093352634,1,0,1
442.093354264,1,1,1
442.093354848,0,1,1
442.232053546,0,1,0
442.232053798,0,0,0
442.232055238,1,0,0
442.370753302,1,1,0
442.370753494,1,1,1
442.370754722,0,1,1
442.509452464,0,1,0
442.509453900,0,0,0
442.509455112,1,0,0
442.648152466,1,1,0
442.648153352,1,1,1
442.648154474,0,1,1
442.786852002,0,0,1
442.786853260,0,0,0
442.786853926,1,0,0
442.925552210,1,0,1
442.925552508,1,1,1
442.925554348,0,1,1
443.064312182,0,1,0
443.064314042,0,0,0
443.064314736,1,0,0
443.203013068,1,0,1
443.203013608,1,1,1
443.203015222,0,1,1
443.341712978,0,1,0
443.341714144,0,0,0
443.341714550,1,0,0
443.480411926,1,0,1
443.480412648,1,1,1
443.480414036,0,1,1
443.619112244,0,0,1
443.619113898,0,0,0
443.619114424,1,0,0
443.757811748,1,1,0
443.757812846,1,1,1
443.757813908,0,1,1
443.896511346,0,0,1
443.896511694,0,0,0
443.896513238,1,0,0
444.035211850,1,1,0
444.035212642,1,1,1
444.035213722,0,1,1
444.173911448,0,0,1
444.173911616,0,0,0
444.173913112,1,0,0
444.312611500,1,0,1
444.312611952,1,1,1
444.312613532,0,1,1
444.451311472,0,1,0
444.451311488,0,0,0
444.451312986,1,0,0
444.590011052,1,1,0
444.590011420,1,1,1
444.590012408,0,1,1
444.728710330,0,1,0
444.728711586,0,0,0
444.728712798,1,0,0
444.867409152,1,1,0
444.867411214,1,1,1
444.867412218,0,1,1
445.006110626,0,0,1
445.006111186,0,0,0
445.006112608,1,0,0
445.144810134,1,0,1
445.144810192,1,1,1
445.144812094,0,1,1
445.283508726,0,0,1
445.283509106,0,0,0
445.283511544,1,0,0
445.422239230,1,1,0
445.422240992,1,1,1
445.422241904,0,1,1
445.560940828,0,0,1
445.560940900,0,0,0
445.560942358,1,0,0
445.699639394,1,1,0
445.699640786,1,1,1
445.699641716,0,1,1
445.838339820,0,1,0
445.838339864,0,0,0
445.838341106,1,0,0
445.977039706,1,0,1
445.977040432,1,1,1
445.977041590,0,1,1
446.115739676,0,1,0
446.115740028,0,0,0
446.115740980,1,0,0
446.254439564,1,0,1
446.254440532,1,1,1
446.254441400,0,1,1
446.393138472,0,1,0
446.393139130,0,0,0
446.393140790,1,0,0
446.531837632,1,1,0
446.531838482,1,1,1
446.531840276,0,1,1
446.670538230,0,0,1
446.670539330,0,0,0
446.670540666,1,0,0
446.809238278,1,0,1
446.809238670,1,1,1
446.809240086,0,1,1
446.947938268,0,0,1
446.947939184,0,0,0
446.947940538,1,0,0
447.086637134,1,0,1
447.086638834,1,1,1
447.086639958,0,1,1
447.225337042,0,1,0
447.225337368,0,0,0
447.225339286,1,0,0
447.364037990,1,0,1
447.364038872,1,1,1
447.364039772,0,1,1
447.502736962,0,1,0
447.502737468,0,0,0
447.502739158,1,0,0
447.641436972,1,1,0
447.641437784,1,1,1
447.641439582,0,1,1
447.780137444,0,0,1
447.780137756,0,0,0
447.780139034,1,0,0
447.918836010,1,1,0
447.918836580,1,1,1
447.918838454,0,1,1
448.057538606,0,0,1
448.057538674,0,0,0
448.057538842,1,0,0
448.196235624,1,0,1
448.196236174,1,1,1
448.196238264,0,1,1
448.334966532,0,1,0
448.334967706,0,0,0
448.334968716,1,0,0
448.473665478,1,0,1
448.473666272,1,1,1
448.473668138,0,1,1
448.612396388,0,1,0
448.612397744,0,0,0
448.612398526,1,0,0
448.751097310,1,1,0
448.751098272,1,1,1
448.751099010,0,1,1
448.889795904,0,0,1
448.889796306,0,0,0
448.889798336,1,0,0
449.028496346,1,1,0
449.028497128,1,1,1
449.028498758,0,1,1
449.167195944,0,0,1
449.167196100,0,0,0
449.167198208,1,0,0
449.305896446,1,1,0
449.305897048,1,1,1
449.305897692,0,1,1
449.444595956,0,1,0
449.444595980,0,0,0
449.444598020,1,0,0
449.583295842,1,0,1
449.583296546,1,1,1
449.583297442,0,1,1
449.721995876,0,1,0
449.721996080,0,0,0
449.721997892,1,0,0
449.860694760,1,0,1
449.860696646,1,1,1
449.860697312,0,1,1
449.999395116,0,0,1
449.999395668,0,0,0
449.999396702,1,0,0
450.138095616,1,0,1
450.138095682,1,1,1
450.138097186,0,1,1
450.276794278,0,0,1
450.276795524,0,0,0
450.276796576,1,0,0
450.415494472,1,0,1
450.415494780,1,1,1
450.415495932,0,1,1
450.554194316,0,0,1
450.554195378,0,0,0
450.554196384,1,0,0
450.692924326,1,0,1
450.692924880,1,1,1
450.692926742,0,1,1
450.831625236,0,1,0
450.831625414,0,0,0
450.831626194,1,0,0
450.970324182,1,0,1
450.970324980,1,1,1
450.970326614,0,1,1
451.109024090,0,1,0
451.109024512,0,0,0
451.109026066,1,0,0
451.247724038,1,0,1
451.247725078,1,1,1
451.247725486,0,1,1
451.386422946,0,1,0
451.386425610,0,0,0
451.386425874,1,0,0
451.525123114,1,1,0
451.525123894,1,1,1
451.525125358,0,1,1
451.663883802,0,1,0
451.663884710,0,0,0
451.663886748,1,0,0
451.802584214,1,1,0
451.802584750,1,1,1
451.802586166,0,1,1
451.941313746,0,0,1
451.941315656,0,0,0
451.941316556,1,0,0
452.080014604,1,0,1
452.080015312,1,1,1
452.080015976,0,1,1
452.218713844,0,0,1
452.218714574,0,0,0
452.218716364,1,0,0
452.357444460,1,0,1
452.357445346,1,1,1
452.357446850,0,1,1
452.496143882,0,0,1
452.496144430,0,0,0
452.496146236,1,0,0
452.634874314,1,0,1
452.634875384,1,1,1
452.634876658,0,1,1
452.773574042,0,0,1
452.773574284,0,0,0
452.773576046,1,0,0
452.912335544,1,1,0
452.912336168,1,1,1
452.912337466,0,1,1
453.051065078,0,0,1
453.051066138,0,0,0
453.051067854,1,0,0
453.189795580,1,1,0
453.189797086,1,1,1
453.189798400,0,1,1
453.328495994,0,1,0
453.328497176,0,0,0
453.328497786,1,0,0
453.467194678,1,1,0
453.467195940,1,1,1
453.467197208,0,1,1
453.605894848,0,1,0
453.605896212,0,0,0
453.605897596,1,0,0
453.744594776,1,1,0
453.744596732,1,1,1
453.744597018,0,1,1
453.883293702,0,1,0
453.883295370,0,0,0
453.883296404,1,0,0
454.021994812,1,1,0
454.021995586,1,1,1
454.021996888,0,1,1
454.160724406,0,0,1
454.160724556,0,0,0
454.160727338,1,0,0
454.299424566,1,0,1
454.299424970,1,1,1
454.299426634,0,1,1
454.438125410,0,1,0
454.438125504,0,0,0
454.438127084,1,0,0
454.576825358,1,0,1
454.576826006,1,1,1
454.576826568,0,1,1
454.715524328,0,1,0
454.715525602,0,0,0
454.715525894,1,0,0
454.854224042,1,1,0
454.854224148,1,1,1
454.854226374,0,1,1
454.992923118,0,1,0
454.992923700,0,0,0
454.992925764,1,0,0
455.131624066,1,0,1
455.131626184,0,0,1
455.131626202,0,1,1
455.270323734,0,0,1
455.270324034,0,0,0
455.270325572,1,0,0
455.409053920,1,0,1
455.409054238,1,1,1
455.409056054,0,1,1
455.547752832,0,0,1
455.547754888,0,0,0
455.547755380,1,0,0
455.686483772,1,0,1
455.686484334,1,1,1
455.686485862,0,1,1
455.825184742,0,1,0
455.825184928,0,0,0
455.825186252,1,0,0
455.963883626,1,0,1
455.963884492,1,1,1
455.963885670,0,1,1
456.102583846,0,1,0
456.102584964,0,0,0
456.102585058,1,0,0
456.241282466,1,1,0
456.241283166,1,1,1
456.241285478,0,1,1
456.379982448,0,1,0
456.379984062,0,0,0
456.379984930,1,0,0
456.518682562,1,1,0
456.518683332,1,1,1
456.518684286,0,1,1
456.657413302,0,1,0
456.657414738,1,1,0
456.796174186,1,1,1
456.796174676,1,0,1
456.796176158,0,0,1
456.934599176,0,1,1
456.934600154,0,1,0
456.934601608,1,1,0
457.073054710,1,0,0
457.073055102,1,0,1
457.073057026,0,0,1
457.211510276,0,1,1
457.211511070,0,1,0
457.211512416,1,1,0
457.349966870,1,0,0
457.349966954,1,0,1
457.349967836,0,0,1
457.488421374,0,1,1
457.488422922,0,1,0
457.488424286,1,1,0
457.626877806,1,1,1
457.626878906,1,0,1
457.626879706,0,0,1
457.765333408,0,1,1
457.765333712,0,1,0
457.765335096,1,1,0
457.903849660,1,1,1
457.903850066,1,0,1
457.903851578,0,0,1
458.042396632,0,1,1
458.042397628,0,1,0
458.042398966,1,1,0
458.180944512,1,1,1
458.180945102,1,0,1
458.180946386,0,0,1
458.319491604,0,1,1
458.319492480,0,1,0
458.319493774,1,1,0
458.458008200,1,0,0
458.458008426,1,0,1
458.458010256,0,0,1
458.596555640,0,1,1
458.596556332,0,1,0
458.596557582,1,1,0
458.735103280,1,1,1
458.735104298,1,0,1
458.735105000,0,0,1
458.873650188,0,0,0
458.873650800,0,1,0
458.873651452,1,1,0
459.012197068,1,1,1
459.012197394,1,0,1
459.012198934,0,0,1
459.150744896,0,1,1
459.150745036,0,1,0
459.150746260,1,1,0
459.289259430,1,0,0
459.289261984,1,0,1
459.289262740,0,0,1
459.427807952,0,0,0
459.427808930,0,1,0
459.427810130,1,1,0
459.566355526,1,0,0
459.566355836,1,0,1
459.566357548,0,0,1
459.704902804,0,0,0
459.704903090,0,1,0
459.704904998,1,1,0
459.843450624,1,0,0
459.843450690,1,0,1
459.843452418,0,0,1
459.981997250,0,1,1
459.981997658,0,1,0
459.981998868,1,1,0
460.120514540,1,1,1
460.120515658,1,0,1
460.120516288,0,0,1
460.259060222,0,1,1
460.259060508,0,1,0
460.259062612,1,1,0
460.397608394,1,1,1
460.397608818,1,0,1
460.397610034,0,0,1
460.536215256,0,1,1
460.536217362,0,1,0
460.536218484,1,1,0
460.674763308,1,1,1
460.674763476,1,0,1
460.674765902,0,0,1
460.813280212,0,0,0
460.813281352,0,1,0
460.813282288,1,1,0
460.951826884,1,0,0
460.951828096,1,0,1
460.951829772,0,0,1
461.090374948,0,1,1
461.090375064,0,1,0
461.090377158,1,1,0
461.228922946,1,1,1
461.228923982,1,0,1
461.228924638,0,0,1
461.367469482,0,1,1
461.367469980,0,1,0
461.367471026,1,1,0
461.506046800,1,1,1
461.506048580,1,0,1
461.506049510,0,0,1
461.644562642,0,1,1
461.644563830,0,1,0
461.644565834,1,1,0
461.783079650,1,1,1
461.783080174,1,0,1
461.783082314,0,0,1
461.921627618,0,0,0
461.921628552,0,1,0
461.921629702,1,1,0
462.060174502,1,1,1
462.060175208,1,0,1
462.060177120,0,0,1
462.198721532,0,0,0
462.198722834,0,1,0
462.198724508,1,1,0
462.337270366,1,0,0
462.337270478,1,0,1
462.337271926,0,0,1
462.475785868,0,1,1
462.475786382,0,1,0
462.475788378,1,1,0
462.614335266,1,1,1
462.614335776,1,0,1
462.614335858,0,0,1
462.752879902,0,1,1
462.752880172,0,1,0
462.752882246,1,1,0
462.891428118,1,1,1
462.891428496,1,0,1
462.891429602,0,0,1
463.029974060,0,1,1
463.029976148,0,1,0
463.029977052,1,1,0
463.168522032,1,1,1
463.168522592,1,0,1
463.168524408,0,0,1
463.307070156,0,1,1
463.307070936,0,1,0
463.307071794,1,1,0
463.445585688,1,0,0
463.445586882,1,0,1
463.445588276,0,0,1
463.584133788,0,0,0
463.584134126,0,1,0
463.584135726,1,1,0
463.722680722,1,0,0
463.722680734,1,0,1
463.722683144,0,0,1
463.861227702,0,0,0
463.861228286,0,1,0
463.861229532,1,1,0
463.999745584,1,1,1
463.999746818,1,0,1
463.999746950,0,0,1
464.138261318,0,1,1
464.138262490,0,1,0
464.138263400,1,1,0
464.276776914,1,0,0
464.276778434,1,0,1
464.276779758,0,0,1
464.415324414,0,1,1
464.415325902,0,1,0
464.415327206,1,1,0
464.553872284,1,1,1
464.553874008,1,0,1
464.553874688,0,0,1
464.692450252,0,0,0
464.692450510,0,1,0
464.692452012,1,1,0
464.830967104,1,0,0
464.830967198,1,0,1
464.830968494,0,0,1
464.969483604,0,1,1
464.969484102,0,1,0
464.969485880,1,1,0
465.108031136,1,0,0
465.108032048,1,0,1
465.108033298,0,0,1
465.246577954,0,0,0
465.246578700,0,1,0
465.246579686,1,1,0
465.385124898,1,1,1
465.385126232,1,0,1
465.385127166,0,0,1
465.523672732,0,1,1
465.523672868,0,1,0
465.523674616,1,1,0
465.662249686,1,1,1
465.662250326,1,0,1
465.662252032,0,0,1
465.800797716,0,0,0
465.800797828,0,1,0
465.800799420,1,1,0
465.939374422,1,0,0
465.939375600,1,0,1
465.939376838,0,0,1
466.077891922,0,1,1
466.077892566,0,1,0
466.077894226,1,1,0
466.216437450,1,1,1
466.216438516,1,0,1
466.216440646,0,0,1
466.354985416,0,0,0
466.354987018,0,1,0
466.354988094,1,1,0
466.493594362,1,1,1
466.493594550,1,0,1
466.493596514,0,0,1
466.632112112,0,1,1
466.632112268,0,1,0
466.632112962,1,1,0
466.770658644,1,0,0
466.770659148,1,0,1
466.770660316,0,0,1
466.909266146,0,1,1
466.909267180,0,1,0
466.909268704,1,1,0
467.047875738,1,0,0
467.047876000,1,0,1
467.047877120,0,0,1
467.186514028,0,0,0
467.186514240,0,1,0
467.186515570,1,1,0
467.325121772,1,0,0
467.325122912,1,0,1
467.325123926,0,0,1
467.463729878,0,0,0
467.463730332,0,1,0
467.463732374,1,1,0
467.602338760,1,1,1
467.602339864,1,0,1
467.602340794,0,0,1
467.740976666,0,0,0
467.740977426,0,1,0
467.740979240,1,1,0
467.879616674,1,1,1
467.879616958,1,0,1
467.879617658,0,0,1
468.018224458,0,1,1
468.018224516,0,1,0
468.018226046,1,1,0
468.156863052,1,0,0
468.156863522,1,0,1
468.156865526,0,0,1
468.295502428,0,0,0
468.295502614,0,1,0
468.295503912,1,1,0
468.434110146,1,0,0
468.434110310,1,0,1
468.434112330,0,0,1
468.572748584,0,1,1
468.572749276,0,1,0
468.572750716,1,1,0
468.711357158,1,1,1
468.711357178,1,0,1
468.711359134,0,0,1
468.849965738,0,1,1
468.849967188,0,1,0
468.849967520,1,1,0
468.988603008,1,1,1
468.988605270,1,0,1
468.988605938,0,0,1
469.127211974,0,0,0
469.127212770,0,1,0
469.127214386,1,1,0
469.265820302,1,0,0
469.265820856,1,0,1
469.265822804,0,0,1
469.404458824,0,0,0
469.404459862,0,1,0
469.404461252,1,1,0
469.543098394,1,0,0
469.543099768,1,0,1
469.543100672,0,0,1
469.681707674,0,0,0
469.681707894,0,1,0
469.681709120,1,1,0
469.820314550,1,0,0
469.820314618,1,0,1
469.820316474,0,0,1
469.958921584,0,0,0
469.958923986,0,1,0
469.958924924,1,1,0
470.097532466,1,1,1
470.097532582,1,0,1
470.097533340,0,0,1
470.236138434,0,0,0
470.236139080,0,1,0
470.236141726,1,1,0
470.374747314,1,1,1
470.374748610,1,0,1
470.374750142,0,0,1
470.513386174,0,1,1
470.513386220,0,1,0
470.513388594,1,1,0
470.651995162,1,1,1
470.651995766,1,0,1
470.651997008,0,0,1
470.790604130,0,0,0
470.790604204,0,1,0
470.790605396,1,1,0
470.929212010,1,1,1
470.929212796,1,0,1
470.929213750,0,0,1
471.067850296,0,1,1
471.067850914,0,1,0
471.067852196,1,1,0
471.206457922,1,1,1
471.206458890,1,0,1
471.206460678,0,0,1
471.345096826,0,0,0
471.345098388,0,1,0
471.345099062,1,1,0
471.483704770,1,1,1
471.483706982,1,0,1
471.483707482,0,0,1
471.622314480,0,1,1
471.622314674,0,1,0
471.622315930,1,1,0
471.760921618,1,1,1
471.760922012,1,0,1
471.760924346,0,0,1
471.899530510,0,1,1
471.899530584,0,1,0
471.899532732,1,1,0
472.038138464,1,1,1
472.038139104,1,0,1
472.038140150,0,0,1
472.176746370,0,0,0
472.176747602,0,1,0
472.176748534,1,1,0
472.315386196,1,0,0
472.315386314,1,0,1
472.315387952,0,0,1
472.453992632,0,1,1
472.453993592,0,1,0
472.453995400,1,1,0
472.592602288,1,0,0
472.592602348,1,0,1
472.592603754,0,0,1
472.731209064,0,0,0
472.731210726,0,1,0
472.731212202,1,1,0
472.869818318,1,0,0
472.869820010,1,0,1
472.869820618,0,0,1
473.008426974,0,0,0
473.008427818,0,1,0
473.008429068,1,1,0
473.147035410,1,0,0
473.147035918,1,0,1
473.147037422,0,0,1
473.285642972,0,1,1
473.285643822,0,1,0
473.285644870,1,1,0
473.424251440,1,0,0
473.424251766,1,0,1
473.424253348,0,0,1
473.562859608,0,0,0
473.562860002,0,1,0
473.562861674,1,1,0
473.701467532,1,0,0
473.701469552,1,0,1
473.701470154,0,0,1
473.840077094,0,1,1
473.840077518,0,1,0
473.840078538,1,1,0
473.978715400,1,1,1
473.978715624,1,0,1
473.978717018,0,0,1
474.117323186,0,1,1
474.117324364,0,1,0
474.117325340,1,1,0
474.255932310,1,1,1
474.255933654,1,0,1
474.255933760,0,0,1
474.394540214,0,0,0
474.394541278,0,1,0
474.394542142,1,1,0
474.533177808,1,0,0
474.533179156,1,0,1
474.533180622,0,0,1
474.671817060,0,0,0
474.671817246,0,1,0
474.671819008,1,1,0
474.810425900,1,0,0
474.810426004,1,0,1
474.810427424,0,0,1
474.949033338,0,1,1
474.949034970,0,1,0
474.949035810,1,1,0
475.087641852,1,1,1
475.087642930,1,0,1
475.087644290,0,0,1
475.226250756,0,0,0
475.226251430,0,1,0
475.226252676,1,1,0
475.364859960,1,0,0
475.364860700,1,0,1
475.364861092,0,0,1
475.503466604,0,0,0
475.503467522,0,1,0
475.503468478,1,1,0
475.642075052,1,0,0
475.642075546,1,0,1
475.642076956,0,0,1
475.780683452,0,0,0
475.780683614,0,1,0
475.780685344,1,1,0
475.919291082,1,0,0
475.919292396,1,0,1
475.919293760,0,0,1
476.057900360,0,0,0
476.057900706,0,1,0
476.057902082,1,1,0
476.196538174,1,0,0
476.196538306,1,0,1
476.196540626,0,0,1
476.335146736,0,1,1
476.335147208,0,1,0
476.335148948,1,1,0
476.473785152,1,1,1
476.473785266,1,0,1
476.473787428,0,0,1
476.612393826,0,1,1
476.612394056,0,1,0
476.612395812,1,1,0
476.751002000,1,1,1
476.751003358,1,0,1
476.751004292,0,0,1
476.889610904,0,0,0
476.889610918,0,1,0
476.889612616,1,1,0
477.028218450,1,0,0
477.028218848,1,0,1
477.028221094,0,0,1
477.166826814,0,0,0
477.166829010,0,1,0
477.166829480,1,1,0
477.305434480,1,0,0
477.305434694,1,0,1
477.305436896,0,0,1
477.444042660,0,0,0
477.444043040,0,1,0
477.444045344,1,1,0
477.582651542,1,1,1
477.582651634,1,0,1
477.582653700,0,0,1
477.721259506,0,0,0
477.721260132,0,1,0
477.721262146,1,1,0
477.859898390,1,1,1
477.859898662,1,0,1
477.859900564,0,0,1
477.998507224,0,1,1
477.998507354,0,1,0
477.998508948,1,1,0
478.137115236,1,1,1
478.137115754,1,0,1
478.137117364,0,0,1
478.275754140,0,0,0
478.275754316,0,1,0
478.275755752,1,1,0
478.414361082,1,1,1
478.414362782,1,0,1
478.414364230,0,0,1
478.552970048,0,0,0
478.552971344,0,1,0
478.552972552,1,1,0
478.691608938,1,0,0
478.691608992,1,0,1
478.691611094,0,0,1
478.830216896,0,0,0
478.830218436,0,1,0
478.830219416,1,1,0
478.968856840,1,1,1
478.968857966,1,0,1
478.968858896,0,0,1
479.107464526,0,1,1
479.107464742,0,1,0
479.107466218,1,1,0
479.246073686,1,1,1
479.246074056,1,0,1
479.246074760,0,0,1
479.384680618,0,1,1
479.384681590,0,1,0
479.384683084,1,1,0
479.523350468,1,1,1
479.523351150,1,0,1
479.523352500,0,0,1
479.661989498,0,0,0
479.661989646,0,1,0
479.661990948,1,1,0
479.800598240,1,0,0
479.800598378,1,0,1
479.800599364,0,0,1
479.939235344,0,0,0
479.939236738,0,1,0
479.939237748,1,1,0
480.077844268,1,0,0
480.077845224,1,0,1
480.077846228,0,0,1
480.216452192,0,0,0
480.216452832,0,1,0
480.216454676,1,1,0
480.355061360,1,0,0
480.355062072,1,0,1
480.355063028,0,0,1
480.493669860,0,1,1
480.493670038,0,1,0
480.493671478,1,1,0
480.632338918,1,1,1
480.632339452,1,0,1
480.632340894,0,0,1
480.770947012,0,1,1
480.770947822,0,1,0
480.770949216,1,1,0
480.909585542,1,0,0
480.909586140,1,0,1
480.909587632,0,0,1
481.048194040,0,1,1
481.048194918,0,1,0
481.048196080,1,1,0
481.186832634,1,0,0
481.186833112,1,0,1
481.186834498,0,0,1
481.325471576,0,0,0
481.325472070,0,1,0
481.325472882,1,1,0
481.464078520,1,1,1
481.464079662,1,0,1
481.464081298,0,0,1
481.602687424,0,0,0
481.602688160,0,1,0
481.602689746,1,1,0
481.741326368,1,1,1
481.741326752,1,0,1
481.741328162,0,0,1
481.879935250,0,1,1
481.879935270,0,1,0
481.879936610,1,1,0
482.018542782,1,0,0
482.018544212,1,0,1
482.018545026,0,0,1
482.157152116,0,0,0
482.157152342,0,1,0
482.157153410,1,1,0
482.295790060,1,1,1
482.295790810,1,0,1
482.295791828,0,0,1
482.434398370,0,1,1
482.434398962,0,1,0
482.434400274,1,1,0
482.573006906,1,1,1
482.573006962,1,0,1
482.573008690,0,0,1
482.711614870,0,0,0
482.711615462,0,1,0
482.711617076,1,1,0
482.850222990,1,0,0
482.850223752,1,0,1
482.850225430,0,0,1
482.988860716,0,0,0
482.988861552,0,1,0
482.988863938,1,1,0
483.127500082,1,0,0
483.127500596,1,0,1
483.127502294,0,0,1
483.266108562,0,0,0
483.266108642,0,1,0
483.266110678,1,1,0
483.404717110,1,0,0
483.404717444,1,0,1
483.404719092,0,0,1
483.543356408,0,0,0
483.543356732,0,1,0
483.543357540,1,1,0
483.681963262,1,0,0
483.681965288,1,0,1
483.681966020,0,0,1
483.820572254,0,0,0
483.820572760,0,1,0
483.820574278,1,1,0
483.959180134,1,1,1
483.959181290,1,0,1
483.959182818,0,0,1
484.097788852,0,1,1
484.097790100,0,1,0
484.097791204,1,1,0
484.236396980,1,1,1
484.236398380,1,0,1
484.236399620,0,0,1
484.375005880,0,1,1
484.375005946,0,1,0
484.375008066,1,1,0
484.513613470,1,0,0
484.513613890,1,0,1
484.513615420,0,0,1
484.652221970,0,1,1
484.652222790,0,1,0
484.652223930,1,1,0
484.790830560,1,0,0
484.790831734,1,0,1
484.790832284,0,0,1
484.929439574,0,0,0
484.929440060,0,1,0
484.929440668,1,1,0
485.068047580,1,1,1
485.068047598,1,0,1
485.068049084,0,0,1
485.206654482,0,0,0
485.206656088,0,1,0
485.206657466,1,1,0
485.345263426,1,1,1
485.345263678,1,0,1
485.345265010,0,0,1
485.483871238,0,1,1
485.483871326,0,1,0
485.483873330,1,1,0
485.622479270,1,1,1
485.622480768,1,0,1
485.622481808,0,0,1
485.761088236,0,0,0
485.761089266,0,1,0
485.761090192,1,1,0
485.899697116,1,1,1
485.899697796,1,0,1
485.899698608,0,0,1
486.038305080,0,0,0
486.038305356,0,1,0
486.038306932,1,1,0
486.176912886,1,0,0
486.176913960,1,0,1
486.176914410,0,0,1
486.315581926,0,0,0
486.315583384,0,1,0
486.315583794,1,1,0
486.454189868,1,1,1
486.454189976,1,0,1
486.454192208,0,0,1
486.592797708,0,0,0
486.592799536,0,1,0
486.592800654,1,1,0
486.731406712,1,1,1
486.731407002,1,0,1
486.731409134,0,0,1
486.870015562,0,1,1
486.870016678,0,1,0
486.870017456,1,1,0
487.008623496,1,1,1
487.008625092,1,0,1
487.008625932,0,0,1
487.147231652,0,1,1
487.147232460,0,1,0
487.147233256,1,1,0
487.285840182,1,0,0
487.285840340,1,0,1
487.285841734,0,0,1
487.424479368,0,0,0
487.424480742,0,1,0
487.424481118,1,1,0
487.563087188,1,1,1
487.563087270,1,0,1
487.563088596,0,0,1
487.701693832,0,1,1
487.701695212,0,1,0
487.701696980,1,1,0
487.840335092,1,1,1
487.840335298,1,0,1
487.840336396,0,0,1
487.978941858,0,1,1
487.978941996,0,1,0
487.978943778,1,1,0
488.117550388,1,0,0
488.117551938,1,0,1
488.117552194,0,0,1
488.256158902,0,0,0
488.256158948,0,1,0
488.256160578,1,1,0
488.394767782,1,1,1
488.394768414,1,0,1
488.394769058,0,0,1
488.533375036,0,1,1
488.533375748,0,1,0
488.533377440,1,1,0
488.671984504,1,0,0
488.671985628,1,0,1
488.671985856,0,0,1
488.810591592,0,0,0
488.810592126,0,1,0
488.810593240,1,1,0
488.949199654,1,0,0
488.949200472,1,0,1
488.949201654,0,0,1
489.087807438,0,0,0
489.087808152,0,1,0
489.087810102,1,1,0
489.226416190,1,1,1
489.226416682,1,0,1
489.226418516,0,0,1
489.365025180,0,1,1
489.365026282,0,1,0
489.365026900,1,1,0
489.503633224,1,1,1
489.503633772,1,0,1
489.503635316,0,0,1
489.642241126,0,0,0
489.642242268,0,1,0
489.642243762,1,1,0
489.780848860,1,0,0
489.780850004,1,0,1
489.780851178,0,0,1
489.919457294,0,1,1
489.919458970,0,1,0
489.919459562,1,1,0
490.058065848,1,1,1
490.058066886,1,0,1
490.058067976,0,0,1
490.196673446,0,1,1
490.196674876,0,1,0
490.196676362,1,1,0
490.335282756,1,1,1
490.335282914,1,0,1
490.335284838,0,0,1
490.473920474,0,1,1
490.473921720,0,1,0
490.473923222,1,1,0
490.612529600,1,1,1
490.612530064,1,0,1
490.612531576,0,0,1
490.751137564,0,0,0
490.751138624,0,1,0
490.751140020,1,1,0
490.889746090,1,0,0
490.889747444,1,0,1
490.889748498,0,0,1
491.028353410,0,0,0
491.028354650,0,1,0
491.028355880,1,1,0
491.166993178,1,0,0
491.166993288,1,0,1
491.166995234,0,0,1
491.305601252,0,0,0
491.305602676,0,1,0
491.305603682,1,1,0
491.444240266,1,0,0
491.444241132,1,0,1
491.444242096,0,0,1
491.582848764,0,1,1
491.582849096,0,1,0
491.582850542,1,1,0
491.721486356,1,0,0
491.721486976,1,0,1
491.721488894,0,0,1
491.860095852,0,1,1
491.860095878,0,1,0
491.860097340,1,1,0
491.998703444,1,0,0
491.998703818,1,0,1
491.998705754,0,0,1
492.137311784,0,0,0
492.137312940,0,1,0
492.137314140,1,1,0
492.275920470,1,0,0
492.275920726,1,0,1
492.275922554,0,0,1
492.414527968,0,1,1
492.414528626,0,1,0
492.414530000,1,1,0
492.553135496,1,0,0
492.553136506,1,0,1
492.553138418,0,0,1
492.691745118,0,1,1
492.691746470,0,1,0
492.691746800,1,1,0
492.830353350,1,1,1
492.830353584,1,0,1
492.830355278,0,0,1
492.968960142,0,1,1
492.968962314,0,1,0
492.968963598,1,1,0
493.107570256,1,1,1
493.107570672,1,0,1
493.107572136,0,0,1
493.246178156,0,0,0
493.246178232,0,1,0
493.246179460,1,1,0
493.384785760,1,0,0
493.384786098,1,0,1
493.384787936,0,0,1
493.523394000,0,0,0
493.523394258,0,1,0
493.523396256,1,1,0
493.662032848,1,0,0
493.662032942,1,0,1
493.662034736,0,0,1
493.800671844,0,0,0
493.800673408,0,1,0
493.800674116,1,1,0
493.939310936,1,0,0
493.939311784,1,0,1
493.939312532,0,0,1
494.077918748,0,0,0
494.077919432,0,1,0
494.077920980,1,1,0
494.216527086,1,0,0
494.216527626,1,0,1
494.216529394,0,0,1
494.355135458,0,1,1
494.355136592,0,1,0
494.355137776,1,1,0
494.493744048,1,0,0
494.493744470,1,0,1
494.493746254,0,0,1
494.632351372,0,0,0
494.632352608,0,1,0
494.632353636,1,1,0
494.770991136,1,0,0
494.770991312,1,0,1
494.770992988,0,0,1
494.909629214,0,0,0
494.909630632,0,1,0
494.909631496,1,1,0
495.048238154,1,1,1
495.048238284,1,0,1
495.048239848,0,0,1
495.186876120,0,0,0
495.186877220,0,1,0
495.186878294,1,1,0
495.325545998,1,1,1
495.325546622,1,0,1
495.325547710,0,0,1
495.464153960,0,0,0
495.464155056,0,1,0
495.464156092,1,1,0
495.602761840,1,1,1
495.602763396,1,0,1
495.602764506,0,0,1
495.741370706,0,1,1
495.741370804,0,1,0
495.741372890,1,1,0
495.879978682,1,1,1
495.879979172,1,0,1
495.879981304,0,0,1
496.018586918,0,1,1
496.018587646,0,1,0
496.018588686,1,1,0
496.157195508,1,0,0
496.157196586,1,0,1
496.157197164,0,0,1
496.295834754,0,1,1
496.295835488,0,1,0
496.295836546,1,1,0
496.434442366,1,1,1
496.434442596,1,0,1
496.434443960,0,0,1
496.573050330,0,0,0
496.573051092,0,1,0
496.573052346,1,1,0
496.711659270,1,1,1
496.711659682,1,0,1
496.711660822,0,0,1
496.850267116,0,1,1
496.850268172,0,1,0
496.850269142,1,1,0
496.988874706,1,0,0
496.988876114,1,0,1
496.988877618,0,0,1
497.127484014,0,0,0
497.127484202,0,1,0
497.127486064,1,1,0
497.266090768,1,1,1
497.266091792,1,0,1
497.266093480,0,0,1
497.404699226,0,1,1
497.404700854,0,1,0
497.404701862,1,1,0
497.543308880,1,0,0
497.543309296,1,0,1
497.543310276,0,0,1
497.681917378,0,1,1
497.681918072,0,1,0
497.681918720,1,1,0
497.820525640,1,1,1
497.820525904,1,0,1
497.820527074,0,0,1
497.959132602,0,0,0
497.959134462,0,1,0
497.959135518,1,1,0
498.097741480,1,1,1
498.097741990,1,0,1
498.097742932,0,0,1
498.236348444,0,0,0
498.236349486,0,1,0
498.236351314,1,1,0
498.374957014,1,0,0
498.374958384,1,0,1
498.374959792,0,0,1
498.513596284,0,0,0
498.513596636,0,1,0
498.513598174,1,1,0
498.652204100,1,0,0
498.652205164,1,0,1
498.652206588,0,0,1
498.790812660,0,1,1
498.790813128,0,1,0
498.790814972,1,1,0
498.929422068,1,1,1
498.929423186,1,0,1
498.929423448,0,0,1
499.068029746,0,1,1
499.068029968,0,1,0
499.068031768,1,1,0
499.206637910,1,1,1
499.206639210,1,0,1
499.206640306,0,0,1
499.345246808,0,0,0
499.345247706,0,1,0
499.345248628,1,1,0
499.483883752,1,1,1
499.483885296,1,0,1
499.483887102,0,0,1
499.622493854,0,1,1
499.622494652,0,1,0
499.622495424,1,1,0
499.761101382,1,0,0
499.761101592,1,0,1
499.761103902,0,0,1
499.899709494,0,0,0
499.899709940,0,1,0
499.899711284,1,1,0
500.038317468,1,0,0
500.038318432,1,0,1
500.038319760,0,0,1
500.176926334,0,0,0
500.176926964,0,1,0
500.176928082,1,1,0
500.315534274,1,1,1
500.315535554,1,0,1
500.315536558,0,0,1
500.454141988,0,1,1
500.454143174,0,1,0
500.454144876,1,1,0
500.592811054,1,1,1
500.592813576,1,0,1
500.592814354,0,0,1
500.731419136,0,1,1
500.731420078,0,1,0
500.731421672,1,1,0
500.870027600,1,0,0
500.870027956,1,0,1
500.870030212,0,0,1
501.008635918,0,0,0
501.008637160,0,1,0
501.008638594,1,1,0
501.147244748,1,0,0
501.147245798,1,0,1
501.147247008,0,0,1
501.285853760,0,0,0
501.285854244,0,1,0
501.285855390,1,1,0
501.424460772,1,0,0
501.424463702,1,0,1
501.424463868,0,0,1
501.563099602,0,0,0
501.563101268,0,1,0
501.563102248,1,1,0
501.701708542,1,1,1
501.701708856,1,0,1
501.701710662,0,0,1
501.840346442,0,0,0
501.840347414,0,1,0
501.840349046,1,1,0
501.978955382,1,1,1
501.978956880,1,0,1
501.978957522,0,0,1
502.117563438,0,1,1
502.117565284,0,1,0
502.117565904,1,1,0
502.256171964,1,0,0
502.256172222,1,0,1
502.256174318,0,0,1
502.394780460,0,1,1
502.394781124,0,1,0
502.394782700,1,1,0
502.533388050,1,0,0
502.533389064,1,0,1
502.533390114,0,0,1
502.671996544,0,1,1
502.671996964,0,1,0
502.671998498,1,1,0
502.810604904,1,1,1
502.810605136,1,0,1
502.810606910,0,0,1
502.949212568,0,1,1
502.949212742,0,1,0
502.949215354,1,1,0
503.087821746,1,1,1
503.087822158,1,0,1
503.087823768,0,0,1
503.226430706,0,0,0
503.226431716,0,1,0
503.226432214,1,1,0
503.365038584,1,1,1
503.365039242,1,0,1
503.365039628,0,0,1
503.503677548,0,0,0
503.503677738,0,1,0
503.503678948,1,1,0
503.642285388,1,0,0
503.642285426,1,0,1
503.642287424,0,0,1
503.780893822,0,1,1
503.780894386,0,1,0
503.780895868,1,1,0
503.919501412,1,0,0
503.919502264,1,0,1
503.919503280,0,0,1
504.058110228,0,0,0
504.058110906,0,1,0
504.058111662,1,1,0
504.196717496,1,0,0
504.196719104,1,0,1
504.196720078,0,0,1
504.335388004,0,0,0
504.335388990,0,1,0
504.335389460,1,1,0
504.473995580,1,0,0
504.473996006,1,0,1
504.473997872,0,0,1
504.612604846,0,0,0
504.612605012,0,1,0
504.612606254,1,1,0
504.751242540,1,0,0
504.751242784,1,0,1
504.751244730,0,0,1
504.889851098,0,1,1
504.889851686,0,1,0
504.889853110,1,1,0
505.028458686,1,0,0
505.028459686,1,0,1
505.028461524,0,0,1
505.167066180,0,1,1
505.167067586,0,1,0
505.167068906,1,1,0
505.305674714,1,1,1
505.305674770,1,0,1
505.305677382,0,0,1
505.444285204,0,1,1
505.444285426,0,1,0
505.444285702,1,1,0
505.582892304,1,1,1
505.582892792,1,0,1
505.582894180,0,0,1
505.721529350,0,1,1
505.721531516,0,1,0
505.721532560,1,1,0
505.860138144,1,1,1
505.860139874,1,0,1
505.860140972,0,0,1
505.998747168,0,0,0
505.998747370,0,1,0
505.998749418,1,1,0
506.137385044,1,1,1
506.137385958,1,0,1
506.137387830,0,0,1
506.275993946,0,0,0
506.275994392,0,1,0
506.275996212,1,1,0
506.414602884,1,1,1
506.414602982,1,0,1
506.414604626,0,0,1
506.553210474,0,1,1
506.553211784,0,1,0
506.553213006,1,1,0
506.691850002,1,0,0
506.691850662,1,0,1
506.691851482,0,0,1
506.830457686,0,0,0
506.830458560,0,1,0
506.830459864,1,1,0
506.969065148,1,0,0
506.969065564,1,0,1
506.969068276,0,0,1
507.107675524,0,0,0
507.107675642,0,1,0
507.107676660,1,1,0
507.246283232,1,0,0
507.246284402,1,0,1
507.246285134,0,0,1
507.384890364,0,0,0
507.384891664,0,1,0
507.384892516,1,1,0
507.523498252,1,0,0
507.523500242,1,0,1
507.523500928,0,0,1
507.662138204,0,0,0
507.662138810,0,1,0
507.662140310,1,1,0
507.800746080,1,1,1
507.800746334,1,0,1
507.800747786,0,0,1
507.939384980,0,0,0
507.939385830,0,1,0
507.939387168,1,1,0
508.077992918,1,1,1
508.077995418,1,0,1
508.077995642,0,0,1
508.216601912,0,1,1
508.216602880,0,1,0
508.216603960,1,1,0
508.355208758,1,1,1
508.355209502,1,0,1
508.355211438,0,0,1
508.493817934,0,1,1
508.493818720,0,1,0
508.493819818,1,1,0
508.632425596,1,1,1
508.632426520,1,0,1
508.632428232,0,0,1
508.771034558,0,0,0
508.771035016,0,1,0
508.771036674,1,1,0
508.909672496,1,1,1
508.909673604,1,0,1
508.909675086,0,0,1
509.048280396,0,0,0
509.048281098,0,1,0
509.048283404,1,1,0
509.186890336,1,1,1
509.186890688,1,0,1
509.186891942,0,0,1
509.325498120,0,1,1
509.325499234,0,1,0
509.325500324,1,1,0
509.464137174,1,1,1
509.464137768,1,0,1
509.464138674,0,0,1
509.602776074,0,0,0
509.602776264,0,1,0
509.602777120,1,1,0
509.741383012,1,1,1
509.741383790,1,0,1
509.741385530,0,0,1
509.879991912,0,0,0
509.879993346,0,1,0
509.879993910,1,1,0
510.018630810,1,0,0
510.018631852,1,0,1
510.018633386,0,0,1
510.157238750,0,0,0
510.157239428,0,1,0
510.157240768,1,1,0
510.295846890,1,0,0
510.295847752,1,0,1
510.295849180,0,0,1
510.434456386,0,1,1
510.434456588,0,1,0
510.434457498,1,1,0
510.573063526,1,1,1
510.573064038,1,0,1
510.573065972,0,0,1
510.711673468,0,1,1
510.711673488,0,1,0
510.711674354,1,1,0
510.850280366,1,1,1
510.850282056,1,0,1
510.850282830,0,0,1
510.988887550,0,1,1
510.988889326,0,1,0
510.988890210,1,1,0
511.127497202,1,1,1
511.127498138,1,0,1
511.127498622,0,0,1
511.266104570,0,1,1
511.266105164,0,1,0
511.266107064,1,1,0
511.404714040,1,1,1
511.404714158,1,0,1
511.404715416,0,0,1
511.543321652,0,1,1
511.543322002,0,1,0
511.543323858,1,1,0
511.681959878,1,1,1
511.681961240,1,0,1
511.681962270,0,0,1
511.820568734,0,1,1
511.820568840,0,1,0
511.820570714,1,1,0
511.959177714,1,1,1
511.959178322,1,0,1
511.959179064,0,0,1
512.097785676,0,0,0
512.097786754,0,1,0
512.097787506,1,1,0
512.236392342,1,0,0
512.236393552,1,0,1
512.236394918,0,0,1
512.375000896,0,1,1
512.375001514,0,1,0
512.375003362,1,1,0
512.513640390,1,1,1
512.513640422,1,0,1
512.513642710,0,0,1
512.652248916,0,1,1
512.652250352,0,1,0
512.652251154,1,1,0
512.790856504,1,0,0
512.790857228,1,0,1
512.790858504,0,0,1
512.929465188,0,0,0
512.929466060,0,1,0
512.929466946,1,1,0
513.068073522,1,0,0
513.068074126,1,0,1
513.068075358,0,0,1
513.206681026,0,0,0
513.206683078,0,1,0
513.206683802,1,1,0
513.345320604,1,0,0
513.345320902,1,0,1
513.345322214,0,0,1
513.483959926,0,0,0
513.483960098,0,1,0
513.483961594,1,1,0
513.622597684,1,0,0
513.622598802,1,0,1
513.622600008,0,0,1
513.761206178,0,1,1
513.761206762,0,1,0
513.761208386,1,1,0
513.899814766,1,0,0
513.899815638,1,0,1
513.899816860,0,0,1
514.038422196,0,1,1
514.038422410,0,1,0
514.038424240,1,1,0
514.177031162,1,1,1
514.177031846,1,0,1
514.177032654,0,0,1
514.315670436,0,0,0
514.315671340,0,1,0
514.315672032,1,1,0
514.454277310,1,1,1
514.454277864,1,0,1
514.454280508,0,0,1
514.592886270,0,0,0
514.592887358,0,1,0
514.592887824,1,1,0
514.731494946,1,0,0
514.731495148,1,0,1
514.731496300,0,0,1
514.870102438,0,1,1
514.870103108,0,1,0
514.870104740,1,1,0
515.008711046,1,1,1
515.008712026,1,0,1
515.008713154,0,0,1
515.147319456,0,1,1
515.147319944,0,1,0
515.147321534,1,1,0
515.285927884,1,1,1
515.285928044,1,0,1
515.285929944,0,0,1
515.424535600,0,1,1
515.424536780,0,1,0
515.424537386,1,1,0
515.563143656,1,1,1
515.563145124,1,0,1
515.563145736,0,0,1
515.701751556,0,0,0
515.701752678,0,1,0
515.701754178,1,1,0
515.840359554,1,1,1
515.840361142,1,0,1
515.840362528,0,0,1
515.978969516,0,0,0
515.978970696,0,1,0
515.978970970,1,1,0
516.117577222,1,0,0
516.117578392,1,0,1
516.117579444,0,0,1
516.256184350,0,0,0
516.256184776,0,1,0
516.256186824,1,1,0
516.394793240,1,0,0
516.394794226,1,0,1
516.394795236,0,0,1
516.533431858,0,1,1
516.533434188,0,1,0
516.533434616,1,1,0
516.672040062,1,1,1
516.672040380,1,0,1
516.672042088,0,0,1
516.810648022,0,0,0
516.810648874,0,1,0
516.810650470,1,1,0
516.949256398,1,0,0
516.949256898,1,0,1
516.949258880,0,0,1
517.087865858,0,0,0
517.087865952,0,1,0
517.087867196,1,1,0
517.226473672,1,1,1
517.226475540,1,0,1
517.226475672,0,0,1
517.365143034,0,1,1
517.365143632,0,1,0
517.365145052,1,1,0
517.503751568,1,1,1
517.503752496,1,0,1
517.503753462,0,0,1
517.642358468,0,0,0
517.642359112,0,1,0
517.642360904,1,1,0
517.780997636,1,0,0
517.780999466,1,0,1
517.781000316,0,0,1
517.919607192,0,1,1
517.919607366,0,1,0
517.919608694,1,1,0
518.058213240,1,1,1
518.058214716,1,0,1
518.058216108,0,0,1
518.196823200,0,0,0
518.196823270,0,1,0
518.196824548,1,1,0
518.335430138,1,1,1
518.335431732,1,0,1
518.335432960,0,0,1
518.474039098,0,0,0
518.474039288,0,1,0
518.474041338,1,1,0
518.612647974,1,1,1
518.612648812,1,0,1
518.612649814,0,0,1
518.751257304,0,1,1
518.751257934,0,1,0
518.751258192,1,1,0
518.889862828,1,0,0
518.889863808,1,0,1
518.889865666,0,0,1
519.028471382,0,1,1
519.028473706,0,1,0
519.028473982,1,1,0
519.167079970,1,0,0
519.167081642,1,0,1
519.167082454,0,0,1
519.305688542,0,0,0
519.305689398,0,1,0
519.305690774,1,1,0
519.444297986,1,0,0
519.444298414,1,0,1
519.444299246,0,0,1
519.582905374,0,0,0
519.582906478,0,1,0
519.582907688,1,1,0
519.721513064,1,0,0
519.721513376,1,0,1
519.721515036,0,0,1
519.860121274,0,0,0
519.860121558,0,1,0
519.860123478,1,1,0
519.998730142,1,0,0
519.998730146,1,0,1
519.998731890,0,0,1
520.137337698,0,1,1
520.137338044,0,1,0
520.137340268,1,1,0
520.275946160,1,0,0
520.275947046,1,0,1
520.275948678,0,0,1
520.414554942,0,0,0
520.414555714,0,1,0
520.414557120,1,1,0
520.553163236,1,0,0
520.553163878,1,0,1
520.553165468,0,0,1
520.691801792,0,1,1
520.691802714,0,1,0
520.691803910,1,1,0
520.830409714,1,1,1
520.830410314,1,0,1
520.830412320,0,0,1
520.969018610,0,0,0
520.969018870,0,1,0
520.969020762,1,1,0
521.107625548,1,1,1
521.107626392,1,0,1
521.107628110,0,0,1
521.246234508,0,0,0
521.246234886,0,1,0
521.246236550,1,1,0
521.384842382,1,1,1
521.384843410,1,0,1
521.384844962,0,0,1
521.523481024,0,1,1
521.523481278,0,1,0
521.523483402,1,1,0
521.662120486,1,0,0
521.662121216,1,0,1
521.662122814,0,0,1
521.800728978,0,1,1
521.800730114,0,1,0
521.800731192,1,1,0
521.939335564,1,0,0
521.939338050,1,0,1
521.939338602,0,0,1
522.077944008,0,0,0
522.077946118,0,1,0
522.077946982,1,1,0
522.216552580,1,0,0
522.216553884,1,0,1
522.216555392,0,0,1
522.355161656,0,0,0
522.355163134,0,1,0
522.355163832,1,1,0
522.493769656,1,0,0
522.493770404,1,0,1
522.493772242,0,0,1
522.632439616,0,0,0
522.632440148,0,1,0
522.632441622,1,1,0
522.771047552,1,1,1
522.771048732,1,0,1
522.771050096,0,0,1
522.909716226,0,1,1
522.909716508,0,1,0
522.909718472,1,1,0
523.048324748,1,0,0
523.048325384,1,0,1
523.048326882,0,0,1
523.186964342,0,0,0
523.186965302,0,1,0
523.186966260,1,1,0
523.325572218,1,1,1
523.325572824,1,0,1
523.325573670,0,0,1
523.464211176,0,0,0
523.464212378,0,1,0
523.464213112,1,1,0
523.602819050,1,1,1
523.602819902,1,0,1
523.602821522,0,0,1
523.741426456,0,1,1
523.741427010,0,1,0
523.741428900,1,1,0
523.880034884,1,1,1
523.880036916,1,0,1
523.880037312,0,0,1
524.018642904,0,0,0
524.018643532,0,1,0
524.018645752,1,1,0
524.157282716,1,1,1
524.157284056,1,0,1
524.157285162,0,0,1
524.295921546,0,1,1
524.295921674,0,1,0
524.295923600,1,1,0
524.434530612,1,1,1
524.434531070,1,0,1
524.434532012,0,0,1
524.573138508,0,0,0
524.573138560,0,1,0
524.573140390,1,1,0
524.711746146,1,0,0
524.711746446,1,0,1
524.711747800,0,0,1
524.850353404,0,0,0
524.850355700,0,1,0
524.850356240,1,1,0
524.988962222,1,0,0
524.988963278,1,0,1
524.988964588,0,0,1
525.127570236,0,0,0
525.127571776,0,1,0
525.127573028,1,1,0
525.266179236,1,0,0
525.266180110,1,0,1
525.266181376,0,0,1
525.404787792,0,1,1
525.404788006,0,1,0
525.404789816,1,1,0
525.543426314,1,0,0
525.543426942,1,0,1
525.543428226,0,0,1
525.682034838,0,0,0
525.682034866,0,1,0
525.682036604,1,1,0
525.820643390,1,0,0
525.820643774,1,0,1
525.820645012,0,0,1
525.959281732,0,0,0
525.959281942,0,1,0
525.959283516,1,1,0
526.097889606,1,1,1
526.097890402,1,0,1
526.097891862,0,0,1
526.236498018,0,1,1
526.236498628,0,1,0
526.236500304,1,1,0
526.375106438,1,1,1
526.375107478,1,0,1
526.375108650,0,0,1
526.513714398,0,0,0
526.513715032,0,1,0
526.513716090,1,1,0
526.652353272,1,1,1
526.652354554,1,0,1
526.652355502,0,0,1
526.790962108,0,1,1
526.790962228,0,1,0
526.790963940,1,1,0
526.929569102,1,1,1
526.929569628,1,0,1
526.929571350,0,0,1
527.068178062,0,0,0
527.068178120,0,1,0
527.068179726,1,1,0
527.206785704,1,0,0
527.206786936,1,0,1
527.206788200,0,0,1
527.345394894,0,0,0
527.345395196,0,1,0
527.345396576,1,1,0
527.484003718,1,0,0
527.484003766,1,0,1
527.484004986,0,0,1
527.622641270,0,1,1
527.622641724,0,1,0
527.622643364,1,1,0
527.761249794,1,0,0
527.761250662,1,0,1
527.761251772,0,0,1
527.899858284,0,1,1
527.899858556,0,1,0
527.899860150,1,1,0
528.038465870,1,0,0
528.038466430,1,0,1
528.038468620,0,0,1
528.177073390,0,0,0
528.177074360,0,1,0
528.177076000,1,1,0
528.315682008,1,0,0
528.315682326,1,0,1
528.315684408,0,0,1
528.454290220,0,0,0
528.454290434,0,1,0
528.454292786,1,1,0
528.592900020,1,0,0
528.592900156,1,0,1
528.592901258,0,0,1
528.731507508,0,1,1
528.731508052,0,1,0
528.731509634,1,1,0
528.870116050,1,1,1
528.870117094,1,0,1
528.870118044,0,0,1
529.008723772,0,1,1
529.008724882,0,1,0
529.008726420,1,1,0
529.147331820,1,1,1
529.147333106,1,0,1
529.147333830,0,0,1
529.285940596,0,1,1
529.285940714,0,1,0
529.285942270,1,1,0
529.424548650,1,1,1
529.424549118,1,0,1
529.424550680,0,0,1
529.563187546,0,0,0
529.563187796,0,1,0
529.563189120,1,1,0
529.701795130,1,0,0
529.701796482,1,0,1
529.701797466,0,0,1
529.840403376,0,0,0
529.840404746,0,1,0
529.840405904,1,1,0
529.979012312,1,1,1
529.979014268,1,0,1
529.979014314,0,0,1
530.117621270,0,0,0
530.117621822,0,1,0
530.117622690,1,1,0
530.256229142,1,1,1
530.256229592,1,0,1
530.256231162,0,0,1
530.394896834,0,1,1
530.394898100,0,1,0
530.394899478,1,1,0
530.533505418,1,0,0
530.533505660,1,0,1
530.533507946,0,0,1
530.672113932,0,0,0
530.672114782,0,1,0
530.672116324,1,1,0
530.810753680,1,1,1
530.810754678,1,0,1
530.810755732,0,0,1
530.949360982,0,1,1
530.949361762,0,1,0
530.949363108,1,1,0
531.087969502,1,0,0
531.087970696,1,0,1
531.087971580,0,0,1
531.226577654,0,0,0
531.226578744,0,1,0
531.226579896,1,1,0
531.365187138,1,0,0
531.365187528,1,0,1
531.365188366,0,0,1
531.503795130,0,1,1
531.503795484,0,1,0
531.503796806,1,1,0
531.642403358,1,1,1
531.642403588,1,0,1
531.642405154,0,0,1
531.781010142,0,1,1
531.781011316,0,1,0
531.781012590,1,1,0
531.919618662,1,0,0
531.919619126,1,0,1
531.919620938,0,0,1
532.058227146,0,0,0
532.058228216,0,1,0
532.058229438,1,1,0
532.196835736,1,0,0
532.196836018,1,0,1
532.196837846,0,0,1
532.335443914,0,0,0
532.335444288,0,1,0
532.335446286,1,1,0
532.474052810,1,0,0
532.474052910,1,0,1
532.474054632,0,0,1
532.612659806,0,0,0
532.612660362,0,1,0
532.612662008,1,1,0
532.751268678,1,1,1
532.751269882,1,0,1
532.751270480,0,0,1
532.889876374,0,1,1
532.889877634,0,1,0
532.889878792,1,1,0
533.028483956,1,0,0
533.028486570,1,0,1
533.028487266,0,0,1
533.167123446,0,1,1
533.167124466,0,1,0
533.167125640,1,1,0
533.305762338,1,1,1
533.305762966,1,0,1
533.305765048,0,0,1
533.444370520,0,1,1
533.444371296,0,1,0
533.444372486,1,1,0
533.582978228,1,1,1
533.582979978,1,0,1
533.582980834,0,0,1
533.721587530,0,1,1
533.721588188,0,1,0
533.721589272,1,1,0
533.860196060,1,1,1
533.860196114,1,0,1
533.860197742,0,0,1
533.998804604,0,1,1
533.998804954,0,1,0
533.998806118,1,1,0
534.137412126,1,0,0
534.137412888,1,0,1
534.137414528,0,0,1
534.276050676,0,1,1
534.276051846,0,1,0
534.276052902,1,1,0
534.414689136,1,0,0
534.414689656,1,0,1
534.414691312,0,0,1
534.553296676,0,0,0
534.553296686,0,1,0
534.553299748,1,1,0
534.691937270,1,0,0
534.691937546,1,0,1
534.691939096,0,0,1
534.830575442,0,0,0
534.830575758,0,1,0
534.830577534,1,1,0
534.969213376,1,1,1
534.969214342,1,0,1
534.969216002,0,0,1
535.107821770,0,1,1
535.107822270,0,1,0
535.107824318,1,1,0
535.246431206,1,1,1
535.246431352,1,0,1
535.246432788,0,0,1
535.385038100,0,0,0
535.385039842,0,1,0
535.385041162,1,1,0
535.523647034,1,1,1
535.523647424,1,0,1
535.523649632,0,0,1
535.662316914,0,1,1
535.662317992,0,1,0
535.662319010,1,1,0
535.800923498,1,0,0
535.800924926,1,0,1
535.800926356,0,0,1
535.939532986,0,1,1
535.939533820,0,1,0
535.939534792,1,1,0
536.078141570,1,0,0
536.078141692,1,0,1
536.078143262,0,0,1
536.216749058,0,1,1
536.216749648,0,1,0
536.216751576,1,1,0
536.355357522,1,1,1
536.355358580,1,0,1
536.355360046,0,0,1
536.493966068,0,1,1
536.493967478,0,1,0
536.493968422,1,1,0
536.632573412,1,1,1
536.632574650,1,0,1
536.632575828,0,0,1
536.771182244,0,0,0
536.771183076,0,1,0
536.771184204,1,1,0
536.909821240,1,1,1
536.909821722,1,0,1
536.909823674,0,0,1
537.048429134,0,0,0
537.048429212,0,1,0
537.048430988,1,1,0
537.187068794,1,0,0
537.187069068,1,0,1
537.187070458,0,0,1
537.325675962,0,0,0
537.325678284,0,1,0
537.325678832,1,1,0
537.464285804,1,0,0
537.464285898,1,0,1
537.464287304,0,0,1
537.602892792,0,0,0
537.602893292,0,1,0
537.602894616,1,1,0
537.741500726,1,1,1
537.741501874,1,0,1
537.741503086,0,0,1
537.880108620,0,0,0
537.880110364,0,1,0
537.880111462,1,1,0
538.018718554,1,1,1
538.018718946,1,0,1
538.018719870,0,0,1
538.157355448,0,0,0
538.157356434,0,1,0
538.157358244,1,1,0
538.295963956,1,0,0
538.295965380,1,0,1
538.295966714,0,0,1
538.434603338,0,0,0
538.434604508,0,1,0
538.434605090,1,1,0
538.573211272,1,1,1
538.573212026,1,0,1
538.573213560,0,0,1
538.711820164,0,0,0
538.711820578,0,1,0
538.711821872,1,1,0
538.850427786,1,1,1
538.850429096,1,0,1
538.850430342,0,0,1
538.989036556,0,0,0
538.989037586,0,1,0
538.989038716,1,1,0
539.127674864,1,1,1
539.127676168,1,0,1
539.127677186,0,0,1
539.266283658,0,1,1
539.266283822,0,1,0
539.266285498,1,1,0
539.404921756,1,1,1
539.404922176,1,0,1
539.404923906,0,0,1
539.543530648,0,0,0
539.543530726,0,1,0
539.543532344,1,1,0
539.682139310,1,0,0
539.682139584,1,0,1
539.682140814,0,0,1
539.820747476,0,0,0
539.820747736,0,1,0
539.820749186,1,1,0
539.959356318,1,0,0
539.959356408,1,0,1
539.959357596,0,0,1
540.097994302,0,0,0
540.097994806,0,1,0
540.097995968,1,1,0
540.236602236,1,1,1
540.236603388,1,0,1
540.236604378,0,0,1
540.375211132,0,0,0
540.375211876,0,1,0
540.375212814,1,1,0
540.513819064,1,1,1
540.513819458,1,0,1
540.513821220,0,0,1
540.652457884,0,1,1
540.652457958,0,1,0
540.652459596,1,1,0
540.791066466,1,0,0
540.791066892,1,0,1
540.791067940,0,0,1
540.929704784,0,0,0
540.929705016,0,1,0
540.929706378,1,1,0
541.068312474,1,0,0
541.068313718,1,0,1
541.068314784,0,0,1
541.206921612,0,0,0
541.206922086,0,1,0
541.206923222,1,1,0
541.345529608,1,1,1
541.345530542,1,0,1
541.345531630,0,0,1
541.484137094,0,1,1
541.484137438,0,1,0
541.484139066,1,1,0
541.622745372,1,1,1
541.622745676,1,0,1
541.622747472,0,0,1
541.761354164,0,1,1
541.761354266,0,1,0
541.761355784,1,1,0
541.899962684,1,0,0
541.899963198,1,0,1
541.899964316,0,0,1
542.038571154,0,0,0
542.038571170,0,1,0
542.038572692,1,1,0
542.177179752,1,0,0
542.177180024,1,0,1
542.177181034,0,0,1
542.315787178,0,1,1
542.315787982,0,1,0
542.315789410,1,1,0
542.454393760,1,0,0
542.454394852,1,0,1
542.454396878,0,0,1
542.593033808,0,0,0
542.593034248,0,1,0
542.593036252,1,1,0
542.731642678,1,1,1
542.731642830,1,0,1
542.731644660,0,0,1
542.870280572,0,0,0
542.870282318,0,1,0
542.870283096,1,1,0
543.008889898,1,0,0
543.008890568,1,0,1
543.008891502,0,0,1
543.147527460,0,0,0
543.147528386,0,1,0
543.147529878,1,1,0
543.286135968,1,0,0
543.286136394,1,0,1
543.286138282,0,0,1
543.424744286,0,0,0
543.424745456,0,1,0
543.424746722,1,1,0
543.563383218,1,1,1
543.563383974,1,0,1
543.563385064,0,0,1
543.702021526,0,1,1
543.702023114,0,1,0
543.702024502,1,1,0
543.840630044,1,0,0
543.840630108,1,0,1
543.840631908,0,0,1
543.979269532,0,1,1
543.979270002,0,1,0
543.979271282,1,1,0
544.117907872,1,1,1
544.117908114,1,0,1
544.117909752,0,0,1
544.256516826,0,0,0
544.256517600,0,1,0
544.256518126,1,1,0
544.395124696,1,1,1
544.395125180,1,0,1
544.395126594,0,0,1
544.533732608,0,1,1
544.533732652,0,1,0
544.533734904,1,1,0
544.672340188,1,0,0
544.672340522,1,0,1
544.672342374,0,0,1
544.810948478,0,0,0
544.810948738,0,1,0
544.810950812,1,1,0
544.949556286,1,1,1
544.949557256,1,0,1
544.949559154,0,0,1
545.088165806,0,1,1
545.088166302,0,1,0
545.088167528,1,1,0
545.226774174,1,1,1
545.226774326,1,0,1
545.226775996,0,0,1
545.365381812,0,1,1
545.365383128,0,1,0
545.365384372,1,1,0
545.503990270,1,0,0
545.503991000,1,0,1
545.503991776,0,0,1
545.642629882,0,1,1
545.642629954,0,1,0
545.642631214,1,1,0
545.781237400,1,0,0
545.781238886,1,0,1
545.781239558,0,0,1
545.919845780,0,0,0
545.919846888,0,1,0
545.919847994,1,1,0
546.058452712,1,1,1
546.058453406,1,0,1
546.058455398,0,0,1
546.197092604,0,0,0
546.197092956,0,1,0
546.197094836,1,1,0
546.335700474,1,0,0
546.335701536,1,0,1
546.335703178,0,0,1
546.474308024,0,1,1
546.474309430,0,1,0
546.474310616,1,1,0
546.612917362,1,1,1
546.612917542,1,0,1
546.612919022,0,0,1
546.751526254,0,0,0
546.751527092,0,1,0
546.751527396,1,1,0
546.890132186,1,1,1
546.890134610,1,0,1
546.890135800,0,0,1
547.028741160,0,1,1
547.028743080,0,1,0
547.028744236,1,1,0
547.167350678,1,0,0
547.167351012,1,0,1
547.167352644,0,0,1
547.305988228,0,1,1
547.305988902,0,1,0
547.305991016,1,1,0
547.444627746,1,0,0
547.444627836,1,0,1
547.444629422,0,0,1
547.583235728,0,0,0
547.583237234,0,1,0
547.583237858,1,1,0
547.721844662,1,1,1
547.721844750,1,0,1
547.721846264,0,0,1
547.860482300,0,1,1
547.860483552,0,1,0
547.860484574,1,1,0
547.999091486,1,1,1
547.999091818,1,0,1
547.999093042,0,0,1
548.137698378,0,0,0
548.137699368,0,1,0
548.137701480,1,1,0
548.276337886,1,0,0
548.276338310,1,0,1
548.276339886,0,0,1
548.414946266,0,0,0
548.414946436,0,1,0
548.414948260,1,1,0
548.553553892,1,0,0
548.553555196,1,0,1
548.553556664,0,0,1
548.692163440,0,1,1
548.692164026,0,1,0
548.692165100,1,1,0
548.830771898,1,0,0
548.830772022,1,0,1
548.830773506,0,0,1
548.969379850,0,0,0
548.969380508,0,1,0
548.969381880,1,1,0
549.107986846,1,1,1
549.107987028,1,0,1
549.107989286,0,0,1
549.246595576,0,1,1
549.246596676,0,1,0
549.246597720,1,1,0
549.385204030,1,0,0
549.385204670,1,0,1
549.385206064,0,0,1
549.523813562,0,0,0
549.523813580,0,1,0
549.523814500,1,1,0
549.662421162,1,0,0
549.662422432,1,0,1
549.662422906,0,0,1
549.801028648,0,1,1
549.801030386,0,1,0
549.801031342,1,1,0
549.939668166,1,0,0
549.939668318,1,0,1
549.939669746,0,0,1
550.078305714,0,1,1
550.078306210,0,1,0
550.078308120,1,1,0
550.216913170,1,0,0
550.216914142,1,0,1
550.216916588,0,0,1
550.355523034,0,0,0
550.355523720,0,1,0
550.355524962,1,1,0
550.494132236,1,0,0
550.494132966,1,0,1
550.494133304,0,0,1
550.632738920,0,0,0
550.632740848,0,1,0
550.632741738,1,1,0
550.771348366,1,0,0
550.771348790,1,0,1
550.771350144,0,0,1
550.909985682,0,0,0
550.909986852,0,1,0
550.909988580,1,1,0
551.048594370,1,0,0
551.048595614,1,0,1
551.048596984,0,0,1
551.187233504,0,0,0
551.187233918,0,1,0
551.187235420,1,1,0
551.325841500,1,1,1
551.325842438,1,0,1
551.325843764,0,0,1
551.464511390,0,0,0
551.464511986,0,1,0
551.464513138,1,1,0
551.603119260,1,1,1
551.603119504,1,0,1
551.603121604,0,0,1
551.741726216,0,0,0
551.741727990,0,1,0
551.741728978,1,1,0
551.880366086,1,1,1
551.880366570,1,0,1
551.880368382,0,0,1
552.018975056,0,1,1
552.018976038,0,1,0
552.018976756,1,1,0
552.157612908,1,1,1
552.157613574,1,0,1
552.157615160,0,0,1
552.296221060,0,1,1
552.296221862,0,1,0
552.296223534,1,1,0
552.434860640,1,0,0
552.434860732,1,0,1
552.434862000,0,0,1
552.573467126,0,1,1
552.573468624,0,1,0
552.573470374,1,1,0
552.712075554,1,1,1
552.712076642,1,0,1
552.712078780,0,0,1
552.850684508,0,0,0
552.850686192,0,1,0
552.850687214,1,1,0
552.989293378,1,1,1
552.989293772,1,0,1
552.989295620,0,0,1
553.127900330,0,0,0
553.127902258,0,1,0
553.127902992,1,1,0
553.266509838,1,0,0
553.266510200,1,0,1
553.266511396,0,0,1
553.405148218,0,0,0
553.405149324,0,1,0
553.405150770,1,1,0
553.543756842,1,0,0
553.543758086,1,0,1
553.543758236,0,0,1
553.682396390,0,1,1
553.682396978,0,1,0
553.682397608,1,1,0
553.821003844,1,0,0
553.821004846,1,0,1
553.821006014,0,0,1
553.959611862,0,0,0
553.959612392,0,1,0
553.959613448,1,1,0
554.098220732,1,1,1
554.098220910,1,0,1
554.098221854,0,0,1
554.236827684,0,0,0
554.236828458,0,1,0
554.236830226,1,1,0
554.375436492,1,1,1
554.375436976,1,0,1
554.375438692,0,0,1
554.514045462,0,1,1
554.514045508,0,1,0
554.514047066,1,1,0
554.652653376,1,1,1
554.652654040,1,0,1
554.652655470,0,0,1
554.791261526,0,1,1
554.791263330,0,1,0
554.791263782,1,1,0
554.929869106,1,0,0
554.929870200,1,0,1
554.929871310,0,0,1
555.068476530,0,1,1
555.068478152,0,1,0
555.068479618,1,1,0
555.207086084,1,1,1
555.207086108,1,0,1
555.207088086,0,0,1
555.345694656,0,1,1
555.345694976,0,1,0
555.345696460,1,1,0
555.484332844,1,1,1
555.484333176,1,0,1
555.484334864,0,0,1
555.622941660,0,1,1
555.622941674,0,1,0
555.622943236,1,1,0
555.761580238,1,0,0
555.761580728,1,0,1
555.761581764,0,0,1
555.900187724,0,1,1
555.900188620,0,1,0
555.900190012,1,1,0
556.038796304,1,0,0
556.038797550,1,0,1
556.038798478,0,0,1
556.177404788,0,1,1
556.177405442,0,1,0
556.177406850,1,1,0
556.316012306,1,0,0
556.316013372,1,0,1
556.316015316,0,0,1
556.454620792,0,1,1
556.454622264,0,1,0
556.454623690,1,1,0
556.593259194,1,1,1
556.593259370,1,0,1
556.593262092,0,0,1
556.731898086,0,0,0
556.731898856,0,1,0
556.731900530,1,1,0
556.870598434,1,0,0
556.870599016,1,0,1
556.870600932,0,0,1
557.009298858,0,1,1
557.009298906,0,1,0
557.009300242,1,1,0
557.147998838,1,1,1
557.147999436,1,0,1
557.148000708,0,0,1
557.286697984,0,1,1
557.286698790,0,1,0
557.286700080,1,1,0
557.425396660,1,1,1
557.425397562,1,0,1
557.425399546,0,0,1
557.564097550,0,0,0
557.564097986,0,1,0
557.564099856,1,1,0
557.702797480,1,1,1
557.702797564,1,0,1
557.702799320,0,0,1
557.841497434,0,0,0
557.841498112,0,1,0
557.841499694,1,1,0
557.980196628,1,0,0
557.980197240,1,0,1
557.980199036,0,0,1
558.118896194,0,0,0
558.118897112,0,1,0
558.118898470,1,1,0
558.257597124,1,1,1
558.257597692,1,0,1
558.257598934,0,0,1
558.396296176,0,1,1
558.396297078,0,1,0
558.396298306,1,1,0
558.534995692,1,0,0
558.534995884,1,0,1
558.534997710,0,0,1
558.673696176,0,1,1
558.673696900,0,1,0
558.673698144,1,1,0
558.812426704,1,1,1
558.812427756,1,0,1
558.812428486,0,0,1
558.951125240,0,1,1
558.951125658,0,1,0
558.951127920,1,1,0
559.089825652,1,1,1
559.089826818,1,0,1
559.089828386,0,0,1
559.228525542,0,0,0
559.228526304,0,1,0
559.228527694,1,1,0
559.367224820,1,0,0
559.367225410,1,0,1
559.367227098,0,0,1
559.505926304,0,1,1
559.505926364,0,1,0
559.505927534,1,1,0
559.644624882,1,0,0
559.644625232,1,0,1
559.644626938,0,0,1
559.783386368,0,1,1
559.783387184,0,1,0
559.783388308,1,1,0
559.922085114,1,1,1
559.922085946,1,0,1
559.922087774,0,0,1
560.060785366,0,1,1
560.060785944,0,1,0
560.060787020,1,1,0
560.199484874,1,1,1
560.199484946,1,0,1
560.199487550,0,0,1
560.338184430,0,1,1
560.338185828,0,1,0
560.338186920,1,1,0
560.476885070,1,0,0
560.476885632,1,0,1
560.476887322,0,0,1
560.615584494,0,1,1
560.615584586,0,1,0
560.615586694,1,1,0
560.754346008,1,0,0
560.754346516,1,0,1
560.754347100,0,0,1
560.893045406,0,0,0
560.893046554,0,1,0
560.893047468,1,1,0
561.031744134,1,0,0
561.031745340,1,0,1
561.031746938,0,0,1
561.170475618,0,1,1
561.170476290,0,1,0
561.170477306,1,1,0
561.309175134,1,0,0
561.309175158,1,0,1
561.309176710,0,0,1
561.447874680,0,1,1
561.447875112,0,1,0
561.447877144,1,1,0
561.586574258,1,0,0
561.586574978,1,0,1
561.586576548,0,0,1
561.725274680,0,1,1
561.725274932,0,1,0
561.725276918,1,1,0
561.863973800,1,1,1
561.863974258,1,0,1
561.863976320,0,0,1
562.002673742,0,1,1
562.002674752,0,1,0
562.002675754,1,1,0
562.141373620,1,1,1
562.141374258,1,0,1
562.141376094,0,0,1
562.280072804,0,1,1
562.280074574,0,1,0
562.280075528,1,1,0
562.418773320,1,0,0
562.418774502,1,0,1
562.418775932,0,0,1
562.557473394,0,0,0
562.557474868,0,1,0
562.557475304,1,1,0
562.696172382,1,0,0
562.696173262,1,0,1
562.696174706,0,0,1
562.834872866,0,1,1
562.834873214,0,1,0
562.834875140,1,1,0
562.973571696,1,0,0
562.973573144,1,0,1
562.973574542,0,0,1
563.112302866,0,1,1
563.112303034,0,1,0
563.112304978,1,1,0
563.251002444,1,0,0
563.251002904,1,0,1
563.251004380,0,0,1
563.389702928,0,1,1
563.389703792,0,1,0
563.389704750,1,1,0
563.528402222,1,1,1
563.528402504,1,0,1
563.528404090,0,0,1
563.667102674,0,0,0
563.667104052,0,1,0
563.667104588,1,1,0
563.805801604,1,1,1
563.805802566,1,0,1
563.805803926,0,0,1
563.944501556,0,0,0
563.944502052,0,1,0
563.944503298,1,1,0
564.083201362,1,1,1
564.083202566,1,0,1
564.083203764,0,0,1
564.221900052,0,1,1
564.221900316,0,1,0
564.221903134,1,1,0
564.360631878,1,0,0
564.360632182,1,0,1
564.360633538,0,0,1
564.499330112,0,1,1
564.499331136,0,1,0
564.499332972,1,1,0
564.638031066,1,1,1
564.638031690,1,0,1
564.638033374,0,0,1
564.776731674,0,1,1
564.776732744,1,1,1
564.776732956,1,1,0
564.915430822,1,1,1
564.915431688,1,0,1
564.915433146,0,0,1
565.054161838,0,0,0
565.054162236,0,1,0
565.054163518,1,1,0
565.192860812,1,0,0
565.192861704,1,0,1
565.192862920,0,0,1
565.331559598,0,0,0
565.331560796,0,1,0
565.331562354,1,1,0
565.470290526,1,1,1
565.470290812,1,0,1
565.470292756,0,0,1
565.608990414,0,0,0
565.608992232,0,1,0
565.608993128,1,1,0
565.747690810,1,0,0
565.747692344,1,0,1
565.747692530,0,0,1
565.886390298,0,0,0
565.886390356,0,1,0
565.886391962,1,1,0
566.025089934,1,0,0
566.025091164,1,0,1
566.025092364,0,0,1
566.163790354,0,1,1
566.163791054,0,1,0
566.163791736,1,1,0
566.302489984,1,1,1
566.302490744,1,0,1
566.302492138,0,0,1
566.441220874,0,0,0
566.441221102,0,1,0
566.441222510,1,1,0
566.579920802,1,1,1
566.579920930,1,0,1
566.579921974,0,0,1
566.718649692,0,0,0
566.718650476,0,1,0
566.718652344,1,1,0
566.857349622,1,1,1
566.857349992,1,0,1
566.857351810,0,0,1
566.996050538,0,1,1
566.996051512,0,1,0
566.996052180,1,1,0
567.134780052,1,0,0
567.134780380,1,0,1
567.134782520,0,0,1
567.273509534,0,1,1
567.273511394,0,1,0
567.273511952,1,1,0
567.412211112,1,0,0
567.412211262,1,0,1
567.412212354,0,0,1
567.550909596,0,1,1
567.550911152,0,1,0
567.550911724,1,1,0
567.689640110,1,0,0
567.689641080,1,0,1
567.689642190,0,0,1
567.828340970,0,0,0
567.828341656,0,1,0
567.828342496,1,1,0
567.967069172,1,0,0
567.967069962,1,0,1
567.967072024,0,0,1
568.105799788,0,0,0
568.105801654,0,1,0
568.105802330,1,1,0
568.244500230,1,0,0
568.244501718,1,0,1
568.244502734,0,0,1
568.383199670,0,0,0
568.383200714,0,1,0
568.383202166,1,1,0
568.521900230,1,0,0
568.521901600,1,0,1
568.521902506,0,0,1
568.660629774,0,1,1
568.660630488,0,1,0
568.660631940,1,1,0
568.799330290,1,0,0
568.799331418,1,0,1
568.799332340,0,0,1
568.938060772,0,1,1
568.938062306,0,1,0
568.938062710,1,1,0
569.076760236,1,1,1
569.076761348,1,0,1
569.076762176,0,0,1
569.215458832,0,1,1
569.215460188,0,1,0
569.215462482,1,1,0
569.354159994,1,1,1
569.354160346,1,0,1
569.354161948,0,0,1
569.492858830,0,1,1
569.492859944,0,1,0
569.492861380,1,1,0
569.631559406,1,0,0
569.631559876,1,0,1
569.631561720,0,0,1
569.770259762,0,0,0
569.770259952,0,1,0
569.770261088,1,1,0
569.909020466,1,0,0
569.909020692,1,0,1
569.909022490,0,0,1
570.047720520,0,0,0
570.047720886,0,1,0
570.047721922,1,1,0
570.186451510,1,1,1
570.186451526,1,0,1
570.186452386,0,0,1
570.325149400,0,0,0
570.325150008,0,1,0
570.325151756,1,1,0
570.463849266,1,1,1
570.463851460,1,0,1
570.463852158,0,0,1
570.602549216,0,0,0
570.602550004,0,1,0
570.602551528,1,1,0
570.741248148,1,1,1
570.741248582,1,0,1
570.741250928,0,0,1
570.879949034,0,0,0
570.879950064,0,1,0
570.879951360,1,1,0
571.018648578,1,0,0
571.018648964,1,0,1
571.018650762,0,0,1
571.157378790,0,0,0
571.157379122,0,1,0
571.157381132,1,1,0
571.296078636,1,0,0
571.296079782,1,0,1
571.296080534,0,0,1
571.434809734,0,0,0
571.434810182,0,1,0
571.434810902,1,1,0
571.573508634,1,0,0
571.573509598,1,0,1
571.573511304,0,0,1
571.712239550,0,0,0
571.712241176,0,1,0
571.712241736,1,1,0
571.850938230,1,1,1
571.850939754,1,0,1
571.850941076,0,0,1
571.989638236,0,1,1
571.989638368,0,1,0
571.989640506,1,1,0
572.128338860,1,1,1
572.128339812,1,0,1
572.128340970,0,0,1
572.267069358,0,1,1
572.267069684,0,1,0
572.267071278,1,1,0
572.405769052,1,1,1
572.405769746,1,0,1
572.405770740,0,0,1
572.544499292,0,1,1
572.544499940,0,1,0
572.544501110,1,1,0
572.683199804,1,0,0
572.683199870,1,0,1
572.683200510,0,0,1
572.821898350,0,1,1
572.821898758,0,1,0
572.821900942,1,1,0
572.960598686,1,1,1
572.960599926,1,0,1
572.960600282,0,0,1
573.099299406,0,1,1
573.099299638,0,1,0
573.099300714,1,1,0
573.237997860,1,0,0
573.237998442,1,0,1
573.238000114,0,0,1
573.376698392,0,0,0
573.376698404,0,1,0
573.376699484,1,1,0
573.515396980,1,0,0
573.515398320,1,0,1
573.515399886,0,0,1
573.654097272,0,0,0
573.654097462,0,1,0
573.654099318,1,1,0
573.792797138,1,1,1
573.792797976,1,0,1
573.792799720,0,0,1
573.931497028,0,0,0
573.931497520,0,1,0
573.931499088,1,1,0
574.070196096,1,0,0
574.070196954,1,0,1
574.070198488,0,0,1
574.208896842,0,0,0
574.208897514,0,1,0
574.208898920,1,1,0
574.347596772,1,1,1
574.347597092,1,0,1
574.347598322,0,0,1
574.486296636,0,1,1
574.486296722,0,1,0
574.486298626,1,1,0
574.624995588,1,1,1
574.624996086,1,0,1
574.624998090,0,0,1
574.763695476,0,0,0
574.763695568,0,1,0
574.763697524,1,1,0
574.902395206,1,0,0
574.902395404,1,0,1
574.902397924,0,0,1
575.041156688,0,1,1
575.041157294,0,1,0
575.041158292,1,1,0
575.179857220,1,1,1
575.179858200,1,0,1
575.179858692,0,0,1
575.318554684,0,1,1
575.318557172,0,1,0
575.318558062,1,1,0
575.457256036,1,1,1
575.457256196,1,0,1
575.457257526,0,0,1
575.595985988,0,0,0
575.595986804,0,1,0
575.595987832,1,1,0
575.734685854,1,1,1
575.734686254,1,0,1
575.734688296,0,0,1
575.873385738,0,1,1
575.873385740,0,1,0
575.873387664,1,1,0
576.012084312,1,0,0
576.012085670,1,0,1
576.012087064,0,0,1
576.150785620,0,0,0
576.150785854,0,1,0
576.150787434,1,1,0
576.289485306,1,0,0
576.289485486,1,0,1
576.289486896,0,0,1
576.428185436,0,0,0
576.428185850,0,1,0
576.428187326,1,1,0
576.566884300,1,1,1
576.566884424,1,0,1
576.566886664,0,0,1
576.705584314,0,0,0
576.705584846,0,1,0
576.705586034,1,1,0
576.844284118,1,1,1
576.844284420,1,0,1
576.844286498,0,0,1
576.982984068,0,0,0
576.982985804,1,0,0
576.982985964,1,1,0
577.121683996,1,1,1
577.121684478,1,0,1
577.121686264,0,0,1
577.260383822,0,0,0
577.260383958,0,1,0
577.260385634,1,1,0
577.399082472,1,0,0
577.399083748,1,0,1
577.399085098,0,0,1
577.537783698,0,0,0
577.537784016,0,1,0
577.537785404,1,1,0
577.676483528,1,0,0
577.676483626,1,0,1
577.676484866,0,0,1
577.815183010,0,1,1
577.815184514,0,1,0
577.815185234,1,1,0
577.953912586,1,0,0
577.953913442,1,0,1
577.953914636,0,0,1
578.092613066,0,1,1
578.092614330,0,1,0
578.092615064,1,1,0
578.231313196,1,1,1
578.231313640,1,0,1
578.231314528,0,0,1
578.370043060,0,1,1
578.370043146,0,1,0
578.370044772,1,1,0
578.508743634,1,0,0
578.508744010,1,0,1
578.508745234,0,0,1
578.647442178,0,1,1
578.647442960,0,1,0
578.647444666,1,1,0
578.786141692,1,0,0
578.786142888,1,0,1
578.786144066,0,0,1
578.924842172,0,1,1
578.924842776,0,1,0
578.924844432,1,1,0
579.063572748,1,0,0
579.063573702,1,0,1
579.063574834,0,0,1
579.202272228,0,1,1
579.202272654,0,1,0
579.202274200,1,1,0
579.340970740,1,0,0
579.340971456,1,0,1
579.340973664,0,0,1
579.479672404,0,0,0
579.479673284,0,1,0
579.479674032,1,1,0
579.618370796,1,0,0
579.618372332,1,0,1
579.618373432,0,0,1
579.757071278,0,1,1
579.757072282,0,1,0
579.757073862,1,1,0
579.895771146,1,1,1
579.895771852,1,0,1
579.895773262,0,0,1
580.034470394,0,1,1
580.034471034,0,1,0
580.034472566,1,1,0
580.173170846,1,0,0
580.173170960,1,0,1
580.173173030,0,0,1
580.311932348,0,0,0
580.311932388,0,1,0
580.311933398,1,1,0
580.450631588,1,1,1
580.450631900,1,0,1
580.450633796,0,0,1
580.589330724,0,0,0
580.589331382,0,1,0
580.589333290,1,1,0
580.728030588,1,1,1
580.728031956,1,0,1
580.728032564,0,0,1
580.866731498,0,1,1
580.866731540,0,1,0
580.866732994,1,1,0
581.005430466,1,1,1
581.005431010,1,0,1
581.005432392,0,0,1
581.144130492,0,1,1
581.144131290,0,1,0
581.144132824,1,1,0
581.282830216,1,1,1
581.282831066,1,0,1
581.282832224,0,0,1
581.421529484,0,1,1
581.421530166,0,1,0
581.421531592,1,1,0
581.560230094,1,1,1
581.560231058,1,0,1
581.560231990,0,0,1
581.698929600,0,1,1
581.698929980,0,1,0
581.698931420,1,1,0
581.837629846,1,1,1
581.837630176,1,0,1
581.837631758,0,0,1
581.976328794,0,0,0
581.976330594,0,1,0
581.976331186,1,1,0
582.115028106,1,0,0
582.115029658,1,0,1
582.115030648,0,0,1
582.253728650,0,1,1
582.253729606,0,1,0
582.253730954,1,1,0
582.392459160,1,0,0
582.392460534,1,0,1
582.392461414,0,0,1
582.531158640,0,1,1
582.531159420,0,1,0
582.531160846,1,1,0
582.669889214,1,0,0
582.669890348,1,0,1
582.669891182,0,0,1
582.808589234,0,0,0
582.808589696,0,1,0
582.808590548,1,1,0
582.947288098,1,1,1
582.947289268,1,0,1
582.947290948,0,0,1
583.085987748,0,1,1
583.085989048,0,1,0
583.085990378,1,1,0
583.224687974,1,1,1
583.224688260,1,0,1
583.224689776,0,0,1
583.363389740,0,1,1
583.363389860,0,1,0
583.363390206,1,1,0
583.502087724,1,1,1
583.502088316,1,0,1
583.502089604,0,0,1
583.640787674,0,0,0
583.640787794,0,1,0
583.640789910,1,1,0
583.779486306,1,0,0
583.779488600,1,0,1
583.779489434,0,0,1
583.918186912,0,1,1
583.918187486,0,1,0
583.918188738,1,1,0
584.056886412,1,1,1
584.056887422,1,0,1
584.056889138,0,0,1
584.195585840,0,1,1
584.195586362,0,1,0
584.195588568,1,1,0
584.334286162,1,1,1
584.334286414,1,0,1
584.334289030,0,0,1
584.472985956,0,1,1
584.472986176,0,1,0
584.472988332,1,1,0
584.611686038,1,1,1
584.611686468,1,0,1
584.611687732,0,0,1
584.750386948,0,1,1
584.750387988,0,1,0
584.750388162,1,1,0
584.889085520,1,0,0
584.889085850,1,0,1
584.889087500,0,0,1
585.027785064,0,1,1
585.027786800,0,1,0
585.027787926,1,1,0
585.166485512,1,0,0
585.166485662,1,0,1
585.166487388,0,0,1
585.305184550,0,0,0
585.305186054,0,1,0
585.305186756,1,1,0
585.443914474,1,1,1
585.443915564,1,0,1
585.443917154,0,0,1
585.582614424,0,0,0
585.582616044,0,1,0
585.582617520,1,1,0
585.721375288,1,1,1
585.721376618,1,0,1
585.721377920,0,0,1
585.860076098,0,1,1
585.860076174,0,1,0
585.860078348,1,1,0
585.998776100,1,1,1
585.998776672,1,0,1
585.998777684,0,0,1
586.137474088,0,1,1
586.137475048,0,1,0
586.137477052,1,1,0
586.276175662,1,0,0
586.276175912,1,0,1
586.276177514,0,0,1
586.414935862,0,0,0
586.414936142,0,1,0
586.414937880,1,1,0
586.553635716,1,0,0
586.553636724,1,0,1
586.553638278,0,0,1
586.692365194,0,1,1
586.692365672,0,1,0
586.692367708,1,1,0
586.831065598,1,1,1
586.831066768,1,0,1
586.831068106,0,0,1
586.969795484,0,0,0
586.969796248,0,1,0
586.969798472,1,1,0
587.108495410,1,1,1
587.108497758,1,0,1
587.108497870,0,0,1
587.247196358,0,0,0
587.247197300,0,1,0
587.247198298,1,1,0
587.385895222,1,1,1
587.385895812,1,0,1
587.385897698,0,0,1
587.524594352,0,1,1
587.524596108,0,1,0
587.524597064,1,1,0
587.663294864,1,0,0
587.663296032,1,0,1
587.663297524,0,0,1
587.801995342,0,1,1
587.801995918,0,1,0
587.801996890,1,1,0
587.940724852,1,0,0
587.940726846,1,0,1
587.940727290,0,0,1
588.079423856,0,0,0
588.079425394,0,1,0
588.079426656,1,1,0
588.218124656,1,1,1
588.218125968,1,0,1
588.218126992,0,0,1
588.356823416,0,0,0
588.356825448,0,1,0
588.356826422,1,1,0
588.495525466,1,1,1
588.495525958,1,0,1
588.495526818,0,0,1
588.634224040,0,0,0
588.634224436,0,1,0
588.634226246,1,1,0
588.772924010,1,0,0
588.772924216,1,0,1
588.772925646,0,0,1
588.911654226,0,0,0
588.911654488,0,1,0
588.911656074,1,1,0
589.050355000,1,0,0
589.050355090,1,0,1
589.050356472,0,0,1
589.189084974,0,0,0
589.189085476,0,1,0
589.189086838,1,1,0
589.327783900,1,1,1
589.327785050,1,0,1
589.327786236,0,0,1
589.466483592,0,1,1
589.466483786,0,1,0
589.466485602,1,1,0
589.605184712,1,1,1
589.605185038,1,0,1
589.605186000,0,0,1
589.743883580,0,1,1
589.743883660,0,1,0
589.743885428,1,1,0
589.882583584,1,1,1
589.882585154,1,0,1
589.882585826,0,0,1
590.021312570,0,1,1
590.021314468,0,1,0
590.021315194,1,1,0
590.160043332,1,1,1
590.160044142,1,0,1
590.160045588,0,0,1
590.298774684,0,1,1
590.298775280,0,1,0
590.298775956,1,1,0
590.437505194,1,0,0
590.437506142,1,0,1
590.437506416,0,0,1
590.576235672,0,1,1
590.576236092,0,1,0
590.576236780,1,1,0
590.714933014,1,1,1
590.714934182,1,0,1
590.714936178,0,0,1
590.853664900,0,0,0
590.853665724,0,1,0
590.853666608,1,1,0
590.992364296,1,0,0
590.992364826,1,0,1
590.992367004,0,0,1
591.131064650,0,0,0
591.131065774,0,1,0
591.131066370,1,1,0
591.269764284,1,0,0
591.269764574,1,0,1
591.269766832,0,0,1
591.408464522,0,0,0
591.408464762,0,1,0
591.408466132,1,1,0
591.547163334,1,0,0
591.547164446,1,0,1
591.547165530,0,0,1
591.685863814,0,1,1
591.685865332,0,1,0
591.685865960,1,1,0
591.824564256,1,1,1
591.824565322,1,0,1
591.824565358,0,0,1
591.963262142,0,0,0
591.963264864,0,1,0
591.963265786,1,1,0
592.101963004,1,1,1
592.101964436,1,0,1
592.101965182,0,0,1
592.240661852,0,1,1
592.240661950,0,1,0
592.240664548,1,1,0
592.379362876,1,1,1
592.379363362,1,0,1
592.379365008,0,0,1
592.518062822,0,0,0
592.518062902,0,1,0
592.518064374,1,1,0
592.656792410,1,0,0
592.656792686,1,0,1
592.656794772,0,0,1
592.795491632,0,0,0
592.795492952,0,1,0
592.795494136,1,1,0
592.934223462,1,0,0
592.934223494,1,0,1
592.934224472,0,0,1
593.072921940,0,1,1
593.072922380,0,1,0
593.072924962,1,1,0
593.211652242,1,1,1
593.211654574,1,0,1
593.211655296,0,0,1
593.350353188,0,0,0
593.350353990,0,1,0
593.350354724,1,1,0
593.489052112,1,1,1
593.489052500,1,0,1
593.489054122,0,0,1
593.627752998,0,0,0
593.627754040,0,1,0
593.627754424,1,1,0
593.766451550,1,0,0
593.766451922,1,0,1
593.766453884,0,0,1
593.905181868,0,0,0
593.905183090,0,1,0
593.905184310,1,1,0
594.043881662,1,0,0
594.043881732,1,0,1
594.043883708,0,0,1
594.182581616,0,0,0
594.182583078,0,1,0
594.182584074,1,1,0
594.321282540,1,1,1
594.321282650,1,0,1
594.321283534,0,0,1
594.459981488,0,0,0
594.459983126,0,1,0
594.459983836,1,1,0
594.598681348,1,1,1
594.598682698,1,0,1
594.598683296,0,0,1
594.737380114,0,1,1
594.737380294,0,1,0
594.737382724,1,1,0
594.876081220,1,1,1
594.876082748,1,0,1
594.876083058,0,0,1
595.014780226,0,1,1
595.014781104,0,1,0
595.014782422,1,1,0
595.153479966,1,1,1
595.153481674,1,0,1
595.153482882,0,0,1
595.292210974,0,0,0
595.292211214,0,1,0
595.292213246,1,1,0
595.430911774,1,1,1
595.430911792,1,0,1
595.430912644,0,0,1
595.569640262,0,1,1
595.569641720,0,1,0
595.569643070,1,1,0
595.708340834,1,0,0
595.708341582,1,0,1
595.708342406,0,0,1
595.847041528,0,0,0
595.847042248,0,1,0
595.847042834,1,1,0
595.985739820,1,0,0
595.985740452,1,0,1
595.985742292,0,0,1
596.124471338,0,0,0
596.124471360,0,1,0
596.124472594,1,1,0
596.263169808,1,0,0
596.263170260,1,0,1
596.263172054,0,0,1
596.401870146,0,0,0
596.401870346,0,1,0
596.401872420,1,1,0
596.540569918,1,0,0
596.540571006,1,0,1
596.540571752,0,0,1
596.679269334,0,1,1
596.679269952,0,1,0
596.679271180,1,1,0
596.817969904,1,0,0
596.817970876,1,0,1
596.817971578,0,0,1
596.956668822,0,0,0
596.956669444,0,1,0
596.956671006,1,1,0
597.095369954,1,0,0
597.095370684,1,0,1
597.095371400,0,0,1
597.234067568,0,0,0
597.234069430,0,1,0
597.234070764,1,1,0
597.372767940,1,0,0
597.372768490,1,0,1
597.372770224,0,0,1
597.511468438,0,0,0
597.511468478,0,1,0
597.511470526,1,1,0
597.650167986,1,0,0
597.650169236,1,0,1
597.650169986,0,0,1
597.788868528,0,1,1
597.788869246,0,1,0
597.788870350,1,1,0
597.927567106,1,1,1
597.927569036,1,0,1
597.927569810,0,0,1
598.066266638,0,1,1
598.066268050,0,1,0
598.066269112,1,1,0
598.204966912,1,1,1
598.204969022,1,0,1
598.204969570,0,0,1
598.343667562,0,1,1
598.343667858,0,1,0
598.343668996,1,1,0
598.482366720,1,1,1
598.482368132,1,0,1
598.482369330,0,0,1
598.621128610,0,1,1
598.621128666,0,1,0
598.621129696,1,1,0
598.759826588,1,1,1
598.759827242,1,0,1
598.759829154,0,0,1
598.898528410,0,0,0
598.898528594,0,1,0
598.898529518,1,1,0
599.037227164,1,0,0
599.037227332,1,0,1
599.037228978,0,0,1
599.175926280,0,0,0
599.175927704,0,1,0
599.175929280,1,1,0
599.314625776,1,0,0
599.314627202,1,0,1
599.314628676,0,0,1
599.453325690,0,1,1
599.453327086,0,1,0
599.453328100,1,1,0
599.592057008,1,1,1
599.592057260,1,0,1
599.592058498,0,0,1
599.730756892,0,0,0
599.730757676,0,1,0
599.730758862,1,1,0
599.869457246,1,0,0
599.869457754,1,0,1
599.869458258,0,0,1
600.008155698,0,0,0
600.008156846,0,1,0
600.008157686,1,1,0
600.146856794,1,0,0
600.146857620,1,0,1
600.146858080,0,0,1
600.285554770,0,1,1
600.285555506,0,1,0
600.285557444,1,1,0
600.424255278,1,0,0
600.424255364,1,0,1
600.424257902,0,0,1
600.562987004,0,1,1
600.562988266,1,1,1
600.562988312,1,1,0
600.701685234,1,1,1
600.701685262,1,0,1
600.701687662,0,0,1
600.840385116,0,0,0
600.840385802,0,1,0
600.840387090,1,1,0
600.979085040,1,1,1
600.979086746,1,0,1
600.979087422,0,0,1
601.117784912,0,1,1
601.117785922,0,1,0
601.117786848,1,1,0
601.256485356,1,0,0
601.256485844,1,0,1
601.256487244,0,0,1
601.395184896,0,1,1
601.395185792,0,1,0
601.395186610,1,1,0
601.533883404,1,0,0
601.533884650,1,0,1
601.533886006,0,0,1
601.672583534,0,0,0
601.672584880,0,1,0
601.672586432,1,1,0
601.811314520,1,1,1
601.811315450,1,0,1
601.811316764,0,0,1
601.950013988,0,1,1
601.950014402,0,1,0
601.950016190,1,1,0
602.088714262,1,1,1
602.088714496,1,0,1
602.088715586,0,0,1
602.227414206,0,0,0
602.227414974,0,1,0
602.227415950,1,1,0
602.366113544,1,0,0
602.366114130,1,0,1
602.366115410,0,0,1
602.504812950,0,0,0
602.504813082,0,1,0
602.504815772,1,1,0
602.643542528,1,0,0
602.643543936,1,0,1
602.643545170,0,0,1
602.782243066,0,1,1
602.782244754,0,1,0
602.782245532,1,1,0
602.920943512,1,0,0
602.920943678,1,0,1
602.920944990,0,0,1
603.059642622,0,0,0
603.059643050,0,1,0
603.059645290,1,1,0
603.198342546,1,1,1
603.198342620,1,0,1
603.198344748,0,0,1
603.337042428,0,0,0
603.337043096,0,1,0
603.337044114,1,1,0
603.475742288,1,1,1
603.475742604,1,0,1
603.475744570,0,0,1
603.614442232,0,0,0
603.614443080,0,1,0
603.614443934,1,1,0
603.753142092,1,1,1
603.753142650,1,0,1
603.753144330,0,0,1
603.891841126,0,1,1
603.891843038,0,1,0
603.891843694,1,1,0
604.030541696,1,0,0
604.030541960,1,0,1
604.030543150,0,0,1
604.169241172,0,1,1
604.169241842,0,1,0
604.169243514,1,1,0
604.307940700,1,1,1
604.307941742,1,0,1
604.307942848,0,0,1
604.446640646,0,0,0
604.446641156,0,1,0
604.446643274,1,1,0
604.585340726,1,0,0
604.585341568,1,0,1
604.585342670,0,0,1
604.724039514,0,0,0
604.724041200,0,1,0
604.724042032,1,1,0
604.862769708,1,0,0
604.862770372,1,0,1
604.862772490,0,0,1
605.001471248,0,1,1
605.001471318,0,1,0
605.001472790,1,1,0
605.140169866,1,1,1
605.140171818,1,0,1
605.140172248,0,0,1
605.278869292,0,1,1
605.278871184,0,1,0
605.278871674,1,1,0
605.417570800,1,0,0
605.417571480,1,0,1
605.417572068,0,0,1
605.556270338,0,1,1
605.556270802,0,1,0
605.556271370,1,1,0
605.694969786,1,1,1
605.694970782,1,0,1
605.694971828,0,0,1
605.833670320,0,1,1
605.833670668,0,1,0
605.833671254,1,1,0
605.972367890,1,0,0
605.972368590,1,0,1
605.972370586,0,0,1
606.111069534,0,0,0
606.111070366,0,1,0
606.111071012,1,1,0
606.249799936,1,0,0
606.249800394,1,0,1
606.249801406,0,0,1
606.388498338,0,0,0
606.388499412,0,1,0
606.388500770,1,1,0
606.527197982,1,0,0
606.527199262,1,0,1
606.527200228,0,0,1
606.665899394,0,1,1
606.665900080,0,1,0
606.665900590,1,1,0
606.804598002,1,1,1
606.804598964,1,0,1
606.804599986,0,0,1
606.943328442,0,1,1
606.943328946,0,1,0
606.943330350,1,1,0
607.082029806,1,1,1
607.082029946,1,0,1
607.082030744,0,0,1
607.220757752,0,0,0
607.220758484,0,1,0
607.220760170,1,1,0
607.359488992,1,0,0
607.359489610,1,0,1
607.359490564,0,0,1
607.498189554,0,0,0
607.498190528,0,1,0
607.498190928,1,1,0
607.636888414,1,1,1
607.636888974,1,0,1
607.636890386,0,0,1
607.775589358,0,0,0
607.775589512,0,1,0
607.775590748,1,1,0
607.914288018,1,0,0
607.914288280,1,0,1
607.914290142,0,0,1
608.052987162,0,0,0
608.052987556,0,1,0
608.052989506,1,1,0
608.191718126,1,0,0
608.191719084,1,0,1
608.191719902,0,0,1
608.330418600,0,1,1
608.330418964,0,1,0
608.330420264,1,1,0
608.469117824,1,1,1
608.469118108,1,0,1
608.469119722,0,0,1
608.607817584,0,1,1
608.607817768,0,1,0
608.607819084,1,1,0
608.746517628,1,1,1
608.746518152,1,0,1
608.746519478,0,0,1
608.885216634,0,0,0
608.885217628,0,1,0
608.885218842,1,1,0
609.023916134,1,0,0
609.023916430,1,0,1
609.023919298,0,0,1
609.162616672,0,1,1
609.162617374,0,1,0
609.162618662,1,1,0
609.301315180,1,0,0
609.301317296,1,0,1
609.301318056,0,0,1
609.440046716,0,1,1
609.440048178,0,1,0
609.440048482,1,1,0
609.578746222,1,0,0
609.578747100,1,0,1
609.578748876,0,0,1
609.717445762,0,1,1
609.717446042,0,1,0
609.717448238,1,1,0
609.856146840,1,1,1
609.856147206,1,0,1
609.856148634,0,0,1
609.994846742,0,1,1
609.994846784,0,1,0
609.994847996,1,1,0
610.133544706,1,1,1
610.133546312,1,0,1
610.133547392,0,0,1
610.272245786,0,1,1
610.272246650,0,1,0
610.272247752,1,1,0
610.410944508,1,1,1
610.410945232,1,0,1
610.410947272,0,0,1
610.549644452,0,0,0
610.549644768,0,1,0
610.549646574,1,1,0
610.688374276,1,0,0
610.688375310,1,0,1
610.688377030,0,0,1
610.827075194,0,0,0
610.827076812,0,1,0
610.827077330,1,1,0
610.965775114,1,1,1
610.965775380,1,0,1
610.965776788,0,0,1
611.104475856,0,1,1
611.104476058,0,1,0
611.104477150,1,1,0
611.243175364,1,0,0
611.243175918,1,0,1
611.243176608,0,0,1
611.381904860,0,0,0
611.381904900,0,1,0
611.381906970,1,1,0
611.520603720,1,1,1
611.520605406,1,0,1
611.520606364,0,0,1
611.659365664,0,0,0
611.659365880,0,1,0
611.659367728,1,1,0
611.798064450,1,0,0
611.798066524,1,0,1
611.798067184,0,0,1
611.936795466,0,0,0
611.936795924,0,1,0
611.936797546,1,1,0
612.075494430,1,0,0
612.075495326,1,0,1
612.075496942,0,0,1
612.214194968,0,1,1
612.214195268,0,1,0
612.214197304,1,1,0
612.352895190,1,1,1
612.352896474,1,0,1
612.352896696,0,0,1
612.491595010,0,1,1
612.491596072,0,1,0
612.491597060,1,1,0
612.630324930,1,1,1
612.630325518,1,0,1
612.630326454,0,0,1
612.769024872,0,0,0
612.769025992,0,1,0
612.769026816,1,1,0
612.907754794,1,1,1
612.907755498,1,0,1
612.907757272,0,0,1
613.046454036,0,1,1
613.046454674,0,1,0
613.046456636,1,1,0
613.185184542,1,0,0
613.185185534,1,0,1
613.185187092,0,0,1
613.323884078,0,1,1
613.323885476,0,1,0
613.323886392,1,1,0
613.462584398,1,1,1
613.462584586,1,0,1
613.462586850,0,0,1
613.601285122,0,1,1
613.601285716,0,1,0
613.601286212,1,1,0
613.739984950,1,1,1
613.739985566,1,0,1
613.739986668,0,0,1
613.878685080,0,0,0
613.878685104,0,1,0
613.878686030,1,1,0
614.017383672,1,0,0
614.017385002,1,0,1
614.017385424,0,0,1
614.156113884,0,0,0
614.156114146,0,1,0
614.156115786,1,1,0
614.294813652,1,0,0
614.294813804,1,0,1
614.294816180,0,0,1
614.433574128,0,1,1
614.433574684,0,1,0
614.433576606,1,1,0
614.572273696,1,0,0
614.572274604,1,0,1
614.572276938,0,0,1
614.710974548,0,0,0
614.710975170,0,1,0
614.710976360,1,1,0
614.849674406,1,1,1
614.849674676,1,0,1
614.849675818,0,0,1
614.988374350,0,0,0
614.988375212,0,1,0
614.988376118,1,1,0
615.127073780,1,0,0
615.127074208,1,0,1
615.127075572,0,0,1
615.265774152,0,0,0
615.265775192,0,1,0
615.265775936,1,1,0
615.404502760,1,0,0
615.404503010,1,0,1
615.404505330,0,0,1
615.543202952,0,0,0
615.543204236,0,1,0
615.543205756,1,1,0
615.681903740,1,0,0
615.681903810,1,0,1
615.681905148,0,0,1
615.820603276,0,1,1
615.820603692,0,1,0
615.820605510,1,1,0
615.959333674,1,1,1
615.959334782,1,0,1
615.959335904,0,0,1
616.098033490,0,0,0
616.098034256,0,1,0
616.098035266,1,1,0
616.236732474,1,1,1
616.236733822,1,0,1
616.236734722,0,0,1
616.375433354,0,0,0
616.375434300,0,1,0
616.375435022,1,1,0
616.514132868,1,0,0
616.514133214,1,0,1
616.514134540,0,0,1
616.652830156,0,0,0
616.652832342,0,1,0
616.652833840,1,1,0
616.791561908,1,0,0
616.791563076,1,0,1
616.791564294,0,0,1
616.930261894,0,0,0
616.930263384,0,1,0
616.930264658,1,1,0
617.068961876,1,1,1
617.068962952,1,0,1
617.068964052,0,0,1
617.207662756,0,0,0
617.207663424,0,1,0
617.207664412,1,1,0
617.346361676,1,1,1
617.346361932,1,0,1
617.346363868,0,0,1
617.485060556,0,0,0
617.485061468,0,1,0
617.485063168,1,1,0
617.623761478,1,1,1
617.623761972,1,0,1
617.623763624,0,0,1
617.762462356,0,0,0
617.762462384,0,1,0
617.762462986,1,1,0
617.901191278,1,1,1
617.901192014,1,0,1
617.901193378,0,0,1
618.039891158,0,0,0
618.039891488,0,1,0
618.039892802,1,1,0
618.178590992,1,0,0
618.178591076,1,0,1
618.178593196,0,0,1
618.317290466,0,1,1
618.317290956,0,1,0
618.317292494,1,1,0
618.455990876,1,1,1
618.455991034,1,0,1
618.455992950,0,0,1
618.594690508,0,1,1
618.594690818,0,1,0
618.594692374,1,1,0
618.733389676,1,1,1
618.733390076,1,0,1
618.733391768,0,0,1
618.872090550,0,1,1
618.872090618,0,1,0
618.872092066,1,1,0
619.010820538,1,1,1
619.010821054,1,0,1
619.010822586,0,0,1
619.149519528,0,1,1
619.149521418,0,1,0
619.149521884,1,1,0
619.288220096,1,0,0
619.288221276,1,0,1
619.288221340,0,0,1
619.426919218,0,0,0
619.426919570,0,1,0
619.426921702,1,1,0
619.565618136,1,0,0
619.565619076,1,0,1
619.565621158,0,0,1
619.704319016,0,0,0
619.704319610,0,1,0
619.704321454,1,1,0
619.843018874,1,1,1
619.843019118,1,0,1
619.843020848,0,0,1
619.981748816,0,0,0
619.981749652,0,1,0
619.981751208,1,1,0
620.120448156,1,0,0
620.120449736,1,0,1
620.120450602,0,0,1
620.259149616,0,0,0
620.259149628,0,1,0
620.259151090,1,1,0
620.397848472,1,1,1
620.397849198,1,0,1
620.397850480,0,0,1
620.536548670,0,1,1
620.536549414,0,1,0
620.536550780,1,1,0
620.675248334,1,1,1
620.675249236,1,0,1
620.675250236,0,0,1
620.813947212,0,0,0
620.813947710,0,1,0
620.813949660,1,1,0
620.952647070,1,1,1
620.952647278,1,0,1
620.952649990,0,0,1
621.091347074,0,0,0
621.091347750,0,1,0
621.091349414,1,1,0
621.230046932,1,1,1
621.230047256,1,0,1
621.230048806,0,0,1
621.368746872,0,0,0
621.368748728,0,1,0
621.368749230,1,1,0
621.507446296,1,0,0
621.507446730,1,0,1
621.507448562,0,0,1
621.646146922,0,0,0
621.646147770,0,1,0
621.646148920,1,1,0
621.784846216,1,1,1
621.784847274,1,0,1
621.784848376,0,0,1
621.923577032,0,0,0
621.923577810,0,1,0
621.923578738,1,1,0
622.062306328,1,1,1
622.062308314,1,0,1
622.062309194,0,0,1
622.201005786,0,1,1
622.201006270,0,1,0
622.201008554,1,1,0
622.339707062,1,1,1
622.339708352,1,0,1
622.339708946,0,0,1
622.478437006,0,0,0
622.478437826,0,1,0
622.478439306,1,1,0
622.617137330,1,0,0
622.617137924,1,0,1
622.617138700,0,0,1
622.755835804,0,0,0
622.755835930,0,1,0
622.755838122,1,1,0
622.894536370,1,0,0
622.894537722,1,0,1
622.894538516,0,0,1
623.033235906,0,1,1
623.033237662,0,1,0
623.033237876,1,1,0
623.171936410,1,0,0
623.171936520,1,0,1
623.171938270,0,0,1
623.310636462,0,0,0
623.310636882,0,1,0
623.310637632,1,1,0
623.449334320,1,1,1
623.449334386,1,0,1
623.449337086,0,0,1
623.588035986,0,1,1
623.588036198,0,1,0
623.588037446,1,1,0
623.726734488,1,0,0
623.726735116,1,0,1
623.726736838,0,0,1
623.865434900,0,1,1
623.865435058,0,1,0
623.865437262,1,1,0
624.004134976,1,1,1
624.004135466,1,0,1
624.004136592,0,0,1
624.142834792,0,0,0
624.142835000,0,1,0
624.142836016,1,1,0
624.281534444,1,0,0
624.281535712,1,0,1
624.281536408,0,0,1
624.420233978,0,1,1
624.420234654,0,1,0
624.420235830,1,1,0
624.558933510,1,1,1
624.558933546,1,0,1
624.558935162,0,0,1
624.697633080,0,1,1
624.697634452,0,1,0
624.697635520,1,1,0
624.836363520,1,0,0
624.836364368,1,0,1
624.836365974,0,0,1
624.975064056,0,1,1
624.975064248,0,1,0
624.975065336,1,1,0
625.113764168,1,1,1
625.113764560,1,0,1
625.113765792,0,0,1
625.252463046,0,0,0
625.252464034,0,1,0
625.252465150,1,1,0
625.391162964,1,1,1
625.391163598,1,0,1
625.391164480,0,0,1
625.529863134,0,1,1
625.529863844,0,1,0
625.529864904,1,1,0
625.668563576,1,0,0
625.668563762,1,0,1
625.668564358,0,0,1
625.807262642,0,0,0
625.807264110,0,1,0
625.807264656,1,1,0
625.945961614,1,0,0
625.945962496,1,0,1
625.945964112,0,0,1
626.084661436,0,0,0
626.084662150,0,1,0
626.084663472,1,1,0
626.223361356,1,1,1
626.223361652,1,0,1
626.223363926,0,0,1
626.362061296,0,0,0
626.362062124,0,1,0
626.362063224,1,1,0
626.500791152,1,1,1
626.500792628,1,0,1
626.500793680,0,0,1
626.639490094,0,0,0
626.639491162,0,1,0
626.639493040,1,1,0
626.778191666,1,0,0
626.778191950,1,0,1
626.778193432,0,0,1
626.916890828,0,0,0
626.916892200,0,1,0
626.916892792,1,1,0
627.055591746,1,1,1
627.055592704,1,0,1
627.055593308,0,0,1
627.194291240,0,1,1
627.194291686,0,1,0
627.194292606,1,1,0
627.332989744,1,0,0
627.332990544,1,0,1
627.332992000,0,0,1
627.471689214,0,1,1
627.471690484,0,1,0
627.471692420,1,1,0
627.610390342,1,1,1
627.610390780,1,0,1
627.610391812,0,0,1
627.749120252,0,1,1
627.749121218,0,1,0
627.749122172,1,1,0
627.887819136,1,1,1
627.887819756,1,0,1
627.887821566,0,0,1
628.026519290,0,1,1
628.026520076,0,1,0
628.026521924,1,1,0
628.165218932,1,1,1
628.165219794,1,0,1
628.165221378,0,0,1
628.303919872,0,0,0
628.303920266,0,1,0
628.303921738,1,1,0
628.442618768,1,0,0
628.442620792,1,0,1
628.442621194,0,0,1
628.581318606,0,0,0
628.581319302,0,1,0
628.581320490,1,1,0
628.720018806,1,0,0
628.720019524,1,0,1
628.720020944,0,0,1
628.858749278,0,1,1
628.858749466,0,1,0
628.858751304,1,1,0
628.997449320,1,1,1
628.997449906,1,0,1
628.997450696,0,0,1
629.136148260,0,0,0
629.136148378,0,1,0
629.136150118,1,1,0
629.274847882,1,0,0
629.274848178,1,0,1
629.274850510,0,0,1
629.413548056,0,0,0
629.413548352,0,1,0
629.413549870,1,1,0
629.552247914,1,1,1
629.552247918,1,0,1
629.552247924,1,1,1
629.552247928,1,0,1
629.552250260,0,0,1
629.690948390,0,1,1
629.690948852,0,1,0
629.690949682,1,1,0
629.829646892,1,0,0
629.829647708,1,0,1
629.829649014,0,0,1
629.968346428,0,1,1
629.968347648,0,1,0
629.968349436,1,1,0
630.107046932,1,0,0
630.107047878,1,0,1
630.107048826,0,0,1
630.245747194,0,0,0
630.245747402,0,1,0
630.245749248,1,1,0
630.384446300,1,1,1
630.384446968,1,0,1
630.384448578,0,0,1
630.523146302,0,0,0
630.523147440,0,1,0
630.523148000,1,1,0
630.661846942,1,0,0
630.661847096,1,0,1
630.661848392,0,0,1
630.800545414,0,1,1
630.800546034,0,1,0
630.800547816,1,1,0
630.939245978,1,0,0
630.939247954,1,0,1
630.939248144,0,0,1
631.077944830,0,0,0
631.077945514,0,1,0
631.077947564,1,1,0
631.216644016,1,0,0
631.216645750,1,0,1
631.216647020,0,0,1
631.355375488,0,1,1
631.355375688,0,1,0
631.355377316,1,1,0
631.494075928,1,0,0
631.494076544,1,0,1
631.494077772,0,0,1
631.632774422,0,0,0
631.632775462,0,1,0
631.632777130,1,1,0
631.771505276,1,1,1
631.771506026,1,0,1
631.771507522,0,0,1
631.910265282,0,0,0
631.910266560,0,1,0
631.910267880,1,1,0
632.048996000,1,0,0
632.048996134,1,0,1
632.048998336,0,0,1
632.187727012,0,0,0
632.187727596,0,1,0
632.187728694,1,1,0
632.326426930,1,1,1
632.326428036,1,0,1
632.326429086,0,0,1
632.465125570,0,1,1
632.465126870,0,1,0
632.465128444,1,1,0
632.603825788,1,1,1
632.603826072,1,0,1
632.603827834,0,0,1
632.742525544,0,1,1
632.742527602,0,1,0
632.742528258,1,1,0
632.881225520,1,1,1
632.881226046,1,0,1
632.881227648,0,0,1
633.019956460,0,0,0
633.019957642,0,1,0
633.019958008,1,1,0
633.158686144,1,0,0
633.158686314,1,0,1
633.158688398,0,0,1
633.297385254,0,0,0
633.297385616,0,1,0
633.297387758,1,1,0
633.436116108,1,1,1
633.436117118,1,0,1
633.436118212,0,0,1
633.574816048,0,0,0
633.574817652,0,1,0
633.574818632,1,1,0
633.713515966,1,1,1
633.713516154,1,0,1
633.713517962,0,0,1
633.852245814,0,1,1
633.852246844,0,1,0
633.852248382,1,1,0
633.990976314,1,0,0
633.990977696,1,0,1
633.990978774,0,0,1
634.129676636,0,0,0
634.129677598,0,1,0
634.129678134,1,1,0
634.268376164,1,0,0
634.268377492,1,0,1
634.268378526,0,0,1
634.407106368,0,0,0
634.407107696,0,1,0
634.407108946,1,1,0
634.545805198,1,0,0
634.545807286,1,0,1
634.545808400,0,0,1
634.684536796,0,1,1
634.684537162,0,1,0
634.684538758,1,1,0
634.823236080,1,1,1
634.823236670,1,0,1
634.823238148,0,0,1
634.961936020,0,0,0
634.961937704,0,1,0
634.961938508,1,1,0
635.100634936,1,1,1
635.100636520,1,0,1
635.100637900,0,0,1
635.239334740,0,1,1
635.239335814,0,1,0
635.239337256,1,1,0
635.378035730,1,1,1
635.378036304,1,0,1
635.378037712,0,0,1
635.516765712,0,1,1
635.516767608,0,1,0
635.516768070,1,1,0
635.655526524,1,1,1
635.655527652,1,0,1
635.655528460,0,0,1
635.794226402,0,0,0
635.794226560,0,1,0
635.794228882,1,1,0
635.932927438,1,0,0
635.932928274,0,0,0
635.932928318,0,0,1
636.071625196,0,0,0
636.071625782,0,1,0
636.071627632,1,1,0
636.210326114,1,1,1
636.210327348,1,0,1
636.210328024,0,0,1
636.349025818,0,1,1
636.349025988,0,1,0
636.349027444,1,1,0
636.487725320,1,0,0
636.487725906,1,0,1
636.487727772,0,0,1
636.626454854,0,1,1
636.626455782,0,1,0
636.626457194,1,1,0
636.765156354,1,0,0
636.765156700,1,0,1
636.765157646,0,0,1
636.903885638,0,0,0
636.903885826,0,1,0
636.903887942,1,1,0
637.042585390,1,0,0
637.042585430,1,0,1
637.042587396,0,0,1
637.181286432,0,0,0
637.181286610,0,1,0
637.181287754,1,1,0
637.319984424,1,0,0
637.319985286,1,0,1
637.319987144,0,0,1
637.458684162,0,0,0
637.458685896,0,1,0
637.458686504,1,1,0
637.597385080,1,1,1
637.597385460,1,0,1
637.597386892,0,0,1
637.736083866,0,1,1
637.736083956,0,1,0
637.736086316,1,1,0
637.874784934,1,1,1
637.874785430,1,0,1
637.874786642,0,0,1
638.013484748,0,0,0
638.013484902,0,1,0
638.013486062,1,1,0
638.152183664,1,1,1
638.152184402,1,0,1
638.152185516,0,0,1
638.290883936,0,1,1
638.290884604,0,1,0
638.290885812,1,1,0
638.429583144,1,1,1
638.429584500,1,0,1
638.429585326,0,0,1
638.568283334,0,0,0
638.568283970,0,1,0
638.568285686,1,1,0
638.706983250,1,1,1
638.706984472,1,0,1
638.706985076,0,0,1
638.845682190,0,0,0
638.845682942,0,1,0
638.845684434,1,1,0
638.984382042,1,1,1
638.984383506,1,0,1
638.984384826,0,0,1
639.123081920,0,0,0
639.123082976,0,1,0
639.123084244,1,1,0
639.261781836,1,1,1
639.261782540,1,0,1
639.261783572,0,0,1
639.400481774,0,0,0
639.400482010,0,1,0
639.400483932,1,1,0
639.539182512,1,0,0
639.539182566,1,0,1
639.539183384,0,0,1
639.677882568,0,0,0
639.677883044,0,1,0
639.677883680,1,1,0
639.816580420,1,1,1
639.816580544,1,0,1
639.816583132,0,0,1
639.955281078,0,1,1
639.955281422,0,1,0
639.955282552,1,1,0
640.093981212,1,1,1
640.093981578,1,0,1
640.093983006,0,0,1
640.232741152,0,0,0
640.232742112,0,1,0
640.232743302,1,1,0
640.371441550,1,0,0
640.371442004,1,0,1
640.371443690,0,0,1
640.510140946,0,0,0
640.510142082,0,1,0
640.510143110,1,1,0
640.648871646,1,0,0
640.648872798,1,0,1
640.648873564,0,0,1
640.787571114,0,1,1
640.787571672,0,1,0
640.787572858,1,1,0
640.926271616,1,0,0
640.926271652,1,0,1
640.926273250,0,0,1
641.064970148,0,1,1
641.064970590,0,1,0
641.064972668,1,1,0
641.203671382,1,1,1
641.203671586,1,0,1
641.203673058,0,0,1
641.342370120,0,1,1
641.342371320,0,1,0
641.342372416,1,1,0
641.481069234,1,1,1
641.481069682,1,0,1
641.481071868,0,0,1
641.619769152,0,1,1
641.619770048,0,1,0
641.619772226,1,1,0
641.758468964,1,1,1
641.758470654,1,0,1
641.758471616,0,0,1
641.897199184,0,1,1
641.897199964,0,1,0
641.897201974,1,1,0
642.035899622,1,0,0
642.035899818,1,0,1
642.035901426,0,0,1
642.174600694,0,0,0
642.174601156,0,1,0
642.174601784,1,1,0
642.313297718,1,0,0
642.313299610,1,0,1
642.313301174,0,0,1
642.451999486,0,0,0
642.452000188,0,1,0
642.452001594,1,1,0
642.590728688,1,0,0
642.590729338,1,0,1
642.590729354,1,1,1
642.590729356,1,0,1
642.590730920,0,0,1
642.729430284,0,1,1
642.729430338,0,1,0
642.729431340,1,1,0
642.868128658,1,0,0
642.868129192,1,0,1
642.868130792,0,0,1
643.006829130,0,0,0
643.006829190,0,1,0
643.006831088,1,1,0
643.145528754,1,0,0
643.145528984,1,0,1
643.145530478,0,0,1
643.284228858,0,0,0
643.284229286,0,1,0
643.284229898,1,1,0
643.422927724,1,0,0
643.422929712,1,0,1
643.422930288,0,0,1
643.561658712,0,0,0
643.561659254,0,1,0
643.561660644,1,1,0
643.700357818,1,0,0
643.700358566,1,0,1
643.700360096,0,0,1
643.839057440,0,0,0
643.839059226,0,1,0
643.839060454,1,1,0
643.977758356,1,1,1
643.977758788,1,0,1
643.977759844,0,0,1
644.116457258,0,1,1
644.116458294,0,1,0
644.116459264,1,1,0
644.255157148,1,1,1
644.255158758,1,0,1
644.255159590,0,0,1
644.393856288,0,1,1
644.393858084,0,1,0
644.393858946,1,1,0
644.532555938,1,1,1
644.532556792,1,0,1
644.532558398,0,0,1
644.671257320,0,1,1
644.671257814,0,1,0
644.671258818,1,1,0
644.809987728,1,1,1
644.809988822,1,0,1
644.809989144,0,0,1
644.948717290,0,1,1
644.948717604,0,1,0
644.948719628,1,1,0
645.087416854,1,0,0
645.087417518,1,0,1
645.087418954,0,0,1
645.226116456,0,0,0
645.226117384,0,1,0
645.226118312,1,1,0
645.364816884,1,0,0
645.364817246,1,0,1
645.364818764,0,0,1
645.503515354,0,1,1
645.503516246,0,1,0
645.503518058,1,1,0
645.642216854,1,0,0
645.642218100,1,0,1
645.642218508,0,0,1
645.780915386,0,1,1
645.780917038,0,1,0
645.780917866,1,1,0
645.919614884,1,0,0
645.919614890,1,0,1
645.919617318,0,0,1
646.058316354,0,1,1
646.058316828,0,1,0
646.058317612,1,1,0
646.197045916,1,0,0
646.197046680,1,0,1
646.197048062,0,0,1
646.335744384,0,1,1
646.335745618,0,1,0
646.335747420,1,1,0
646.474445886,1,0,0
646.474446534,1,0,1
646.474447810,0,0,1
646.613145416,0,1,1
646.613146470,0,1,0
646.613147228,1,1,0
646.751844324,1,1,1
646.751844916,1,0,1
646.751846618,0,0,1
646.890544198,0,0,0
646.890544386,0,1,0
646.890546976,1,1,0
647.029243948,1,0,0
647.029244112,1,0,1
647.029246364,0,0,1
647.167944416,0,1,1
647.167945612,0,1,0
647.167946784,1,1,0
647.306643902,1,1,1
647.306645916,1,0,1
647.306646110,0,0,1
647.445007448,0,1,1
647.445008778,0,1,0
647.445010530,1,1,0
647.583463692,1,1,1
647.583465012,1,0,1
647.583465982,0,0,1
647.721918418,0,1,1
647.721920566,0,1,0
647.721921338,1,1,0
647.860374980,1,0,0
647.860375482,1,0,1
647.860376728,0,0,1
647.998831450,0,1,1
647.998832356,0,1,0
647.998833086,1,1,0
648.137286014,1,0,0
648.137287270,1,0,1
648.137288538,0,0,1
648.275741208,0,0,0
648.275742546,0,1,0
648.275743894,1,1,0
648.414289046,1,0,0
648.414290060,1,0,1
648.414291346,0,0,1
648.552804996,0,0,0
648.552805578,0,1,0
648.552807704,1,1,0
648.691353078,1,0,0
648.691353912,1,0,1
648.691355092,0,0,1
648.829899786,0,0,0
648.829901546,0,1,0
648.829902450,1,1,0
648.968447110,1,0,0
648.968447702,1,0,1
648.968449838,0,0,1
649.106964576,0,0,0
649.106964578,0,1,0
649.106966194,1,1,0
649.245512078,1,0,0
649.245512552,1,0,1
649.245513708,0,0,1
649.384058608,0,1,1
649.384059426,0,1,0
649.384061066,1,1,0
649.522666108,1,0,0
649.522667278,1,0,1
649.522668456,0,0,1
649.661183640,0,1,1
649.661184216,0,1,0
649.661185812,1,1,0
649.799730068,1,1,1
649.799730140,1,0,1
649.799732200,0,0,1
649.938308610,0,1,1
649.938309006,0,1,0
649.938310620,1,1,0
650.076824920,1,1,1
650.076826172,1,0,1
650.076827008,0,0,1
650.215372640,0,1,1
650.215372794,0,1,0
650.215374366,1,1,0
650.353919646,1,1,1
650.353920202,1,0,1
650.353921816,0,0,1
650.492497674,0,1,1
650.492498582,0,1,0
650.492499176,1,1,0
650.631013172,1,0,0
650.631014496,1,0,1
650.631015562,0,0,1
650.769530702,0,1,1
650.769531372,0,1,0
650.769532918,1,1,0
650.908107284,1,1,1
650.908108264,1,0,1
650.908110370,0,0,1
651.046624160,0,0,0
651.046624672,0,1,0
651.046626728,1,1,0
651.185202234,1,0,0
651.185203012,1,0,1
651.185204178,0,0,1
651.323719702,0,1,1
651.323719948,0,1,0
651.323721474,1,1,0
651.462236864,1,1,1
651.462237264,1,0,1
651.462237922,0,0,1
651.600783738,0,0,0
651.600784794,0,1,0
651.600785342,1,1,0
651.739330652,1,1,1
651.739331296,1,0,1
651.739332732,0,0,1
651.877876526,0,0,0
651.877877764,0,1,0
651.877879086,1,1,0
652.016424264,1,0,0
652.016425438,1,0,1
652.016426476,0,0,1
652.154971314,0,0,0
652.154971732,0,1,0
652.154973770,1,1,0
652.293519294,1,0,0
652.293520290,1,0,1
652.293521346,0,0,1
652.432036762,0,1,1
652.432037164,0,1,0
652.432037640,1,1,0
652.570583324,1,0,0
652.570584080,1,0,1
652.570585028,0,0,1
652.709130952,0,0,0
652.709131792,0,1,0
652.709132384,1,1,0
652.847676866,1,1,1
652.847679292,1,0,1
652.847679836,0,0,1
652.986194804,0,0,0
652.986194886,0,1,0
652.986196254,1,1,0
653.124742324,1,0,0
653.124742654,1,0,1
653.124743642,0,0,1
653.263287854,0,1,1
653.263288528,0,1,0
653.263290000,1,1,0
653.401835354,1,0,0
653.401836444,1,0,1
653.401837388,0,0,1
653.540382822,0,1,1
653.540383380,0,1,0
653.540384806,1,1,0
653.678899232,1,1,1
653.678900446,1,0,1
653.678901194,0,0,1
653.817445914,0,1,1
653.817447168,0,1,0
653.817448614,1,1,0
653.955994020,1,1,1
653.955995414,1,0,1
653.955996002,0,0,1
654.094541944,0,1,1
654.094541958,0,1,0
654.094543296,1,1,0
654.233087444,1,0,0
654.233088806,1,0,1
654.233090748,0,0,1
654.371634680,0,0,0
654.371634912,0,1,0
654.371637104,1,1,0
654.510152474,1,0,0
654.510152656,1,0,1
654.510154554,0,0,1
654.648700006,0,1,1
654.648700594,0,1,0
654.648701910,1,1,0
654.787246440,1,0,0
654.787247446,1,0,1
654.787248362,0,0,1
654.925793910,0,1,1
654.925794318,0,1,0
654.925795654,1,1,0
655.064341472,1,0,0
655.064341670,1,0,1
655.064343104,0,0,1
655.202888940,0,1,1
655.202889420,0,1,0
655.202890462,1,1,0
655.341435020,1,1,1
655.341435502,1,0,1
655.341437850,0,0,1
655.479982958,0,0,0
655.479982970,0,1,0
655.479984270,1,1,0
655.618528530,1,0,0
655.618530808,1,0,1
655.618531656,0,0,1
655.757046000,0,1,1
655.757046680,0,1,0
655.757048012,1,1,0
655.895594560,1,0,0
655.895594658,1,0,1
655.895595400,0,0,1
656.034139966,0,1,1
656.034141532,0,1,0
656.034142818,1,1,0
656.172656590,1,0,0
656.172657382,1,0,1
656.172659206,0,0,1
656.311235318,0,0,0
656.311237058,0,1,0
656.311237626,1,1,0
656.449751558,1,0,0
656.449752170,1,0,1
656.449754012,0,0,1
656.588299106,0,0,0
656.588300026,0,1,0
656.588301368,1,1,0
656.726846588,1,0,0
656.726847020,1,0,1
656.726848756,0,0,1
656.865362892,0,0,0
656.865363118,0,1,0
656.865365174,1,1,0
657.003878744,1,1,1
657.003880616,1,0,1
657.003881562,0,0,1
657.142427086,0,1,1
657.142428680,0,1,0
657.142428920,1,1,0
657.280974582,1,0,0
657.280975592,1,0,1
657.280976306,0,0,1
657.419582466,0,0,0
657.419583112,0,1,0
657.419584724,1,1,0
657.558190380,1,1,1
657.558190612,1,0,1
657.558192112,0,0,1
657.696799142,0,1,1
657.696799254,0,1,0
657.696800468,1,1,0
657.835406640,1,0,0
657.835407168,1,0,1
657.835408916,0,0,1
657.974015040,0,0,0
657.974015108,0,1,0
657.974017274,1,1,0
658.112623668,1,0,0
658.112624016,1,0,1
658.112625722,0,0,1
658.251231890,0,0,0
658.251232136,0,1,0
658.251234014,1,1,0
658.389869742,1,1,1
658.389870634,1,0,1
658.389872466,0,0,1
658.528478164,0,1,1
658.528479676,0,1,0
658.528480884,1,1,0
658.667087590,1,1,1
658.667087724,1,0,1
658.667089270,0,0,1
658.805695192,0,1,1
658.805695464,0,1,0
658.805696624,1,1,0
658.944302752,1,0,0
658.944304314,1,0,1
658.944305012,0,0,1
659.082910156,0,1,1
659.082911312,0,1,0
659.082913368,1,1,0
659.221519718,1,0,0
659.221520162,1,0,1
659.221521816,0,0,1
659.360127098,0,0,0
659.360128184,0,1,0
659.360130110,1,1,0
659.498737744,1,0,0
659.498737948,1,0,1
659.498738560,0,0,1
659.637374212,0,1,1
659.637374822,0,1,0
659.637376914,1,1,0
659.775982774,1,0,0
659.775983734,1,0,1
659.775985426,0,0,1
659.914591240,0,1,1
659.914592670,0,1,0
659.914593720,1,1,0
660.053200522,1,1,1
660.053200738,1,0,1
660.053202106,0,0,1
660.191808204,0,1,1
660.191808456,0,1,0
660.191809522,1,1,0
660.330415306,1,1,1
660.330417766,1,0,1
660.330417912,0,0,1
660.469024180,0,0,0
660.469024294,0,1,0
660.469026328,1,1,0
660.607632156,1,1,1
660.607632794,1,0,1
660.607634652,0,0,1
660.746242030,0,0,0
660.746242322,0,1,0
660.746243070,1,1,0
660.884848758,1,0,0
660.884848880,1,0,1
660.884851456,0,0,1
661.023456814,0,0,0
661.023457286,0,1,0
661.023458812,1,1,0
661.162065726,1,1,1
661.162065786,1,0,1
661.162067198,0,0,1
661.300673314,0,1,1
661.300673600,0,1,0
661.300675616,1,1,0
661.439311812,1,0,0
661.439312512,1,0,1
661.439314002,0,0,1
661.577951386,0,0,0
661.577952340,0,1,0
661.577953418,1,1,0
661.716589838,1,0,0
661.716590298,1,0,1
661.716591806,0,0,1
661.855198170,0,0,0
661.855198304,0,1,0
661.855200098,1,1,0
661.993806866,1,0,0
661.993807020,1,0,1
661.993808548,0,0,1
662.132413956,0,0,0
662.132414270,0,1,0
662.132416966,1,1,0
662.271022830,1,0,0
662.271023808,1,0,1
662.271025350,0,0,1
662.409630742,0,0,0
662.409631420,0,1,0
662.409632706,1,1,0
662.548238856,1,0,0
662.548239654,1,0,1
662.548241030,0,0,1
662.686878322,0,1,1
662.686879526,0,1,0
662.686880508,1,1,0
662.825486438,1,1,1
662.825486882,1,0,1
662.825487834,0,0,1
662.964093412,0,1,1
662.964094374,0,1,0
662.964096312,1,1,0
663.102702412,1,1,1
663.102703908,1,0,1
663.102704636,0,0,1
663.241310436,0,1,1
663.241313052,1,1,1
663.241313158,1,1,0
663.379918822,1,1,1
663.379919936,1,0,1
663.379921378,0,0,1
663.518528402,0,1,1
663.518528944,0,1,0
663.518529856,1,1,0
663.657165858,1,1,1
663.657165900,1,0,1
663.657168180,0,0,1
663.795774428,0,1,1
663.795774666,0,1,0
663.795776598,1,1,0
663.934413642,1,1,1
663.934413926,1,0,1
663.934414982,0,0,1
664.073052514,0,0,0
664.073053390,0,1,0
664.073054338,1,1,0
664.211660426,1,1,1
664.211660952,1,0,1
664.211661786,0,0,1
664.350267298,0,0,0
664.350268418,0,1,0
664.350270140,1,1,0
664.488876212,1,1,1
664.488876978,1,0,1
664.488878526,0,0,1
664.627484084,0,0,0
664.627485444,0,1,0
664.627486944,1,1,0
664.766093940,1,0,0
664.766094996,1,0,1
664.766095268,0,0,1
664.904730870,0,0,0
664.904731406,0,1,0
664.904733684,1,1,0
665.043370028,1,0,0
665.043370780,1,0,1
665.043372070,0,0,1
665.181978714,0,0,0
665.181979432,0,1,0
665.181980424,1,1,0
665.320586564,1,1,1
665.320586992,1,0,1
665.320588872,0,0,1
665.459195500,0,0,0
665.459196458,0,1,0
665.459197164,1,1,0
665.597804412,1,1,1
665.597805018,1,0,1
665.597805676,0,0,1
665.736412284,0,0,0
665.736412422,0,1,0
665.736414032,1,1,0
665.875050134,1,1,1
665.875051044,1,0,1
665.875052418,0,0,1
666.013658510,0,1,1
666.013660070,0,1,0
666.013660770,1,1,0
666.152266982,1,1,1
666.152267008,1,0,1
666.152269158,0,0,1
666.290905536,0,1,1
666.290905852,0,1,0
666.290907510,1,1,0
666.429514032,1,0,0
666.429514704,1,0,1
666.429515958,0,0,1
666.568122498,0,1,1
666.568123636,0,1,0
666.568124312,1,1,0
666.706731058,1,0,0
666.706731486,1,0,1
666.706732760,0,0,1
666.845339420,0,0,0
666.845339524,0,1,0
666.845340052,1,1,0
666.983946020,1,0,0
666.983946396,1,0,1
666.983948500,0,0,1
667.122554486,0,1,1
667.122555206,0,1,0
667.122556916,1,1,0
667.261163046,1,0,0
667.261164116,1,0,1
667.261165304,0,0,1
667.399833052,0,0,0
667.399833512,0,1,0
667.399834658,1,1,0
667.538441072,1,0,0
667.538442902,1,0,1
667.538443044,0,0,1
667.677048536,0,1,1
667.677048834,0,1,0
667.677050396,1,1,0
667.815657096,1,0,0
667.815657684,1,0,1
667.815658782,0,0,1
667.954264620,0,0,0
667.954265562,0,1,0
667.954267136,1,1,0
668.092873530,1,1,1
668.092874122,1,0,1
668.092875584,0,0,1
668.231482404,0,0,0
668.231482586,0,1,0
668.231484000,1,1,0
668.370091084,1,0,0
668.370091314,1,0,1
668.370092384,0,0,1
668.508698612,0,1,1
668.508699186,0,1,0
668.508700738,1,1,0
668.647306098,1,1,1
668.647307108,1,0,1
668.647308126,0,0,1
668.785914638,0,1,1
668.785914970,0,1,0
668.785916542,1,1,0
668.924522882,1,1,1
668.924523072,1,0,1
668.924524926,0,0,1
669.063131662,0,1,1
669.063131754,0,1,0
669.063133280,1,1,0
669.201738666,1,1,1
669.201739098,1,0,1
669.201741666,0,0,1
669.340348600,0,0,0
669.340348624,0,1,0
669.340350082,1,1,0
669.478955450,1,1,1
669.478956122,1,0,1
669.478957468,0,0,1
669.617564384,0,0,0
669.617564650,0,1,0
669.617565820,1,1,0
669.756172232,1,1,1
669.756173208,1,0,1
669.756174268,0,0,1
669.894780166,0,0,0
669.894780610,0,1,0
669.894782622,1,1,0
670.033389170,1,0,0
670.033390016,1,0,1
670.033391008,0,0,1
670.171996886,0,1,1
670.171997950,0,1,0
670.171999360,1,1,0
670.310664862,1,1,1
670.310666256,1,0,1
670.310667746,0,0,1
670.449273734,0,0,0
670.449274660,0,1,0
670.449276162,1,1,0
670.587882582,1,1,1
670.587883156,1,0,1
670.587884610,0,0,1
670.726490516,0,0,0
670.726492684,0,1,0
670.726492964,1,1,0
670.865099680,1,0,0
670.865100364,1,0,1
670.865101348,0,0,1
671.003707300,0,0,0
671.003708020,0,1,0
671.003709702,1,1,0
671.142316330,1,0,0
671.142317148,1,0,1
671.142318086,0,0,1
671.280923670,0,1,1
671.280925084,0,1,0
671.280925502,1,1,0
671.419531932,1,1,1
671.419531978,1,0,1
671.419533888,0,0,1
671.558171880,0,1,1
671.558172926,0,1,0
671.558173242,1,1,0
671.696809752,1,0,0
671.696810214,1,0,1
671.696811626,0,0,1
671.835417710,0,0,0
671.835417718,0,1,0
671.835420042,1,1,0
671.974026558,1,1,1
671.974027464,1,0,1
671.974028488,0,0,1
672.112634492,0,0,0
672.112634742,0,1,0
672.112635844,1,1,0
672.251242404,1,1,1
672.251244228,0,1,1
672.251244238,0,0,1
672.389850276,0,0,0
672.389850702,0,1,0
672.389852518,1,1,0
672.528458260,1,0,0
672.528459186,1,0,1
672.528461028,0,0,1
672.667067788,0,1,1
672.667068058,0,1,0
672.667069318,1,1,0
672.805675284,1,0,0
672.805676908,1,0,1
672.805677766,0,0,1
672.944282812,0,1,1
672.944282840,0,1,0
672.944285182,1,1,0
673.082890750,1,1,1
673.082891308,1,0,1
673.082893504,0,0,1
673.221500686,0,0,0
673.221500774,0,1,0
673.221501918,1,1,0
673.360108268,1,0,0
673.360108534,1,0,1
673.360110304,0,0,1
673.498717406,0,0,0
673.498717796,0,1,0
673.498718718,1,1,0
673.637324354,1,0,0
673.637325316,1,0,1
673.637327042,0,0,1
673.775931820,0,1,1
673.775933248,0,1,0
673.775934394,1,1,0
673.914540316,1,0,0
673.914542098,1,0,1
673.914542778,0,0,1
674.053180780,0,1,1
674.053181032,0,1,0
674.053182194,1,1,0
674.191788276,1,0,0
674.191788880,1,0,1
674.191790640,0,0,1
674.330394814,0,0,0
674.330396802,0,1,0
674.330397996,1,1,0
674.469003662,1,1,1
674.469004360,1,0,1
674.469006378,0,0,1
674.607612596,0,0,0
674.607612826,0,1,0
674.607614732,1,1,0
674.746221442,1,1,1
674.746222322,1,0,1
674.746223178,0,0,1
674.884828376,0,0,0
674.884828848,0,1,0
674.884831468,1,1,0
675.023437346,1,0,0
675.023438288,1,0,1
675.023439916,0,0,1
675.162075810,0,1,1
675.162077220,0,1,0
675.162078270,1,1,0
675.300684368,1,0,0
675.300686070,1,0,1
675.300686716,0,0,1
675.439353894,0,1,1
675.439353940,0,1,0
675.439356070,1,1,0
675.577961852,1,1,1
675.577962326,1,0,1
675.577963452,0,0,1
675.716569784,0,0,0
675.716569854,0,1,0
675.716571868,1,1,0
675.855177632,1,1,1
675.855179348,1,0,1
675.855180188,0,0,1
675.993786814,0,1,1
675.993787566,0,1,0
675.993788668,1,1,0
676.132394414,1,1,1
676.132395372,1,0,1
676.132396988,0,0,1
676.271002836,0,1,1
676.271004346,0,1,0
676.271005404,1,1,0
676.409672258,1,1,1
676.409672394,1,0,1
676.409674790,0,0,1
676.548279922,0,1,1
676.548281130,0,1,0
676.548282140,1,1,0
676.686918354,1,0,0
676.686920038,1,0,1
676.686921586,0,0,1
676.825527910,0,0,0
676.825528880,0,1,0
676.825529940,1,1,0
676.964165758,1,1,1
676.964166376,1,0,1
676.964168324,0,0,1
677.102775690,0,0,0
677.102775840,0,1,0
677.102776676,1,1,0
677.241383400,1,0,0
677.241383602,1,0,1
677.241385122,0,0,1
677.379989862,0,1,1
677.379990472,0,1,0
677.379992412,1,1,0
677.518598320,1,1,1
677.518599358,1,0,1
677.518600860,0,0,1
677.657237254,0,0,0
677.657238886,0,1,0
677.657240212,1,1,0
677.795845442,1,0,0
677.795847226,1,0,1
677.795848658,0,0,1
677.934484906,0,1,1
677.934485032,0,1,0
677.934487010,1,1,0
678.073123400,1,0,0
678.073124946,1,0,1
678.073125394,0,0,1
678.211731876,0,0,0
678.211732928,0,1,0
678.211733746,1,1,0
678.350340662,1,1,1
678.350341424,1,0,1
678.350342192,0,0,1
678.488948658,0,0,0
678.488948950,0,1,0
678.488950546,1,1,0
678.627556506,1,1,1
678.627557446,1,0,1
678.627558990,0,0,1
678.766164908,0,1,1
678.766165440,0,1,0
678.766166280,1,1,0
678.904803286,1,1,1
678.904803466,1,0,1
678.904805728,0,0,1
679.043411930,0,1,1
679.043413220,0,1,0
679.043414078,1,1,0
679.182111426,1,0,0
679.182112068,1,0,1
679.182113526,0,0,1
679.320719888,0,1,1
679.320721000,0,1,0
679.320721876,1,1,0
679.459358510,1,0,0
679.459358786,1,0,1
679.459360260,0,0,1
679.597998780,0,0,0
679.597998974,0,1,0
679.597999674,1,1,0
679.736605066,1,1,1
679.736605468,1,0,1
679.736606996,0,0,1
679.875213812,0,0,0
679.875213994,0,1,0
679.875215410,1,1,0
680.013821488,1,0,0
680.013823410,1,0,1
680.013823794,0,0,1
680.152460016,0,1,1
680.152460342,0,1,0
680.152462208,1,1,0
680.291068190,1,1,1
680.291069448,1,0,1
680.291070592,0,0,1
680.429677122,0,0,0
680.429677974,0,1,0
680.429678944,1,1,0
680.568285470,1,0,0
680.568286032,1,0,1
680.568287326,0,0,1
680.706893902,0,0,0
680.706893932,0,1,0
680.706895740,1,1,0
680.845502812,1,1,1
680.845503552,1,0,1
680.845504188,0,0,1
680.984109682,0,0,0
680.984109954,0,1,0
680.984111538,1,1,0
681.122717512,1,0,0
681.122717592,1,0,1
681.122719922,0,0,1
681.261325912,0,1,1
681.261327462,0,1,0
681.261328212,1,1,0
681.399934372,1,1,1
681.399934532,1,0,1
681.399936658,0,0,1
681.538543242,0,0,0
681.538543994,0,1,0
681.538545008,1,1,0
681.677151152,1,1,1
681.677152490,1,0,1
681.677153454,0,0,1
681.815760016,0,1,1
681.815760084,0,1,0
681.815761744,1,1,0
681.954366932,1,1,1
681.954367510,1,0,1
681.954369252,0,0,1
682.092975862,0,0,0
682.092977036,0,1,0
682.092977604,1,1,0
682.231613712,1,1,1
682.231615532,1,0,1
682.231616988,0,0,1
682.370221642,0,0,0
682.370223056,0,1,0
682.370224338,1,1,0
682.508830490,1,1,1
682.508830550,1,0,1
682.508832722,0,0,1
682.647470422,0,0,0
682.647471014,0,1,0
682.647472136,1,1,0
682.786078332,1,1,1
682.786078570,1,0,1
682.786079518,0,0,1
682.924687034,0,1,1
682.924687264,0,1,0
682.924687868,1,1,0
683.063294528,1,0,0
683.063295050,1,0,1
683.063296316,0,0,1
683.201931994,0,1,1
683.201932982,0,1,0
683.201934604,1,1,0
683.340540892,1,1,1
683.340541550,1,0,1
683.340543050,0,0,1
683.479149822,0,0,0
683.479151074,0,1,0
683.479151400,1,1,0
683.617758570,1,0,0
683.617759670,1,0,1
683.617759846,0,0,1
683.756365602,0,0,0
683.756367094,0,1,0
683.756368134,1,1,0
683.894975448,1,1,1
683.894975526,1,0,1
683.894976578,0,0,1
684.033584052,0,1,1
684.033584382,0,1,0
684.033584994,1,1,0
684.172191228,1,1,1
684.172191546,1,0,1
684.172192376,0,0,1
684.310860098,0,0,0
684.310861010,0,1,0
684.310861726,1,1,0
684.449498566,1,0,0
684.449499008,1,0,1
684.449501112,0,0,1
684.588138090,0,1,1
684.588138938,0,1,0
684.588139524,1,1,0
684.726746522,1,0,0
684.726746786,1,0,1
684.726747906,0,0,1
684.865355046,0,1,1
684.865355718,0,1,0
684.865356256,1,1,0
685.003962604,1,0,0
685.003962626,1,0,1
685.003963638,0,0,1
685.142601496,0,0,0
685.142602130,0,1,0
685.142603052,1,1,0
685.281208562,1,0,0
685.281210344,1,0,1
685.281211434,0,0,1
685.419818086,0,1,1
685.419818276,0,1,0
685.419819850,1,1,0
685.558425642,1,0,0
685.558426184,1,0,1
685.558427168,0,0,1
685.697064106,0,1,1
685.697065054,0,1,0
685.697066582,1,1,0
685.835672598,1,0,0
685.835672962,1,0,1
685.835674966,0,0,1
685.974280894,0,0,0
685.974281124,0,1,0
685.974282316,1,1,0
686.112889618,1,0,0
686.112889804,1,0,1
686.112890698,0,0,1
686.251497610,0,0,0
686.251498082,0,1,0
686.251499110,1,1,0
686.390105518,1,1,1
686.390106638,1,0,1
686.390107494,0,0,1
686.528713100,0,1,1
686.528714388,0,1,0
686.528715906,1,1,0
686.667322298,1,1,1
686.667322656,1,0,1
686.667324290,0,0,1
686.805930166,0,0,0
686.805931120,0,1,0
686.805931640,1,1,0
686.944536614,1,0,0
686.944538076,1,0,1
686.944540084,0,0,1
687.083145946,0,0,0
687.083147076,0,1,0
687.083148374,1,1,0
687.221754916,1,1,1
687.221755634,1,0,1
687.221756818,0,0,1
687.360392722,0,0,0
687.360394158,0,1,0
687.360395168,1,1,0
687.499001632,1,1,1
687.499002652,1,0,1
687.499003612,0,0,1
687.637639562,0,0,0
687.637640114,0,1,0
687.637641964,1,1,0
687.776247670,1,0,0
687.776249472,1,0,1
687.776250408,0,0,1
687.914856340,0,0,0
687.914857132,0,1,0
687.914858696,1,1,0
688.053465250,1,1,1
688.053465688,1,0,1
688.053467140,0,0,1
688.192102994,0,0,0
688.192104088,0,1,0
688.192105490,1,1,0
688.330711716,1,1,1
688.330712706,1,0,1
688.330713934,0,0,1
688.469319960,0,0,0
688.469320106,0,1,0
688.469322226,1,1,0
688.607928662,1,0,0
688.607928804,1,0,1
688.607930670,0,0,1
688.746567674,0,0,0
688.746568124,0,1,0
688.746569018,1,1,0
688.885174582,1,1,1
688.885176680,1,0,1
688.885177402,0,0,1
689.023783142,0,1,1
689.023784450,0,1,0
689.023785750,1,1,0
689.162392360,1,1,1
689.162392636,1,0,1
689.162394194,0,0,1
689.301001098,0,1,1
689.301001290,0,1,0
689.301002544,1,1,0
689.439608136,1,1,1
689.439608716,1,0,1
689.439609990,0,0,1
689.578216068,0,0,0
689.578217116,0,1,0
689.578218340,1,1,0
689.716824672,1,0,0
689.716824914,1,0,1
689.716826722,0,0,1
689.855432844,0,0,0
689.855434196,0,1,0
689.855435072,1,1,0
689.994041690,1,1,1
689.994043518,0,1,1
689.994043628,0,0,1
690.132650150,0,1,1
690.132650684,0,1,0
690.132651930,1,1,0
690.271257708,1,0,0
690.271258530,1,0,1
690.271259248,0,0,1
690.409866168,0,1,1
690.409866400,0,1,0
690.409867660,1,1,0
690.548473662,1,0,0
690.548474306,1,0,1
690.548476042,0,0,1
690.687082174,0,0,0
690.687084186,0,1,0
690.687084392,1,1,0
690.825690742,1,0,0
690.825692084,1,0,1
690.825692774,0,0,1
690.964328952,0,0,0
690.964329204,0,1,0
690.964331186,1,1,0
691.102968696,1,0,0
691.102968798,1,0,1
691.102970630,0,0,1
691.241576730,0,0,0
691.241577160,0,1,0
691.241577918,1,1,0
691.380183638,1,1,1
691.380185652,1,0,1
691.380186362,0,0,1
691.518793176,0,1,1
691.518793506,0,1,0
691.518794714,1,1,0
691.657401414,1,1,1
691.657402670,1,0,1
691.657403092,0,0,1
691.796010194,0,1,1
691.796010346,0,1,0
691.796011506,1,1,0
691.934648192,1,1,1
691.934648688,1,0,1
691.934649888,0,0,1
692.073256210,0,1,1
692.073257058,0,1,0
692.073258300,1,1,0
692.211864030,1,1,1
692.211865704,1,0,1
692.211866620,0,0,1
692.350471898,0,0,0
692.350473228,0,1,0
692.350475030,1,1,0
692.489080658,1,0,0
692.489080744,1,0,1
692.489082414,0,0,1
692.627720246,0,1,1
692.627720674,0,1,0
692.627721824,1,1,0
692.766328676,1,0,0
692.766329582,1,0,1
692.766330206,0,0,1
692.904966262,0,1,1
692.904966450,0,1,0
692.904968556,1,1,0
693.043573692,1,0,0
693.043575296,1,0,1
693.043576936,0,0,1
693.182213154,0,1,1
693.182213290,0,1,0
693.182215286,1,1,0
693.320821708,1,0,0
693.320822136,1,0,1
693.320823730,0,0,1
693.459430066,0,0,0
693.459430234,0,1,0
693.459432080,1,1,0
693.598038726,1,0,0
693.598038848,1,0,1
693.598040462,0,0,1
693.736645842,0,0,0
693.736647250,0,1,0
693.736648874,1,1,0
693.875253624,1,1,1
693.875254742,1,0,1
693.875256254,0,0,1
694.013862556,0,0,0
694.013863204,0,1,0
694.013864666,1,1,0
694.152501462,1,1,1
694.152503758,1,0,1
694.152504048,0,0,1
694.291109394,0,0,0
694.291110222,0,1,0
694.291111396,1,1,0
694.429749240,1,1,1
694.429749774,1,0,1
694.429750778,0,0,1
694.568356174,0,1,1
694.568357168,0,1,0
694.568359128,1,1,0
694.706964014,1,1,1
694.706965728,1,0,1
694.706966572,0,0,1
694.845572944,0,0,0
694.845573254,0,1,0
694.845574858,1,1,0
694.984179790,1,1,1
694.984182744,1,0,1
694.984183302,0,0,1
695.122819720,0,0,0
695.122821206,0,1,0
695.122822652,1,1,0
695.261427700,1,0,0
695.261428566,1,0,1
695.261430158,0,0,1
695.400035496,0,0,0
695.400037286,0,1,0
695.400038380,1,1,0
695.538645342,1,1,1
695.538645716,1,0,1
695.538646888,0,0,1
695.677253238,0,1,1
695.677253272,0,1,0
695.677255236,1,1,0
695.815891794,1,0,0
695.815892116,1,0,1
695.815893618,0,0,1
695.954531046,0,0,0
695.954532254,0,1,0
695.954532966,1,1,0
696.093138890,1,1,1
696.093139746,1,0,1
696.093140408,0,0,1
696.231777822,0,0,0
696.231778208,0,1,0
696.231779760,1,1,0
696.370386730,1,1,1
696.370386764,1,0,1
696.370388140,0,0,1
696.508992660,0,0,0
696.508994224,0,1,0
696.508995552,1,1,0
696.647602780,1,0,0
696.647602818,1,0,1
696.647603932,0,0,1
696.786210434,0,0,0
696.786211240,0,1,0
696.786212282,1,1,0
696.924849794,1,0,0
696.924850780,1,0,1
696.924851660,0,0,1
697.063456254,0,1,1
697.063458210,0,1,0
697.063459072,1,1,0
697.202064808,1,0,0
697.202066056,1,0,1
697.202067516,0,0,1
697.340673984,0,0,0
697.340674208,0,1,0
697.340675802,1,1,0
697.479281830,1,1,1
697.479282764,1,0,1
697.479284246,0,0,1
697.617890224,0,1,1
697.617891760,0,1,0
697.617892594,1,1,0
697.756498668,1,1,1
697.756499716,1,0,1
697.756500976,0,0,1
697.895106300,0,1,1
697.895106536,0,1,0
697.895108324,1,1,0
698.033714732,1,0,0
698.033715442,1,0,1
698.033716768,0,0,1
698.172322310,0,0,0
698.172323254,0,1,0
698.172325178,1,1,0
698.310961746,1,0,0
698.310962216,1,0,1
698.310963558,0,0,1
698.449569270,0,1,1
698.449571086,0,1,0
698.449571908,1,1,0
698.588177762,1,0,0
698.588177992,1,0,1
698.588180288,0,0,1
698.726816922,0,0,0
698.726817222,0,1,0
698.726818636,1,1,0
698.865425776,1,0,0
698.865426766,1,0,1
698.865427080,0,0,1
699.004033300,0,1,1
699.004033634,0,1,0
699.004035428,1,1,0
699.142641542,1,1,1
699.142641790,1,0,1
699.142643808,0,0,1
699.281250252,0,1,1
699.281251410,0,1,0
699.281252220,1,1,0
699.419858314,1,1,1
699.419858744,1,0,1
699.419860600,0,0,1
699.558467184,0,0,0
699.558468268,0,1,0
699.558469010,1,1,0
699.697073760,1,0,0
699.697075152,1,0,1
699.697076392,0,0,1
699.835683020,0,0,0
699.835683282,0,1,0
699.835684740,1,1,0
699.974290926,1,1,1
699.974291774,1,0,1
699.974293120,0,0,1
700.112899234,0,1,1
700.112900794,0,1,0
700.112901470,1,1,0
700.251507640,1,1,1
700.251507790,1,0,1
700.251509850,0,0,1
700.390146312,0,1,1
700.390146566,0,1,0
700.390148260,1,1,0
700.528754412,1,1,1
700.528754742,1,0,1
700.528756640,0,0,1
700.667393264,0,1,1
700.667393342,0,1,0
700.667395050,1,1,0
700.806001248,1,1,1
700.806002756,1,0,1
700.806003432,0,0,1
700.944610116,0,0,0
700.944610278,0,1,0
700.944611842,1,1,0
701.083218770,1,0,0
701.083219024,1,0,1
701.083220160,0,0,1
701.221825890,0,0,0
701.221826292,0,1,0
701.221828508,1,1,0
701.360434798,1,1,1
701.360434846,1,0,1
701.360435888,0,0,1
701.499073306,0,1,1
701.499073540,0,1,0
701.499075364,1,1,0
701.637711634,1,1,1
701.637711736,1,0,1
701.637713742,0,0,1
701.776320258,0,1,1
701.776320500,0,1,0
701.776322090,1,1,0
701.914928344,1,1,1
701.914928750,1,0,1
701.914930470,0,0,1
702.053537274,0,0,0
702.053538272,0,1,0
702.053538880,1,1,0
702.192144764,1,0,0
702.192146180,1,0,1
702.192147198,0,0,1
702.330751986,0,0,0
702.330753286,0,1,0
702.330754608,1,1,0
702.469360954,1,1,1
702.469361778,1,0,1
702.469362988,0,0,1
702.607968820,0,0,0
702.607970238,0,1,0
702.607971336,1,1,0
702.746578664,1,1,1
702.746578792,1,0,1
702.746579780,0,0,1
702.885187252,0,1,1
702.885187594,0,1,0
702.885188126,1,1,0
703.023793806,1,0,0
703.023795438,1,0,1
703.023796508,0,0,1
703.162402266,0,1,1
703.162402368,0,1,0
703.162403918,1,1,0
703.301009758,1,0,0
703.301011212,1,0,1
703.301012360,0,0,1
703.439619142,0,0,0
703.439619278,0,1,0
703.439620644,1,1,0
703.578227772,1,0,0
703.578227986,1,0,1
703.578229088,0,0,1
703.716864976,0,0,0
703.716865232,0,1,0
703.716867436,1,1,0
703.855504846,1,0,0
703.855505822,1,0,1
703.855506816,0,0,1
703.994112244,0,1,1
703.994112750,0,1,0
703.994114226,1,1,0
704.132720594,1,1,1
704.132720798,1,0,1
704.132722542,0,0,1
704.271329258,0,1,1
704.271329524,0,1,0
704.271330954,1,1,0
704.409937306,1,1,1
704.409937748,1,0,1
704.409939396,0,0,1
704.548545210,0,1,1
704.548546298,0,1,0
704.548547682,1,1,0
704.687184140,1,1,1
704.687184826,1,0,1
704.687186062,0,0,1
704.825792222,0,1,1
704.825793070,0,1,0
704.825794472,1,1,0
704.964400776,1,0,0
704.964401288,1,0,1
704.964402912,0,0,1
705.103009236,0,1,1
705.103010030,0,1,0
705.103011200,1,1,0
705.241646978,1,0,0
705.241647686,1,0,1
705.241649642,0,0,1
705.380255614,0,0,0
705.380256250,0,1,0
705.380257990,1,1,0
705.518863802,1,0,0
705.518864522,1,0,1
705.518866430,0,0,1
705.657534324,0,1,1
705.657534450,0,1,0
705.657535842,1,1,0
705.796170752,1,0,0
705.796173294,1,0,1
705.796174156,0,0,1
705.934810774,0,1,1
705.934811160,0,1,0
705.934812504,1,1,0
706.073419066,1,1,1
706.073420766,1,0,1
706.073420948,0,0,1
706.212026288,0,1,1
706.212026934,0,1,0
706.212029294,1,1,0
706.350634840,1,1,1
706.350635716,1,0,1
706.350637736,0,0,1
706.489243114,0,1,1
706.489243706,0,1,0
706.489246022,1,1,0
706.627852612,1,1,1
706.627852792,1,0,1
706.627854464,0,0,1
706.766491314,0,1,1
706.766491478,0,1,0
706.766492810,1,1,0
706.905129384,1,1,1
706.905130180,1,0,1
706.905131190,0,0,1
707.043738252,0,0,0
707.043738514,0,1,0
707.043739600,1,1,0
707.182376158,1,1,1
707.182376316,1,0,1
707.182377978,0,0,1
707.320983214,0,1,1
707.320986086,0,1,0
707.320986326,1,1,0
707.459591930,1,1,1
707.459594706,0,1,1
707.459594830,0,0,1
707.598201228,0,1,1
707.598201858,0,1,0
707.598203116,1,1,0
707.736808764,1,1,1
707.736809718,1,0,1
707.736811558,0,0,1
707.875447630,0,0,0
707.875448238,0,1,0
707.875449904,1,1,0
708.014056730,1,0,0
708.014057536,1,0,1
708.014058222,0,0,1
708.152694402,0,0,0
708.152695250,0,1,0
708.152696632,1,1,0
708.291303308,1,1,1
708.291303742,1,0,1
708.291305010,0,0,1
708.429943236,0,0,0
708.429944264,0,1,0
708.429944420,1,1,0
708.568549754,1,0,0
708.568550080,1,0,1
708.568551798,0,0,1
708.707159008,0,0,0
708.707159276,0,1,0
708.707160210,1,1,0
708.845766766,1,0,0
708.845766852,1,0,1
708.845768524,0,0,1
708.984374226,0,1,1
708.984375780,0,1,0
708.984376934,1,1,0
709.122983624,1,1,1
709.122983778,1,0,1
709.122985316,0,0,1
709.261592552,0,0,0
709.261592988,0,1,0
709.261593724,1,1,0
709.400198728,1,0,0
709.400199396,1,0,1
709.400201040,0,0,1
709.538807262,0,0,0
709.538808188,0,1,0
709.538809450,1,1,0
709.677447740,1,0,0
709.677448166,1,0,1
709.677448828,0,0,1
709.816084198,0,1,1
709.816086096,0,1,0
709.816087238,1,1,0
709.954693002,1,1,1
709.954693814,1,0,1
709.954695616,0,0,1
710.093302210,0,1,1
710.093302866,0,1,0
710.093304026,1,1,0
710.231909708,1,1,1
710.231909764,1,0,1
710.231912406,0,0,1
710.370517222,0,1,1
710.370517638,0,1,0
710.370519752,1,1,0
710.509126480,1,1,1
710.509126776,1,0,1
710.509128130,0,0,1
710.647734172,0,1,1
710.647735408,0,1,0
710.647736478,1,1,0
710.786342726,1,0,0
710.786344314,1,0,1
710.786344918,0,0,1
710.924951308,0,1,1
710.924952242,0,1,0
710.924953266,1,1,0
711.063558736,1,0,0
711.063560148,1,0,1
711.063561706,0,0,1
711.202167014,0,0,0
711.202168258,0,1,0
711.202169054,1,1,0
711.340774686,1,0,0
711.340775856,1,0,1
711.340777432,0,0,1
711.479414722,0,0,0
711.479415268,0,1,0
711.479416840,1,1,0
711.618021758,1,0,0
711.618023628,1,0,1
711.618024220,0,0,1
711.756661218,0,1,1
711.756661556,0,1,0
711.756663568,1,1,0
711.895270400,1,1,1
711.895270770,1,0,1
711.895271946,0,0,1
712.033877166,0,1,1
712.033877264,0,1,0
712.033879356,1,1,0
712.172486232,1,1,1
712.172486718,1,0,1
712.172487796,0,0,1
712.311095098,0,0,0
712.311096080,1,0,0
712.311096240,1,1,0
712.449701666,1,0,0
712.449703002,1,0,1
712.449704520,0,0,1
712.588311250,0,1,1
712.588311870,0,1,0
712.588312868,1,1,0
712.726918774,1,1,1
712.726919740,1,0,1
712.726921308,0,0,1
712.865528200,0,1,1
712.865528640,0,1,0
712.865529592,1,1,0
713.004134856,1,1,1
713.004135688,1,0,1
713.004137032,0,0,1
713.142744272,0,1,1
713.142744472,0,1,0
713.142745442,1,1,0
713.281352252,1,1,1
713.281352764,1,0,1
713.281353758,0,0,1
713.419960054,0,0,0
713.419961220,0,1,0
713.419962166,1,1,0
713.558598086,1,1,1
713.558599712,1,0,1
713.558600546,0,0,1
713.697238232,0,1,1
713.697238512,0,1,0
713.697239954,1,1,0
713.835844722,1,0,0
713.835845856,1,0,1
713.835847332,0,0,1
713.974452784,0,0,0
713.974455242,0,1,0
713.974455680,1,1,0
714.113061670,1,0,0
714.113063626,1,0,1
714.113064120,0,0,1
714.251670552,0,0,0
714.251671190,0,1,0
714.251672402,1,1,0
714.390278680,1,0,0
714.390279396,1,0,1
714.390280842,0,0,1
714.528917200,0,1,1
714.528917324,0,1,0
714.528919192,1,1,0
714.667556692,1,0,0
714.667557228,1,0,1
714.667558632,0,0,1
714.806164210,0,1,1
714.806165030,0,1,0
714.806165976,1,1,0
714.944771700,1,0,0
714.944772998,1,0,1
714.944774354,0,0,1
715.083380222,0,1,1
715.083380864,0,1,0
715.083382702,1,1,0
715.222018768,1,1,1
715.222019710,1,0,1
715.222021204,0,0,1
715.360628170,0,1,1
715.360628634,0,1,0
715.360629488,1,1,0
715.499266538,1,1,1
715.499267720,1,0,1
715.499268864,0,0,1
715.637874178,0,1,1
715.637874402,0,1,0
715.637876212,1,1,0
715.776482668,1,0,0
715.776483306,1,0,1
715.776484650,0,0,1
715.915091252,0,1,1
715.915092172,0,1,0
715.915092998,1,1,0
716.053700140,1,1,1
716.053700678,1,0,1
716.053701438,0,0,1
716.192307198,0,1,1
716.192308004,0,1,0
716.192309784,1,1,0
716.330915910,1,1,1
716.330916688,1,0,1
716.330918226,0,0,1
716.469523208,0,1,1
716.469523776,0,1,0
716.469525570,1,1,0
716.608131698,1,0,0
716.608132616,1,0,1
716.608133948,0,0,1
716.746740544,0,0,0
716.746741218,0,1,0
716.746742232,1,1,0
716.885348386,1,1,1
716.885348644,1,0,1
716.885350672,0,0,1
717.023957164,0,1,1
717.023957312,0,1,0
717.023959082,1,1,0
717.162565716,1,0,0
717.162566156,1,0,1
717.162567458,0,0,1
717.301174082,0,0,0
717.301174114,0,1,0
717.301175866,1,1,0
717.439811986,1,1,1
717.439812664,1,0,1
717.439814244,0,0,1
717.578450852,0,0,0
717.578451184,0,1,0
717.578452590,1,1,0
717.717058672,1,0,0
717.717058756,1,0,1
717.717060966,0,0,1
717.855667130,0,1,1
717.855667684,0,1,0
717.855669314,1,1,0
717.994305526,1,1,1
717.994305682,1,0,1
717.994307754,0,0,1
718.132913452,0,0,0
718.132915140,0,1,0
718.132916100,1,1,0
718.271522628,1,0,0
718.271523294,1,0,1
718.271524476,0,0,1
718.410131150,0,1,1
718.410131222,0,1,0
718.410132886,1,1,0
718.548768638,1,0,0
718.548770066,1,0,1
718.548771264,0,0,1
718.687407990,0,0,0
718.687408096,0,1,0
718.687409608,1,1,0
718.826016832,1,1,1
718.826017648,1,0,1
718.826017986,0,0,1
718.964624166,0,1,1
718.964624698,0,1,0
718.964626392,1,1,0
719.103232656,1,0,0
719.103232664,1,0,1
719.103234834,0,0,1
719.241842112,0,1,1
719.241842530,0,1,0
719.241843116,1,1,0
719.380449604,1,0,0
719.380450432,1,0,1
719.380451556,0,0,1
719.519057360,0,0,0
719.519058122,0,1,0
719.519059904,1,1,0
719.657696202,1,1,1
719.657697610,1,0,1
719.657698344,0,0,1
719.796334066,0,0,0
719.796335068,0,1,0
719.796336626,1,1,0
719.934973908,1,1,1
719.934975682,1,0,1
719.934976064,0,0,1
720.073581834,0,0,0
720.073582076,0,1,0
720.073583410,1,1,0
720.212189628,1,0,0
720.212189738,1,0,1
720.212191788,0,0,1
720.350799086,0,1,1
720.350799604,0,1,0
720.350800134,1,1,0
720.489406638,1,0,0
720.489407508,1,0,1
720.489408574,0,0,1
720.628014372,0,0,0
720.628016032,0,1,0
720.628016918,1,1,0
720.766623584,1,0,0
720.766624338,1,0,1
720.766625358,0,0,1
720.905261202,0,0,0
720.905262042,0,1,0
720.905263702,1,1,0
721.043870044,1,1,1
721.043870654,1,0,1
721.043872082,0,0,1
721.182509112,0,1,1
721.182509970,0,1,0
721.182510490,1,1,0
721.321116812,1,1,1
721.321117602,1,0,1
721.321118804,0,0,1
721.459754552,0,0,0
721.459756058,0,1,0
721.459757150,1,1,0
721.598362582,1,1,1
721.598364610,1,0,1
721.598365588,0,0,1
721.736971508,0,0,0
721.736973066,0,1,0
721.736973998,1,1,0
721.875581618,1,0,0
721.875581724,1,0,1
721.875582312,0,0,1
722.014188074,0,1,1
722.014190464,0,1,0
722.014190780,1,1,0
722.152827564,1,0,0
722.152828180,1,0,1
722.152829158,0,0,1
722.291435082,0,1,1
722.291437044,0,1,0
722.291437504,1,1,0
722.430043950,1,1,1
722.430044572,1,0,1
722.430045882,0,0,1
722.568682028,0,1,1
722.568682814,0,1,0
722.568684228,1,1,0
722.707290716,1,1,1
722.707291580,1,0,1
722.707292666,0,0,1
722.845929642,0,0,0
722.845930036,0,1,0
722.845931010,1,1,0
722.984537420,1,1,1
722.984537588,1,0,1
722.984539388,0,0,1
723.123145044,0,1,1
723.123145348,0,1,0
723.123147734,1,1,0
723.261754314,1,1,1
723.261754534,1,0,1
723.261756172,0,0,1
723.400362052,0,1,1
723.400363116,0,1,0
723.400364516,1,1,0
723.538970604,1,0,0
723.538971020,1,0,1
723.538972958,0,0,1
723.677578882,0,0,0
723.677578998,0,1,0
723.677580302,1,1,0
723.816186612,1,0,0
723.816186850,1,0,1
723.816188680,0,0,1
723.954794714,0,0,0
723.954796068,0,1,0
723.954797024,1,1,0
724.093403554,1,1,1
724.093404558,1,0,1
724.093405400,0,0,1
724.232011420,0,0,0
724.232012014,0,1,0
724.232013808,1,1,0
724.370620322,1,1,1
724.370620564,1,0,1
724.370622186,0,0,1
724.509227022,0,1,1
724.509229248,0,1,0
724.509229592,1,1,0
724.647836090,1,1,1
724.647836572,1,0,1
724.647838032,0,0,1
724.786444016,0,0,0
724.786444030,0,1,0
724.786446314,1,1,0
724.925052858,1,1,1
724.925054518,1,0,1
724.925054754,0,0,1
725.063690974,0,1,1
725.063691784,0,1,0
725.063693098,1,1,0
725.202330686,1,1,1
725.202331524,1,0,1
725.202332474,0,0,1
725.340939488,0,0,0
725.340939920,0,1,0
725.340940818,1,1,0
725.479546392,1,1,1
725.479547532,1,0,1
725.479548196,0,0,1
725.618154990,0,1,1
725.618155380,0,1,0
725.618156602,1,1,0
725.756762158,1,1,1
725.756763540,1,0,1
725.756765042,0,0,1
725.895371058,0,1,1
725.895373084,0,1,0
725.895373386,1,1,0
726.033979926,1,1,1
726.033980484,1,0,1
726.033981764,0,0,1
726.172589004,0,1,1
726.172589914,0,1,0
726.172590108,1,1,0
726.311196492,1,0,0
726.311196694,1,0,1
726.311197548,0,0,1
726.449803682,0,0,0
726.449803948,0,1,0
726.449805890,1,1,0
726.588412460,1,1,1
726.588412502,1,0,1
726.588414330,0,0,1
726.727019386,0,0,0
726.727021956,0,1,0
726.727022612,1,1,0
726.865629442,1,0,0
726.865630288,1,0,1
726.865631052,0,0,1
727.004236962,0,1,1
727.004237152,0,1,0
727.004239458,1,1,0
727.142844512,1,0,0
727.142846056,1,0,1
727.142846772,0,0,1
727.281452968,0,1,1
727.281453920,0,1,0
727.281455180,1,1,0
727.420061518,1,0,0
727.420062824,1,0,1
727.420063556,0,0,1
727.558669976,0,1,1
727.558670686,0,1,0
727.558671902,1,1,0
727.697278526,1,0,0
727.697279588,1,0,1
727.697280340,0,0,1
727.835915982,0,1,1
727.835916452,0,1,0
727.835918684,1,1,0
727.974524356,1,1,1
727.974526532,1,0,1
727.974527060,0,0,1
728.113132926,0,1,1
728.113134218,0,1,0
728.113135468,1,1,0
728.251741122,1,1,1
728.251741476,1,0,1
728.251743844,0,0,1
728.390348932,0,1,1
728.390349986,0,1,0
728.390351188,1,1,0
728.528957484,1,0,0
728.528957950,1,0,1
728.528959562,0,0,1
728.667566000,0,1,1
728.667566814,0,1,0
728.667567970,1,1,0
728.806174716,1,1,1
728.806176346,0,1,1
728.806176490,0,0,1
728.944781944,0,1,1
728.944783580,0,1,0
728.944784752,1,1,0
729.083390420,1,1,1
729.083391434,1,0,1
729.083393128,0,0,1
729.221998346,0,0,0
729.221999950,0,1,0
729.222001472,1,1,0
729.360607188,1,1,1
729.360607440,1,0,1
729.360608912,0,0,1
729.499215112,0,0,0
729.499215894,0,1,0
729.499217256,1,1,0
729.637823444,1,0,0
729.637824016,1,0,1
729.637825630,0,0,1
729.776431878,0,0,0
729.776431900,0,1,0
729.776434038,1,1,0
729.915040452,1,0,0
729.915041782,1,0,1
729.915042414,0,0,1
730.053649144,0,0,0
730.053649906,0,1,0
730.053650760,1,1,0
730.192256458,1,0,0
730.192256548,1,0,1
730.192258134,0,0,1
730.330864852,0,1,1
730.330865472,0,1,0
730.330866540,1,1,0
730.469503312,1,1,1
730.469503462,1,0,1
730.469505916,0,0,1
730.608110114,0,0,0
730.608111920,0,1,0
730.608113322,1,1,0
730.746719078,1,1,1
730.746720468,1,0,1
730.746721700,0,0,1
730.885357940,0,0,0
730.885359924,0,1,0
730.885360982,1,1,0
731.023966474,1,0,0
731.023967906,1,0,1
731.023968418,0,0,1
731.162574868,0,1,1
731.162575706,0,1,0
731.162576826,1,1,0
731.301183416,1,0,0
731.301183610,1,0,1
731.301185264,0,0,1
731.439791874,0,1,1
731.439792534,0,1,0
731.439793544,1,1,0
731.578429440,1,1,1
731.578431360,1,0,1
731.578431920,0,0,1
731.717069878,0,1,1
731.717070236,0,1,0
731.717071328,1,1,0
731.855677140,1,1,1
731.855678366,1,0,1
731.855679702,0,0,1
731.994285064,0,0,0
731.994285884,0,1,0
731.994287046,1,1,0
732.132893308,1,0,0
732.132893906,1,0,1
732.132895484,0,0,1
732.271500826,0,1,1
732.271502830,0,1,0
732.271503890,1,1,0
732.410110376,1,0,0
732.410110734,1,0,1
732.410112266,0,0,1
732.548718658,0,0,0
732.548718832,0,1,0
732.548720610,1,1,0
732.687327382,1,0,0
732.687327500,1,0,1
732.687328986,0,0,1
732.825935422,0,0,0
732.825935836,0,1,0
732.825936392,1,1,0
732.964542264,1,1,1
732.964542386,1,0,1
732.964544704,0,0,1
733.103150842,0,1,1
733.103151126,0,1,0
733.103153112,1,1,0
733.241759966,1,1,1
733.241760330,1,0,1
733.241761548,0,0,1
733.380367846,0,1,1
733.380367892,0,1,0
733.380369892,1,1,0
733.519005732,1,1,1
733.519006334,1,0,1
733.519008268,0,0,1
733.657645656,0,0,0
733.657645790,0,1,0
733.657647674,1,1,0
733.796252340,1,0,0
733.796253558,1,0,1
733.796255048,0,0,1
733.934892794,0,1,1
733.934893422,0,1,0
733.934894392,1,1,0
734.073501282,1,0,0
734.073501322,1,0,1
734.073502768,0,0,1
734.212107186,0,0,0
734.212107800,0,1,0
734.212110174,1,1,0
734.350717088,1,1,1
734.350717348,1,0,1
734.350718486,0,0,1
734.489324802,0,1,1
734.489325014,0,1,0
734.489326956,1,1,0
734.627933290,1,0,0
734.627933854,1,0,1
734.627935330,0,0,1
734.766571808,0,1,1
734.766572716,0,1,0
734.766573736,1,1,0
734.905211294,1,0,0
734.905211680,1,0,1
734.905213048,0,0,1
735.043818480,0,0,0
735.043818750,0,1,0
735.043820390,1,1,0
735.182457238,1,0,0
735.182457444,1,0,1
735.182459828,0,0,1
735.321065818,0,1,1
735.321066308,0,1,0
735.321068174,1,1,0
735.459674242,1,0,0
735.459675210,1,0,1
735.459676610,0,0,1
735.598282070,0,0,0
735.598282758,0,1,0
735.598283952,1,1,0
735.736921910,1,1,1
735.736922246,1,0,1
735.736923328,0,0,1
735.875528764,0,1,1
735.875529834,0,1,0
735.875531670,1,1,0
736.014137250,1,0,0
736.014137736,1,0,1
736.014139108,0,0,1
736.152745600,0,0,0
736.152745768,0,1,0
736.152747452,1,1,0
736.291353254,1,0,0
736.291353502,1,0,1
736.291355828,0,0,1
736.429962364,0,0,0
736.429962710,0,1,0
736.429964170,1,1,0
736.568600258,1,0,0
736.568601264,1,0,1
736.568602608,0,0,1
736.707208128,0,0,0
736.707209776,0,1,0
736.707210888,1,1,0
736.845817092,1,1,1
736.845819260,1,0,1
736.845819388,0,0,1
736.984425716,0,1,1
736.984426890,0,1,0
736.984427730,1,1,0
737.123033794,1,1,1
737.123034204,1,0,1
737.123036104,0,0,1
737.261641656,0,0,0
737.261641720,0,1,0
737.261643512,1,1,0
737.400249268,1,0,0
737.400249558,1,0,1
737.400251824,0,0,1
737.538858544,0,0,0
737.538858724,0,1,0
737.538860228,1,1,0
737.677467210,1,0,0
737.677467320,1,0,1
737.677468604,0,0,1
737.816105182,0,0,0
737.816105728,0,1,0
737.816107010,1,1,0
737.954713146,1,1,1
737.954714214,1,0,1
737.954715382,0,0,1
738.093321446,0,0,0
738.093322668,0,1,0
738.093323788,1,1,0
738.231959660,1,1,1
738.231960218,1,0,1
738.231962162,0,0,1
738.370599896,0,0,0
738.370600672,0,1,0
738.370601444,1,1,0
738.509208158,1,0,0
738.509208674,1,0,1
738.509209880,0,0,1
738.647814676,0,1,1
738.647816348,0,1,0
738.647817224,1,1,0
738.786423160,1,0,0
738.786424438,1,0,1
738.786425660,0,0,1
738.925032678,0,1,1
738.925033362,0,1,0
738.925034004,1,1,0
739.063640164,1,0,0
739.063641200,1,0,1
739.063642378,0,0,1
739.202248682,0,1,1
739.202249124,0,1,0
739.202250782,1,1,0
739.340857170,1,0,0
739.340857964,1,0,1
739.340859158,0,0,1
739.479464888,0,0,0
739.479465560,0,1,0
739.479466562,1,1,0
739.618073170,1,0,0
739.618073728,1,0,1
739.618074874,0,0,1
739.756681626,0,1,1
739.756682652,0,1,0
739.756683278,1,1,0
739.895289110,1,0,0
739.895290552,1,0,1
739.895291654,0,0,1
740.033897566,0,1,1
740.033898412,0,1,0
740.033900060,1,1,0
740.172507114,1,0,0
740.172507314,1,0,1
740.172508432,0,0,1
740.311113176,0,0,0
740.311114632,0,1,0
740.311115774,1,1,0
740.449721078,1,1,1
740.449722118,1,0,1
740.449724210,0,0,1
740.588330572,0,1,1
740.588330940,0,1,0
740.588332494,1,1,0
740.726938840,1,1,1
740.726940120,1,0,1
740.726940928,0,0,1
740.865547700,0,0,0
740.865548574,0,1,0
740.865549270,1,1,0
741.004155060,1,0,0
741.004155602,1,0,1
741.004157706,0,0,1
741.142763576,0,1,1
741.142764526,0,1,0
741.142765988,1,1,0
741.281371366,1,1,1
741.281372064,1,0,1
741.281373486,0,0,1
741.419979516,0,1,1
741.419980290,0,1,0
741.419981828,1,1,0
741.558618128,1,1,1
741.558620002,1,0,1
741.558621202,0,0,1
741.697225518,0,1,1
741.697227050,0,1,0
741.697228544,1,1,0
741.835833890,1,1,1
741.835836068,1,0,1
741.835836982,0,0,1
741.974442814,0,0,0
741.974444584,0,1,0
741.974445324,1,1,0
742.113051714,1,1,1
742.113052070,1,0,1
742.113053762,0,0,1
742.251659638,0,0,0
742.251660524,0,1,0
742.251662102,1,1,0
742.390268260,1,0,0
742.390269478,1,0,1
742.390270476,0,0,1
742.528875526,0,1,1
742.528876402,0,1,0
742.528877880,1,1,0
742.667484176,1,1,1
742.667485012,1,0,1
742.667486192,0,0,1
742.806093100,0,0,0
742.806093466,0,1,0
742.806094534,1,1,0
742.944700576,1,0,0
742.944701000,1,0,1
742.944702910,0,0,1
743.083309906,0,1,1
743.083309924,0,1,0
743.083311376,1,1,0
743.221917764,1,1,1
743.221919016,1,0,1
743.221919750,0,0,1
743.360525470,0,1,1
743.360525624,0,1,0
743.360527092,1,1,0
743.499164588,1,1,1
743.499165456,1,0,1
743.499166466,0,0,1
743.637772450,0,0,0
743.637773784,0,1,0
743.637774870,1,1,0
743.776381020,1,0,0
743.776382348,1,0,1
743.776383244,0,0,1
743.914988474,0,1,1
743.914989210,0,1,0
743.914990586,1,1,0
744.053597110,1,1,1
744.053597772,1,0,1
744.053599022,0,0,1
744.192205476,0,1,1
744.192205972,0,1,0
744.192207302,1,1,0
744.330874810,1,1,1
744.330876522,1,0,1
744.330876740,0,0,1
744.469482734,0,0,0
744.469483476,0,1,0
744.469485142,1,1,0
744.608090964,1,0,0
744.608091636,1,0,1
744.608093516,0,0,1
744.746730418,0,1,1
744.746730496,0,1,0
744.746731920,1,1,0
744.885338334,1,1,1
744.885338964,1,0,1
744.885340232,0,0,1
745.023946320,0,0,0
745.023946482,0,1,0
745.023948636,1,1,0
745.162553966,1,0,0
745.162554158,1,0,1
745.162555948,0,0,1
745.301162080,0,0,0
745.301162482,0,1,0
745.301164414,1,1,0
745.439770906,1,0,0
745.439771982,1,0,1
745.439772726,0,0,1
745.578378780,0,0,0
745.578379422,0,1,0
745.578381132,1,1,0
745.717017682,1,1,1
745.717017906,1,0,1
745.717019504,0,0,1
745.855625604,0,0,0
745.855626424,0,1,0
745.855627908,1,1,0
745.994234504,1,1,1
745.994235908,1,0,1
745.994236218,0,0,1
746.132842366,0,0,0
746.132842424,0,1,0
746.132844686,1,1,0
746.271450848,1,0,0
746.271451266,1,0,1
746.271453058,0,0,1
746.410059364,0,1,1
746.410060126,0,1,0
746.410061400,1,1,0
746.548666848,1,0,0
746.548668028,1,0,1
746.548668838,0,0,1
746.687306364,0,1,1
746.687306888,0,1,0
746.687308178,1,1,0
746.825913788,1,1,1
746.825914850,1,0,1
746.825916552,0,0,1
746.964521366,0,1,1
746.964521712,0,1,0
746.964523892,1,1,0
747.103130550,1,1,1
747.103131852,1,0,1
747.103132330,0,0,1
747.241739368,0,1,1
747.241739472,0,1,0
747.241740670,1,1,0
747.380437310,1,1,1
747.380437852,1,0,1
747.380440044,0,0,1
747.519138232,0,0,0
747.519138306,0,1,0
747.519140448,1,1,0
747.657868854,1,0,0
747.657869134,1,0,1
747.657870758,0,0,1
747.796567994,0,0,0
747.796568306,0,1,0
747.796570162,1,1,0
747.935297854,1,0,0
747.935299894,1,0,1
747.935300598,0,0,1
748.073997756,0,0,0
748.073998306,0,1,0
748.073999878,1,1,0
748.212698654,1,1,1
748.212698728,1,0,1
748.212700312,0,0,1
748.351398244,0,1,1
748.351398516,0,1,0
748.351399590,1,1,0
748.490098416,1,1,1
748.490098792,1,0,1
748.490100026,0,0,1
748.628797276,0,0,0
748.628797308,0,1,0
748.628799430,1,1,0
748.767497176,1,1,1
748.767497730,1,0,1
748.767498804,0,0,1
748.906227038,0,0,0
748.906227246,0,1,0
748.906229144,1,1,0
749.044926730,1,0,0
749.044928874,1,0,1
749.044929580,0,0,1
749.183627244,0,1,1
749.183627798,0,1,0
749.183628922,1,1,0
749.322327698,1,1,1
749.322327730,1,0,1
749.322329294,0,0,1
749.461027246,0,1,1
749.461027558,0,1,0
749.461028698,1,1,0
749.599726458,1,1,1
749.599726730,1,0,1
749.599728134,0,0,1
749.738427182,0,1,1
749.738427380,0,1,0
749.738428350,1,1,0
749.877125156,1,1,1
749.877125730,1,0,1
749.877127786,0,0,1
750.015856182,0,1,1
750.015857080,0,1,0
750.015858126,1,1,0
750.154554980,1,1,1
750.154555666,1,0,1
750.154557562,0,0,1
750.293255182,0,1,1
750.293255840,0,1,0
750.293257966,1,1,0
750.431986666,1,0,0
750.431987740,1,0,1
750.431988274,0,0,1
750.570747120,0,1,1
750.570747662,0,1,0
750.570748742,1,1,0
750.709447562,1,1,1
750.709447604,1,0,1
750.709449052,0,0,1
750.848146362,0,0,0
750.848147118,0,1,0
750.848148456,1,1,0
750.986845602,1,0,0
750.986846260,1,0,1
750.986847828,0,0,1
751.125546118,0,1,1
751.125546182,0,1,0
751.125548170,1,1,0
751.264245082,1,1,1
751.264245666,1,0,1
751.264247542,0,0,1
751.402975880,0,0,0
751.402976118,0,1,0
751.402978006,1,1,0
751.541674602,1,0,0
751.541675780,1,0,1
751.541677254,0,0,1
751.680375702,0,0,0
751.680376116,0,1,0
751.680377658,1,1,0
751.819105600,1,0,0
751.819105602,1,0,1
751.819108030,0,0,1
751.957805462,0,0,0
751.957806052,0,1,0
751.957807434,1,1,0
752.096505300,1,1,1
752.096505600,1,0,1
752.096506868,0,0,1
752.235205222,0,0,0
752.235206052,0,1,0
752.235207210,1,1,0
752.373903536,1,0,0
752.373905122,1,0,1
752.373906582,0,0,1
752.512604982,0,0,0
752.512606052,0,1,0
752.512606924,1,1,0
752.651334880,1,1,1
752.651335534,1,0,1
752.651337294,0,0,1
752.790065050,0,1,1
752.790065740,0,1,0
752.790066698,1,1,0
752.928765642,1,1,1
752.928766534,1,0,1
752.928767070,0,0,1
753.067464500,0,0,0
753.067464988,0,1,0
753.067466410,1,1,0
753.206164336,1,1,1
753.206165534,1,0,1
753.206166784,0,0,1
753.344864260,0,0,0
753.344864986,0,1,0
753.344866186,1,1,0
753.483562470,1,0,0
753.483564158,1,0,1
753.483565558,0,0,1
753.622293018,0,0,0
753.622293984,0,1,0
753.622295960,1,1,0
753.760994918,1,1,1
753.760995468,1,0,1
753.760996396,0,0,1
753.899692920,0,1,1
753.899693840,0,1,0
753.899695674,1,1,0
754.038393614,1,1,1
754.038395466,1,0,1
754.038396048,0,0,1
754.177093982,0,1,1
754.177094538,0,1,0
754.177095450,1,1,0
754.315792436,1,1,1
754.315793464,1,0,1
754.315794822,0,0,1
754.454493358,0,0,0
754.454493918,0,1,0
754.454495226,1,1,0
754.593193194,1,1,1
754.593193462,1,0,1
754.593194598,0,0,1
754.731892852,0,1,1
754.731894054,0,1,0
754.731894998,1,1,0
754.870592954,1,1,1
754.870593400,1,0,1
754.870594310,0,0,1
755.009322914,0,1,1
755.009323000,0,1,0
755.009324712,1,1,0
755.148052396,1,0,0
755.148053840,1,0,1
755.148055022,0,0,1
755.286752634,0,0,0
755.286752912,0,1,0
755.286754424,1,1,0
755.425452396,1,0,0
755.425452472,1,0,1
755.425454858,0,0,1
755.564181848,0,1,1
755.564182454,0,1,0
755.564184198,1,1,0
755.702882292,1,1,1
755.702882394,1,0,1
755.702884570,0,0,1
755.841582844,0,1,1
755.841583150,0,1,0
755.841583974,1,1,0
755.980312050,1,1,1
755.980313328,1,0,1
755.980314344,0,0,1
756.119012842,0,1,1
756.119012910,0,1,0
756.119014748,1,1,0
756.257712326,1,0,0
756.257712746,1,0,1
756.257714056,0,0,1
756.396411668,0,0,0
756.396411840,0,1,0
756.396413460,1,1,0
756.535111324,1,0,0
756.535112568,1,0,1
756.535113830,0,0,1
756.673811426,0,0,0
756.673812776,0,1,0
756.673813172,1,1,0
756.812510322,1,0,0
756.812511326,1,0,1
756.812512544,0,0,1
756.951210246,0,0,0
756.951210772,0,1,0
756.951212946,1,1,0
757.089910084,1,1,1
757.089911320,1,0,1
757.089912316,0,0,1
757.228610708,0,1,1
757.228610942,0,1,0
757.228612656,1,1,0
757.367340842,1,1,1
757.367341254,1,0,1
757.367343092,0,0,1
757.506040700,0,0,0
757.506040706,0,1,0
757.506042432,1,1,0
757.644739250,1,0,0
757.644740600,1,0,1
757.644741804,0,0,1
757.783440522,0,0,0
757.783440702,0,1,0
757.783442144,1,1,0
757.922140186,1,0,0
757.922140358,1,0,1
757.922141578,0,0,1
758.060840216,0,0,0
758.060840700,0,1,0
758.060841978,1,1,0
758.199539116,1,1,1
758.199539184,1,0,1
758.199541288,0,0,1
758.338238036,0,0,0
758.338239760,0,1,0
758.338240690,1,1,0
758.476938872,1,1,1
758.476939180,1,0,1
758.476941126,0,0,1
758.615638794,0,0,0
758.615639694,0,1,0
758.615640402,1,1,0
758.754337692,1,1,1
758.754338176,1,0,1
758.754339774,0,0,1
758.893037690,0,1,1
758.893039550,0,1,0
758.893040176,1,1,0
759.031738174,1,0,0
759.031738450,1,0,1
759.031739610,0,0,1
759.170498564,0,1,1
759.170500310,0,1,0
759.170500888,1,1,0
759.309229170,1,0,0
759.309230206,1,0,1
759.309231258,0,0,1
759.447959620,0,1,1
759.447960068,0,1,0
759.447961662,1,1,0
759.586658964,1,1,1
759.586660104,1,0,1
759.586661030,0,0,1
759.725357886,0,0,0
759.725359618,0,1,0
759.725360370,1,1,0
759.864059100,1,0,0
759.864059660,1,0,1
759.864060804,0,0,1
760.002788580,0,0,0
760.002789614,0,1,0
760.002791142,1,1,0
760.141487034,1,0,0
760.141488478,1,0,1
760.141490514,0,0,1
760.280186486,0,1,1
760.280189336,0,1,0
760.280189916,1,1,0
760.418888030,1,0,0
760.418888236,1,0,1
760.418890288,0,0,1
760.557587094,0,0,0
760.557587544,0,1,0
760.557589628,1,1,0
760.696287028,1,0,0
760.696288930,1,0,1
760.696290062,0,0,1
760.834986540,0,1,1
760.834986850,0,1,0
760.834989400,1,1,0
760.973686750,1,1,1
760.973687024,1,0,1
760.973688772,0,0,1
761.112387536,0,1,1
761.112387670,0,1,0
761.112389174,1,1,0
761.251085504,1,1,1
761.251086956,1,0,1
761.251088542,0,0,1
761.389817426,0,0,0
761.389817472,0,1,0
761.389818884,1,1,0
761.528546952,1,0,0
761.528547262,1,0,1
761.528549254,0,0,1
761.667246466,0,1,1
761.667247182,0,1,0
761.667248592,1,1,0
761.805947080,1,1,1
761.805948012,1,0,1
761.805949026,0,0,1
761.944646400,0,1,1
761.944646938,0,1,0
761.944648428,1,1,0
762.083346774,1,1,1
762.083347944,1,0,1
762.083348736,0,0,1
762.222045694,0,0,0
762.222046458,0,1,0
762.222048138,1,1,0
762.360745940,1,0,0
762.360746594,1,0,1
762.360747572,0,0,1
762.499445450,0,0,0
762.499446392,0,1,0
762.499447910,1,1,0
762.638145348,1,1,1
762.638145872,1,0,1
762.638147218,0,0,1
762.776844386,0,1,1
762.776845208,0,1,0
762.776846620,1,1,0
762.915544868,1,0,0
762.915546106,1,0,1
762.915547052,0,0,1
763.054244964,0,0,0
763.054245320,0,1,0
763.054246330,1,1,0
763.192943864,1,0,0
763.192944862,1,0,1
763.192946762,0,0,1
763.331644314,0,1,1
763.331644782,0,1,0
763.331646164,1,1,0
763.470373862,1,0,0
763.470374430,1,0,1
763.470376474,0,0,1
763.609073474,0,0,0
763.609075310,0,1,0
763.609075874,1,1,0
763.747774374,1,1,1
763.747775792,1,0,1
763.747776306,0,0,1
763.886504230,0,0,0
763.886505304,0,1,0
763.886506582,1,1,0
764.025203788,1,0,0
764.025205128,1,0,1
764.025206014,0,0,1
764.163934238,0,1,1
764.163934986,0,1,0
764.163936354,1,1,0
764.302633782,1,0,0
764.302633884,1,0,1
764.302635786,0,0,1
764.441334294,0,1,1
764.441335804,0,1,0
764.441336126,1,1,0
764.580033576,1,1,1
764.580033716,1,0,1
764.580035434,0,0,1
764.718733558,0,0,0
764.718734228,0,1,0
764.718735834,1,1,0
764.857463456,1,1,1
764.857463710,1,0,1
764.857465268,0,0,1
764.996164224,0,1,1
764.996164252,0,1,0
764.996165606,1,1,0
765.134862212,1,1,1
765.134863704,1,0,1
765.134865038,0,0,1
765.273563070,0,0,0
765.273563218,0,1,0
765.273565378,1,1,0
765.412261700,1,0,0
765.412263904,1,0,1
765.412264748,0,0,1
765.550962826,0,0,0
765.550964086,1,0,0
765.550964150,1,1,0
765.689661694,1,0,0
765.689662722,1,0,1
765.689664520,0,0,1
765.828361580,0,0,0
765.828362082,0,1,0
765.828363858,1,1,0
765.967122688,1,0,0
765.967123476,1,0,1
765.967125228,0,0,1
766.105822398,0,0,0
766.105823076,0,1,0
766.105824630,1,1,0
766.244521232,1,1,1
766.244522620,1,0,1
766.244524000,0,0,1
766.383222090,0,0,0
766.383222132,0,1,0
766.383224336,1,1,0
766.521952614,1,0,0
766.521952988,1,0,1
766.521954708,0,0,1
766.660651844,0,0,0
766.660652066,0,1,0
766.660654046,1,1,0
766.799350608,1,0,0
766.799351742,1,0,1
766.799353478,0,0,1
766.938051060,0,1,1
766.938052660,0,1,0
766.938053816,1,1,0
767.076751496,1,1,1
767.076752540,1,0,1
767.076753186,0,0,1
767.215450054,0,1,1
767.215451416,0,1,0
767.215453586,1,1,0
767.354151252,1,1,1
767.354151534,1,0,1
767.354153020,0,0,1
767.492851046,0,1,1
767.492851108,0,1,0
767.492852296,1,1,0
767.631549006,1,1,1
767.631550528,1,0,1
767.631552728,0,0,1
767.770250924,0,0,0
767.770250980,0,1,0
767.770252068,1,1,0
767.908950460,1,0,0
767.908951822,1,0,1
767.908952500,0,0,1
768.047649618,0,0,0
768.047649972,0,1,0
768.047651774,1,1,0
768.186380516,1,0,0
768.186381576,1,0,1
768.186382206,0,0,1
768.325079370,0,0,0
768.325079966,0,1,0
768.325081482,1,1,0
768.463780268,1,1,1
768.463780446,1,0,1
768.463781914,0,0,1
768.602479960,0,1,1
768.602480188,0,1,0
768.602481316,1,1,0
768.741180086,1,1,1
768.741180442,1,0,1
768.741181686,0,0,1
768.879878942,0,0,0
768.879879892,0,1,0
768.879881022,1,1,0
769.018578778,1,1,1
769.018579434,1,0,1
769.018580454,0,0,1
769.157308696,0,0,0
769.157309884,0,1,0
769.157310856,1,1,0
769.296008428,1,0,0
769.296009530,1,0,1
769.296011226,0,0,1
769.434738878,0,1,1
769.434740512,0,1,0
769.434741562,1,1,0
769.573439284,1,1,1
769.573439360,1,0,1
769.573440932,0,0,1
769.712168870,0,1,1
769.712169202,0,1,0
769.712171270,1,1,0
769.850869100,1,1,1
769.850869354,1,0,1
769.850870702,0,0,1
769.989568804,0,1,1
769.989568956,0,1,0
769.989570978,1,1,0
770.128266854,1,1,1
770.128269346,1,0,1
770.128270410,0,0,1
770.266967796,0,1,1
770.266968774,0,1,0
770.266969810,1,1,0
770.405698276,1,0,0
770.405698608,1,0,1
770.405700116,0,0,1
770.544397788,0,1,1
770.544399526,0,1,0
770.544400516,1,1,0
770.683128332,1,0,0
770.683129360,1,0,1
770.683130888,0,0,1
770.821829218,0,0,0
770.821829720,0,1,0
770.821830288,1,1,0
770.960526114,1,1,1
770.960528264,1,0,1
770.960529656,0,0,1
771.099227972,0,0,0
771.099228712,0,1,0
771.099229994,1,1,0
771.237927868,1,1,1
771.237928256,1,0,1
771.237929426,0,0,1
771.376627768,0,1,1
771.376628788,0,1,0
771.376629764,1,1,0
771.515357622,1,1,1
771.515358186,1,0,1
771.515359132,0,0,1
771.654057698,0,1,1
771.654058542,0,1,0
771.654059532,1,1,0
771.792756242,1,0,0
771.792756936,1,0,1
771.792758902,0,0,1
771.931487294,0,0,0
771.931487690,0,1,0
771.931489240,1,1,0
772.070216110,1,0,0
772.070218190,1,0,1
772.070219610,0,0,1
772.208917048,0,0,0
772.208917620,0,1,0
772.208918948,1,1,0
772.347617228,1,0,0
772.347617946,1,0,1
772.347619378,0,0,1
772.486346800,0,0,0
772.486347612,0,1,0
772.486349716,1,1,0
772.625108634,1,1,1
772.625109156,1,0,1
772.625110148,0,0,1
772.763809544,0,1,1
772.763809556,0,1,0
772.763810424,1,1,0
772.902538386,1,1,1
772.902540148,1,0,1
772.902540854,0,0,1
773.041237536,0,1,1
773.041239370,0,1,0
773.041240254,1,1,0
773.179937202,1,1,1
773.179939080,1,0,1
773.179939624,0,0,1
773.318637590,0,1,1
773.318638060,0,1,0
773.318639960,1,1,0
773.457337894,1,1,1
773.457338008,1,0,1
773.457339330,0,0,1
773.596036876,0,0,0
773.596037520,0,1,0
773.596038668,1,1,0
773.734736646,1,1,1
773.734738062,1,0,1
773.734739036,0,0,1
773.873468512,0,1,1
773.873468628,0,1,0
773.873469498,1,1,0
774.012167054,1,0,0
774.012167460,1,0,1
774.012168804,0,0,1
774.150867504,0,1,1
774.150868318,0,1,0
774.150869204,1,1,0
774.289567922,1,0,0
774.289568212,1,0,1
774.289568574,0,0,1
774.428266132,0,0,0
774.428266496,0,1,0
774.428267912,1,1,0
774.566965978,1,0,0
774.566966966,1,0,1
774.566968280,0,0,1
774.705665886,0,0,0
774.705666488,0,1,0
774.705667678,1,1,0
774.844366780,1,1,1
774.844366906,1,0,1
774.844368048,0,0,1
774.983065418,0,1,1
774.983065638,0,1,0
774.983067384,1,1,0
775.121764960,1,0,0
775.121765470,1,0,1
775.121766816,0,0,1
775.260464410,0,1,1
775.260466390,0,1,0
775.260467154,1,1,0
775.399163890,1,0,0
775.399165284,1,0,1
775.399166524,0,0,1
775.537864338,0,1,1
775.537865078,0,1,0
775.537865924,1,1,0
775.676564882,1,0,0
775.676565038,1,0,1
775.676566292,0,0,1
775.815262330,0,1,1
775.815264892,0,1,0
775.815265692,1,1,0
775.953963790,1,1,1
775.953964872,1,0,1
775.953965998,0,0,1
776.092662644,0,0,0
776.092663384,0,1,0
776.092665398,1,1,0
776.231362540,1,1,1
776.231362864,1,0,1
776.231364826,0,0,1
776.370062314,0,1,1
776.370063396,0,1,0
776.370065164,1,1,0
776.508762794,1,0,0
776.508763230,1,0,1
776.508764534,0,0,1
776.647464148,0,0,0
776.647464304,0,1,0
776.647464870,1,1,0
776.786161784,1,0,0
776.786163044,1,0,1
776.786164302,0,0,1
776.924861962,0,0,0
776.924863296,0,1,0
776.924863638,1,1,0
777.063561774,1,0,0
777.063562796,1,0,1
777.063563944,0,0,1
777.202261712,0,0,0
777.202262286,0,1,0
777.202263406,1,1,0
777.340991608,1,1,1
777.340992766,1,0,1
777.340993712,0,0,1
777.479689778,0,1,1
777.479691404,0,1,0
777.479693048,1,1,0
777.618391694,1,0,0
777.618392298,1,0,1
777.618393542,0,0,1
777.757090218,0,0,0
777.757091204,0,1,0
777.757092816,1,1,0
777.895791686,1,0,0
777.895793050,1,0,1
777.895793246,0,0,1
778.034490966,0,0,0
778.034491196,0,1,0
778.034492582,1,1,0
778.173190676,1,0,0
778.173190800,1,0,1
778.173191952,0,0,1
778.311890186,0,1,1
778.311891718,0,1,0
778.311892288,1,1,0
778.450620614,1,1,1
778.450621604,1,0,1
778.450622720,0,0,1
778.589320364,0,1,1
778.589320470,0,1,0
778.589322056,1,1,0
778.728019304,1,1,1
778.728020594,1,0,1
778.728022424,0,0,1
778.866720106,0,1,1
778.866720158,0,1,0
778.866721824,1,1,0
779.005450584,1,0,0
779.005451116,1,0,1
779.005452192,0,0,1
779.144149034,0,1,1
779.144149972,0,1,0
779.144151530,1,1,0
779.282850576,1,0,0
779.282851804,1,0,1
779.282851958,0,0,1
779.421549786,0,0,0
779.421550150,0,1,0
779.421551294,1,1,0
779.560249556,1,1,1
779.560250066,1,0,1
779.560250664,0,0,1
779.698948014,0,1,1
779.698948474,0,1,0
779.698951064,1,1,0
779.837708494,1,0,0
779.837710306,1,0,1
779.837711432,0,0,1
779.976409692,0,1,1
779.976410224,0,1,0
779.976411768,1,1,0
780.115108484,1,0,0
780.115110120,1,0,1
780.115111198,0,0,1
780.253839726,0,0,0
780.253839996,0,1,0
780.253841472,1,1,0
780.392538808,1,1,1
780.392539474,1,0,1
780.392540902,0,0,1
780.531239726,0,0,0
780.531239734,0,1,0
780.531241240,1,1,0
780.669938402,1,0,0
780.669938684,1,0,1
780.669940608,0,0,1
780.808668974,0,1,1
780.808669476,0,1,0
780.808671068,1,1,0
780.947367392,1,0,0
780.947369372,1,0,1
780.947370374,0,0,1
781.086068902,0,1,1
781.086069288,0,1,0
781.086070772,1,1,0
781.224768122,1,1,1
781.224768382,1,0,1
781.224770140,0,0,1
781.363468040,0,0,0
781.363468830,0,1,0
781.363470478,1,1,0
781.502166872,1,1,1
781.502168372,1,0,1
781.502169846,0,0,1
781.640867726,0,0,0
781.640867882,0,1,0
781.640869244,1,1,0
781.779628362,1,0,0
781.779629684,1,0,1
781.779630548,0,0,1
781.918327810,0,1,1
781.918328478,0,1,0
781.918330010,1,1,0
782.057027372,1,1,1
782.057029976,1,0,1
782.057030316,0,0,1
782.195727798,0,1,1
782.195728290,0,1,0
782.195729714,1,1,0
782.334458278,1,0,0
782.334459122,1,0,1
782.334460082,0,0,1
782.473157040,0,0,0
782.473158726,0,1,0
782.473159420,1,1,0
782.611857268,1,0,0
782.611857934,1,0,1
782.611859786,0,0,1
782.750557778,0,1,1
782.750558790,0,1,0
782.750559184,1,1,0
782.889257256,1,0,0
782.889257684,1,0,1
782.889258490,0,0,1
783.028018538,0,0,0
783.028018704,0,1,0
783.028019950,1,1,0
783.166716184,1,0,0
783.166717372,1,0,1
783.166719318,0,0,1
783.305418290,0,0,0
783.305418694,0,1,0
783.305419654,1,1,0
783.444116172,1,0,0
783.444117182,1,0,1
783.444119022,0,0,1
783.582816746,0,1,1
783.582817100,0,1,0
783.582818422,1,1,0
783.721516932,1,1,1
783.721517162,1,0,1
783.721518790,0,0,1
783.860216610,0,1,1
783.860216788,0,1,0
783.860218124,1,1,0
783.998916682,1,1,1
783.998918214,1,0,1
783.998918554,0,0,1
784.137615536,0,1,1
784.137616536,0,1,0
784.137617892,1,1,0
784.276314140,1,0,0
784.276315432,1,0,1
784.276317196,0,0,1
784.415015588,0,1,1
784.415016286,0,1,0
784.415017656,1,1,0
784.553716130,1,0,0
784.553716180,1,0,1
784.553717024,0,0,1
784.692414514,0,1,1
784.692416098,0,1,0
784.692417360,1,1,0
784.831114992,1,1,1
784.831116056,1,0,1
784.831116790,0,0,1
784.969814504,0,1,1
784.969814786,0,1,0
784.969816062,1,1,0
785.108514678,1,1,1
785.108514982,1,0,1
785.108516430,0,0,1
785.247214492,0,1,1
785.247214596,0,1,0
785.247215828,1,1,0
785.385913428,1,1,1
785.385914032,1,0,1
785.385916258,0,0,1
785.524613542,0,1,1
785.524614346,0,1,0
785.524615594,1,1,0
785.663312022,1,0,0
785.663313240,1,0,1
785.663314962,0,0,1
785.802044094,0,0,0
785.802044468,0,1,0
785.802045360,1,1,0
785.940742988,1,1,1
785.940743948,1,0,1
785.940745664,0,0,1
786.079443842,0,0,0
786.079444394,0,1,0
786.079445062,1,1,0
786.218141936,1,0,0
786.218142674,1,0,1
786.218144430,0,0,1
786.356842446,0,1,1
786.356843590,0,1,0
786.356844828,1,1,0
786.495573484,1,1,1
786.495573862,1,0,1
786.495575194,0,0,1
786.634271340,0,0,0
786.634272372,0,1,0
786.634274594,1,1,0
786.772972912,1,0,0
786.772974234,1,0,1
786.772974898,0,0,1
786.911672150,0,0,0
786.911672360,0,1,0
786.911674296,1,1,0
787.050371838,1,0,0
787.050371920,1,0,1
787.050373664,0,0,1
787.189071286,0,1,1
787.189072836,0,1,0
787.189074062,1,1,0
787.327771730,1,1,1
787.327772826,1,0,1
787.327773430,0,0,1
787.466469274,0,1,1
787.466471648,0,1,0
787.466472702,1,1,0
787.605171478,1,1,1
787.605171876,1,0,1
787.605173196,0,0,1
787.743871324,0,1,1
787.743872396,0,1,0
787.743872528,1,1,0
787.882570288,1,1,1
787.882570802,1,0,1
787.882572896,0,0,1
788.021270248,0,1,1
788.021271082,0,1,0
788.021272232,1,1,0
788.159970036,1,1,1
788.159970792,1,0,1
788.159971664,0,0,1
788.298699516,0,0,0
788.298700238,0,1,0
788.298702058,1,1,0
788.437429724,1,1,1
788.437430716,1,0,1
788.437432428,0,0,1
788.576131162,0,1,1
788.576131638,0,1,0
788.576132700,1,1,0
788.714829534,1,1,1
788.714830702,1,0,1
788.714832130,0,0,1
788.853529212,0,1,1
788.853530450,0,1,0
788.853531464,1,1,0
788.992230280,1,1,1
788.992230628,1,0,1
788.992231830,0,0,1
789.130929134,0,0,0
789.130929138,0,1,0
789.130931228,1,1,0
789.269629614,1,0,0
789.269631026,1,0,1
789.269631596,0,0,1
789.408329124,0,1,1
789.408329882,0,1,0
789.408330994,1,1,0
789.547028602,1,0,0
789.547029776,1,0,1
789.547030360,0,0,1
789.685758110,0,1,1
789.685759692,0,1,0
789.685760694,1,1,0
789.824489522,1,1,1
789.824489590,1,0,1
789.824491062,0,0,1
789.963219098,0,1,1
789.963219376,0,1,0
789.963221458,1,1,0
790.101919270,1,1,1
790.101919514,1,0,1
790.101921826,0,0,1
790.240619024,0,1,1
790.240620186,0,1,0
790.240621160,1,1,0
790.379349016,1,1,1
790.379349564,1,0,1
790.379351528,0,0,1
790.518049008,0,1,1
790.518050924,1,1,1
790.518050936,1,1,0
790.656778764,1,1,1
790.656780550,1,0,1
790.656781292,0,0,1
790.795478932,0,1,1
790.795480680,0,1,0
790.795481626,1,1,0
790.934208474,1,0,0
790.934209512,1,0,1
790.934211056,0,0,1
791.072908366,0,0,0
791.072910982,0,1,0
791.072911454,1,1,0
791.211609258,1,1,1
791.211609398,1,0,1
791.211610758,0,0,1
791.350308174,0,0,0
791.350308906,0,1,0
791.350311156,1,1,0
791.489009004,1,1,1
791.489009448,1,0,1
791.489010582,0,0,1
791.627738894,0,1,1
791.627739920,0,1,0
791.627740794,1,1,0
791.766438434,1,0,0
791.766438814,1,0,1
791.766440286,0,0,1
791.905168668,0,0,0
791.905169818,0,1,0
791.905170620,1,1,0
792.043869420,1,0,0
792.043869562,1,0,1
792.043870986,0,0,1
792.182598804,0,1,1
792.182599414,0,1,0
792.182601320,1,1,0
792.321299308,1,1,1
792.321300344,1,0,1
792.321300750,0,0,1
792.459998222,0,0,0
792.459999852,0,1,0
792.460000086,1,1,0
792.598698992,1,1,1
792.598700330,1,0,1
792.598700514,0,0,1
792.737457970,0,0,0
792.737459776,0,1,0
792.737460850,1,1,0
792.876158800,1,1,1
792.876160252,1,0,1
792.876161214,0,0,1
793.014858762,0,1,1
793.014859654,0,1,0
793.014860550,1,1,0
793.153588484,1,1,1
793.153590302,1,0,1
793.153590978,0,0,1
793.292288686,0,1,1
793.292289400,0,1,0
793.292290250,1,1,0
793.431018226,1,0,0
793.431020294,1,0,1
793.431020742,0,0,1
793.569718146,0,0,0
793.569719674,0,1,0
793.569721012,1,1,0
793.708448102,1,1,1
793.708449212,1,0,1
793.708450442,0,0,1
793.847147892,0,0,0
793.847149720,0,1,0
793.847150778,1,1,0
793.985847786,1,1,1
793.985848134,1,0,1
793.985850144,0,0,1
794.124548644,0,1,1
794.124548700,0,1,0
794.124550540,1,1,0
794.263278182,1,0,0
794.263279530,1,0,1
794.263280906,0,0,1
794.402008446,0,0,0
794.402008628,0,1,0
794.402010240,1,1,0
794.540708106,1,0,0
794.540709214,1,0,1
794.540710668,0,0,1
794.679408552,0,1,1
794.679409190,0,1,0
794.679409942,1,1,0
794.818108022,1,1,1
794.818109092,1,0,1
794.818110370,0,0,1
794.956807938,0,0,0
794.956808600,0,1,0
794.956809766,1,1,0
795.095506768,1,1,1
795.095508140,1,0,1
795.095509132,0,0,1
795.234206682,0,0,0
795.234207522,0,1,0
795.234209468,1,1,0
795.372906064,1,0,0
795.372906514,1,0,1
795.372908834,0,0,1
795.511607508,0,1,1
795.511608490,0,1,0
795.511609230,1,1,0
795.650336986,1,0,0
795.650337320,1,0,1
795.650338534,0,0,1
795.789036494,0,1,1
795.789038174,0,1,0
795.789038930,1,1,0
795.927736004,1,1,1
795.927738034,1,0,1
795.927738360,0,0,1
796.066436416,0,1,1
796.066437918,0,1,0
796.066438630,1,1,0
796.205135812,1,1,1
796.205137894,1,0,1
796.205138058,0,0,1
796.343834850,0,0,0
796.343836464,0,1,0
796.343837392,1,1,0
796.482535556,1,1,1
796.482535942,1,0,1
796.482537758,0,0,1
796.621235386,0,1,1
796.621235472,0,1,0
796.621237092,1,1,0
796.759934926,1,0,0
796.759936302,1,0,1
796.759937522,0,0,1
796.898634216,0,0,0
796.898635372,0,1,0
796.898636920,1,1,0
797.037365734,1,1,1
797.037365848,1,0,1
797.037367224,0,0,1
797.176063960,0,0,0
797.176066358,0,1,0
797.176066618,1,1,0
797.314765854,1,1,1
797.314765896,1,0,1
797.314766984,0,0,1
797.453465342,0,1,1
797.453465644,0,1,0
797.453466380,1,1,0
797.592162536,1,1,1
797.592164818,1,0,1
797.592165746,0,0,1
797.730864262,0,1,1
797.730864450,0,1,0
797.730866144,1,1,0
797.869563280,1,1,1
797.869563740,1,0,1
797.869565448,0,0,1
798.008294196,0,0,0
798.008294248,0,1,0
798.008295780,1,1,0
798.146994786,1,0,0
798.146995088,1,0,1
798.146996272,0,0,1
798.285693232,0,1,1
798.285694938,0,1,0
798.285695604,1,1,0
798.424393708,1,0,0
798.424393768,1,0,1
798.424394908,0,0,1
798.563093218,0,1,1
798.563094684,0,1,0
798.563095306,1,1,0
798.701793514,1,1,1
798.701793694,1,0,1
798.701794672,0,0,1
798.840493428,0,0,0
798.840494140,0,1,0
798.840495066,1,1,0
798.979193320,1,1,1
798.979193678,1,0,1
798.979194494,0,0,1
799.117891124,0,1,1
799.117892234,0,1,0
799.117893828,1,1,0
799.256592002,1,1,1
799.256592600,1,0,1
799.256594132,0,0,1
799.395291108,0,1,1
799.395291916,0,1,0
799.395293466,1,1,0
799.533991646,1,0,0
799.533992808,1,0,1
799.533993894,0,0,1
799.672691722,0,0,0
799.672692030,0,1,0
799.672693228,1,1,0
799.811390568,1,0,0
799.811392552,1,0,1
799.811392656,0,0,1
799.950091076,0,1,1
799.950091404,0,1,0
799.950093052,1,1,0
800.088850552,1,0,0
800.088851232,1,0,1
800.088853354,0,0,1
800.227552210,0,0,0
800.227553060,0,1,0
800.227553750,1,1,0
800.366251040,1,1,1
800.366251474,1,0,1
800.366253054,0,0,1
800.504980980,0,1,1
800.504981954,0,1,0
800.504983450,1,1,0
800.643680844,1,1,1
800.643681520,1,0,1
800.643682878,0,0,1
800.782380964,0,1,1
800.782381636,0,1,0
800.782383148,1,1,0
800.921079526,1,1,1
800.921082440,1,0,1
800.921082576,0,0,1
801.059779442,0,0,0
801.059781912,1,0,0
801.059781948,1,1,0
801.198480486,1,0,0
801.198481332,1,0,1
801.198482276,0,0,1
801.337179870,0,1,1
801.337180124,0,1,0
801.337181674,1,1,0
801.475880076,1,1,1
801.475881408,1,0,1
801.475882038,0,0,1
801.614579914,0,1,1
801.614579928,0,1,0
801.614581434,1,1,0
801.753309818,1,1,1
801.753310328,1,0,1
801.753311798,0,0,1
801.892008836,0,1,1
801.892010672,0,1,0
801.892011132,1,1,0
802.030709374,1,0,0
802.030709562,1,0,1
802.030711560,0,0,1
802.169408758,0,1,1
802.169409414,0,1,0
802.169410894,1,1,0
802.308140294,1,0,0
802.308140306,1,0,1
802.308141258,0,0,1
802.446838740,0,1,1
802.446839158,0,1,0
802.446840592,1,1,0
802.585539278,1,0,0
802.585540048,1,0,1
802.585541020,0,0,1
802.724238964,0,0,0
802.724239724,0,1,0
802.724240354,1,1,0
802.862938262,1,0,0
802.862938790,1,0,1
802.862940782,0,0,1
803.001638644,0,0,0
803.001638706,0,1,0
803.001640052,1,1,0
803.140337182,1,0,0
803.140338534,1,0,1
803.140339480,0,0,1
803.279037690,0,1,1
803.279038450,0,1,0
803.279039876,1,1,0
803.417737166,1,0,0
803.417737278,1,0,1
803.417739178,0,0,1
803.556467192,0,0,0
803.556468672,0,1,0
803.556469574,1,1,0
803.695167212,1,0,0
803.695168020,1,0,1
803.695169002,0,0,1
803.833866592,0,1,1
803.833866934,0,1,0
803.833869274,1,1,0
803.972566762,1,1,1
803.972568132,1,0,1
803.972568700,0,0,1
804.111267638,0,1,1
804.111267678,0,1,0
804.111269096,1,1,0
804.249966568,1,1,1
804.249967052,1,0,1
804.249968460,0,0,1
804.388665560,0,1,1
804.388666420,0,1,0
804.388667794,1,1,0
804.527365036,1,0,0
804.527367250,1,0,1
804.527368160,0,0,1
804.666064542,0,1,1
804.666065164,0,1,0
804.666067556,1,1,0
804.804765992,1,1,1
804.804767018,1,0,1
804.804767922,0,0,1
804.943464526,0,1,1
804.943465906,0,1,0
804.943467254,1,1,0
805.082164358,1,1,1
805.082166064,1,0,1
805.082166682,0,0,1
805.220894648,0,0,0
805.220896446,0,1,0
805.220896952,1,1,0
805.359624986,1,0,0
805.359625540,1,0,1
805.359627380,0,0,1
805.498325454,0,0,0
805.498326428,0,1,0
805.498327712,1,1,0
805.637023966,1,0,0
805.637024222,1,0,1
805.637027078,0,0,1
805.775755410,0,1,1
805.775756132,0,1,0
805.775757472,1,1,0
805.914454888,1,0,0
805.914456088,1,0,1
805.914456838,0,0,1
806.053155332,0,1,1
806.053155874,0,1,0
806.053157170,1,1,0
806.191854768,1,1,1
806.191854870,1,0,1
806.191856598,0,0,1
806.330554314,0,1,1
806.330554680,0,1,0
806.330555932,1,1,0
806.469284508,1,1,1
806.469284852,1,0,1
806.469286358,0,0,1
806.607985358,0,0,0
806.607985360,0,1,0
806.607986692,1,1,0
806.746684772,1,0,0
806.746685252,1,0,1
806.746686058,0,0,1
806.885383102,0,0,0
806.885383278,0,1,0
806.885385390,1,1,0
807.024082818,1,0,0
807.024084994,1,0,1
807.024085818,0,0,1
807.162783262,0,1,1
807.162783906,0,1,0
807.162785152,1,1,0
807.301483798,1,0,1
807.301483808,1,1,1
807.301483812,1,0,1
807.301485516,0,0,1
807.440183182,0,1,1
807.440183586,0,1,0
807.440184912,1,1,0
807.578882478,1,1,1
807.578882720,1,0,1
807.578884276,0,0,1
807.717583164,0,1,1
807.717583390,0,1,0
807.717584672,1,1,0
807.856281702,1,0,0
807.856282220,1,0,1
807.856284036,0,0,1
807.995013132,0,0,0
807.995014146,0,1,0
807.995014308,1,1,0
808.133712684,1,0,0
808.133713024,1,0,1
808.133714736,0,0,1
808.272411126,0,1,1
808.272412874,0,1,0
808.272414068,1,1,0
808.411141602,1,0,0
808.411143764,1,0,1
808.411144494,0,0,1
808.549872110,0,1,1
808.549872616,0,1,0
808.549874826,1,1,0
808.688571506,1,1,1
808.688572648,1,0,1
808.688574192,0,0,1
808.827273028,0,1,1
808.827273420,0,1,0
808.827274588,1,1,0
808.966001248,1,1,1
808.966001630,1,0,1
808.966003952,0,0,1
809.104732010,0,1,1
809.104732100,0,1,0
809.104734284,1,1,0
809.243433486,1,0,0
809.243433990,1,0,1
809.243434712,0,0,1
809.382131840,0,0,0
809.382132056,0,1,0
809.382134046,1,1,0
809.520832468,1,0,0
809.520833730,1,0,1
809.520834474,0,0,1
809.659531976,0,1,1
809.659532582,0,1,0
809.659533806,1,1,0
809.798230450,1,0,0
809.798231474,1,0,1
809.798233168,0,0,1
809.936930956,0,1,1
809.936932388,0,1,0
809.936933502,1,1,0
810.075661212,1,1,1
810.075662430,1,0,1
810.075663866,0,0,1
810.214360876,0,1,1
810.214361064,0,1,0
810.214363262,1,1,0
810.353059954,1,1,1
810.353060412,1,0,1
810.353062628,0,0,1
810.491761806,0,0,0
810.491762856,0,1,0
810.491763020,1,1,0
810.630459696,1,1,1
810.630460394,1,0,1
810.630462386,0,0,1
810.769161776,0,1,1
810.769162608,0,1,0
810.769162656,1,1,0
810.907889314,1,0,0
810.907891438,1,0,1
810.907892082,0,0,1
811.046590818,0,1,1
811.046591350,0,1,0
811.046592478,1,1,0
811.185321294,1,0,0
811.185322178,1,0,1
811.185322842,0,0,1
811.324020090,0,0,0
811.324021800,0,1,0
811.324022174,1,1,0
811.462719982,1,1,1
811.462721214,1,0,1
811.462722540,0,0,1
811.601419718,0,1,1
811.601419894,0,1,0
811.601421872,1,1,0
811.740150658,1,1,1
811.740151256,1,0,1
811.740152362,0,0,1
811.878849570,0,0,0
811.878849638,0,1,0
811.878851632,1,1,0
812.017550174,1,0,0
812.017550400,1,0,1
812.017551996,0,0,1
812.156280312,0,0,0
812.156280744,0,1,0
812.156282390,1,1,0
812.294980156,1,0,0
812.294981202,1,0,1
812.294981754,0,0,1
812.433710052,0,0,0
812.433710662,0,1,0
812.433712148,1,1,0
812.572409942,1,1,1
812.572411136,1,0,1
812.572411514,0,0,1
812.711108730,0,0,0
812.711109642,0,1,0
812.711111846,1,1,0
812.849808682,1,1,1
812.849810118,1,0,1
812.849811210,0,0,1
812.988508534,0,0,0
812.988509622,0,1,0
812.988510606,1,1,0
813.127238548,1,1,1
813.127240098,1,0,1
813.127241030,0,0,1
813.265939542,0,1,1
813.265940274,0,1,0
813.265941364,1,1,0
813.404639016,1,0,0
813.404639162,1,0,1
813.404640664,0,0,1
813.543400522,0,1,1
813.543401012,0,1,0
813.543402060,1,1,0
813.682068058,1,0,0
813.682070092,1,0,1
813.682070488,0,0,1
813.820768754,0,0,0
813.820769440,0,1,0
813.820770818,1,1,0
813.959467706,1,1,1
813.959467978,1,0,1
813.959470246,0,0,1
814.098168494,0,0,0
814.098169482,0,1,0
814.098170578,1,1,0
814.236867384,1,1,1
814.236867956,1,0,1
814.236869880,0,0,1
814.375628296,0,0,0
814.375628462,0,1,0
814.375630274,1,1,0
814.514329122,1,1,1
814.514329874,1,0,1
814.514330638,0,0,1
814.653058754,0,1,1
814.653059036,0,1,0
814.653061032,1,1,0
814.791758856,1,0,0
814.791758862,1,0,1
814.791760396,0,0,1
814.930488838,0,0,0
814.930489360,0,1,0
814.930490728,1,1,0
815.069187602,1,1,1
815.069187836,1,0,1
815.069190154,0,0,1
815.207888516,0,0,0
815.207889278,0,1,0
815.207890486,1,1,0
815.346588404,1,1,1
815.346588814,1,0,1
815.346589850,0,0,1
815.485287254,0,0,0
815.485289258,0,1,0
815.485290246,1,1,0
815.623987144,1,1,1
815.623987358,1,0,1
815.623989546,0,0,1
815.762686994,0,0,0
815.762687176,0,1,0
815.762688940,1,1,0
815.901416882,1,1,1
815.901417650,1,0,1
815.901419366,0,0,1
816.040117218,0,1,1
816.040118734,0,1,0
816.040119698,1,1,0
816.178816622,1,1,1
816.178817316,1,0,1
816.178819062,0,0,1
816.317518260,0,1,1
816.317518474,0,1,0
816.317519458,1,1,0
816.456217362,1,1,1
816.456218172,1,0,1
816.456218884,0,0,1
816.594916274,0,0,0
816.594916990,0,1,0
816.594918152,1,1,0
816.733616102,1,1,1
816.733617902,1,0,1
816.733618580,0,0,1
816.872316094,0,1,1
816.872316952,0,1,0
816.872317912,1,1,0
817.011015632,1,0,0
817.011015840,1,0,1
817.011017274,0,0,1
817.149715012,0,1,1
817.149716754,0,1,0
817.149717606,1,1,0
817.288415548,1,0,0
817.288415580,1,0,1
817.288417032,0,0,1
817.427116054,0,1,1
817.427116430,0,1,0
817.427117426,1,1,0
817.565815590,1,0,0
817.565816320,1,0,1
817.565816728,0,0,1
817.704513970,0,1,1
817.704514230,0,1,0
817.704516060,1,1,0
817.843215058,1,1,1
817.843215508,1,0,1
817.843216486,0,0,1
817.981913968,0,0,0
817.981914012,0,1,0
817.981915818,1,1,0
818.120613424,1,0,0
818.120614860,1,0,1
818.120616244,0,0,1
818.259374992,0,1,1
818.259375708,0,1,0
818.259376514,1,1,0
818.398072404,1,0,0
818.398072598,1,0,1
818.398075938,0,0,1
818.536774908,0,1,1
818.536775386,0,1,0
818.536776332,1,1,0
818.675504274,1,1,1
818.675504382,1,0,1
818.675506634,0,0,1
818.814203824,0,1,1
818.814205186,0,1,0
818.814206026,1,1,0
818.952905012,1,1,1
818.952905360,1,0,1
818.952906452,0,0,1
819.091603866,0,1,1
819.091603924,0,1,0
819.091605722,1,1,0
819.230302814,1,1,1
819.230303340,1,0,1
819.230305148,0,0,1
819.369003664,0,0,0
819.369003782,0,1,0
819.369005542,1,1,0
819.507702552,1,1,1
819.507703318,1,0,1
819.507704844,0,0,1
819.646401762,0,1,1
819.646402402,0,1,0
819.646404238,1,1,0
819.785102298,1,0,0
819.785103290,1,0,1
819.785104600,0,0,1
819.923832140,0,0,0
819.923833740,0,1,0
819.923834930,1,1,0
820.062533028,1,1,1
820.062533214,1,0,1
820.062534294,0,0,1
820.201232878,0,0,0
820.201233656,0,1,0
820.201234688,1,1,0
820.339932766,1,1,1
820.339933192,1,0,1
820.339934114,0,0,1
820.478631678,0,0,0
820.478632698,0,1,0
820.478633446,1,1,0
820.617361444,1,1,1
820.617362172,1,0,1
820.617363808,0,0,1
820.756062354,0,0,0
820.756062614,0,1,0
820.756064140,1,1,0
820.894761088,1,0,0
820.894763242,1,0,1
820.894763504,0,0,1
821.033460592,0,1,1
821.033461092,0,1,0
821.033462898,1,1,0
821.172161980,1,1,1
821.172162066,1,0,1
821.172163322,0,0,1
821.310860892,0,0,0
821.310861632,0,1,0
821.310862592,1,1,0
821.449561044,1,0,0
821.449561720,1,0,1
821.449563018,0,0,1
821.588260548,0,1,1
821.588261568,0,1,0
821.588262348,1,1,0
821.726990582,1,1,1
821.726992022,1,0,1
821.726992774,0,0,1
821.865691368,0,0,0
821.865691464,0,1,0
821.865692104,1,1,0
822.004391000,1,0,0
822.004392194,1,0,1
822.004392532,0,0,1
822.143089442,0,1,1
822.143091418,0,1,0
822.143091798,1,1,0
822.281788916,1,0,0
822.281789994,1,0,1
822.281791224,0,0,1
822.420489420,0,1,1
822.420489844,0,1,0
822.420491554,1,1,0
822.559250732,1,1,1
822.559250896,1,0,1
822.559251982,0,0,1
822.697950398,0,1,1
822.697950580,0,1,0
822.697952312,1,1,0
822.836649406,1,1,1
822.836649934,1,0,1
822.836651674,0,0,1
822.975381312,0,1,1
822.975381380,0,1,0
822.975382068,1,1,0
823.114079850,1,0,0
823.114080144,1,0,1
823.114081368,0,0,1
823.252779354,0,1,1
823.252780054,0,1,0
823.252781698,1,1,0
823.391509828,1,0,0
823.391510944,1,0,1
823.391512126,0,0,1
823.530209330,0,1,1
823.530209792,0,1,0
823.530211454,1,1,0
823.668908680,1,1,1
823.668908742,1,0,1
823.668910818,0,0,1
823.807639246,0,1,1
823.807639530,0,1,0
823.807641274,1,1,0
823.946338720,1,0,0
823.946340418,1,0,1
823.946341574,0,0,1
824.085038268,0,0,0
824.085039162,0,1,0
824.085040966,1,1,0
824.223738696,1,0,0
824.223739154,1,0,1
824.223741392,0,0,1
824.362439004,0,0,0
824.362439202,0,1,0
824.362440660,1,1,0
824.501137892,1,1,1
824.501138674,1,0,1
824.501140022,0,0,1
824.639837116,0,1,1
824.639839802,0,1,0
824.639840416,1,1,0
824.778537590,1,0,0
824.778538628,1,0,1
824.778539842,0,0,1
824.917237156,0,1,1
824.917237540,0,1,0
824.917240110,1,1,0
825.055937364,1,1,1
825.055938566,1,0,1
825.055939536,0,0,1
825.194636276,0,0,0
825.194637072,0,1,0
825.194638866,1,1,0
825.333337102,1,1,1
825.333338544,1,0,1
825.333339228,0,0,1
825.472036012,0,0,0
825.472037986,0,1,0
825.472038620,1,1,0
825.610735838,1,1,1
825.610736522,1,0,1
825.610737984,0,0,1
825.749466748,0,0,0
825.749468024,0,1,0
825.749468314,1,1,0
825.888197498,1,0,0
825.888197638,1,0,1
825.888198740,0,0,1
826.026895938,0,1,1
826.026898422,0,1,0
826.026899070,1,1,0
826.165595412,1,0,0
826.165596372,1,0,1
826.165598434,0,0,1
826.304296222,0,0,0
826.304296916,0,1,0
826.304297826,1,1,0
826.442995452,1,0,0
826.442997108,1,0,1
826.442998252,0,0,1
826.581694892,0,1,1
826.581695958,0,1,0
826.581697518,1,1,0
826.720395782,1,1,1
826.720396366,1,0,1
826.720397942,0,0,1
826.859095810,0,1,1
826.859096694,0,1,0
826.859097274,1,1,0
826.997826404,1,0,0
826.997826582,1,0,1
826.997827636,0,0,1
827.136525430,0,0,0
827.136525784,0,1,0
827.136527028,1,1,0
827.275255318,1,0,0
827.275256318,1,0,1
827.275257328,0,0,1
827.413954760,0,1,1
827.413957166,0,1,0
827.413957720,1,1,0
827.552655054,1,1,1
827.552655232,1,0,1
827.552657146,0,0,1
827.691353736,0,1,1
827.691354902,0,1,0
827.691356476,1,1,0
827.830054728,1,1,1
827.830056272,1,0,1
827.830056776,0,0,1
827.968753700,0,0,0
827.968754652,0,1,0
827.968756230,1,1,0
828.107455184,1,0,0
828.107455526,1,0,1
828.107456592,0,0,1
828.246154374,0,0,0
828.246154690,0,1,0
828.246155860,1,1,0
828.384884262,1,1,1
828.384885162,1,0,1
828.384886286,0,0,1
828.523583108,0,0,0
828.523583602,0,1,0
828.523585678,1,1,0
828.662283138,1,0,0
828.662283996,1,0,1
828.662285976,0,0,1
828.800983906,0,0,0
828.800984578,0,1,0
828.800985370,1,1,0
828.939682794,1,1,1
828.939684050,1,0,1
828.939685732,0,0,1
829.078383554,0,1,1
829.078383642,0,1,0
829.078385064,1,1,0
829.217082026,1,0,0
829.217082468,1,0,1
829.217084488,0,0,1
829.355783378,0,0,0
829.355783530,0,1,0
829.355784880,1,1,0
829.494482264,1,1,1
829.494483002,1,0,1
829.494484242,0,0,1
829.633182112,0,0,0
829.633182506,0,1,0
829.633183510,1,1,0
829.771881978,1,0,0
829.771882938,1,0,1
829.771883934,0,0,1
829.910581420,0,1,1
829.910581848,0,1,0
829.910583326,1,1,0
830.049281892,1,0,0
830.049282672,1,0,1
830.049283628,0,0,1
830.187980396,0,1,1
830.187981582,0,1,0
830.187983018,1,1,0
830.326740470,1,1,1
830.326741868,1,0,1
830.326743382,0,0,1
830.465441318,0,0,0
830.465442370,0,1,0
830.465443772,1,1,0
830.604140206,1,1,1
830.604141844,1,0,1
830.604143134,0,0,1
830.742842052,0,0,0
830.742842346,0,1,0
830.742843464,1,1,0
830.881540878,1,1,1
830.881541882,1,0,1
830.881542888,0,0,1
831.020239258,0,1,1
831.020240850,0,1,0
831.020242218,1,1,0
831.158941674,1,1,1
831.158941794,1,0,1
831.158942578,0,0,1
831.297639584,0,0,0
831.297640234,0,1,0
831.297641908,1,1,0
831.436370410,1,1,1
831.436370706,1,0,1
831.436372334,0,0,1
831.575071210,0,1,1
831.575071318,0,1,0
831.575072726,1,1,0
831.713770144,1,1,1
831.713770744,1,0,1
831.713772024,0,0,1
831.852469186,0,1,1
831.852470052,0,1,0
831.852471418,1,1,0
831.991169940,1,1,1
831.991170656,1,0,1
831.991171840,0,0,1
832.129868788,0,0,0
832.129869158,0,1,0
832.129871108,1,1,0
832.268568570,1,0,0
832.268568612,1,0,1
832.268570532,0,0,1
832.407269458,0,0,0
832.407270072,0,1,0
832.407270862,1,1,0
832.545967606,1,0,0
832.545969346,1,0,1
832.545970286,0,0,1
832.684668110,0,1,1
832.684669256,0,1,0
832.684670616,1,1,0
832.823368082,1,1,1
832.823368582,1,0,1
832.823369978,0,0,1
832.962065990,0,0,0
832.962067020,0,1,0
832.962069370,1,1,0
833.100768494,1,0,0
833.100768878,1,0,1
833.100769668,0,0,1
833.239497724,0,0,0
833.239497996,0,1,0
833.239500060,1,1,0
833.378196612,1,1,1
833.378197468,1,0,1
833.378199484,0,0,1
833.516897972,0,1,1
833.516898522,0,1,0
833.516899814,1,1,0
833.655597344,1,1,1
833.655597382,1,0,1
833.655599176,0,0,1
833.794296884,0,1,1
833.794297192,0,1,0
833.794298566,1,1,0
833.933057418,1,0,0
833.933059078,1,0,1
833.933059926,0,0,1
834.071757858,0,1,1
834.071757990,0,1,0
834.071759256,1,1,0
834.210456812,1,1,1
834.210458392,1,0,1
834.210459618,0,0,1
834.349156658,0,0,0
834.349157832,0,1,0
834.349159012,1,1,0
834.487857304,1,0,0
834.487857546,1,0,1
834.487858372,0,0,1
834.626586806,0,1,1
834.626587458,0,1,0
834.626588702,1,1,0
834.765317338,1,0,0
834.765317342,1,0,1
834.765319126,0,0,1
834.904078190,0,0,0
834.904079716,0,1,0
834.904080454,1,1,0
835.042777252,1,0,0
835.042778076,1,0,1
835.042779878,0,0,1
835.181507692,0,1,1
835.181508922,0,1,0
835.181510144,1,1,0
835.320207746,1,1,1
835.320208226,1,0,1
835.320209568,0,0,1
835.458907656,0,0,0
835.458908666,0,1,0
835.458909896,1,1,0
835.597638480,1,1,1
835.597639136,1,0,1
835.597640320,0,0,1
835.736337390,0,0,0
835.736338640,0,1,0
835.736339588,1,1,0
835.875037214,1,1,1
835.875038110,1,0,1
835.875039012,0,0,1
836.013737550,0,1,1
836.013738122,0,1,0
836.013739340,1,1,0
836.152468008,1,1,1
836.152468086,1,0,1
836.152469700,0,0,1
836.291166586,0,1,1
836.291167856,0,1,0
836.291169092,1,1,0
836.429897058,1,0,0
836.429898742,1,0,1
836.429899516,0,0,1
836.568596500,0,1,1
836.568596590,0,1,0
836.568598844,1,1,0
836.707296474,1,1,1
836.707297970,1,0,1
836.707299206,0,0,1
836.845997322,0,0,0
836.845997472,0,1,0
836.845998534,1,1,0
836.984726146,1,1,1
836.984726942,1,0,1
836.984728896,0,0,1
837.123427054,0,0,0
837.123427446,0,1,0
837.123428288,1,1,0
837.262126916,1,0,0
837.262127942,1,0,1
837.262128648,0,0,1
837.400856788,0,0,0
837.400857356,0,1,0
837.400858914,1,1,0
837.539555890,1,0,0
837.539556674,1,0,1
837.539558400,0,0,1
837.678286582,0,0,0
837.678287392,0,1,0
837.678288730,1,1,0
837.816985864,1,0,0
837.816986406,1,0,1
837.816988090,0,0,1
837.955686302,0,1,1
837.955687316,0,1,0
837.955688480,1,1,0
838.094385836,1,0,0
838.094386202,1,0,1
838.094387842,0,0,1
838.233086048,0,0,0
838.233087276,0,1,0
838.233088172,1,1,0
838.371785748,1,0,0
838.371785934,1,0,1
838.371787532,0,0,1
838.510485780,0,0,0
838.510486248,0,1,0
838.510486922,1,1,0
838.649244720,1,0,0
838.649245604,1,0,1
838.649248282,0,0,1
838.787945514,0,0,0
838.787946160,0,1,0
838.787947612,1,1,0
838.926645400,1,1,1
838.926647630,1,0,1
838.926648036,0,0,1
839.065344132,0,1,1
839.065345246,0,1,0
839.065347426,1,1,0
839.204075132,1,1,1
839.204076666,1,0,1
839.204077724,0,0,1
839.342774978,0,0,0
839.342776106,0,1,0
839.342777052,1,1,0
839.481475638,1,0,0
839.481475800,1,0,1
839.481477476,0,0,1
839.620175772,0,0,0
839.620176078,0,1,0
839.620176804,1,1,0
839.758874550,1,0,0
839.758875596,1,0,1
839.758876166,0,0,1
839.897604050,0,1,1
839.897604442,0,1,0
839.897606556,1,1,0
840.036305328,1,1,1
840.036306522,1,0,1
840.036306916,0,0,1
840.175035962,0,1,1
840.175036174,0,1,0
840.175037308,1,1,0
840.313734060,1,1,1
840.313734494,1,0,1
840.313736670,0,0,1
840.452433968,0,0,0
840.452434934,0,1,0
840.452435998,1,1,0
840.591134404,1,0,0
840.591135790,1,0,1
840.591136420,0,0,1
840.729864700,0,0,0
840.729864906,0,1,0
840.729866686,1,1,0
840.868564586,1,1,1
840.868565376,1,0,1
840.868566108,0,0,1
841.007265368,0,0,0
841.007265878,0,1,0
841.007266436,1,1,0
841.145963348,1,0,0
841.145965254,1,0,1
841.145965796,0,0,1
841.284663850,0,1,1
841.284664162,0,1,0
841.284665188,1,1,0
841.423363320,1,0,0
841.423363986,1,0,1
841.423365610,0,0,1
841.562062760,0,1,1
841.562063894,0,1,0
841.562064938,1,1,0
841.700762718,1,1,1
841.700764292,1,0,1
841.700765298,0,0,1
841.839462732,0,1,1
841.839463626,0,1,0
841.839464628,1,1,0
841.978161450,1,1,1
841.978162264,1,0,1
841.978163988,0,0,1
842.116862704,0,1,1
842.116863356,0,1,0
842.116864378,1,1,0
842.255562236,1,0,0
842.255562242,1,0,1
842.255563738,0,0,1
842.394260612,0,1,1
842.394262088,0,1,0
842.394263066,1,1,0
842.532961910,1,1,1
842.532962144,1,0,1
842.532963488,0,0,1
842.671659820,0,0,0
842.671661646,0,1,0
842.671662816,1,1,0
842.810360116,1,0,0
842.810361704,1,0,1
842.810363176,0,0,1
842.949060550,0,0,0
842.949060556,0,1,0
842.949062566,1,1,0
843.087759088,1,0,0
843.087759372,1,0,1
843.087761928,0,0,1
843.226490280,0,0,0
843.226490526,0,1,0
843.226492256,1,1,0
843.365190998,1,0,0
843.365191102,1,0,1
843.365192676,0,0,1
843.503889012,0,0,0
843.503889498,0,1,0
843.503891942,1,1,0
843.642589968,1,0,0
843.642590896,1,0,1
843.642592364,0,0,1
843.781290742,0,0,0
843.781291470,0,1,0
843.781291756,1,1,0
843.919988626,1,1,1
843.919990002,1,0,1
843.919991116,0,0,1
844.058690378,0,1,1
844.058690472,0,1,0
844.058691442,1,1,0
844.197387910,1,0,0
844.197389358,1,0,1
844.197390802,0,0,1
844.336088204,0,0,0
844.336089348,0,1,0
844.336091192,1,1,0
844.474788088,1,1,1
844.474789880,1,0,1
844.474790552,0,0,1
844.613488320,0,1,1
844.613488998,0,1,0
844.613489942,1,1,0
844.752187818,1,1,1
844.752189788,1,0,1
844.752190302,0,0,1
844.890887290,0,1,1
844.890889630,1,1,1
844.890889728,1,1,0
845.029587822,1,0,0
845.029588548,1,0,1
845.029588988,0,0,1
845.168287198,0,1,1
845.168287458,0,1,0
845.168289380,1,1,0
845.307018730,1,0,0
845.307019278,1,0,1
845.307019676,0,0,1
845.445716230,0,1,1
845.445717124,0,1,0
845.445719066,1,1,0
845.584417702,1,0,0
845.584418008,1,0,1
845.584419488,0,0,1
845.723146916,0,0,0
845.723147140,0,1,0
845.723148752,1,1,0
845.861846608,1,0,0
845.861847740,1,0,1
845.861849174,0,0,1
846.000546584,0,0,0
846.000547108,0,1,0
846.000548564,1,1,0
846.139247530,1,1,1
846.139247642,1,0,1
846.139248924,0,0,1
846.277946080,0,1,1
846.277947376,0,1,0
846.277948252,1,1,0
846.416644550,1,0,0
846.416647198,1,0,1
846.416647674,0,0,1
846.555346050,0,1,1
846.555347106,0,1,0
846.555348002,1,1,0
846.694045520,1,0,0
846.694045990,1,0,1
846.694047360,0,0,1
846.832746836,0,0,0
846.832746956,0,1,0
846.832747686,1,1,0
846.971444344,1,1,1
846.971445490,1,0,1
846.971447108,0,0,1
847.110174928,0,1,1
847.110175128,0,1,0
847.110177374,1,1,0
847.248935388,1,1,1
847.248936458,1,0,1
847.248937798,0,0,1
847.387636294,0,0,0
847.387636834,0,1,0
847.387638122,1,1,0
847.526335366,1,0,0
847.526336180,1,0,1
847.526337546,0,0,1
847.665035866,0,1,1
847.665037022,0,1,0
847.665037872,1,1,0
847.803734908,1,1,1
847.803737292,0,1,1
847.803737398,0,0,1
847.942434774,0,1,1
847.942434816,0,1,0
847.942436620,1,1,0
848.081135306,1,0,0
848.081135638,1,0,1
848.081136980,0,0,1
848.219833480,0,0,0
848.219834806,0,1,0
848.219836306,1,1,0
848.358534214,1,0,0
848.358534366,1,0,1
848.358535666,0,0,1
848.497234272,0,0,0
848.497234712,0,1,0
848.497236118,1,1,0
848.635933032,1,1,1
848.635934182,1,0,1
848.635935478,0,0,1
848.774634682,0,1,1
848.774635002,0,1,0
848.774635740,1,1,0
848.913333152,1,0,0
848.913333824,1,0,1
848.913335162,0,0,1
849.052064650,0,1,1
849.052064668,0,1,0
849.052065490,1,1,0
849.190762120,1,0,0
849.190762552,1,0,1
849.190764848,0,0,1
849.329462620,0,1,1
849.329463460,0,1,0
849.329465238,1,1,0
849.468161214,1,0,0
849.468163282,1,0,1
849.468164596,0,0,1
849.606862528,0,1,1
849.606864188,0,1,0
849.606864924,1,1,0
849.745592996,1,0,0
849.745593010,1,0,1
849.745594346,0,0,1
849.884291916,0,0,0
849.884293496,0,1,0
849.884294734,1,1,0
850.022992028,1,0,0
850.022992738,1,0,1
850.022994094,0,0,1
850.161692466,0,1,1
850.161693708,0,1,0
850.161694418,1,1,0
850.300392468,1,1,1
850.300392934,1,0,1
850.300393778,0,0,1
850.439090872,0,1,1
850.439091374,0,1,0
850.439093104,1,1,0
850.577791904,1,0,0
850.577792258,1,0,1
850.577793464,0,0,1
850.716490590,0,1,1
850.716491166,0,1,0
850.716492854,1,1,0
850.855221872,1,0,0
850.855221986,1,0,1
850.855223212,0,0,1
850.993920892,0,0,0
850.993921310,0,1,0
850.993922600,1,1,0
851.132620714,1,1,1
851.132620778,1,0,1
851.132622960,0,0,1
851.271320558,0,0,0
851.271320590,0,1,0
851.271322286,1,1,0
851.410019496,1,0,0
851.410021442,1,0,1
851.410022644,0,0,1
851.548749874,0,1,1
851.548751288,0,1,0
851.548753036,1,1,0
851.687449716,1,0,0
851.687450170,1,0,1
851.687452392,0,0,1
851.826150016,0,0,0
851.826150590,0,1,0
851.826151782,1,1,0
851.964879684,1,0,0
851.964879898,1,0,1
851.964882142,0,0,1
852.103579808,0,1,1
852.103581806,0,1,0
852.103582466,1,1,0
852.242279590,1,0,0
852.242280626,1,0,1
852.242281888,0,0,1
852.380978472,0,0,0
852.380980652,0,1,0
852.380981276,1,1,0
852.519679354,1,1,1
852.519680622,1,0,1
852.519681572,0,0,1
852.658379262,0,0,0
852.658380372,0,1,0
852.658380900,1,1,0
852.797078526,1,0,0
852.797080144,1,0,1
852.797081320,0,0,1
852.935809026,0,1,1
852.935809990,0,1,0
852.935811646,1,1,0
853.074508810,1,1,1
853.074510494,1,0,1
853.074511004,0,0,1
853.213207994,0,1,1
853.213208656,0,1,0
853.213210458,1,1,0
853.351908538,1,1,1
853.351909214,1,0,1
853.351910752,0,0,1
853.490608964,0,1,1
853.490609446,0,1,0
853.490610078,1,1,0
853.629307328,1,1,1
853.629308930,1,0,1
853.629310500,0,0,1
853.768007868,0,1,1
853.768008172,0,1,0
853.768009888,1,1,0
853.906707398,1,0,0
853.906707992,1,0,1
853.906709184,0,0,1
854.045407836,0,1,1
854.045407898,0,1,0
854.045409510,1,1,0
854.184137720,1,1,1
854.184138304,1,0,1
854.184139868,0,0,1
854.322837804,0,1,1
854.322838628,0,1,0
854.322839258,1,1,0
854.461536272,1,0,0
854.461537510,1,0,1
854.461538678,0,0,1
854.600236710,0,1,1
854.600238354,0,1,0
854.600239004,1,1,0
854.738936240,1,0,0
854.738937238,1,0,1
854.738938360,0,0,1
854.877636082,0,0,0
854.877637740,0,1,0
854.877638750,1,1,0
855.016336144,1,0,0
855.016336966,1,0,1
855.016338108,0,0,1
855.155065810,0,0,0
855.155066644,0,1,0
855.155068436,1,1,0
855.293766066,1,1,1
855.293766112,1,0,1
855.293767792,0,0,1
855.432495612,0,1,1
855.432497536,0,1,0
855.432498180,1,1,0
855.571197142,1,0,0
855.571197420,1,0,1
855.571198540,0,0,1
855.709895324,0,0,0
855.709895578,0,1,0
855.709897928,1,1,0
855.848656986,1,0,0
855.848657146,1,0,1
855.848658286,0,0,1
855.987325546,0,1,1
855.987327052,0,1,0
855.987327612,1,1,0
856.126026014,1,0,0
856.126026874,1,0,1
856.126028032,0,0,1
856.264756514,0,1,1
856.264757778,0,1,0
856.264758356,1,1,0
856.403515598,1,1,1
856.403516982,1,0,1
856.403518714,0,0,1
856.542215418,0,1,1
856.542216506,0,1,0
856.542218104,1,1,0
856.680944886,1,0,0
856.680947326,1,0,1
856.680948398,0,0,1
856.819647232,0,0,0
856.819648386,0,1,0
856.819648724,1,1,0
856.958345790,1,0,0
856.958347052,1,0,1
856.958348146,0,0,1
857.097044958,0,0,0
857.097046352,0,1,0
857.097047534,1,1,0
857.235744820,1,0,0
857.235745778,1,0,1
857.235747828,0,0,1
857.374445320,0,1,1
857.374445684,0,1,0
857.374447216,1,1,0
857.513145724,1,0,0
857.513146568,1,0,1
857.513147638,0,0,1
857.651875410,0,0,0
857.651877224,0,1,0
857.651877962,1,1,0
857.790574294,1,1,1
857.790575690,1,0,1
857.790577382,0,0,1
857.929274190,0,1,1
857.929275200,0,1,0
857.929276708,1,1,0
858.067974722,1,0,0
858.067976020,1,0,1
858.067977004,0,0,1
858.206673864,0,0,0
858.206674156,0,1,0
858.206676392,1,1,0
858.345375562,1,0,0
858.345375746,1,0,1
858.345376810,0,0,1
858.484073590,0,0,0
858.484075122,0,1,0
858.484076074,1,1,0
858.622804472,1,1,1
858.622805528,1,0,1
858.622806496,0,0,1
858.761504088,0,1,1
858.761505378,0,1,0
858.761505884,1,1,0
858.900233198,1,1,1
858.900234620,1,0,1
858.900236178,0,0,1
859.038934992,0,1,1
859.038935104,0,1,0
859.038936566,1,1,0
859.177634924,1,1,1
859.177635522,1,0,1
859.177635924,0,0,1
859.316332768,0,0,0
859.316333958,0,1,0
859.316335250,1,1,0
859.455033426,1,0,0
859.455033650,1,0,1
859.455035670,0,0,1
859.593733554,0,0,0
859.593733926,0,1,0
859.593735058,1,1,0
859.732432394,1,0,0
859.732433376,1,0,1
859.732434352,0,0,1
859.871163280,0,0,0
859.871163830,0,1,0
859.871164740,1,1,0
860.009862360,1,0,0
860.009864164,1,0,1
860.009865098,0,0,1
860.148562006,0,0,0
860.148562858,0,1,0
860.148564424,1,1,0
860.287292890,1,1,1
860.287293262,1,0,1
860.287294842,0,0,1
860.425991734,0,0,0
860.425992760,0,1,0
860.425994168,1,1,0
860.564722228,1,0,0
860.564723614,1,0,1
860.564724588,0,0,1
860.703422522,0,0,0
860.703422726,0,1,0
860.703424912,1,1,0
860.842122278,1,1,1
860.842123194,1,0,1
860.842124270,0,0,1
860.980822692,0,1,1
860.980823182,0,1,0
860.980824596,1,1,0
861.119522004,1,1,1
861.119522160,1,0,1
861.119524016,0,0,1
861.258221596,0,1,1
861.258221908,0,1,0
861.258223342,1,1,0
861.396921126,1,0,0
861.396921790,1,0,1
861.396923698,0,0,1
861.535621560,0,1,1
861.535622632,0,1,0
861.535623086,1,1,0
861.674321516,1,1,1
861.674322092,1,0,1
861.674323506,0,0,1
861.813020526,0,1,1
861.813021358,0,1,0
861.813022768,1,1,0
861.951719240,1,1,1
861.951720056,1,0,1
861.951722186,0,0,1
862.090420146,0,0,0
862.090421492,0,1,0
862.090422574,1,1,0
862.229118904,1,1,1
862.229120960,1,0,1
862.229121870,0,0,1
862.367818808,0,0,0
862.367820458,0,1,0
862.367821196,1,1,0
862.506518926,1,0,0
862.506520690,1,0,1
862.506521614,0,0,1
862.645218596,0,0,0
862.645219362,0,1,0
862.645221004,1,1,0
862.783919890,1,0,0
862.783920414,1,0,1
862.783921360,0,0,1
862.922618320,0,0,0
862.922619326,0,1,0
862.922620684,1,1,0
863.061317202,1,1,1
863.061317794,1,0,1
863.061320040,0,0,1
863.200018290,0,1,1
863.200020108,0,1,0
863.200020366,1,1,0
863.338716864,1,1,1
863.338717758,1,0,1
863.338719784,0,0,1
863.477448770,0,0,0
863.477449194,0,1,0
863.477450172,1,1,0
863.616148722,1,0,0
863.616149588,1,0,1
863.616150468,0,0,1
863.754846994,0,0,0
863.754848222,0,1,0
863.754849854,1,1,0
863.893547688,1,0,0
863.893548376,1,0,1
863.893549210,0,0,1
864.032248124,0,1,1
864.032249280,0,1,0
864.032249536,1,1,0
864.170947102,1,1,1
864.170947652,1,0,1
864.170948956,0,0,1
864.309646088,0,1,1
864.309646944,0,1,0
864.309648280,1,1,0
864.448377556,1,0,0
864.448377826,1,0,1
864.448378638,0,0,1
864.587138054,0,1,1
864.587138668,0,1,0
864.587140024,1,1,0
864.725837550,1,1,1
864.725837582,1,0,1
864.725839382,0,0,1
864.864566956,0,1,1
864.864568392,0,1,0
864.864569770,1,1,0
865.003298484,1,0,0
865.003299212,1,0,1
865.003300124,0,0,1
865.141996920,0,1,1
865.141998116,0,1,0
865.141999450,1,1,0
865.280697448,1,0,0
865.280698998,1,0,1
865.280699870,0,0,1
865.419397902,0,0,0
865.419398884,0,1,0
865.419399132,1,1,0
865.558127722,1,1,1
865.558128352,1,0,1
865.558129550,0,0,1
865.696827626,0,0,0
865.696827786,0,1,0
865.696829876,1,1,0
865.835526384,1,1,1
865.835527378,1,0,1
865.835529294,0,0,1
865.974257350,0,0,0
865.974257814,0,1,0
865.974259618,1,1,0
866.112957170,1,1,1
866.112957280,1,0,1
866.112958974,0,0,1
866.251657012,0,0,0
866.251657776,0,1,0
866.251659300,1,1,0
866.390356894,1,1,1
866.390357182,1,0,1
866.390358720,0,0,1
866.529056678,0,1,1
866.529056798,0,1,0
866.529058042,1,1,0
866.667756208,1,0,0
866.667757680,1,0,1
866.667758398,0,0,1
866.806486520,0,0,0
866.806488642,0,1,0
866.806488786,1,1,0
866.945185108,1,0,0
866.945186342,1,0,1
866.945188080,0,0,1
867.083884244,0,0,0
867.083885608,0,1,0
867.083887468,1,1,0
867.222586072,1,0,0
867.222587064,1,0,1
867.222587886,0,0,1
867.361285508,0,1,1
867.361286968,0,1,0
867.361287210,1,1,0
867.500014850,1,1,1
867.500016098,1,0,1
867.500017566,0,0,1
867.638715472,0,1,1
867.638716690,0,1,0
867.638717954,1,1,0
867.777446000,1,0,0
867.777446510,1,0,1
867.777447308,0,0,1
867.916145414,0,0,0
867.916145434,0,1,0
867.916147696,1,1,0
868.054845298,1,1,1
868.054845902,1,0,1
868.054847052,0,0,1
868.193546200,0,0,0
868.193546398,0,1,0
868.193547314,1,1,0
868.332244926,1,0,0
868.332244956,1,0,1
868.332246796,0,0,1
868.470943362,0,1,1
868.470944860,0,1,0
868.470946120,1,1,0
868.609643828,1,0,0
868.609644742,1,0,1
868.609646476,0,0,1
868.748374584,0,0,0
868.748375264,0,1,0
868.748376802,1,1,0
868.887073792,1,0,0
868.887075466,1,0,1
868.887076156,0,0,1
869.025774290,0,1,1
869.025775372,0,1,0
869.025776480,1,1,0
869.164503754,1,0,0
869.164504188,1,0,1
869.164505898,0,0,1
869.303235094,0,0,0
869.303235190,0,1,0
869.303236224,1,1,0
869.441934718,1,0,0
869.441935912,1,0,1
869.441936642,0,0,1
869.580633816,0,0,0
869.580634152,0,1,0
869.580635964,1,1,0
869.719333682,1,0,0
869.719335636,1,0,1
869.719336320,0,0,1
869.858034116,0,1,1
869.858034476,0,1,0
869.858035708,1,1,0
869.996763420,1,1,1
869.996764582,1,0,1
869.996766000,0,0,1
870.135463078,0,1,1
870.135463262,0,1,0
870.135465388,1,1,0
870.274162482,1,0,0
870.274164080,1,0,1
870.274165806,0,0,1
870.412862980,0,1,1
870.412863984,0,1,0
870.412865130,1,1,0
870.551561866,1,1,1
870.551564446,1,0,1
870.551564486,0,0,1
870.690261942,0,1,1
870.690263706,0,1,0
870.690264810,1,1,0
870.828962408,1,0,0
870.828963588,1,0,1
870.828964228,0,0,1
870.967662428,0,0,0
870.967662842,0,1,0
870.967664552,1,1,0
871.106392372,1,0,0
871.106393310,1,0,1
871.106393970,0,0,1
871.245092868,0,1,1
871.245093152,0,1,0
871.245094294,1,1,0
871.383791034,1,1,1
871.383792334,1,0,1
871.383793650,0,0,1
871.522490874,0,0,0
871.522492830,0,1,0
871.522493974,1,1,0
871.661191756,1,1,1
871.661192234,1,0,1
871.661193392,0,0,1
871.799891596,0,0,0
871.799891732,0,1,0
871.799892716,1,1,0
871.938591260,1,0,0
871.938591478,1,0,1
871.938593072,0,0,1
872.077290694,0,0,0
872.077291758,0,1,0
872.077292460,1,1,0
872.215989886,1,1,1
872.215990160,1,0,1
872.215992814,0,0,1
872.354690102,0,0,0
872.354690656,0,1,0
872.354692138,1,1,0
872.493390186,1,0,0
872.493390422,1,0,1
872.493391556,0,0,1
872.632089764,0,0,0
872.632090556,0,1,0
872.632091880,1,1,0
872.770788644,1,1,1
872.770789024,1,0,1
872.770791298,0,0,1
872.909519520,0,1,1
872.909520548,0,1,0
872.909521622,1,1,0
873.048219988,1,0,0
873.048220366,1,0,1
873.048221978,0,0,1
873.186950268,0,0,0
873.186950482,0,1,0
873.186951302,1,1,0
873.325649088,1,1,1
873.325650948,1,0,1
873.325651718,0,0,1
873.464379990,0,0,0
873.464380444,0,1,0
873.464381980,1,1,0
873.603079872,1,1,1
873.603079972,1,0,1
873.603081398,0,0,1
873.741779344,0,1,1
873.741781712,0,1,0
873.741781786,1,1,0
873.880479532,1,1,1
873.880479872,1,0,1
873.880481078,0,0,1
874.019178434,0,0,0
874.019179370,0,1,0
874.019180464,1,1,0
874.157878772,1,0,0
874.157880316,1,0,1
874.157880820,0,0,1
874.296577156,0,0,0
874.296577268,0,1,0
874.296580206,1,1,0
874.435308860,1,0,0
874.435310038,1,0,1
874.435310562,0,0,1
874.574007878,0,0,0
874.574009230,0,1,0
874.574009946,1,1,0
874.712708698,1,0,0
874.712708760,1,0,1
874.712710238,0,0,1
874.851407662,0,0,0
874.851408192,0,1,0
874.851409626,1,1,0
874.990137660,1,0,0
874.990138482,1,0,1
874.990139982,0,0,1
875.128837384,0,0,0
875.128838092,0,1,0
875.128839304,1,1,0
875.267537202,1,1,1
875.267537620,1,0,1
875.267539722,0,0,1
875.406237044,0,0,0
875.406237056,0,1,0
875.406239046,1,1,0
875.544937582,1,0,0
875.544937924,1,0,1
875.544939464,0,0,1
875.683637018,0,1,1
875.683637828,0,1,0
875.683638724,1,1,0
875.822335708,1,1,1
875.822337544,1,0,1
875.822338142,0,0,1
875.961035916,0,1,1
875.961036548,0,1,0
875.961038528,1,1,0
876.099735368,1,1,1
876.099736444,1,0,1
876.099737820,0,0,1
876.238435940,0,1,1
876.238438208,1,1,1
876.238438270,1,1,0
876.377135088,1,1,1
876.377135406,1,0,1
876.377137626,0,0,1
876.515865840,0,1,1
876.515866992,0,1,0
876.515867950,1,1,0
876.654564872,1,1,1
876.654565368,1,0,1
876.654567304,0,0,1
876.793265712,0,0,0
876.793265802,0,1,0
876.793267688,1,1,0
876.931965328,1,0,0
876.931966532,1,0,1
876.931967044,0,0,1
877.070664434,0,0,0
877.070665764,0,1,0
877.070666368,1,1,0
877.209364228,1,0,0
877.209364314,1,0,1
877.209366786,0,0,1
877.348064154,0,0,0
877.348064662,0,1,0
877.348066108,1,1,0
877.486764190,1,0,0
877.486766036,1,0,1
877.486766462,0,0,1
877.625494876,0,0,0
877.625495624,0,1,0
877.625496850,1,1,0
877.764194152,1,0,0
877.764195756,1,0,1
877.764196142,0,0,1
877.902924584,0,1,1
877.902924660,0,1,0
877.902926526,1,1,0
878.041624114,1,0,0
878.041624476,1,0,1
878.041625944,0,0,1
878.180324546,0,1,1
878.180325318,0,1,0
878.180326204,1,1,0
878.319055136,1,1,1
878.319056012,1,0,1
878.319056622,0,0,1
878.457753100,0,0,0
878.457753508,0,1,0
878.457755884,1,1,0
878.596452918,1,1,1
878.596454034,1,0,1
878.596455300,0,0,1
878.735153532,0,1,1
878.735153822,0,1,0
878.735155686,1,1,0
878.873883932,1,0,0
878.873884640,1,0,1
878.873886040,0,0,1
879.012582430,0,1,1
879.012584542,0,1,0
879.012585426,1,1,0
879.151282360,1,1,1
879.151282832,1,0,1
879.151284780,0,0,1
879.290013262,0,0,0
879.290013328,0,1,0
879.290015104,1,1,0
879.428713854,1,0,0
879.428715080,1,0,1
879.428715460,0,0,1
879.567412982,0,0,0
879.567413288,0,1,0
879.567414844,1,1,0
879.706112800,1,1,1
879.706113754,1,0,1
879.706115198,0,0,1
879.844812704,0,0,0
879.844813250,0,1,0
879.844814522,1,1,0
879.983542522,1,1,1
879.983542714,1,0,1
879.983544938,0,0,1
880.122273212,0,1,1
880.122273424,0,1,0
880.122275262,1,1,0
880.260972676,1,0,0
880.260973240,1,0,1
880.260974678,0,0,1
880.399673142,0,0,0
880.399673172,0,1,0
880.399675002,1,1,0
880.538372522,1,1,1
880.538372636,1,0,1
880.538374356,0,0,1
880.677072008,0,1,1
880.677072862,0,1,0
880.677073740,1,1,0
880.815771596,1,0,0
880.815771680,1,0,1
880.815774098,0,0,1
880.954471582,0,0,0
880.954472030,0,1,0
880.954473356,1,1,0
881.093170462,1,1,1
881.093171558,1,0,1
881.093172772,0,0,1
881.231870364,0,0,0
881.231870992,0,1,0
881.231873158,1,1,0
881.370601182,1,1,1
881.370601454,1,0,1
881.370603576,0,0,1
881.509300888,0,1,1
881.509302022,0,1,0
881.509302834,1,1,0
881.648000902,1,1,1
881.648001354,1,0,1
881.648003252,0,0,1
881.786729912,0,1,1
881.786731806,0,1,0
881.786732510,1,1,0
881.925430622,1,1,1
881.925431376,1,0,1
881.925432928,0,0,1
882.064130462,0,0,0
882.064130808,0,1,0
882.064132188,1,1,0
882.202830338,1,0,0
882.202831342,1,0,1
882.202832606,0,0,1
882.341530244,0,0,0
882.341531770,0,1,0
882.341531990,1,1,0
882.480229122,1,1,1
882.480230234,1,0,1
882.480231406,0,0,1
882.618959730,0,1,1
882.618959964,0,1,0
882.618961668,1,1,0
882.757660194,1,0,0
882.757660842,1,0,1
882.757662084,0,0,1
882.896358626,0,1,1
882.896359620,0,1,0
882.896361468,1,1,0
883.035060154,1,0,0
883.035060500,1,0,1
883.035061822,0,0,1
883.173759648,0,1,1
883.173760402,0,1,0
883.173761144,1,1,0
883.312458052,1,0,0
883.312458280,1,0,1
883.312460562,0,0,1
883.451158546,0,1,1
883.451160120,0,1,0
883.451160822,1,1,0
883.589858000,1,1,1
883.589859074,1,0,1
883.589860238,0,0,1
883.728557902,0,0,0
883.728558508,0,1,0
883.728560562,1,1,0
883.867257972,1,0,0
883.867258656,1,0,1
883.867259976,0,0,1
884.005957466,0,1,1
884.005957558,0,1,0
884.005959236,1,1,0
884.144656932,1,0,0
884.144658438,1,0,1
884.144659652,0,0,1
884.283387426,0,1,1
884.283388278,0,1,0
884.283389976,1,1,0
884.422087890,1,0,0
884.422088156,1,0,1
884.422089390,0,0,1
884.560786324,0,1,1
884.560787060,0,1,0
884.560788714,1,1,0
884.699487850,1,0,0
884.699487876,1,0,1
884.699489130,0,0,1
884.838186284,0,1,1
884.838186778,0,1,0
884.838188454,1,1,0
884.976885656,1,1,1
884.976886810,1,0,1
884.976888806,0,0,1
885.115586560,0,0,0
885.115587244,0,1,0
885.115588130,1,1,0
885.254284706,1,0,0
885.254285314,1,0,1
885.254287482,0,0,1
885.393016140,0,1,1
885.393016216,0,1,0
885.393017866,1,1,0
885.531716666,1,0,0
885.531717094,1,0,1
885.531718282,0,0,1
885.670415934,0,0,0
885.670417162,0,1,0
885.670417542,1,1,0
885.809114812,1,1,1
885.809115688,1,0,1
885.809116958,0,0,1
885.947815058,0,1,1
885.947815716,0,1,0
885.947817344,1,1,0
886.086514468,1,1,1
886.086515520,1,0,1
886.086516636,0,0,1
886.225215018,0,1,1
886.225215432,0,1,0
886.225217018,1,1,0
886.363915312,1,1,1
886.363915542,1,0,1
886.363916436,0,0,1
886.502613150,0,0,0
886.502613976,0,1,0
886.502615758,1,1,0
886.641313440,1,0,0
886.641314968,1,0,1
886.641316048,0,0,1
886.780044934,0,1,1
886.780045870,0,1,0
886.780046496,1,1,0
886.918744398,1,0,0
886.918744686,1,0,1
886.918745850,0,0,1
887.057443832,0,1,1
887.057444526,0,1,0
887.057445170,1,1,0
887.196143358,1,0,0
887.196144404,1,0,1
887.196145524,0,0,1
887.334873790,0,1,1
887.334874242,0,1,0
887.334875844,1,1,0
887.473574184,1,1,1
887.473574316,1,0,1
887.473575262,0,0,1
887.612274748,0,1,1
887.612275024,0,1,0
887.612275646,1,1,0
887.750972712,1,0,0
887.750972840,1,0,1
887.750974998,0,0,1
887.889671582,0,1,1
887.889671742,0,1,0
887.889674320,1,1,0
888.028372484,1,0,0
888.028373622,1,0,1
888.028374674,0,0,1
888.167102792,0,1,1
888.167103460,0,1,0
888.167104996,1,1,0
888.305802338,1,1,1
888.305803130,1,0,1
888.305804410,0,0,1
888.444501562,0,1,1
888.444502240,0,1,0
888.444503732,1,1,0
888.583202400,1,0,0
888.583202992,1,0,1
888.583204148,0,0,1
888.721900522,0,1,1
888.721902896,0,1,0
888.721903408,1,1,0
888.860602774,1,1,1
888.860603048,1,0,1
888.860603824,0,0,1
888.999300478,0,1,1
888.999300612,0,1,0
888.999303208,1,1,0
889.138031492,1,1,1
889.138032382,1,0,1
889.138033500,0,0,1
889.276761374,0,1,1
889.276761392,0,1,0
889.276763884,1,1,0
889.415491900,1,0,0
889.415492210,1,0,1
889.415494238,0,0,1
889.554192020,0,1,1
889.554192110,0,1,0
889.554193620,1,1,0
889.692891796,1,0,0
889.692892988,1,0,1
889.692893974,0,0,1
889.831590764,0,0,0
889.831592790,0,1,0
889.831593294,1,1,0
889.970290644,1,1,1
889.970290818,1,0,1
889.970292710,0,0,1
890.109021998,0,1,1
890.109023030,1,1,1
890.109023544,1,1,0
890.247750360,1,1,1
890.247751774,1,0,1
890.247753384,0,0,1
890.386451144,0,1,1
890.386452262,0,1,0
890.386453768,1,1,0
890.525150078,1,1,1
890.525150672,1,0,1
890.525153122,0,0,1
890.663850978,0,0,0
890.663851166,0,1,0
890.663852442,1,1,0
890.802551628,1,0,0
890.802551858,1,0,1
890.802552858,0,0,1
890.941249758,0,0,0
890.941251060,0,1,0
890.941252180,1,1,0
891.079949586,1,0,0
891.079950512,1,0,1
891.079951532,0,0,1
891.218650082,0,1,1
891.218651412,0,1,0
891.218651916,1,1,0
891.357349482,1,0,0
891.357351270,0,0,0
891.357351292,0,0,1
891.496079976,0,1,1
891.496080130,0,1,0
891.496081590,1,1,0
891.634780008,1,1,1
891.634780502,1,0,1
891.634782006,0,0,1
891.773508848,0,0,0
891.773508934,0,1,0
891.773511264,1,1,0
891.912209460,1,0,0
891.912210724,1,0,1
891.912211678,0,0,1
892.050908626,0,0,0
892.050908828,0,1,0
892.050911062,1,1,0
892.189609356,1,0,0
892.189609442,1,0,1
892.189611360,0,0,1
892.328308280,0,0,0
892.328308786,0,1,0
892.328310736,1,1,0
892.467039160,1,1,1
892.467039250,1,0,1
892.467041090,0,0,1
892.605738998,0,0,0
892.605739744,0,1,0
892.605740410,1,1,0
892.744439270,1,0,0
892.744439874,1,0,1
892.744440826,0,0,1
892.883137702,0,1,1
892.883138776,0,1,0
892.883140148,1,1,0
893.021837164,1,0,0
893.021838654,1,0,1
893.021840500,0,0,1
893.160537660,0,1,1
893.160539492,0,1,0
893.160539884,1,1,0
893.299236370,1,1,1
893.299238122,1,0,1
893.299239298,0,0,1
893.437938208,0,0,0
893.437938554,0,1,0
893.437939558,1,1,0
893.576636024,1,1,1
893.576637078,1,0,1
893.576638908,0,0,1
893.715335928,0,0,0
893.715336574,0,1,0
893.715338292,1,1,0
893.854066802,1,1,1
893.854067036,1,0,1
893.854068646,0,0,1
893.992766468,0,1,1
893.992768642,0,1,0
893.992769030,1,1,0
894.131466520,1,1,1
894.131466992,1,0,1
894.131468382,0,0,1
894.270166358,0,0,0
894.270166426,0,1,0
894.270168700,1,1,0
894.408865888,1,0,0
894.408866174,1,0,1
894.408868052,0,0,1
894.547564382,0,1,1
894.547565074,0,1,0
894.547567438,1,1,0
894.686265906,1,0,0
894.686265952,1,0,1
894.686267790,0,0,1
894.824995790,0,0,0
894.824996338,0,1,0
894.824998110,1,1,0
894.963695666,1,1,1
894.963695802,1,0,1
894.963697526,0,0,1
895.102425506,0,0,0
895.102426232,0,1,0
895.102427846,1,1,0
895.241124758,1,0,0
895.241126384,1,0,1
895.241127200,0,0,1
895.379825284,0,0,0
895.379826190,0,1,0
895.379827582,1,1,0
895.518523652,1,0,0
895.518526100,1,0,1
895.518526872,0,0,1
895.657225148,0,1,1
895.657226936,0,1,0
895.657227254,1,1,0
895.795924608,1,0,0
895.795924816,1,0,1
895.795926670,0,0,1
895.934624040,0,1,1
895.934624778,0,1,0
895.934625990,1,1,0
896.073323468,1,1,1
896.073325566,1,0,1
896.073326342,0,0,1
896.212023432,0,0,0
896.212024058,0,1,0
896.212025726,1,1,0
896.350724522,1,0,0
896.350725246,1,0,1
896.350726078,0,0,1
896.489422952,0,1,1
896.489424146,0,1,0
896.489425398,1,1,0
896.628122962,1,1,1
896.628123478,1,0,1
896.628124750,0,0,1
896.766853862,0,0,0
896.766853910,0,1,0
896.766855134,1,1,0
896.905552738,1,1,1
896.905554372,1,0,1
896.905555486,0,0,1
897.044252866,0,1,1
897.044253576,0,1,0
897.044254806,1,1,0
897.182952390,1,0,0
897.182952394,1,0,1
897.182954222,0,0,1
897.321652758,0,1,1
897.321653292,0,1,0
897.321654542,1,1,0
897.460351170,1,1,1
897.460352346,1,0,1
897.460353892,0,0,1
897.599052008,0,0,0
897.599052778,0,1,0
897.599054274,1,1,0
897.737751886,1,1,1
897.737752304,1,0,1
897.737753628,0,0,1
897.876450784,0,0,0
897.876451672,0,1,0
897.876452948,1,1,0
898.015152196,1,0,0
898.015152600,1,0,1
898.015153300,0,0,1
898.153881628,0,1,1
898.153882500,0,1,0
898.153883682,1,1,0
898.292580090,1,0,0
898.292581314,1,0,1
898.292583034,0,0,1
898.431280582,0,1,1
898.431282152,0,1,0
898.431282416,1,1,0
898.569981030,1,1,1
898.569982108,1,0,1
898.569982768,0,0,1
898.708678930,0,0,0
898.708680538,0,1,0
898.708682088,1,1,0
898.847379806,1,1,1
898.847381000,1,0,1
898.847382442,0,0,1
898.986079494,0,1,1
898.986080644,0,1,0
898.986081824,1,1,0
899.124809956,1,0,0
899.124810522,1,0,1
899.124812174,0,0,1
899.263540358,0,0,0
899.263541448,0,1,0
899.263542556,1,1,0
899.402269912,1,0,0
899.402271236,1,0,1
899.402272910,0,0,1
899.540970406,0,1,1
899.540971074,0,1,0
899.540972228,1,1,0
899.679670888,1,1,1
899.679671804,1,0,1
899.679672644,0,0,1
899.818399726,0,0,0
899.818400298,0,1,0
899.818401900,1,1,0
899.957100602,1,1,1
899.957101822,1,0,1
899.957102314,0,0,1
900.095799502,0,0,0
900.095800252,0,1,0
900.095801634,1,1,0
900.234499378,1,1,1
900.234500714,1,0,1
900.234501986,0,0,1
900.373230216,0,0,0
900.373231144,0,1,0
900.373232430,1,1,0
900.511930092,1,1,1
900.511930668,1,0,1
900.511931720,0,0,1
900.650628992,0,0,0
900.650629100,0,1,0
900.650631038,1,1,0
900.789328624,1,0,0
900.789329806,1,0,1
900.789331454,0,0,1
900.928029706,0,0,0
900.928030054,0,1,0
900.928030710,1,1,0
901.066728580,1,0,0
901.066729522,1,0,1
901.066730126,0,0,1
901.205429010,0,1,1
901.205429358,0,1,0
901.205430508,1,1,0
901.344128234,1,1,1
901.344129534,1,0,1
901.344129858,0,0,1
901.482828134,0,0,0
901.482828964,0,1,0
901.482830176,1,1,0
901.621558948,1,1,1
901.621559488,1,0,1
901.621560592,0,0,1
901.760257856,0,1,1
901.760258848,0,1,0
901.760259912,1,1,0
901.898988444,1,0,0
901.898988662,1,0,1
901.898990324,0,0,1
902.037688562,0,0,0
902.037688876,0,1,0
902.037689644,1,1,0
902.176418336,1,0,0
902.176418438,1,0,1
902.176419994,0,0,1
902.315118828,0,1,1
902.315120276,0,1,0
902.315120378,1,1,0
902.453848152,1,1,1
902.453848290,1,0,1
902.453849666,0,0,1
902.592548720,0,1,1
902.592548926,0,1,0
902.592550048,1,1,0
902.731246804,1,1,1
902.731247244,1,0,1
902.731249460,0,0,1
902.869976674,0,1,1
902.869977764,0,1,0
902.869979780,1,1,0
903.008678578,1,1,1
903.008679198,1,0,1
903.008680132,0,0,1
903.147376416,0,0,0
903.147377566,0,1,0
903.147379514,1,1,0
903.286076292,1,1,1
903.286077090,1,0,1
903.286078802,0,0,1
903.424777130,0,0,0
903.424777582,0,1,0
903.424779184,1,1,0
903.563476108,1,0,0
903.563476944,1,0,1
903.563478598,0,0,1
903.702176842,0,0,0
903.702178474,0,1,0
903.702178854,1,1,0
903.840876720,1,1,1
903.840877000,1,0,1
903.840878268,0,0,1
903.979574556,0,0,0
903.979576492,0,1,0
903.979577650,1,1,0
904.118305432,1,1,1
904.118306890,1,0,1
904.118307940,0,0,1
904.257007332,0,0,0
904.257007384,0,1,0
904.257008320,1,1,0
904.395705844,1,0,0
904.395706146,1,0,1
904.395707734,0,0,1
904.534405044,0,0,0
904.534405274,0,1,0
904.534406990,1,1,0
904.673105920,1,1,1
904.673106798,1,0,1
904.673107404,0,0,1
904.811804694,0,0,0
904.811805228,0,1,0
904.811806786,1,1,0
904.950505752,1,0,0
904.950506570,1,0,1
904.950507136,0,0,1
905.089204470,0,0,0
905.089205182,0,1,0
905.089206456,1,1,0
905.227904346,1,1,1
905.227904706,1,0,1
905.227905806,0,0,1
905.366604184,0,0,0
905.366605136,0,1,0
905.366606188,1,1,0
905.505301996,1,1,1
905.505304598,1,0,1
905.505305602,0,0,1
905.644003088,0,1,1
905.644004894,0,1,0
905.644005858,1,1,0
905.782703710,1,1,1
905.782704614,1,0,1
905.782705270,0,0,1
905.921401608,0,0,0
905.921403044,0,1,0
905.921404590,1,1,0
906.060102504,1,0,0
906.060104484,1,0,1
906.060104940,0,0,1
906.198801996,0,1,1
906.198802320,0,1,0
906.198804260,1,1,0
906.337503196,1,1,1
906.337503458,1,0,1
906.337504672,0,0,1
906.476202032,0,0,0
906.476202888,0,1,0
906.476203990,1,1,0
906.614901412,1,0,0
906.614901910,1,0,1
906.614903342,0,0,1
906.753601808,0,0,0
906.753602840,0,1,0
906.753603724,1,1,0
906.892300364,1,0,0
906.892301622,1,0,1
906.892303074,0,0,1
907.031000520,0,0,0
907.031000794,0,1,0
907.031002392,1,1,0
907.169700334,1,1,1
907.169701256,1,0,1
907.169702806,0,0,1
907.308399748,0,1,1
907.308401232,0,1,0
907.308402124,1,1,0
907.447100046,1,1,1
907.447100210,1,0,1
907.447102538,0,0,1
907.585799700,0,1,1
907.585799944,0,1,0
907.585801792,1,1,0
907.724499224,1,0,0
907.724499758,1,0,1
907.724501206,0,0,1
907.863200592,0,1,1
907.863200594,0,1,0
907.863201588,1,1,0
908.001898470,1,1,1
908.001899116,1,0,1
908.001900876,0,0,1
908.140599368,0,0,0
908.140599606,0,1,0
908.140601256,1,1,0
908.279298246,1,1,1
908.279299068,1,0,1
908.279300606,0,0,1
908.417996436,0,1,1
908.417997018,0,1,0
908.417999988,1,1,0
908.556698894,1,1,1
908.556698960,1,0,1
908.556700276,0,0,1
908.695397450,0,1,1
908.695397792,0,1,0
908.695399658,1,1,0
908.834098668,1,1,1
908.834098974,1,0,1
908.834100008,0,0,1
908.972797340,0,1,1
908.972797504,0,1,0
908.972799326,1,1,0
909.111496864,1,0,0
909.111497380,1,0,1
909.111498738,0,0,1
909.250197216,0,0,0
909.250197356,0,1,0
909.250199118,1,1,0
909.388895818,1,0,0
909.388896028,1,0,1
909.388898470,0,0,1
909.527626248,0,1,1
909.527627926,0,1,0
909.527628790,1,1,0
909.666326768,1,0,0
909.666326804,1,0,1
909.666328138,0,0,1
909.805025640,0,0,0
909.805027198,0,1,0
909.805028518,1,1,0
909.943725514,1,1,1
909.943725658,1,0,1
909.943727868,0,0,1
910.082426412,0,0,0
910.082427150,0,1,0
910.082428188,1,1,0
910.221156226,1,1,1
910.221157610,1,0,1
910.221158600,0,0,1
910.359856102,0,1,1
910.359857124,0,1,0
910.359857920,1,1,0
910.498555626,1,0,0
910.498556000,1,0,1
910.498557332,0,0,1
910.637255772,0,0,0
910.637256930,0,1,0
910.637257650,1,1,0
910.775985516,1,0,0
910.775986648,1,0,1
910.775988000,0,0,1
910.914684546,0,0,0
910.914685006,0,1,0
910.914687378,1,1,0
911.053385360,1,1,1
911.053385468,1,0,1
911.053386666,0,0,1
911.192083896,0,1,1
911.192086256,0,1,0
911.192087046,1,1,0
911.330784132,1,1,1
911.330784420,1,0,1
911.330786398,0,0,1
911.469484848,0,1,1
911.469485968,0,1,0
911.469486778,1,1,0
911.608184782,1,1,1
911.608185308,1,0,1
911.608186128,0,0,1
911.746914678,0,0,0
911.746914800,0,1,0
911.746916446,1,1,0
911.885613554,1,1,1
911.885614198,1,0,1
911.885615796,0,0,1
912.024343752,0,1,1
912.024345388,0,1,0
912.024346178,1,1,0
912.163043150,1,0,0
912.163045202,1,0,1
912.163046526,0,0,1
912.301744100,0,0,0
912.301745642,0,1,0
912.301745844,1,1,0
912.440442164,1,0,0
912.440442976,1,0,1
912.440445254,0,0,1
912.579142872,0,0,0
912.579144656,0,1,0
912.579145636,1,1,0
912.717842686,1,1,1
912.717843052,1,0,1
912.717844922,0,0,1
912.856543520,0,0,0
912.856543544,0,1,0
912.856545304,1,1,0
912.995273396,1,1,1
912.995274066,1,0,1
912.995274714,0,0,1
913.133973294,0,0,0
913.133973432,0,1,0
913.133974970,1,1,0
913.272672956,1,0,0
913.272673106,1,0,1
913.272674382,0,0,1
913.411373002,0,0,0
913.411373446,0,1,0
913.411374700,1,1,0
913.550072816,1,1,1
913.550072906,1,0,1
913.550074112,0,0,1
913.688770336,0,1,1
913.688771712,0,1,0
913.688773368,1,1,0
913.827471588,1,1,1
913.827471796,1,0,1
913.827473780,0,0,1
913.966201286,0,1,1
913.966201674,0,1,0
913.966204096,1,1,0
914.104900862,1,1,1
914.104902746,1,0,1
914.104903448,0,0,1
914.243632176,0,1,1
914.243633134,0,1,0
914.243633888,1,1,0
914.382330946,1,1,1
914.382332698,1,0,1
914.382333176,0,0,1
914.521031188,0,1,1
914.521033218,0,1,0
914.521033556,1,1,0
914.659730648,1,0,0
914.659730718,1,0,1
914.659732904,0,0,1
914.798462554,0,0,0
914.798463078,0,1,0
914.798463224,1,1,0
914.937159600,1,0,0
914.937161428,1,0,1
914.937162634,0,0,1
915.075860326,0,0,0
915.075861028,0,1,0
915.075863014,1,1,0
915.214560076,1,1,1
915.214560486,1,0,1
915.214562300,0,0,1
915.353260974,0,0,0
915.353260978,0,1,0
915.353262680,1,1,0
915.491960848,1,1,1
915.491961500,1,0,1
915.491962092,0,0,1
915.630659684,0,0,0
915.630659866,0,1,0
915.630661410,1,1,0
915.769360388,1,0,0
915.769360556,1,0,1
915.769361760,0,0,1
915.908057880,0,1,1
915.908059454,0,1,0
915.908061076,1,1,0
916.046759276,1,0,0
916.046759328,1,0,1
916.046761488,0,0,1
916.185489164,0,0,0
916.185489768,0,1,0
916.185491742,1,1,0
916.324189288,1,0,0
916.324189976,1,0,1
916.324191154,0,0,1
916.462887718,0,1,1
916.462888874,0,1,0
916.462890472,1,1,0
916.601588748,1,1,1
916.601589240,1,0,1
916.601590884,0,0,1
916.740288582,0,0,0
916.740288730,0,1,0
916.740290200,1,1,0
916.878988456,1,1,1
916.878989190,1,0,1
916.878990612,0,0,1
917.017688292,0,0,0
917.017688618,0,1,0
917.017689928,1,1,0
917.156388078,1,0,0
917.156388102,1,0,1
917.156389214,0,0,1
917.295086568,0,1,1
917.295089000,0,1,0
917.295089596,1,1,0
917.433786028,1,0,0
917.433787874,1,0,1
917.433789006,0,0,1
917.572486456,0,1,1
917.572486710,0,1,0
917.572488324,1,1,0
917.711185584,1,1,1
917.711185978,1,0,1
917.711188672,0,0,1
917.849885418,0,0,0
917.849887468,0,1,0
917.849888052,1,1,0
917.988586866,1,0,0
917.988587230,1,0,1
917.988588338,0,0,1
918.127285128,0,0,0
918.127286356,0,1,0
918.127287716,1,1,0
918.265986000,1,1,1
918.265986940,1,0,1
918.265987128,0,0,1
918.404746306,0,1,1
918.404746834,0,1,0
918.404748444,1,1,0
918.543445828,1,0,0
918.543446710,1,0,1
918.543447796,0,0,1
918.682146254,0,1,1
918.682146544,0,1,0
918.682148110,1,1,0
918.820845716,1,0,0
918.820846418,1,0,1
918.820847522,0,0,1
918.959545204,0,1,1
918.959545316,0,1,0
918.959546838,1,1,0
919.098245126,1,1,1
919.098245664,1,0,1
919.098247250,0,0,1
919.236944962,0,0,0
919.236946092,0,1,0
919.236946502,1,1,0
919.375644834,1,1,1
919.375645614,1,0,1
919.375646914,0,0,1
919.514344732,0,0,0
919.514345104,0,1,0
919.514346230,1,1,0
919.653073542,1,1,1
919.653075564,1,0,1
919.653076580,0,0,1
919.791773990,0,1,1
919.791775440,0,1,0
919.791775958,1,1,0
919.930503450,1,0,0
919.930505252,1,0,1
919.930506306,0,0,1
920.069204940,0,1,1
920.069206148,0,1,0
920.069206686,1,1,0
920.207904462,1,0,0
920.207905022,1,0,1
920.207906034,0,0,1
920.346602918,0,0,0
920.346603826,0,1,0
920.346605290,1,1,0
920.485303730,1,1,1
920.485304348,1,0,1
920.485305700,0,0,1
920.624002566,0,0,0
920.624003838,0,1,0
920.624005078,1,1,0
920.762704296,1,0,0
920.762704438,1,0,1
920.762705488,0,0,1
920.901432272,0,0,0
920.901433786,0,1,0
920.901434742,1,1,0
921.040132246,1,0,0
921.040134146,1,0,1
921.040135154,0,0,1
921.178831674,0,1,1
921.178833042,0,1,0
921.178834532,1,1,0
921.317562194,1,0,0
921.317562854,1,0,1
921.317564880,0,0,1
921.456262750,0,0,0
921.456263684,0,1,0
921.456265198,1,1,0
921.595024144,1,0,0
921.595024562,1,0,1
921.595025546,0,0,1
921.733722456,0,0,0
921.733723508,0,1,0
921.733724986,1,1,0
921.872453268,1,1,1
921.872454030,1,0,1
921.872455272,0,0,1
922.011154166,0,0,0
922.011154582,0,1,0
922.011155588,1,1,0
922.149913102,1,1,1
922.149913978,1,0,1
922.149915936,0,0,1
922.288614406,0,1,1
922.288614872,0,1,0
922.288616314,1,1,0
922.427313684,1,1,1
922.427314866,1,0,1
922.427315662,0,0,1
922.566012354,0,1,1
922.566012516,0,1,0
922.566015040,1,1,0
922.704713078,1,1,1
922.704713874,1,0,1
922.704715388,0,0,1
922.843413288,0,0,0
922.843413302,0,1,0
922.843414704,1,1,0
922.982112098,1,1,1
922.982112760,1,0,1
922.982114052,0,0,1
923.120840994,0,0,0
923.120843188,0,1,0
923.120844370,1,1,0
923.259542708,1,0,0
923.259542868,1,0,1
923.259544780,0,0,1
923.398272700,0,0,0
923.398274198,0,1,0
923.398275094,1,1,0
923.536972596,1,0,0
923.536973574,1,0,1
923.536974444,0,0,1
923.675672472,0,0,0
923.675673084,0,1,0
923.675673760,1,1,0
923.814372606,1,0,0
923.814373282,1,0,1
923.814374170,0,0,1
923.953071344,0,1,1
923.953072114,0,1,0
923.953073546,1,1,0
924.091771988,1,1,1
924.091772492,1,0,1
924.091773894,0,0,1
924.230470822,0,0,0
924.230471042,0,1,0
924.230473210,1,1,0
924.369201694,1,1,1
924.369202438,1,0,1
924.369203622,0,0,1
924.507931928,0,1,1
924.507932530,0,1,0
924.507933936,1,1,0
924.646631402,1,1,1
924.646631636,1,0,1
924.646633348,0,0,1
924.785332298,0,0,0
924.785332814,0,1,0
924.785333600,1,1,0
924.924031108,1,1,1
924.924031396,1,0,1
924.924033010,0,0,1
925.062761762,0,1,1
925.062762002,0,1,0
925.062763326,1,1,0
925.201460876,1,1,1
925.201461656,1,0,1
925.201462674,0,0,1
925.340161772,0,1,1
925.340162646,0,1,0
925.340163052,1,1,0
925.478860230,1,0,0
925.478860520,1,0,1
925.478862462,0,0,1
925.617590354,0,0,0
925.617590656,0,1,0
925.617592714,1,1,0
925.756290178,1,0,0
925.756291228,1,0,1
925.756292124,0,0,1
925.894989604,0,1,1
925.894991122,0,1,0
925.894992504,1,1,0
926.033690124,1,0,0
926.033690996,1,0,1
926.033691788,0,0,1
926.172420830,0,0,0
926.172421738,0,1,0
926.172422164,1,1,0
926.311120072,1,0,0
926.311121702,1,0,1
926.311122512,0,0,1
926.449819474,0,0,0
926.449820372,0,1,0
926.449821828,1,1,0
926.588518958,1,0,0
926.588519348,1,0,1
926.588521238,0,0,1
926.727219242,0,0,0
926.727219448,0,1,0
926.727221554,1,1,0
926.865949904,1,0,0
926.865950054,1,0,1
926.865951900,0,0,1
927.004648948,0,0,0
927.004649330,0,1,0
927.004651280,1,1,0
927.143347822,1,1,1
927.143348850,1,0,1
927.143350626,0,0,1
927.282049278,0,1,1
927.282049716,0,1,0
927.282050942,1,1,0
927.420747528,1,1,1
927.420749734,1,0,1
927.420750352,0,0,1
927.559448360,0,0,0
927.559449224,0,1,0
927.559450730,1,1,0
927.698147744,1,0,0
927.698149234,1,0,1
927.698150014,0,0,1
927.836847066,0,0,0
927.836847172,0,1,0
927.836849328,1,1,0
927.975577692,1,0,0
927.975577940,1,0,1
927.975579740,0,0,1
928.114278056,0,1,1
928.114278834,0,1,0
928.114280056,1,1,0
928.252976644,1,1,1
928.252978576,1,0,1
928.252979402,0,0,1
928.391676540,0,0,0
928.391677002,0,1,0
928.391678780,1,1,0
928.530377414,1,1,1
928.530378584,1,0,1
928.530379126,0,0,1
928.669076950,0,1,1
928.669077184,0,1,0
928.669078440,1,1,0
928.807776470,1,0,0
928.807777056,1,0,1
928.807778850,0,0,1
928.946475896,0,1,1
928.946475952,0,1,0
928.946478166,1,1,0
929.085175354,1,0,0
929.085176824,1,0,1
929.085177514,0,0,1
929.223905658,0,0,0
929.223906842,0,1,0
929.223907890,1,1,0
929.362606364,1,0,0
929.362607530,1,0,1
929.362608238,0,0,1
929.501305788,0,1,1
929.501306300,0,1,0
929.501307614,1,1,0
929.640005172,1,1,1
929.640005246,1,0,1
929.640006962,0,0,1
929.778705734,0,1,1
929.778706068,0,1,0
929.778707340,1,1,0
929.917404194,1,0,0
929.917404940,1,0,1
929.917406624,0,0,1
930.056104772,0,0,0
930.056105618,0,1,0
930.056107002,1,1,0
930.194835584,1,1,1
930.194836140,1,0,1
930.194837288,0,0,1
930.333534478,0,0,0
930.333534566,0,1,0
930.333536600,1,1,0
930.472234288,1,1,1
930.472235086,1,0,1
930.472236010,0,0,1
930.610934182,0,0,0
930.610935574,0,1,0
930.610936388,1,1,0
930.749633970,1,0,0
930.749634056,1,0,1
930.749635736,0,0,1
930.888333950,0,0,0
930.888334458,0,1,0
930.888336112,1,1,0
931.027033916,1,0,0
931.027034762,1,0,1
931.027035458,0,0,1
931.165732592,0,0,0
931.165733404,0,1,0
931.165734774,1,1,0
931.304433466,1,1,1
931.304433862,1,0,1
931.304435120,0,0,1
931.443131350,0,1,1
931.443132360,0,1,0
931.443134496,1,1,0
931.581832170,1,1,1
931.581833870,1,0,1
931.581834906,0,0,1
931.720532002,0,0,0
931.720533296,0,1,0
931.720534158,1,1,0
931.859231754,1,0,0
931.859231876,1,0,1
931.859233568,0,0,1
931.997961706,0,0,0
931.997963242,0,1,0
931.997963882,1,1,0
932.136662636,1,0,0
932.136663580,1,0,1
932.136664292,0,0,1
932.275392124,0,1,1
932.275393412,0,1,0
932.275394606,1,1,0
932.414092284,1,1,1
932.414092644,1,0,1
932.414093952,0,0,1
932.552792008,0,1,1
932.552792178,0,1,0
932.552793266,1,1,0
932.691491528,1,0,0
932.691491988,1,0,1
932.691493676,0,0,1
932.830190882,0,0,0
932.830191016,0,1,0
932.830193052,1,1,0
932.968889694,1,1,1
932.968891472,1,0,1
932.968892336,0,0,1
933.107590586,0,0,0
933.107590960,0,1,0
933.107592652,1,1,0
933.246321418,1,0,0
933.246321460,1,0,1
933.246322998,0,0,1
933.385020292,0,0,0
933.385020844,0,1,0
933.385022374,1,1,0
933.523721364,1,0,0
933.523722102,1,0,1
933.523722784,0,0,1
933.662449788,0,1,1
933.662451996,0,1,0
933.662452098,1,1,0
933.801151308,1,0,0
933.801151868,1,0,1
933.801152444,0,0,1
933.939849796,0,1,1
933.939851700,0,1,0
933.939851820,1,1,0
934.078550254,1,0,0
934.078550510,1,0,1
934.078552168,0,0,1
934.217249404,0,0,0
934.217249618,0,1,0
934.217251546,1,1,0
934.355949138,1,0,0
934.355949214,1,0,1
934.355950890,0,0,1
934.494650110,0,0,0
934.494650624,0,1,0
934.494651270,1,1,0
934.633347980,1,1,1
934.633348082,1,0,1
934.633350552,0,0,1
934.772078570,0,1,1
934.772079812,0,1,0
934.772080928,1,1,0
934.910779028,1,0,0
934.910779622,1,0,1
934.910781274,0,0,1
935.049478516,0,0,0
935.049479454,0,1,0
935.049480588,1,1,0
935.188177972,1,0,0
935.188179388,1,0,1
935.188179996,0,0,1
935.326878220,0,0,0
935.326878398,0,1,0
935.326880310,1,1,0
935.465608090,1,1,1
935.465608854,1,0,1
935.465610720,0,0,1
935.604307342,0,1,1
935.604307922,0,1,0
935.604310034,1,1,0
935.743007796,1,1,1
935.743007862,1,0,1
935.743009380,0,0,1
935.881707288,0,1,1
935.881707626,0,1,0
935.881709694,1,1,0
936.020407498,1,1,1
936.020407744,1,0,1
936.020409104,0,0,1
936.159107330,0,0,0
936.159108232,0,1,0
936.159109480,1,1,0
936.297807752,1,0,0
936.297808202,1,0,1
936.297808700,0,0,1
936.436505114,0,1,1
936.436507096,0,1,0
936.436508076,1,1,0
936.575205904,1,1,1
936.575207634,1,0,1
936.575208484,0,0,1
936.713936058,0,1,1
936.713936800,0,1,0
936.713938800,1,1,0
936.852635672,1,1,1
936.852636578,1,0,1
936.852638206,0,0,1
936.991336440,0,0,0
936.991337004,0,1,0
936.991337584,1,1,0
937.130034312,1,1,1
937.130036524,1,0,1
937.130037866,0,0,1
937.268735948,0,1,1
937.268736206,0,1,0
937.268737244,1,1,0
937.407435406,1,0,0
937.407436014,1,0,1
937.407437590,0,0,1
937.546134848,0,0,0
937.546135892,0,1,0
937.546136904,1,1,0
937.684865350,1,0,0
937.684865780,1,0,1
937.684867312,0,0,1
937.823564548,0,0,0
937.823565836,0,1,0
937.823566688,1,1,0
937.962265294,1,0,0
937.962265422,1,0,1
937.962266972,0,0,1
938.100964316,0,0,0
938.100964718,0,1,0
938.100966284,1,1,0
938.239664124,1,1,1
938.239665238,1,0,1
938.239665694,0,0,1
938.378363662,0,1,1
938.378364018,0,1,0
938.378366070,1,1,0
938.517094184,1,0,0
938.517094828,1,0,1
938.517096416,0,0,1
938.655794670,0,1,1
938.655794720,0,1,0
938.655795728,1,1,0
938.794494126,1,0,0
938.794495532,1,0,1
938.794496076,0,0,1
938.933253612,0,1,1
938.933255424,0,1,0
938.933256450,1,1,0
939.071955068,1,0,0
939.071955296,1,0,1
939.071955796,0,0,1
939.210653494,0,1,1
939.210654126,0,1,0
939.210656172,1,1,0
939.349352936,1,1,1
939.349353952,1,0,1
939.349355518,0,0,1
939.488083828,0,0,0
939.488084376,0,1,0
939.488085830,1,1,0
939.626783700,1,1,1
939.626783896,1,0,1
939.626785178,0,0,1
939.765483320,0,1,1
939.765483530,0,1,0
939.765485554,1,1,0
939.904182838,1,0,0
939.904183404,1,0,1
939.904184900,0,0,1
940.042913264,0,1,1
940.042914232,0,1,0
940.042915212,1,1,0
940.181642718,1,0,0
940.181645104,1,0,1
940.181645620,0,0,1
940.320342998,0,0,0
940.320344206,0,1,0
940.320344934,1,1,0
940.459041662,1,0,0
940.459042806,1,0,1
940.459045342,0,0,1
940.597742640,0,0,0
940.597743214,0,1,0
940.597744592,1,1,0
940.736442606,1,0,0
940.736443508,1,0,1
940.736445000,0,0,1
940.875142404,0,0,0
940.875143032,0,1,0
940.875144314,1,1,0
941.013842212,1,1,1
941.013842550,1,0,1
941.013843722,0,0,1
941.152571104,0,0,0
941.152571974,0,1,0
941.152574034,1,1,0
941.291271914,1,1,1
941.291272494,1,0,1
941.291274380,0,0,1
941.429971744,0,0,0
941.429971980,0,1,0
941.429973692,1,1,0
941.568671616,1,1,1
941.568673374,1,0,1
941.568674100,0,0,1
941.707371862,0,1,1
941.707372510,0,1,0
941.707373414,1,1,0
941.846071316,1,0,0
941.846071318,1,0,1
941.846072822,0,0,1
941.984770742,0,1,1
941.984771210,0,1,0
941.984773074,1,1,0
942.123470020,1,1,1
942.123470260,1,0,1
942.123472480,0,0,1
942.262170748,0,1,1
942.262172856,1,1,1
942.262172912,1,1,0
942.400899722,1,1,1
942.400901204,1,0,1
942.400902200,0,0,1
942.539600616,0,0,0
942.539600628,0,1,0
942.539602514,1,1,0
942.678330210,1,0,0
942.678332422,1,0,1
942.678332858,0,0,1
942.817091572,0,1,1
942.817092316,0,1,0
942.817093298,1,1,0
942.955791188,1,1,1
942.955792028,1,0,1
942.955793644,0,0,1
943.094491514,0,1,1
943.094492020,0,1,0
943.094492894,1,1,0
943.233190034,1,0,0
943.233190888,1,0,1
943.233192300,0,0,1
943.371890456,0,1,1
943.371890720,0,1,0
943.371892612,1,1,0
943.510589914,1,0,0
943.510591592,1,0,1
943.510591958,0,0,1
943.649320400,0,1,1
943.649320420,0,1,0
943.649322396,1,1,0
943.788018856,1,0,0
943.788020292,1,0,1
943.788021680,0,0,1
943.926721122,0,0,0
943.926721280,0,1,0
943.926721992,1,1,0
944.065419798,1,0,0
944.065420056,1,0,1
944.065421398,0,0,1
944.204119824,0,0,0
944.204120284,0,1,0
944.204121712,1,1,0
944.342819696,1,1,1
944.342819740,1,0,1
944.342821118,0,0,1
944.481549166,0,1,1
944.481549462,0,1,0
944.481551432,1,1,0
944.620279620,1,0,0
944.620280396,1,0,1
944.620281776,0,0,1
944.758980108,0,1,1
944.758980226,0,1,0
944.758981152,1,1,0
944.897708564,1,0,0
944.897709096,1,0,1
944.897711498,0,0,1
945.036407988,0,1,0
945.036410810,1,1,0
945.175108736,1,1,1
945.175111216,0,1,1
945.175111568,0,0,1
945.313807992,0,1,1
945.313808628,0,1,0
945.313810530,1,1,0
945.452508498,1,1,1
945.452509448,1,0,1
945.452510874,0,0,1
945.591208392,0,0,0
945.591208934,0,1,0
945.591210188,1,1,0
945.729907200,1,1,1
945.729907454,1,0,1
945.729909532,0,0,1
945.868608030,0,0,0
945.868608814,0,1,0
945.868609908,1,1,0
946.007307332,1,0,0
946.007308900,1,0,1
946.007309314,0,0,1
946.146007756,0,1,1
946.146007794,0,1,0
946.146009688,1,1,0
946.284707274,1,0,0
946.284708602,1,0,1
946.284708908,0,0,1
946.423405494,0,0,0
946.423406698,0,1,0
946.423408284,1,1,0
946.562107154,1,0,0
946.562107302,1,0,1
946.562108690,0,0,1
946.700805702,0,1,1
946.700807194,0,1,0
946.700808066,1,1,0
946.839506002,1,1,1
946.839507096,1,0,1
946.839508348,0,0,1
946.978205582,0,1,1
946.978205894,0,1,0
946.978207660,1,1,0
947.116905038,1,0,0
947.116905766,1,0,1
947.116907068,0,0,1
947.255605524,0,1,1
947.255606596,0,1,0
947.255607378,1,1,0
947.394304918,1,0,0
947.394305406,1,0,1
947.394306786,0,0,1
947.533035464,0,1,1
947.533037162,1,1,1
947.533037234,1,1,0
947.671734858,1,0,0
947.671735104,1,0,1
947.671736444,0,0,1
947.810435308,0,0,0
947.810435344,0,1,0
947.810436818,1,1,0
947.949133862,1,0,0
947.949133866,1,0,1
947.949136164,0,0,1
948.087834696,0,0,0
948.087835348,0,1,0
948.087836476,1,1,0
948.226533504,1,1,1
948.226534740,1,0,1
948.226535882,0,0,1
948.365233226,0,1,1
948.365233398,0,1,0
948.365235194,1,1,0
948.503963204,1,1,1
948.503963682,1,0,1
948.503965538,0,0,1
948.642664096,0,0,0
948.642664168,0,1,0
948.642665850,1,1,0
948.781363624,1,0,0
948.781364966,1,0,1
948.781365258,0,0,1
948.920064858,0,0,0
948.920065110,0,1,0
948.920065568,1,1,0
949.058762566,1,0,0
949.058763604,1,0,1
949.058764912,0,0,1
949.197461498,0,0,0
949.197462990,0,1,0
949.197464288,1,1,0
949.336162366,1,1,1
949.336162506,1,0,1
949.336164632,0,0,1
949.474861198,0,0,0
949.474861930,0,1,0
949.474863944,1,1,0
949.613561066,1,1,1
949.613561448,1,0,1
949.613563352,0,0,1
949.752261872,0,1,1
949.752261896,0,1,0
949.752263664,1,1,0
949.890960766,1,1,1
949.890961388,1,0,1
949.890963008,0,0,1
950.029661750,0,1,1
950.029662596,0,1,0
950.029663380,1,1,0
950.168360466,1,1,1
950.168361266,1,0,1
950.168362724,0,0,1
950.307091360,0,0,0
950.307091752,0,1,0
950.307093038,1,1,0
950.445790166,1,1,1
950.445790208,1,0,1
950.445792444,0,0,1
950.584490058,0,0,0
950.584491694,0,1,0
950.584492820,1,1,0
950.723189866,1,1,1
950.723191148,1,0,1
950.723192162,0,0,1
950.861890572,0,1,1
950.861891694,0,1,0
950.861892474,1,1,0
951.000589564,1,1,1
951.000590088,1,0,1
951.000591818,0,0,1
951.139289514,0,1,1
951.139290456,0,1,0
951.139291192,1,1,0
951.277989030,1,0,0
951.277991326,1,0,1
951.277991474,0,0,1
951.416720156,0,0,0
951.416720456,0,1,0
951.416721848,1,1,0
951.555480908,1,0,0
951.555481964,1,0,1
951.555482254,0,0,1
951.694179856,0,0,0
951.694180394,0,1,0
951.694181566,1,1,0
951.832909664,1,1,1
951.832909848,1,0,1
951.832911908,0,0,1
951.971610334,0,1,1
951.971610554,0,1,0
951.971612220,1,1,0
952.110309850,1,0,0
952.110310424,1,0,1
952.110311626,0,0,1
952.249010190,0,0,0
952.249010274,0,1,0
952.249011938,1,1,0
952.387708728,1,0,0
952.387710062,1,0,1
952.387711282,0,0,1
952.526439152,0,1,1
952.526439952,0,1,0
952.526441656,1,1,0
952.665139670,1,0,0
952.665139760,1,0,1
952.665141000,0,0,1
952.803840092,0,1,1
952.803840652,0,1,0
952.803841312,1,1,0
952.942538610,1,0,0
952.942539458,1,0,1
952.942540718,0,0,1
953.081237288,0,0,0
953.081238032,0,1,0
953.081240030,1,1,0
953.219938158,1,1,1
953.219938550,1,0,1
953.219940372,0,0,1
953.358637972,0,1,1
953.358638048,0,1,0
953.358639746,1,1,0
953.497337488,1,0,0
953.497337918,1,0,1
953.497340028,0,0,1
953.636066912,0,1,1
953.636067746,0,1,0
953.636069402,1,1,0
953.774798428,1,0,0
953.774798616,1,0,1
953.774799744,0,0,1
953.913497790,0,1,1
953.913499446,0,1,0
953.913500118,1,1,0
954.052198306,1,0,0
954.052198316,1,0,1
954.052199524,0,0,1
954.190926728,0,1,1
954.190929144,0,1,0
954.190929774,1,1,0
954.329626014,1,1,1
954.329628246,1,0,1
954.329629180,0,0,1
954.468326844,0,0,0
954.468328668,0,1,0
954.468329554,1,1,0
954.607027186,1,0,0
954.607028712,1,0,1
954.607028836,0,0,1
954.745726542,0,0,0
954.745727608,0,1,0
954.745729208,1,1,0
954.884457410,1,1,1
954.884458126,1,0,1
954.884459552,0,0,1
955.023156238,0,0,0
955.023156484,0,1,0
955.023158864,1,1,0
955.161857000,1,0,0
955.161857108,1,0,1
955.161858270,0,0,1
955.300557000,0,0,0
955.300557486,0,1,0
955.300558580,1,1,0
955.439256806,1,1,1
955.439257002,1,0,1
955.439257922,0,0,1
955.577957364,0,1,1
955.577957636,0,1,0
955.577958234,1,1,0
955.716654882,1,0,0
955.716655504,1,0,1
955.716657640,0,0,1
955.855386302,0,1,1
955.855387334,0,1,0
955.855387950,1,1,0
955.994085390,1,1,1
955.994085820,1,0,1
955.994087294,0,0,1
956.132815094,0,0,0
956.132816242,0,1,0
956.132817668,1,1,0
956.271515696,1,0,0
956.271516900,1,0,1
956.271518012,0,0,1
956.410214730,0,0,0
956.410215182,0,1,0
956.410217384,1,1,0
956.548914660,1,1,1
956.548915698,1,0,1
956.548916728,0,0,1
956.687615058,0,1,1
956.687615490,0,1,0
956.687617038,1,1,0
956.826314296,1,1,1
956.826315512,1,0,1
956.826316444,0,0,1
956.965014186,0,0,0
956.965015060,0,1,0
956.965016754,1,1,0
957.103713994,1,1,1
957.103714576,1,0,1
957.103716036,0,0,1
957.242413884,0,0,0
957.242413936,0,1,0
957.242415472,1,1,0
957.381113690,1,1,1
957.381114452,1,0,1
957.381115814,0,0,1
957.519812582,0,0,0
957.519813876,0,1,0
957.519815188,1,1,0
957.658512390,1,0,0
957.658512450,1,0,1
957.658514468,0,0,1
957.797213342,0,0,0
957.797213814,0,1,0
957.797214842,1,1,0
957.935912148,1,1,1
957.935913330,1,0,1
957.935914184,0,0,1
958.074612814,0,1,1
958.074613040,0,1,0
958.074614558,1,1,0
958.213342268,1,0,0
958.213342784,1,0,1
958.213344902,0,0,1
958.352042674,0,0,0
958.352042690,0,1,0
958.352044274,1,1,0
958.490741542,1,1,1
958.490742206,1,0,1
958.490743552,0,0,1
958.629441434,0,0,0
958.629442566,0,1,0
958.629443926,1,1,0
958.768141082,1,0,0
958.768141240,1,0,1
958.768143332,0,0,1
958.906841132,0,0,0
958.906841566,0,1,0
958.906843642,1,1,0
959.045540938,1,1,1
959.045541022,1,0,1
959.045542986,0,0,1
959.184301506,0,1,1
959.184301828,0,1,0
959.184303298,1,1,0
959.323001696,1,1,1
959.323002960,1,0,1
959.323003702,0,0,1
959.461700526,0,0,0
959.461701380,0,1,0
959.461703012,1,1,0
959.600401330,1,1,1
959.600401898,1,0,1
959.600403418,0,0,1
959.739101222,0,0,0
959.739101320,0,1,0
959.739102664,1,1,0
959.877800028,1,1,1
959.877800774,1,0,1
959.877802068,0,0,1
960.016500258,0,1,1
960.016500918,0,1,0
960.016502442,1,1,0
960.155199774,1,0,0
960.155200788,1,0,1
960.155201724,0,0,1
960.293898616,0,0,0
960.293899196,0,1,0
960.293901096,1,1,0
960.432661484,1,1,1
960.432661648,1,0,1
960.432662438,0,0,1
960.571359312,0,0,0
960.571361070,0,1,0
960.571361750,1,1,0
960.710060118,1,1,1
960.710060586,1,0,1
960.710062154,0,0,1
960.848758634,0,1,1
960.848760008,0,1,0
960.848761464,1,1,0
960.987458878,1,1,1
960.987459462,1,0,1
960.987460808,0,0,1
961.126159704,0,0,0
961.126159948,0,1,0
961.126161180,1,1,0
961.264858212,1,0,0
961.264858510,1,0,1
961.264860522,0,0,1
961.403588572,0,1,1
961.403589466,0,1,0
961.403590896,1,1,0
961.542288338,1,0,0
961.542290208,1,0,1
961.542291236,0,0,1
961.681050098,0,0,0
961.681050322,0,1,0
961.681051610,1,1,0
961.819748904,1,1,1
961.819749150,1,0,1
961.819750950,0,0,1
961.958448858,0,0,0
961.958450010,0,1,0
961.958451198,1,1,0
962.097148274,1,0,0
962.097148662,1,0,1
962.097150604,0,0,1
962.235849490,0,0,0
962.235849760,0,1,0
962.235850978,1,1,0
962.374548150,1,0,0
962.374549358,1,0,1
962.374550318,0,0,1
962.513247634,0,1,1
962.513248250,0,1,0
962.513249568,1,1,0
962.651948024,1,0,0
962.651949054,1,0,1
962.651950034,0,0,1
962.790677508,0,1,1
962.790678946,0,1,0
962.790680344,1,1,0
962.929377024,1,0,0
962.929377750,1,0,1
962.929379686,0,0,1
963.068076578,0,0,0
963.068078322,0,1,0
963.068078996,1,1,0
963.206807446,1,1,1
963.206807962,1,0,1
963.206809336,0,0,1
963.345537274,0,0,0
963.345538382,0,1,0
963.345539772,1,1,0
963.484238142,1,1,1
963.484238900,1,0,1
963.484239992,0,0,1
963.622968258,0,1,1
963.622968970,0,1,0
963.622970424,1,1,0
963.761697772,1,0,0
963.761697838,1,0,1
963.761699702,0,0,1
963.900427194,0,1,1
963.900427666,0,1,0
963.900430138,1,1,0
964.039127710,1,0,0
964.039128596,1,0,1
964.039130418,0,0,1
964.177859132,0,1,1
964.177859424,0,1,0
964.177860790,1,1,0
964.316588648,1,0,0
964.316590292,1,0,1
964.316591134,0,0,1
964.455288556,0,0,0
964.455289130,0,1,0
964.455290504,1,1,0
964.593987738,1,1,1
964.593989582,1,0,1
964.593989846,0,0,1
964.732716814,0,0,0
964.732719004,0,1,0
964.732720156,1,1,0
964.871418682,1,1,1
964.871419456,1,0,1
964.871420496,0,0,1
965.010117940,0,1,1
965.010119932,1,1,1
965.010120010,1,1,0
965.148847376,1,1,1
965.148848456,1,0,1
965.148850212,0,0,1
965.287547876,0,1,1
965.287548266,0,1,0
965.287549584,1,1,0
965.426279072,1,1,1
965.426279330,1,0,1
965.426279926,0,0,1
965.564978752,0,1,1
965.564978900,0,1,0
965.564980234,1,1,0
965.703677706,1,1,1
965.703678266,1,0,1
965.703679640,0,0,1
965.842376594,0,0,0
965.842377688,0,1,0
965.842378950,1,1,0
965.981076462,1,1,1
965.981077202,1,0,1
965.981079290,0,0,1
966.119776624,0,1,1
966.119777352,0,1,0
966.119778662,1,1,0
966.258476138,1,0,0
966.258477158,1,0,1
966.258479004,0,0,1
966.397207560,0,1,1
966.397208048,0,1,0
966.397209312,1,1,0
966.535906788,1,1,1
966.535907012,1,0,1
966.535908718,0,0,1
966.674606496,0,1,1
966.674606680,0,1,0
966.674607964,1,1,0
966.813306010,1,0,0
966.813307548,1,0,1
966.813308366,0,0,1
966.952005436,0,0,0
966.952006432,0,1,0
966.952007740,1,1,0
967.090706884,1,0,0
967.090707242,1,0,1
967.090708080,0,0,1
967.229405068,0,0,0
967.229406368,0,1,0
967.229407390,1,1,0
967.368135820,1,0,0
967.368135872,1,0,1
967.368137794,0,0,1
967.506835304,0,1,1
967.506835826,0,1,0
967.506837042,1,1,0
967.645534754,1,0,0
967.645535628,1,0,1
967.645537444,0,0,1
967.784235176,0,1,1
967.784235518,0,1,0
967.784236816,1,1,0
967.922934324,1,1,1
967.922934692,1,0,1
967.922936158,0,0,1
968.061634112,0,1,1
968.061635214,0,1,0
968.061636466,1,1,0
968.200334080,1,1,1
968.200334626,1,0,1
968.200335870,0,0,1
968.339034908,0,0,0
968.339034986,0,1,0
968.339036180,1,1,0
968.477732712,1,1,1
968.477734500,1,0,1
968.477735584,0,0,1
968.616463602,0,0,0
968.616464984,0,1,0
968.616465832,1,1,0
968.755162436,1,0,0
968.755164406,1,0,1
968.755165234,0,0,1
968.893892918,0,1,1
968.893894298,0,1,0
968.893895542,1,1,0
969.032594162,1,1,1
969.032594370,1,0,1
969.032595946,0,0,1
969.171292990,0,0,0
969.171293854,0,1,0
969.171295254,1,1,0
969.309992306,1,0,0
969.309992856,1,0,1
969.309994596,0,0,1
969.448692684,0,0,0
969.448693726,0,1,0
969.448694906,1,1,0
969.587424488,1,1,1
969.587425238,1,0,1
969.587425246,0,0,1
969.726123378,0,0,0
969.726123662,0,1,0
969.726124618,1,1,0
969.864822306,1,1,1
969.864823174,1,0,1
969.864823958,0,0,1
970.003521070,0,0,0
970.003523596,0,1,0
970.003524330,1,1,0
970.142221048,1,0,0
970.142222874,1,0,1
970.142223670,0,0,1
970.280922532,0,1,1
970.280922828,0,1,0
970.280923980,1,1,0
970.419620982,1,0,0
970.419621630,1,0,1
970.419623382,0,0,1
970.558351466,0,1,1
970.558352520,0,1,0
970.558353692,1,1,0
970.697050326,1,1,1
970.697050918,1,0,1
970.697053032,0,0,1
970.835752152,0,0,0
970.835752400,0,1,0
970.835753466,1,1,0
970.974450018,1,1,1
970.974451852,1,0,1
970.974452746,0,0,1
971.113150272,0,1,1
971.113150908,0,1,0
971.113152116,1,1,0
971.251850710,1,1,1
971.251850786,1,0,1
971.251852458,0,0,1
971.390549270,0,1,1
971.390550602,0,1,0
971.390551766,1,1,0
971.529250722,1,0,0
971.529251404,1,0,1
971.529252168,0,0,1
971.667950142,0,1,1
971.667950294,0,1,0
971.667951476,1,1,0
971.806680656,1,0,0
971.806681160,1,0,1
971.806681818,0,0,1
971.945377986,0,0,0
971.945378138,0,1,0
971.945381188,1,1,0
972.084079852,1,1,1
972.084081530,0,1,1
972.084081592,0,0,1
972.222778680,0,0,0
972.222779010,0,1,0
972.222780900,1,1,0
972.361479526,1,0,0
972.361479546,1,0,1
972.361481240,0,0,1
972.500177436,0,0,0
972.500178944,0,1,0
972.500180550,1,1,0
972.638877396,1,0,0
972.638877488,1,0,1
972.638879952,0,0,1
972.777578878,0,1,1
972.777579066,0,1,0
972.777580198,1,1,0
972.916308270,1,0,0
972.916308932,1,0,1
972.916310602,0,0,1
973.055068758,0,0,0
973.055069750,0,1,0
973.055070972,1,1,0
973.193767264,1,0,0
973.193768624,1,0,1
973.193770312,0,0,1
973.332498746,0,1,1
973.332499512,0,1,0
973.332500622,1,1,0
973.471198316,1,1,1
973.471200136,1,0,1
973.471200960,0,0,1
973.609899618,0,1,1
973.609900206,0,1,0
973.609900330,1,1,0
973.748598010,1,1,1
973.748600132,1,0,1
973.748600608,0,0,1
973.887297490,0,1,1
973.887297898,0,1,0
973.887299980,1,1,0
974.025997004,1,0,0
974.025998764,1,0,1
974.025999384,0,0,1
974.164697486,0,1,1
974.164697592,0,1,0
974.164699692,1,1,0
974.303397458,1,1,1
974.303398000,1,0,1
974.303399032,0,0,1
974.442096282,0,0,0
974.442096356,0,1,0
974.442098340,1,1,0
974.580796872,1,0,0
974.580797150,1,0,1
974.580798744,0,0,1
974.719495974,0,0,0
974.719497352,0,1,0
974.719498052,1,1,0
974.858195804,1,0,0
974.858197840,1,0,1
974.858198390,0,0,1
974.996895728,0,0,0
974.996896224,0,1,0
974.996897760,1,1,0
975.135594470,1,1,1
975.135595738,1,0,1
975.135597102,0,0,1
975.274325158,0,1,1
975.274325422,0,1,0
975.274327408,1,1,0
975.413025672,1,0,0
975.413026288,1,0,1
975.413027814,0,0,1
975.551725052,0,0,0
975.551725092,0,1,0
975.551727120,1,1,0
975.690424606,1,0,0
975.690425918,1,0,1
975.690427522,0,0,1
975.829125804,0,0,0
975.829126024,0,1,0
975.829126830,1,1,0
975.967823672,1,1,1
975.967824538,1,0,1
975.967826234,0,0,1
976.106524958,0,1,1
976.106525498,0,1,0
976.106526478,1,1,0
976.245223410,1,0,0
976.245224364,1,0,1
976.245225820,0,0,1
976.383953892,0,1,1
976.383954126,0,1,0
976.383956190,1,1,0
976.522653404,1,0,0
976.522653994,1,0,1
976.522655530,0,0,1
976.661352762,0,1,1
976.661354880,0,1,0
976.661355900,1,1,0
976.800052748,1,1,1
976.800054276,1,0,1
976.800055302,0,0,1
976.938753572,0,0,0
976.938753696,0,1,0
976.938755548,1,1,0
977.077452438,1,1,1
977.077453146,1,0,1
977.077454950,0,0,1
977.216151266,0,0,0
977.216152566,0,1,0
977.216154258,1,1,0
977.354853078,1,0,0
977.354854068,1,0,1
977.354854596,0,0,1
977.493551624,0,1,1
977.493551956,0,1,0
977.493553906,1,1,0
977.632252822,1,1,1
977.632253012,1,0,1
977.632254308,0,0,1
977.770981494,0,1,1
977.770982646,0,1,0
977.770983616,1,1,0
977.909681512,1,1,1
977.909681944,1,0,1
977.909684018,0,0,1
978.048381364,0,1,1
978.048382400,0,1,0
978.048383324,1,1,0
978.187081876,1,0,0
978.187082204,1,0,1
978.187083602,0,0,1
978.325782030,0,0,0
978.325782360,0,1,0
978.325783034,1,1,0
978.464479748,1,0,0
978.464480958,1,0,1
978.464482374,0,0,1
978.603179784,0,0,0
978.603182230,0,1,0
978.603182684,1,1,0
978.741911680,1,0,0
978.741912648,1,0,1
978.741913022,0,0,1
978.880610476,0,0,0
978.880611162,0,1,0
978.880612392,1,1,0
979.019310676,1,0,0
979.019311278,1,0,1
979.019312730,0,0,1
979.158009094,0,1,1
979.158010166,0,1,0
979.158012102,1,1,0
979.296708544,1,0,0
979.296709030,1,0,1
979.296711442,0,0,1
979.435409920,0,0,0
979.435410026,0,1,0
979.435411812,1,1,0
979.574109478,1,0,0
979.574109722,1,0,1
979.574111088,0,0,1
979.712839610,0,0,0
979.712839896,0,1,0
979.712841458,1,1,0
979.851539408,1,0,0
979.851539412,1,0,1
979.851540860,0,0,1
979.990238830,0,1,1
979.990239238,0,1,0
979.990241104,1,1,0
980.128938342,1,0,0
980.128939102,1,0,1
980.128940506,0,0,1
980.267638760,0,1,1
980.267639992,0,1,0
980.267640814,1,1,0
980.406368274,1,0,0
980.406368794,1,0,1
980.406370218,0,0,1
980.545067630,0,1,1
980.545067682,0,1,0
980.545070524,1,1,0
980.683798204,1,0,0
980.683799486,1,0,1
980.683800864,0,0,1
980.822498370,0,0,0
980.822498624,0,1,0
980.822500232,1,1,0
980.961197236,1,1,1
980.961199074,1,0,1
980.961200572,0,0,1
981.099898062,0,0,0
981.099898556,0,1,0
981.099899878,1,1,0
981.238596614,1,1,1
981.238597006,1,0,1
981.238599280,0,0,1
981.377297878,0,0,0
981.377298426,0,1,0
981.377299588,1,1,0
981.515995938,1,0,0
981.515998118,1,0,1
981.515998988,0,0,1
981.654726442,0,0,0
981.654727356,0,1,0
981.654729234,1,1,0
981.793425808,1,0,0
981.793427306,1,0,1
981.793428636,0,0,1
981.932156352,0,1,1
981.932158132,0,1,0
981.932158942,1,1,0
982.070857802,1,0,0
982.070857998,1,0,1
982.070859280,0,0,1
982.209587884,0,0,0
982.209588220,0,1,0
982.209589650,1,1,0
982.348286686,1,1,1
982.348287670,1,0,1
982.348288990,0,0,1
982.486986152,0,1,1
982.486987574,0,1,0
982.486988360,1,1,0
982.625686602,1,0,0
982.625687376,1,0,1
982.625688698,0,0,1
982.764386082,0,1,1
982.764387202,0,1,0
982.764388004,1,1,0
982.903116068,1,1,1
982.903117532,1,0,1
982.903118468,0,0,1
983.041846954,0,0,0
983.041847014,0,1,0
983.041848712,1,1,0
983.180545464,1,0,0
983.180546756,1,0,1
983.180548114,0,0,1
983.319246706,0,0,0
983.319246946,0,1,0
983.319248422,1,1,0
983.457945396,1,0,0
983.457945508,1,0,1
983.457947760,0,0,1
983.596646334,0,0,0
983.596647814,0,1,0
983.596648068,1,1,0
983.735346198,1,1,1
983.735346264,1,0,1
983.735347404,0,0,1
983.874045084,0,0,0
983.874045806,0,1,0
983.874046712,1,1,0
984.012745258,1,0,0
984.012745888,1,0,1
984.012747114,0,0,1
984.151475774,0,0,0
984.151476674,0,1,0
984.151477484,1,1,0
984.290174188,1,0,0
984.290175576,1,0,1
984.290176822,0,0,1
984.428905464,0,0,0
984.428905606,0,1,0
984.428907128,1,1,0
984.567604266,1,1,1
984.567605054,1,0,1
984.567606466,0,0,1
984.706305090,0,0,0
984.706305536,0,1,0
984.706306774,1,1,0
984.845003956,1,1,1
984.845003984,1,0,1
984.845006176,0,0,1
984.983703844,0,0,0
984.983705468,0,1,0
984.983706482,1,1,0
985.122403706,1,1,1
985.122404916,1,0,1
985.122405818,0,0,1
985.261102272,0,1,1
985.261104530,0,1,0
985.261105188,1,1,0
985.399833846,1,0,0
985.399834394,1,0,1
985.399835528,0,0,1
985.538533328,0,1,1
985.538534220,0,1,0
985.538535896,1,1,0
985.677263778,1,0,0
985.677265084,1,0,1
985.677266296,0,0,1
985.815962972,0,0,0
985.815963196,0,1,0
985.815965542,1,1,0
985.954662646,1,0,0
985.954663774,1,0,1
985.954664942,0,0,1
986.093363126,0,1,1
986.093363596,0,1,0
986.093365248,1,1,0
986.232061462,1,1,1
986.232063576,1,0,1
986.232064586,0,0,1
986.370762350,0,0,0
986.370763056,0,1,0
986.370764892,1,1,0
986.509492506,1,0,0
986.509493150,1,0,1
986.509494356,0,0,1
986.648221974,0,0,0
986.648222986,0,1,0
986.648224600,1,1,0
986.786922436,1,0,0
986.786923840,1,0,1
986.786925000,0,0,1
986.925622726,0,0,0
986.925622854,0,1,0
986.925624370,1,1,0
987.064321428,1,0,0
987.064322590,1,0,1
987.064324708,0,0,1
987.203082414,0,0,0
987.203083784,0,1,0
987.203084952,1,1,0
987.341782216,1,1,1
987.341783296,1,0,1
987.341784354,0,0,1
987.480482102,0,0,0
987.480482714,0,1,0
987.480484658,1,1,0
987.619181968,1,1,1
987.619183226,1,0,1
987.619184060,0,0,1
987.757882644,0,1,1
987.757882854,0,1,0
987.757884366,1,1,0
987.896612094,1,0,0
987.896612656,1,0,1
987.896613766,0,0,1
988.035312542,0,0,0
988.035312574,0,1,0
988.035314074,1,1,0
988.174012086,1,0,0
988.174013344,1,0,1
988.174013410,0,0,1
988.312711442,0,1,1
988.312712168,0,1,0
988.312713778,1,1,0
988.451411032,1,1,1
988.451411952,1,0,1
988.451413116,0,0,1
988.590110918,0,0,0
988.590111434,0,1,0
988.590112422,1,1,0
988.728809720,1,1,1
988.728810882,1,0,1
988.728812824,0,0,1
988.867509544,0,0,0
988.867510362,0,1,0
988.867512130,1,1,0
989.006210408,1,1,1
989.006211812,1,0,1
989.006212408,0,0,1
989.144909228,0,1,1
989.144910232,0,1,0
989.144911774,1,1,0
989.283608678,1,0,0
989.283610098,1,0,1
989.283611176,0,0,1
989.422309160,0,1,1
989.422309982,0,1,0
989.422311544,1,1,0
989.561008670,1,0,0
989.561009846,1,0,1
989.561010818,0,0,1
989.699709026,0,1,1
989.699709670,0,1,0
989.699711186,1,1,0
989.838408284,1,1,1
989.838409536,1,0,1
989.838410524,0,0,1
989.977108358,0,0,0
989.977108956,0,1,0
989.977109830,1,1,0
990.115807466,1,0,0
990.115808220,1,0,1
990.115810168,0,0,1
990.254507046,0,0,0
990.254508884,0,1,0
990.254509536,1,1,0
990.393207846,1,1,1
990.393208396,1,0,1
990.393209876,0,0,1
990.531906812,0,1,1
990.531908732,0,1,0
990.531909244,1,1,0
990.670606660,1,1,1
990.670608324,1,0,1
990.670608582,0,0,1
990.809306742,0,1,1
990.809307420,0,1,0
990.809308950,1,1,0
990.948006254,1,0,0
990.948006284,1,0,1
990.948008286,0,0,1
991.086705168,0,0,0
991.086705734,0,1,0
991.086707592,1,1,0
991.225436120,1,0,0
991.225436970,1,0,1
991.225437994,0,0,1
991.364135858,0,0,0
991.364136600,0,1,0
991.364138298,1,1,0
991.502834656,1,1,1
991.502837112,1,0,1
991.502837634,0,0,1
991.641535466,0,1,1
991.641535544,0,1,0
991.641538004,1,1,0
991.780235040,1,0,0
991.780236408,1,0,1
991.780237342,0,0,1
991.918966292,0,0,0
991.918966394,0,1,0
991.918967648,1,1,0
992.057664906,1,0,0
992.057665032,1,0,1
992.057667048,0,0,1
992.196365324,0,1,1
992.196365918,0,1,0
992.196367292,1,1,0
992.335064834,1,0,0
992.335064844,1,0,1
992.335066690,0,0,1
992.473763604,0,0,0
992.473765252,0,1,0
992.473766058,1,1,0
992.612464762,1,0,0
992.612466396,0,0,0
992.612466468,0,0,1
992.751165180,0,1,1
992.751165292,0,1,0
992.751165702,1,1,0
992.889863692,1,0,0
992.889864154,1,0,1
992.889866040,0,0,1
993.028563108,0,1,1
993.028565040,0,1,0
993.028565408,1,1,0
993.167262904,1,1,1
993.167263620,1,0,1
993.167264744,0,0,1
993.306024728,0,0,0
993.306025038,0,1,0
993.306026114,1,1,0
993.444723528,1,1,1
993.444723548,1,0,1
993.444725448,0,0,1
993.583484966,0,1,1
993.583485416,0,1,0
993.583486756,1,1,0
993.722185214,1,1,1
993.722185476,1,0,1
993.722186092,0,0,1
993.860882830,0,1,1
993.860885038,0,1,0
993.860885460,1,1,0
993.999583964,1,1,1
993.999584342,1,0,1
993.999585798,0,0,1
994.138283786,0,0,0
994.138283822,0,1,0
994.138285102,1,1,0
994.276983270,1,0,0
994.276983650,1,0,1
994.276985502,0,0,1
994.415682472,0,0,0
994.415682688,0,1,0
994.415684872,1,1,0
994.554382274,1,1,1
994.554383198,1,0,1
994.554384208,0,0,1
994.693082616,0,1,1
994.693083160,0,1,0
994.693084512,1,1,0
994.831782022,1,1,1
994.831782064,1,0,1
994.831783912,0,0,1
994.970481846,0,0,0
994.970482544,0,1,0
994.970484218,1,1,0
995.109182052,1,0,0
995.109182708,1,0,1
995.109183492,0,0,1
995.247880532,0,0,0
995.247881472,0,1,0
995.247882860,1,1,0
995.386580918,1,0,0
995.386581334,1,0,1
995.386583198,0,0,1
995.525312280,0,0,0
995.525312398,0,1,0
995.525313502,1,1,0
995.664010848,1,0,0
995.664011082,1,0,1
995.664012902,0,0,1
995.802710904,0,0,0
995.802712270,1,0,0
995.802712326,1,1,0
995.941410768,1,1,1
995.941410784,1,0,1
995.941412544,0,0,1
996.080110254,0,1,1
996.080110652,0,1,0
996.080111912,1,1,0
996.218810452,1,1,1
996.218810702,1,0,1
996.218812312,0,0,1
996.357510118,0,1,1
996.357511338,0,1,0
996.357511618,1,1,0
996.496209202,1,1,1
996.496209630,1,0,1
996.496210892,0,0,1
996.634910046,0,1,1
996.634910088,0,1,0
996.634911258,1,1,0
996.773608684,1,0,0
996.773609824,1,0,1
996.773610658,0,0,1
996.912308710,0,0,0
996.912308974,0,1,0
996.912310964,1,1,0
997.051008572,1,1,1
997.051009486,1,0,1
997.051010362,0,0,1
997.189706902,0,1,1
997.189708396,0,1,0
997.189709668,1,1,0
997.328407100,1,0,0
997.328408258,1,0,1
997.328410004,0,0,1
997.467107954,0,1,1
997.467108144,0,1,0
997.467109310,1,1,0
997.605837944,1,1,1
997.605838342,1,0,1
997.605839708,0,0,1
997.744567830,0,0,0
997.744569756,0,1,0
997.744570014,1,1,0
997.883267630,1,1,1
997.883268580,1,0,1
997.883269350,0,0,1
998.021997620,0,1,1
998.021998516,0,1,0
998.021999656,1,1,0
998.160697132,1,0,0
998.160698378,1,0,1
998.160700056,0,0,1
998.299397200,0,0,0
998.299399422,1,0,0
998.299399548,1,1,0
998.438095996,1,0,0
998.438097002,1,0,1
998.438098822,0,0,1
998.576796886,0,0,0
998.576797288,0,1,0
998.576799064,1,1,0
998.715495924,1,0,0
998.715496686,1,0,1
998.715498462,0,0,1
998.854196402,0,1,1
998.854197634,0,1,0
998.854198768,1,1,0
998.992896850,1,0,0
998.992897372,1,0,1
998.992898104,0,0,1
999.131595258,0,0,0
999.131595330,0,1,0
999.131597410,1,1,0
999.270326058,1,1,1
999.270326778,1,0,1
999.270327810,0,0,1
999.409025942,0,0,0
999.409026256,0,1,0
999.409028112,1,1,0
999.547724806,1,1,1
999.547726768,1,0,1
999.547727512,0,0,1
999.686426120,0,1,1
999.686426690,0,1,0
999.686427818,1,1,0
999.825125490,1,1,1
999.825125632,1,0,1
999.825127154,0,0,1
999.963855048,0,1,1
999.963855312,0,1,0
999.963857460,1,1,0
1000.102554114,1,1,1
1000.102555496,1,0,1
1000.102556858,0,0,1
1000.241254974,0,1,1
1000.241256998,0,1,0
1000.241257224,1,1,0
1000.379953860,1,1,1
1000.379955486,1,0,1
1000.379956562,0,0,1
1000.518653902,0,1,1
1000.518654746,0,1,0
1000.518655866,1,1,0
1000.657353350,1,0,0
1000.657354546,1,0,1
1000.657356202,0,0,1
1000.796053430,0,0,0
1000.796053828,0,1,0
1000.796055570,1,1,0
1000.934753338,1,0,0
1000.934755292,1,0,1
1000.934755908,0,0,1
1001.073483116,0,0,0
1001.073484756,0,1,0
1001.073485212,1,1,0
1001.212183264,1,0,0
1001.212183978,1,0,1
1001.212185546,0,0,1
1001.350881800,0,0,0
1001.350883620,0,1,0
1001.350884914,1,1,0
1001.489584128,1,0,0
1001.489584600,1,0,1
1001.489585250,0,0,1
1001.628282484,0,0,0
1001.628282608,0,1,0
1001.628284618,1,1,0
1001.766982118,1,0,0
1001.766983348,1,0,1
1001.766983954,0,0,1
1001.905683170,0,0,0
1001.905683472,0,1,0
1001.905684320,1,1,0
1002.044380970,1,1,1
1002.044381982,1,0,1
1002.044383594,0,0,1
1002.183142398,0,1,1
1002.183143854,0,1,0
1002.183144962,1,1,0
1002.321842716,1,1,1
1002.321843846,1,0,1
1002.321844298,0,0,1
1002.460541324,0,1,1
1002.460541600,0,1,0
1002.460543602,1,1,0
1002.599241464,1,1,1
1002.599241772,1,0,1
1002.599244000,0,0,1
1002.737942250,0,1,1
1002.737942286,0,1,0
1002.737943242,1,1,0
1002.876641084,1,1,1
1002.876641698,1,0,1
1002.876643704,0,0,1
1003.015340176,0,1,1
1003.015341970,0,1,0
1003.015343008,1,1,0
1003.154040624,1,0,0
1003.154040770,1,0,1
1003.154042344,0,0,1
1003.292741102,0,1,1
1003.292741592,0,1,0
1003.292742648,1,1,0
1003.431439548,1,0,0
1003.431441516,1,0,1
1003.431442046,0,0,1
1003.570139338,0,0,0
1003.570140966,0,1,0
1003.570142412,1,1,0
1003.708838476,1,0,0
1003.708839200,1,0,1
1003.708841686,0,0,1
1003.847539022,0,0,0
1003.847539890,0,1,0
1003.847540990,1,1,0
1003.986239400,1,0,0
1003.986239884,1,0,1
1003.986241390,0,0,1
1004.124938708,0,0,0
1004.124938818,0,1,0
1004.124940694,1,1,0
1004.263639570,1,1,1
1004.263640264,1,0,1
1004.263641030,0,0,1
1004.402368454,0,0,0
1004.402368742,0,1,0
1004.402370460,1,1,0
1004.541069252,1,0,0
1004.541070252,1,0,1
1004.541070732,0,0,1
1004.679797668,0,1,1
1004.679800136,0,1,0
1004.679801098,1,1,0
1004.818497936,1,1,1
1004.818500116,1,0,1
1004.818500434,0,0,1
1004.957198594,0,1,1
1004.957199822,0,1,0
1004.957200738,1,1,0
1005.095898042,1,0,0
1005.095898620,1,0,1
1005.095900138,0,0,1
1005.234598456,0,1,1
1005.234598504,0,1,0
1005.234599440,1,1,0
1005.373297966,1,0,0
1005.373298306,1,0,1
1005.373299716,0,0,1
1005.511997382,0,1,1
1005.511998188,0,1,0
1005.511999082,1,1,0
1005.650757986,1,1,1
1005.650759890,1,0,1
1005.650760480,0,0,1
1005.789458306,0,1,1
1005.789459782,1,1,1
1005.789459872,1,1,0
1005.928188672,1,1,1
1005.928188816,1,0,1
1005.928190180,0,0,1
1006.066887492,0,0,0
1006.066888232,0,1,0
1006.066889484,1,1,0
1006.205587742,1,0,0
1006.205588416,1,0,1
1006.205589818,0,0,1
1006.344287238,0,0,0
1006.344288094,0,1,0
1006.344289186,1,1,0
1006.482986604,1,0,0
1006.482987288,1,0,1
1006.482988460,0,0,1
1006.621685922,0,0,0
1006.621687082,0,1,0
1006.621688826,1,1,0
1006.760386592,1,0,0
1006.760386782,1,0,1
1006.760388160,0,0,1
1006.899116604,0,0,0
1006.899117008,0,1,0
1006.899118466,1,1,0
1007.037816454,1,0,0
1007.037816466,1,0,1
1007.037817864,0,0,1
1007.176544932,0,1,1
1007.176547288,0,1,0
1007.176548166,1,1,0
1007.315246086,1,1,1
1007.315246378,1,0,1
1007.315248502,0,0,1
1007.453945856,0,1,1
1007.453945972,0,1,0
1007.453947932,1,1,0
1007.592646832,1,1,1
1007.592647240,1,0,1
1007.592648202,0,0,1
1007.731375654,0,0,0
1007.731375780,0,1,0
1007.731377506,1,1,0
1007.870105516,1,1,1
1007.870106228,1,0,1
1007.870107904,0,0,1
1008.008806338,0,0,0
1008.008807706,0,1,0
1008.008808206,1,1,0
1008.147536198,1,1,1
1008.147537090,1,0,1
1008.147538606,0,0,1
1008.286235568,0,1,1
1008.286236020,0,1,0
1008.286237910,1,1,0
1008.424935882,1,1,1
1008.424936014,1,0,1
1008.424937244,0,0,1
1008.563634430,0,1,1
1008.563635704,0,1,0
1008.563637610,1,1,0
1008.702335564,1,1,1
1008.702335938,1,0,1
1008.702336944,0,0,1
1008.841034384,0,0,0
1008.841035416,0,1,0
1008.841037248,1,1,0
1008.979734926,1,0,0
1008.979735246,1,0,1
1008.979736646,0,0,1
1009.118465068,0,0,0
1009.118466278,0,1,0
1009.118466886,1,1,0
1009.257163928,1,1,1
1009.257164786,1,0,1
1009.257166284,0,0,1
1009.395893812,0,0,0
1009.395895264,0,1,0
1009.395896714,1,1,0
1009.534594650,1,0,0
1009.534595548,1,0,1
1009.534596922,0,0,1
1009.673294496,0,0,0
1009.673295188,0,1,0
1009.673296354,1,1,0
1009.811993574,1,0,0
1009.811994294,1,0,1
1009.811995686,0,0,1
1009.950724050,0,1,1
1009.950724178,0,1,0
1009.950725990,1,1,0
1010.089422976,1,1,1
1010.089425558,1,0,1
1010.089426388,0,0,1
1010.228123974,0,1,1
1010.228124860,0,1,0
1010.228125692,1,1,0
1010.366823658,1,1,1
1010.366825420,1,0,1
1010.366826026,0,0,1
1010.505523898,0,1,1
1010.505524540,0,1,0
1010.505525328,1,1,0
1010.644254402,1,1,1
1010.644254404,1,0,1
1010.644254414,1,1,1
1010.644254418,1,0,1
1010.644255664,0,0,1
1010.782953224,0,0,0
1010.782953822,0,1,0
1010.782955030,1,1,0
1010.921654086,1,1,1
1010.921654268,1,0,1
1010.921655364,0,0,1
1011.060352746,0,1,1
1011.060352906,0,1,0
1011.060354728,1,1,0
1011.199052190,1,0,0
1011.199052704,1,0,1
1011.199054064,0,0,1
1011.337752668,0,1,1
1011.337753588,0,1,0
1011.337754366,1,1,0
1011.476451052,1,0,0
1011.476451448,1,0,1
1011.476453764,0,0,1
1011.615151530,0,1,1
1011.615152332,0,1,0
1011.615154006,1,1,0
1011.753850976,1,0,0
1011.753852130,1,0,1
1011.753853404,0,0,1
1011.892550516,0,1,1
1011.892551014,0,1,0
1011.892552706,1,1,0
1012.031251810,1,1,1
1012.031251898,1,0,1
1012.031253166,0,0,1
1012.169950632,0,0,0
1012.169951376,0,1,0
1012.169952406,1,1,0
1012.308680556,1,1,1
1012.308680822,1,0,1
1012.308682802,0,0,1
1012.447380376,0,0,0
1012.447381236,0,1,0
1012.447382044,1,1,0
1012.586079746,1,0,0
1012.586081174,1,0,1
1012.586082440,0,0,1
1012.724780058,0,0,0
1012.724780160,0,1,0
1012.724781804,1,1,0
1012.863480606,1,0,0
1012.863480920,1,0,1
1012.863482140,0,0,1
1013.002210082,0,1,1
1013.002210740,0,1,0
1013.002212444,1,1,0
1013.140939600,1,1,1
1013.140940592,1,0,1
1013.140941840,0,0,1
1013.279640070,0,1,1
1013.279640420,0,1,0
1013.279642142,1,1,0
1013.418340282,1,1,1
1013.418340514,1,0,1
1013.418341476,0,0,1
1013.557070164,0,0,0
1013.557070928,0,1,0
1013.557071780,1,1,0
1013.695770438,1,0,0
1013.695770964,1,0,1
1013.695772178,0,0,1
1013.834499782,0,0,0
1013.834499852,0,1,0
1013.834501542,1,1,0
1013.973229360,1,0,0
1013.973230644,1,0,1
1013.973231878,0,0,1
1014.111929712,0,1,1
1014.111930526,0,1,0
1014.111932178,1,1,0
1014.250630220,1,0,0
1014.250630386,1,0,1
1014.250631512,0,0,1
1014.389330696,0,1,1
1014.389331208,0,1,0
1014.389331878,1,1,0
1014.528029006,1,1,1
1014.528029144,1,0,1
1014.528031212,0,0,1
1014.666729556,0,1,1
1014.666729888,0,1,0
1014.666730578,1,1,0
1014.805459686,1,1,1
1014.805460128,1,0,1
1014.805460850,0,0,1
1014.944188570,0,0,0
1014.944189480,0,1,0
1014.944191214,1,1,0
1015.082889242,1,1,1
1015.082889986,1,0,1
1015.082891548,0,0,1
1015.221588250,0,0,0
1015.221589464,0,1,0
1015.221590850,1,1,0
1015.360287846,1,0,0
1015.360289110,1,0,1
1015.360290248,0,0,1
1015.498988992,0,0,0
1015.498989324,0,1,0
1015.498990550,1,1,0
1015.637687832,1,0,0
1015.637689728,1,0,1
1015.637689884,0,0,1
1015.776388184,0,1,1
1015.776389610,0,1,0
1015.776390186,1,1,0
1015.915087692,1,0,0
1015.915088472,1,0,1
1015.915089584,0,0,1
1016.053818354,0,0,0
1016.053819230,0,1,0
1016.053819948,1,1,0
1016.192517614,1,0,0
1016.192518152,1,0,1
1016.192519282,0,0,1
1016.331218034,0,0,0
1016.331218090,0,1,0
1016.331219584,1,1,0
1016.469917598,1,0,0
1016.469917832,1,0,1
1016.469918918,0,0,1
1016.608616714,0,0,0
1016.608617012,0,1,0
1016.608618284,1,1,0
1016.747316458,1,0,0
1016.747317574,1,0,1
1016.747318680,0,0,1
1016.886016394,0,0,0
1016.886016874,0,1,0
1016.886017920,1,1,0
1017.024746192,1,1,1
1017.024746318,1,0,1
1017.024748316,0,0,1
1017.163445794,0,1,1
1017.163447074,0,1,0
1017.163447618,1,1,0
1017.302145936,1,1,1
1017.302147302,1,0,1
1017.302148014,0,0,1
1017.440844778,0,1,1
1017.440845756,0,1,0
1017.440847316,1,1,0
1017.579544616,1,1,1
1017.579546162,1,0,1
1017.579547650,0,0,1
1017.718244496,0,0,0
1017.718245638,0,1,0
1017.718246952,1,1,0
1017.856945146,1,0,0
1017.856945296,1,0,1
1017.856946348,0,0,1
1017.995644114,0,0,0
1017.995644498,0,1,0
1017.995646716,1,1,0
1018.134344006,1,0,0
1018.134344974,1,0,1
1018.134345986,0,0,1
1018.273045482,0,1,1
1018.273045860,0,1,0
1018.273046352,1,1,0
1018.411743990,1,0,0
1018.411744654,1,0,1
1018.411745684,0,0,1
1018.550442474,0,0,0
1018.550444340,0,1,0
1018.550445048,1,1,0
1018.689173334,1,1,1
1018.689173848,1,0,1
1018.689175382,0,0,1
1018.827873154,0,0,0
1018.827873262,0,1,0
1018.827875684,1,1,0
1018.966573014,1,1,1
1018.966573708,1,0,1
1018.966575018,0,0,1
1019.105273184,0,1,1
1019.105273896,0,1,0
1019.105274384,1,1,0
1019.243972690,1,0,0
1019.243973694,1,0,1
1019.243974714,0,0,1
1019.382702576,0,0,0
1019.382704104,0,1,0
1019.382705018,1,1,0
1019.521402612,1,0,0
1019.521403374,1,0,1
1019.521404414,0,0,1
1019.660102256,0,0,0
1019.660103026,0,1,0
1019.660104778,1,1,0
1019.798802116,1,1,1
1019.798803534,1,0,1
1019.798804050,0,0,1
1019.937500948,0,1,1
1019.937502996,0,1,0
1019.937503414,1,1,0
1020.076200794,1,1,1
1020.076201454,1,0,1
1020.076203810,0,0,1
1020.214900614,0,0,0
1020.214901806,0,1,0
1020.214903110,1,1,0
1020.353631376,1,0,0
1020.353632412,1,0,1
1020.353633382,0,0,1
1020.492330790,0,1,1
1020.492331294,0,1,0
1020.492332746,1,1,0
1020.631031154,1,1,1
1020.631031234,1,0,1
1020.631033204,0,0,1
1020.769729710,0,1,1
1020.769731034,0,1,0
1020.769732382,1,1,0
1020.908431154,1,0,0
1020.908431832,1,0,1
1020.908432778,0,0,1
1021.047129716,0,0,0
1021.047131568,0,1,0
1021.047132142,1,1,0
1021.185829076,1,0,0
1021.185830512,1,0,1
1021.185831474,0,0,1
1021.324529394,0,0,0
1021.324530552,0,1,0
1021.324531778,1,1,0
1021.463229060,1,0,0
1021.463229190,1,0,1
1021.463231174,0,0,1
1021.601929074,0,0,0
1021.601929410,0,1,0
1021.601931476,1,1,0
1021.740628854,1,0,0
1021.740628932,1,0,1
1021.740630810,0,0,1
1021.879327752,0,0,0
1021.879328332,0,1,0
1021.879330110,1,1,0
1022.018028612,1,1,1
1022.018028776,1,0,1
1022.018030506,0,0,1
1022.156759252,0,1,1
1022.156759430,0,1,0
1022.156760806,1,1,0
1022.295489698,1,0,0
1022.295490226,1,0,1
1022.295491204,0,0,1
1022.434189108,0,0,0
1022.434189172,0,1,0
1022.434190504,1,1,0
1022.572886908,1,1,1
1022.572888616,1,0,1
1022.572889838,0,0,1
1022.711617788,0,0,0
1022.711618030,0,1,0
1022.711620138,1,1,0
1022.850317708,1,1,1
1022.850319536,1,0,1
1022.850320534,0,0,1
1022.989018012,0,1,1
1022.989018530,0,1,0
1022.989019836,1,1,0
1023.127716324,1,1,1
1023.127717456,1,0,1
1023.127719230,0,0,1
1023.266416870,0,1,1
1023.266418208,0,1,0
1023.266419470,1,1,0
1023.405116378,1,0,0
1023.405118866,0,0,0
1023.405119004,0,0,1
1023.543817790,0,1,1
1023.543818260,0,1,0
1023.543819168,1,1,0
1023.682516682,1,1,1
1023.682517234,1,0,1
1023.682518500,0,0,1
1023.821246628,0,0,0
1023.821247710,0,1,0
1023.821248864,1,1,0
1023.959947154,1,0,0
1023.959947360,1,0,1
1023.959948260,0,0,1
1024.098646568,0,1,1
1024.098647242,0,1,0
1024.098648562,1,1,0
1024.237346100,1,1,1
1024.237347074,1,0,1
1024.237347894,0,0,1
1024.376046550,0,1,1
1024.376046920,0,1,0
1024.376048196,1,1,0
1024.514774994,1,0,0
1024.514776780,1,0,1
1024.514777528,0,0,1
1024.653476470,0,1,1
1024.653476660,0,1,0
1024.653477892,1,1,0
1024.792174916,1,0,0
1024.792176458,1,0,1
1024.792177288,0,0,1
1024.930906340,0,0,0
1024.930906388,0,1,0
1024.930907588,1,1,0
1025.069606136,1,1,1
1025.069606834,1,0,1
1025.069607922,0,0,1
1025.208305246,0,1,1
1025.208306954,0,1,0
1025.208307284,1,1,0
1025.347034754,1,0,0
1025.347035814,1,0,1
1025.347037618,0,0,1
1025.485734166,0,1,1
1025.485735634,0,1,0
1025.485736980,1,1,0
1025.624434492,1,1,1
1025.624435674,1,0,1
1025.624437252,0,0,1
1025.763134374,0,0,0
1025.763135086,0,1,0
1025.763136616,1,1,0
1025.901834232,1,1,1
1025.901834592,1,0,1
1025.901836012,0,0,1
1026.040534006,0,1,1
1026.040534052,0,1,0
1026.040536312,1,1,0
1026.179233450,1,0,0
1026.179234848,1,0,1
1026.179235646,0,0,1
1026.317934730,0,0,0
1026.317934926,0,1,0
1026.317935946,1,1,0
1026.456632370,1,0,0
1026.456632526,1,0,1
1026.456635342,0,0,1
1026.595364406,0,0,0
1026.595364846,0,1,0
1026.595365580,1,1,0
1026.734033288,1,0,0
1026.734034266,1,0,1
1026.734034974,0,0,1
1026.872762700,0,1,1
1026.872763086,0,1,0
1026.872765338,1,1,0
1027.011493944,1,1,1
1027.011494208,1,0,1
1027.011495670,0,0,1
1027.150222684,0,1,1
1027.150222762,0,1,0
1027.150224970,1,1,0
1027.288923620,1,1,1
1027.288924128,1,0,1
1027.288925304,0,0,1
1027.427654440,0,0,0
1027.427654540,0,1,0
1027.427655668,1,1,0
1027.566352300,1,1,1
1027.566354046,1,0,1
1027.566355000,0,0,1
1027.705053458,0,1,1
1027.705054180,0,1,0
1027.705055300,1,1,0
1027.843752976,1,1,1
1027.843754026,1,0,1
1027.843754696,0,0,1
1027.982451858,0,0,0
1027.982452378,0,1,0
1027.982454058,1,1,0
1028.121152654,1,1,1
1028.121152884,1,0,1
1028.121154330,0,0,1
1028.259852360,0,1,1
1028.259852598,0,1,0
1028.259853692,1,1,0
1028.398580394,1,1,1
1028.398582740,1,0,1
1028.398584026,0,0,1
1028.537280212,0,0,0
1028.537281216,0,1,0
1028.537283324,1,1,0
1028.676011660,1,0,0
1028.676012008,1,0,1
1028.676013784,0,0,1
1028.814712888,0,0,0
1028.814713134,0,1,0
1028.814714022,1,1,0
1028.953410748,1,1,1
1028.953412642,1,0,1
1028.953413418,0,0,1
1029.092111568,0,0,0
1029.092113718,1,0,0
1029.092113990,1,1,0
1029.230811498,1,0,0
1029.230812362,1,0,1
1029.230813048,0,0,1
1029.369510908,0,1,1
1029.369511244,0,1,0
1029.369512350,1,1,0
1029.508211102,1,1,1
1029.508211416,1,0,1
1029.508212744,0,0,1
1029.646940828,0,1,1
1029.646940920,0,1,0
1029.646943046,1,1,0
1029.785640842,1,1,1
1029.785641334,1,0,1
1029.785642442,0,0,1
1029.924339596,0,0,0
1029.924340746,0,1,0
1029.924341740,1,1,0
1030.063040252,1,0,0
1030.063041456,1,0,1
1030.063042010,0,0,1
1030.201739664,0,1,1
1030.201740338,0,1,0
1030.201741374,1,1,0
1030.340440172,1,0,0
1030.340441194,1,0,1
1030.340441768,0,0,1
1030.479139582,0,1,1
1030.479140014,0,1,0
1030.479141132,1,1,0
1030.617838872,1,1,1
1030.617839026,1,0,1
1030.617840402,0,0,1
1030.756538690,0,0,0
1030.756539502,0,1,0
1030.756540764,1,1,0
1030.895268486,1,1,1
1030.895268884,1,0,1
1030.895271098,0,0,1
1031.033968366,0,0,0
1031.033968420,0,1,0
1031.033970396,1,1,0
1031.172667226,1,1,1
1031.172668864,1,0,1
1031.172669792,0,0,1
1031.311398338,0,1,1
1031.311399044,0,1,0
1031.311400090,1,1,0
1031.450127464,1,1,1
1031.450129782,1,0,1
1031.450130486,0,0,1
1031.588828720,0,0,0
1031.588830850,1,0,0
1031.588831194,1,1,0
1031.727527578,1,1,1
1031.727529700,1,0,1
1031.727530120,0,0,1
1031.866227398,0,0,0
1031.866228174,0,1,0
1031.866229482,1,1,0
1032.004927554,1,0,0
1032.004929380,1,0,1
1032.004929814,0,0,1
1032.143627030,0,1,1
1032.143627136,0,1,0
1032.143629114,1,1,0
1032.282327536,1,0,0
1032.282327930,1,0,1
1032.282329446,0,0,1
1032.421026812,0,0,0
1032.421027948,0,1,0
1032.421028808,1,1,0
1032.559725670,1,1,1
1032.559726390,1,0,1
1032.559728204,0,0,1
1032.698426488,0,0,0
1032.698426864,0,1,0
1032.698428440,1,1,0
1032.837125346,1,1,1
1032.837127372,1,0,1
1032.837127772,0,0,1
1032.975855346,0,1,1
1032.975857164,0,1,0
1032.975858134,1,1,0
1033.114556022,1,1,1
1033.114556226,1,0,1
1033.114557530,0,0,1
1033.253256700,0,1,1
1033.253256840,0,1,0
1033.253257830,1,1,0
1033.391954144,1,0,0
1033.391956698,1,0,1
1033.391957224,0,0,1
1033.530685244,0,1,1
1033.530686578,0,1,0
1033.530687524,1,1,0
1033.669386060,1,0,0
1033.669386374,1,0,1
1033.669387856,0,0,1
1033.808085974,0,1,1
1033.808086192,0,1,0
1033.808087156,1,1,0
1033.946784790,1,0,0
1033.946785050,1,0,1
1033.946786550,0,0,1
1034.085484930,0,0,0
1034.085485578,0,1,0
1034.085486850,1,1,0
1034.224183788,1,1,1
1034.224184458,1,0,1
1034.224186244,0,0,1
1034.362884308,0,1,1
1034.362885542,0,1,0
1034.362886482,1,1,0
1034.501583812,1,0,0
1034.501584402,1,0,1
1034.501585876,0,0,1
1034.640283288,0,1,1
1034.640284282,0,1,0
1034.640285174,1,1,0
1034.778983668,1,0,0
1034.778984076,1,0,1
1034.778985506,0,0,1
1034.917682956,0,0,0
1034.917683642,0,1,0
1034.917684868,1,1,0
1035.056381584,1,0,0
1035.056381814,1,0,1
1035.056384200,0,0,1
1035.195082632,0,0,0
1035.195083058,0,1,0
1035.195084564,1,1,0
1035.333842502,1,0,0
1035.333843490,1,0,1
1035.333844958,0,0,1
1035.472543308,0,0,0
1035.472543976,0,1,0
1035.472545256,1,1,0
1035.611243166,1,1,1
1035.611243418,1,0,1
1035.611244588,0,0,1
1035.749940830,0,1,1
1035.749941046,0,1,0
1035.749943888,1,1,0
1035.888642336,1,0,0
1035.888642840,1,0,1
1035.888644282,0,0,1
1036.027341660,0,0,0
1036.027341684,0,1,0
1036.027343518,1,1,0
1036.166041516,1,1,1
1036.166042190,1,0,1
1036.166043914,0,0,1
1036.304741396,0,0,0
1036.304742664,0,1,0
1036.304743214,1,1,0
1036.443440168,1,0,0
1036.443441252,1,0,1
1036.443442670,0,0,1
1036.582140010,0,0,0
1036.582141580,0,1,0
1036.582142906,1,1,0
1036.720839930,1,1,1
1036.720840024,1,0,1
1036.720842238,0,0,1
1036.859541496,0,1,1
1036.859542600,1,1,1
1036.859542746,1,1,0
1036.998239604,1,1,1
1036.998239940,1,0,1
1036.998241868,0,0,1
1037.136938350,0,1,1
1037.136940420,0,1,0
1037.136941230,1,1,0
1037.275638856,1,0,0
1037.275641278,1,0,1
1037.275641624,0,0,1
1037.414339160,0,0,0
1037.414339330,0,1,0
1037.414340924,1,1,0
1037.553069772,1,0,0
1037.553069954,1,0,1
1037.553071254,0,0,1
1037.691768834,0,0,0
1037.691770246,0,1,0
1037.691771618,1,1,0
1037.830468626,1,0,0
1037.830469566,1,0,1
1037.830470948,0,0,1
1037.969168446,0,0,0
1037.969169100,0,1,0
1037.969170310,1,1,0
1038.107868606,1,0,0
1038.107869304,1,0,1
1038.107870642,0,0,1
1038.246568080,0,1,1
1038.246568184,0,1,0
1038.246569942,1,1,0
1038.385267522,1,0,0
1038.385268978,1,0,1
1038.385269274,0,0,1
1038.523966934,0,1,1
1038.523968858,0,1,0
1038.523969574,1,1,0
1038.662667438,1,0,0
1038.662668654,1,0,1
1038.662668968,0,0,1
1038.801367534,0,0,0
1038.801367786,0,1,0
1038.801369264,1,1,0
1038.940066292,1,0,0
1038.940066390,1,0,1
1038.940068658,0,0,1
1039.078766208,0,0,0
1039.078766704,0,1,0
1039.078767958,1,1,0
1039.217466208,1,0,0
1039.217467064,1,0,1
1039.217468352,0,0,1
1039.356164882,0,0,0
1039.356166618,0,1,0
1039.356167652,1,1,0
1039.494865740,1,1,1
1039.494867062,1,0,1
1039.494868046,0,0,1
1039.633565558,0,0,0
1039.633566598,0,1,0
1039.633567344,1,1,0
1039.772265040,1,0,0
1039.772265352,1,0,1
1039.772266676,0,0,1
1039.910963450,0,1,1
1039.910965230,0,1,0
1039.910966912,1,1,0
1040.049664026,1,1,1
1040.049664956,1,0,1
1040.049666368,0,0,1
1040.188363968,0,0,0
1040.188364428,0,1,0
1040.188366666,1,1,0
1040.327063826,1,1,1
1040.327064810,1,0,1
1040.327065934,0,0,1
1040.465794642,0,0,0
1040.465795284,0,1,0
1040.465796360,1,1,0
1040.604493788,1,0,0
1040.604494436,1,0,1
1040.604495752,0,0,1
1040.743193318,0,0,0
1040.743194136,0,1,0
1040.743195990,1,1,0
1040.881893174,1,1,1
1040.881894640,1,0,1
1040.881895320,0,0,1
1041.020592114,0,1,1
1041.020592990,0,1,0
1041.020594744,1,1,0
1041.159322556,1,0,0
1041.159322784,1,0,1
1041.159325014,0,0,1
1041.298023664,0,0,0
1041.298024030,0,1,0
1041.298025376,1,1,0
1041.436721522,1,1,1
1041.436723534,1,0,1
1041.436724706,0,0,1
1041.575423402,0,0,0
1041.575423882,0,1,0
1041.575425006,1,1,0
1041.714122388,1,0,0
1041.714123194,1,0,1
1041.714124336,0,0,1
1041.852822012,0,0,0
1041.852822862,0,1,0
1041.852823698,1,1,0
1041.991521870,1,1,1
1041.991522240,1,0,1
1041.991524028,0,0,1
1042.130221686,0,0,0
1042.130221714,0,1,0
1042.130223328,1,1,0
1042.268920218,1,0,0
1042.268921542,1,0,1
1042.268922720,0,0,1
1042.407620630,0,1,1
1042.407622422,0,1,0
1042.407623082,1,1,0
1042.546321070,1,0,0
1042.546322280,1,0,1
1042.546322414,0,0,1
1042.685050546,0,1,1
1042.685051096,0,1,0
1042.685052712,1,1,0
1042.823751952,1,1,1
1042.823751986,1,0,1
1042.823753042,0,0,1
1042.962450460,0,1,1
1042.962450708,0,1,0
1042.962452404,1,1,0
1043.101181626,1,1,1
1043.101181964,1,0,1
1043.101182734,0,0,1
1043.239911374,0,1,1
1043.239911444,0,1,0
1043.239913032,1,1,0
1043.378609236,1,1,1
1043.378610878,1,0,1
1043.378612488,0,0,1
1043.517310290,0,1,1
1043.517311118,0,1,0
1043.517312786,1,1,0
1043.656008732,1,0,0
1043.656010972,1,0,1
1043.656012054,0,0,1
1043.794709142,0,1,1
1043.794709790,0,1,0
1043.794711416,1,1,0
1043.933439584,1,0,0
1043.933439646,1,0,1
1043.933441746,0,0,1
1044.072140058,0,1,1
1044.072140462,0,1,0
1044.072142046,1,1,0
1044.210839320,1,1,1
1044.210839562,1,0,1
1044.210841438,0,0,1
1044.349539034,0,1,1
1044.349539200,0,1,0
1044.349540800,1,1,0
1044.488238414,1,0,0
1044.488239056,1,0,1
1044.488241068,0,0,1
1044.626937810,0,0,0
1044.626939886,0,1,0
1044.626940366,1,1,0
1044.765638390,1,0,0
1044.765638730,1,0,1
1044.765640760,0,0,1
1044.904337546,0,0,0
1044.904338738,0,1,0
1044.904340058,1,1,0
1045.043037244,1,0,0
1045.043038340,1,0,1
1045.043039452,0,0,1
1045.181767716,0,1,1
1045.181768218,0,1,0
1045.181769812,1,1,0
1045.320469074,1,1,1
1045.320469158,1,0,1
1045.320470080,0,0,1
1045.459167892,0,0,0
1045.459168568,0,1,0
1045.459169442,1,1,0
1045.597867684,1,1,1
1045.597869072,1,0,1
1045.597869772,0,0,1
1045.736567482,0,1,1
1045.736568626,0,1,0
1045.736569132,1,1,0
1045.875265988,1,0,0
1045.875266358,1,0,1
1045.875268400,0,0,1
1046.013966398,0,1,1
1046.013968236,0,1,0
1046.013968760,1,1,0
1046.152666092,1,1,1
1046.152666902,1,0,1
1046.152668154,0,0,1
1046.291365312,0,1,1
1046.291365972,0,1,0
1046.291367390,1,1,0
1046.430095766,1,1,1
1046.430095816,1,0,1
1046.430097784,0,0,1
1046.568796646,0,0,0
1046.568797162,0,1,0
1046.568798080,1,1,0
1046.707495438,1,1,1
1046.707496668,1,0,1
1046.707497410,0,0,1
1046.846196140,0,1,1
1046.846196254,0,1,0
1046.846197770,1,1,0
1046.984895584,1,0,0
1046.984896112,1,0,1
1046.984897164,0,0,1
1047.123624990,0,0,0
1047.123626054,0,1,0
1047.123627462,1,1,0
1047.262324558,1,0,0
1047.262325784,1,0,1
1047.262326792,0,0,1
1047.401086600,0,0,0
1047.401086968,0,1,0
1047.401088090,1,1,0
1047.539785408,1,0,0
1047.539786456,1,0,1
1047.539787482,0,0,1
1047.678515818,0,1,1
1047.678517334,0,1,0
1047.678517782,1,1,0
1047.817215324,1,0,0
1047.817216190,1,0,1
1047.817217174,0,0,1
1047.955915796,0,1,1
1047.955916068,0,1,0
1047.955917534,1,1,0
1048.094614862,1,1,1
1048.094615176,1,0,1
1048.094616802,0,0,1
1048.233315646,0,1,1
1048.233315742,0,1,0
1048.233317100,1,1,0
1048.372014724,1,1,1
1048.372015152,1,0,1
1048.372016492,0,0,1
1048.510712498,0,1,1
1048.510713976,0,1,0
1048.510715790,1,1,0
1048.649444144,1,1,1
1048.649445064,1,0,1
1048.649446120,0,0,1
1048.788144538,0,1,1
1048.788144960,0,1,0
1048.788146480,1,1,0
1048.926873978,1,0,0
1048.926874940,1,0,1
1048.926876812,0,0,1
1049.065574696,0,0,0
1049.065575388,0,1,0
1049.065576110,1,1,0
1049.204273550,1,1,1
1049.204273766,1,0,1
1049.204275438,0,0,1
1049.342973430,0,0,0
1049.342974302,0,1,0
1049.342975798,1,1,0
1049.481673222,1,1,1
1049.481674742,1,0,1
1049.481675128,0,0,1
1049.620404100,0,0,0
1049.620404152,0,1,0
1049.620405428,1,1,0
1049.759102656,1,0,0
1049.759103956,1,0,1
1049.759104820,0,0,1
1049.897831772,0,0,0
1049.897834064,0,1,0
1049.897835116,1,1,0
1050.036533506,1,0,0
1050.036534628,1,0,1
1050.036535508,0,0,1
1050.175293444,0,0,0
1050.175294980,0,1,0
1050.175295806,1,1,0
1050.313993482,1,0,0
1050.313994300,1,0,1
1050.313996136,0,0,1
1050.452693114,0,0,0
1050.452694954,0,1,0
1050.452695496,1,1,0
1050.591392972,1,1,1
1050.591394394,1,0,1
1050.591394826,0,0,1
1050.730093804,0,1,1
1050.730093850,0,1,0
1050.730095124,1,1,0
1050.868792642,1,1,1
1050.868793246,1,0,1
1050.868794516,0,0,1
1051.007491718,0,1,1
1051.007494458,0,1,0
1051.007494876,1,1,0
1051.146192096,1,0,0
1051.146192314,1,0,1
1051.146194142,0,0,1
1051.284922508,0,1,1
1051.284924192,0,1,0
1051.284924504,1,1,0
1051.423622984,1,1,1
1051.423623072,1,0,1
1051.423623894,0,0,1
1051.562322482,0,1,1
1051.562322864,0,1,0
1051.562324130,1,1,0
1051.701052656,1,1,1
1051.701052984,1,0,1
1051.701054522,0,0,1
1051.839752394,0,1,1
1051.839752534,0,1,0
1051.839753820,1,1,0
1051.978451390,1,1,1
1051.978451898,1,0,1
1051.978453148,0,0,1
1052.117152204,0,0,0
1052.117152308,0,1,0
1052.117153508,1,1,0
1052.255849810,1,0,0
1052.255852060,1,0,1
1052.255852900,0,0,1
1052.394549876,0,0,0
1052.394550220,0,1,0
1052.394552136,1,1,0
1052.533280722,1,0,0
1052.533280732,1,0,1
1052.533282528,0,0,1
1052.671981132,0,1,1
1052.671981608,0,1,0
1052.671982826,1,1,0
1052.810679572,1,0,0
1052.810681464,1,0,1
1052.810682154,0,0,1
1052.949380216,0,0,0
1052.949381046,0,1,0
1052.949382514,1,1,0
1053.088079072,1,1,1
1053.088079484,1,0,1
1053.088081844,0,0,1
1053.226778952,0,0,0
1053.226780958,0,1,0
1053.226781142,1,1,0
1053.365478804,1,1,1
1053.365480398,1,0,1
1053.365481534,0,0,1
1053.504178808,0,1,1
1053.504179622,0,1,0
1053.504180830,1,1,0
1053.642909248,1,0,0
1053.642909476,1,0,1
1053.642911160,0,0,1
1053.781607782,0,1,1
1053.781609290,0,1,0
1053.781610520,1,1,0
1053.920308084,1,1,1
1053.920309222,1,0,1
1053.920310912,0,0,1
1054.059008632,0,1,1
1054.059009024,0,1,0
1054.059010146,1,1,0
1054.197707816,1,1,1
1054.197710072,1,0,1
1054.197710538,0,0,1
1054.336407632,0,0,0
1054.336409606,0,1,0
1054.336409836,1,1,0
1054.475107486,1,1,1
1054.475108046,1,0,1
1054.475109228,0,0,1
1054.613806364,0,0,0
1054.613808456,0,1,0
1054.613809524,1,1,0
1054.752538156,1,1,1
1054.752538960,1,0,1
1054.752539916,0,0,1
1054.891236304,0,1,1
1054.891238034,0,1,0
1054.891239150,1,1,0
1055.029935870,1,0,0
1055.029936826,1,0,1
1055.029938542,0,0,1
1055.168636706,0,0,0
1055.168638278,0,1,0
1055.168638840,1,1,0
1055.307335782,1,0,0
1055.307336496,1,0,1
1055.307338166,0,0,1
1055.446036374,0,0,0
1055.446037128,0,1,0
1055.446038464,1,1,0
1055.584736228,1,1,1
1055.584736570,1,0,1
1055.584737856,0,0,1
1055.723466044,0,0,0
1055.723467040,0,1,0
1055.723468152,1,1,0
1055.862165544,1,0,0
1055.862166900,1,0,1
1055.862167544,0,0,1
1056.000866714,0,0,0
1056.000867014,0,1,0
1056.000867840,1,1,0
1056.139564456,1,0,0
1056.139565568,1,0,1
1056.139567232,0,0,1
1056.278264862,0,1,1
1056.278267384,0,1,0
1056.278267466,1,1,0
1056.416965300,1,1,1
1056.416965366,1,0,1
1056.416966858,0,0,1
1056.555663774,0,1,1
1056.555666054,0,1,0
1056.555666218,1,1,0
1056.694364216,1,0,0
1056.694364906,1,0,1
1056.694366484,0,0,1
1056.833063534,0,0,0
1056.833064686,0,1,0
1056.833065844,1,1,0
1056.971763190,1,0,0
1056.971763578,1,0,1
1056.971765234,0,0,1
1057.110463596,0,1,1
1057.110464016,0,1,0
1057.110465532,1,1,0
1057.249163246,1,1,1
1057.249164038,1,0,1
1057.249164860,0,0,1
1057.387863508,0,1,1
1057.387864124,0,1,0
1057.387865156,1,1,0
1057.526562010,1,0,0
1057.526563978,1,0,1
1057.526564610,0,0,1
1057.665292792,0,0,0
1057.665293420,0,1,0
1057.665294846,1,1,0
1057.803991860,1,0,0
1057.803992648,1,0,1
1057.803994236,0,0,1
1057.942691330,0,1,1
1057.942692398,0,1,0
1057.942694532,1,1,0
1058.081392316,1,1,1
1058.081392708,1,0,1
1058.081393860,0,0,1
1058.220092130,0,0,0
1058.220092240,0,1,0
1058.220094220,1,1,0
1058.358792048,1,1,1
1058.358792682,1,0,1
1058.358793548,0,0,1
1058.497490800,0,0,0
1058.497492152,0,1,0
1058.497492908,1,1,0
1058.636191530,1,0,0
1058.636192654,1,0,1
1058.636193174,0,0,1
1058.774921468,0,0,0
1058.774922000,0,1,0
1058.774923594,1,1,0
1058.913621324,1,1,1
1058.913621502,1,0,1
1058.913622862,0,0,1
1059.052380910,0,1,1
1059.052381138,0,1,0
1059.052383284,1,1,0
1059.191080992,1,1,1
1059.191081350,1,0,1
1059.191083550,0,0,1
1059.329781820,0,1,1
1059.329781868,0,1,0
1059.329782908,1,1,0
1059.468481324,1,0,0
1059.468481722,1,0,1
1059.468483236,0,0,1
1059.607180538,0,0,0
1059.607180668,0,1,0
1059.607182532,1,1,0
1059.745880330,1,1,1
1059.745881172,1,0,1
1059.745881862,0,0,1
1059.884581206,0,0,0
1059.884581580,0,1,0
1059.884582220,1,1,0
1060.023311082,1,0,0
1060.023312060,1,0,1
1060.023312548,0,0,1
1060.162009874,0,0,0
1060.162010490,0,1,0
1060.162011906,1,1,0
1060.300709992,1,0,0
1060.300711730,1,0,1
1060.300712234,0,0,1
1060.439409400,0,1,1
1060.439410544,0,1,0
1060.439411530,1,1,0
1060.578108902,1,0,0
1060.578109396,1,0,1
1060.578110858,0,0,1
1060.716809372,0,1,1
1060.716810274,0,1,0
1060.716811218,1,1,0
1060.855509002,1,1,1
1060.855509812,1,0,1
1060.855510608,0,0,1
1060.994207942,0,0,0
1060.994209220,0,1,0
1060.994209906,1,1,0
1061.132938794,1,1,1
1061.132939722,1,0,1
1061.132940232,0,0,1
1061.271638068,0,1,1
1061.271638608,0,1,0
1061.271640530,1,1,0
1061.410336632,1,0,0
1061.410337400,1,0,1
1061.410339858,0,0,1
1061.549039040,0,1,1
1061.549039278,0,1,0
1061.549040216,1,1,0
1061.687737542,1,0,0
1061.687738070,1,0,1
1061.687739606,0,0,1
1061.826437888,0,1,1
1061.826437946,0,1,0
1061.826438840,1,1,0
1061.965136800,1,1,1
1061.965137390,1,0,1
1061.965139230,0,0,1
1062.103836676,0,0,0
1062.103836798,0,1,0
1062.103838526,1,1,0
1062.242568298,1,0,0
1062.242568468,1,0,1
1062.242568918,0,0,1
1062.381265282,0,0,0
1062.381266768,0,1,0
1062.381268214,1,1,0
1062.519966074,1,1,1
1062.519967208,1,0,1
1062.519968604,0,0,1
1062.658665616,0,1,1
1062.658665948,0,1,0
1062.658667838,1,1,0
1062.797366118,1,0,0
1062.797366804,1,0,1
1062.797368228,0,0,1
1062.936065588,0,1,1
1062.936065678,0,1,0
1062.936067522,1,1,0
1063.074765028,1,0,0
1063.074765470,1,0,1
1063.074766916,0,0,1
1063.213495348,0,0,0
1063.213495434,0,1,0
1063.213497210,1,1,0
1063.352196202,1,1,1
1063.352196936,1,0,1
1063.352197602,0,0,1
1063.490895282,0,1,1
1063.490896014,0,1,0
1063.490896834,1,1,0
1063.629593868,1,1,1
1063.629595846,1,0,1
1063.629596224,0,0,1
1063.768295254,0,1,1
1063.768295744,0,1,0
1063.768296582,1,1,0
1063.906993756,1,0,0
1063.906995474,1,0,1
1063.906995910,0,0,1
1064.045694100,0,1,1
1064.045694348,0,1,0
1064.045696206,1,1,0
1064.184392602,1,0,0
1064.184394202,1,0,1
1064.184395534,0,0,1
1064.323092078,0,0,0
1064.323093072,0,1,0
1064.323094894,1,1,0
1064.461792808,1,1,1
1064.461793510,1,0,1
1064.461795220,0,0,1
1064.600492982,0,1,1
1064.600493684,0,1,0
1064.600494516,1,1,0
1064.739193422,1,0,0
1064.739193538,1,0,1
1064.739194906,0,0,1
1064.877892352,0,0,0
1064.877892890,0,1,0
1064.877894204,1,1,0
1065.016591330,1,0,0
1065.016592206,1,0,1
1065.016593528,0,0,1
1065.155321800,0,1,1
1065.155323080,0,1,0
1065.155323888,1,1,0
1065.294021176,1,0,0
1065.294021810,1,0,1
1065.294024152,0,0,1
1065.432721646,0,1,1
1065.432721686,0,1,0
1065.432723510,1,1,0
1065.571421148,1,0,0
1065.571421602,1,0,1
1065.571422900,0,0,1
1065.710120616,0,1,1
1065.710121414,0,1,0
1065.710123196,1,1,0
1065.848820994,1,0,0
1065.848821206,1,0,1
1065.848822524,0,0,1
1065.987521462,0,1,1
1065.987522082,0,1,0
1065.987522882,1,1,0
1066.126218936,1,1,1
1066.126220902,1,0,1
1066.126222210,0,0,1
1066.264919372,0,1,1
1066.264919748,0,1,0
1066.264921568,1,1,0
1066.403619540,1,1,1
1066.403619812,1,0,1
1066.403621896,0,0,1
1066.542318218,0,1,1
1066.542320416,0,1,0
1066.542321192,1,1,0
1066.681018720,1,0,0
1066.681020268,1,0,1
1066.681021580,0,0,1
1066.819718082,0,0,0
1066.819719126,0,1,0
1066.819720876,1,1,0
1066.958417628,1,0,0
1066.958418936,1,0,1
1066.958420266,0,0,1
1067.097117810,0,0,0
1067.097120098,0,1,0
1067.097120500,1,1,0
1067.235818536,1,0,0
1067.235819664,1,0,1
1067.235819952,0,0,1
1067.374517478,0,0,0
1067.374517946,0,1,0
1067.374520186,1,1,0
1067.513248446,1,0,0
1067.513250330,1,0,1
1067.513250512,0,0,1
1067.651947144,0,0,0
1067.651947852,0,1,0
1067.651949808,1,1,0
1067.790678352,1,0,0
1067.790678934,1,0,1
1067.790680260,0,0,1
1067.929377822,0,1,1
1067.929378810,0,1,0
1067.929379554,1,1,0
1068.068077602,1,1,1
1068.068079198,1,0,1
1068.068079820,0,0,1
1068.206776668,0,1,1
1068.206777476,0,1,0
1068.206779178,1,1,0
1068.345476330,1,1,1
1068.345477168,1,0,1
1068.345478568,0,0,1
1068.484177514,0,1,1
1068.484178204,0,1,0
1068.484178864,1,1,0
1068.622875932,1,1,1
1068.622877014,1,0,1
1068.622878190,0,0,1
1068.761576422,0,1,1
1068.761576808,0,1,0
1068.761578548,1,1,0
1068.900305598,1,1,1
1068.900306860,1,0,1
1068.900307874,0,0,1
1069.039006392,0,1,1
1069.039007474,0,1,0
1069.039008170,1,1,0
1069.177735518,1,0,0
1069.177736328,1,0,1
1069.177738498,0,0,1
1069.316435142,0,0,0
1069.316437238,0,1,0
1069.316437856,1,1,0
1069.455135994,1,1,1
1069.455136238,1,0,1
1069.455138180,0,0,1
1069.593835870,0,0,0
1069.593836144,0,1,0
1069.593837538,1,1,0
1069.732535658,1,1,1
1069.732535896,1,0,1
1069.732536866,0,0,1
1069.871235472,0,0,0
1069.871236052,0,1,0
1069.871237162,1,1,0
1070.009934554,1,0,0
1070.009935388,1,0,1
1070.009936552,0,0,1
1070.148635200,0,0,0
1070.148635960,0,1,0
1070.148636846,1,1,0
1070.287333462,1,0,0
1070.287335990,1,0,1
1070.287336174,0,0,1
1070.426063868,0,1,1
1070.426065864,0,1,0
1070.426066532,1,1,0
1070.564763368,1,0,0
1070.564763656,1,0,1
1070.564765856,0,0,1
1070.703462532,0,0,0
1070.703463714,0,1,0
1070.703466152,1,1,0
1070.842163384,1,1,1
1070.842164150,1,0,1
1070.842165544,0,0,1
1070.980862260,0,0,0
1070.980862682,0,1,0
1070.980864900,1,1,0
1071.119593050,1,1,1
1071.119593120,1,0,1
1071.119595226,0,0,1
1071.258293590,0,1,1
1071.258293924,0,1,0
1071.258295520,1,1,0
1071.397053716,1,1,1
1071.397054028,1,0,1
1071.397055848,0,0,1
1071.535754496,0,1,1
1071.535755590,0,1,0
1071.535756206,1,1,0
1071.674484380,1,1,1
1071.674484874,1,0,1
1071.674485534,0,0,1
1071.813183342,0,1,1
1071.813184254,0,1,0
1071.813185890,1,1,0
1071.951883046,1,1,1
1071.951883842,1,0,1
1071.951885154,0,0,1
1072.090613920,0,0,0
1072.090614248,0,1,0
1072.090615510,1,1,0
1072.229342710,1,1,1
1072.229343748,1,0,1
1072.229345838,0,0,1
1072.368042586,0,0,0
1072.368044154,0,1,0
1072.368045194,1,1,0
1072.506743594,1,0,0
1072.506745438,1,0,1
1072.506745522,0,0,1
1072.645473188,0,0,0
1072.645474000,0,1,0
1072.645475816,1,1,0
1072.784173438,1,0,0
1072.784174040,1,0,1
1072.784175206,0,0,1
1072.922874968,0,1,1
1072.922874980,0,1,0
1072.922875562,1,1,0
1073.061603406,1,0,0
1073.061603706,1,0,1
1073.061604888,0,0,1
1073.200303814,0,1,1
1073.200304580,0,1,0
1073.200305184,1,1,0
1073.339002432,1,1,1
1073.339003312,1,0,1
1073.339004572,0,0,1
1073.477702782,0,1,1
1073.477703246,0,1,0
1073.477704804,1,1,0
1073.616403098,1,1,1
1073.616403158,1,0,1
1073.616404194,0,0,1
1073.755100626,0,1,1
1073.755103036,0,1,0
1073.755103552,1,1,0
1073.893801762,1,1,1
1073.893802064,1,0,1
1073.893803814,0,0,1
1074.032501472,0,1,1
1074.032502450,0,1,0
1074.032503170,1,1,0
1074.171202428,1,1,1
1074.171202970,1,0,1
1074.171203498,0,0,1
1074.309900440,0,1,1
1074.309901302,0,1,0
1074.309902854,1,1,0
1074.448599940,1,0,0
1074.448600154,1,0,1
1074.448602182,0,0,1
1074.587300966,0,0,0
1074.587301346,0,1,0
1074.587302476,1,1,0
1074.725999784,1,0,0
1074.725999818,1,0,1
1074.726001864,0,0,1
1074.864700252,0,1,1
1074.864700632,0,1,0
1074.864702098,1,1,0
1075.003399482,1,1,1
1075.003400628,1,0,1
1075.003401484,0,0,1
1075.142098098,0,1,1
1075.142099294,0,1,0
1075.142100782,1,1,0
1075.280798596,1,0,0
1075.280800146,1,0,1
1075.280801230,0,0,1
1075.419499022,0,0,0
1075.419500004,0,1,0
1075.419500462,1,1,0
1075.558197440,1,0,0
1075.558198812,1,0,1
1075.558199852,0,0,1
1075.696897624,0,0,0
1075.696897910,0,1,0
1075.696900146,1,1,0
1075.835596476,1,1,1
1075.835598408,1,0,1
1075.835599410,0,0,1
1075.974297352,0,0,0
1075.974297752,0,1,0
1075.974299830,1,1,0
1076.113028202,1,1,1
1076.113029314,1,0,1
1076.113030156,0,0,1
1076.251757720,0,1,1
1076.251758014,0,1,0
1076.251759450,1,1,0
1076.390457866,1,1,1
1076.390458158,1,0,1
1076.390459838,0,0,1
1076.529157626,0,1,1
1076.529157678,0,1,0
1076.529159070,1,1,0
1076.667888468,1,1,1
1076.667889064,1,0,1
1076.667889460,0,0,1
1076.806587534,0,1,1
1076.806588344,0,1,0
1076.806589816,1,1,0
1076.945287970,1,0,0
1076.945288194,1,0,1
1076.945289080,0,0,1
1077.084017376,0,1,1
1077.084018006,0,1,0
1077.084019498,1,1,0
1077.222716858,1,1,1
1077.222716878,1,0,1
1077.222718888,0,0,1
1077.361417346,0,1,1
1077.361417732,0,1,0
1077.361419118,1,1,0
1077.500115460,1,1,1
1077.500116720,1,0,1
1077.500118508,0,0,1
1077.638816188,0,1,1
1077.638816398,0,1,0
1077.638817802,1,1,0
1077.777515688,1,0,0
1077.777517250,1,0,1
1077.777518128,0,0,1
1077.916215998,0,0,0
1077.916216094,0,1,0
1077.916217484,1,1,0
1078.054915530,1,0,0
1078.054915850,1,0,1
1078.054917810,0,0,1
1078.193615724,0,0,0
1078.193616000,0,1,0
1078.193617166,1,1,0
1078.332315436,1,0,0
1078.332315514,1,0,1
1078.332316492,0,0,1
1078.471044904,0,1,1
1078.471045388,0,1,0
1078.471046786,1,1,0
1078.609744342,1,0,0
1078.609746240,1,0,1
1078.609747112,0,0,1
1078.748444052,0,0,0
1078.748444748,0,1,0
1078.748446406,1,1,0
1078.887143246,1,0,0
1078.887143840,1,0,1
1078.887145794,0,0,1
1079.025842654,0,1,1
1079.025844776,0,1,0
1079.025846088,1,1,0
1079.164543154,1,0,0
1079.164543566,1,0,1
1079.164545476,0,0,1
1079.303273378,0,0,0
1079.303273558,0,1,0
1079.303275770,1,1,0
1079.441974060,1,0,0
1079.441974230,1,0,1
1079.441976098,0,0,1
1079.580674104,0,0,0
1079.580674464,0,1,0
1079.580675390,1,1,0
1079.719372964,1,0,0
1079.719373830,1,0,1
1079.719374778,0,0,1
1079.858072704,0,0,0
1079.858074370,0,1,0
1079.858075136,1,1,0
1079.996771556,1,1,1
1079.996773870,1,0,1
1079.996774398,0,0,1
1080.135473212,0,1,1
1080.135473368,0,1,0
1080.135474756,1,1,0
1080.274202218,1,1,1
1080.274202712,1,0,1
1080.274204080,0,0,1
1080.412933032,0,0,0
1080.412933116,0,1,0
1080.412934436,1,1,0
1080.551631882,1,1,1
1080.551633616,1,0,1
1080.551634762,0,0,1
1080.690332756,0,0,0
1080.690333084,0,1,0
1080.690334056,1,1,0
1080.829031546,1,1,1
1080.829032522,1,0,1
1080.829034444,0,0,1
1080.967732418,0,0,0
1080.967732928,0,1,0
1080.967733738,1,1,0
1081.106431426,1,0,0
1081.106432270,1,0,1
1081.106433126,0,0,1
1081.245131082,0,0,0
1081.245131896,0,1,0
1081.245133358,1,1,0
1081.383831270,1,0,0
1081.383831870,1,0,1
1081.383832746,0,0,1
1081.522530800,0,1,1
1081.522532744,0,1,0
1081.522533038,1,1,0
1081.661230236,1,0,0
1081.661230596,1,0,1
1081.661232426,0,0,1
1081.799929642,0,1,1
1081.799930408,0,1,0
1081.799931720,1,1,0
1081.938630078,1,0,0
1081.938630260,1,0,1
1081.938632108,0,0,1
1082.077329548,0,1,1
1082.077330382,0,1,0
1082.077331402,1,1,0
1082.216028046,1,0,0
1082.216028922,1,0,1
1082.216030728,0,0,1
1082.354729450,0,1,1
1082.354729794,0,1,0
1082.354731020,1,1,0
1082.493427584,1,1,1
1082.493429888,1,0,1
1082.493430410,0,0,1
1082.632128458,0,0,0
1082.632129356,0,1,0
1082.632130702,1,1,0
1082.770827792,1,0,0
1082.770828308,1,0,1
1082.770830028,0,0,1
1082.909527198,0,1,1
1082.909528120,0,1,0
1082.909529382,1,1,0
1083.048226696,1,0,0
1083.048227908,1,0,1
1083.048229770,0,0,1
1083.186927166,0,1,1
1083.186927782,0,1,0
1083.186929064,1,1,0
1083.325627602,1,0,0
1083.325627632,1,0,1
1083.325629390,0,0,1
1083.464327008,0,1,1
1083.464327444,0,1,0
1083.464328748,1,1,0
1083.603025506,1,0,0
1083.603026234,1,0,1
1083.603028010,0,0,1
1083.741756912,0,1,1
1083.741757170,0,1,0
1083.741758366,1,1,0
1083.880456410,1,0,0
1083.880456894,1,0,1
1083.880458752,0,0,1
1084.019155816,0,1,1
1084.019155832,0,1,0
1084.019157984,1,1,0
1084.157855252,1,0,0
1084.157855618,1,0,1
1084.157857370,0,0,1
1084.296555430,0,0,0
1084.296556656,0,1,0
1084.296557664,1,1,0
1084.435255218,1,0,0
1084.435255282,1,0,1
1084.435256990,0,0,1
1084.573955156,0,0,0
1084.573955560,0,1,0
1084.573957284,1,1,0
1084.712654006,1,1,1
1084.712655060,1,0,1
1084.712656668,0,0,1
1084.851353754,0,0,0
1084.851354528,0,1,0
1084.851356026,1,1,0
1084.990054606,1,1,1
1084.990055026,1,0,1
1084.990056288,0,0,1
1085.128784478,0,0,0
1085.128785368,0,1,0
1085.128786644,1,1,0
1085.267484268,1,1,1
1085.267484868,1,0,1
1085.267486094,0,0,1
1085.406184334,0,1,1
1085.406185140,0,1,0
1085.406186326,1,1,0
1085.544883710,1,0,0
1085.544883992,1,0,1
1085.544885714,0,0,1
1085.683582176,0,1,1
1085.683582802,0,1,0
1085.683585004,1,1,0
1085.822282590,1,1,1
1085.822283674,1,0,1
1085.822285330,0,0,1
1085.961013464,0,0,0
1085.961014080,0,1,0
1085.961015684,1,1,0
1086.099712314,1,1,1
1086.099712516,1,0,1
1086.099715010,0,0,1
1086.238413982,0,1,1
1086.238414126,0,1,0
1086.238414302,1,1,0
1086.377112420,1,0,0
1086.377112976,1,0,1
1086.377114690,0,0,1
1086.515811786,0,0,0
1086.515811888,0,1,0
1086.515813984,1,1,0
1086.654512384,1,0,0
1086.654513638,1,0,1
1086.654514246,0,0,1
1086.793211510,0,0,0
1086.793211728,0,1,0
1086.793213664,1,1,0
1086.931910226,1,0,0
1086.931911360,1,0,1
1086.931912990,0,0,1
1087.070611108,0,0,0
1087.070611692,0,1,0
1087.070613346,1,1,0
1087.209310960,1,1,1
1087.209311192,1,0,1
1087.209312608,0,0,1
1087.348010596,0,1,1
1087.348010834,0,1,0
1087.348012960,1,1,0
1087.486711032,1,0,0
1087.486711622,1,0,1
1087.486712286,0,0,1
1087.625409436,0,1,1
1087.625409494,0,1,0
1087.625411578,1,1,0
1087.764109874,1,0,0
1087.764110346,1,0,1
1087.764111966,0,0,1
1087.902840340,0,1,1
1087.902841154,0,1,0
1087.902842320,1,1,0
1088.041538944,1,1,1
1088.041539838,1,0,1
1088.041541646,0,0,1
1088.180300242,0,1,1
1088.180300816,0,1,0
1088.180301938,1,1,0
1088.318999604,1,1,1
1088.318999678,1,0,1
1088.319002262,0,0,1
1088.457698540,0,0,0
1088.457700146,0,1,0
1088.457701618,1,1,0
1088.596400266,1,1,1
1088.596400644,1,0,1
1088.596401944,0,0,1
1088.735129986,0,1,1
1088.735130140,0,1,0
1088.735132236,1,1,0
1088.873829926,1,1,1
1088.873830484,1,0,1
1088.873831622,0,0,1
1089.012528952,0,1,1
1089.012529800,0,1,0
1089.012530916,1,1,0
1089.151259388,1,0,0
1089.151259650,1,0,1
1089.151261302,0,0,1
1089.289959460,0,0,0
1089.289959854,0,1,0
1089.289961594,1,1,0
1089.428690290,1,0,0
1089.428691372,1,0,1
1089.428691920,0,0,1
1089.567389120,0,0,0
1089.567389694,0,1,0
1089.567391274,1,1,0
1089.706087970,1,1,1
1089.706089192,1,0,1
1089.706090662,0,0,1
1089.844788844,0,0,0
1089.844789660,0,1,0
1089.844790830,1,1,0
1089.983489032,1,0,0
1089.983489694,1,0,1
1089.983490278,0,0,1
1090.122188500,0,1,1
1090.122188504,0,1,0
1090.122190570,1,1,0
1090.260887998,1,0,0
1090.260888292,1,0,1
1090.260889896,0,0,1
1090.399648166,0,0,0
1090.399648402,0,1,0
1090.399650250,1,1,0
1090.538348900,1,0,0
1090.538349390,1,0,1
1090.538350574,0,0,1
1090.677079304,0,1,1
1090.677080138,0,1,0
1090.677080868,1,1,0
1090.815778676,1,1,1
1090.815778802,1,0,1
1090.815780190,0,0,1
1090.954477484,0,0,0
1090.954478144,0,1,0
1090.954479546,1,1,0
1091.093178336,1,1,1
1091.093178642,1,0,1
1091.093179934,0,0,1
1091.231877110,0,1,1
1091.231877208,0,1,0
1091.231879226,1,1,0
1091.370576996,1,1,1
1091.370578606,1,0,1
1091.370579552,0,0,1
1091.509277012,0,1,1
1091.509277868,0,1,0
1091.509278906,1,1,0
1091.648006656,1,1,1
1091.648007446,1,0,1
1091.648009166,0,0,1
1091.786706850,0,1,1
1091.786707528,0,1,0
1091.786708522,1,1,0
1091.925406348,1,0,0
1091.925407378,1,0,1
1091.925408908,0,0,1
1092.064137126,0,0,0
1092.064137816,0,1,0
1092.064139140,1,1,0
1092.202835976,1,1,1
1092.202837250,1,0,1
1092.202838524,0,0,1
1092.341535654,0,1,1
1092.341535850,0,1,0
1092.341537816,1,1,0
1092.480265700,1,1,1
1092.480266152,1,0,1
1092.480268140,0,0,1
1092.618996556,0,1,1
1092.618997572,0,1,0
1092.618998496,1,1,0
1092.757696296,1,1,1
1092.757697054,1,0,1
1092.757698820,0,0,1
1092.896427232,0,0,0
1092.896427458,0,1,0
1092.896429236,1,1,0
1093.035126954,1,0,0
1093.035126956,1,0,1
1093.035128560,0,0,1
1093.173826360,0,1,1
1093.173826828,0,1,0
1093.173827792,1,1,0
1093.312526678,1,1,1
1093.312526794,1,0,1
1093.312528178,0,0,1
1093.451225550,0,0,0
1093.451226262,0,1,0
1093.451227470,1,1,0
1093.589924696,1,0,0
1093.589925338,1,0,1
1093.589926794,0,0,1
1093.728624210,0,0,0
1093.728625100,0,1,0
1093.728627148,1,1,0
1093.867324998,1,1,1
1093.867325596,1,0,1
1093.867326474,0,0,1
1094.006024932,0,0,0
1094.006025064,0,1,0
1094.006026826,1,1,0
1094.144754720,1,1,1
1094.144755500,1,0,1
1094.144757150,0,0,1
1094.283453904,0,1,1
1094.283455528,0,1,0
1094.283456506,1,1,0
1094.422154316,1,1,1
1094.422155462,1,0,1
1094.422155766,0,0,1
1094.560854190,0,0,0
1094.560854804,0,1,0
1094.560856120,1,1,0
1094.699554038,1,1,1
1094.699554302,1,0,1
1094.699555444,0,0,1
1094.838253910,0,0,0
1094.838254706,0,1,0
1094.838255798,1,1,0
1094.976953204,1,0,0
1094.976953634,1,0,1
1094.976955122,0,0,1
1095.115652606,0,1,1
1095.115653570,0,1,0
1095.115654414,1,1,0
1095.254353104,1,0,0
1095.254353358,1,0,1
1095.254354800,0,0,1
1095.393052166,0,0,0
1095.393052570,0,1,0
1095.393054092,1,1,0
1095.531782944,1,0,0
1095.531783016,1,0,1
1095.531784416,0,0,1
1095.670481888,0,0,0
1095.670482408,0,1,0
1095.670483770,1,1,0
1095.809181906,1,0,0
1095.809183674,1,0,1
1095.809184032,0,0,1
1095.947881310,0,1,1
1095.947882548,0,1,0
1095.947883386,1,1,0
1096.086581744,1,0,0
1096.086582334,1,0,1
1096.086583772,0,0,1
1096.225310206,0,0,0
1096.225311210,0,1,0
1096.225313062,1,1,0
1096.364040648,1,0,0
1096.364042054,1,0,1
1096.364043452,0,0,1
1096.502742112,0,1,1
1096.502742864,0,1,0
1096.502743678,1,1,0
1096.641501546,1,0,0
1096.641502654,1,0,1
1096.641504128,0,0,1
1096.780202012,0,1,1
1096.780203524,0,1,0
1096.780204356,1,1,0
1096.918902372,1,1,1
1096.918902446,1,0,1
1096.918903742,0,0,1
1097.057601246,0,0,0
1097.057601850,0,1,0
1097.057603096,1,1,0
1097.196301348,1,0,0
1097.196301968,1,0,1
1097.196303358,0,0,1
1097.335000688,0,1,1
1097.335000840,0,1,0
1097.335002712,1,1,0
1097.473699690,1,1,1
1097.473701186,1,0,1
1097.473703036,0,0,1
1097.612400562,0,0,0
1097.612401652,0,1,0
1097.612402390,1,1,0
1097.751099150,1,0,0
1097.751099350,1,0,1
1097.751101712,0,0,1
1097.889799552,0,1,1
1097.889800220,0,1,0
1097.889802004,1,1,0
1098.028500008,1,1,1
1098.028500050,1,0,1
1098.028501390,0,0,1
1098.167198878,0,0,0
1098.167201452,0,1,0
1098.167201682,1,1,0
1098.305898888,1,0,0
1098.305899666,1,0,1
1098.305901006,0,0,1
1098.444598354,0,1,1
1098.444598538,0,1,0
1098.444600360,1,1,0
1098.583298386,1,1,1
1098.583298788,1,0,1
1098.583300746,0,0,1
1098.721998254,0,1,1
1098.721998446,0,1,0
1098.721999974,1,1,0
1098.860697606,1,1,1
1098.860698688,1,0,1
1098.860699360,0,0,1
1098.999396854,0,0,0
1098.999398154,0,1,0
1098.999399652,1,1,0
1099.138096588,1,0,0
1099.138098974,0,0,0
1099.138099142,0,0,1
1099.276797512,0,0,0
1099.276797992,0,1,0
1099.276799266,1,1,0
1099.415496362,1,1,1
1099.415497490,1,0,1
1099.415498714,0,0,1
1099.554196234,0,0,0
1099.554196892,0,1,0
1099.554197942,1,1,0
1099.692896082,1,1,1
1099.692897388,1,0,1
1099.692898268,0,0,1
1099.831595828,0,0,0
1099.831596792,0,1,0
1099.831597684,1,1,0
1099.970296290,1,0,0
1099.970297676,1,0,1
1099.970298008,0,0,1
1100.108995692,0,1,1
1100.108996548,0,1,0
1100.108997298,1,1,0
1100.247694336,1,1,1
1100.247695190,1,0,1
1100.247696622,0,0,1
1100.386393592,0,1,1
1100.386396206,0,1,0
1100.386396976,1,1,0
1100.525094090,1,0,0
1100.525095056,1,0,1
1100.525096362,0,0,1
1100.663794494,0,1,1
1100.663794864,0,1,0
1100.663796590,1,1,0
1100.802525650,1,1,1
1100.802525928,1,0,1
1100.802526976,0,0,1
1100.941224392,0,1,1
1100.941224522,0,1,0
1100.941226328,1,1,0
1101.079923308,1,1,1
1101.079923890,1,0,1
1101.079925588,0,0,1
1101.218623294,0,1,1
1101.218624180,0,1,0
1101.218625942,1,1,0
1101.357324028,1,1,1
1101.357324726,1,0,1
1101.357325328,0,0,1
1101.496021900,0,0,0
1101.496022192,0,1,0
1101.496024556,1,1,0
1101.634722564,1,0,0
1101.634723686,1,0,1
1101.634724880,0,0,1
1101.773421030,0,1,1
1101.773423494,0,1,0
1101.773424296,1,1,0
1101.912122344,1,1,1
1101.912122526,1,0,1
1101.912124620,0,0,1
1102.050853152,0,0,0
1102.050853930,0,1,0
1102.050854910,1,1,0
1102.189552000,1,1,1
1102.189552364,1,0,1
1102.189554296,0,0,1
1102.328250872,0,0,0
1102.328252892,0,1,0
1102.328253524,1,1,0
1102.466951658,1,1,1
1102.466953262,1,0,1
1102.466953910,0,0,1
1102.605651728,0,1,1
1102.605652466,0,1,0
1102.605653264,1,1,0
1102.744351226,1,0,0
1102.744351378,1,0,1
1102.744353586,0,0,1
1102.883051628,0,1,1
1102.883052186,0,1,0
1102.883052876,1,1,0
1103.021780972,1,1,1
1103.021781124,1,0,1
1103.021783200,0,0,1
1103.160480528,0,1,1
1103.160480844,0,1,0
1103.160482492,1,1,0
1103.299181630,1,1,1
1103.299181960,1,0,1
1103.299182878,0,0,1
1103.437879500,0,0,0
1103.437880426,0,1,0
1103.437882230,1,1,0
1103.576580350,1,1,1
1103.576580860,1,0,1
1103.576581554,0,0,1
1103.715279220,0,0,0
1103.715280326,0,1,0
1103.715281844,1,1,0
1103.853979760,1,0,0
1103.853980006,1,0,1
1103.853981168,0,0,1
1103.992709878,0,0,0
1103.992710224,0,1,0
1103.992711458,1,1,0
1104.131408666,1,1,1
1104.131409722,1,0,1
1104.131410844,0,0,1
1104.270109062,0,1,1
1104.270109472,0,1,0
1104.270111196,1,1,0
1104.408808496,1,0,0
1104.408809320,1,0,1
1104.408810518,0,0,1
1104.547509022,0,1,1
1104.547509190,0,1,0
1104.547510810,1,1,0
1104.686208396,1,0,0
1104.686208978,1,0,1
1104.686210132,0,0,1
1104.824907848,0,0,0
1104.824907860,0,1,0
1104.824909486,1,1,0
1104.963607634,1,1,1
1104.963608294,1,0,1
1104.963609872,0,0,1
1105.102307442,0,0,0
1105.102307820,0,1,0
1105.102309100,1,1,0
1105.241008192,1,0,0
1105.241008290,1,0,1
1105.241009486,0,0,1
1105.379706162,0,0,0
1105.379707094,0,1,0
1105.379708838,1,1,0
1105.518405966,1,0,0
1105.518406010,1,0,1
1105.518408096,0,0,1
1105.657105556,0,1,1
1105.657107818,0,1,0
1105.657108450,1,1,0
1105.795806666,1,1,1
1105.795806990,1,0,1
1105.795807836,0,0,1
1105.934535536,0,0,0
1105.934536954,0,1,0
1105.934538064,1,1,0
1106.073234322,1,1,1
1106.073235764,1,0,1
1106.073237448,0,0,1
1106.211936194,0,0,0
1106.211936666,0,1,0
1106.211937802,1,1,0
1106.350634786,1,0,0
1106.350634978,1,0,1
1106.350637062,0,0,1
1106.489335788,0,0,0
1106.489336314,0,1,0
1106.489337416,1,1,0
1106.628034636,1,1,1
1106.628036186,1,0,1
1106.628036800,0,0,1
1106.766734150,0,1,1
1106.766735506,0,1,0
1106.766736090,1,1,0
1106.905434354,1,1,1
1106.905435834,1,0,1
1106.905436412,0,0,1
1107.044133048,0,1,1
1107.044135162,0,1,0
1107.044135704,1,1,0
1107.182863010,1,1,1
1107.182863482,1,0,1
1107.182866026,0,0,1
1107.321565006,0,0,0
1107.321565820,0,1,0
1107.321566378,1,1,0
1107.460263318,1,0,0
1107.460263604,1,0,1
1107.460265702,0,0,1
1107.598962474,0,0,0
1107.598963782,0,1,0
1107.598965054,1,1,0
1107.737664278,1,0,0
1107.737664322,1,0,1
1107.737665314,0,0,1
1107.876362680,0,1,1
1107.876363192,0,1,0
1107.876364668,1,1,0
1108.015062114,1,0,0
1108.015063916,1,0,1
1108.015065052,0,0,1
1108.153792580,0,1,1
1108.153793848,0,1,0
1108.153794344,1,1,0
1108.292493074,1,0,0
1108.292493572,1,0,1
1108.292494728,0,0,1
1108.431192476,0,1,1
1108.431192506,0,1,0
1108.431194016,1,1,0
1108.569922974,1,0,0
1108.569923290,1,0,1
1108.569924402,0,0,1
1108.708622098,0,0,0
1108.708623312,0,1,0
1108.708624692,1,1,0
1108.847351946,1,1,1
1108.847352808,1,0,1
1108.847354014,0,0,1
1108.986052818,0,0,0
1108.986053272,0,1,0
1108.986054366,1,1,0
1109.124751602,1,1,1
1109.124752642,1,0,1
1109.124753688,0,0,1
1109.263482106,0,1,1
1109.263482472,0,1,0
1109.263483916,1,1,0
1109.402181258,1,1,1
1109.402181540,1,0,1
1109.402183300,0,0,1
1109.540881006,0,1,1
1109.540882128,0,1,0
1109.540883654,1,1,0
1109.679612976,1,1,1
1109.679613500,1,0,1
1109.679613976,0,0,1
1109.818342784,0,0,0
1109.818342902,0,1,0
1109.818344202,1,1,0
1109.957071568,1,1,1
1109.957073336,1,0,1
1109.957074652,0,0,1
1110.095771500,0,0,0
1110.095772800,0,1,0
1110.095773942,1,1,0
1110.234471296,1,0,0
1110.234472286,1,0,1
1110.234473264,0,0,1
1110.373170156,0,0,0
1110.373171698,0,1,0
1110.373173614,1,1,0
1110.511901130,1,0,0
1110.511902940,1,0,1
1110.511903938,0,0,1
1110.650632532,0,1,1
1110.650632748,0,1,0
1110.650634226,1,1,0
1110.789331596,1,1,1
1110.789332028,1,0,1
1110.789333612,0,0,1
1110.928030430,0,1,1
1110.928032466,0,1,0
1110.928032902,1,1,0
1111.066731314,1,1,1
1111.066731924,1,0,1
1111.066733224,0,0,1
1111.205461122,0,0,0
1111.205462326,0,1,0
1111.205463576,1,1,0
1111.344159968,1,1,1
1111.344160822,1,0,1
1111.344162898,0,0,1
1111.482860776,0,0,0
1111.482861224,0,1,0
1111.482862250,1,1,0
1111.621560624,1,1,1
1111.621560656,1,0,1
1111.621562572,0,0,1
1111.760259184,0,1,1
1111.760260432,0,1,0
1111.760261860,1,1,0
1111.898990216,1,1,1
1111.898990554,1,0,1
1111.898992246,0,0,1
1112.037690018,0,1,1
1112.037691088,0,1,0
1112.037692536,1,1,0
1112.176084934,1,1,1
1112.176085514,1,0,1
1112.176086858,0,0,1
1112.314540804,0,0,0
1112.314540918,0,1,0
1112.314542148,1,1,0
1112.452995650,1,1,1
1112.452996414,1,0,1
1112.452997532,0,0,1
1112.591452458,0,0,0
1112.591452816,0,1,0
1112.591453824,1,1,0
1112.729876306,1,1,1
1112.729877312,1,0,1
1112.729878208,0,0,1
1112.868363112,0,0,0
1112.868363652,0,1,0
1112.868364500,1,1,0
1113.006818150,1,0,0
1113.006818898,1,0,1
1113.006819822,0,0,1
1113.145274550,0,1,1
1113.145274768,0,1,0
1113.145276174,1,1,0
1113.283821110,1,0,0
1113.283821552,1,0,1
1113.283822560,0,0,1
1113.422338422,0,0,0
1113.422338574,0,1,0
1113.422339850,1,1,0
1113.560884268,1,1,1
1113.560884946,1,0,1
1113.560886172,0,0,1
1113.699402076,0,0,0
1113.699402410,0,1,0
1113.699403524,1,1,0
1113.837948906,1,0,0
1113.837949984,1,0,1
1113.837950844,0,0,1
1113.976494856,0,0,0
1113.976495306,0,1,0
1113.976497136,1,1,0
1114.115012740,1,0,0
1114.115013640,1,0,1
1114.115014520,0,0,1
1114.253559142,0,1,1
1114.253559446,0,1,0
1114.253560810,1,1,0
1114.392105294,1,1,1
1114.392105638,1,0,1
1114.392108194,0,0,1
1114.530654100,0,0,0
1114.530654102,0,1,0
1114.530655484,1,1,0
1114.669200598,1,0,0
1114.669201010,1,0,1
1114.669202806,0,0,1
1114.807748000,0,1,1
1114.807748818,0,1,0
1114.807750096,1,1,0
1114.946264434,1,0,0
1114.946264600,1,0,1
1114.946266480,0,0,1
1115.084810834,0,1,1
1115.084812410,0,1,0
1115.084813834,1,1,0
1115.223358254,1,1,1
1115.223360268,1,0,1
1115.223361156,0,0,1
1115.361905794,0,1,1
1115.361906124,0,1,0
1115.361907444,1,1,0
1115.500451970,1,1,1
1115.500453290,1,0,1
1115.500454828,0,0,1
1115.638968692,0,1,1
1115.638969342,0,1,0
1115.638971118,1,1,0
1115.777516126,1,0,0
1115.777516562,1,0,1
1115.777518502,0,0,1
1115.916063494,0,0,0
1115.916064526,0,1,0
1115.916065792,1,1,0
1116.054611340,1,1,1
1116.054612022,1,0,1
1116.054613112,0,0,1
1116.193157486,0,1,1
1116.193158148,0,1,0
1116.193160402,1,1,0
1116.331705918,1,0,0
1116.331705932,1,0,1
1116.331706788,0,0,1
1116.470222320,0,1,1
1116.470222802,0,1,0
1116.470224140,1,1,0
1116.608769816,1,0,0
1116.608770586,1,0,1
1116.608771460,0,0,1
1116.747315216,0,1,1
1116.747315456,0,1,0
1116.747317814,1,1,0
1116.885862650,1,0,0
1116.885863302,1,0,1
1116.885865074,0,0,1
1117.024410178,0,1,1
1117.024411170,0,1,0
1117.024412424,1,1,0
1117.162956610,1,0,0
1117.162957956,1,0,1
1117.162959748,0,0,1
1117.301534824,0,0,0
1117.301536074,0,1,0
1117.301537036,1,1,0
1117.440082506,1,0,0
1117.440082608,1,0,1
1117.440084420,0,0,1
1117.578630476,0,0,0
1117.578630970,0,1,0
1117.578631710,1,1,0
1117.717177262,1,1,1
1117.717178402,1,0,1
1117.717179032,0,0,1
1117.855724132,0,0,0
1117.855724804,0,1,0
1117.855725382,1,1,0
1117.994270914,1,1,1
1117.994271238,1,0,1
1117.994272704,0,0,1
1118.132818702,0,1,1
1118.132818846,0,1,0
1118.132820056,1,1,0
1118.271334196,1,0,0
1118.271334630,1,0,1
1118.271336378,0,0,1
1118.409881660,0,1,1
1118.409882438,0,1,0
1118.409883668,1,1,0
1118.548429284,1,1,1
1118.548430092,1,0,1
1118.548431050,0,0,1
1118.686976494,0,1,1
1118.686977090,0,1,0
1118.686978402,1,1,0
1118.825492936,1,1,1
1118.825492990,1,0,1
1118.825494724,0,0,1
1118.964039806,0,0,0
1118.964041390,0,1,0
1118.964041952,1,1,0
1119.102587886,1,0,0
1119.102588588,1,0,1
1119.102589336,0,0,1
1119.241226286,0,1,1
1119.241226396,0,1,0
1119.241227688,1,1,0
1119.379742304,1,1,1
1119.379742720,1,0,1
1119.379744072,0,0,1
1119.518289182,0,1,1
1119.518290172,0,1,0
1119.518291360,1,1,0
1119.656835678,1,0,0
1119.656837958,1,0,1
1119.656838618,0,0,1
1119.795352764,0,0,0
1119.795353080,0,1,0
1119.795355032,1,1,0
1119.933900512,1,0,0
1119.933900610,1,0,1
1119.933902356,0,0,1
1120.072447478,0,0,0
1120.072448976,0,1,0
1120.072449706,1,1,0
1120.211056264,1,1,1
1120.211056470,1,0,1
1120.211057966,0,0,1
1120.349572194,0,0,0
1120.349572872,0,1,0
1120.349574316,1,1,0
1120.488088366,1,0,0
1120.488089978,1,0,1
1120.488090700,0,0,1
1120.626605768,0,1,1
1120.626605784,0,1,0
1120.626607052,1,1,0
1120.765151630,1,1,1
1120.765152200,1,0,1
1120.765154310,0,0,1
1120.903699664,0,1,1
1120.903700436,0,1,0
1120.903701664,1,1,0
1121.042215158,1,0,0
1121.042215282,1,0,1
1121.042217984,0,0,1
1121.180763560,0,1,1
1121.180765088,0,1,0
1121.180765274,1,1,0
1121.319309934,1,1,1
1121.319310992,1,0,1
1121.319312594,0,0,1
1121.457857742,0,0,0
1121.457858454,0,1,0
1121.457859944,1,1,0
1121.596404650,1,1,1
1121.596406886,1,0,1
1121.596407330,0,0,1
1121.734952352,0,1,1
1121.734952456,0,1,0
1121.734953618,1,1,0
1121.873529784,1,0,0
1121.873530240,1,0,1
1121.873531940,0,0,1
1122.012046246,0,1,1
1122.012047108,0,1,0
1122.012048292,1,1,0
1122.150593892,1,1,1
1122.150594680,1,0,1
1122.150595612,0,0,1
1122.289201822,0,0,0
1122.289202080,0,1,0
1122.289203962,1,1,0
1122.427840636,1,0,0
1122.427841606,1,0,1
1122.427842284,0,0,1
1122.566448412,0,0,0
1122.566448974,0,1,0
1122.566450636,1,1,0
1122.705056258,1,1,1
1122.705057532,1,0,1
1122.705058892,0,0,1
1122.843664870,0,1,1
1122.843665126,0,1,0
1122.843666246,1,1,0
1122.982272974,1,1,1
1122.982273364,1,0,1
1122.982274628,0,0,1
1123.120880764,0,1,1
1123.120880780,0,1,0
1123.120882980,1,1,0
1123.259519258,1,0,0
1123.259520624,1,0,1
1123.259521238,0,0,1
1123.398158430,0,0,0
1123.398159658,0,1,0
1123.398160588,1,1,0
1123.536767216,1,0,0
1123.536768276,1,0,1
1123.536768908,0,0,1
1123.675405144,0,0,0
1123.675405616,0,1,0
1123.675407198,1,1,0
1123.814013928,1,1,1
1123.814013986,1,0,1
1123.814015582,0,0,1
1123.952622046,0,0,0
1123.952622448,0,1,0
1123.952623870,1,1,0
1124.091230704,1,1,1
1124.091230944,1,0,1
1124.091232252,0,0,1
1124.229837344,0,1,1
1124.229837448,0,1,0
1124.229839542,1,1,0
1124.368445232,1,1,1
1124.368446838,1,0,1
1124.368447924,0,0,1
1124.507054176,0,1,1
1124.507055100,0,1,0
1124.507056276,1,1,0
1124.645662732,1,0,0
1124.645662884,1,0,1
1124.645664534,0,0,1
1124.784270070,0,1,1
1124.784270752,0,1,0
1124.784272822,1,1,0
1124.922879566,1,0,0
1124.922880534,1,0,1
1124.922881204,0,0,1
1125.061486026,0,1,1
1125.061487404,0,1,0
1125.061488556,1,1,0
1125.200095250,1,1,1
1125.200095460,1,0,1
1125.200096814,0,0,1
1125.338703922,0,1,1
1125.338704056,0,1,0
1125.338705164,1,1,0
1125.477310900,1,1,1
1125.477312416,1,0,1
1125.477313548,0,0,1
1125.615950752,0,1,1
1125.615950770,0,1,0
1125.615951836,1,1,0
1125.754588310,1,0,0
1125.754589552,1,0,1
1125.754591158,0,0,1
1125.893196648,0,1,1
1125.893197420,0,1,0
1125.893199446,1,1,0
1126.031805142,1,0,0
1126.031805202,1,0,1
1126.031806828,0,0,1
1126.170413072,0,0,0
1126.170413542,0,1,0
1126.170415116,1,1,0
1126.309020854,1,1,1
1126.309021036,1,0,1
1126.309023438,0,0,1
1126.447630498,0,1,1
1126.447630722,0,1,0
1126.447631788,1,1,0
1126.586238568,1,1,1
1126.586238930,1,0,1
1126.586240172,0,0,1
1126.724845374,0,0,0
1126.724848392,0,1,0
1126.724848396,1,1,0
1126.863453826,1,0,0
1126.863454218,1,0,1
1126.863455782,0,0,1
1127.002093088,0,0,0
1127.002094286,0,1,0
1127.002095068,1,1,0
1127.140700718,1,0,0
1127.140701870,1,0,1
1127.140703514,0,0,1
1127.279339118,0,1,1
1127.279340738,0,1,0
1127.279341740,1,1,0
1127.417948520,1,1,1
1127.417948612,1,0,1
1127.417950060,0,0,1
1127.556556388,0,0,0
1127.556557012,0,1,0
1127.556558412,1,1,0
1127.695164234,1,1,1
1127.695164506,1,0,1
1127.695165730,0,0,1
1127.833772906,0,1,1
1127.833773040,0,1,0
1127.833774080,1,1,0
1127.972379886,1,1,1
1127.972381400,1,0,1
1127.972382464,0,0,1
1128.111049692,0,0,0
1128.111050798,0,1,0
1128.111051692,1,1,0
1128.249657538,1,1,1
1128.249659292,1,0,1
1128.249660010,0,0,1
1128.388265630,0,1,1
1128.388267406,0,1,0
1128.388268424,1,1,0
1128.526874186,1,0,0
1128.526875188,1,0,1
1128.526876680,0,0,1
1128.665482586,0,1,1
1128.665483056,0,1,0
1128.665484030,1,1,0
1128.804090018,1,0,0
1128.804090838,1,0,1
1128.804092352,0,0,1
1128.942730418,0,1,1
1128.942730706,0,1,0
1128.942731702,1,1,0
1129.081367488,1,1,1
1129.081367910,1,0,1
1129.081370084,0,0,1
1129.219976358,0,0,0
1129.219977374,0,1,0
1129.219978374,1,1,0
1129.358584868,1,0,0
1129.358586140,1,0,1
1129.358586692,0,0,1
1129.497192008,0,0,0
1129.497192266,0,1,0
1129.497194044,1,1,0
1129.635799698,1,0,0
1129.635800790,1,0,1
1129.635802302,0,0,1
1129.774408098,0,1,1
1129.774409658,0,1,0
1129.774410652,1,1,0
1129.913017440,1,1,1
1129.913017590,1,0,1
1129.913018974,0,0,1
1130.051654990,0,1,1
1130.051656370,0,1,0
1130.051657324,1,1,0
1130.190263484,1,0,0
1130.190265154,1,0,1
1130.190265642,0,0,1
1130.328872022,0,0,0
1130.328872884,0,1,0
1130.328873992,1,1,0
1130.467480804,1,1,1
1130.467481378,1,0,1
1130.467482252,0,0,1
1130.606088672,0,0,0
1130.606089778,0,1,0
1130.606090600,1,1,0
1130.744696516,1,1,1
1130.744697270,1,0,1
1130.744698922,0,0,1
1130.883304322,0,0,0
1130.883305672,0,1,0
1130.883306272,1,1,0
1131.021943164,1,0,0
1131.021944104,1,0,1
1131.021945592,0,0,1
1131.160551564,0,1,1
1131.160552972,0,1,0
1131.160553942,1,1,0
1131.299158754,1,1,1
1131.299160056,1,0,1
1131.299161260,0,0,1
1131.437767518,0,1,1
1131.437768684,0,1,0
1131.437769612,1,1,0
1131.576375466,1,1,1
1131.576376950,1,0,1
1131.576377994,0,0,1
1131.714985334,0,0,0
1131.714985410,0,1,0
1131.714986220,1,1,0
1131.853592844,1,0,0
1131.853593180,1,0,1
1131.853594602,0,0,1
1131.992199984,0,0,0
1131.992201242,0,1,0
1131.992202828,1,1,0
1132.130838672,1,0,0
1132.130838830,1,0,1
1132.130841274,0,0,1
1132.269447134,0,1,1
1132.269447634,0,1,0
1132.269449498,1,1,0
1132.408056478,1,1,1
1132.408056566,1,0,1
1132.408057944,0,0,1
1132.546663028,0,1,1
1132.546663346,0,1,0
1132.546665168,1,1,0
1132.685271458,1,0,0
1132.685272128,1,0,1
1132.685273550,0,0,1
1132.823910934,0,0,0
1132.823910982,0,1,0
1132.823912838,1,1,0
1132.962518350,1,0,0
1132.962519778,1,0,1
1132.962521220,0,0,1
1133.101125646,0,0,0
1133.101127812,0,1,0
1133.101128446,1,1,0
1133.239735244,1,0,0
1133.239736428,1,0,1
1133.239736890,0,0,1
1133.378342294,0,0,0
1133.378344706,0,1,0
1133.378345116,1,1,0
1133.516951072,1,0,0
1133.516952078,1,0,1
1133.516953498,0,0,1
1133.655559598,0,1,1
1133.655560944,0,1,0
1133.655561786,1,1,0
1133.794167726,1,1,1
1133.794168090,1,0,1
1133.794170166,0,0,1
1133.932775428,0,1,1
1133.932775594,0,1,0
1133.932777516,1,1,0
1134.071383376,1,1,1
1134.071384920,1,0,1
1134.071385776,0,0,1
1134.209991382,0,1,1
1134.209992244,0,1,0
1134.209994188,1,1,0
1134.348600812,1,0,0
1134.348601088,1,0,1
1134.348602444,0,0,1
1134.487209212,0,1,1
1134.487209956,0,1,0
1134.487210796,1,1,0
1134.625817704,1,0,0
1134.625817738,1,0,1
1134.625819052,0,0,1
1134.764424606,0,0,0
1134.764426104,0,1,0
1134.764426402,1,1,0
1134.903033596,1,0,0
1134.903034386,1,0,1
1134.903034722,0,0,1
1135.041639996,0,1,1
1135.041641192,0,1,0
1135.041643072,1,1,0
1135.180278488,1,0,0
1135.180280098,1,0,1
1135.180281390,0,0,1
1135.318918902,0,0,0
1135.318919888,0,1,0
1135.318920804,1,1,0
1135.457526380,1,0,0
1135.457526746,1,0,1
1135.457529060,0,0,1
1135.596135552,0,0,0
1135.596135718,0,1,0
1135.596137410,1,1,0
1135.734743272,1,0,0
1135.734743396,1,0,1
1135.734744730,0,0,1
1135.873382200,0,0,0
1135.873382672,0,1,0
1135.873384082,1,1,0
1136.011989982,1,1,1
1136.011990164,1,0,1
1136.011992336,0,0,1
1136.150627912,0,0,0
1136.150629564,0,1,0
1136.150630688,1,1,0
1136.289265992,1,0,0
1136.289267694,1,0,1
1136.289269070,0,0,1
1136.427905454,0,1,1
1136.427907500,0,1,0
1136.427908356,1,1,0
1136.566544406,1,1,1
1136.566545946,1,0,1
1136.566546676,0,0,1
1136.705152284,0,1,1
1136.705153210,0,1,0
1136.705155026,1,1,0
1136.843760992,1,1,1
1136.843761776,1,0,1
1136.843763346,0,0,1
1136.982369176,0,1,1
1136.982370694,1,1,1
1136.982370796,1,1,0
1137.120977668,1,0,0
1137.120977704,1,0,1
1137.120979014,0,0,1
1137.259586130,0,1,1
1137.259586506,0,1,0
1137.259587300,1,1,0
1137.398224558,1,0,0
1137.398225350,1,0,1
1137.398226682,0,0,1
1137.536831958,0,1,1
1137.536832156,0,1,0
1137.536833970,1,1,0
1137.675440450,1,0,0
1137.675441000,1,0,1
1137.675442288,0,0,1
1137.814079848,0,1,1
1137.814079866,0,1,0
1137.814081638,1,1,0
1137.952686648,1,1,1
1137.952687342,1,0,1
1137.952688896,0,0,1
1138.091295514,0,0,0
1138.091295740,0,1,0
1138.091297308,1,1,0
1138.229903358,1,1,1
1138.229905232,1,0,1
1138.229905566,0,0,1
1138.368512162,0,0,0
1138.368512694,0,1,0
1138.368513914,1,1,0
1138.507120062,1,0,0
1138.507120944,1,0,1
1138.507122358,0,0,1
1138.645757748,0,0,0
1138.645759522,0,1,0
1138.645760584,1,1,0
1138.784397014,1,0,0
1138.784397594,1,0,1
1138.784398902,0,0,1
1138.923037412,0,1,1
1138.923037460,0,1,0
1138.923038188,1,1,0
1139.061644906,1,0,0
1139.061645304,1,0,1
1139.061646572,0,0,1
1139.200253304,0,1,1
1139.200254108,0,1,0
1139.200254920,1,1,0
1139.338859952,1,1,1
1139.338860798,1,0,1
1139.338862176,0,0,1
1139.477468194,0,1,1
1139.477468756,0,1,0
1139.477470590,1,1,0
1139.616077662,1,1,1
1139.616077688,1,0,1
1139.616078908,0,0,1
1139.754684024,0,1,1
1139.754686404,0,1,0
1139.754687196,1,1,0
1139.893293516,1,0,0
1139.893294248,1,0,1
1139.893295578,0,0,1
1140.031901914,0,1,1
1140.031902114,0,1,0
1140.031903864,1,1,0
1140.170509958,1,1,1
1140.170510406,1,0,1
1140.170511184,0,0,1
1140.309147868,0,1,1
1140.309148762,0,1,0
1140.309150534,1,1,0
1140.447757296,1,0,0
1140.447757606,1,0,1
1140.447758852,0,0,1
1140.586395410,0,0,0
1140.586395758,0,1,0
1140.586397202,1,1,0
1140.725003566,1,1,1
1140.725004250,1,0,1
1140.725005522,0,0,1
1140.863612244,0,0,0
1140.863612586,0,1,0
1140.863613808,1,1,0
1141.002219902,1,1,1
1141.002220078,1,0,1
1141.002221064,0,0,1
1141.140827704,0,0,0
1141.140827728,0,1,0
1141.140829478,1,1,0
1141.279434968,1,0,0
1141.279437236,1,0,1
1141.279437794,0,0,1
1141.418045414,0,0,0
1141.418045430,0,1,0
1141.418046144,1,1,0
1141.556651548,1,0,0
1141.556652196,1,0,1
1141.556654526,0,0,1
1141.695261064,0,0,0
1141.695261320,0,1,0
1141.695262750,1,1,0
1141.833868844,1,1,1
1141.833870750,1,0,1
1141.833871130,0,0,1
1141.972476710,0,0,0
1141.972477398,0,1,0
1141.972478418,1,1,0
1142.111115490,1,1,1
1142.111116640,1,0,1
1142.111117798,0,0,1
1142.249724420,0,0,0
1142.249724476,0,1,0
1142.249726024,1,1,0
1142.388331532,1,0,0
1142.388332138,1,0,1
1142.388333404,0,0,1
1142.526939928,0,1,1
1142.526940068,0,1,0
1142.526941692,1,1,0
1142.665547786,1,1,1
1142.665549358,1,0,1
1142.665550072,0,0,1
1142.804156632,0,1,1
1142.804156716,0,1,0
1142.804158358,1,1,0
1142.942764312,1,0,0
1142.942765558,1,0,1
1142.942766740,0,0,1
1143.081373300,0,0,0
1143.081374210,0,1,0
1143.081375028,1,1,0
1143.219981144,1,1,1
1143.219981200,1,0,1
1143.219982346,0,0,1
1143.358588598,0,1,1
1143.358590008,0,1,0
1143.358590696,1,1,0
1143.497195852,1,1,1
1143.497198092,1,0,1
1143.497199014,0,0,1
1143.635805552,0,1,1
1143.635806656,0,1,0
1143.635807364,1,1,0
1143.774413918,1,0,0
1143.774414500,1,0,1
1143.774415682,0,0,1
1143.913021380,0,1,1
1143.913022304,0,1,0
1143.913024032,1,1,0
1144.051691872,1,0,0
1144.051692146,1,0,1
1144.051693352,0,0,1
1144.190298270,0,1,1
1144.190299014,0,1,0
1144.190300638,1,1,0
1144.328906856,1,1,1
1144.328907698,1,0,1
1144.328908954,0,0,1
1144.467515660,0,0,0
1144.467516158,0,1,0
1144.467517306,1,1,0
1144.606123588,1,0,0
1144.606124502,1,0,1
1144.606125624,0,0,1
1144.744732306,0,0,0
1144.744732984,0,1,0
1144.744733974,1,1,0
1144.883341150,1,1,1
1144.883341478,1,0,1
1144.883342228,0,0,1
1145.021947938,0,1,1
1145.021948954,0,1,0
1145.021949640,1,1,0
1145.160586366,1,0,0
1145.160587798,1,0,1
1145.160588898,0,0,1
1145.299194764,0,1,1
1145.299195600,0,1,0
1145.299197244,1,1,0
1145.437802256,1,0,0
1145.437803442,1,0,1
1145.437804564,0,0,1
1145.576410246,0,0,0
1145.576411718,0,1,0
1145.576412912,1,1,0
1145.715020146,1,0,0
1145.715020152,1,0,1
1145.715021232,0,0,1
1145.853627544,0,1,1
1145.853627892,0,1,0
1145.853629580,1,1,0
1145.992234736,1,1,1
1145.992236972,1,0,1
1145.992237836,0,0,1
1146.130843664,0,0,0
1146.130844496,0,1,0
1146.130846248,1,1,0
1146.269451444,1,1,1
1146.269451924,1,0,1
1146.269453566,0,0,1
1146.408090384,0,1,1
1146.408091248,0,1,0
1146.408092852,1,1,0
1146.546699092,1,1,1
1146.546699814,1,0,1
1146.546701170,0,0,1
1146.685337274,0,1,1
1146.685337894,0,1,0
1146.685339518,1,1,0
1146.823945702,1,0,0
1146.823945736,1,0,1
1146.823947838,0,0,1
1146.962553100,0,1,1
1146.962554540,0,1,0
1146.962556186,1,1,0
1147.101192530,1,0,0
1147.101193382,1,0,1
1147.101194506,0,0,1
1147.239801248,0,0,0
1147.239801990,0,1,0
1147.239802790,1,1,0
1147.378409092,1,1,1
1147.378409480,1,0,1
1147.378411108,0,0,1
1147.517017878,0,1,1
1147.517017894,0,1,0
1147.517019458,1,1,0
1147.655624738,1,1,1
1147.655625308,1,0,1
1147.655626776,0,0,1
1147.794233604,0,0,0
1147.794233768,0,1,0
1147.794235126,1,1,0
1147.932841260,1,0,0
1147.932841384,1,0,1
1147.932843444,0,0,1
1148.071450250,0,0,0
1148.071450594,0,1,0
1148.071451792,1,1,0
1148.210058030,1,1,1
1148.210058084,1,0,1
1148.210060108,0,0,1
1148.348665896,0,0,0
1148.348666544,0,1,0
1148.348668396,1,1,0
1148.487274676,1,1,1
1148.487275036,1,0,1
1148.487275776,0,0,1
1148.625882434,0,1,1
1148.625882542,0,1,0
1148.625884064,1,1,0
1148.764490924,1,0,0
1148.764491322,1,0,1
1148.764492442,0,0,1
1148.903129186,0,0,0
1148.903129260,0,1,0
1148.903130668,1,1,0
1149.041736814,1,0,0
1149.041737342,1,0,1
1149.041739108,0,0,1
1149.180376894,0,0,0
1149.180377212,0,1,0
1149.180378334,1,1,0
1149.319015638,1,0,0
1149.319015738,1,0,1
1149.319016714,0,0,1
1149.457623098,0,1,1
1149.457623416,0,1,0
1149.457625062,1,1,0
1149.596231322,1,1,1
1149.596231528,1,0,1
1149.596233318,0,0,1
1149.734839988,0,1,1
1149.734840750,0,1,0
1149.734841728,1,1,0
1149.873446966,1,1,1
1149.873447416,1,0,1
1149.873448984,0,0,1
1150.012054812,0,1,1
1150.012055832,0,1,0
1150.012057334,1,1,0
1150.150664304,1,0,0
1150.150664674,1,0,1
1150.150665712,0,0,1
1150.289270476,0,0,0
1150.289271702,0,1,0
1150.289273998,1,1,0
1150.427941192,1,0,0
1150.427942258,1,0,1
1150.427943318,0,0,1
1150.566549652,0,1,1
1150.566550122,0,1,0
1150.566551664,1,1,0
1150.705156018,1,0,0
1150.705156966,1,0,1
1150.705158984,0,0,1
1150.843764830,0,0,0
1150.843766476,0,1,0
1150.843767268,1,1,0
1150.982372970,1,0,0
1150.982374610,1,0,1
1150.982375586,0,0,1
1151.120981476,0,0,0
1151.120982364,0,1,0
1151.120983936,1,1,0
1151.259589856,1,0,0
1151.259591256,1,0,1
1151.259592316,0,0,1
1151.398199058,0,0,0
1151.398199254,0,1,0
1151.398200602,1,1,0
1151.536806900,1,1,1
1151.536807744,1,0,1
1151.536808918,0,0,1
1151.675445140,0,1,1
1151.675445766,0,1,0
1151.675447268,1,1,0
1151.814083544,1,1,1
1151.814083570,1,0,1
1151.814085586,0,0,1
1151.952692030,0,1,1
1151.952692410,0,1,0
1151.952693934,1,1,0
1152.091301190,1,1,1
1152.091301520,1,0,1
1152.091302188,0,0,1
1152.229908916,0,1,1
1152.229909056,0,1,0
1152.229910536,1,1,0
1152.368515834,1,1,1
1152.368517344,1,0,1
1152.368518854,0,0,1
1152.507124700,0,0,0
1152.507124804,0,1,0
1152.507126140,1,1,0
1152.645762542,1,1,1
1152.645764232,1,0,1
1152.645765518,0,0,1
1152.784372344,0,0,0
1152.784372692,0,1,0
1152.784373806,1,1,0
1152.922980186,1,1,1
1152.922981120,1,0,1
1152.922981124,0,0,1
1153.061618578,0,1,1
1153.061619052,0,1,0
1153.061620472,1,1,0
1153.200225832,1,1,1
1153.200227006,1,0,1
1153.200228790,0,0,1
1153.338834696,0,0,0
1153.338835466,0,1,0
1153.338836138,1,1,0
1153.477442896,1,0,0
1153.477443476,1,0,1
1153.477444454,0,0,1
1153.616050340,0,0,0
1153.616052354,0,1,0
1153.616052804,1,1,0
1153.754658720,1,0,0
1153.754660182,1,0,1
1153.754661120,0,0,1
1153.893297984,0,0,0
1153.893298242,0,1,0
1153.893299468,1,1,0
1154.031905766,1,1,1
1154.031906606,1,0,1
1154.031907786,0,0,1
1154.170513692,0,0,0
1154.170515066,0,1,0
1154.170516134,1,1,0
1154.309152410,1,1,1
1154.309152556,1,0,1
1154.309154450,0,0,1
1154.447760952,0,1,1
1154.447761336,0,1,0
1154.447762800,1,1,0
1154.586369116,1,1,1
1154.586370380,1,0,1
1154.586371052,0,0,1
1154.724977840,0,1,1
1154.724977980,0,1,0
1154.724979400,1,1,0
1154.863615760,1,1,1
1154.863616268,1,0,1
1154.863617718,0,0,1
1155.002224624,0,0,0
1155.002224726,0,1,0
1155.002226066,1,1,0
1155.140862216,1,0,0
1155.140862466,1,0,1
1155.140864382,0,0,1
1155.279471550,0,1,1
1155.279472330,0,1,0
1155.279472732,1,1,0
1155.418079110,1,1,1
1155.418080042,1,0,1
1155.418081050,0,0,1
1155.556687500,0,1,1
1155.556687976,0,1,0
1155.556689398,1,1,0
1155.695295754,1,1,1
1155.695296928,1,0,1
1155.695297714,0,0,1
1155.833904386,0,1,1
1155.833904556,0,1,0
1155.833905998,1,1,0
1155.972512336,1,1,1
1155.972512816,1,0,1
1155.972514318,0,0,1
1156.111119274,0,1,1
1156.111120264,0,1,0
1156.111121602,1,1,0
1156.249727638,1,0,0
1156.249727980,1,0,1
1156.249729980,0,0,1
1156.388335908,0,0,0
1156.388337160,0,1,0
1156.388338330,1,1,0
1156.526943588,1,0,0
1156.526945748,1,0,1
1156.526946708,0,0,1
1156.665553550,0,0,0
1156.665553984,0,1,0
1156.665554932,1,1,0
1156.804161392,1,1,1
1156.804162536,1,0,1
1156.804163310,0,0,1
1156.942767872,0,1,1
1156.942769194,0,1,0
1156.942770534,1,1,0
1157.081408036,1,1,1
1157.081408298,1,0,1
1157.081409976,0,0,1
1157.220045838,0,0,0
1157.220046758,0,1,0
1157.220048262,1,1,0
1157.358654680,1,1,1
1157.358655246,1,0,1
1157.358656514,0,0,1
1157.497263482,0,0,0
1157.497263706,0,1,0
1157.497264926,1,1,0
1157.635871072,1,0,0
1157.635872386,1,0,1
1157.635873242,0,0,1
1157.774479188,0,0,0
1157.774479530,0,1,0
1157.774480528,1,1,0
1157.913087842,1,1,1
1157.913088020,1,0,1
1157.913088906,0,0,1
1158.051726480,0,1,1
1158.051726830,0,1,0
1158.051728192,1,1,0
1158.190363612,1,1,1
1158.190364844,1,0,1
1158.190366510,0,0,1
1158.328973302,0,1,1
1158.328973474,0,1,0
1158.328974856,1,1,0
1158.467580730,1,0,0
1158.467581314,1,0,1
1158.467583172,0,0,1
1158.606190116,0,0,0
1158.606190188,0,1,0
1158.606191522,1,1,0
1158.744796616,1,0,0
1158.744797958,1,0,1
1158.744798900,0,0,1
1158.883405760,0,0,0
1158.883406074,0,1,0
1158.883407124,1,1,0
1159.022014564,1,0,0
1159.022014602,1,0,1
1159.022015504,0,0,1
1159.160621404,0,0,0
1159.160621960,0,1,0
1159.160623788,1,1,0
1159.299230450,1,0,0
1159.299231244,1,0,1
1159.299232104,0,0,1
1159.437838848,0,1,1
1159.437839108,0,1,0
1159.437840452,1,1,0
1159.576444888,1,1,1
1159.576446274,1,0,1
1159.576447830,0,0,1
1159.715053670,0,1,1
1159.715054752,0,1,0
1159.715056054,1,1,0
1159.853662594,1,1,1
1159.853663160,1,0,1
1159.853664432,0,0,1
1159.992270458,0,0,0
1159.992271556,0,1,0
1159.992272842,1,1,0
1160.130879236,1,1,1
1160.130880046,1,0,1
1160.130881036,0,0,1
1160.269486504,0,1,1
1160.269488040,0,1,0
1160.269489382,1,1,0
1160.408094932,1,0,0
1160.408095880,1,0,1
1160.408096760,0,0,1
1160.546703744,0,0,0
1160.546704390,0,1,0
1160.546705108,1,1,0
1160.685310818,1,0,0
1160.685311522,1,0,1
1160.685313362,0,0,1
1160.823919386,0,0,0
1160.823920276,0,1,0
1160.823921710,1,1,0
1160.962528228,1,1,1
1160.962528702,1,0,1
1160.962530090,0,0,1
1161.101136162,0,1,1
1161.101138030,0,1,0
1161.101138310,1,1,0
1161.239744872,1,1,1
1161.239745652,1,0,1
1161.239746754,0,0,1
1161.378351672,0,0,0
1161.378351984,0,1,0
1161.378353976,1,1,0
1161.516960474,1,0,0
1161.516960514,1,0,1
1161.516962354,0,0,1
1161.655569378,0,0,0
1161.655569870,0,1,0
1161.655570576,1,1,0
1161.794177360,1,0,0
1161.794178156,1,0,1
1161.794179018,0,0,1
1161.932784756,0,1,1
1161.932785020,0,1,0
1161.932787242,1,1,0
1162.071393798,1,1,1
1162.071394246,1,0,1
1162.071395620,0,0,1
1162.210000640,0,1,1
1162.210000662,0,1,0
1162.210002904,1,1,0
1162.348608440,1,1,1
1162.348610130,1,0,1
1162.348611282,0,0,1
1162.487219304,0,0,0
1162.487219588,0,1,0
1162.487219630,1,1,0
1162.625825084,1,1,1
1162.625827014,1,0,1
1162.625827946,0,0,1
1162.764434474,0,1,1
1162.764434948,0,1,0
1162.764436232,1,1,0
1162.903071902,1,0,0
1162.903073726,1,0,1
1162.903074610,0,0,1
1163.041681360,0,1,1
1163.041681652,0,1,0
1163.041682894,1,1,0
1163.180289432,1,1,1
1163.180289786,1,0,1
1163.180291212,0,0,1
1163.318927294,0,0,0
1163.318928118,0,1,0
1163.318929558,1,1,0
1163.457535670,1,0,0
1163.457536072,1,0,1
1163.457537872,0,0,1
1163.596173936,0,0,0
1163.596175066,0,1,0
1163.596176158,1,1,0
1163.734814494,1,0,0
1163.734814778,1,0,1
1163.734815536,0,0,1
1163.873421514,0,0,0
1163.873421952,0,1,0
1163.873423822,1,1,0
1164.012029378,1,0,0
1164.012029418,1,0,1
1164.012031200,0,0,1
1164.150636220,0,0,0
1164.150637836,0,1,0
1164.150639484,1,1,0
1164.289246262,1,0,0
1164.289246998,1,0,1
1164.289247802,0,0,1
1164.427884720,0,1,1
1164.427884862,0,1,0
1164.427886148,1,1,0
1164.566523148,1,0,0
1164.566523702,1,0,1
1164.566525462,0,0,1
1164.705132504,0,0,0
1164.705132606,0,1,0
1164.705133810,1,1,0
1164.843738344,1,1,1
1164.843739032,1,0,1
1164.843741188,0,0,1
1164.982348146,0,0,0
1164.982348490,0,1,0
1164.982349472,1,1,0
1165.120954986,1,1,1
1165.120956918,1,0,1
1165.120957790,0,0,1
1165.259564312,0,1,1
1165.259565786,0,1,0
1165.259566074,1,1,0
1165.398202690,1,1,1
1165.398202738,1,0,1
1165.398204452,0,0,1
1165.536810196,0,1,1
1165.536811492,0,1,0
1165.536812736,1,1,0
1165.675480686,1,0,0
1165.675481268,1,0,1
1165.675482052,0,0,1
1165.814089132,0,0,0
1165.814089144,0,1,0
1165.814090398,1,1,0
1165.952696510,1,0,0
1165.952696910,1,0,1
1165.952698718,0,0,1
1166.091334774,0,0,0
1166.091335964,0,1,0
1166.091337060,1,1,0
1166.229943454,1,0,0
1166.229943490,1,0,1
1166.229945378,0,0,1
1166.368551416,0,0,0
1166.368551850,0,1,0
1166.368553724,1,1,0
1166.507191256,1,1,1
1166.507191338,1,0,1
1166.507192040,0,0,1
1166.645828120,0,0,0
1166.645828734,0,1,0
1166.645830262,1,1,0
1166.784435898,1,1,1
1166.784437222,1,0,1
1166.784438704,0,0,1
1166.923106760,0,0,0
1166.923107616,0,1,0
1166.923107986,1,1,0
1167.061714044,1,0,0
1167.061714600,1,0,1
1167.061716240,0,0,1
1167.200322402,0,0,0
1167.200322502,0,1,0
1167.200324588,1,1,0
1167.338931180,1,1,1
1167.338931928,1,0,1
1167.338932904,0,0,1
1167.477539104,0,0,0
1167.477539386,0,1,0
1167.477541248,1,1,0
1167.616145820,1,1,1
1167.616146812,1,0,1
1167.616148628,0,0,1
1167.754755206,0,1,1
1167.754756746,0,1,0
1167.754756910,1,1,0
1167.893423586,1,1,1
1167.893424696,1,0,1
1167.893426226,0,0,1
1168.032032324,0,0,0
1168.032033154,0,1,0
1168.032034574,1,1,0
1168.170641580,1,0,0
1168.170642164,1,0,1
1168.170642890,0,0,1
1168.309249966,0,0,0
1168.309250036,0,1,0
1168.309251236,1,1,0
1168.447856464,1,0,0
1168.447856806,1,0,1
1168.447858490,0,0,1
1168.586464920,0,1,1
1168.586465606,0,1,0
1168.586466834,1,1,0
1168.725073346,1,0,0
1168.725073446,1,0,1
1168.725075214,0,0,1
1168.863680804,0,1,1
1168.863681310,0,1,0
1168.863683498,1,1,0
1169.002290294,1,0,0
1169.002291088,1,0,1
1169.002291876,0,0,1
1169.140897624,0,1,1
1169.140898014,0,1,0
1169.140900098,1,1,0
1169.279506114,1,0,0
1169.279507728,1,0,1
1169.279508538,0,0,1
1169.418114510,0,1,1
1169.418114654,0,1,0
1169.418115758,1,1,0
1169.556721998,1,0,0
1169.556722368,1,0,1
1169.556724136,0,0,1
1169.695330392,0,1,1
1169.695331294,0,1,0
1169.695332420,1,1,0
1169.833968882,1,0,0
1169.833969072,1,0,1
1169.833970798,0,0,1
1169.972607996,0,0,0
1169.972608278,0,1,0
1169.972610022,1,1,0
1170.111215702,1,0,0
1170.111216712,1,0,1
1170.111218460,0,0,1
1170.249823160,0,1,1
1170.249823576,0,1,0
1170.249825744,1,1,0
1170.388431352,1,1,1
1170.388431648,1,0,1
1170.388434060,0,0,1
1170.527041042,0,1,1
1170.527041216,0,1,0
1170.527042342,1,1,0
1170.665649056,1,1,1
1170.665650532,1,0,1
1170.665650722,0,0,1
1170.804256926,0,1,1
1170.804257918,0,1,0
1170.804259004,1,1,0
1170.942865414,1,0,0
1170.942865632,1,0,1
1170.942867384,0,0,1
1171.081472558,0,0,0
1171.081473808,0,1,0
1171.081474730,1,1,0
1171.220112298,1,0,0
1171.220112338,1,0,1
1171.220114046,0,0,1
1171.358720692,0,1,1
1171.358721198,0,1,0
1171.358722266,1,1,0
1171.497357976,1,1,1
1171.497358180,1,0,1
1171.497360706,0,0,1
1171.635966574,0,1,1
1171.635966838,0,1,0
1171.635968926,1,1,0
1171.774575678,1,1,1
1171.774576064,1,0,1
1171.774577304,0,0,1
1171.913184458,0,1,1
1171.913184478,0,1,0
1171.913185588,1,1,0
1172.051822256,1,1,1
1172.051822884,1,0,1
1172.051823966,0,0,1
1172.190430182,0,0,0
1172.190431342,0,1,0
1172.190432248,1,1,0
1172.329038828,1,0,0
1172.329038958,1,0,1
1172.329040626,0,0,1
1172.467645760,0,0,0
1172.467646222,0,1,0
1172.467647848,1,1,0
1172.606253712,1,0,0
1172.606255600,1,0,1
1172.606256224,0,0,1
1172.744862044,0,1,1
1172.744863460,0,1,0
1172.744864510,1,1,0
1172.883470532,1,0,0
1172.883471238,1,0,1
1172.883472886,0,0,1
1173.022078926,0,1,1
1173.022080100,0,1,0
1173.022081232,1,1,0
1173.160687942,1,1,1
1173.160688478,1,0,1
1173.160689548,0,0,1
1173.299295872,0,1,1
1173.299296740,0,1,0
1173.299296894,1,1,0
1173.437903298,1,0,0
1173.437903580,1,0,1
1173.437905208,0,0,1
1173.576511380,0,0,0
1173.576512754,0,1,0
1173.576513492,1,1,0
1173.715120180,1,0,0
1173.715120220,1,0,1
1173.715121806,0,0,1
1173.853727636,0,1,1
1173.853728018,0,1,0
1173.853730152,1,1,0
1173.992336858,1,1,1
1173.992337000,1,0,1
1173.992338468,0,0,1
1174.130944456,0,1,1
1174.130944722,0,1,0
1174.130945750,1,1,0
1174.269551944,1,0,0
1174.269553498,1,0,1
1174.269554128,0,0,1
1174.408160338,0,1,1
1174.408161360,0,1,0
1174.408162412,1,1,0
1174.546768828,1,0,0
1174.546769638,1,0,1
1174.546770788,0,0,1
1174.685377284,0,1,1
1174.685378312,0,1,0
1174.685379072,1,1,0
1174.823984840,1,1,1
1174.823986708,1,0,1
1174.823987386,0,0,1
1174.962654702,0,0,0
1174.962655102,0,1,0
1174.962656734,1,1,0
1175.101261530,1,0,0
1175.101262480,1,0,1
1175.101264048,0,0,1
1175.239870986,0,1,1
1175.239871340,0,1,0
1175.239872330,1,1,0
1175.378509118,1,1,1
1175.378509472,1,0,1
1175.378511708,0,0,1
1175.517116918,0,0,0
1175.517116928,0,1,0
1175.517118992,1,1,0
1175.655724758,1,1,1
1175.655725292,1,0,1
1175.655727306,0,0,1
1175.794333620,0,0,0
1175.794334750,0,1,0
1175.794335650,1,1,0
1175.932941396,1,1,1
1175.932942174,1,0,1
1175.932943966,0,0,1
1176.071549630,0,1,1
1176.071550258,0,1,0
1176.071552250,1,1,0
1176.210158034,1,1,1
1176.210158120,1,0,1
1176.210160688,0,0,1
1176.348764898,0,0,0
1176.348766512,0,1,0
1176.348767910,1,1,0
1176.487373736,1,1,1
1176.487374000,1,0,1
1176.487376286,0,0,1
1176.625982536,0,0,0
1176.625983394,0,1,0
1176.625984568,1,1,0
1176.764590194,1,0,0
1176.764592376,1,0,1
1176.764592948,0,0,1
1176.903199236,0,0,0
1176.903199276,0,1,0
1176.903201166,1,1,0
1177.041807702,1,0,0
1177.041809014,1,0,1
1177.041809606,0,0,1
1177.180445876,0,0,0
1177.180446096,0,1,0
1177.180447890,1,1,0
1177.319054584,1,0,0
1177.319054716,1,0,1
1177.319056204,0,0,1
1177.457662516,0,0,0
1177.457664040,0,1,0
1177.457664488,1,1,0
1177.596270354,1,1,1
1177.596271464,1,0,1
1177.596272864,0,0,1
1177.734878858,0,1,1
1177.734879154,0,1,0
1177.734880210,1,1,0
1177.873485972,1,0,0
1177.873486994,1,0,1
1177.873488524,0,0,1
1178.012095240,0,1,1
1178.012095792,0,1,0
1178.012096870,1,1,0
1178.150703540,1,0,0
1178.150703632,1,0,1
1178.150705186,0,0,1
1178.289310684,0,1,1
1178.289312494,0,1,0
1178.289313468,1,1,0
1178.427949270,1,1,1
1178.427950608,1,0,1
1178.427951782,0,0,1
1178.566588378,0,1,1
1178.566589132,0,1,0
1178.566590064,1,1,0
1178.705195908,1,1,1
1178.705195990,1,0,1
1178.705198442,0,0,1
1178.843804446,0,1,1
1178.843804708,0,1,0
1178.843806788,1,1,0
1178.982444608,1,1,1
1178.982444872,1,0,1
1178.982446040,0,0,1
1179.121051408,0,0,0
1179.121052016,0,1,0
1179.121053384,1,1,0
1179.259690752,1,0,0
1179.259691184,1,0,1
1179.259692700,0,0,1
1179.398360046,0,0,0
1179.398360146,0,1,0
1179.398362044,1,1,0
1179.536997634,1,0,0
1179.536998886,1,0,1
1179.537000358,0,0,1
1179.675667026,0,1,1
1179.675668684,0,1,0
1179.675669704,1,1,0
1179.814276514,1,0,0
1179.814276524,1,0,1
1179.814278018,0,0,1
1179.952882384,0,0,0
1179.952883908,0,1,0
1179.952885300,1,1,0
1180.091491162,1,1,1
1180.091491396,1,0,1
1180.091493678,0,0,1
1180.230099024,0,0,0
1180.230099726,0,1,0
1180.230101960,1,1,0
1180.368739276,1,0,0
1180.368739800,1,0,1
1180.368741274,0,0,1
1180.507346670,0,1,1
1180.507347660,0,1,0
1180.507348618,1,1,0
1180.645985438,1,1,1
1180.645986094,1,0,1
1180.645987934,0,0,1
1180.784594360,0,0,0
1180.784594550,0,1,0
1180.784596280,1,1,0
1180.923232976,1,0,0
1180.923233138,1,0,1
1180.923234594,0,0,1
1181.061870938,0,0,0
1181.061871432,0,1,0
1181.061872876,1,1,0
1181.200510714,1,1,1
1181.200511918,1,0,1
1181.200512252,0,0,1
1181.339117248,0,1,1
1181.339118574,0,1,0
1181.339119534,1,1,0
1181.477725414,1,1,1
1181.477727736,1,0,1
1181.477727912,0,0,1
1181.616334212,0,0,0
1181.616335192,0,1,0
1181.616336194,1,1,0
1181.754941618,1,0,0
1181.754943052,1,0,1
1181.754944508,0,0,1
1181.893579912,0,0,0
1181.893582012,0,1,0
1181.893582854,1,1,0
1182.032189498,1,0,0
1182.032189752,1,0,1
1182.032191230,0,0,1
1182.170797550,0,0,0
1182.170798892,0,1,0
1182.170799512,1,1,0
1182.309406390,1,1,1
1182.309407378,1,0,1
1182.309407826,0,0,1
1182.448014188,0,0,0
1182.448014834,0,1,0
1182.448016108,1,1,0
1182.586623026,1,1,1
1182.586623260,1,0,1
1182.586624484,0,0,1
1182.725230714,0,1,1
1182.725230826,0,1,0
1182.725231830,1,1,0
1182.863837664,1,1,1
1182.863838076,1,0,1
1182.863840080,0,0,1
1183.002477596,0,1,1
1183.002478462,0,1,0
1183.002479428,1,1,0
1183.141084300,1,1,1
1183.141085020,1,0,1
1183.141086740,0,0,1
1183.279693476,0,1,1
1183.279694162,0,1,0
1183.279695086,1,1,0
1183.418301900,1,0,0
1183.418301938,1,0,1
1183.418303400,0,0,1
1183.556910354,0,1,1
1183.556910798,0,1,0
1183.556911742,1,1,0
1183.695548574,1,1,1
1183.695548780,1,0,1
1183.695550058,0,0,1
1183.834156172,0,1,1
1183.834157436,0,1,0
1183.834158340,1,1,0
1183.972765212,1,1,1
1183.972765596,1,0,1
1183.972766716,0,0,1
1184.111373072,0,0,0
1184.111373116,0,1,0
1184.111375060,1,1,0
1184.249981540,1,0,0
1184.249981850,1,0,1
1184.249983314,0,0,1
1184.388588934,0,1,1
1184.388589710,0,1,0
1184.388591594,1,1,0
1184.527196356,1,0,0
1184.527197548,1,0,1
1184.527198970,0,0,1
1184.665804812,0,1,1
1184.665805408,0,1,0
1184.665807316,1,1,0
1184.804413300,1,0,0
1184.804415248,1,0,1
1184.804415628,0,0,1
1184.943052046,0,0,0
1184.943052692,0,1,0
1184.943053974,1,1,0
1185.081691118,1,0,0
1185.081691822,1,0,1
1185.081693226,0,0,1
1185.220299572,0,1,1
1185.220299682,0,1,0
1185.220301568,1,1,0
1185.358906996,1,0,0
1185.358907458,1,0,1
1185.358908944,0,0,1
1185.497514450,0,1,1
1185.497515318,0,1,0
1185.497517228,1,1,0
1185.636123876,1,0,0
1185.636124094,1,0,1
1185.636125478,0,0,1
1185.774731956,0,0,0
1185.774732332,0,1,0
1185.774733886,1,1,0
1185.913339732,1,1,1
1185.913341818,1,0,1
1185.913342136,0,0,1
1186.051949148,0,1,1
1186.051949654,0,1,0
1186.051950480,1,1,0
1186.190554696,1,0,0
1186.190556430,1,0,1
1186.190557858,0,0,1
1186.329163228,0,0,0
1186.329165028,0,1,0
1186.329166138,1,1,0
1186.467773066,1,1,1
1186.467773514,1,0,1
1186.467774516,0,0,1
1186.606380908,0,1,1
1186.606382796,1,1,1
1186.606382928,1,1,0
1186.744988766,1,1,1
1186.744989456,1,0,1
1186.744991172,0,0,1
1186.883596786,0,1,1
1186.883598564,0,1,0
1186.883599456,1,1,0
1187.022205274,1,0,0
1187.022206402,1,0,1
1187.022206768,0,0,1
1187.160844138,0,0,0
1187.160844728,0,1,0
1187.160846050,1,1,0
1187.299453152,1,0,0
1187.299454038,1,0,1
1187.299454426,0,0,1
1187.438090608,0,1,1
1187.438090838,0,1,0
1187.438092708,1,1,0
1187.576699674,1,1,1
1187.576700030,1,0,1
1187.576701146,0,0,1
1187.715307424,0,1,1
1187.715308474,0,1,0
1187.715309366,1,1,0
1187.853914972,1,0,0
1187.853917310,1,0,1
1187.853917740,0,0,1
1187.992524170,0,0,0
1187.992524302,0,1,0
1187.992525024,1,1,0
1188.131130790,1,0,0
1188.131130946,1,0,1
1188.131133400,0,0,1
1188.269770182,0,1,1
1188.269771622,0,1,0
1188.269772620,1,1,0
1188.408377668,1,0,0
1188.408378582,1,0,1
1188.408379994,0,0,1
1188.546986442,0,0,0
1188.546987060,0,1,0
1188.546988274,1,1,0
1188.685594546,1,0,0
1188.685595282,1,0,1
1188.685596652,0,0,1
1188.824233078,0,0,0
1188.824233938,0,1,0
1188.824234996,1,1,0
1188.962841426,1,0,0
1188.962841916,1,0,1
1188.962843308,0,0,1
1189.101449714,0,0,0
1189.101449818,0,1,0
1189.101451590,1,1,0
1189.240058242,1,0,0
1189.240058552,1,0,1
1189.240059904,0,0,1
1189.378665698,0,1,1
1189.378666350,0,1,0
1189.378668186,1,1,0
1189.517275182,1,0,0
1189.517275188,1,0,1
1189.517276560,0,0,1
1189.655912574,0,1,1
1189.655914048,0,1,0
1189.655914842,1,1,0
1189.794551886,1,1,1
1189.794552060,1,0,1
1189.794553154,0,0,1
1189.933158454,0,1,1
1189.933159684,0,1,0
1189.933161500,1,1,0
1190.071797458,1,1,1
1190.071798878,1,0,1
1190.071800812,0,0,1
1190.210406318,0,0,0
1190.210406332,0,1,0
1190.210408156,1,1,0
1190.349015094,1,1,1
1190.349015818,1,0,1
1190.349016470,0,0,1
1190.487623016,0,0,0
1190.487623212,0,1,0
1190.487624814,1,1,0
1190.626231696,1,0,0
1190.626231854,1,0,1
1190.626233190,0,0,1
1190.764839652,0,0,0
1190.764840088,0,1,0
1190.764841408,1,1,0
1190.903447428,1,1,1
1190.903447574,1,0,1
1190.903449784,0,0,1
1191.042085968,0,1,1
1191.042087224,0,1,0
1191.042088064,1,1,0
1191.180723876,1,1,1
1191.180724390,1,0,1
1191.180726378,0,0,1
1191.319331922,0,0,0
1191.319333846,0,1,0
1191.319334722,1,1,0
1191.457940332,1,0,0
1191.457942198,1,0,1
1191.457943036,0,0,1
1191.596549558,0,0,0
1191.596550724,0,1,0
1191.596551316,1,1,0
1191.735158210,1,0,0
1191.735158394,1,0,1
1191.735159754,0,0,1
1191.873765602,0,1,1
1191.873766192,0,1,0
1191.873767972,1,1,0
1192.012404026,1,0,0
1192.012405032,1,0,1
1192.012406286,0,0,1
1192.151042542,0,1,1
1192.151042892,0,1,0
1192.151044692,1,1,0
1192.289681668,1,1,1
1192.289682904,1,0,1
1192.289684008,0,0,1
1192.428289526,0,0,0
1192.428290420,0,1,0
1192.428291224,1,1,0
1192.566898300,1,1,1
1192.566898782,1,0,1
1192.566899600,0,0,1
1192.705506162,0,0,0
1192.705506236,0,1,0
1192.705507944,1,1,0
1192.844113936,1,1,1
1192.844114660,1,0,1
1192.844116256,0,0,1
1192.982722114,0,1,1
1192.982722796,0,1,0
1192.982724600,1,1,0
1193.121331476,1,0,0
1193.121331634,1,0,1
1193.121332850,0,0,1
1193.259937930,0,1,1
1193.259939430,0,1,0
1193.259940192,1,1,0
1193.398577268,1,1,1
1193.398578416,1,0,1
1193.398579570,0,0,1
1193.537185870,0,1,1
1193.537187066,0,1,0
1193.537187852,1,1,0
1193.675794230,1,0,0
1193.675794902,1,0,1
1193.675796226,0,0,1
1193.814401686,0,1,1
1193.814402700,0,1,0
1193.814403508,1,1,0
1193.953039536,1,1,1
1193.953041108,1,0,1
1193.953042818,0,0,1
1194.091648396,0,0,0
1194.091649562,0,1,0
1194.091651162,1,1,0
1194.230287170,1,1,1
1194.230288048,1,0,1
1194.230289476,0,0,1
1194.368896030,0,0,0
1194.368896504,0,1,0
1194.368897820,1,1,0
1194.507503862,1,0,0
1194.507504806,1,0,1
1194.507506132,0,0,1
1194.646111318,0,1,1
1194.646112666,0,1,0
1194.646113476,1,1,0
1194.784719740,1,0,0
1194.784720502,1,0,1
1194.784721788,0,0,1
1194.923327196,0,1,1
1194.923328300,0,1,0
1194.923330068,1,1,0
1195.061935620,1,0,0
1195.061936136,1,0,1
1195.061938382,0,0,1
1195.200544934,0,0,0
1195.200545072,0,1,0
1195.200546724,1,1,0
1195.339153558,1,0,0
1195.339154772,1,0,1
1195.339155038,0,0,1
1195.477759568,0,0,0
1195.477761950,0,1,0
1195.477762320,1,1,0
1195.616369406,1,1,1
1195.616369436,1,0,1
1195.616370694,0,0,1
1195.754976828,0,1,1
1195.754977202,0,1,0
1195.754978976,1,1,0
1195.893586102,1,1,1
1195.893586312,1,0,1
1195.893587350,0,0,1
1196.032222704,0,1,1
1196.032223900,0,1,0
1196.032225632,1,1,0
1196.170831736,1,1,1
1196.170832190,1,0,1
1196.170834006,0,0,1
1196.309439518,0,1,1
1196.309441472,0,1,0
1196.309442286,1,1,0
1196.448047370,1,1,1
1196.448050066,1,0,1
1196.448050662,0,0,1
1196.586657230,0,0,0
1196.586657458,0,1,0
1196.586658880,1,1,0
1196.725265004,1,1,1
1196.725265880,1,0,1
1196.725267256,0,0,1
1196.863871864,0,0,0
1196.863873336,0,1,0
1196.863874534,1,1,0
1197.002512758,1,0,0
1197.002513638,1,0,1
1197.002513972,0,0,1
1197.141150212,0,1,1
1197.141150498,0,1,0
1197.141152190,1,1,0
1197.279788634,1,0,0
1197.279789272,1,0,1
1197.279790504,0,0,1
1197.418398088,0,1,1
1197.418398132,0,1,0
1197.418398846,1,1,0
1197.557004968,1,1,1
1197.557005512,1,0,1
1197.557007158,0,0,1
1197.695612766,0,0,0
1197.695613966,0,1,0
1197.695615502,1,1,0
1197.834222388,1,0,0
1197.834222602,1,0,1
1197.834223752,0,0,1
1197.972830400,0,0,0
1197.972830842,0,1,0
1197.972832096,1,1,0
1198.111438236,1,1,1
1198.111438328,1,0,1
1198.111440470,0,0,1
1198.250045032,0,0,0
1198.250046656,0,1,0
1198.250047750,1,1,0
1198.388654142,1,0,0
1198.388654870,1,0,1
1198.388656124,0,0,1
1198.527262596,0,1,1
1198.527263728,0,1,0
1198.527264406,1,1,0
1198.665871502,1,1,1
1198.665872018,1,0,1
1198.665872718,0,0,1
1198.804478472,0,1,1
1198.804480364,0,1,0
1198.804481062,1,1,0
1198.943087136,1,1,1
1198.943088894,1,0,1
1198.943089372,0,0,1
1199.081694350,0,1,1
1199.081694996,0,1,0
1199.081696716,1,1,0
1199.220333770,1,1,1
1199.220334770,1,0,1
1199.220336028,0,0,1
1199.358941162,0,1,1
1199.358943628,0,1,0
1199.358944308,1,1,0
1199.497549586,1,0,0
1199.497549842,1,0,1
1199.497551684,0,0,1
1199.636157262,0,0,0
1199.636158102,0,1,0
1199.636159900,1,1,0
1199.774766462,1,0,0
1199.774767162,1,0,1
1199.774768340,0,0,1
1199.913374770,0,0,0
1199.913375978,0,1,0
1199.913376618,1,1,0
1200.052044402,1,0,0
1200.052044482,1,0,1
1200.052045932,0,0,1
1200.190651592,0,0,0
1200.190651730,0,1,0
1200.190654212,1,1,0
1200.329290366,1,1,1
1200.329292278,1,0,1
1200.329292524,0,0,1
1200.467898288,0,0,0
1200.467898668,0,1,0
1200.467900866,1,1,0
1200.606507152,1,0,0
1200.606508000,1,0,1
1200.606509240,0,0,1
1200.745114858,0,0,0
1200.745117482,0,1,0
1200.745117522,1,1,0
1200.883722030,1,0,0
1200.883723632,1,0,1
1200.883724896,0,0,1
1201.022331420,0,1,1
1201.022331554,0,1,0
1201.022333176,1,1,0
1201.160938842,1,0,0
1201.160939266,1,0,1
1201.160941490,0,0,1
1201.299547126,0,0,0
1201.299549296,0,1,0
1201.299549770,1,1,0
1201.438185718,1,0,0
1201.438185960,1,0,1
1201.438188144,0,0,1
1201.576795820,0,0,0
1201.576796110,0,1,0
1201.576796422,1,1,0
1201.715402594,1,1,1
1201.715404596,1,0,1
1201.715404798,0,0,1
1201.854010048,0,1,1
1201.854012452,0,1,0
1201.854013078,1,1,0
1201.992619288,1,1,1
1201.992619470,1,0,1
1201.992621390,0,0,1
1202.131226924,0,1,1
1202.131227086,0,1,0
1202.131228670,1,1,0
1202.269865860,1,1,1
1202.269866346,1,0,1
1202.269868044,0,0,1
1202.408473780,0,0,0
1202.408474738,0,1,0
1202.408476326,1,1,0
1202.547113222,1,0,0
1202.547113554,1,0,1
1202.547114762,0,0,1
1202.685720676,0,1,1
1202.685721350,0,1,0
1202.685722978,1,1,0
1202.824330098,1,0,0
1202.824330186,1,0,1
1202.824331354,0,0,1
1202.962937488,0,1,1
1202.962939044,0,1,0
1202.962939632,1,1,0
1203.101544974,1,0,0
1203.101545818,1,0,1
1203.101547008,0,0,1
1203.240184678,0,0,0
1203.240185364,0,1,0
1203.240186288,1,1,0
1203.378792850,1,0,0
1203.378793390,1,0,1
1203.378794662,0,0,1
1203.517461302,0,1,1
1203.517461314,0,1,0
1203.517462942,1,1,0
1203.656069662,1,0,0
1203.656070084,1,0,1
1203.656071254,0,0,1
1203.794709006,0,0,0
1203.794709178,0,1,0
1203.794710598,1,1,0
1203.933315600,1,0,0
1203.933315780,1,0,1
1203.933317908,0,0,1
1204.071954576,0,0,0
1204.071956054,0,1,0
1204.071957128,1,1,0
1204.210563412,1,1,1
1204.210563476,1,0,1
1204.210565562,0,0,1
1204.349171930,0,1,1
1204.349172208,0,1,0
1204.349173842,1,1,0
1204.487779106,1,1,1
1204.487779350,1,0,1
1204.487781154,0,0,1
1204.626386742,0,1,1
1204.626387840,0,1,0
1204.626389496,1,1,0
1204.764995676,1,1,1
1204.764996164,1,0,1
1204.764997810,0,0,1
1204.903604534,0,0,0
1204.903604680,0,1,0
1204.903606088,1,1,0
1205.042211370,1,1,1
1205.042212040,1,0,1
1205.042214398,0,0,1
1205.180820492,0,1,1
1205.180821166,0,1,0
1205.180822742,1,1,0
1205.319458914,1,0,0
1205.319460004,1,0,1
1205.319461056,0,0,1
1205.458066798,0,0,0
1205.458067366,0,1,0
1205.458069460,1,1,0
1205.596675634,1,1,1
1205.596676790,1,0,1
1205.596677708,0,0,1
1205.735283242,0,1,1
1205.735284430,0,1,0
1205.735285050,1,1,0
1205.873890266,1,1,1
1205.873891726,1,0,1
1205.873893362,0,0,1
1206.012500116,0,1,1
1206.012500126,0,1,0
1206.012501704,1,1,0
1206.151107898,1,1,1
1206.151108538,1,0,1
1206.151110016,0,0,1
1206.289715756,0,0,0
1206.289715992,0,1,0
1206.289718294,1,1,0
1206.428354476,1,0,0
1206.428354592,1,0,1
1206.428356606,0,0,1
1206.566962388,0,0,0
1206.566963866,0,1,0
1206.566964950,1,1,0
1206.705571224,1,1,1
1206.705571350,1,0,1
1206.705573324,0,0,1
1206.844180082,0,0,0
1206.844180742,0,1,0
1206.844181602,1,1,0
1206.982788854,1,1,1
1206.982789226,1,0,1
1206.982789978,0,0,1
1207.121395714,0,0,0
1207.121396554,0,1,0
1207.121397194,1,1,0
1207.260003486,1,1,1
1207.260004038,1,0,1
1207.260005630,0,0,1
1207.398673282,0,0,0
1207.398674490,0,1,0
1207.398674846,1,1,0
1207.537280914,1,0,0
1207.537281118,1,0,1
1207.537283222,0,0,1
1207.675918978,0,0,0
1207.675920366,0,1,0
1207.675921562,1,1,0
1207.814527750,1,1,1
1207.814527788,1,0,1
1207.814529812,0,0,1
1207.953135240,0,1,1
1207.953135984,0,1,0
1207.953138154,1,1,0
1208.091774068,1,1,1
1208.091775600,1,0,1
1208.091776464,0,0,1
1208.230414052,0,1,1
1208.230414302,0,1,0
1208.230415744,1,1,0
1208.369052536,1,0,0
1208.369053450,1,0,1
1208.369054118,0,0,1
1208.507659926,0,1,1
1208.507660870,0,1,0
1208.507662396,1,1,0
1208.646269410,1,0,0
1208.646269706,1,0,1
1208.646270772,0,0,1
1208.784876802,0,1,1
1208.784877502,0,1,0
1208.784879050,1,1,0
1208.923484286,1,0,0
1208.923484336,1,0,1
1208.923486360,0,0,1
1209.062092132,0,0,0
1209.062092738,0,1,0
1209.062094640,1,1,0
1209.200699968,1,1,1
1209.200701158,1,0,1
1209.200703014,0,0,1
1209.339339828,0,0,0
1209.339340550,0,1,0
1209.339341296,1,1,0
1209.477947662,1,1,1
1209.477948034,1,0,1
1209.477949668,0,0,1
1209.616555458,0,0,0
1209.616556424,0,1,0
1209.616557948,1,1,0
1209.755164908,1,0,0
1209.755165292,1,0,1
1209.755166258,0,0,1
1209.893802088,0,0,0
1209.893803298,0,1,0
1209.893804600,1,1,0
1210.032410782,1,0,0
1210.032410922,1,0,1
1210.032412974,0,0,1
1210.171049720,0,0,0
1210.171050172,0,1,0
1210.171051254,1,1,0
1210.309657492,1,1,1
1210.309657656,1,0,1
1210.309659566,0,0,1
1210.448265046,0,1,1
1210.448265350,0,1,0
1210.448267844,1,1,0
1210.586874248,1,1,1
1210.586874468,1,0,1
1210.586876216,0,0,1
1210.725481982,0,0,0
1210.725482920,0,1,0
1210.725484496,1,1,0
1210.864090880,1,1,1
1210.864091342,1,0,1
1210.864092870,0,0,1
1211.002698856,0,1,1
1211.002699674,0,1,0
1211.002701150,1,1,0
1211.141306508,1,1,1
1211.141307216,1,0,1
1211.141308460,0,0,1
1211.279913668,0,1,1
1211.279916304,0,1,0
1211.279916802,1,1,0
1211.418523140,1,1,1
1211.418525090,1,0,1
1211.418525112,0,0,1
1211.557131542,0,1,1
1211.557131998,0,1,0
1211.557133456,1,1,0
1211.695739770,1,1,1
1211.695739964,1,0,1
1211.695741702,0,0,1
1211.834348416,0,1,1
1211.834348628,0,1,0
1211.834350046,1,1,0
1211.972986402,1,1,1
1211.972986838,1,0,1
1211.972988418,0,0,1
1212.111594290,0,1,1
1212.111595258,0,1,0
1212.111596698,1,1,0
1212.250294710,1,0,0
1212.250295032,1,0,1
1212.250296008,0,0,1
1212.388994162,0,1,1
1212.388995890,0,1,0
1212.388996286,1,1,0
1212.527693584,1,0,0
1212.527693726,1,0,1
1212.527695660,0,0,1
1212.666393458,0,0,0
1212.666394036,0,1,0
1212.666395000,1,1,0
1212.805093394,1,0,0
1212.805094354,1,0,1
1212.805095248,0,0,1
1212.943792214,0,0,0
1212.943792908,0,1,0
1212.943794590,1,1,0
1213.082493392,1,0,0
1213.082493986,1,0,1
1213.082494964,0,0,1
1213.221191780,0,0,0
1213.221192782,0,1,0
1213.221194244,1,1,0
1213.359890616,1,1,1
1213.359891390,1,0,1
1213.359893554,0,0,1
1213.498622412,0,0,0
1213.498622654,0,1,0
1213.498623832,1,1,0
1213.637322074,1,0,0
1213.637323246,1,0,1
1213.637324206,0,0,1
1213.776021466,0,1,1
1213.776022104,0,1,0
1213.776023484,1,1,0
1213.914721940,1,1,1
1213.914722856,0,1,1
1213.914722948,0,0,1
1214.053419962,0,1,1
1214.053421672,0,1,0
1214.053423074,1,1,0
1214.192119508,1,1,1
1214.192120820,1,0,1
1214.192122446,0,0,1
1214.330850148,0,1,1
1214.330852366,0,1,0
1214.330852788,1,1,0
1214.469549692,1,0,0
1214.469550138,1,0,1
1214.469552098,0,0,1
1214.608250996,0,0,0
1214.608251020,0,1,0
1214.608252378,1,1,0
1214.746949566,1,0,0
1214.746949830,1,0,1
1214.746951750,0,0,1
1214.885680624,0,0,0
1214.885680954,0,1,0
1214.885681966,1,1,0
1215.024381376,1,0,0
1215.024381522,1,0,1
1215.024382338,0,0,1
1215.163081254,0,0,0
1215.163081680,1,0,0
1215.163081826,1,1,0
1215.301779090,1,1,1
1215.301779312,1,0,1
1215.301780992,0,0,1
1215.440478638,0,1,1
1215.440479948,0,1,0
1215.440481270,1,1,0
1215.579209722,1,1,1
1215.579210682,1,0,1
1215.579211582,0,0,1
1215.717908576,0,0,0
1215.717909446,0,1,0
1215.717910920,1,1,0
1215.856607992,1,0,0
1215.856610230,0,0,0
1215.856610412,0,0,1
1215.995308270,0,0,0
1215.995309132,0,1,0
1215.995310572,1,1,0
1216.134038864,1,0,0
1216.134040042,1,0,1
1216.134040882,0,0,1
1216.272738254,0,1,1
1216.272738836,0,1,0
1216.272740224,1,1,0
1216.411438736,1,0,0
1216.411439670,1,0,1
1216.411440534,0,0,1
1216.550168126,0,1,1
1216.550169466,0,1,0
1216.550169876,1,1,0
1216.688898302,1,1,1
1216.688898546,1,0,1
1216.688900122,0,0,1
1216.827598720,0,0,0
1216.827598998,0,1,0
1216.827600464,1,1,0
1216.966297930,1,1,1
1216.966298482,1,0,1
1216.966299836,0,0,1
1217.104997870,0,1,1
1217.105000114,1,1,1
1217.105000164,1,1,0
1217.243697560,1,1,1
1217.243698352,1,0,1
1217.243699424,0,0,1
1217.382396354,0,0,0
1217.382396742,0,1,0
1217.382398704,1,1,0
1217.521097162,1,0,0
1217.521097190,1,0,1
1217.521099076,0,0,1
1217.659795614,0,1,1
1217.659797046,0,1,0
1217.659798290,1,1,0
1217.798526096,1,0,0
1217.798527820,1,0,1
1217.798528726,0,0,1
1217.937225484,0,1,1
1217.937226740,0,1,0
1217.937228004,1,1,0
1218.075926448,1,1,1
1218.075926968,1,0,1
1218.075928252,0,0,1
1218.214625306,0,0,0
1218.214626294,0,1,0
1218.214627592,1,1,0
1218.353326778,1,0,0
1218.353327140,1,0,1
1218.353327968,0,0,1
1218.492024934,0,0,0
1218.492026228,0,1,0
1218.492027244,1,1,0
1218.630723648,1,0,0
1218.630724770,1,0,1
1218.630726554,0,0,1
1218.769455038,0,1,1
1218.769455564,0,1,0
1218.769456894,1,1,0
1218.908154520,1,0,0
1218.908155336,1,0,1
1218.908157204,0,0,1
1219.046854194,0,0,0
1219.046854908,0,1,0
1219.046856546,1,1,0
1219.185554028,1,1,1
1219.185554330,1,0,1
1219.185555856,0,0,1
1219.324283844,0,1,1
1219.324283886,0,1,0
1219.324286072,1,1,0
1219.462984658,1,1,1
1219.462985262,1,0,1
1219.462986508,0,0,1
1219.601683654,0,1,1
1219.601684514,0,1,0
1219.601685786,1,1,0
1219.740383348,1,1,1
1219.740384134,1,0,1
1219.740386094,0,0,1
1219.879084144,0,0,0
1219.879084524,0,1,0
1219.879085372,1,1,0
1220.017814006,1,0,0
1220.017814976,1,0,1
1220.017815744,0,0,1
1220.156513394,0,1,1
1220.156513772,0,1,0
1220.156515022,1,1,0
1220.295212816,1,0,0
1220.295214606,1,0,1
1220.295215394,0,0,1
1220.433912462,0,0,0
1220.433913266,0,1,0
1220.433914734,1,1,0
1220.572642748,1,0,0
1220.572643234,1,0,1
1220.572644984,0,0,1
1220.711373138,0,1,1
1220.711374092,0,1,0
1220.711375324,1,1,0
1220.850073620,1,0,0
1220.850073802,1,0,1
1220.850074570,0,0,1
1220.988773658,0,0,0
1220.988773944,0,1,0
1220.988774910,1,1,0
1221.127503490,1,0,0
1221.127504554,1,0,1
1221.127505220,0,0,1
1221.266202880,0,1,1
1221.266203350,0,1,0
1221.266204562,1,1,0
1221.404902298,1,0,0
1221.404903120,1,0,1
1221.404903934,0,0,1
1221.543601688,0,1,1
1221.543602978,0,1,0
1221.543604212,1,1,0
1221.682301172,1,0,0
1221.682301750,1,0,1
1221.682303522,0,0,1
1221.821000560,0,1,1
1221.821000606,0,1,0
1221.821002798,1,1,0
1221.959701042,1,0,0
1221.959701442,1,0,1
1221.959703170,0,0,1
1222.098401298,0,0,0
1222.098401492,0,1,0
1222.098402448,1,1,0
1222.237101912,1,0,0
1222.237102006,1,0,1
1222.237102758,0,0,1
1222.375799302,0,1,1
1222.375799862,0,1,0
1222.375802098,1,1,0
1222.514499760,1,1,1
1222.514499782,1,0,1
1222.514501408,0,0,1
1222.653200172,0,1,1
1222.653200492,0,1,0
1222.653201686,1,1,0
1222.791899326,1,1,1
1222.791899592,1,0,1
1222.791901058,0,0,1
1222.930629042,0,1,1
1222.930630182,0,1,0
1222.930631274,1,1,0
1223.069329524,1,0,0
1223.069329954,1,0,1
1223.069331708,0,0,1
1223.208028748,0,0,0
1223.208028912,0,1,0
1223.208030988,1,1,0
1223.346728332,1,0,0
1223.346728646,1,0,1
1223.346730296,0,0,1
1223.485428438,0,0,0
1223.485428784,0,1,0
1223.485430574,1,1,0
1223.624128142,1,0,0
1223.624128210,1,0,1
1223.624129946,0,0,1
1223.762828654,0,1,1
1223.762830066,0,1,0
1223.762830224,1,1,0
1223.901557902,1,1,1
1223.901558138,1,0,1
1223.901559598,0,0,1
1224.040257696,0,0,0
1224.040258524,0,1,0
1224.040259874,1,1,0
1224.178956944,1,0,0
1224.178957532,1,0,1
1224.178959182,0,0,1
1224.317687324,0,0,0
1224.317687396,0,1,0
1224.317689460,1,1,0
1224.456387814,1,0,0
1224.456388158,1,0,1
1224.456389832,0,0,1
1224.595116952,0,0,0
1224.595117264,0,1,0
1224.595119108,1,1,0
1224.733817786,1,1,1
1224.733818622,1,0,1
1224.733819418,0,0,1
1224.872517072,0,1,1
1224.872517642,0,1,0
1224.872518758,1,1,0
1225.011217476,1,1,1
1225.011217556,1,0,1
1225.011219068,0,0,1
1225.149917644,0,0,0
1225.149918006,0,1,0
1225.149918346,1,1,0
1225.288647042,1,1,1
1225.288647424,1,0,1
1225.288648718,0,0,1
1225.427345876,0,1,1
1225.427345960,0,1,0
1225.427347994,1,1,0
1225.566046668,1,1,1
1225.566047232,1,0,1
1225.566048366,0,0,1
1225.704745526,0,0,0
1225.704745682,0,1,0
1225.704747644,1,1,0
1225.843445104,1,0,0
1225.843445360,1,0,1
1225.843446954,0,0,1
1225.982146152,0,0,0
1225.982146552,0,1,0
1225.982147230,1,1,0
1226.120844924,1,1,1
1226.120844972,1,0,1
1226.120846604,0,0,1
1226.259574486,0,1,1
1226.259575844,0,1,0
1226.259576880,1,1,0
1226.398305614,1,1,1
1226.398305842,1,0,1
1226.398307252,0,0,1
1226.537004294,0,1,1
1226.537005408,0,1,0
1226.537006466,1,1,0
1226.675734712,1,0,0
1226.675735242,1,0,1
1226.675736838,0,0,1
1226.814435162,0,1,1
1226.814436098,0,1,0
1226.814437178,1,1,0
1226.953133932,1,1,1
1226.953134644,1,0,1
1226.953136488,0,0,1
1227.091834788,0,0,0
1227.091835970,0,1,0
1227.091836828,1,1,0
1227.230534452,1,0,0
1227.230534496,1,0,1
1227.230536136,0,0,1
1227.369233352,0,0,0
1227.369233902,0,1,0
1227.369235474,1,1,0
1227.507933384,1,0,0
1227.507934186,1,0,1
1227.507935722,0,0,1
1227.646664772,0,1,1
1227.646664980,0,1,0
1227.646666060,1,1,0
1227.785363814,1,1,1
1227.785364190,1,0,1
1227.785365370,0,0,1
1227.924092578,0,1,1
1227.924094608,0,1,0
1227.924095648,1,1,0
1228.062792440,1,1,1
1228.062793060,1,0,1
1228.062795020,0,0,1
1228.201492450,0,1,1
1228.201494296,0,1,0
1228.201495236,1,1,0
1228.340223068,1,1,1
1228.340223930,1,0,1
1228.340225668,0,0,1
1228.478953926,0,0,0
1228.478954380,0,1,0
1228.478955884,1,1,0
1228.617653694,1,1,1
1228.617653798,1,0,1
1228.617655254,0,0,1
1228.756352552,0,0,0
1228.756353186,0,1,0
1228.756354592,1,1,0
1228.895083322,1,1,1
1228.895084606,1,0,1
1228.895084902,0,0,1
1229.033814056,0,1,1
1229.033814178,0,1,0
1229.033815116,1,1,0
1229.172513012,1,1,1
1229.172513536,1,0,1
1229.172515488,0,0,1
1229.311212806,0,0,0
1229.311212924,0,1,0
1229.311214828,1,1,0
1229.449911638,1,1,1
1229.449912342,1,0,1
1229.449914200,0,0,1
1229.588641370,0,0,0
1229.588642730,0,1,0
1229.588644476,1,1,0
1229.727342266,1,1,1
1229.727343212,1,0,1
1229.727344786,0,0,1
1229.866042120,0,0,0
1229.866043662,0,1,0
1229.866044062,1,1,0
1230.004742144,1,0,0
1230.004742954,1,0,1
1230.004743370,0,0,1
1230.143441686,0,0,0
1230.143442470,0,1,0
1230.143443710,1,1,0
1230.282140950,1,0,0
1230.282142518,1,0,1
1230.282143082,0,0,1
1230.420842376,0,0,0
1230.420842400,0,1,0
1230.420843296,1,1,0
1230.559540208,1,1,1
1230.559540820,1,0,1
1230.559542666,0,0,1
1230.698240206,0,1,1
1230.698241000,0,1,0
1230.698241944,1,1,0
1230.836940688,1,0,0
1230.836940836,1,0,1
1230.836942314,0,0,1
1230.975639628,0,0,0
1230.975640138,0,1,0
1230.975641592,1,1,0
1231.114339398,1,1,1
1231.114339558,1,0,1
1231.114341962,0,0,1
1231.253069008,0,1,1
1231.253070318,0,1,0
1231.253071238,1,1,0
1231.391799026,1,1,1
1231.391799426,1,0,1
1231.391801548,0,0,1
1231.530499876,0,1,1
1231.530499944,0,1,0
1231.530501886,1,1,0
1231.669199714,1,1,1
1231.669200358,1,0,1
1231.669201194,0,0,1
1231.807899682,0,1,1
1231.807900506,0,1,0
1231.807901472,1,1,0
1231.946598340,1,1,1
1231.946599164,1,0,1
1231.946600844,0,0,1
1232.085297612,0,1,1
1232.085298196,0,1,0
1232.085300058,1,1,0
1232.223998030,1,0,1
1232.223998040,1,1,1
1232.223998044,1,0,1
1232.224000428,0,0,1
1232.362697760,0,0,0
1232.362698418,0,1,0
1232.362699768,1,1,0
1232.501428656,1,1,1
1232.501428902,1,0,1
1232.501430016,0,0,1
1232.640126448,0,0,0
1232.640128288,0,1,0
1232.640129354,1,1,0
1232.778827706,1,0,0
1232.778828220,1,0,1
1232.778829724,0,0,1
1232.917557074,0,0,0
1232.917559218,0,1,0
1232.917560000,1,1,0
1233.056257844,1,1,1
1233.056258574,1,0,1
1233.056259308,0,0,1
1233.194957076,0,0,0
1233.194957962,0,1,0
1233.194959648,1,1,0
1233.333656282,1,1,1
1233.333657506,1,0,1
1233.333658894,0,0,1
1233.472355892,0,1,1
1233.472356388,0,1,0
1233.472358232,1,1,0
1233.611055098,1,1,1
1233.611057312,1,0,1
1233.611058604,0,0,1
1233.749786952,0,0,0
1233.749787760,0,1,0
1233.749788880,1,1,0
1233.888486786,1,1,1
1233.888487180,1,0,1
1233.888488190,0,0,1
1234.027185578,0,0,0
1234.027186630,0,1,0
1234.027187528,1,1,0
1234.165886410,1,1,1
1234.165887110,1,0,1
1234.165887836,0,0,1
1234.304585434,0,1,1
1234.304586266,0,1,0
1234.304587112,1,1,0
1234.443285916,1,0,0
1234.443286100,1,0,1
1234.443287484,0,0,1
1234.581984892,0,0,0
1234.581985364,0,1,0
1234.581986822,1,1,0
1234.720683724,1,1,1
1234.720684784,1,0,1
1234.720686070,0,0,1
1234.859383518,0,0,0
1234.859384170,0,1,0
1234.859386406,1,1,0
1234.998083652,1,0,0
1234.998084288,1,0,1
1234.998085778,0,0,1
1235.136784102,0,1,1
1235.136784144,0,1,0
1235.136785992,1,1,0
1235.275483520,1,0,0
1235.275483976,1,0,1
1235.275485362,0,0,1
1235.414182832,0,0,0
1235.414182970,0,1,0
1235.414184700,1,1,0
1235.552883386,1,0,0
1235.552883600,1,0,1
1235.552885010,0,0,1
1235.691581838,0,1,1
1235.691582456,0,1,0
1235.691584222,1,1,0
1235.830312228,1,1,1
1235.830313192,1,0,1
1235.830314594,0,0,1
1235.969011642,0,1,1
1235.969012020,0,1,0
1235.969013870,1,1,0
1236.107712852,1,1,1
1236.107713122,1,0,1
1236.107714240,0,0,1
1236.246411510,0,1,1
1236.246411708,0,1,0
1236.246413580,1,1,0
1236.385111478,1,1,1
1236.385111928,1,0,1
1236.385113888,0,0,1
1236.523811376,0,1,1
1236.523812332,0,1,0
1236.523813164,1,1,0
1236.662541104,1,1,1
1236.662542796,1,0,1
1236.662543534,0,0,1
1236.801241246,0,1,1
1236.801241958,0,1,0
1236.801242748,1,1,0
1236.939970662,1,0,0
1236.939971790,1,0,1
1236.939973116,0,0,1
1237.078671582,0,0,0
1237.078672112,0,1,0
1237.078673394,1,1,0
1237.217400414,1,1,1
1237.217400530,1,0,1
1237.217402764,0,0,1
1237.356101208,0,0,0
1237.356101918,0,1,0
1237.356103042,1,1,0
1237.494800042,1,1,1
1237.494800460,1,0,1
1237.494802350,0,0,1
1237.633500832,0,0,0
1237.633500848,0,1,0
1237.633502686,1,1,0
1237.772199728,1,1,1
1237.772200204,1,0,1
1237.772201994,0,0,1
1237.910899458,0,0,0
1237.910900652,0,1,0
1237.910901334,1,1,0
1238.049630132,1,0,0
1238.049630290,1,0,1
1238.049631642,0,0,1
1238.188330146,0,0,0
1238.188330520,0,1,0
1238.188331918,1,1,0
1238.327029000,1,0,0
1238.327029914,1,0,1
1238.327031288,0,0,1
1238.465730448,0,1,1
1238.465730770,0,1,0
1238.465731564,1,1,0
1238.604428602,1,1,1
1238.604428868,1,0,1
1238.604430872,0,0,1
1238.743128254,0,1,1
1238.743128394,0,1,0
1238.743130210,1,1,0
1238.881828228,1,1,1
1238.881828734,1,0,1
1238.881830518,0,0,1
1239.020527184,0,1,1
1239.020528084,0,1,0
1239.020529794,1,1,0
1239.159228602,1,0,0
1239.159228916,1,0,1
1239.159230164,0,0,1
1239.297927646,0,0,0
1239.297927988,0,1,0
1239.297929502,1,1,0
1239.436627468,1,0,0
1239.436627476,1,0,1
1239.436628748,0,0,1
1239.575326856,0,1,1
1239.575328332,0,1,0
1239.575329022,1,1,0
1239.714026274,1,0,0
1239.714027102,1,0,1
1239.714028394,0,0,1
1239.852725956,0,0,0
1239.852726722,0,1,0
1239.852727670,1,1,0
1239.991425788,1,1,1
1239.991426202,1,0,1
1239.991428040,0,0,1
1240.130124644,0,0,0
1240.130125528,0,1,0
1240.130127316,1,1,0
1240.268855070,1,0,0
1240.268856414,1,0,1
1240.268857626,0,0,1
1240.407586142,0,0,0
1240.407586456,0,1,0
1240.407587962,1,1,0
1240.546283976,1,1,1
1240.546284874,1,0,1
1240.546287270,0,0,1
1240.684985324,0,1,1
1240.684985830,0,1,0
1240.684987546,1,1,0
1240.823684662,1,1,1
1240.823685740,1,0,1
1240.823686916,0,0,1
1240.962385454,0,0,0
1240.962386190,0,1,0
1240.962387190,1,1,0
1241.101084608,1,0,0
1241.101086286,1,0,1
1241.101086500,0,0,1
1241.239814994,0,1,1
1241.239815080,0,1,0
1241.239816836,1,1,0
1241.378513474,1,0,0
1241.378514910,1,0,1
1241.378516146,0,0,1
1241.517214766,0,0,0
1241.517214924,0,1,0
1241.517216420,1,1,0
1241.655914036,1,1,1
1241.655914340,1,0,1
1241.655915790,0,0,1
1241.794614390,0,0,0
1241.794614728,0,1,0
1241.794616128,1,1,0
1241.933313160,1,1,1
1241.933314208,1,0,1
1241.933315374,0,0,1
1242.072012594,0,1,1
1242.072013016,0,1,0
1242.072014712,1,1,0
1242.210713076,1,0,0
1242.210713846,1,0,1
1242.210715082,0,0,1
1242.349412462,0,1,1
1242.349413640,0,1,0
1242.349414358,1,1,0
1242.488111942,1,0,0
1242.488112408,1,0,1
1242.488113664,0,0,1
1242.626812262,0,0,0
1242.626812328,0,1,0
1242.626813940,1,1,0
1242.765510808,1,0,0
1242.765512096,1,0,1
1242.765513310,0,0,1
1242.904211886,0,0,0
1242.904212194,0,1,0
1242.904213586,1,1,0
1243.042910720,1,1,1
1243.042911674,1,0,1
1243.042912894,0,0,1
1243.181610574,0,0,0
1243.181611062,0,1,0
1243.181612232,1,1,0
1243.320310344,1,1,1
1243.320310478,1,0,1
1243.320312602,0,0,1
1243.459009990,0,1,1
1243.459010136,0,1,0
1243.459011816,1,1,0
1243.597709968,1,1,1
1243.597710346,1,0,1
1243.597712184,0,0,1
1243.736409794,0,1,1
1243.736410822,0,1,0
1243.736411522,1,1,0
1243.875108212,1,0,0
1243.875108590,1,0,1
1243.875110830,0,0,1
1244.013808660,0,1,1
1244.013809446,0,1,0
1244.013811106,1,1,0
1244.152508078,1,0,0
1244.152509216,1,0,1
1244.152510412,0,0,1
1244.291208132,0,0,0
1244.291209528,0,1,0
1244.291210754,1,1,0
1244.429908008,1,0,0
1244.429908840,1,0,1
1244.429910058,0,0,1
1244.568607330,0,1,1
1244.568607696,0,1,0
1244.568609398,1,1,0
1244.707337462,1,1,1
1244.707337810,1,0,1
1244.707339704,0,0,1
1244.846037260,0,1,1
1244.846037318,0,1,0
1244.846039980,1,1,0
1244.984737150,1,1,1
1244.984737676,1,0,1
1244.984739350,0,0,1
1245.123436004,0,0,0
1245.123437126,0,1,0
1245.123438624,1,1,0
1245.262136544,1,0,0
1245.262136774,1,0,1
1245.262138932,0,0,1
1245.400835928,0,1,1
1245.400836628,0,1,0
1245.400838270,1,1,0
1245.539536408,1,0,0
1245.539537460,1,0,1
1245.539538578,0,0,1
1245.678266858,0,1,1
1245.678267190,0,1,0
1245.678268854,1,1,0
1245.816966084,1,1,1
1245.816967274,1,0,1
1245.816968160,0,0,1
1245.955664722,0,1,1
1245.955664874,0,1,0
1245.955667498,1,1,0
1246.094365644,1,1,1
1246.094366204,1,0,1
1246.094367806,0,0,1
1246.233065498,0,0,0
1246.233065526,0,1,0
1246.233067144,1,1,0
1246.371765330,1,1,1
1246.371765944,1,0,1
1246.371767514,0,0,1
1246.510465186,0,0,0
1246.510465394,0,1,0
1246.510466788,1,1,0
1246.649164872,1,0,0
1246.649164954,1,0,1
1246.649166094,0,0,1
1246.787864746,0,0,0
1246.787865196,0,1,0
1246.787866370,1,1,0
1246.926594738,1,0,0
1246.926595576,1,0,1
1246.926596678,0,0,1
1247.065294186,0,1,1
1247.065294370,0,1,0
1247.065296016,1,1,0
1247.203993202,1,1,1
1247.203993604,1,0,1
1247.203995386,0,0,1
1247.342693990,0,1,1
1247.342694054,0,1,0
1247.342695660,1,1,0
1247.481392824,1,1,1
1247.481393470,1,0,1
1247.481394904,0,0,1
1247.620093678,0,0,0
1247.620093794,0,1,0
1247.620095242,1,1,0
1247.758792274,1,0,0
1247.758794510,1,0,1
1247.758794612,0,0,1
1247.897522302,0,0,0
1247.897522722,0,1,0
1247.897524888,1,1,0
1248.036222138,1,0,0
1248.036223134,1,0,1
1248.036224194,0,0,1
1248.174952588,0,1,1
1248.174953924,0,1,0
1248.174954470,1,1,0
1248.313652756,1,1,1
1248.313653004,1,0,1
1248.313654838,0,0,1
1248.452352390,0,1,1
1248.452353612,0,1,0
1248.452354114,1,1,0
1248.591081872,1,0,0
1248.591082318,1,0,1
1248.591084422,0,0,1
1248.729782234,0,0,0
1248.729783318,0,1,0
1248.729783758,1,1,0
1248.868482736,1,0,0
1248.868483004,1,0,1
1248.868484128,0,0,1
1249.007212120,0,1,1
1249.007212856,0,1,0
1249.007214340,1,1,0
1249.145972600,1,0,0
1249.145972626,1,0,1
1249.145974710,0,0,1
1249.284672986,0,1,1
1249.284673480,0,1,0
1249.284674048,1,1,0
1249.423402466,1,0,0
1249.423403248,1,0,1
1249.423404290,0,0,1
1249.562102102,0,0,0
1249.562103790,0,1,0
1249.562104628,1,1,0
1249.700802270,1,0,0
1249.700802934,1,0,1
1249.700803998,0,0,1
1249.839501038,0,0,0
1249.839501718,0,1,0
1249.839503274,1,1,0
1249.978201494,1,1,1
1249.978202196,1,0,1
1249.978203644,0,0,1
1250.116930912,0,0,0
1250.116931706,0,1,0
1250.116933918,1,1,0
1250.255631118,1,1,1
1250.255631562,1,0,1
1250.255633162,0,0,1
1250.394361846,0,0,0
1250.394362448,0,1,0
1250.394363500,1,1,0
1250.533060676,1,0,0
1250.533060802,1,0,1
1250.533062870,0,0,1
1250.671822562,0,1,1
1250.671822594,0,1,0
1250.671824144,1,1,0
1250.810521356,1,0,0
1250.810522488,1,0,1
1250.810523450,0,0,1
1250.949222216,0,0,0
1250.949223178,0,1,0
1250.949223724,1,1,0
1251.087921048,1,1,1
1251.087922032,1,0,1
1251.087923094,0,0,1
1251.226620792,0,1,1
1251.226620900,0,1,0
1251.226622432,1,1,0
1251.365320732,1,1,1
1251.365321710,1,0,1
1251.365322738,0,0,1
1251.504019908,0,1,1
1251.504020524,0,1,0
1251.504022014,1,1,0
1251.642751356,1,1,1
1251.642751824,1,0,1
1251.642752320,0,0,1
1251.781451146,0,0,0
1251.781451772,0,1,0
1251.781452656,1,1,0
1251.920150192,1,0,0
1251.920150916,1,0,1
1251.920151964,0,0,1
1252.058849770,0,0,0
1252.058850262,0,1,0
1252.058851302,1,1,0
1252.197550600,1,1,1
1252.197551118,1,0,1
1252.197551544,0,0,1
1252.336249392,0,0,0
1252.336249502,0,1,0
1252.336250882,1,1,0
1252.474948858,1,0,0
1252.474950222,1,0,1
1252.474951188,0,0,1
1252.613648306,0,1,1
1252.613649078,0,1,0
1252.613650462,1,1,0
1252.752347784,1,0,0
1252.752347846,1,0,1
1252.752349832,0,0,1
1252.891048234,0,1,1
1252.891048700,0,1,0
1252.891050172,1,1,0
1253.029747468,1,1,1
1253.029747588,1,0,1
1253.029749478,0,0,1
1253.168478036,0,1,1
1253.168478324,0,1,0
1253.168479690,1,1,0
1253.307177452,1,0,0
1253.307178090,1,0,1
1253.307179120,0,0,1
1253.445876900,0,1,1
1253.445877944,0,1,0
1253.445879394,1,1,0
1253.584576776,1,1,1
1253.584577380,1,0,1
1253.584578702,0,0,1
1253.723276566,0,0,0
1253.723278640,0,1,0
1253.723279038,1,1,0
1253.861975398,1,1,1
1253.861976182,1,0,1
1253.861978346,0,0,1
1254.000675568,0,1,1
1254.000676250,0,1,0
1254.000677622,1,1,0
1254.139376020,1,1,1
1254.139376110,1,0,1
1254.139377928,0,0,1
1254.278074558,0,1,1
1254.278075810,0,1,0
1254.278077264,1,1,0
1254.416775642,1,1,1
1254.416776912,1,0,1
1254.416777570,0,0,1
1254.555474496,0,0,0
1254.555475360,0,1,0
1254.555476906,1,1,0
1254.694174264,1,1,1
1254.694174776,1,0,1
1254.694176276,0,0,1
1254.832875118,0,0,0
1254.832875162,0,1,0
1254.832876550,1,1,0
1254.971574642,1,0,0
1254.971574950,1,0,1
1254.971575794,0,0,1
1255.110272740,0,0,0
1255.110273028,0,1,0
1255.110275132,1,1,0
1255.248974508,1,1,1
1255.248974570,1,0,1
1255.248975502,0,0,1
1255.387672362,0,0,0
1255.387672892,0,1,0
1255.387674776,1,1,0
1255.526373194,1,1,1
1255.526373372,1,0,1
1255.526375082,0,0,1
1255.665072820,0,1,1
1255.665072984,0,1,0
1255.665074356,1,1,0
1255.803772174,1,0,0
1255.803772814,1,0,1
1255.803773726,0,0,1
1255.942472622,0,1,1
1255.942472670,0,1,0
1255.942473936,1,1,0
1256.081202438,1,1,1
1256.081203100,1,0,1
1256.081204370,0,0,1
1256.219901486,0,1,1
1256.219902290,0,1,0
1256.219903642,1,1,0
1256.358601904,1,0,0
1256.358603058,1,0,1
1256.358603952,0,0,1
1256.497301414,0,1,1
1256.497301912,0,1,0
1256.497303224,1,1,0
1256.635999768,1,0,0
1256.636000680,1,0,1
1256.636002592,0,0,1
1256.774701216,0,1,1
1256.774701534,0,1,0
1256.774702868,1,1,0
1256.913400302,1,1,1
1256.913400696,1,0,1
1256.913402174,0,0,1
1257.052099142,0,1,1
1257.052100156,0,1,0
1257.052101510,1,1,0
1257.190799496,1,0,0
1257.190799988,1,0,1
1257.190801880,0,0,1
1257.329529778,0,0,0
1257.329530946,0,1,0
1257.329532092,1,1,0
1257.468229300,1,0,0
1257.468230610,1,0,1
1257.468231460,0,0,1
1257.606928746,0,1,1
1257.606930462,0,1,0
1257.606931736,1,1,0
1257.745629226,1,0,0
1257.745629294,1,0,1
1257.745631042,0,0,1
1257.884359612,0,1,1
1257.884360084,0,1,0
1257.884361376,1,1,0
1258.023058916,1,1,1
1258.023059090,1,0,1
1258.023060684,0,0,1
1258.161759706,0,0,0
1258.161760538,0,1,0
1258.161760958,1,1,0
1258.300489536,1,1,1
1258.300489892,1,0,1
1258.300491388,0,0,1
1258.439218402,0,1,1
1258.439219266,0,1,0
1258.439220664,1,1,0
1258.577918096,1,1,1
1258.577920818,1,0,1
1258.577920968,0,0,1
1258.716617948,0,0,0
1258.716618204,0,1,0
1258.716620182,1,1,0
1258.855318718,1,1,1
1258.855318746,1,0,1
1258.855320548,0,0,1
1258.994017130,0,1,1
1258.994017570,0,1,0
1258.994019822,1,1,0
1259.132716548,1,0,0
1259.132718338,1,0,1
1259.132719254,0,0,1
1259.271417254,0,0,0
1259.271417994,0,1,0
1259.271419466,1,1,0
1259.410116412,1,0,0
1259.410118022,1,0,1
1259.410118772,0,0,1
1259.548878858,0,1,1
1259.548878876,0,1,0
1259.548880046,1,1,0
1259.687577276,1,0,0
1259.687577642,1,0,1
1259.687579476,0,0,1
1259.826277434,0,0,0
1259.826277660,0,1,0
1259.826278752,1,1,0
1259.964977328,1,1,1
1259.964978140,1,0,1
1259.964979058,0,0,1
1260.103675524,0,1,1
1260.103678118,0,1,0
1260.103678332,1,1,0
1260.242376948,1,1,1
1260.242377940,1,0,1
1260.242378700,0,0,1
1260.381076388,0,1,1
1260.381076740,0,1,0
1260.381077976,1,1,0
1260.519805868,1,0,0
1260.519806508,1,0,1
1260.519808282,0,0,1
1260.658505252,0,1,1
1260.658506362,0,1,0
1260.658507618,1,1,0
1260.797205668,1,0,0
1260.797206192,1,0,1
1260.797207860,0,0,1
1260.935905116,0,1,1
1260.935906044,0,1,0
1260.935907258,1,1,0
1261.074605812,1,1,1
1261.074606532,1,0,1
1261.074607564,0,0,1
1261.213334666,0,0,0
1261.213335980,0,1,0
1261.213336840,1,1,0
1261.352035396,1,0,0
1261.352036496,1,0,1
1261.352037208,0,0,1
1261.490734782,0,1,1
1261.490735224,0,1,0
1261.490736544,1,1,0
1261.629464322,1,0,0
1261.629465118,1,0,1
1261.629466788,0,0,1
1261.768164770,0,1,1
1261.768165908,0,1,0
1261.768167124,1,1,0
1261.906864122,1,0,0
1261.906865676,1,0,1
1261.906866430,0,0,1
1262.045562528,0,0,0
1262.045564570,0,1,0
1262.045565702,1,1,0
1262.184263050,1,0,0
1262.184265360,1,0,1
1262.184266070,0,0,1
1262.322993212,0,0,0
1262.322995372,0,1,0
1262.322996346,1,1,0
1262.461693982,1,1,1
1262.461694850,1,0,1
1262.461695714,0,0,1
1262.600392770,0,0,0
1262.600393298,0,1,0
1262.600394924,1,1,0
1262.739092602,1,1,1
1262.739093714,1,0,1
1262.739095292,0,0,1
1262.877792160,0,1,1
1262.877793392,0,1,0
1262.877794568,1,1,0
1263.016493576,1,0,0
1263.016494222,1,0,1
1263.016494874,0,0,1
1263.155192962,0,1,1
1263.155193074,0,1,0
1263.155194208,1,1,0
1263.293890842,1,1,1
1263.293892440,1,0,1
1263.293893514,0,0,1
1263.432621888,0,1,1
1263.432622696,0,1,0
1263.432623852,1,1,0
1263.571352304,1,0,0
1263.571352526,1,0,1
1263.571354094,0,0,1
1263.710051318,0,0,0
1263.710052750,0,1,0
1263.710054430,1,1,0
1263.848751084,1,1,1
1263.848753104,1,0,1
1263.848753798,0,0,1
1263.987481550,0,1,1
1263.987482938,0,1,0
1263.987484072,1,1,0
1264.126180704,1,1,1
1264.126181030,1,0,1
1264.126183378,0,0,1
1264.264881414,0,1,1
1264.264882558,0,1,0
1264.264883714,1,1,0
1264.403580894,1,0,0
1264.403582388,1,0,1
1264.403583020,0,0,1
1264.542280240,0,0,0
1264.542281278,0,1,0
1264.542282356,1,1,0
1264.681011756,1,0,0
1264.681012008,1,0,1
1264.681012660,0,0,1
1264.819710862,0,0,0
1264.819712140,0,1,0
1264.819712872,1,1,0
1264.958410630,1,1,1
1264.958411620,1,0,1
1264.958412304,0,0,1
1265.097110420,0,0,0
1265.097111002,0,1,0
1265.097112574,1,1,0
1265.235810312,1,1,1
1265.235810482,1,0,1
1265.235811880,0,0,1
1265.374508866,0,1,1
1265.374509102,0,1,0
1265.374511154,1,1,0
1265.513209870,1,1,1
1265.513210344,1,0,1
1265.513211522,0,0,1
1265.651908730,0,1,1
1265.651909722,0,1,0
1265.651910858,1,1,0
1265.790608144,1,0,0
1265.790608490,1,0,1
1265.790610102,0,0,1
1265.929339280,0,0,0
1265.929339528,0,1,0
1265.929340436,1,1,0
1266.068039172,1,1,1
1266.068040008,1,0,1
1266.068040742,0,0,1
1266.206737964,0,0,0
1266.206738454,0,1,0
1266.206740016,1,1,0
1266.345437732,1,1,1
1266.345438932,1,0,1
1266.345440384,0,0,1
1266.484137254,0,1,1
1266.484137582,0,1,0
1266.484139658,1,1,0
1266.622836538,1,1,1
1266.622836732,1,0,1
1266.622838962,0,0,1
1266.761598180,0,1,1
1266.761598204,0,1,0
1266.761600236,1,1,0
1266.900297594,1,0,0
1266.900298034,1,0,1
1266.900299604,0,0,1
1267.038997042,0,1,1
1267.038998824,0,1,0
1267.038999940,1,1,0
1267.177726396,1,0,0
1267.177728904,1,0,1
1267.177729246,0,0,1
1267.316457506,0,0,0
1267.316458842,0,1,0
1267.316459518,1,1,0
1267.455157320,1,0,0
1267.455158272,1,0,1
1267.455159822,0,0,1
1267.593857126,0,0,0
1267.593858768,0,1,0
1267.593859220,1,1,0
1267.732558182,1,0,0
1267.732558956,1,0,1
1267.732559526,0,0,1
1267.871256566,0,1,1
1267.871256746,0,1,0
1267.871258800,1,1,0
1268.009957046,1,0,0
1268.009957514,1,0,1
1268.009958106,0,0,1
1268.148685430,0,1,1
1268.148686428,0,1,0
1268.148688378,1,1,0
1268.287386844,1,0,0
1268.287387134,1,0,1
1268.287388746,0,0,1
1268.426086354,0,1,1
1268.426086986,0,1,0
1268.426088020,1,1,0
1268.564785814,1,1,1
1268.564786770,1,0,1
1268.564787324,0,0,1
1268.703485668,0,0,0
1268.703486154,0,1,0
1268.703487660,1,1,0
1268.842185436,1,1,1
1268.842185570,1,0,1
1268.842186966,0,0,1
1268.980885288,0,0,0
1268.980886016,0,1,0
1268.980887302,1,1,0
1269.119584118,1,1,1
1269.119585494,1,0,1
1269.119586606,0,0,1
1269.258314878,0,1,1
1269.258315908,0,1,0
1269.258316880,1,1,0
1269.397044736,1,1,1
1269.397045294,1,0,1
1269.397047184,0,0,1
1269.535743742,0,1,1
1269.535745526,0,1,0
1269.535746520,1,1,0
1269.674475218,1,0,0
1269.674475356,1,0,1
1269.674476888,0,0,1
1269.813175602,0,1,1
1269.813176148,0,1,0
1269.813177162,1,1,0
1269.951874914,1,1,1
1269.951875080,1,0,1
1269.951876466,0,0,1
1270.090574466,0,1,1
1270.090574766,0,1,0
1270.090575738,1,1,0
1270.229303596,1,1,1
1270.229304880,1,0,1
1270.229306106,0,0,1
1270.368034386,0,0,0
1270.368035326,0,1,0
1270.368036378,1,1,0
1270.506733742,1,0,0
1270.506735152,1,0,1
1270.506736684,0,0,1
1270.645434188,0,1,1
1270.645435004,0,1,0
1270.645436020,1,1,0
1270.784132604,1,0,0
1270.784133834,1,0,1
1270.784135324,0,0,1
1270.922862986,0,1,1
1270.922864686,0,1,0
1270.922865596,1,1,0
1271.061564454,1,1,1
1271.061565464,1,0,1
1271.061565962,0,0,1
1271.200294848,0,1,1
1271.200295242,0,1,0
1271.200296236,1,1,0
1271.338994072,1,1,1
1271.338994326,1,0,1
1271.338995540,0,0,1
1271.477692924,0,0,0
1271.477693772,0,1,0
1271.477694876,1,1,0
1271.616393188,1,0,0
1271.616393754,1,0,1
1271.616395182,0,0,1
1271.755092544,0,0,0
1271.755092572,0,1,0
1271.755094516,1,1,0
1271.893822050,1,0,0
1271.893822372,1,0,1
1271.893824760,0,0,1
1272.032522224,0,0,0
1272.032522432,0,1,0
1272.032524094,1,1,0
1272.171252910,1,0,0
1272.171252992,1,0,1
1272.171254398,0,0,1
1272.309952294,0,1,1
1272.309953844,0,1,0
1272.309954734,1,1,0
1272.448683612,1,1,1
1272.448684772,1,0,1
1272.448685038,0,0,1
1272.587382462,0,0,0
1272.587384218,0,1,0
1272.587384312,1,1,0
1272.726081292,1,1,1
1272.726082570,1,0,1
1272.726083678,0,0,1
1272.864782080,0,0,0
1272.864783018,0,1,0
1272.864783952,1,1,0
1273.003481494,1,0,0
1273.003482848,1,0,1
1273.003483256,0,0,1
1273.142210638,0,0,0
1273.142210878,0,1,0
1273.142213590,1,1,0
1273.280911356,1,0,0
1273.280911468,1,0,1
1273.280912896,0,0,1
1273.419611318,0,0,0
1273.419611740,0,1,0
1273.419613168,1,1,0
1273.558310154,1,0,0
1273.558311148,1,0,1
1273.558312536,0,0,1
1273.697011600,0,1,1
1273.697011936,0,1,0
1273.697012808,1,1,0
1273.835710768,1,1,1
1273.835711078,1,0,1
1273.835712112,0,0,1
1273.974409462,0,1,1
1273.974409618,0,1,0
1273.974411446,1,1,0
1274.113109876,1,0,0
1274.113110384,1,0,1
1274.113111750,0,0,1
1274.251808260,0,1,1
1274.251809238,0,1,0
1274.251811024,1,1,0
1274.390509002,1,1,1
1274.390509740,1,0,1
1274.390511392,0,0,1
1274.529239184,0,1,1
1274.529239856,0,1,0
1274.529241662,1,1,0
1274.667939598,1,0,0
1274.667939624,1,0,1
1274.667940968,0,0,1
1274.806669044,0,1,1
1274.806670410,0,1,0
1274.806671304,1,1,0
1274.945368460,1,0,0
1274.945369240,1,0,1
1274.945370608,0,0,1
1275.084069092,0,0,0
1275.084069904,0,1,0
1275.084070944,1,1,0
1275.222768170,1,1,1
1275.222769320,1,0,1
1275.222770246,0,0,1
1275.361467336,0,0,0
1275.361468704,0,1,0
1275.361469582,1,1,0
1275.500167478,1,1,1
1275.500169180,1,0,1
1275.500169824,0,0,1
1275.638866328,0,0,0
1275.638866626,0,1,0
1275.638869158,1,1,0
1275.777567042,1,0,0
1275.777567972,1,0,1
1275.777569524,0,0,1
1275.916296948,0,0,0
1275.916298426,0,1,0
1275.916298798,1,1,0
1276.054996902,1,0,0
1276.054997776,1,0,1
1276.054999102,0,0,1
1276.193695628,0,0,0
1276.193697286,0,1,0
1276.193698436,1,1,0
1276.332396394,1,1,1
1276.332397762,1,0,1
1276.332398678,0,0,1
1276.471096246,0,0,0
1276.471097146,0,1,0
1276.471098014,1,1,0
1276.609795076,1,1,1
1276.609795562,1,0,1
1276.609797382,0,0,1
1276.748495926,0,0,0
1276.748496006,0,1,0
1276.748497654,1,1,0
1276.887194484,1,0,0
1276.887195632,1,0,1
1276.887196956,0,0,1
1277.025894868,0,1,1
1277.025895544,0,1,0
1277.025897292,1,1,0
1277.164595282,1,0,0
1277.164595310,1,0,1
1277.164596594,0,0,1
1277.303293728,0,1,1
1277.303294100,0,1,0
1277.303295868,1,1,0
1277.441994928,1,1,1
1277.441995142,1,0,1
1277.441996234,0,0,1
1277.580693526,0,1,1
1277.580693780,0,1,0
1277.580695506,1,1,0
1277.719394610,1,1,1
1277.719395004,1,0,1
1277.719395812,0,0,1
1277.858154386,0,1,1
1277.858155398,0,1,0
1277.858156148,1,1,0
1277.996853862,1,0,0
1277.996854164,1,0,1
1277.996855386,0,0,1
1278.135553308,0,1,1
1278.135555016,0,1,0
1278.135555724,1,1,0
1278.274252724,1,0,0
1278.274253844,1,0,1
1278.274255090,0,0,1
1278.412953168,0,1,1
1278.412953696,0,1,0
1278.412955298,1,1,0
1278.551652584,1,0,0
1278.551653400,1,0,1
1278.551654666,0,0,1
1278.690351252,0,0,0
1278.690352030,0,1,0
1278.690354000,1,1,0
1278.829082506,1,0,0
1278.829083018,1,0,1
1278.829084304,0,0,1
1278.967782868,0,0,0
1278.967783890,0,1,0
1278.967784576,1,1,0
1279.106482304,1,0,0
1279.106482698,1,0,1
1279.106483942,0,0,1
1279.245180550,0,0,0
1279.245181686,0,1,0
1279.245183214,1,1,0
1279.383882164,1,0,0
1279.383882252,1,0,1
1279.383883580,0,0,1
1279.522579610,0,1,1
1279.522582166,0,1,0
1279.522582852,1,1,0
1279.661279996,1,1,1
1279.661282024,1,0,1
1279.661283156,0,0,1
1279.800011470,0,1,1
1279.800011782,0,1,0
1279.800013428,1,1,0
1279.938709612,1,1,1
1279.938709946,1,0,1
1279.938712794,0,0,1
1280.077410400,0,0,0
1280.077411268,0,1,0
1280.077412066,1,1,0
1280.216110168,1,1,1
1280.216110744,1,0,1
1280.216112372,0,0,1
1280.354810190,0,1,1
1280.354811020,0,1,0
1280.354811706,1,1,0
1280.493509846,1,1,1
1280.493511542,1,0,1
1280.493512010,0,0,1
1280.632209698,0,0,0
1280.632209986,0,1,0
1280.632211282,1,1,0
1280.770908464,1,1,1
1280.770909464,1,0,1
1280.770910586,0,0,1
1280.909607846,0,1,1
1280.909609252,0,1,0
1280.909610980,1,1,0
1281.048339082,1,1,1
1281.048340324,1,0,1
1281.048341222,0,0,1
1281.187037932,0,0,0
1281.187038770,0,1,0
1281.187040558,1,1,0
1281.325737698,1,1,1
1281.325738120,1,0,1
1281.325739862,0,0,1
1281.464437550,0,0,0
1281.464439566,0,1,0
1281.464440132,1,1,0
1281.603137042,1,0,0
1281.603139316,1,0,1
1281.603139500,0,0,1
1281.741837166,0,0,0
1281.741838488,0,1,0
1281.741839772,1,1,0
1281.880566902,1,0,0
1281.880568932,1,0,1
1281.880569076,0,0,1
1282.019297284,0,1,1
1282.019298784,0,1,0
1282.019299408,1,1,0
1282.157997700,1,0,0
1282.157998614,1,0,1
1282.157999714,0,0,1
1282.296697144,0,1,1
1282.296698400,0,1,0
1282.296698984,1,1,0
1282.435396230,1,1,1
1282.435396620,1,0,1
1282.435399350,0,0,1
1282.574097002,0,1,1
1282.574097080,0,1,0
1282.574098684,1,1,0
1282.712796480,1,0,0
1282.712796846,1,0,1
1282.712797926,0,0,1
1282.851495864,0,1,1
1282.851496634,0,1,0
1282.851498260,1,1,0
1282.990226462,1,1,1
1282.990227276,1,0,1
1282.990228626,0,0,1
1283.128925722,0,1,1
1283.128926250,0,1,0
1283.128927898,1,1,0
1283.267625078,1,1,1
1283.267625198,1,0,1
1283.267627202,0,0,1
1283.406324520,0,1,1
1283.406325930,0,1,0
1283.406327534,1,1,0
1283.545024758,1,1,1
1283.545024994,1,0,1
1283.545026774,0,0,1
1283.683725440,0,1,1
1283.683725484,0,1,0
1283.683727110,1,1,0
1283.822456374,1,1,1
1283.822456854,1,0,1
1283.822457476,0,0,1
1283.961154226,0,0,0
1283.961155236,0,1,0
1283.961156748,1,1,0
1284.099853928,1,1,1
1284.099854714,1,0,1
1284.099856050,0,0,1
1284.238554780,0,0,0
1284.238555096,0,1,0
1284.238556384,1,1,0
1284.377253572,1,0,0
1284.377253606,1,0,1
1284.377255688,0,0,1
1284.515952956,0,1,1
1284.515953458,0,1,0
1284.515954960,1,1,0
1284.654653494,1,0,0
1284.654654224,1,0,1
1284.654655326,0,0,1
1284.793353074,0,0,0
1284.793353814,0,1,0
1284.793354596,1,1,0
1284.932051902,1,1,1
1284.932053290,1,0,1
1284.932054900,0,0,1
1285.070752696,0,0,0
1285.070752736,0,1,0
1285.070754234,1,1,0
1285.209450456,1,1,1
1285.209451400,1,0,1
1285.209453540,0,0,1
1285.348152308,0,0,0
1285.348153532,0,1,0
1285.348153810,1,1,0
1285.486851136,1,1,1
1285.486852008,1,0,1
1285.486853174,0,0,1
1285.625550924,0,0,0
1285.625551454,0,1,0
1285.625553446,1,1,0
1285.764250804,1,0,0
1285.764251752,1,0,1
1285.764252812,0,0,1
1285.902949540,0,0,0
1285.902950562,0,1,0
1285.902952020,1,1,0
1286.041650726,1,0,0
1286.041651368,1,0,1
1286.041652386,0,0,1
1286.180379672,0,1,1
1286.180381156,0,1,0
1286.180382660,1,1,0
1286.319081046,1,1,1
1286.319081584,1,0,1
1286.319081962,0,0,1
1286.457840836,0,0,0
1286.457841342,0,1,0
1286.457843234,1,1,0
1286.596541442,1,0,0
1286.596541600,1,0,1
1286.596542598,0,0,1
1286.735240450,0,0,0
1286.735241764,0,1,0
1286.735241932,1,1,0
1286.873940278,1,1,1
1286.873941302,1,0,1
1286.873942298,0,0,1
1287.012639622,0,1,1
1287.012640068,0,1,0
1287.012641508,1,1,0
1287.151338098,1,0,0
1287.151339834,1,0,1
1287.151340872,0,0,1
1287.290069480,0,1,1
1287.290069682,0,1,0
1287.290071144,1,1,0
1287.428769512,1,1,1
1287.428769582,1,0,1
1287.428771510,0,0,1
1287.567469298,0,0,0
1287.567469402,0,1,0
1287.567470782,1,1,0
1287.706168128,1,1,1
1287.706168814,1,0,1
1287.706171146,0,0,1
1287.844868198,0,1,1
1287.844868978,0,1,0
1287.844870418,1,1,0
1287.983567742,1,1,1
1287.983568672,1,0,1
1287.983569722,0,0,1
1288.122266530,0,0,0
1288.122267118,0,1,0
1288.122269992,1,1,0
1288.260967360,1,1,1
1288.260967532,1,0,1
1288.260969358,0,0,1
1288.399667914,0,1,1
1288.399668210,0,1,0
1288.399669628,1,1,0
1288.538366974,1,1,1
1288.538367390,1,0,1
1288.538368994,0,0,1
1288.677096772,0,1,1
1288.677098824,0,1,0
1288.677099264,1,1,0
1288.815796250,1,0,0
1288.815797590,1,0,1
1288.815798568,0,0,1
1288.954496442,0,0,0
1288.954496694,0,1,0
1288.954498902,1,1,0
1289.093197268,1,1,1
1289.093197920,1,0,1
1289.093198204,0,0,1
1289.231895488,0,1,1
1289.231896118,0,1,0
1289.231897476,1,1,0
1289.370594884,1,1,1
1289.370596964,1,0,1
1289.370597778,0,0,1
1289.509295672,0,0,0
1289.509296410,0,1,0
1289.509297114,1,1,0
1289.647994498,1,1,1
1289.647994760,1,0,1
1289.647997416,0,0,1
1289.786695206,0,1,1
1289.786695286,0,1,0
1289.786696686,1,1,0
1289.925425620,1,0,0
1289.925426178,1,0,1
1289.925427052,0,0,1
1290.064124964,0,0,0
1290.064125000,0,1,0
1290.064126386,1,1,0
1290.202854540,1,0,0
1290.202854730,1,0,1
1290.202856688,0,0,1
1290.341555922,0,1,1
1290.341556580,0,1,0
1290.341556958,1,1,0
1290.480286346,1,1,1
1290.480286398,1,0,1
1290.480287264,0,0,1
1290.618984196,0,0,0
1290.618985718,0,1,0
1290.618986596,1,1,0
1290.757684026,1,1,1
1290.757684254,1,0,1
1290.757685898,0,0,1
1290.896444574,0,1,1
1290.896444810,0,1,0
1290.896447170,1,1,0
1291.035144638,1,1,1
1291.035145114,1,0,1
1291.035146472,0,0,1
1291.173844496,0,1,1
1291.173845426,0,1,0
1291.173846804,1,1,0
1291.312543970,1,0,0
1291.312545254,1,0,1
1291.312546170,0,0,1
1291.451243104,0,0,0
1291.451243290,0,1,0
1291.451245440,1,1,0
1291.589943868,1,1,1
1291.589944766,1,0,1
1291.589945806,0,0,1
1291.728643210,0,1,1
1291.728643718,0,1,0
1291.728645078,1,1,0
1291.867342560,1,0,0
1291.867343484,1,0,1
1291.867344380,0,0,1
1292.006043006,0,1,1
1292.006043334,0,1,0
1292.006044652,1,1,0
1292.144772100,1,1,1
1292.144772482,1,0,1
1292.144775016,0,0,1
1292.283471864,0,1,1
1292.283473322,0,1,0
1292.283474286,1,1,0
1292.422202338,1,0,0
1292.422202714,1,0,1
1292.422204588,0,0,1
1292.560932564,0,0,0
1292.560933720,0,1,0
1292.560934922,1,1,0
1292.699631392,1,1,1
1292.699632196,1,0,1
1292.699634286,0,0,1
1292.838332178,0,0,0
1292.838333640,0,1,0
1292.838334558,1,1,0
1292.977030990,1,0,0
1292.977032006,1,0,1
1292.977033798,0,0,1
1293.115732436,0,1,1
1293.115732856,0,1,0
1293.115734132,1,1,0
1293.254431912,1,0,0
1293.254432620,1,0,1
1293.254433434,0,0,1
1293.393161294,0,1,1
1293.393161470,0,1,0
1293.393163766,1,1,0
1293.531861768,1,0,0
1293.531862298,1,0,1
1293.531863068,0,0,1
1293.670591150,0,1,1
1293.670592084,0,1,0
1293.670593402,1,1,0
1293.809290626,1,0,0
1293.809290912,1,0,1
1293.809293640,0,0,1
1293.947990636,0,0,0
1293.947992006,0,1,0
1293.947992974,1,1,0
1294.086690464,1,1,1
1294.086691420,1,0,1
1294.086692340,0,0,1
1294.225420314,0,0,0
1294.225421864,0,1,0
1294.225422610,1,1,0
1294.364151142,1,1,1
1294.364152276,1,0,1
1294.364152912,0,0,1
1294.502850720,0,1,1
1294.502852928,0,1,0
1294.502853246,1,1,0
1294.641549756,1,1,1
1294.641550134,1,0,1
1294.641552610,0,0,1
1294.780309578,0,1,1
1294.780312606,0,1,0
1294.780312882,1,1,0
1294.919012054,1,0,0
1294.919012370,1,0,1
1294.919013184,0,0,1
1295.057711222,0,0,0
1295.057711372,0,1,0
1295.057712392,1,1,0
1295.196410984,1,1,1
1295.196411848,1,0,1
1295.196412756,0,0,1
1295.335110834,0,0,0
1295.335111292,0,1,0
1295.335112088,1,1,0
1295.473809598,1,1,1
1295.473809766,1,0,1
1295.473811452,0,0,1
1295.612511148,0,1,1
1295.612511386,0,1,0
1295.612511660,1,1,0
1295.751209560,1,0,0
1295.751210274,1,0,1
1295.751211026,0,0,1
1295.889909006,0,1,1
1295.889909062,0,1,0
1295.889911358,1,1,0
1296.028609418,1,0,0
1296.028609890,1,0,1
1296.028610598,0,0,1
1296.167307676,0,0,0
1296.167307800,0,1,0
1296.167309930,1,1,0
1296.306008274,1,0,0
1296.306009504,1,0,1
1296.306010232,0,0,1
1296.444707290,0,0,0
1296.444707720,0,1,0
1296.444709566,1,1,0
1296.583407068,1,0,0
1296.583407116,1,0,1
1296.583408868,0,0,1
1296.722106968,0,0,0
1296.722108514,0,1,0
1296.722109138,1,1,0
1296.860806730,1,1,1
1296.860806988,1,0,1
1296.860808502,0,0,1
1296.999506518,0,0,0
1296.999507370,0,1,0
1296.999508772,1,1,0
1297.138206346,1,1,1
1297.138206846,1,0,1
1297.138208076,0,0,1
1297.276905226,0,1,1
1297.276906194,0,1,0
1297.276907408,1,1,0
1297.415605958,1,1,1
1297.415606702,1,0,1
1297.415607774,0,0,1
1297.554304020,0,1,1
1297.554305746,0,1,0
1297.554306980,1,1,0
1297.693004634,1,1,1
1297.693006558,1,0,1
1297.693007346,0,0,1
1297.831704358,0,0,0
1297.831706002,0,1,0
1297.831706678,1,1,0
1297.970403186,1,1,1
1297.970404352,1,0,1
1297.970405980,0,0,1
1298.109104036,0,0,0
1298.109104796,0,1,0
1298.109106250,1,1,0
1298.247833800,1,1,1
1298.247834270,1,0,1
1298.247836614,0,0,1
1298.386534590,0,1,1
1298.386534650,0,1,0
1298.386535820,1,1,0
1298.525233476,1,1,1
1298.525234064,1,0,1
1298.525235184,0,0,1
1298.663934324,0,0,0
1298.663934508,0,1,0
1298.663935454,1,1,0
1298.802632984,1,0,0
1298.802633090,1,0,1
1298.802634820,0,0,1
1298.941332876,0,0,0
1298.941333364,0,1,0
1298.941335090,1,1,0
1299.080032764,1,1,1
1299.080032780,1,0,1
1299.080034392,0,0,1
1299.218762490,0,0,0
1299.218763158,0,1,0
1299.218764660,1,1,0
1299.357461632,1,0,0
1299.357463316,1,0,1
1299.357464026,0,0,1
1299.496192164,0,0,0
1299.496193076,0,1,0
1299.496194360,1,1,0
1299.634893490,1,0,0
1299.634893992,1,0,1
1299.634894660,0,0,1
1299.773591932,0,1,1
1299.773592780,0,1,0
1299.773593930,1,1,0
1299.912291408,1,0,0
1299.912291542,1,0,1
1299.912293294,0,0,1
1300.050991726,0,1,1
1300.050992392,0,1,0
1300.050993564,1,1,0
1300.189691138,1,0,0
1300.189691220,1,0,1
1300.189692928,0,0,1
1300.328391068,0,0,0
1300.328391582,0,1,0
1300.328393198,1,1,0
1300.467090830,1,1,1
1300.467091056,1,0,1
1300.467092500,0,0,1
1300.605789438,0,1,1
1300.605789618,0,1,0
1300.605791770,1,1,0
1300.744489914,1,0,0
1300.744490944,1,0,1
1300.744492134,0,0,1
1300.883190168,0,0,0
1300.883190294,0,1,0
1300.883191466,1,1,0
1301.021889706,1,0,0
1301.021890058,1,0,1
1301.021891706,0,0,1
1301.160588844,0,0,0
1301.160590150,0,1,0
1301.160591038,1,1,0
1301.299319624,1,0,0
1301.299319734,1,0,1
1301.299321402,0,0,1
1301.438017942,0,1,1
1301.438018520,0,1,0
1301.438020672,1,1,0
1301.576719346,1,1,1
1301.576719480,1,0,1
1301.576720972,0,0,1
1301.715449132,0,0,0
1301.715449798,0,1,0
1301.715451304,1,1,0
1301.854147898,1,1,1
1301.854149272,1,0,1
1301.854150606,0,0,1
1301.992847808,0,0,0
1301.992848716,0,1,0
1301.992849876,1,1,0
1302.131547572,1,1,1
1302.131548190,1,0,1
1302.131550178,0,0,1
1302.270247572,0,1,1
1302.270248358,0,1,0
1302.270249448,1,1,0
1302.408978046,1,0,0
1302.408978184,1,0,1
1302.408979812,0,0,1
1302.547677490,0,1,1
1302.547679144,1,1,1
1302.686376810,1,1,0
1302.686377838,1,0,0
1302.686379382,0,0,0
1302.824832574,0,0,1
1302.824833284,0,1,1
1302.824834714,1,1,1
1302.963288422,1,1,0
1302.963288696,1,0,0
1302.963290018,0,0,0
1303.101745142,0,1,0
1303.101745248,0,1,1
1303.101746348,1,1,1
1303.240199096,1,1,0
1303.240200554,1,0,0
1303.240201652,0,0,0
1303.378655860,0,0,1
1303.378655998,0,1,1
1303.378656922,1,1,1
1303.517110474,1,0,1
1303.517111710,1,0,0
1303.517112286,0,0,0
1303.655566534,0,0,1
1303.655567856,0,1,1
1303.655568556,1,1,1
1303.794083268,1,0,1
1303.794084322,1,0,0
1303.794084858,0,0,0
1303.932629774,0,1,0
1303.932631146,0,1,1
1303.932632254,1,1,1
1304.071177186,1,0,1
1304.071177934,1,0,0
1304.071179554,0,0,0
1304.209694568,0,1,0
1304.209694760,0,1,1
1304.209695826,1,1,1
1304.348241608,1,1,0
1304.348241982,1,0,0
1304.348243188,0,0,0
1304.486788372,0,0,1
1304.486788424,0,1,1
1304.486789458,1,1,1
1304.625334158,1,1,0
1304.625334838,1,0,0
1304.625336762,0,0,0
1304.763882344,0,1,0
1304.763883048,0,1,1
1304.763884030,1,1,1
1304.902429756,1,0,1
1304.902430832,1,0,0
1304.902431396,0,0,0
1305.040976138,0,1,0
1305.040977660,0,1,1
1305.040978726,1,1,1
1305.179493444,1,1,0
1305.179493552,1,0,0
1305.179495030,0,0,0
1305.318040272,0,0,1
1305.318040994,0,1,1
1305.318042236,1,1,1
1305.456587406,1,0,1
1305.456588058,1,0,0
1305.456589662,0,0,0
1305.595133850,0,1,0
1305.595134946,0,1,1
1305.595135934,1,1,1
1305.733681732,1,1,0
1305.733682326,1,0,0
1305.733683296,0,0,0
1305.872227558,0,0,1
1305.872228708,0,1,1
1305.872230568,1,1,1
1306.010745182,1,0,1
1306.010745344,1,0,0
1306.010746870,0,0,0
1306.149292108,0,0,1
1306.149292564,0,1,1
1306.149294140,1,1,1
1306.287840020,1,1,0
1306.287840038,1,0,0
1306.287841566,0,0,0
1306.426416420,0,1,0
1306.426417782,0,1,1
1306.426418774,1,1,1
1306.564932896,1,0,1
1306.564933632,1,0,0
1306.564935138,0,0,0
1306.703450276,0,1,0
1306.703450396,0,1,1
1306.703452408,1,1,1
1306.841998690,1,0,1
1306.841999242,1,0,0
1306.841999708,0,0,0
1306.980545008,0,0,1
1306.980545132,0,1,1
1306.980546042,1,1,1
1307.119090918,1,1,0
1307.119091608,1,0,0
1307.119093406,0,0,0
1307.257638682,0,0,1
1307.257639052,0,1,1
1307.257640674,1,1,1
1307.396215468,1,1,0
1307.396216526,1,0,0
1307.396217978,0,0,0
1307.534733294,0,0,1
1307.534733844,0,1,1
1307.534735246,1,1,1
1307.673279320,1,0,1
1307.673280144,1,0,0
1307.673281610,0,0,0
1307.811796906,0,0,1
1307.811797702,0,1,1
1307.811798880,1,1,1
1307.950343178,1,0,1
1307.950343756,1,0,0
1307.950345244,0,0,0
1308.088890558,0,1,0
1308.088890582,0,1,1
1308.088892514,1,1,1
1308.227436432,1,1,0
1308.227438034,1,0,0
1308.227439818,0,0,0
1308.365954194,0,0,1
1308.365954414,0,1,1
1308.365956086,1,1,1
1308.504501828,1,0,1
1308.504501980,1,0,0
1308.504503388,0,0,0
1308.643048744,0,0,1
1308.643049270,0,1,1
1308.643050782,1,1,1
1308.781595808,1,0,1
1308.781597656,1,0,0
1308.781598086,0,0,0
1308.920173732,0,0,1
1308.920174126,0,1,1
1308.920175292,1,1,1
1309.058721330,1,1,0
1309.058721602,1,0,0
1309.058722718,0,0,0
1309.197267906,0,0,1
1309.197268046,0,1,1
1309.197269988,1,1,1
1309.335814880,1,1,0
1309.335815460,1,0,0
1309.335816354,0,0,0
1309.474361706,0,0,1
1309.474361840,0,1,1
1309.474363622,1,1,1
1309.612908492,1,1,0
1309.612909316,1,0,0
1309.612910922,0,0,0
1309.751456696,0,1,0
1309.751457318,0,1,1
1309.751458194,1,1,1
1309.890003168,1,1,0
1309.890004110,1,0,0
1309.890005498,0,0,0
1310.028551554,0,1,0
1310.028551994,0,1,1
1310.028552828,1,1,1
1310.167066716,1,1,0
1310.167068030,1,0,0
1310.167069192,0,0,0
1310.305614544,0,0,1
1310.305615410,0,1,1
1310.305616462,1,1,1
1310.444160884,1,0,1
1310.444161394,1,0,0
1310.444162764,0,0,0
1310.582708328,0,1,0
1310.582709218,0,1,1
1310.582710096,1,1,1
1310.721224804,1,0,1
1310.721225006,1,0,0
1310.721227460,0,0,0
1310.859772186,0,1,0
1310.859772832,0,1,1
1310.859773730,1,1,1
1310.998319598,1,0,1
1310.998319680,1,0,0
1310.998321032,0,0,0
1311.136866980,0,1,0
1311.136867444,0,1,1
1311.136868366,1,1,1
1311.275413456,1,0,1
1311.275415294,1,0,0
1311.275415668,0,0,0
1311.413960836,0,1,0
1311.413961118,0,1,1
1311.413962938,1,1,1
1311.552477312,1,0,1
1311.552477906,1,0,0
1311.552479302,0,0,0
1311.691024732,0,0,1
1311.691025756,0,1,1
1311.691026634,1,1,1
1311.829571518,1,1,0
1311.829572170,1,0,0
1311.829572936,0,0,0
1311.968118344,0,0,1
1311.968118612,0,1,1
1311.968120206,1,1,1
1312.106666026,1,0,1
1312.106667132,1,0,0
1312.106667570,0,0,0
1312.245181470,0,1,0
1312.245181956,0,1,1
1312.245183902,1,1,1
1312.383729806,1,1,0
1312.383729944,1,0,0
1312.383731204,0,0,0
1312.522276326,0,1,0
1312.522277570,0,1,1
1312.522278474,1,1,1
1312.660823418,1,1,0
1312.660824740,1,0,0
1312.660825776,0,0,0
1312.799463120,0,1,0
1312.799463246,0,1,1
1312.799464046,1,1,1
1312.938069658,1,0,1
1312.938070032,1,0,0
1312.938072410,0,0,0
1313.076678858,0,0,1
1313.076679978,0,1,1
1313.076680618,1,1,1
1313.215316450,1,0,1
1313.215316706,1,0,0
1313.215319044,0,0,0
1313.353955834,0,1,0
1313.353956470,0,1,1
1313.353957314,1,1,1
1313.492563318,1,1,0
1313.492564246,1,0,0
1313.492565678,0,0,0
1313.631172690,0,1,0
1313.631173084,0,1,1
1313.631173948,1,1,1
1313.769811104,1,0,1
1313.769811934,1,0,0
1313.769813190,0,0,0
1313.908417608,0,1,0
1313.908418698,0,1,1
1313.908420582,1,1,1
1314.047026544,1,1,0
1314.047027958,1,0,0
1314.047028820,0,0,0
1314.185634308,0,0,1
1314.185634402,0,1,1
1314.185637154,1,1,1
1314.324243222,1,1,0
1314.324243940,1,0,0
1314.324245518,0,0,0
1314.462881984,0,0,1
1314.462882320,0,1,1
1314.462883850,1,1,1
1314.601489734,1,0,1
1314.601490834,1,0,0
1314.601492090,0,0,0
1314.740128178,0,1,0
1314.740128598,0,1,1
1314.740130422,1,1,1
1314.878737446,1,1,0
1314.878737590,1,0,0
1314.878738724,0,0,0
1315.017345034,0,1,0
1315.017346996,1,1,0
1315.017347212,1,1,1
1315.155953446,1,0,1
1315.155954060,1,0,0
1315.155955360,0,0,0
1315.294561886,0,0,1
1315.294561890,0,1,1
1315.294563628,1,1,1
1315.433169302,1,0,1
1315.433170734,1,0,0
1315.433171992,0,0,0
1315.571777498,0,0,1
1315.571777684,0,1,1
1315.571779262,1,1,1
1315.710386222,1,0,1
1315.710386286,1,0,0
1315.710387626,0,0,0
1315.848993540,0,1,0
1315.848994112,0,1,1
1315.848995834,1,1,1
1315.987602960,1,1,0
1315.987603016,1,0,0
1315.987604198,0,0,0
1316.126210724,0,0,1
1316.126211398,0,1,1
1316.126212468,1,1,1
1316.264818872,1,0,1
1316.264819574,1,0,0
1316.264820832,0,0,0
1316.403427254,0,1,0
1316.403428336,0,1,1
1316.403429102,1,1,1
1316.542035186,1,1,0
1316.542035730,1,0,0
1316.542036404,0,0,0
1316.680642172,0,1,0
1316.680642950,0,1,1
1316.680644738,1,1,1
1316.819250800,1,1,0
1316.819251524,1,0,0
1316.819253038,0,0,0
1316.957858626,0,0,1
1316.957860028,0,1,1
1316.957861370,1,1,1
1317.096467380,1,0,1
1317.096467474,1,0,0
1317.096469674,0,0,0
1317.235076238,0,0,1
1317.235076886,0,1,1
1317.235078006,1,1,1
1317.373683088,1,1,0
1317.373683236,1,0,0
1317.373685246,0,0,0
1317.512290914,0,0,1
1317.512291680,0,1,1
1317.512293640,1,1,1
1317.650900156,1,0,1
1317.650900450,1,0,0
1317.650901940,0,0,0
1317.789507526,0,0,1
1317.789508538,0,1,1
1317.789510210,1,1,1
1317.928145314,1,1,0
1317.928146950,1,0,0
1317.928148512,0,0,0
1318.066754076,0,0,1
1318.066754394,0,1,1
1318.066756846,1,1,1
1318.205362926,1,1,0
1318.205363806,1,0,0
1318.205365210,0,0,0
1318.343971752,0,0,1
1318.343972250,0,1,1
1318.343973480,1,1,1
1318.482579726,1,0,1
1318.482580538,1,0,0
1318.482581844,0,0,0
1318.621187108,0,1,0
1318.621187364,0,1,1
1318.621189052,1,1,1
1318.759856518,1,0,1
1318.759857214,1,0,0
1318.759858418,0,0,0
1318.898464026,0,1,0
1318.898466686,1,1,0
1318.898466978,1,1,1
1319.037104438,1,0,1
1319.037104890,1,0,0
1319.037106052,0,0,0
1319.175772818,0,1,0
1319.175773654,0,1,1
1319.175774320,1,1,1
1319.314380356,1,0,1
1319.314380440,1,0,0
1319.314382622,0,0,0
1319.452989266,0,0,1
1319.452989676,0,1,1
1319.452990892,1,1,1
1319.591597150,1,0,1
1319.591599052,1,0,0
1319.591599256,0,0,0
1319.730205880,0,0,1
1319.730206532,0,1,1
1319.730207526,1,1,1
1319.868813666,1,1,0
1319.868813944,1,0,0
1319.868815890,0,0,0
1320.007421388,0,1,0
1320.007421492,0,1,1
1320.007423162,1,1,1
1320.146029404,1,1,0
1320.146029864,1,0,0
1320.146031462,0,0,0
1320.284638106,0,0,1
1320.284638246,0,1,1
1320.284639856,1,1,1
1320.423276954,1,1,0
1320.423277720,1,0,0
1320.423279096,0,0,0
1320.561884102,0,1,0
1320.561884780,0,1,1
1320.561886368,1,1,1
1320.700492568,1,1,0
1320.700492578,1,0,0
1320.700494730,0,0,0
1320.839101394,0,0,1
1320.839101960,0,1,1
1320.839103062,1,1,1
1320.977740182,1,1,0
1320.977740434,1,0,0
1320.977741302,0,0,0
1321.116347816,0,1,0
1321.116348008,0,1,1
1321.116349634,1,1,1
1321.254956292,1,0,1
1321.254956792,1,0,0
1321.254958000,0,0,0
1321.393594672,0,1,0
1321.393594682,0,1,1
1321.393596270,1,1,1
1321.532203146,1,0,1
1321.532203406,1,0,0
1321.532204570,0,0,0
1321.670843296,0,0,1
1321.670843528,0,1,1
1321.670843840,1,1,1
1321.809449942,1,0,1
1321.809450082,1,0,0
1321.809451204,0,0,0
1321.948056908,0,0,1
1321.948058384,0,1,1
1321.948059476,1,1,1
1322.086666298,1,0,1
1322.086666696,1,0,0
1322.086667902,0,0,0
1322.225303584,0,0,1
1322.225305242,0,1,1
1322.225306110,1,1,1
1322.363912280,1,0,1
1322.363912308,1,0,0
1322.363914474,0,0,0
1322.502521134,0,0,1
1322.502521598,0,1,1
1322.502522744,1,1,1
1322.641158982,1,1,0
1322.641159386,1,0,0
1322.641162046,0,0,0
1322.779766810,0,0,1
1322.779767644,0,1,1
1322.779769316,1,1,1
1322.918375430,1,0,1
1322.918376534,1,0,0
1322.918377680,0,0,0
1323.056983748,0,1,0
1323.056984424,0,1,1
1323.056985948,1,1,1
1323.195622208,1,1,0
1323.195622974,1,0,0
1323.195624250,0,0,0
1323.334230606,0,1,0
1323.334230972,0,1,1
1323.334232584,1,1,1
1323.472837822,1,1,0
1323.472840518,1,0,0
1323.472840948,0,0,0
1323.611476648,0,0,1
1323.611478276,0,1,1
1323.611479218,1,1,1
1323.750085938,1,0,1
1323.750086496,1,0,0
1323.750087520,0,0,0
1323.888692260,0,0,1
1323.888693318,0,1,1
1323.888695790,1,1,1
1324.027331794,1,0,1
1324.027333110,1,0,0
1324.027334154,0,0,0
1324.165940874,0,0,1
1324.165941238,0,1,1
1324.165942486,1,1,1
1324.304549716,1,0,1
1324.304549724,1,0,0
1324.304550788,0,0,0
1324.443157486,0,0,1
1324.443158032,0,1,1
1324.443159058,1,1,1
1324.581765336,1,1,0
1324.581765506,1,0,0
1324.581767360,0,0,0
1324.720373162,0,0,1
1324.720373888,0,1,1
1324.720375692,1,1,1
1324.858981364,1,0,1
1324.858982950,1,0,0
1324.858984056,0,0,0
1324.997587776,0,0,1
1324.997589744,0,1,1
1324.997591326,1,1,1
1325.136197220,1,0,1
1325.136199562,1,0,0
1325.136199690,0,0,0
1325.274805388,0,0,1
1325.274806664,0,1,1
1325.274807898,1,1,1
1325.413445076,1,0,1
1325.413445236,1,0,0
1325.413446262,0,0,0
1325.552052458,0,1,0
1325.552054062,0,1,1
1325.552054594,1,1,1
1325.690660934,1,0,1
1325.690661100,1,0,0
1325.690662896,0,0,0
1325.829270314,0,1,0
1325.829270676,0,1,1
1325.829271166,1,1,1
1325.967907462,1,1,0
1325.967907790,1,0,0
1325.967909530,0,0,0
1326.106515234,0,1,0
1326.106516288,0,1,1
1326.106517800,1,1,1
1326.245123644,1,0,1
1326.245124076,1,0,0
1326.245126100,0,0,0
1326.383732026,0,1,0
1326.383732900,0,1,1
1326.383734372,1,1,1
1326.522340502,1,0,1
1326.522340750,1,0,0
1326.522342734,0,0,0
1326.660947514,0,0,1
1326.660948946,0,1,1
1326.660950006,1,1,1
1326.799588300,1,1,0
1326.799588360,1,0,0
1326.799589372,0,0,0
1326.938194740,0,1,0
1326.938195128,0,1,1
1326.938197640,1,1,1
1327.076803974,1,1,0
1327.076804216,1,0,0
1327.076806004,0,0,0
1327.215410658,0,1,0
1327.215411800,0,1,1
1327.215413272,1,1,1
1327.354019072,1,0,1
1327.354020588,1,0,0
1327.354021576,0,0,0
1327.492627416,0,0,1
1327.492627516,0,1,1
1327.492629844,1,1,1
1327.631235926,1,0,1
1327.631237264,1,0,0
1327.631238210,0,0,0
1327.769844028,0,0,1
1327.769845310,0,1,1
1327.769846540,1,1,1
1327.908453722,1,0,1
1327.908453876,1,0,0
1327.908454780,0,0,0
1328.047090642,0,0,1
1328.047092228,0,1,1
1328.047093114,1,1,1
1328.185728640,1,0,1
1328.185729426,1,0,0
1328.185731414,0,0,0
1328.324337316,0,0,1
1328.324338020,0,1,1
1328.324339686,1,1,1
1328.462946164,1,1,0
1328.462946496,1,0,0
1328.462948048,0,0,0
1328.601554940,0,1,0
1328.601555864,0,1,1
1328.601556318,1,1,1
1328.740162776,1,1,0
1328.740163352,1,0,0
1328.740164682,0,0,0
1328.878770796,0,1,0
1328.878771478,0,1,1
1328.878771952,1,1,1
1329.017409208,1,0,1
1329.017409388,1,0,0
1329.017411316,0,0,0
1329.156017652,0,1,0
1329.156018152,0,1,1
1329.156019524,1,1,1
1329.294624998,1,1,0
1329.294625000,1,0,0
1329.294626888,0,0,0
1329.433232764,0,0,1
1329.433233510,0,1,1
1329.433235158,1,1,1
1329.571841614,1,1,0
1329.571841858,1,0,0
1329.571843522,0,0,0
1329.710449378,0,0,1
1329.710450364,0,1,1
1329.710451854,1,1,1
1329.849058714,1,0,1
1329.849059226,1,0,0
1329.849060094,0,0,0
1329.987696052,0,0,1
1329.987697220,0,1,1
1329.987698426,1,1,1
1330.126303838,1,1,0
1330.126304570,1,0,0
1330.126306788,0,0,0
1330.264913078,0,1,0
1330.264913602,0,1,1
1330.264915058,1,1,1
1330.403521488,1,0,1
1330.403523360,0,0,1
1330.403523514,0,0,0
1330.542129276,0,0,1
1330.542129932,0,1,1
1330.542131692,1,1,1
1330.680736346,1,0,1
1330.680737126,1,0,0
1330.680738994,0,0,0
1330.819344952,0,0,1
1330.819346726,0,1,1
1330.819347264,1,1,1
1330.957984738,1,1,0
1330.957985202,1,0,0
1330.957986566,0,0,0
1331.096591502,0,0,1
1331.096593646,0,1,1
1331.096593960,1,1,1
1331.235201058,1,0,1
1331.235201350,1,0,0
1331.235202262,0,0,0
1331.373807438,0,1,0
1331.373809176,0,1,1
1331.373810530,1,1,1
1331.512416024,1,1,0
1331.512417914,1,0,0
1331.512418834,0,0,0
1331.651024296,0,1,0
1331.651025788,0,1,1
1331.651027166,1,1,1
1331.789632770,1,0,1
1331.789633574,1,0,0
1331.789635468,0,0,0
1331.928240400,0,0,1
1331.928241150,0,1,1
1331.928242738,1,1,1
1332.066849188,1,1,0
1332.066849626,1,0,0
1332.066851100,0,0,0
1332.205517012,0,0,1
1332.205519070,0,1,1
1332.205520432,1,1,1
1332.344156862,1,1,0
1332.344157480,1,0,0
1332.344159670,0,0,0
1332.482764624,0,0,1
1332.482765924,0,1,1
1332.482766942,1,1,1
1332.621373274,1,0,1
1332.621373474,1,0,0
1332.621375304,0,0,0
1332.759980718,0,1,0
1332.759982300,0,1,1
1332.759983636,1,1,1
1332.898590130,1,0,1
1332.898591086,1,0,0
1332.898591940,0,0,0
1333.037197574,0,1,0
1333.037197912,0,1,1
1333.037200270,1,1,1
1333.175836986,1,0,1
1333.175837762,1,0,0
1333.175838572,0,0,0
1333.314474524,0,0,1
1333.314475368,0,1,1
1333.314476842,1,1,1
1333.453082842,1,0,1
1333.453083372,1,0,0
1333.453085142,0,0,0
1333.591691136,0,0,1
1333.591693348,0,1,1
1333.591693412,1,1,1
1333.730300696,1,0,1
1333.730301048,1,0,0
1333.730301838,0,0,0
1333.868907748,0,0,1
1333.868908142,0,1,1
1333.868910044,1,1,1
1334.007516552,1,0,1
1334.007517596,1,0,0
1334.007518410,0,0,0
1334.146155360,0,0,1
1334.146156060,0,1,1
1334.146156616,1,1,1
1334.284763470,1,0,1
1334.284763772,1,0,0
1334.284765042,0,0,0
1334.423401910,0,0,1
1334.423402852,0,1,1
1334.423403312,1,1,1
1334.562009882,1,1,0
1334.562011264,1,0,0
1334.562011676,0,0,0
1334.700647646,0,0,1
1334.700648646,0,1,1
1334.700649944,1,1,1
1334.839256494,1,1,0
1334.839257120,1,0,0
1334.839258308,0,0,0
1334.977865258,0,0,1
1334.977865564,0,1,1
1334.977866580,1,1,1
1335.116472108,1,1,0
1335.116472976,1,0,0
1335.116474880,0,0,0
1335.255080418,0,1,0
1335.255081870,0,1,1
1335.255083148,1,1,1
1335.393689782,1,1,0
1335.393689894,1,0,0
1335.393691514,0,0,0
1335.532328212,0,1,0
1335.532328544,0,1,1
1335.532329782,1,1,1
1335.670966750,1,0,1
1335.670967332,1,0,0
1335.670968146,0,0,0
1335.809575130,0,1,0
1335.809575158,0,1,1
1335.809576416,1,1,1
1335.948182006,1,1,0
1335.948183606,1,0,0
1335.948184778,0,0,0
1336.086791770,0,0,1
1336.086791986,0,1,1
1336.086793048,1,1,1
1336.225429554,1,1,0
1336.225430398,1,0,0
1336.225431350,0,0,0
1336.364038442,0,0,1
1336.364038842,0,1,1
1336.364039620,1,1,1
1336.502675254,1,0,1
1336.502677228,1,0,0
1336.502677984,0,0,0
1336.641314696,0,1,0
1336.641315054,0,1,1
1336.641317252,1,1,1
1336.779923840,1,1,0
1336.779924110,1,0,0
1336.779925552,0,0,0
1336.918531552,0,1,0
1336.918531666,0,1,1
1336.918532948,1,1,1
1337.057169966,1,0,1
1337.057170452,1,0,0
1337.057172186,0,0,0
1337.195778340,0,0,1
1337.195778408,0,1,1
1337.195780456,1,1,1
1337.334385820,1,0,1
1337.334386126,1,0,0
1337.334387820,0,0,0
1337.472993952,0,0,1
1337.472995202,0,1,1
1337.472996150,1,1,1
1337.611602676,1,0,1
1337.611602738,1,0,0
1337.611604452,0,0,0
1337.750210564,0,0,1
1337.750211118,0,1,1
1337.750212722,1,1,1
1337.888818594,1,0,1
1337.888819348,1,0,0
1337.888821084,0,0,0
1338.027426974,0,1,0
1338.027428174,0,1,1
1338.027429356,1,1,1
1338.166066024,1,1,0
1338.166067386,1,0,0
1338.166067656,0,0,0
1338.304673830,0,1,0
1338.304674786,0,1,1
1338.304675988,1,1,1
1338.443283242,1,0,1
1338.443283572,1,0,0
1338.443284290,0,0,0
1338.581890398,0,0,1
1338.581891622,0,1,1
1338.581892620,1,1,1
1338.720497184,1,1,0
1338.720499098,1,0,0
1338.720499858,0,0,0
1338.859106010,0,0,1
1338.859106478,0,1,1
1338.859108252,1,1,1
1338.997714920,1,1,0
1338.997714952,1,0,0
1338.997716492,0,0,0
1339.136322622,0,0,1
1339.136323334,0,1,1
1339.136324824,1,1,1
1339.274931532,1,1,0
1339.274931808,1,0,0
1339.274933188,0,0,0
1339.413540188,0,1,0
1339.413540296,0,1,1
1339.413541456,1,1,1
1339.552146662,1,0,1
1339.552147080,1,0,0
1339.552148756,0,0,0
1339.690755906,0,0,1
1339.690756106,0,1,1
1339.690757026,1,1,1
1339.829364520,1,0,1
1339.829364754,1,0,0
1339.829365392,0,0,0
1339.968001518,0,0,1
1339.968002962,0,1,1
1339.968003660,1,1,1
1340.106609374,1,0,1
1340.106610366,1,0,0
1340.106612024,0,0,0
1340.245219130,0,0,1
1340.245219818,0,1,1
1340.245220292,1,1,1
1340.383826228,1,0,1
1340.383826978,1,0,0
1340.383828594,0,0,0
1340.522434672,0,1,0
1340.522435740,0,1,1
1340.522436864,1,1,1
1340.661044084,1,0,1
1340.661044590,1,0,0
1340.661045226,0,0,0
1340.799652416,0,0,1
1340.799652528,0,1,1
1340.799653558,1,1,1
1340.938258940,1,0,1
1340.938259200,1,0,0
1340.938260858,0,0,0
1341.076928320,0,1,0
1341.076929026,0,1,1
1341.076930192,1,1,1
1341.215536794,1,0,1
1341.215537874,1,0,0
1341.215538492,0,0,0
1341.354144176,0,1,0
1341.354145638,0,1,1
1341.354146762,1,1,1
1341.492752486,1,1,0
1341.492753648,1,0,0
1341.492755124,0,0,0
1341.631362092,0,1,0
1341.631362248,0,1,1
1341.631363394,1,1,1
1341.769967506,1,0,1
1341.769969096,1,0,0
1341.769970694,0,0,0
1341.908576922,0,0,1
1341.908576948,0,1,1
1341.908578962,1,1,1
1342.047216708,1,1,0
1342.047217360,1,0,0
1342.047218326,0,0,0
1342.185854740,0,1,0
1342.185855534,0,1,1
1342.185856596,1,1,1
1342.324462320,1,1,0
1342.324464214,1,0,0
1342.324464958,0,0,0
1342.463071146,0,0,1
1342.463071594,0,1,1
1342.463073228,1,1,1
1342.601679070,1,0,1
1342.601679994,1,0,0
1342.601681592,0,0,0
1342.740286820,0,0,1
1342.740287512,0,1,1
1342.740288858,1,1,1
1342.878894924,1,0,1
1342.878896918,1,0,0
1342.878897222,0,0,0
1343.017503368,0,1,0
1343.017503430,0,1,1
1343.017505492,1,1,1
1343.156111778,1,0,1
1343.156112154,1,0,0
1343.156113792,0,0,0
1343.294720042,0,0,1
1343.294721222,0,1,1
1343.294722126,1,1,1
1343.433327826,1,1,0
1343.433328572,1,0,0
1343.433330426,0,0,0
1343.571936078,0,1,0
1343.571936652,0,1,1
1343.571937758,1,1,1
1343.710544502,1,1,0
1343.710545426,1,0,0
1343.710546058,0,0,0
1343.849152872,0,1,0
1343.849153262,0,1,1
1343.849154326,1,1,1
1343.987790050,1,1,0
1343.987791282,1,0,0
1343.987792628,0,0,0
1344.126398786,0,1,0
1344.126398874,0,1,1
1344.126400958,1,1,1
1344.265007724,1,1,0
1344.265008136,1,0,0
1344.265009260,0,0,0
1344.403615548,0,0,1
1344.403615580,0,1,1
1344.403617592,1,1,1
1344.542224052,1,0,1
1344.542224334,1,0,0
1344.542225892,0,0,0
1344.680831496,0,1,0
1344.680832160,0,1,1
1344.680834224,1,1,1
1344.819439908,1,0,1
1344.819440008,1,0,0
1344.819441460,0,0,0
1344.958078350,0,1,0
1344.958079770,0,1,1
1344.958080856,1,1,1
1345.096717558,1,1,0
1345.096717762,1,0,0
1345.096719096,0,0,0
1345.235326382,0,0,1
1345.235327142,0,1,1
1345.235327424,1,1,1
1345.373933556,1,0,1
1345.373934168,1,0,0
1345.373935726,0,0,0
1345.512571992,0,0,1
1345.512571998,0,1,1
1345.512573996,1,1,1
1345.651180472,1,0,1
1345.651181840,1,0,0
1345.651182358,0,0,0
1345.789787666,0,0,1
1345.789789914,0,1,1
1345.789790690,1,1,1
1345.928397264,1,0,1
1345.928397450,1,0,0
1345.928398990,0,0,0
1346.067005276,0,0,1
1346.067006768,0,1,1
1346.067007322,1,1,1
1346.205612118,1,0,1
1346.205613124,1,0,0
1346.205614560,0,0,0
1346.344220888,0,0,1
1346.344221562,0,1,1
1346.344222890,1,1,1
1346.482829734,1,1,0
1346.482830036,1,0,0
1346.482831192,0,0,0
1346.621436416,0,1,0
1346.621437498,0,1,1
1346.621439460,1,1,1
1346.760045346,1,1,0
1346.760046890,1,0,0
1346.760047824,0,0,0
1346.898654272,0,1,0
1346.898655108,0,1,1
1346.898656154,1,1,1
1347.037260744,1,0,1
1347.037261956,1,0,0
1347.037263456,0,0,0
1347.175869124,0,1,0
1347.175869780,0,1,1
1347.175871724,1,1,1
1347.314477566,1,1,0
1347.314478536,1,0,0
1347.314480088,0,0,0
1347.453085394,0,0,1
1347.453085980,0,1,1
1347.453088356,1,1,1
1347.591694178,1,1,0
1347.591695454,1,0,0
1347.591696656,0,0,0
1347.730303834,0,1,0
1347.730304004,0,1,1
1347.730304926,1,1,1
1347.868909790,1,1,0
1347.868911246,1,0,0
1347.868912290,0,0,0
1348.007518676,0,0,1
1348.007518752,0,1,1
1348.007520620,1,1,1
1348.146157100,1,0,1
1348.146157400,1,0,0
1348.146159922,0,0,0
1348.284796226,0,0,1
1348.284796544,0,1,1
1348.284798190,1,1,1
1348.423404956,1,0,1
1348.423405074,1,0,0
1348.423406552,0,0,0
1348.562012898,0,0,1
1348.562014334,0,1,1
1348.562014822,1,1,1
1348.700650684,1,1,0
1348.700651872,1,0,0
1348.700653060,0,0,0
1348.839289446,0,0,1
1348.839290252,0,1,1
1348.839291454,1,1,1
1348.977898356,1,1,0
1348.977898728,1,0,0
1348.977899754,0,0,0
1349.116506120,0,0,1
1349.116508086,1,0,1
1349.116508106,1,1,1
1349.255144518,1,0,1
1349.255145966,1,0,0
1349.255146386,0,0,0
1349.393782730,0,0,1
1349.393783962,0,1,1
1349.393785654,1,1,1
1349.532391372,1,0,1
1349.532392578,1,0,0
1349.532394018,0,0,0
1349.671030816,0,1,0
1349.671032286,1,1,0
1349.671032404,1,1,1
1349.809639190,1,1,0
1349.809639290,1,0,0
1349.809640650,0,0,0
1349.948247014,0,0,1
1349.948248670,0,1,1
1349.948248918,1,1,1
1350.086854800,1,1,0
1350.086857082,1,0,0
1350.086857280,0,0,0
1350.225462626,0,0,1
1350.225463526,0,1,1
1350.225464548,1,1,1
1350.364070936,1,0,1
1350.364071412,1,0,0
1350.364072850,0,0,0
1350.502678378,0,1,0
1350.502680236,0,1,1
1350.502681180,1,1,1
1350.641316790,1,0,1
1350.641317084,1,0,0
1350.641319482,0,0,0
1350.779925234,0,1,0
1350.779925846,0,1,1
1350.779927814,1,1,1
1350.918534646,1,0,1
1350.918534694,1,0,0
1350.918536114,0,0,0
1351.057142020,0,0,1
1351.057142088,0,1,1
1351.057144444,1,1,1
1351.195750498,1,0,1
1351.195752306,1,0,0
1351.195752682,0,0,0
1351.334389880,0,0,1
1351.334389942,0,1,1
1351.334391014,1,1,1
1351.472995978,1,1,0
1351.472997354,1,0,0
1351.472999378,0,0,0
1351.611605740,0,0,1
1351.611605796,0,1,1
1351.611607644,1,1,1
1351.750214208,1,0,1
1351.750214588,1,0,0
1351.750215884,0,0,0
1351.888822350,0,0,1
1351.888822650,0,1,1
1351.888824216,1,1,1
1352.027429124,1,0,1
1352.027430198,1,0,0
1352.027431514,0,0,0
1352.166038024,0,0,1
1352.166039504,0,1,1
1352.166039848,1,1,1
1352.304644978,1,0,1
1352.304646810,1,0,0
1352.304648146,0,0,0
1352.443254634,0,0,1
1352.443255360,0,1,1
1352.443256478,1,1,1
1352.581862420,1,1,0
1352.581863770,1,0,0
1352.581864842,0,0,0
1352.720470244,0,0,1
1352.720471150,0,1,1
1352.720473108,1,1,1
1352.859078030,1,1,0
1352.859078688,1,0,0
1352.859080412,0,0,0
1352.997717854,0,0,1
1352.997718004,0,1,1
1352.997719678,1,1,1
1353.136326478,1,0,1
1353.136326640,1,0,0
1353.136328102,0,0,0
1353.274964920,0,1,0
1353.274965464,0,1,1
1353.274966372,1,1,1
1353.413572312,1,1,0
1353.413573396,1,0,0
1353.413574610,0,0,0
1353.552180712,0,1,0
1353.552181138,0,1,1
1353.552182940,1,1,1
1353.690788248,1,0,1
1353.690788922,1,0,0
1353.690790242,0,0,0
1353.829396748,0,0,1
1353.829397566,0,1,1
1353.829398570,1,1,1
1353.968004532,1,1,0
1353.968006102,1,0,0
1353.968006872,0,0,0
1354.106674482,0,1,0
1354.106675296,0,1,1
1354.106676204,1,1,1
1354.245282206,1,1,0
1354.245283894,1,0,0
1354.245284502,0,0,0
1354.383890968,0,0,1
1354.383891336,0,1,1
1354.383892770,1,1,1
1354.522498810,1,0,1
1354.522499814,1,0,0
1354.522501134,0,0,0
1354.661106128,0,1,0
1354.661107640,0,1,1
1354.661108402,1,1,1
1354.799714602,1,0,1
1354.799715424,1,0,0
1354.799716702,0,0,0
1354.938323250,0,0,1
1354.938323982,0,1,1
1354.938325034,1,1,1
1355.076931036,1,1,0
1355.076932456,1,0,0
1355.076933396,0,0,0
1355.215540836,0,1,0
1355.215540860,0,1,1
1355.215541666,1,1,1
1355.354148370,1,0,1
1355.354148646,1,0,0
1355.354150028,0,0,0
1355.492754470,0,0,1
1355.492756688,0,1,1
1355.492757234,1,1,1
1355.631363162,1,0,1
1355.631364256,1,0,0
1355.631365596,0,0,0
1355.769971604,0,1,0
1355.769972080,0,1,1
1355.769973862,1,1,1
1355.908580016,1,0,1
1355.908580928,1,0,0
1355.908582226,0,0,0
1356.047218396,0,1,0
1356.047218690,0,1,1
1356.047220494,1,1,1
1356.185825932,1,0,1
1356.185827476,1,0,0
1356.185828858,0,0,0
1356.324434300,0,0,1
1356.324435312,0,1,1
1356.324437124,1,1,1
1356.463073722,1,0,1
1356.463074084,1,0,0
1356.463075426,0,0,0
1356.601681972,0,0,1
1356.601682104,0,1,1
1356.601683694,1,1,1
1356.740289576,1,0,1
1356.740289758,1,0,0
1356.740292056,0,0,0
1356.878898020,0,1,0
1356.878898518,0,1,1
1356.878900326,1,1,1
1357.017568366,1,1,0
1357.017568492,1,0,0
1357.017569688,0,0,0
1357.156175184,0,1,0
1357.156177192,0,1,1
1357.156177956,1,1,1
1357.294783978,1,1,0
1357.294784282,1,0,0
1357.294785254,0,0,0
1357.433391724,0,1,0
1357.433391802,0,1,1
1357.433393586,1,1,1
1357.571998586,1,1,0
1357.572001136,1,0,0
1357.572001948,0,0,0
1357.710608412,0,0,1
1357.710609516,0,1,1
1357.710610216,1,1,1
1357.849216988,1,0,1
1357.849218196,1,0,0
1357.849218516,0,0,0
1357.987824084,0,0,1
1357.987825368,0,1,1
1357.987826784,1,1,1
1358.126462592,1,0,1
1358.126462870,1,0,0
1358.126465148,0,0,0
1358.265071694,0,0,1
1358.265072222,0,1,1
1358.265073414,1,1,1
1358.403680134,1,0,1
1358.403680478,1,0,0
1358.403681778,0,0,0
1358.542287138,0,1,0
1358.542287302,0,1,1
1358.542289044,1,1,1
1358.680895548,1,0,1
1358.680896086,1,0,0
1358.680897408,0,0,0
1358.819534912,0,0,1
1358.819535428,0,1,1
1358.819536676,1,1,1
1358.958143714,1,0,1
1358.958144696,1,0,0
1358.958144976,0,0,0
1359.096749958,0,0,1
1359.096751968,0,1,1
1359.096752242,1,1,1
1359.235360256,1,0,1
1359.235360306,1,0,0
1359.235360606,0,0,0
1359.373997696,0,1,0
1359.373998192,0,1,1
1359.373999872,1,1,1
1359.512605040,1,1,0
1359.512605106,1,0,0
1359.512607236,0,0,0
1359.651212550,0,1,0
1359.651215114,0,1,1
1359.651215502,1,1,1
1359.789821586,1,1,0
1359.789821960,1,0,0
1359.789823866,0,0,0
1359.928430402,0,1,0
1359.928430410,0,1,1
1359.928432072,1,1,1
1360.067068194,1,1,0
1360.067068814,1,0,0
1360.067070496,0,0,0
1360.205676256,0,1,0
1360.205677020,0,1,1
1360.205678700,1,1,1
1360.344284868,1,1,0
1360.344285604,1,0,0
1360.344287062,0,0,0
1360.482894046,0,1,0
1360.482894630,0,1,1
1360.482895330,1,1,1
1360.621501456,1,0,1
1360.621501476,1,0,0
1360.621503694,0,0,0
1360.760109238,0,0,1
1360.760109898,0,1,1
1360.760110900,1,1,1
1360.898717086,1,1,0
1360.898717310,1,0,0
1360.898719324,0,0,0
1361.037324848,0,0,1
1361.037325752,0,1,1
1361.037327528,1,1,1
1361.175964162,1,0,1
1361.175965694,1,0,0
1361.175966892,0,0,0
1361.314571666,0,1,0
1361.314572520,0,1,1
1361.314574220,1,1,1
1361.453180014,1,0,1
1361.453180366,1,0,0
1361.453182522,0,0,0
1361.591789128,0,0,1
1361.591789456,0,1,1
1361.591790788,1,1,1
1361.730397928,1,0,1
1361.730397974,1,0,0
1361.730399088,0,0,0
1361.869004800,0,0,1
1361.869006372,0,1,1
1361.869007420,1,1,1
1362.007642720,1,0,1
1362.007644586,1,0,0
1362.007645782,0,0,0
1362.146282348,0,0,1
1362.146283224,0,1,1
1362.146284048,1,1,1
1362.284921634,1,0,1
1362.284922130,1,0,0
1362.284923346,0,0,0
1362.423590014,0,1,0
1362.423591018,0,1,1
1362.423592616,1,1,1
1362.562197802,1,1,0
1362.562198488,1,0,0
1362.562199976,0,0,0
1362.700805866,0,1,0
1362.700806626,0,1,1
1362.700808308,1,1,1
1362.839414340,1,0,1
1362.839414410,1,0,0
1362.839416606,0,0,0
1362.978022720,0,1,0
1362.978023236,0,1,1
1362.978024936,1,1,1
1363.116661082,1,1,0
1363.116662128,1,0,0
1363.116663236,0,0,0
1363.255300570,0,1,0
1363.255300844,0,1,1
1363.255302442,1,1,1
1363.393938628,1,1,0
1363.393938980,1,0,0
1363.393940866,0,0,0
1363.532547486,0,1,0
1363.532547516,0,1,1
1363.532549070,1,1,1
1363.671184896,1,0,1
1363.671186300,1,0,0
1363.671187370,0,0,0
1363.809794126,0,0,1
1363.809794276,0,1,1
1363.809795764,1,1,1
1363.948401846,1,1,0
1363.948402750,1,0,0
1363.948404000,0,0,0
1364.087010734,0,0,1
1364.087012128,0,1,1
1364.087012330,1,1,1
1364.225618580,1,1,0
1364.225619538,1,0,0
1364.225620694,0,0,0
1364.364226342,0,0,1
1364.364226980,0,1,1
1364.364227960,1,1,1
1364.502834392,1,0,1
1364.502835190,1,0,0
1364.502836322,0,0,0
1364.641442896,0,1,0
1364.641442950,0,1,1
1364.641444528,1,1,1
1364.780050244,1,0,1
1364.780050800,1,0,0
1364.780052888,0,0,0
1364.918659624,0,1,0
1364.918660560,0,1,1
1364.918661156,1,1,1
1365.057267408,1,1,0
1365.057268158,1,0,0
1365.057269456,0,0,0
1365.195876170,0,0,1
1365.195876538,0,1,1
1365.195877786,1,1,1
1365.334483016,1,1,0
1365.334484012,1,0,0
1365.334485150,0,0,0
1365.473091390,0,1,0
1365.473091840,0,1,1
1365.473093478,1,1,1
1365.611700624,1,1,0
1365.611700862,1,0,0
1365.611701714,0,0,0
1365.750308242,0,1,0
1365.750308448,0,1,1
1365.750310046,1,1,1
1365.888916234,1,1,0
1365.888916716,1,0,0
1365.888918346,0,0,0
1366.027525032,0,1,0
1366.027525058,0,1,1
1366.027526676,1,1,1
1366.166131506,1,0,1
1366.166131842,1,0,0
1366.166133976,0,0,0
1366.304770884,0,1,0
1366.304771728,0,1,1
1366.304773242,1,1,1
1366.443379512,1,1,0
1366.443380420,1,0,0
1366.443381542,0,0,0
1366.581987336,0,0,1
1366.581987736,0,1,1
1366.581988870,1,1,1
1366.720595122,1,1,0
1366.720595272,1,0,0
1366.720597170,0,0,0
1366.859202946,0,0,1
1366.859203714,0,1,1
1366.859205500,1,1,1
1366.997811794,1,1,0
1366.997812062,1,0,0
1366.997813800,0,0,0
1367.136420554,0,0,1
1367.136421504,0,1,1
1367.136422132,1,1,1
1367.275026914,1,0,1
1367.275029402,1,0,0
1367.275030428,0,0,0
1367.413636162,0,0,1
1367.413636356,0,1,1
1367.413637698,1,1,1
1367.552243766,1,0,1
1367.552244010,1,0,0
1367.552246058,0,0,0
1367.690852208,0,1,0
1367.690853772,0,1,1
1367.690854326,1,1,1
1367.829459618,1,1,0
1367.829461620,1,0,0
1367.829462626,0,0,0
1367.968068998,0,1,0
1367.968069818,0,1,1
1367.968071018,1,1,1
1368.106677228,1,1,0
1368.106678534,1,0,0
1368.106679254,0,0,0
1368.245285052,0,0,1
1368.245285914,0,1,1
1368.245287584,1,1,1
1368.383893386,1,0,1
1368.383893836,1,0,0
1368.383894884,0,0,0
1368.522500702,0,1,0
1368.522501660,0,1,1
1368.522503152,1,1,1
1368.661110238,1,0,1
1368.661110506,1,0,0
1368.661111452,0,0,0
1368.799717616,0,1,0
1368.799718268,0,1,1
1368.799719780,1,1,1
1368.938325028,1,0,1
1368.938327116,1,0,0
1368.938328082,0,0,0
1369.076934470,0,1,0
1369.076934940,0,1,1
1369.076936410,1,1,1
1369.215541724,1,1,0
1369.215541880,1,0,0
1369.215543772,0,0,0
1369.354150322,0,1,0
1369.354150486,0,1,1
1369.354152040,1,1,1
1369.492758332,1,1,0
1369.492758732,1,0,0
1369.492760338,0,0,0
1369.631367094,0,0,1
1369.631367174,0,1,1
1369.631368608,1,1,1
1369.769975586,1,0,1
1369.769976940,1,0,0
1369.769976968,0,0,0
1369.908583828,0,0,1
1369.908584026,0,1,1
1369.908585236,1,1,1
1370.047251436,1,0,1
1370.047252612,1,0,0
1370.047253598,0,0,0
1370.185858816,0,1,0
1370.185860374,0,1,1
1370.185861866,1,1,1
1370.324467220,1,1,0
1370.324467290,1,0,0
1370.324470226,0,0,0
1370.463076730,0,1,0
1370.463076982,0,1,1
1370.463078494,1,1,1
1370.601685828,1,1,0
1370.601686140,1,0,0
1370.601686856,0,0,0
1370.740292590,0,0,1
1370.740293582,0,1,1
1370.740295124,1,1,1
1370.878901436,1,1,0
1370.878901994,1,0,0
1370.878903422,0,0,0
1371.017508434,0,1,0
1371.017510262,0,1,1
1371.017510690,1,1,1
1371.156116846,1,0,1
1371.156118048,1,0,0
1371.156119050,0,0,0
1371.294756870,0,0,1
1371.294757286,0,1,1
1371.294758320,1,1,1
1371.433393696,1,0,1
1371.433395718,1,0,0
1371.433396618,0,0,0
1371.572002478,0,0,1
1371.572003138,0,1,1
1371.572004948,1,1,1
1371.710612326,1,1,0
1371.710612548,1,0,0
1371.710613310,0,0,0
1371.849218990,0,1,0
1371.849220088,0,1,1
1371.849220578,1,1,1
1371.987825934,1,1,0
1371.987827402,1,0,0
1371.987828940,0,0,0
1372.126434694,0,0,1
1372.126434842,0,1,1
1372.126437144,1,1,1
1372.265043540,1,1,0
1372.265044252,1,0,0
1372.265045504,0,0,0
1372.403651366,0,0,1
1372.403652694,0,1,1
1372.403653772,1,1,1
1372.542261104,1,0,1
1372.542261150,1,0,0
1372.542262134,0,0,0
1372.680866482,0,1,0
1372.680867974,0,1,1
1372.680869464,1,1,1
1372.819475758,1,1,0
1372.819476018,1,0,0
1372.819477762,0,0,0
1372.958083334,0,1,0
1372.958084582,0,1,1
1372.958086030,1,1,1
1373.096722808,1,0,1
1373.096723366,1,0,0
1373.096724392,0,0,0
1373.235363190,0,0,1
1373.235363248,0,1,1
1373.235363596,1,1,1
1373.373969038,1,1,0
1373.373970660,1,0,0
1373.373971958,0,0,0
1373.512578038,0,1,0
1373.512578862,0,1,1
1373.512580226,1,1,1
1373.651185510,1,0,1
1373.651186646,1,0,0
1373.651187586,0,0,0
1373.789793952,0,1,0
1373.789794470,0,1,1
1373.789795854,1,1,1
1373.928402252,1,1,0
1373.928402362,1,0,0
1373.928404216,0,0,0
1374.067010078,0,0,1
1374.067010740,0,1,1
1374.067012482,1,1,1
1374.205619214,1,0,1
1374.205619860,1,0,0
1374.205620844,0,0,0
1374.344227594,0,1,0
1374.344227686,0,1,1
1374.344229112,1,1,1
1374.482835066,1,0,1
1374.482835470,1,0,0
1374.482836410,0,0,0
1374.621442356,0,0,1
1374.621442444,0,1,1
1374.621444678,1,1,1
1374.760050202,1,1,0
1374.760051918,1,0,0
1374.760052976,0,0,0
1374.898659964,0,0,1
1374.898660298,0,1,1
1374.898661308,1,1,1
1375.037266748,1,1,0
1375.037268768,1,0,0
1375.037269668,0,0,0
1375.175936148,0,1,0
1375.175937572,0,1,1
1375.175938998,1,1,1
1375.314543620,1,0,1
1375.314544356,1,0,0
1375.314546234,0,0,0
1375.453152242,0,0,1
1375.453152998,0,1,1
1375.453154564,1,1,1
1375.591759962,1,1,0
1375.591760470,1,0,0
1375.591762800,0,0,0
1375.730368850,0,1,0
1375.730369788,0,1,1
1375.730371192,1,1,1
1375.868976634,1,1,0
1375.868977322,1,0,0
1375.868979428,0,0,0
1376.007585394,0,0,1
1376.007586700,0,1,1
1376.007587758,1,1,1
1376.146255174,1,0,1
1376.146255240,1,0,0
1376.146257058,0,0,0
1376.284862614,0,1,0
1376.284863502,0,1,1
1376.284864386,1,1,1
1376.423501962,1,0,1
1376.423502850,1,0,0
1376.423503684,0,0,0
1376.562110296,0,0,1
1376.562111402,0,1,1
1376.562112014,1,1,1
1376.700747874,1,0,1
1376.700748520,1,0,0
1376.700750374,0,0,0
1376.839356280,0,0,1
1376.839357316,0,1,1
1376.839358642,1,1,1
1376.977964726,1,0,1
1376.977966752,1,0,0
1376.977966942,0,0,0
1377.116571950,0,0,1
1377.116572168,0,1,1
1377.116574208,1,1,1
1377.255181578,1,0,1
1377.255181672,1,0,0
1377.255182568,0,0,0
1377.393819558,0,0,1
1377.393820018,0,1,1
1377.393821834,1,1,1
1377.532427342,1,1,0
1377.532429428,1,0,0
1377.532430198,0,0,0
1377.671066166,0,0,1
1377.671067808,0,1,1
1377.671068464,1,1,1
1377.809705012,1,1,0
1377.809705278,1,0,0
1377.809706762,0,0,0
1377.948313658,0,1,0
1377.948313772,0,1,1
1377.948315030,1,1,1
1378.086922130,1,0,1
1378.086922618,1,0,0
1378.086923390,0,0,0
1378.225529318,0,0,1
1378.225530508,0,1,1
1378.225531718,1,1,1
1378.364167226,1,1,0
1378.364168982,1,0,0
1378.364170018,0,0,0
1378.502777360,0,1,0
1378.502777988,0,1,1
1378.502778284,1,1,1
1378.641413898,1,1,0
1378.641414832,1,0,0
1378.641416584,0,0,0
1378.780023274,0,1,0
1378.780023656,0,1,1
1378.780024912,1,1,1
1378.918692442,1,1,0
1378.918692620,1,0,0
1378.918694276,0,0,0
1379.057300266,0,0,1
1379.057301062,0,1,1
1379.057302478,1,1,1
1379.195909048,1,1,0
1379.195909534,1,0,0
1379.195910840,0,0,0
1379.334547872,0,0,1
1379.334547912,0,1,1
1379.334549106,1,1,1
1379.473155322,1,0,1
1379.473155656,1,0,0
1379.473157466,0,0,0
1379.611763542,0,0,1
1379.611764762,0,1,1
1379.611765734,1,1,1
1379.750372236,1,0,1
1379.750373326,1,0,0
1379.750374032,0,0,0
1379.889010086,0,0,1
1379.889010676,0,1,1
1379.889012360,1,1,1
1380.027618932,1,1,0
1380.027619086,1,0,0
1380.027620724,0,0,0
1380.166227464,0,1,0
1380.166227756,0,1,1
1380.166228928,1,1,1
1380.304834540,1,1,0
1380.304834938,1,0,0
1380.304836288,0,0,0
1380.443473302,0,0,1
1380.443473314,0,1,1
1380.443475616,1,1,1
1380.582081786,1,0,1
1380.582082210,1,0,0
1380.582083916,0,0,0
1380.720690032,0,0,1
1380.720690228,0,1,1
1380.720691182,1,1,1
1380.859328638,1,0,1
1380.859328816,1,0,0
1380.859330482,0,0,0
1380.997936954,0,1,0
1380.997937578,0,1,1
1380.997938810,1,1,1
1381.136575424,1,1,0
1381.136575488,1,0,0
1381.136577108,0,0,0
1381.275182866,0,1,0
1381.275184184,0,1,1
1381.275185438,1,1,1
1381.413791030,1,1,0
1381.413793340,1,0,0
1381.413793738,0,0,0
1381.552399716,0,1,0
1381.552400792,0,1,1
1381.552402066,1,1,1
1381.691037700,1,1,0
1381.691039188,1,0,0
1381.691040302,0,0,0
1381.829646462,0,0,1
1381.829647568,0,1,1
1381.829648632,1,1,1
1381.968254978,1,0,1
1381.968256308,1,0,0
1381.968256992,0,0,0
1382.106893068,0,0,1
1382.106893418,0,1,1
1382.106895258,1,1,1
1382.245501890,1,0,1
1382.245501914,1,0,0
1382.245503618,0,0,0
1382.384139676,0,0,1
1382.384140268,0,1,1
1382.384141824,1,1,1
1382.522748740,1,0,1
1382.522749458,1,0,0
1382.522750184,0,0,0
1382.661357118,0,1,0
1382.661357282,0,1,1
1382.661358514,1,1,1
1382.799964128,1,1,0
1382.799965590,1,0,0
1382.799966810,0,0,0
1382.938602952,0,0,1
1382.938602970,0,1,1
1382.938605080,1,1,1
1383.077211734,1,1,0
1383.077212378,1,0,0
1383.077213438,0,0,0
1383.215819558,0,0,1
1383.215819818,0,1,1
1383.215821704,1,1,1
1383.354428292,1,0,1
1383.354429404,1,0,0
1383.354430004,0,0,0
1383.493065164,0,0,1
1383.493066670,0,1,1
1383.493068332,1,1,1
1383.631674948,1,1,0
1383.631675078,1,0,0
1383.631676630,0,0,0
1383.770283518,0,1,0
1383.770284772,0,1,1
1383.770284898,1,1,1
1383.908890990,1,0,1
1383.908891680,1,0,0
1383.908892258,0,0,0
1384.047529440,0,0,1
1384.047530370,0,1,1
1384.047531524,1,1,1
1384.186167162,1,1,0
1384.186167778,1,0,0
1384.186169886,0,0,0
1384.324775984,0,0,1
1384.324777218,0,1,1
1384.324778152,1,1,1
1384.463414692,1,0,1
1384.463414832,1,0,0
1384.463416450,0,0,0
1384.602023070,0,1,0
1384.602023654,0,1,1
1384.602024778,1,1,1
1384.740631002,1,1,0
1384.740631478,1,0,0
1384.740633140,0,0,0
1384.879239920,0,1,0
1384.879240638,0,1,1
1384.879241344,1,1,1
1385.017847330,1,0,1
1385.017849296,1,0,0
1385.017849766,0,0,0
1385.156455770,0,1,0
1385.156456868,0,1,1
1385.156457972,1,1,1
1385.295063180,1,0,1
1385.295063714,1,0,0
1385.295065332,0,0,0
1385.433670620,0,1,0
1385.433671474,0,1,1
1385.433673598,1,1,1
1385.572280322,1,1,0
1385.572281030,1,0,0
1385.572281960,0,0,0
1385.710888082,0,0,1
1385.710888470,0,1,1
1385.710890224,1,1,1
1385.849495942,1,0,1
1385.849496926,1,0,0
1385.849498524,0,0,0
1385.988104688,0,0,1
1385.988105258,0,1,1
1385.988106854,1,1,1
1386.126742730,1,0,1
1386.126743598,1,0,0
1386.126745214,0,0,0
1386.265352108,0,1,0
1386.265352358,0,1,1
1386.265353418,1,1,1
1386.403959642,1,0,1
1386.403960204,1,0,0
1386.403961778,0,0,0
1386.542567964,0,0,1
1386.542568020,0,1,1
1386.542569108,1,1,1
1386.681174812,1,1,0
1386.681175432,1,0,0
1386.681177406,0,0,0
1386.819783634,0,0,1
1386.819783872,0,1,1
1386.819785672,1,1,1
1386.958421344,1,0,1
1386.958422418,1,0,0
1386.958423972,0,0,0
1387.097031178,0,0,1
1387.097031722,0,1,1
1387.097032300,1,1,1
1387.235669130,1,0,1
1387.235670024,1,0,0
1387.235671660,0,0,0
1387.374276846,0,0,1
1387.374278572,0,1,1
1387.374279864,1,1,1
1387.512885042,1,0,1
1387.512886694,1,0,0
1387.512887224,0,0,0
1387.651493454,0,0,1
1387.651494358,0,1,1
1387.651495554,1,1,1
1387.790102300,1,1,0
1387.790102892,1,0,0
1387.790103788,0,0,0
1387.928709272,0,1,0
1387.928711062,0,1,1
1387.928712182,1,1,1
1388.067317906,1,1,0
1388.067319742,1,0,0
1388.067320480,0,0,0
1388.206017058,0,1,0
1388.206017730,0,1,1
1388.206019746,1,1,1
1388.344625512,1,1,0
1388.344626594,1,0,0
1388.344628106,0,0,0
1388.483234972,0,1,0
1388.483235336,0,1,1
1388.483236374,1,1,1
1388.621842118,1,1,0
1388.621843380,1,0,0
1388.621844732,0,0,0
1388.760448822,0,1,0
1388.760450942,0,1,1
1388.760451938,1,1,1
1388.899058230,1,0,1
1388.899059788,1,0,0
1388.899060298,0,0,0
1389.037666548,0,0,1
1389.037666672,0,1,1
1389.037668564,1,1,1
1389.176275082,1,0,1
1389.176276394,1,0,0
1389.176276924,0,0,0
1389.314883520,0,1,0
1389.314884156,0,1,1
1389.314885190,1,1,1
1389.453490930,1,0,1
1389.453491002,1,0,0
1389.453493552,0,0,0
1389.592099824,0,0,1
1389.592100310,0,1,1
1389.592101818,1,1,1
1389.730707670,1,1,0
1389.730707842,1,0,0
1389.730709116,0,0,0
1389.869346220,0,1,0
1389.869346430,0,1,1
1389.869348382,1,1,1
1390.007954630,1,0,1
1390.007955276,1,0,0
1390.007956744,0,0,0
1390.146562036,0,0,1
1390.146563070,0,1,1
1390.146564072,1,1,1
1390.285169542,1,0,1
1390.285170884,1,0,0
1390.285172368,0,0,0
1390.423809644,0,0,1
1390.423809920,0,1,1
1390.423811636,1,1,1
1390.562417330,1,0,1
1390.562417490,1,0,0
1390.562418934,0,0,0
1390.701055770,0,1,0
1390.701056250,0,1,1
1390.701058264,1,1,1
1390.839664096,1,1,0
1390.839665180,1,0,0
1390.839666560,0,0,0
1390.978303622,0,1,0
1390.978304858,0,1,1
1390.978304892,1,1,1
1391.116910640,1,1,0
1391.116911030,1,0,0
1391.116913188,0,0,0
1391.255519470,0,1,0
1391.255519526,0,1,1
1391.255521456,1,1,1
1391.394157310,1,1,0
1391.394157878,1,0,0
1391.394159814,0,0,0
1391.532766132,0,0,1
1391.532767320,0,1,1
1391.532768144,1,1,1
1391.671374916,1,1,0
1391.671375730,1,0,0
1391.671376440,0,0,0
1391.809982738,0,0,1
1391.809983168,0,1,1
1391.809984708,1,1,1
1391.948590646,1,1,0
1391.948591516,1,0,0
1391.948592068,0,0,0
1392.087229020,0,1,0
1392.087229406,0,1,1
1392.087231334,1,1,1
1392.225836192,1,1,0
1392.225837428,1,0,0
1392.225839634,0,0,0
1392.364504950,0,0,1
1392.364506868,0,1,1
1392.364507962,1,1,1
1392.503114342,1,0,1
1392.503114858,1,0,0
1392.503116258,0,0,0
1392.641721806,0,0,1
1392.641722656,0,1,1
1392.641724526,1,1,1
1392.780361190,1,0,1
1392.780361404,1,0,0
1392.780362824,0,0,0
1392.918969506,0,1,0
1392.918970226,0,1,1
1392.918971214,1,1,1
1393.057577976,1,0,1
1393.057578260,1,0,0
1393.057579450,0,0,0
1393.196186354,0,1,0
1393.196186832,0,1,1
1393.196187842,1,1,1
1393.334793678,1,1,0
1393.334794828,1,0,0
1393.334796078,0,0,0
1393.473402204,0,1,0
1393.473403188,0,1,1
1393.473404404,1,1,1
1393.612040284,1,1,0
1393.612041676,1,0,0
1393.612042702,0,0,0
1393.750649242,0,1,0
1393.750650106,0,1,1
1393.750651032,1,1,1
1393.889287088,1,0,1
1393.889287890,1,0,0
1393.889289330,0,0,0
1394.027895714,0,0,1
1394.027896278,0,1,1
1394.027897596,1,1,1
1394.166504496,1,1,0
1394.166504626,1,0,0
1394.166505892,0,0,0
1394.305111754,0,1,0
1394.305113318,0,1,1
1394.305114222,1,1,1
1394.443720100,1,0,1
1394.443721164,1,0,0
1394.443722520,0,0,0
1394.582327664,0,1,0
1394.582328988,0,1,1
1394.582329786,1,1,1
1394.720935710,1,1,0
1394.720936074,1,0,0
1394.720938148,0,0,0
1394.859574594,0,0,1
1394.859575390,0,1,1
1394.859577476,1,1,1
1394.998182926,1,0,1
1394.998184378,1,0,0
1394.998184774,0,0,0
1395.136821138,0,0,1
1395.136822302,0,1,1
1395.136824040,1,1,1
1395.275430710,1,0,1
1395.275430984,1,0,0
1395.275432400,0,0,0
1395.414038870,0,0,1
1395.414040214,0,1,1
1395.414040666,1,1,1
1395.552646652,1,1,0
1395.552647248,1,0,0
1395.552647966,0,0,0
1395.691254414,0,0,1
1395.691255000,0,1,1
1395.691256292,1,1,1
1395.829863196,1,1,0
1395.829863472,1,0,0
1395.829864592,0,0,0
1395.968470020,0,0,1
1395.968470914,0,1,1
1395.968472920,1,1,1
1396.107078864,1,1,0
1396.107079322,1,0,0
1396.107081218,0,0,0
1396.245717690,0,0,1
1396.245717700,0,1,1
1396.245719486,1,1,1
1396.384325470,1,1,0
1396.384326172,1,0,0
1396.384327782,0,0,0
1396.522934612,0,1,0
1396.522935294,0,1,1
1396.522936110,1,1,1
1396.661542078,1,1,0
1396.661543020,1,0,0
1396.661544408,0,0,0
1396.800149962,0,0,1
1396.800150460,0,1,1
1396.800151738,1,1,1
1396.938789684,1,1,0
1396.938789870,1,0,0
1396.938791036,0,0,0
1397.077397506,0,0,1
1397.077398310,0,1,1
1397.077399364,1,1,1
1397.216004720,1,0,1
1397.216005290,1,0,0
1397.216006662,0,0,0
1397.354613098,0,1,0
1397.354614928,1,1,0
1397.354615114,1,1,1
1397.493220958,1,1,0
1397.493222570,1,0,0
1397.493223226,0,0,0
1397.631860010,0,1,0
1397.631860782,0,1,1
1397.631862616,1,1,1
1397.770468418,1,0,1
1397.770469564,1,0,0
1397.770469914,0,0,0
1397.909076388,0,0,1
1397.909076860,0,1,1
1397.909078182,1,1,1
1398.047685170,1,1,0
1398.047685270,1,0,0
1398.047686542,0,0,0
1398.186321646,0,1,0
1398.186322994,0,1,1
1398.186324808,1,1,1
1398.324930778,1,1,0
1398.324932120,1,0,0
1398.324933106,0,0,0
1398.463539560,0,1,0
1398.463539600,0,1,1
1398.463541434,1,1,1
1398.602147968,1,0,1
1398.602149384,1,0,0
1398.602149734,0,0,0
1398.740756270,0,0,1
1398.740756408,0,1,1
1398.740757998,1,1,1
1398.879363818,1,0,1
1398.879365052,1,0,0
1398.879366362,0,0,0
1399.018002196,0,1,0
1399.018003876,0,1,1
1399.018004626,1,1,1
1399.156610658,1,1,0
1399.156610668,1,0,0
1399.156612924,0,0,0
1399.295219108,0,1,0
1399.295219482,0,1,1
1399.295221252,1,1,1
1399.433825454,1,0,1
1399.433827328,1,0,0
1399.433828550,0,0,0
1399.572435088,0,0,1
1399.572435958,0,1,1
1399.572436880,1,1,1
1399.711042934,1,1,0
1399.711043368,1,0,0
1399.711045176,0,0,0
1399.849651746,0,1,0
1399.849652694,0,1,1
1399.849653506,1,1,1
1399.988290216,1,0,1
1399.988290540,1,0,0
1399.988291742,0,0,0
1400.126928656,0,1,0
1400.126929364,0,1,1
1400.126931070,1,1,1
1400.265537066,1,0,1
1400.265538086,1,0,0
1400.265539368,0,0,0
1400.404174444,0,1,0
1400.404175970,0,1,1
1400.404177698,1,1,1
1400.542784752,1,1,0
1400.542784916,1,0,0
1400.542785994,0,0,0
1400.681391294,0,1,0
1400.681392576,0,1,1
1400.681394322,1,1,1
1400.819999360,1,1,0
1400.819999766,1,0,0
1400.820001622,0,0,0
1400.958607142,0,1,0
1400.958607182,0,1,1
1400.958609886,1,1,1
1401.097216616,1,0,1
1401.097216966,1,0,0
1401.097218184,0,0,0
1401.235854852,0,0,1
1401.235854994,0,1,1
1401.235856576,1,1,1
1401.374462448,1,1,0
1401.374463466,1,0,0
1401.374464814,0,0,0
1401.513071020,0,0,1
1401.513071904,0,1,1
1401.513073140,1,1,1
1401.651679304,1,1,0
1401.651679314,1,0,0
1401.651681438,0,0,0
1401.790288756,0,1,0
1401.790289376,0,1,1
1401.790289706,1,1,1
1401.928895910,1,1,0
1401.928896102,1,0,0
1401.928898002,0,0,0
1402.067503544,0,1,0
1402.067503608,0,1,1
1402.067505330,1,1,1
1402.206110952,1,0,1
1402.206112516,1,0,0
1402.206113692,0,0,0
1402.344720216,0,0,1
1402.344720392,0,1,1
1402.344721958,1,1,1
1402.483328926,1,0,1
1402.483330124,1,0,0
1402.483330320,0,0,0
1402.621936242,0,1,0
1402.621937946,0,1,1
1402.621938524,1,1,1
1402.760635712,1,0,1
1402.760636728,1,0,0
1402.760637884,0,0,0
1402.899336154,0,1,0
1402.899336552,0,1,1
1402.899338212,1,1,1
1403.038035502,1,0,1
1403.038036336,1,0,0
1403.038037446,0,0,0
1403.176766158,0,0,1
1403.176766940,0,1,1
1403.176767838,1,1,1
1403.315465942,1,1,0
1403.315466348,1,0,0
1403.315467136,0,0,0
1403.454194766,0,0,1
1403.454194788,0,1,1
1403.454197400,1,1,1
1403.592895610,1,1,0
1403.592896260,1,0,0
1403.592897760,0,0,0
1403.731595370,0,0,1
1403.731595636,0,1,1
1403.731597026,1,1,1
1403.870325108,1,0,1
1403.870325154,1,0,0
1403.870327326,0,0,0
1404.009024424,0,1,0
1404.009024976,0,1,1
1404.009026654,1,1,1
1404.147724822,1,1,0
1404.147724894,1,0,0
1404.147726888,0,0,0
1404.286424334,0,1,0
1404.286424584,0,1,1
1404.286426216,1,1,1
1404.425154744,1,0,1
1404.425155430,1,0,0
1404.425156514,0,0,0
1404.563854184,0,1,0
1404.563854252,0,1,1
1404.563855842,1,1,1
1404.702553654,1,0,1
1404.702554036,1,0,0
1404.702556140,0,0,0
1404.841252858,0,0,1
1404.841253034,0,1,1
1404.841255468,1,1,1
1404.979953442,1,0,1
1404.979953704,1,0,0
1404.979955766,0,0,0
1405.118652466,0,0,1
1405.118653882,0,1,1
1405.118655094,1,1,1
1405.257351352,1,0,1
1405.257354310,1,0,0
1405.257354456,0,0,0
1405.396052668,0,1,0
1405.396053072,0,1,1
1405.396054658,1,1,1
1405.534752138,1,0,1
1405.534752916,1,0,0
1405.534754020,0,0,0
1405.673451580,0,1,0
1405.673452678,0,1,1
1405.673454284,1,1,1
1405.812151524,1,1,0
1405.812152988,1,0,0
1405.812153646,0,0,0
1405.950850366,0,1,0
1405.950851346,0,1,1
1405.950852850,1,1,1
1406.089550130,1,1,0
1406.089551836,1,0,0
1406.089553208,0,0,0
1406.228250952,0,0,1
1406.228251276,0,1,1
1406.228252536,1,1,1
1406.366950686,1,0,1
1406.366950798,1,0,0
1406.366952834,0,0,0
1406.505650124,0,1,0
1406.505650558,0,1,1
1406.505652102,1,1,1
1406.644380340,1,1,0
1406.644381596,1,0,0
1406.644382398,0,0,0
1406.783110974,0,1,0
1406.783111164,0,1,1
1406.783112726,1,1,1
1406.921810444,1,0,1
1406.921810948,1,0,0
1406.921812086,0,0,0
1407.060510760,0,1,0
1407.060510770,0,1,1
1407.060512352,1,1,1
1407.199209232,1,0,1
1407.199209616,1,0,0
1407.199211588,0,0,0
1407.337909376,0,0,1
1407.337909674,0,1,1
1407.337910978,1,1,1
1407.476639080,1,0,1
1407.476640222,1,0,0
1407.476641214,0,0,0
1407.615339046,0,0,1
1407.615340458,0,1,1
1407.615341540,1,1,1
1407.754038990,1,0,1
1407.754039828,1,0,0
1407.754040840,0,0,0
1407.892769306,0,1,0
1407.892769650,0,1,1
1407.892771104,1,1,1
1408.031468778,1,0,1
1408.031469434,1,0,0
1408.031470466,0,0,0
1408.170169218,0,1,0
1408.170170258,0,1,1
1408.170170794,1,1,1
1408.308868626,1,0,1
1408.308869102,1,0,0
1408.308870028,0,0,0
1408.447566862,0,0,1
1408.447568004,0,1,1
1408.447569356,1,1,1
1408.586267646,1,1,0
1408.586268474,1,0,0
1408.586269716,0,0,0
1408.724997468,0,0,1
1408.724997852,0,1,1
1408.724999980,1,1,1
1408.863696252,1,1,0
1408.863698322,1,0,0
1408.863699280,0,0,0
1409.002396762,0,1,0
1409.002398074,0,1,1
1409.002399608,1,1,1
1409.141096920,1,1,0
1409.141097170,1,0,0
1409.141098906,0,0,0
1409.279796548,0,1,0
1409.279796744,0,1,1
1409.279798172,1,1,1
1409.418496020,1,0,1
1409.418497526,1,0,0
1409.418498530,0,0,0
1409.557195398,0,1,0
1409.557196348,0,1,1
1409.557197796,1,1,1
1409.695895694,1,1,0
1409.695897806,1,0,0
1409.695898094,0,0,0
1409.834626308,0,1,0
1409.834626330,0,1,1
1409.834627422,1,1,1
1409.973324738,1,1,0
1409.973325654,1,0,0
1409.973327782,0,0,0
1410.112055624,0,0,1
1410.112057986,1,0,1
1410.112058156,1,1,1
1410.250754566,1,0,1
1410.250756406,1,0,0
1410.250757346,0,0,0
1410.389485228,0,0,1
1410.389487006,0,1,1
1410.389487610,1,1,1
1410.528184414,1,0,1
1410.528185950,1,0,0
1410.528186908,0,0,0
1410.666884772,0,0,1
1410.666886790,0,1,1
1410.666887236,1,1,1
1410.805585262,1,0,1
1410.805585618,1,0,0
1410.805586472,0,0,0
1410.944285440,0,0,1
1410.944285638,0,1,1
1410.944286860,1,1,1
1411.082984222,1,1,0
1411.082986110,1,0,0
1411.082986160,0,0,0
1411.221683426,0,1,0
1411.221684046,0,1,1
1411.221685424,1,1,1
1411.360413892,1,1,0
1411.360414960,1,0,0
1411.360415784,0,0,0
1411.499143334,0,1,0
1411.499145650,0,1,1
1411.499146048,1,1,1
1411.637844496,1,1,0
1411.637844808,1,0,0
1411.637846348,0,0,0
1411.776574184,0,1,0
1411.776575258,0,1,1
1411.776576612,1,1,1
1411.915274102,1,1,0
1411.915274592,1,0,0
1411.915275972,0,0,0
1412.054004030,0,1,0
1412.054005862,0,1,1
1412.054006364,1,1,1
1412.192703708,1,1,0
1412.192704440,1,0,0
1412.192705598,0,0,0
1412.331404468,0,0,1
1412.331404880,0,1,1
1412.331405864,1,1,1
1412.470103314,1,1,0
1412.470103350,1,0,0
1412.470105224,0,0,0
1412.608833136,0,0,1
1412.608833728,0,1,1
1412.608835488,1,1,1
1412.747533982,1,1,0
1412.747534136,1,0,0
1412.747534850,0,0,0
1412.886232514,0,1,0
1412.886232742,0,1,1
1412.886235114,1,1,1
1413.024931984,1,0,1
1413.024933526,1,0,0
1413.024934412,0,0,0
1413.163631346,0,0,1
1413.163632424,0,1,1
1413.163633676,1,1,1
1413.302330832,1,0,1
1413.302332130,1,0,0
1413.302334036,0,0,0
1413.441030954,0,0,1
1413.441033210,0,1,1
1413.441033364,1,1,1
1413.579732680,1,0,1
1413.579732734,1,0,0
1413.579733600,0,0,0
1413.718430620,0,0,1
1413.718431120,0,1,1
1413.718432928,1,1,1
1413.857160404,1,1,0
1413.857161528,1,0,0
1413.857163224,0,0,0
1413.995860906,0,1,0
1413.995862162,0,1,1
1413.995862552,1,1,1
1414.134560376,1,0,1
1414.134561010,1,0,0
1414.134562850,0,0,0
1414.273259754,0,1,0
1414.273260768,0,1,1
1414.273262178,1,1,1
1414.411960614,1,1,0
1414.411961224,1,0,0
1414.411962414,0,0,0
1414.550659436,0,0,1
1414.550660664,0,1,1
1414.550661740,1,1,1
1414.689359218,1,1,0
1414.689360136,1,0,0
1414.689361100,0,0,0
1414.828059042,0,0,1
1414.828060450,0,1,1
1414.828061366,1,1,1
1414.966758888,1,1,0
1414.966759920,1,0,0
1414.966760662,0,0,0
1415.105457360,0,1,0
1415.105458710,0,1,1
1415.105459992,1,1,1
1415.244158492,1,1,0
1415.244158706,1,0,0
1415.244160290,0,0,0
1415.382889144,0,1,0
1415.382889314,0,1,1
1415.382890554,1,1,1
1415.521588096,1,1,0
1415.521588616,1,0,0
1415.521589852,0,0,0
1415.660287858,0,0,1
1415.660288992,0,1,1
1415.660290180,1,1,1
1415.798987464,1,0,1
1415.798987704,1,0,0
1415.798989478,0,0,0
1415.937686842,0,1,0
1415.937687524,0,1,1
1415.937688804,1,1,1
1416.076417308,1,1,0
1416.076418250,1,0,0
1416.076419102,0,0,0
1416.215117130,0,0,1
1416.215117690,0,1,1
1416.215119428,1,1,1
1416.353816160,1,0,1
1416.353817912,1,0,0
1416.353818726,0,0,0
1416.492516536,0,1,0
1416.492516736,0,1,1
1416.492517992,1,1,1
1416.631215944,1,0,1
1416.631216580,1,0,0
1416.631218350,0,0,0
1416.769915384,0,1,0
1416.769917340,0,1,1
1416.769917616,1,1,1
1416.908615122,1,1,0
1416.908616792,1,0,0
1416.908617976,0,0,0
1417.047346232,0,1,0
1417.047347006,0,1,1
1417.047348242,1,1,1
1417.186045702,1,0,1
1417.186045726,1,0,0
1417.186047538,0,0,0
1417.324744550,0,0,1
1417.324745018,0,1,1
1417.324746866,1,1,1
1417.463445394,1,1,0
1417.463445488,1,0,0
1417.463447164,0,0,0
1417.602144928,0,1,0
1417.602145216,0,1,1
1417.602146430,1,1,1
1417.740845000,1,1,0
1417.740845398,1,0,0
1417.740846726,0,0,0
1417.879543712,0,1,0
1417.879544760,0,1,1
1417.879545992,1,1,1
1418.018243184,1,0,1
1418.018244668,1,0,0
1418.018245352,0,0,0
1418.156943624,0,1,0
1418.156944364,0,1,1
1418.156945616,1,1,1
1418.295642774,1,1,0
1418.295644030,1,0,0
1418.295645038,0,0,0
1418.434372470,0,1,0
1418.434373032,0,1,1
1418.434375304,1,1,1
1418.573071876,1,1,0
1418.573073940,1,0,0
1418.573074602,0,0,0
1418.711772638,0,0,1
1418.711774318,0,1,1
1418.711774866,1,1,1
1418.850471790,1,0,1
1418.850473482,1,0,0
1418.850474164,0,0,0
1418.989172304,0,0,1
1418.989173166,0,1,1
1418.989174490,1,1,1
1419.127902086,1,1,0
1419.127902572,1,0,0
1419.127903790,0,0,0
1419.266602012,0,1,0
1419.266603910,0,1,1
1419.266604116,1,1,1
1419.405301422,1,0,1
1419.405301694,1,0,0
1419.405303414,0,0,0
1419.544001798,0,1,0
1419.544003452,0,1,1
1419.544003678,1,1,1
1419.682700296,1,1,0
1419.682701270,1,0,0
1419.682703038,0,0,0
1419.821400118,0,0,1
1419.821400708,0,1,1
1419.821402302,1,1,1
1419.960100964,1,1,0
1419.960101054,1,0,0
1419.960102662,0,0,0
1420.098799492,0,1,0
1420.098800724,0,1,1
1420.098801864,1,1,1
1420.237530568,1,1,0
1420.237531964,1,0,0
1420.237532286,0,0,0
1420.376230340,0,1,0
1420.376231328,0,1,1
1420.376232552,1,1,1
1420.514929810,1,0,1
1420.514930110,1,0,0
1420.514931788,0,0,0
1420.653659188,0,1,0
1420.653661934,0,1,1
1420.653662176,1,1,1
1420.792358658,1,0,1
1420.792359778,1,0,0
1420.792361410,0,0,0
1420.931059034,0,1,0
1420.931061538,0,1,1
1420.931061738,1,1,1
1421.069758382,1,1,0
1421.069759504,1,0,0
1421.069761036,0,0,0
1421.208458142,0,0,1
1421.208458882,0,1,1
1421.208460362,1,1,1
1421.347189048,1,1,0
1421.347190352,1,0,0
1421.347190660,0,0,0
1421.485917810,0,0,1
1421.485919728,0,1,1
1421.485920864,1,1,1
1421.624618200,1,0,1
1421.624619592,1,0,0
1421.624621222,0,0,0
1421.763319414,0,0,1
1421.763319638,0,1,1
1421.763320550,1,1,1
1421.902016984,1,0,1
1421.902018196,1,0,0
1421.902019910,0,0,0
1422.040718360,0,1,0
1422.040719018,0,1,1
1422.040720176,1,1,1
1422.179416832,1,0,1
1422.179417864,1,0,0
1422.179419472,0,0,0
1422.318117686,0,0,1
1422.318118334,0,1,1
1422.318119800,1,1,1
1422.456845468,1,1,0
1422.456846680,1,0,0
1422.456849096,0,0,0
1422.595547290,0,0,1
1422.595548116,0,1,1
1422.595549424,1,1,1
1422.734247134,1,1,0
1422.734247526,1,0,0
1422.734248720,0,0,0
1422.872945894,0,0,1
1422.872947966,0,1,1
1422.872948986,1,1,1
1423.011646740,1,1,0
1423.011647436,1,0,0
1423.011648344,0,0,0
1423.150345812,0,1,0
1423.150346498,0,1,1
1423.150347672,1,1,1
1423.289046220,1,0,1
1423.289047280,1,0,0
1423.289047906,0,0,0
1423.427836658,0,1,0
1423.427838102,0,1,1
1423.427839174,1,1,1
1423.566535886,1,1,0
1423.566538130,1,0,0
1423.566538530,0,0,0
1423.705328506,0,1,0
1423.705328708,0,1,1
1423.705329798,1,1,1
1423.844027554,1,1,0
1423.844029914,1,0,0
1423.844030154,0,0,0
1423.982728312,0,0,1
1423.982728352,0,1,1
1423.982729356,1,1,1
1424.121426760,1,0,1
1424.121427158,1,0,0
1424.121428716,0,0,0
1424.260126198,0,1,0
1424.260126978,0,1,1
1424.260129044,1,1,1
1424.398825544,1,0,1
1424.398827760,1,0,0
1424.398828402,0,0,0
1424.537525584,0,0,1
1424.537525984,0,1,1
1424.537527606,1,1,1
1424.676255454,1,0,1
1424.676256428,1,0,0
1424.676257964,0,0,0
1424.814956892,0,1,0
1424.814958126,0,1,1
1424.814958230,1,1,1
1424.953656300,1,0,1
1424.953656970,1,0,0
1424.953657526,0,0,0
1425.092355740,0,1,0
1425.092355854,0,1,1
1425.092357854,1,1,1
1425.231054574,1,1,0
1425.231056084,1,0,0
1425.231057212,0,0,0
1425.369754396,0,0,1
1425.369754524,0,1,1
1425.369756478,1,1,1
1425.508454242,1,1,0
1425.508456056,1,0,0
1425.508456774,0,0,0
1425.647154434,0,1,0
1425.647155062,0,1,1
1425.647156102,1,1,1
1425.785853778,1,0,1
1425.785853782,1,0,0
1425.785856338,0,0,0
1425.924583280,0,1,0
1425.924584666,0,1,1
1425.924585664,1,1,1
1426.063284512,1,1,0
1426.063284626,1,0,0
1426.063286086,0,0,0
1426.201983064,0,1,0
1426.201983210,0,1,1
1426.201985226,1,1,1
1426.340683052,1,1,0
1426.340684534,1,0,0
1426.340685584,0,0,0
1426.479382876,0,0,1
1426.479382974,0,1,1
1426.479384912,1,1,1
1426.618081720,1,1,0
1426.618082318,1,0,0
1426.618084146,0,0,0
1426.756781758,0,1,0
1426.756782228,0,1,1
1426.756784472,1,1,1
1426.895512164,1,0,1
1426.895512948,1,0,0
1426.895514832,0,0,0
1427.034212604,0,1,0
1427.034213084,0,1,1
1427.034214096,1,1,1
1427.172911074,1,0,1
1427.172912866,1,0,0
1427.172913392,0,0,0
1427.311611688,0,0,1
1427.311612450,0,1,1
1427.311613720,1,1,1
1427.450310858,1,0,1
1427.450311530,1,0,0
1427.450313078,0,0,0
1427.589011290,0,0,1
1427.589012296,0,1,1
1427.589013344,1,1,1
1427.727711136,1,1,0
1427.727711766,1,0,0
1427.727712644,0,0,0
1427.866409956,0,0,1
1427.866411144,0,1,1
1427.866411968,1,1,1
1428.005140552,1,0,1
1428.005140740,1,0,0
1428.005142266,0,0,0
1428.143870560,0,0,1
1428.143870926,0,1,1
1428.143872592,1,1,1
1428.282571342,1,1,0
1428.282571398,1,0,0
1428.282572826,0,0,0
1428.421300836,0,1,0
1428.421301164,0,1,1
1428.421303152,1,1,1
1428.560001010,1,1,0
1428.560001244,1,0,0
1428.560002450,0,0,0
1428.698699768,0,0,1
1428.698699808,0,1,1
1428.698701776,1,1,1
1428.837400550,1,1,0
1428.837401090,1,0,0
1428.837402074,0,0,0
1428.976099372,0,0,1
1428.976099466,0,1,1
1428.976101402,1,1,1
1429.114799154,1,1,0
1429.114800936,1,0,0
1429.114801698,0,0,0
1429.253498976,0,0,1
1429.253499374,0,1,1
1429.253500962,1,1,1
1429.392228820,1,1,0
1429.392229782,1,0,0
1429.392231258,0,0,0
1429.530959578,0,0,1
1429.530960158,0,1,1
1429.530961584,1,1,1
1429.669658566,1,0,1
1429.669660486,1,0,0
1429.669660944,0,0,0
1429.808359246,0,0,1
1429.808361004,0,1,1
1429.808361146,1,1,1
1429.947058100,1,0,1
1429.947059026,1,0,0
1429.947060506,0,0,0
1430.085757850,0,0,1
1430.085757914,0,1,1
1430.085759770,1,1,1
1430.224458632,1,1,0
1430.224458758,1,0,0
1430.224460066,0,0,0
1430.363188452,0,0,1
1430.363189136,0,1,1
1430.363190394,1,1,1
1430.501888298,1,1,0
1430.501889106,1,0,0
1430.501889690,0,0,0
1430.640617056,0,0,1
1430.640617544,0,1,1
1430.640619954,1,1,1
1430.779316900,1,1,0
1430.779317014,1,0,0
1430.779319374,0,0,0
1430.918017452,0,1,0
1430.918018660,0,1,1
1430.918019638,1,1,1
1431.056715796,1,0,1
1431.056717504,1,0,0
1431.056718874,0,0,0
1431.195415326,0,0,1
1431.195417236,0,1,1
1431.195418200,1,1,1
1431.334116704,1,0,1
1431.334117170,1,0,0
1431.334118560,0,0,0
1431.472814930,0,0,1
1431.472817082,0,1,1
1431.472817824,1,1,1
1431.611545710,1,1,0
1431.611547488,1,0,0
1431.611548182,0,0,0
1431.750246532,0,0,1
1431.750246928,0,1,1
1431.750248510,1,1,1
1431.888975316,1,1,0
1431.888975398,1,0,0
1431.888977744,0,0,0
1432.027675774,0,1,0
1432.027677136,0,1,1
1432.027678010,1,1,1
1432.166375180,1,0,1
1432.166375980,1,0,0
1432.166377366,0,0,0
1432.305075618,0,1,0
1432.305075742,0,1,1
1432.305077696,1,1,1
1432.443775090,1,0,1
1432.443775584,1,0,0
1432.443776990,0,0,0
1432.582475404,0,0,1
1432.582475464,0,1,1
1432.582476256,1,1,1
1432.721173872,1,0,1
1432.721175186,1,0,0
1432.721176552,0,0,0
1432.859873946,0,0,1
1432.859874248,0,1,1
1432.859875878,1,1,1
1432.998573780,1,0,1
1432.998574790,1,0,0
1432.998576238,0,0,0
1433.137273158,0,1,0
1433.137273612,0,1,1
1433.137275438,1,1,1
1433.275972564,1,0,1
1433.275973394,1,0,0
1433.275974796,0,0,0
1433.414673002,0,1,0
1433.414673216,0,1,1
1433.414675124,1,1,1
1433.553402410,1,0,1
1433.553404058,1,0,0
1433.553405358,0,0,0
1433.692102786,0,1,0
1433.692102820,0,1,1
1433.692104686,1,1,1
1433.830803318,1,0,1
1433.830803662,1,0,0
1433.830805042,0,0,0
1433.969502484,0,0,1
1433.969503694,0,1,1
1433.969504244,1,1,1
1434.108233164,1,0,1
1434.108233266,1,0,0
1434.108234604,0,0,0
1434.246963088,0,0,1
1434.246963478,0,1,1
1434.246964868,1,1,1
1434.385661946,1,0,1
1434.385662868,1,0,0
1434.385664226,0,0,0
1434.524362386,0,1,0
1434.524363628,0,1,1
1434.524364492,1,1,1
1434.663062534,1,1,0
1434.663062792,1,0,0
1434.663063850,0,0,0
1434.801760168,0,1,0
1434.801761232,0,1,1
1434.801763114,1,1,1
1434.940461200,1,1,0
1434.940461638,1,0,0
1434.940463410,0,0,0
1435.079161076,0,1,0
1435.079161396,0,1,1
1435.079162738,1,1,1
1435.217858740,1,1,0
1435.217860484,1,0,0
1435.217862034,0,0,0
1435.356589500,0,0,1
1435.356590860,0,1,1
1435.356592360,1,1,1
1435.495290392,1,0,1
1435.495291280,1,0,0
1435.495292656,0,0,0
1435.633990164,0,0,1
1435.633990704,0,1,1
1435.633991858,1,1,1
1435.772690176,1,0,1
1435.772690946,1,0,0
1435.772692278,0,0,0
1435.911389612,0,1,0
1435.911390768,0,1,1
1435.911391542,1,1,1
1436.050088550,1,1,0
1436.050089084,1,0,0
1436.050090838,0,0,0
1436.188789370,0,0,1
1436.188789396,0,1,1
1436.188791102,1,1,1
1436.327488868,1,0,1
1436.327489152,1,0,0
1436.327490526,0,0,0
1436.466188974,0,0,1
1436.466189304,0,1,1
1436.466190790,1,1,1
1436.604917712,1,0,1
1436.604918756,1,0,0
1436.604920086,0,0,0
1436.743618576,0,0,1
1436.743620150,0,1,1
1436.743620348,1,1,1
1436.882317558,1,0,1
1436.882319418,1,0,0
1436.882319646,0,0,0
1437.021017934,0,1,0
1437.021019242,0,1,1
1437.021019972,1,1,1
1437.159717402,1,0,1
1437.159719024,1,0,0
1437.159719268,0,0,0
1437.298415842,0,1,0
1437.298416782,0,1,1
1437.298418594,1,1,1
1437.437116626,1,1,0
1437.437117186,1,0,0
1437.437118892,0,0,0
1437.575816448,0,0,1
1437.575816686,0,1,1
1437.575818156,1,1,1
1437.714516228,1,1,0
1437.714517094,1,0,0
1437.714518514,0,0,0
1437.853216050,0,0,1
1437.853216530,0,1,1
1437.853217778,1,1,1
1437.991915876,1,0,1
1437.991915892,1,0,0
1437.991917136,0,0,0
1438.130615652,0,0,1
1438.130616314,0,1,1
1438.130617402,1,1,1
1438.269313784,1,0,1
1438.269316496,1,0,0
1438.269316696,0,0,0
1438.408015098,0,1,0
1438.408015254,0,1,1
1438.408016960,1,1,1
1438.546744098,1,1,0
1438.546744566,1,0,0
1438.546746318,0,0,0
1438.685443004,0,1,0
1438.685443858,0,1,1
1438.685446644,1,1,1
1438.824143702,1,1,0
1438.824144412,1,0,0
1438.824145942,0,0,0
1438.962844460,0,0,1
1438.962844850,0,1,1
1438.962846206,1,1,1
1439.101544306,1,1,0
1439.101544320,1,0,0
1439.101545564,0,0,0
1439.240242126,0,0,1
1439.240244634,0,1,1
1439.240244764,1,1,1
1439.378943102,1,0,1
1439.378943908,1,0,0
1439.378945124,0,0,0
1439.517642540,0,1,0
1439.517642728,0,1,1
1439.517644450,1,1,1
1439.656343010,1,0,1
1439.656344510,1,0,0
1439.656344744,0,0,0
1439.795072268,0,0,1
1439.795072324,0,1,1
1439.795074072,1,1,1
1439.933771792,1,0,1
1439.933773112,1,0,0
1439.933774432,0,0,0
1440.072470996,0,0,1
1440.072472230,0,1,1
1440.072473630,1,1,1
1440.211171778,1,1,0
1440.211172638,1,0,0
1440.211173928,0,0,0
1440.349871076,0,1,0
1440.349871536,0,1,1
1440.349873256,1,1,1
1440.488570380,1,1,0
1440.488570482,1,0,0
1440.488572552,0,0,0
1440.627271200,0,0,1
1440.627271860,0,1,1
1440.627272814,1,1,1
1440.766031392,1,0,1
1440.766031982,1,0,0
1440.766033172,0,0,0
1440.904731704,0,1,0
1440.904731804,0,1,1
1440.904733438,1,1,1
1441.043462172,1,0,1
1441.043463584,1,0,0
1441.043463794,0,0,0
1441.182159548,0,1,0
1441.182162404,0,1,1
1441.182163058,1,1,1
1441.320860018,1,0,1
1441.320860248,1,0,0
1441.320862354,0,0,0
1441.459561008,0,0,1
1441.459561456,0,1,1
1441.459562680,1,1,1
1441.598259790,1,1,0
1441.598259926,1,0,0
1441.598261976,0,0,0
1441.736989610,0,0,1
1441.736991240,0,1,1
1441.736992302,1,1,1
1441.875689454,1,1,0
1441.875689708,1,0,0
1441.875691598,0,0,0
1442.014390084,0,1,0
1442.014390212,0,1,1
1442.014391864,1,1,1
1442.153089552,1,0,1
1442.153090056,1,0,0
1442.153091158,0,0,0
1442.291819878,0,0,1
1442.291819990,0,1,1
1442.291821484,1,1,1
1442.430519336,1,0,1
1442.430520658,1,0,0
1442.430521780,0,0,0
1442.569219416,0,0,1
1442.569219834,0,1,1
1442.569221106,1,1,1
1442.707918260,1,1,0
1442.707919242,1,0,0
1442.707920464,0,0,0
1442.846618618,0,1,0
1442.846620080,0,1,1
1442.846620666,1,1,1
1442.985317924,1,1,0
1442.985318024,1,0,0
1442.985320024,0,0,0
1443.124017462,0,1,0
1443.124017684,0,1,1
1443.124020352,1,1,1
1443.262717464,1,1,0
1443.262718932,1,0,0
1443.262719646,0,0,0
1443.401417306,0,1,0
1443.401417472,0,1,1
1443.401418910,1,1,1
1443.540117776,1,0,1
1443.540118066,1,0,0
1443.540119268,0,0,0
1443.678816152,0,1,0
1443.678816888,0,1,1
1443.678818470,1,1,1
1443.817515620,1,0,1
1443.817515732,1,0,0
1443.817517828,0,0,0
1443.956214996,0,1,0
1443.956216552,0,1,1
1443.956218092,1,1,1
1444.094915332,1,1,0
1444.094916466,1,0,0
1444.094917452,0,0,0
1444.233615904,0,1,0
1444.233616092,0,1,1
1444.233617776,1,1,1
1444.372345998,1,1,0
1444.372346310,1,0,0
1444.372348008,0,0,0
1444.511014686,0,1,0
1444.511014756,0,1,1
1444.511016336,1,1,1
1444.649714536,1,1,0
1444.649715156,1,0,0
1444.649716632,0,0,0
1444.788413592,0,1,0
1444.788414358,0,1,1
1444.788415894,1,1,1
1444.927114936,1,0,1
1444.927115200,1,0,0
1444.927116252,0,0,0
1445.065814022,0,0,1
1445.065814374,0,1,1
1445.065815578,1,1,1
1445.204512740,1,1,0
1445.204512844,1,0,0
1445.204514874,0,0,0
1445.343213220,0,1,0
1445.343213562,0,1,1
1445.343215138,1,1,1
1445.481912404,1,1,0
1445.481913626,1,0,0
1445.481914434,0,0,0
1445.620613064,0,1,0
1445.620613224,0,1,1
1445.620614822,1,1,1
1445.759311472,1,0,1
1445.759312006,1,0,0
1445.759313992,0,0,0
1445.898011828,0,0,1
1445.898011908,0,1,1
1445.898013380,1,1,1
1446.036711314,1,0,1
1446.036711670,1,0,0
1446.036713676,0,0,0
1446.175410428,0,0,1
1446.175410752,0,1,1
1446.175413002,1,1,1
1446.314111158,1,0,1
1446.314112210,1,0,0
1446.314113236,0,0,0
1446.452810094,0,0,1
1446.452810596,0,1,1
1446.452812562,1,1,1
1446.591509066,1,0,1
1446.591509874,1,0,0
1446.591511856,0,0,0
1446.730210440,0,1,0
1446.730210632,0,1,1
1446.730212182,1,1,1
1446.868909476,1,1,0
1446.868909848,1,0,0
1446.868911478,0,0,0
1447.007608296,0,0,1
1447.007609224,0,1,1
1447.007610742,1,1,1
1447.146308692,1,0,1
1447.146309076,1,0,0
1447.146311100,0,0,0
1447.285007896,0,0,1
1447.285008066,0,1,1
1447.285010364,1,1,1
1447.423708534,1,0,1
1447.423709678,1,0,0
1447.423710658,0,0,0
1447.562438436,0,0,1
1447.562439972,0,1,1
1447.562440984,1,1,1
1447.701137380,1,0,1
1447.701139342,1,0,0
1447.701140280,0,0,0
1447.839837100,0,0,1
1447.839838754,0,1,1
1447.839839544,1,1,1
1447.978538880,1,1,0
1447.978539224,1,0,0
1447.978539902,0,0,0
1448.117236702,0,0,1
1448.117237662,0,1,1
1448.117239166,1,1,1
1448.255937544,1,1,0
1448.255938066,1,0,0
1448.255939458,0,0,0
1448.394697366,0,0,1
1448.394698442,0,1,1
1448.394699724,1,1,1
1448.533396146,1,1,0
1448.533397912,1,0,0
1448.533399144,0,0,0
1448.672096904,0,0,1
1448.672098350,0,1,1
1448.672099406,1,1,1
1448.810796818,1,0,1
1448.810797748,1,0,0
1448.810798702,0,0,0
1448.949496566,0,0,1
1448.949497130,0,1,1
1448.949498966,1,1,1
1449.088196598,1,0,1
1449.088197410,1,0,0
1449.088198324,0,0,0
1449.226896036,0,1,0
1449.226896170,0,1,1
1449.226897648,1,1,1
1449.365596012,1,1,0
1449.365597444,1,0,0
1449.365597944,0,0,0
1449.504294882,0,1,0
1449.504295770,0,1,1
1449.504297208,1,1,1
1449.643025286,1,0,1
1449.643025552,1,0,0
1449.643027564,0,0,0
1449.781725434,0,0,1
1449.781725662,0,1,1
1449.781726766,1,1,1
1449.920455214,1,1,0
1449.920456132,1,0,0
1449.920457124,0,0,0
1450.059154972,0,0,1
1450.059155506,0,1,1
1450.059157388,1,1,1
1450.197854816,1,1,0
1450.197854974,1,0,0
1450.197856744,0,0,0
1450.336554636,0,0,1
1450.336555350,0,1,1
1450.336557072,1,1,1
1450.475253818,1,0,1
1450.475254416,1,0,0
1450.475256366,0,0,0
1450.613954194,0,1,0
1450.613954238,0,1,1
1450.613955628,1,1,1
1450.752653600,1,0,1
1450.752654080,1,0,0
1450.752655986,0,0,0
1450.891383838,0,0,1
1450.891385038,0,1,1
1450.891386188,1,1,1
1451.030083680,1,1,0
1451.030084506,1,0,0
1451.030085546,0,0,0
1451.168782882,0,1,0
1451.168783502,0,1,1
1451.168784872,1,1,1
1451.307482220,1,1,0
1451.307483350,1,0,0
1451.307485166,0,0,0
1451.446181724,0,1,0
1451.446182040,0,1,1
1451.446184430,1,1,1
1451.584882882,1,1,0
1451.584883194,1,0,0
1451.584884786,0,0,0
1451.723582016,0,0,1
1451.723582630,0,1,1
1451.723584050,1,1,1
1451.862312036,1,0,1
1451.862312736,1,0,0
1451.862314344,0,0,0
1452.001011306,0,0,1
1452.001012412,0,1,1
1452.001013670,1,1,1
1452.139773086,1,1,0
1452.139773818,1,0,0
1452.139774966,0,0,0
1452.278471906,0,0,1
1452.278472318,0,1,1
1452.278474292,1,1,1
1452.417263750,1,1,0
1452.417264724,1,0,0
1452.417265652,0,0,0
1452.555963098,0,1,0
1452.555963506,0,1,1
1452.555964850,1,1,1
1452.694662352,1,1,0
1452.694663566,1,0,0
1452.694665210,0,0,0
1452.833362942,0,1,0
1452.833363108,0,1,1
1452.833364470,1,1,1
1452.972062950,1,1,0
1452.972063410,1,0,0
1452.972064766,0,0,0
1453.110761710,0,0,1
1453.110762786,0,1,1
1453.110764092,1,1,1
1453.249462254,1,0,1
1453.249462552,1,0,0
1453.249463386,0,0,0
1453.388191628,0,1,0
1453.388192372,0,1,1
1453.388193650,1,1,1
1453.526893036,1,0,1
1453.526893152,1,0,0
1453.526894008,0,0,0
1453.665591472,0,1,0
1453.665591974,0,1,1
1453.665593270,1,1,1
1453.804289816,1,1,0
1453.804290942,1,0,0
1453.804292630,0,0,0
1453.942990254,0,1,0
1453.942991574,0,1,1
1453.942992830,1,1,1
1454.081690724,1,0,1
1454.081691416,1,0,0
1454.081692188,0,0,0
1454.220390160,0,1,0
1454.220391176,0,1,1
1454.220392576,1,1,1
1454.359090566,1,0,1
1454.359090954,1,0,0
1454.359091808,0,0,0
1454.497789002,0,1,0
1454.497789776,0,1,1
1454.497791070,1,1,1
1454.636489410,1,0,1
1454.636489618,1,0,0
1454.636491366,0,0,0
1454.775188846,0,1,0
1454.775189438,0,1,1
1454.775190752,1,1,1
1454.913888254,1,0,1
1454.913890156,1,0,0
1454.913891048,0,0,0
1455.052587690,0,1,0
1455.052589040,0,1,1
1455.052590374,1,1,1
1455.191286820,1,1,0
1455.191287096,1,0,0
1455.191289670,0,0,0
1455.329987578,0,0,1
1455.329988596,0,1,1
1455.329989870,1,1,1
1455.468686482,1,1,0
1455.468687940,1,0,0
1455.468689228,0,0,0
1455.607417304,0,0,1
1455.607418376,0,1,1
1455.607419552,1,1,1
1455.746116782,1,0,1
1455.746117022,1,0,0
1455.746118786,0,0,0
1455.884817220,0,1,0
1455.884817842,0,1,1
1455.884819110,1,1,1
1456.023515626,1,0,1
1456.023516686,1,0,0
1456.023518470,0,0,0
1456.162216442,0,0,1
1456.162218062,0,1,1
1456.162218670,1,1,1
1456.300916222,1,1,0
1456.300917470,1,0,0
1456.300918026,0,0,0
1456.439615044,0,0,1
1456.439615908,0,1,1
1456.439617352,1,1,1
1456.578315948,1,1,0
1456.578316314,1,0,0
1456.578317648,0,0,0
1456.717075752,0,1,0
1456.717076706,0,1,1
1456.717077912,1,1,1
1456.855775486,1,1,0
1456.855776156,1,0,0
1456.855778204,0,0,0
1456.994474246,0,0,1
1456.994476530,0,1,1
1456.994477530,1,1,1
1457.133206000,1,0,1
1457.133207150,1,0,0
1457.133207886,0,0,0
1457.271905844,0,0,1
1457.271906374,0,1,1
1457.271907086,1,1,1
1457.410605844,1,0,1
1457.410606686,1,0,0
1457.410607444,0,0,0
1457.549305280,0,1,0
1457.549305570,0,1,1
1457.549306770,1,1,1
1457.688004350,1,1,0
1457.688005686,1,0,0
1457.688007066,0,0,0
1457.826705062,0,1,0
1457.826705106,0,1,1
1457.826706328,1,1,1
1457.965402950,1,1,0
1457.965404528,1,0,0
1457.965405624,0,0,0
1458.104103966,0,1,0
1458.104104770,0,1,1
1458.104106010,1,1,1
1458.242803372,1,0,1
1458.242803488,1,0,0
1458.242805242,0,0,0
1458.381532746,0,1,0
1458.381534370,0,1,1
1458.381535570,1,1,1
1458.520233214,1,0,1
1458.520234152,1,0,0
1458.520234864,0,0,0
1458.658933590,0,1,0
1458.658933908,0,1,1
1458.658935126,1,1,1
1458.797632058,1,0,1
1458.797633752,1,0,0
1458.797634484,0,0,0
1458.936332432,0,1,0
1458.936332572,0,1,1
1458.936334746,1,1,1
1459.075062900,1,0,1
1459.075063350,1,0,0
1459.075064104,0,0,0
1459.213762172,0,0,1
1459.213762338,0,1,1
1459.213764368,1,1,1
1459.352460744,1,0,1
1459.352463014,1,0,0
1459.352463722,0,0,0
1459.491161772,0,0,1
1459.491162118,0,1,1
1459.491163988,1,1,1
1459.629861552,1,1,0
1459.629861586,1,0,0
1459.629863282,0,0,0
1459.768561372,0,0,1
1459.768561960,0,1,1
1459.768562608,1,1,1
1459.907260152,1,1,0
1459.907261430,1,0,0
1459.907262840,0,0,0
1460.045960098,0,0,1
1460.045961804,0,1,1
1460.045962164,1,1,1
1460.184689272,1,0,1
1460.184691814,1,0,0
1460.184692522,0,0,0
1460.323391572,0,0,1
1460.323391646,0,1,1
1460.323392722,1,1,1
1460.462090164,1,1,0
1460.462091114,1,0,0
1460.462092078,0,0,0
1460.600789490,0,1,0
1460.600790234,0,1,1
1460.600791404,1,1,1
1460.739489016,1,1,0
1460.739490958,1,0,0
1460.739491698,0,0,0
1460.878188834,0,0,1
1460.878189332,0,1,1
1460.878190960,1,1,1
1461.016950740,1,0,1
1461.016951678,1,0,0
1461.016952258,0,0,0
1461.155649434,0,0,1
1461.155650174,0,1,1
1461.155651582,1,1,1
1461.294349278,1,1,0
1461.294349642,1,0,0
1461.294350938,0,0,0
1461.433079018,0,1,0
1461.433079034,0,1,1
1461.433081202,1,1,1
1461.571779814,1,1,0
1461.571780424,1,0,0
1461.571781496,0,0,0
1461.710508636,0,0,1
1461.710509860,0,1,1
1461.710511756,1,1,1
1461.849209328,1,0,1
1461.849210416,1,0,0
1461.849211114,0,0,0
1461.987908234,0,0,1
1461.987909702,0,1,1
1461.987910440,1,1,1
1462.126609076,1,1,0
1462.126609170,1,0,0
1462.126610734,0,0,0
1462.265308546,0,1,0
1462.265308896,0,1,1
1462.265309998,1,1,1
1462.404039014,1,0,1
1462.404039678,1,0,0
1462.404040354,0,0,0
1462.542738388,0,1,0
1462.542738496,0,1,1
1462.542739616,1,1,1
1462.681467856,1,0,1
1462.681469278,1,0,0
1462.681469976,0,0,0
1462.820168096,0,0,1
1462.820170294,0,1,1
1462.820170300,1,1,1
1462.958867636,1,0,1
1462.958867940,1,0,0
1462.958869532,0,0,0
1463.097567010,0,1,0
1463.097568696,0,1,1
1463.097568794,1,1,1
1463.236267536,1,1,0
1463.236267538,1,0,0
1463.236269152,0,0,0
1463.374966358,0,0,1
1463.374966914,0,1,1
1463.374968414,1,1,1
1463.513666322,1,0,1
1463.513667076,1,0,0
1463.513668770,0,0,0
1463.652365758,0,1,0
1463.652366896,0,1,1
1463.652368034,1,1,1
1463.791064738,1,1,0
1463.791066226,1,0,0
1463.791067390,0,0,0
1463.929764726,0,1,0
1463.929765558,0,1,1
1463.929767592,1,1,1
1464.068465006,1,0,1
1464.068465338,1,0,0
1464.068466948,0,0,0
1464.207164442,0,1,0
1464.207165158,0,1,1
1464.207167210,1,1,1
1464.345864910,1,0,1
1464.345866000,1,0,0
1464.345866504,0,0,0
1464.484563758,0,0,1
1464.484564222,0,1,1
1464.484565828,1,1,1
1464.623264538,1,1,0
1464.623264690,1,0,0
1464.623266186,0,0,0
1464.761963358,0,0,1
1464.761963564,0,1,1
1464.761965512,1,1,1
1464.900663200,1,1,0
1464.900664532,1,0,0
1464.900665744,0,0,0
1465.039362956,0,0,1
1465.039363906,0,1,1
1465.039365068,1,1,1
1465.178093562,1,0,1
1465.178093800,1,0,0
1465.178095362,0,0,0
1465.316792618,0,0,1
1465.316793750,0,1,1
1465.316794626,1,1,1
1465.455521216,1,0,1
1465.455524398,1,0,0
1465.455524984,0,0,0
1465.594223218,0,0,1
1465.594223590,0,1,1
1465.594225244,1,1,1
1465.732953996,1,1,0
1465.732954058,1,0,0
1465.732955540,0,0,0
1465.871653620,0,1,0
1465.871653818,0,1,1
1465.871654864,1,1,1
1466.010351900,1,0,1
1466.010352660,1,0,0
1466.010354158,0,0,0
1466.149053336,0,1,0
1466.149053416,0,1,1
1466.149054484,1,1,1
1466.287751258,1,1,0
1466.287753056,1,0,0
1466.287753778,0,0,0
1466.426451016,0,0,1
1466.426451804,0,1,1
1466.426453040,1,1,1
1466.565151794,1,1,0
1466.565152708,1,0,0
1466.565153334,0,0,0
1466.703881020,0,1,0
1466.703881614,0,1,1
1466.703883720,1,1,1
1466.842581456,1,1,0
1466.842581488,1,0,0
1466.842582952,0,0,0
1466.981281612,0,1,0
1466.981282214,0,1,1
1466.981283278,1,1,1
1467.119981056,1,1,0
1467.119981268,1,0,0
1467.119982634,0,0,0
1467.258679876,0,0,1
1467.258680706,0,1,1
1467.258681834,1,1,1
1467.397380172,1,0,1
1467.397380656,1,0,0
1467.397382190,0,0,0
1467.536079476,0,0,1
1467.536079546,0,1,1
1467.536081516,1,1,1
1467.674779952,1,0,1
1467.674780316,1,0,0
1467.674781872,0,0,0
1467.813479074,0,0,1
1467.813479388,0,1,1
1467.813481072,1,1,1
1467.952177794,1,0,1
1467.952177852,1,0,0
1467.952180366,0,0,0
1468.090908674,0,0,1
1468.090909168,0,1,1
1468.090910628,1,1,1
1468.229609516,1,1,0
1468.229609698,1,0,0
1468.229610986,0,0,0
1468.368308272,0,0,1
1468.368309010,0,1,1
1468.368310310,1,1,1
1468.507006476,1,0,1
1468.507009114,1,0,0
1468.507009604,0,0,0
1468.645708058,0,0,1
1468.645708912,0,1,1
1468.645709866,1,1,1
1468.784437712,1,1,0
1468.784438318,1,0,0
1468.784440224,0,0,0
1468.923168754,0,1,0
1468.923169594,0,1,1
1468.923170484,1,1,1
1469.061867374,1,1,0
1469.061869098,1,0,0
1469.061869778,0,0,0
1469.200567534,0,1,0
1469.200568130,0,1,1
1469.200569104,1,1,1
1469.339266972,1,1,0
1469.339268002,1,0,0
1469.339269334,0,0,0
1469.477967374,0,1,0
1469.477967730,0,1,1
1469.477968660,1,1,1
1469.616666780,1,0,1
1469.616667572,1,0,0
1469.616669018,0,0,0
1469.755396216,0,1,0
1469.755397390,0,1,1
1469.755398278,1,1,1
1469.894127172,1,1,0
1469.894127684,1,0,0
1469.894128634,0,0,0
1470.032826990,0,0,1
1470.032827058,0,1,1
1470.032828896,1,1,1
1470.171587464,1,0,1
1470.171587770,1,0,0
1470.171589252,0,0,0
1470.310287588,0,0,1
1470.310287962,0,1,1
1470.310289514,1,1,1
1470.449017304,1,0,1
1470.449017368,1,0,0
1470.449019810,0,0,0
1470.587717188,0,0,1
1470.587717742,0,1,1
1470.587719072,1,1,1
1470.726417030,1,1,0
1470.726417210,1,0,0
1470.726418426,0,0,0
1470.865116786,0,0,1
1470.865117582,0,1,1
1470.865118688,1,1,1
1471.003814988,1,0,1
1471.003816628,1,0,0
1471.003817984,0,0,0
1471.142515384,0,0,1
1471.142516424,0,1,1
1471.142517308,1,1,1
1471.281214828,1,0,1
1471.281216226,1,0,0
1471.281217602,0,0,0
1471.419946044,0,0,1
1471.419946266,0,1,1
1471.419947862,1,1,1
1471.558644824,1,1,0
1471.558645732,1,0,0
1471.558647222,0,0,0
1471.697344106,0,1,0
1471.697345644,0,1,1
1471.697347482,1,1,1
1471.836044424,1,1,0
1471.836045574,1,0,0
1471.836046838,0,0,0
1471.974743948,0,1,0
1471.974745242,0,1,1
1471.974746100,1,1,1
1472.113444352,1,0,1
1472.113445082,1,0,0
1472.113446396,0,0,0
1472.252143778,0,0,1
1472.252143788,0,1,1
1472.252145720,1,1,1
1472.390874256,1,0,1
1472.390874682,1,0,0
1472.390876012,0,0,0
1472.529573502,0,0,1
1472.529573630,0,1,1
1472.529575336,1,1,1
1472.668334280,1,1,0
1472.668335034,1,0,0
1472.668336630,0,0,0
1472.807033036,0,0,1
1472.807034408,0,1,1
1472.807035892,1,1,1
1472.945733878,1,1,0
1472.945735876,1,0,0
1472.945736250,0,0,0
1473.084433312,0,1,0
1473.084433698,0,1,1
1473.084435510,1,1,1
1473.223131540,1,1,0
1473.223132716,1,0,0
1473.223134866,0,0,0
1473.361832234,0,0,1
1473.361834154,0,1,1
1473.361835128,1,1,1
1473.500532620,1,0,1
1473.500533074,1,0,0
1473.500534424,0,0,0
1473.639231894,0,0,1
1473.639232994,0,1,1
1473.639234746,1,1,1
1473.777931398,1,0,1
1473.777932674,1,0,0
1473.777934040,0,0,0
1473.916632492,0,0,1
1473.916632836,0,1,1
1473.916633364,1,1,1
1474.055361332,1,1,0
1474.055362240,1,0,0
1474.055363658,0,0,0
1474.194062676,0,1,0
1474.194063090,0,1,1
1474.194063920,1,1,1
1474.332759932,1,1,0
1474.332762142,1,0,0
1474.332763214,0,0,0
1474.471460516,0,1,0
1474.471460750,0,1,1
1474.471462538,1,1,1
1474.610160528,1,1,0
1474.610161920,1,0,0
1474.610162832,0,0,0
1474.748859286,0,0,1
1474.748859356,0,1,1
1474.748862156,1,1,1
1474.887590190,1,1,0
1474.887590762,1,0,0
1474.887592450,0,0,0
1475.026291134,0,1,0
1475.026291946,0,1,1
1475.026292774,1,1,1
1475.164990602,1,0,1
1475.164990788,1,0,0
1475.164992004,0,0,0
1475.303689038,0,1,0
1475.303690544,0,1,1
1475.303691328,1,1,1
1475.442390386,1,1,0
1475.442390442,1,0,0
1475.442391686,0,0,0
1475.581089142,0,0,1
1475.581089878,0,1,1
1475.581090884,1,1,1
1475.719788344,1,0,1
1475.719788984,1,0,0
1475.719791178,0,0,0
1475.858518656,0,1,0
1475.858518738,0,1,1
1475.858520564,1,1,1
1475.997219124,1,0,1
1475.997219580,1,0,0
1475.997220856,0,0,0
1476.135917400,0,0,1
1476.135917558,0,1,1
1476.135920118,1,1,1
1476.274617962,1,0,1
1476.274619178,1,0,0
1476.274620476,0,0,0
1476.413317934,0,0,1
1476.413318400,0,1,1
1476.413319736,1,1,1
1476.552047804,1,0,1
1476.552048838,1,0,0
1476.552050030,0,0,0
1476.690746720,0,0,1
1476.690748240,0,1,1
1476.690749354,1,1,1
1476.829447374,1,1,0
1476.829448644,1,0,0
1476.829449648,0,0,0
1476.968146130,0,0,1
1476.968147080,0,1,1
1476.968148908,1,1,1
1477.106876844,1,1,0
1477.106878484,1,0,0
1477.106879264,0,0,0
1477.245576920,0,1,0
1477.245578040,0,1,1
1477.245578464,1,1,1
1477.384277192,1,1,0
1477.384277326,1,0,0
1477.384278820,0,0,0
1477.522975698,0,1,0
1477.522976450,0,1,1
1477.522978142,1,1,1
1477.661676164,1,1,0
1477.661678164,1,0,0
1477.661678436,0,0,0
1477.800376046,0,0,1
1477.800376602,0,1,1
1477.800377696,1,1,1
1477.939075888,1,1,0
1477.939076004,1,0,0
1477.939077052,0,0,0
1478.077774644,0,0,1
1478.077776442,0,1,1
1478.077777378,1,1,1
1478.216475422,1,1,0
1478.216475846,1,0,0
1478.216476608,0,0,0
1478.355204218,0,1,0
1478.355205242,0,1,1
1478.355206932,1,1,1
1478.493903684,1,0,1
1478.493904020,1,0,0
1478.493906288,0,0,0
1478.632604840,0,0,1
1478.632605122,0,1,1
1478.632606550,1,1,1
1478.771303524,1,0,1
1478.771304682,1,0,0
1478.771305842,0,0,0
1478.910004436,0,0,1
1478.910004962,0,1,1
1478.910006166,1,1,1
1479.048703366,1,0,1
1479.048704214,1,0,0
1479.048705396,0,0,0
1479.187403032,0,0,1
1479.187403802,0,1,1
1479.187404720,1,1,1
1479.326102874,1,1,0
1479.326104144,1,0,0
1479.326105078,0,0,0
1479.464802642,0,1,0
1479.464802692,0,1,1
1479.464804338,1,1,1
1479.603532984,1,0,1
1479.603533470,1,0,0
1479.603534632,0,0,0
1479.742232418,0,1,0
1479.742233290,0,1,1
1479.742234956,1,1,1
1479.880931886,1,0,1
1479.880932068,1,0,0
1479.880934248,0,0,0
1480.019631320,0,1,0
1480.019632886,0,1,1
1480.019633510,1,1,1
1480.158331728,1,1,0
1480.158333664,1,0,0
1480.158333866,0,0,0
1480.297031546,0,0,1
1480.297032098,0,1,1
1480.297033126,1,1,1
1480.435730262,1,1,0
1480.435730566,1,0,0
1480.435732418,0,0,0
1480.574430080,0,0,1
1480.574432742,1,0,1
1480.574432938,1,1,1
1480.713160858,1,1,0
1480.713161406,1,0,0
1480.713163098,0,0,0
1480.851859778,0,1,0
1480.851860678,0,1,1
1480.851862296,1,1,1
1480.990559182,1,0,1
1480.990561518,1,0,0
1480.990562652,0,0,0
1481.129259618,0,1,0
1481.129260336,0,1,1
1481.129261914,1,1,1
1481.267959086,1,0,1
1481.267959114,1,0,0
1481.267961208,0,0,0
1481.406689458,0,1,0
1481.406689934,0,1,1
1481.406691596,1,1,1
1481.545389712,1,1,0
1481.545390924,1,0,0
1481.545391888,0,0,0
1481.684089298,0,1,0
1481.684089532,0,1,1
1481.684091086,1,1,1
1481.822788308,1,1,0
1481.822789702,1,0,0
1481.822790440,0,0,0
1481.961489190,0,0,1
1481.961490138,0,1,1
1481.961490764,1,1,1
1482.100187604,1,0,1
1482.100188968,1,0,0
1482.100189996,0,0,0
1482.238887722,0,0,1
1482.238888040,0,1,1
1482.238890318,1,1,1
1482.377587444,1,0,1
1482.377588564,1,0,0
1482.377589674,0,0,0
1482.516317818,0,1,0
1482.516318320,0,1,1
1482.516319872,1,1,1
1482.655017162,1,1,0
1482.655017284,1,0,0
1482.655019290,0,0,0
1482.793717980,0,0,1
1482.793718656,0,1,1
1482.793719552,1,1,1
1482.932416122,1,0,1
1482.932416758,1,0,0
1482.932418782,0,0,0
1483.071116576,0,0,1
1483.071117558,0,1,1
1483.071118106,1,1,1
1483.209816418,1,1,0
1483.209816900,1,0,0
1483.209818462,0,0,0
1483.348515336,0,1,0
1483.348516174,0,1,1
1483.348517786,1,1,1
1483.487215740,1,0,1
1483.487217014,1,0,0
1483.487218078,0,0,0
1483.625915176,0,1,0
1483.625915832,0,1,1
1483.625917338,1,1,1
1483.764614580,1,0,1
1483.764614672,1,0,0
1483.764616632,0,0,0
1483.903314016,0,1,0
1483.903315366,0,1,1
1483.903316956,1,1,1
1484.042014206,1,1,0
1484.042014482,1,0,0
1484.042016248,0,0,0
1484.180744854,0,1,0
1484.180745024,0,1,1
1484.180746572,1,1,1
1484.319443804,1,1,0
1484.319446260,1,0,0
1484.319446802,0,0,0
1484.458143632,0,1,0
1484.458144622,0,1,1
1484.458146190,1,1,1
1484.596843462,1,1,0
1484.596844160,1,0,0
1484.596845484,0,0,0
1484.735543534,0,1,0
1484.735544156,0,1,1
1484.735545744,1,1,1
1484.874242994,1,1,0
1484.874243000,1,0,0
1484.874245036,0,0,0
1485.012942814,0,0,1
1485.012943310,0,1,1
1485.012944360,1,1,1
1485.151641840,1,0,1
1485.151643654,1,0,0
1485.151644716,0,0,0
1485.290340974,0,0,1
1485.290343212,0,1,1
1485.290343914,1,1,1
1485.429042252,1,1,0
1485.429042680,1,0,0
1485.429044270,0,0,0
1485.567742444,0,0,1
1485.567743052,0,1,1
1485.567743592,1,1,1
1485.706471846,1,1,0
1485.706472520,1,0,0
1485.706473824,0,0,0
1485.845171604,0,0,1
1485.845172828,0,1,1
1485.845173146,1,1,1
1485.983871444,1,1,0
1485.983872358,1,0,0
1485.983873502,0,0,0
1486.122602262,0,0,1
1486.122602794,0,1,1
1486.122603762,1,1,1
1486.261301134,1,0,1
1486.261302040,1,0,0
1486.261303056,0,0,0
1486.399999858,0,0,1
1486.400000570,0,1,1
1486.400002378,1,1,1
1486.538700636,1,1,0
1486.538701036,1,0,0
1486.538702672,0,0,0
1486.677399346,0,1,0
1486.677400456,0,1,1
1486.677401932,1,1,1
1486.816100296,1,1,0
1486.816101812,1,0,0
1486.816102288,0,0,0
1486.954799248,0,1,0
1486.954800050,0,1,1
1486.954801548,1,1,1
1487.093498828,1,1,0
1487.093499652,1,0,0
1487.093500842,0,0,0
1487.232200024,0,1,0
1487.232200648,0,1,1
1487.232201102,1,1,1
1487.370897492,1,0,1
1487.370898550,1,0,0
1487.370900520,0,0,0
1487.509597926,0,1,0
1487.509599368,0,1,1
1487.509600718,1,1,1
1487.648297330,1,0,1
1487.648299084,1,0,0
1487.648300074,0,0,0
1487.786996902,0,0,1
1487.786998766,0,1,1
1487.786999396,1,1,1
1487.925697168,1,0,1
1487.925697742,1,0,0
1487.925699690,0,0,0
1488.064397496,0,0,1
1488.064397604,0,1,1
1488.064398952,1,1,1
1488.203096276,1,1,0
1488.203097008,1,0,0
1488.203099244,0,0,0
1488.341796094,0,0,1
1488.341797444,0,1,1
1488.341798566,1,1,1
1488.480495998,1,1,0
1488.480496848,1,0,0
1488.480497796,0,0,0
1488.619195220,0,1,0
1488.619195690,0,1,1
1488.619198120,1,1,1
1488.757894686,1,0,1
1488.757895530,1,0,0
1488.757897474,0,0,0
1488.896596120,0,1,0
1488.896596348,0,1,1
1488.896597798,1,1,1
1489.035295126,1,1,0
1489.035295526,1,0,0
1489.035297030,0,0,0
1489.174054960,0,1,0
1489.174055944,0,1,1
1489.174057354,1,1,1
1489.312755722,1,1,0
1489.312756428,1,0,0
1489.312757708,0,0,0
1489.451453540,0,0,1
1489.451454736,0,1,1
1489.451456968,1,1,1
1489.590154318,1,1,0
1489.590156204,1,0,0
1489.590157322,0,0,0
1489.728854638,0,1,0
1489.728856136,0,1,1
1489.728856584,1,1,1
1489.867552912,1,1,0
1489.867554042,1,0,0
1489.867555876,0,0,0
1490.006254414,0,1,0
1490.006254794,0,1,1
1490.006256138,1,1,1
1490.144984880,1,0,1
1490.144985572,1,0,0
1490.144986494,0,0,0
1490.283684316,0,1,0
1490.283684326,0,1,1
1490.283685754,1,1,1
1490.422414106,1,1,0
1490.422414782,1,0,0
1490.422416046,0,0,0
1490.561112922,0,0,1
1490.561114092,0,1,1
1490.561115368,1,1,1
1490.699813558,1,0,1
1490.699814762,1,0,0
1490.699815662,0,0,0
1490.838513582,0,0,1
1490.838513994,0,1,1
1490.838514986,1,1,1
1490.977243360,1,1,0
1490.977244396,1,0,0
1490.977245278,0,0,0
1491.115942176,0,0,1
1491.115943768,0,1,1
1491.115944602,1,1,1
1491.254643236,1,0,1
1491.254644016,1,0,0
1491.254644832,0,0,0
1491.393341710,0,0,1
1491.393342608,0,1,1
1491.393344216,1,1,1
1491.532043074,1,0,1
1491.532043612,1,0,0
1491.532044508,0,0,0
1491.670771446,0,1,0
1491.670773368,0,1,1
1491.670773770,1,1,1
1491.809472208,1,1,0
1491.809472850,1,0,0
1491.809474124,0,0,0
1491.948202348,0,1,0
1491.948203088,0,1,1
1491.948204322,1,1,1
1492.086900804,1,1,0
1492.086901750,1,0,0
1492.086903680,0,0,0
1492.225601622,0,0,1
1492.225602186,0,1,1
1492.225604002,1,1,1
1492.364301400,1,1,0
1492.364302588,1,0,0
1492.364303294,0,0,0
1492.503001024,0,1,0
1492.503001154,0,1,1
1492.503002554,1,1,1
1492.641730428,1,0,1
1492.641731056,1,0,0
1492.641732908,0,0,0
1492.780430864,0,1,0
1492.780432812,0,1,1
1492.780433106,1,1,1
1492.919161266,1,0,1
1492.919162590,1,0,0
1492.919163460,0,0,0
1493.057860408,0,0,1
1493.057862638,0,1,1
1493.057862784,1,1,1
1493.196560104,1,0,1
1493.196560186,1,0,0
1493.196562014,0,0,0
1493.335260004,0,0,1
1493.335261478,0,1,1
1493.335262400,1,1,1
1493.473958844,1,1,0
1493.473960880,1,0,0
1493.473961694,0,0,0
1493.612659662,0,0,1
1493.612661316,0,1,1
1493.612661952,1,1,1
1493.751359440,1,1,0
1493.751359782,1,0,0
1493.751361246,0,0,0
1493.890088818,0,0,1
1493.890090216,0,1,1
1493.890091632,1,1,1
1494.028789096,1,1,0
1494.028789620,1,0,0
1494.028790862,0,0,0
1494.167518992,0,1,0
1494.167519790,0,1,1
1494.167521184,1,1,1
1494.306219398,1,0,1
1494.306219630,1,0,0
1494.306221414,0,0,0
1494.444949446,0,0,1
1494.444949832,0,1,1
1494.444950800,1,1,1
1494.583649288,1,1,0
1494.583651092,0,1,0
1494.583651296,0,0,0
1494.722379668,0,1,0
1494.722380104,0,1,1
1494.722381416,1,1,1
1494.861078882,1,1,0
1494.861080134,1,0,0
1494.861080708,0,0,0
1494.999778506,0,1,0
1494.999779700,0,1,1
1494.999781030,1,1,1
1495.138478974,1,0,1
1495.138479478,1,0,0
1495.138480260,0,0,0
1495.277177344,0,1,0
1495.277178232,0,1,1
1495.277179584,1,1,1
1495.415878748,1,0,1
1495.415879134,1,0,0
1495.415879936,0,0,0
1495.554576890,0,0,1
1495.554577246,0,1,1
1495.554579134,1,1,1
1495.693307650,1,0,1
1495.693307668,1,0,0
1495.693309490,0,0,0
1495.832007484,0,0,1
1495.832008084,0,1,1
1495.832008812,1,1,1
1495.970706488,1,0,1
1495.970708324,1,0,0
1495.970709042,0,0,0
1496.109406860,0,1,0
1496.109407080,0,1,1
1496.109408364,1,1,1
1496.248106326,1,0,1
1496.248106920,1,0,0
1496.248108720,0,0,0
1496.386835760,0,1,0
1496.386836738,0,1,1
1496.386837980,1,1,1
1496.525536514,1,1,0
1496.525537100,1,0,0
1496.525538272,0,0,0
1496.664236270,0,0,1
1496.664236534,0,1,1
1496.664237598,1,1,1
1496.802936002,1,0,1
1496.802937110,1,0,0
1496.802937826,0,0,0
1496.941634866,0,0,1
1496.941635372,0,1,1
1496.941637148,1,1,1
1497.080333704,1,1,0
1497.080334776,1,0,0
1497.080336504,0,0,0
1497.219035212,0,1,0
1497.219035522,0,1,1
1497.219036764,1,1,1
1497.357734362,1,1,0
1497.357734678,1,0,0
1497.357736056,0,0,0
1497.496434050,0,1,0
1497.496434054,0,1,1
1497.496436378,1,1,1
1497.635132956,1,1,0
1497.635134516,1,0,0
1497.635135734,0,0,0
1497.773862886,0,1,0
1497.773864712,0,1,1
1497.773865996,1,1,1
1497.912563552,1,1,0
1497.912564354,1,0,0
1497.912565286,0,0,0
1498.051263306,0,0,1
1498.051263726,0,1,1
1498.051265546,1,1,1
1498.189963190,1,0,1
1498.189963210,1,0,0
1498.189964902,0,0,0
1498.328662902,0,0,1
1498.328663564,0,1,1
1498.328664224,1,1,1
1498.467363028,1,0,1
1498.467363740,1,0,0
1498.467364516,0,0,0
1498.606061558,0,0,1
1498.606062402,0,1,1
1498.606063714,1,1,1
1498.744762806,1,0,1
1498.744763398,1,0,0
1498.744764068,0,0,0
1498.883462152,0,0,1
1498.883462238,0,1,1
1498.883463392,1,1,1
1499.022160706,1,0,1
1499.022160992,1,0,0
1499.022162684,0,0,0
1499.160861078,0,1,0
1499.160861748,0,1,1
1499.160862944,1,1,1
1499.299560480,1,0,1
1499.299560588,1,0,0
1499.299562298,0,0,0
1499.438260916,0,1,0
1499.438261404,0,1,1
1499.438262622,1,1,1
1499.576992182,1,1,0
1499.576992318,1,0,0
1499.576992912,0,0,0
1499.715690752,0,1,0
1499.715691000,0,1,1
1499.715692174,1,1,1
1499.854389838,1,1,0
1499.854390156,1,0,0
1499.854391528,0,0,0
1499.993089590,0,1,0
1499.993090594,0,1,1
1499.993091790,1,1,1
1500.131788994,1,0,1
1500.131790372,1,0,0
1500.131791080,0,0,0
1500.270489428,0,1,0
1500.270490188,0,1,1
1500.270491404,1,1,1
1500.409188892,1,0,1
1500.409189028,1,0,0
1500.409190696,0,0,0
1500.547888266,0,1,0
1500.547888846,0,1,1
1500.547890020,1,1,1
1500.686587622,1,1,0
1500.686588106,1,0,0
1500.686590310,0,0,0
1500.825286916,0,1,0
1500.825288440,0,1,1
1500.825289632,1,1,1
1500.963987218,1,1,0
1500.963987756,1,0,0
1500.963988862,0,0,0
1501.102686504,0,1,0
1501.102687972,0,1,1
1501.102689124,1,1,1
1501.241385344,1,0,1
1501.241387812,1,0,0
1501.241388540,0,0,0
1501.380087630,0,0,1
1501.380087778,0,1,1
1501.380088738,1,1,1
1501.518785994,1,0,1
1501.518786468,1,0,0
1501.518788092,0,0,0
1501.657485224,0,0,1
1501.657486740,0,1,1
1501.657487414,1,1,1
1501.796215062,1,1,0
1501.796217146,1,0,0
1501.796217646,0,0,0
1501.934945454,0,1,0
1501.934946756,0,1,1
1501.934947966,1,1,1
1502.073676096,1,1,0
1502.073676794,1,0,0
1502.073678260,0,0,0
1502.212377412,0,0,1
1502.212378292,0,1,1
1502.212378580,1,1,1
1502.351076382,1,0,1
1502.351076502,1,0,0
1502.351077934,0,0,0
1502.489806068,0,0,1
1502.489806128,0,1,1
1502.489808132,1,1,1
1502.628506408,1,1,0
1502.628506530,1,0,0
1502.628507550,0,0,0
1502.767205664,0,0,1
1502.767205966,0,1,1
1502.767207810,1,1,1
1502.905905370,1,0,1
1502.905905440,1,0,0
1502.905907038,0,0,0
1503.044604804,0,1,0
1503.044605256,0,1,1
1503.044606362,1,1,1
1503.183335034,1,1,0
1503.183335206,1,0,0
1503.183336652,0,0,0
1503.322035640,0,1,0
1503.322035850,0,1,1
1503.322036976,1,1,1
1503.460734690,1,1,0
1503.460735042,1,0,0
1503.460736268,0,0,0
1503.599434476,0,1,0
1503.599435444,0,1,1
1503.599436592,1,1,1
1503.738133880,1,0,1
1503.738134284,1,0,0
1503.738135884,0,0,0
1503.876833314,0,1,0
1503.876834102,0,1,1
1503.876835206,1,1,1
1504.015532718,1,0,1
1504.015533880,1,0,0
1504.015535560,0,0,0
1504.154263694,0,0,1
1504.154264152,0,1,1
1504.154265758,1,1,1
1504.292962474,1,1,0
1504.292963618,1,0,0
1504.292965110,0,0,0
1504.431661988,0,1,0
1504.431663226,0,1,1
1504.431664370,1,1,1
1504.570362066,1,1,0
1504.570362392,1,0,0
1504.570364724,0,0,0
1504.709061826,0,1,0
1504.709062884,0,1,1
1504.709063984,1,1,1
1504.847762660,1,1,0
1504.847763230,1,0,0
1504.847764276,0,0,0
1504.986462478,0,0,1
1504.986462600,0,1,1
1504.986463536,1,1,1
1505.125161066,1,0,1
1505.125162316,1,0,0
1505.125162892,0,0,0
1505.263861500,0,1,0
1505.263862072,0,1,1
1505.263863214,1,1,1
1505.402559904,1,0,1
1505.402560910,1,0,0
1505.402562506,0,0,0
1505.541260664,0,0,1
1505.541261336,0,1,1
1505.541262764,1,1,1
1505.679960740,1,0,1
1505.679961504,1,0,0
1505.679962058,0,0,0
1505.818659112,0,1,0
1505.818659258,0,1,1
1505.818661378,1,1,1
1505.957389096,1,1,0
1505.957390640,1,0,0
1505.957391672,0,0,0
1506.096120012,0,1,0
1506.096120852,0,1,1
1506.096121996,1,1,1
1506.234819692,1,1,0
1506.234821414,1,0,0
1506.234822286,0,0,0
1506.373518510,0,0,1
1506.373520848,0,1,1
1506.373521544,1,1,1
1506.512249252,1,0,1
1506.512250286,1,0,0
1506.512251900,0,0,0
1506.650949684,0,1,0
1506.650950100,0,1,1
1506.650951096,1,1,1
1506.789649150,1,0,1
1506.789649940,1,0,0
1506.789651450,0,0,0
1506.928348458,0,1,0
1506.928348696,0,1,1
1506.928350772,1,1,1
1507.067048472,1,1,0
1507.067048924,1,0,0
1507.067050064,0,0,0
1507.205748288,0,0,1
1507.205748358,0,1,1
1507.205750388,1,1,1
1507.344447760,1,0,1
1507.344448128,1,0,0
1507.344449680,0,0,0
1507.483148882,0,0,1
1507.483149132,0,1,1
1507.483150000,1,1,1
1507.621877598,1,0,1
1507.621877722,1,0,0
1507.621879294,0,0,0
1507.760576968,0,1,0
1507.760578476,0,1,1
1507.760579616,1,1,1
1507.899277434,1,0,1
1507.899278316,1,0,0
1507.899278844,0,0,0
1508.037977132,0,0,1
1508.037977868,0,1,1
1508.037979104,1,1,1
1508.176676270,1,0,1
1508.176677970,1,0,0
1508.176678458,0,0,0
1508.315406704,0,1,0
1508.315406726,0,1,1
1508.315408718,1,1,1
1508.454106108,1,0,1
1508.454106564,1,0,0
1508.454108072,0,0,0
1508.592806316,0,0,1
1508.592806478,0,1,1
1508.592808394,1,1,1
1508.731506156,1,1,0
1508.731506944,1,0,0
1508.731507622,0,0,0
1508.870205378,0,1,0
1508.870205974,0,1,1
1508.870207944,1,1,1
1509.008904750,1,1,0
1509.008904778,1,0,0
1509.008907236,0,0,0
1509.147605152,0,1,0
1509.147605504,0,1,1
1509.147606620,1,1,1
1509.286304554,1,0,1
1509.286305344,1,0,0
1509.286306850,0,0,0
1509.425004050,0,1,0
1509.425005160,0,1,1
1509.425006172,1,1,1
1509.563703936,1,1,0
1509.563704390,1,0,0
1509.563706464,0,0,0
1509.702403690,0,0,1
1509.702403824,0,1,1
1509.702405724,1,1,1
1509.841102528,1,1,0
1509.841104288,1,0,0
1509.841105078,0,0,0
1509.979832346,0,0,1
1509.979833660,0,1,1
1509.979835398,1,1,1
1510.118533186,1,1,0
1510.118534124,1,0,0
1510.118535628,0,0,0
1510.257232558,0,1,0
1510.257232938,0,1,1
1510.257234950,1,1,1
1510.395931900,1,0,1
1510.395932840,1,0,0
1510.395934242,0,0,0
1510.534662396,0,1,0
1510.534663532,0,1,1
1510.534664562,1,1,1
1510.673361796,1,0,1
1510.673364372,1,0,0
1510.673364918,0,0,0
1510.812094124,0,0,1
1510.812094168,0,1,1
1510.812095176,1,1,1
1510.950792634,1,0,1
1510.950792714,1,0,0
1510.950794468,0,0,0
1511.089490780,0,0,1
1511.089492004,0,1,1
1511.089493726,1,1,1
1511.228192618,1,1,0
1511.228193408,1,0,0
1511.228194080,0,0,0
1511.366891840,0,1,0
1511.366892372,0,1,1
1511.366893340,1,1,1
1511.505592210,1,1,0
1511.505592306,1,0,0
1511.505593696,0,0,0
1511.644291676,0,1,0
1511.644291966,0,1,1
1511.644292954,1,1,1
1511.782990140,1,0,1
1511.782990742,1,0,0
1511.782992244,0,0,0
1511.921720512,0,1,0
1511.921721558,0,1,1
1511.921722504,1,1,1
1512.060420914,1,0,1
1512.060421398,1,0,0
1512.060422920,0,0,0
1512.199120150,0,0,1
1512.199120348,0,1,1
1512.199122118,1,1,1
1512.337819812,1,0,1
1512.337819990,1,0,0
1512.337821470,0,0,0
1512.476519806,0,0,1
1512.476520184,0,1,1
1512.476521730,1,1,1
1512.615217580,1,1,0
1512.615219586,1,0,0
1512.615221022,0,0,0
1512.753919020,0,1,0
1512.753920398,0,1,1
1512.753921344,1,1,1
1512.892618484,1,0,1
1512.892619174,1,0,0
1512.892620696,0,0,0
1513.031316854,0,1,0
1513.031318054,0,1,1
1513.031319956,1,1,1
1513.170047320,1,0,1
1513.170049830,1,0,0
1513.170050248,0,0,0
1513.308748628,0,1,0
1513.308748644,0,1,1
1513.308750570,1,1,1
1513.447447094,1,0,1
1513.447447358,1,0,0
1513.447449862,0,0,0
1513.586147176,0,0,1
1513.586148528,0,1,1
1513.586149120,1,1,1
1513.724846992,1,0,1
1513.724848012,1,0,0
1513.724849410,0,0,0
1513.863546830,0,0,1
1513.863547362,0,1,1
1513.863548734,1,1,1
1514.002247606,1,1,0
1514.002248826,1,0,0
1514.002249024,0,0,0
1514.140976136,0,1,0
1514.140977422,0,1,1
1514.140979344,1,1,1
1514.279675600,1,0,1
1514.279676262,1,0,0
1514.279678636,0,0,0
1514.418407032,0,1,0
1514.418408014,0,1,1
1514.418408896,1,1,1
1514.557136792,1,1,0
1514.557138498,1,0,0
1514.557139186,0,0,0
1514.695836606,0,0,1
1514.695836870,0,1,1
1514.695838508,1,1,1
1514.834566334,1,0,1
1514.834567444,1,0,0
1514.834568860,0,0,0
1514.973266200,0,0,1
1514.973266704,0,1,1
1514.973268122,1,1,1
1515.111996038,1,1,0
1515.111997106,1,0,0
1515.111998474,0,0,0
1515.250696540,0,1,0
1515.250696792,0,1,1
1515.250698732,1,1,1
1515.389426630,1,1,0
1515.389427004,1,0,0
1515.389429024,0,0,0
1515.528156374,0,1,0
1515.528158384,0,1,1
1515.528159282,1,1,1
1515.666887778,1,0,1
1515.666889284,1,0,0
1515.666889636,0,0,0
1515.805587148,0,1,0
1515.805587976,0,1,1
1515.805588834,1,1,1
1515.944285814,1,1,0
1515.944286674,1,0,0
1515.944288188,0,0,0
1516.082986630,0,0,1
1516.082987108,0,1,1
1516.082988508,1,1,1
1516.221685384,1,0,1
1516.221687470,1,0,0
1516.221687862,0,0,0
1516.360415942,0,1,0
1516.360417222,0,1,1
1516.360418122,1,1,1
1516.499115284,1,0,1
1516.499116060,1,0,0
1516.499117412,0,0,0
1516.637815652,0,1,0
1516.637815814,0,1,1
1516.637817672,1,1,1
1516.776513118,1,0,1
1516.776515654,1,0,0
1516.776517024,0,0,0
1516.915215468,0,0,1
1516.915215552,0,1,1
1516.915217282,1,1,1
1517.053914244,1,1,0
1517.053914952,1,0,0
1517.053916636,0,0,0
1517.192614060,0,0,1
1517.192614386,0,1,1
1517.192615834,1,1,1
1517.331313850,1,0,1
1517.331314836,1,0,0
1517.331316186,0,0,0
1517.470013158,0,1,0
1517.470013652,0,1,1
1517.470015508,1,1,1
1517.608714490,1,1,0
1517.608714624,1,0,0
1517.608715798,0,0,0
1517.747413056,0,1,0
1517.747413244,0,1,1
1517.747415058,1,1,1
1517.886143082,1,1,0
1517.886143458,1,0,0
1517.886145410,0,0,0
1518.024842836,0,0,1
1518.024842892,0,1,1
1518.024844670,1,1,1
1518.163543674,1,1,0
1518.163544292,1,0,0
1518.163545024,0,0,0
1518.302242726,0,1,0
1518.302243428,0,1,1
1518.302244282,1,1,1
1518.440972266,1,1,0
1518.440973128,1,0,0
1518.440974572,0,0,0
1518.579672082,0,0,1
1518.579672562,0,1,1
1518.579673894,1,1,1
1518.718371920,1,1,0
1518.718372964,1,0,0
1518.718374184,0,0,0
1518.857071610,0,0,1
1518.857072396,0,1,1
1518.857073444,1,1,1
1518.995770800,1,0,1
1518.995771448,1,0,0
1518.995772798,0,0,0
1519.134500890,0,0,1
1519.134501168,0,1,1
1519.134503118,1,1,1
1519.273201104,1,1,0
1519.273202632,1,0,0
1519.273203346,0,0,0
1519.411931794,0,0,1
1519.411932002,0,1,1
1519.411933668,1,1,1
1519.550631468,1,0,1
1519.550631694,1,0,0
1519.550632958,0,0,0
1519.689329900,0,1,0
1519.689330448,0,1,1
1519.689332278,1,1,1
1519.828031224,1,1,0
1519.828031366,1,0,0
1519.828032570,0,0,0
1519.966729734,0,1,0
1519.966730102,0,1,1
1519.966731890,1,1,1
1520.105430878,1,1,0
1520.105431138,1,0,0
1520.105432182,0,0,0
1520.244160694,0,0,1
1520.244161508,0,1,1
1520.244162502,1,1,1
1520.382859972,1,0,1
1520.382860470,1,0,0
1520.382861732,0,0,0
1520.521559222,0,0,1
1520.521559342,0,1,1
1520.521561052,1,1,1
1520.660259062,1,1,0
1520.660259806,1,0,0
1520.660261406,0,0,0
1520.798958176,0,1,0
1520.798959876,0,1,1
1520.798960664,1,1,1
1520.937658640,1,0,1
1520.937658714,1,0,0
1520.937660954,0,0,0
1521.076358466,0,0,1
1521.076359074,0,1,1
1521.076360276,1,1,1
1521.215057306,1,1,0
1521.215058474,1,0,0
1521.215059630,0,0,0
1521.353757846,0,1,0
1521.353758120,0,1,1
1521.353759886,1,1,1
1521.492456898,1,1,0
1521.492457310,1,0,0
1521.492459178,0,0,0
1521.631157712,0,0,1
1521.631157742,0,1,1
1521.631158436,1,1,1
1521.769856082,1,0,1
1521.769857488,1,0,0
1521.769858726,0,0,0
1521.908555304,0,0,1
1521.908557514,0,1,1
1521.908557986,1,1,1
1522.047256080,1,1,0
1522.047256978,1,0,0
1522.047258338,0,0,0
1522.185954894,0,0,1
1522.185955348,0,1,1
1522.185957660,1,1,1
1522.324654732,1,1,0
1522.324655812,1,0,0
1522.324656952,0,0,0
1522.463385244,0,1,0
1522.463385484,0,1,1
1522.463387210,1,1,1
1522.602086324,1,1,0
1522.602086584,1,0,0
1522.602087562,0,0,0
1522.740785140,0,0,1
1522.740786018,0,1,1
1522.740786820,1,1,1
1522.879485482,1,0,1
1522.879485914,1,0,0
1522.879487174,0,0,0
1523.018184914,0,1,0
1523.018185730,0,1,1
1523.018186432,1,1,1
1523.156884316,1,0,1
1523.156884506,1,0,0
1523.156885784,0,0,0
1523.295584320,0,0,1
1523.295584686,0,1,1
1523.295586044,1,1,1
1523.434283096,1,1,0
1523.434283214,1,0,0
1523.434285334,0,0,0
1523.572983520,0,1,0
1523.572983914,0,1,1
1523.572985656,1,1,1
1523.711681750,1,1,0
1523.711683986,1,0,0
1523.711684946,0,0,0
1523.850382354,0,1,0
1523.850383504,0,1,1
1523.850384204,1,1,1
1523.989082278,1,1,0
1523.989082882,1,0,0
1523.989084556,0,0,0
1524.127782190,0,1,0
1524.127783094,0,1,1
1524.127783878,1,1,1
1524.266512652,1,0,1
1524.266512870,1,0,0
1524.266514104,0,0,0
1524.405211686,0,0,1
1524.405212022,0,1,1
1524.405213488,1,1,1
1524.543942486,1,0,1
1524.543942524,1,0,0
1524.543943716,0,0,0
1524.682640920,0,1,0
1524.682642276,0,1,1
1524.682644038,1,1,1
1524.821341114,1,1,0
1524.821341258,1,0,0
1524.821343328,0,0,0
1524.960040690,0,1,0
1524.960040930,0,1,1
1524.960042586,1,1,1
1525.098741154,1,0,1
1525.098741706,1,0,0
1525.098742938,0,0,0
1525.237440520,0,0,1
1525.237440524,0,1,1
1525.237442198,1,1,1
1525.376140988,1,0,1
1525.376141296,1,0,0
1525.376142550,0,0,0
1525.514839360,0,1,0
1525.514841112,0,1,1
1525.514841746,1,1,1
1525.653538822,1,0,1
1525.653540886,1,0,0
1525.653541100,0,0,0
1525.792239702,0,0,1
1525.792240194,0,1,1
1525.792241420,1,1,1
1525.930937656,1,0,1
1525.930938540,1,0,0
1525.930940646,0,0,0
1526.069668354,0,0,1
1526.069669026,0,1,1
1526.069670968,1,1,1
1526.208369130,1,1,0
1526.208370428,1,0,0
1526.208371322,0,0,0
1526.347067944,0,0,1
1526.347068922,0,1,1
1526.347070580,1,1,1
1526.485828784,1,1,0
1526.485829324,1,0,0
1526.485830870,0,0,0
1526.624529694,0,1,0
1526.624530474,0,1,1
1526.624531190,1,1,1
1526.763289158,1,0,1
1526.763289374,1,0,0
1526.763291482,0,0,0
1526.902020126,0,0,1
1526.902020528,0,1,1
1526.902021800,1,1,1
1527.040719930,1,0,1
1527.040719964,1,0,0
1527.040721028,0,0,0
1527.179418718,0,0,1
1527.179419362,0,1,1
1527.179421348,1,1,1
1527.318119556,1,1,0
1527.318119826,1,0,0
1527.318120702,0,0,0
1527.456818744,0,0,1
1527.456820196,0,1,1
1527.456820960,1,1,1
1527.595518596,1,0,1
1527.595519146,1,0,0
1527.595520250,0,0,0
1527.734248028,0,1,0
1527.734248586,0,1,1
1527.734250570,1,1,1
1527.872946736,1,1,0
1527.872948430,1,0,0
1527.872949862,0,0,0
1528.011647862,0,1,0
1528.011648552,0,1,1
1528.011650118,1,1,1
1528.150348322,1,0,1
1528.150348324,1,0,0
1528.150349472,0,0,0
1528.289048142,0,0,1
1528.289048696,0,1,1
1528.289049730,1,1,1
1528.427746980,1,1,0
1528.427747160,1,0,0
1528.427749020,0,0,0
1528.566446530,0,1,0
1528.566446794,0,1,1
1528.566448340,1,1,1
1528.705145868,1,0,1
1528.705146506,1,0,0
1528.705148694,0,0,0
1528.843876322,0,0,1
1528.843877362,0,1,1
1528.843878950,1,1,1
1528.982577160,1,1,0
1528.982577826,1,0,0
1528.982578242,0,0,0
1529.121275196,0,1,0
1529.121275912,0,1,1
1529.121277562,1,1,1
1529.259975596,1,0,1
1529.259976748,1,0,0
1529.259977790,0,0,0
1529.398675030,0,1,0
1529.398675564,0,1,1
1529.398677110,1,1,1
1529.537376340,1,1,0
1529.537377432,1,0,0
1529.537377462,0,0,0
1529.676074154,0,0,1
1529.676074862,0,1,1
1529.676076782,1,1,1
1529.814773930,1,1,0
1529.814774264,1,0,0
1529.814776010,0,0,0
1529.953473696,0,1,0
1529.953473744,0,1,1
1529.953476330,1,1,1
1530.092204096,1,0,1
1530.092204582,1,0,0
1530.092206620,0,0,0
1530.230903398,0,0,1
1530.230903530,0,1,1
1530.230905940,1,1,1
1530.369603110,1,1,0
1530.369603994,1,0,0
1530.369605166,0,0,0
1530.508303924,0,0,1
1530.508304300,0,1,1
1530.508305550,1,1,1
1530.647002762,1,1,0
1530.647003764,1,0,0
1530.647004778,0,0,0
1530.785702198,0,1,0
1530.785703578,0,1,1
1530.785705100,1,1,1
1530.924402352,1,1,0
1530.924402596,1,0,0
1530.924404452,0,0,0
1531.063133028,0,1,0
1531.063133168,0,1,1
1531.063134710,1,1,1
1531.201861430,1,0,1
1531.201862942,1,0,0
1531.201864998,0,0,0
1531.340562756,0,0,1
1531.340562862,0,1,1
1531.340564320,1,1,1
1531.479263326,1,0,1
1531.479263594,1,0,0
1531.479264610,0,0,0
1531.617961286,0,0,1
1531.617962632,0,1,1
1531.617963868,1,1,1
1531.756661096,1,0,1
1531.756662122,1,0,0
1531.756663220,0,0,0
1531.895361528,0,1,0
1531.895363000,0,1,1
1531.895363476,1,1,1
1532.034059992,1,0,1
1532.034060712,1,0,0
1532.034062828,0,0,0
1532.172761528,0,0,1
1532.172762362,0,1,1
1532.172763150,1,1,1
1532.311461364,1,1,0
1532.311461762,1,0,0
1532.311462378,0,0,0
1532.450190116,0,0,1
1532.450190132,0,1,1
1532.450192696,1,1,1
1532.588889596,1,0,1
1532.588890016,1,0,0
1532.588891986,0,0,0
1532.727590768,0,0,1
1532.727591026,0,1,1
1532.727592244,1,1,1
1532.866289428,1,0,1
1532.866289606,1,0,0
1532.866291596,0,0,0
1533.004989358,0,0,1
1533.004989798,0,1,1
1533.004990856,1,1,1
1533.143689196,1,1,0
1533.143690260,1,0,0
1533.143691144,0,0,0
1533.282418692,0,1,0
1533.282420886,0,1,1
1533.282421464,1,1,1
1533.421150156,1,0,1
1533.421150786,1,0,0
1533.421151816,0,0,0
1533.559849526,0,1,0
1533.559849538,0,1,1
1533.559851074,1,1,1
1533.698547926,1,0,1
1533.698548312,1,0,0
1533.698550364,0,0,0
1533.837279188,0,0,1
1533.837280358,0,1,1
1533.837280622,1,1,1
1533.975978758,1,0,1
1533.975978964,1,0,0
1533.975980974,0,0,0
1534.114676780,0,0,1
1534.114678128,0,1,1
1534.114680294,1,1,1
1534.253378592,1,0,1
1534.253378616,1,0,0
1534.253380522,0,0,0
1534.392107368,0,0,1
1534.392107960,0,1,1
1534.392109840,1,1,1
1534.530808144,1,1,0
1534.530808424,1,0,0
1534.530810132,0,0,0
1534.669506856,0,1,0
1534.669507958,0,1,1
1534.669509390,1,1,1
1534.808208734,1,1,0
1534.808209320,1,0,0
1534.808209740,0,0,0
1534.946906546,0,0,1
1534.946906626,0,1,1
1534.946909062,1,1,1
1535.085637090,1,0,1
1535.085637384,1,0,0
1535.085639290,0,0,0
1535.224336458,0,1,0
1535.224337138,0,1,1
1535.224338672,1,1,1
1535.363036922,1,0,1
1535.363036976,1,0,0
1535.363038900,0,0,0
1535.501735790,0,0,1
1535.501736354,0,1,1
1535.501738218,1,1,1
1535.640465814,1,1,0
1535.640467754,1,0,0
1535.640468508,0,0,0
1535.779164748,0,1,0
1535.779166378,0,1,1
1535.779167766,1,1,1
1535.917895714,1,1,0
1535.917897586,1,0,0
1535.917898116,0,0,0
1536.056595956,0,1,0
1536.056596968,0,1,1
1536.056598438,1,1,1
1536.195294742,1,1,0
1536.195296420,1,0,0
1536.195297664,0,0,0
1536.334026556,0,0,1
1536.334026788,0,1,1
1536.334028046,1,1,1
1536.472724876,1,0,1
1536.472726330,1,0,0
1536.472727274,0,0,0
1536.611425146,0,0,1
1536.611425682,0,1,1
1536.611427594,1,1,1
1536.750124084,1,0,1
1536.750125982,1,0,0
1536.750126882,0,0,0
1536.888854736,0,0,1
1536.888855826,0,1,1
1536.888857140,1,1,1
1537.027553916,1,0,1
1537.027555570,1,0,0
1537.027556490,0,0,0
1537.166284910,0,1,0
1537.166285324,0,1,1
1537.166286750,1,1,1
1537.304984160,1,1,0
1537.304984746,1,0,0
1537.304987100,0,0,0
1537.443683976,0,0,1
1537.443685554,0,1,1
1537.443686422,1,1,1
1537.582384330,1,0,1
1537.582385750,1,0,0
1537.582386772,0,0,0
1537.721113564,0,0,1
1537.721114012,0,1,1
1537.721115968,1,1,1
1537.859814400,1,1,0
1537.859814410,1,0,0
1537.859816320,0,0,0
1537.998513780,0,1,0
1537.998514152,0,1,1
1537.998515578,1,1,1
1538.137242990,1,1,0
1538.137244244,1,0,0
1538.137245866,0,0,0
1538.275944426,0,1,0
1538.275944740,0,1,1
1538.275946186,1,1,1
1538.414643578,1,1,0
1538.414644012,1,0,0
1538.414645476,0,0,0
1538.553342508,0,1,0
1538.553343392,0,1,1
1538.553344796,1,1,1
1538.692043230,1,1,0
1538.692044906,1,0,0
1538.692045084,0,0,0
1538.830741982,0,0,1
1538.830742276,0,1,1
1538.830744342,1,1,1
1538.969441756,1,1,0
1538.969443428,1,0,0
1538.969444694,0,0,0
1539.108142108,0,1,0
1539.108142570,0,1,1
1539.108143950,1,1,1
1539.246841572,1,0,1
1539.246842346,1,0,0
1539.246843240,0,0,0
1539.385540158,0,0,1
1539.385541940,0,1,1
1539.385543498,1,1,1
1539.524240404,1,0,1
1539.524241996,1,0,0
1539.524242912,0,0,0
1539.662940812,0,0,1
1539.662942460,0,1,1
1539.662943108,1,1,1
1539.801671234,1,0,1
1539.801671522,1,0,0
1539.801672396,0,0,0
1539.940371336,0,0,1
1539.940371666,0,1,1
1539.940372714,1,1,1
1540.079069236,1,1,0
1540.079071068,1,0,0
1540.079072004,0,0,0
1540.217770436,0,1,0
1540.217770988,0,1,1
1540.217772324,1,1,1
1540.356500762,1,1,0
1540.356500898,1,0,0
1540.356502676,0,0,0
1540.495200576,0,0,1
1540.495201268,0,1,1
1540.495201934,1,1,1
1540.633898350,1,1,0
1540.633898730,1,0,0
1540.633901222,0,0,0
1540.772600098,0,1,0
1540.772600164,0,1,1
1540.772601480,1,1,1
1540.911299000,1,1,0
1540.911299562,1,0,0
1540.911300832,0,0,0
1541.049998932,0,1,0
1541.049999754,0,1,1
1541.050000088,1,1,1
1541.188698394,1,0,1
1541.188698590,1,0,0
1541.188700440,0,0,0
1541.327397340,0,0,1
1541.327397762,0,1,1
1541.327399698,1,1,1
1541.466097226,1,0,1
1541.466098116,1,0,0
1541.466100050,0,0,0
1541.604796594,0,1,0
1541.604796930,0,1,1
1541.604799242,1,1,1
1541.743497058,1,0,1
1541.743497766,1,0,0
1541.743498594,0,0,0
1541.882226364,0,1,0
1541.882227518,0,1,1
1541.882228852,1,1,1
1542.020957888,1,0,1
1542.020958416,1,0,0
1542.020959204,0,0,0
1542.159657106,0,0,1
1542.159658320,0,1,1
1542.159659522,1,1,1
1542.298356720,1,0,1
1542.298357944,1,0,0
1542.298358750,0,0,0
1542.437055756,0,0,1
1542.437057150,0,1,1
1542.437058070,1,1,1
1542.575756552,1,0,1
1542.575756594,1,0,0
1542.575758358,0,0,0
1542.714455346,0,0,1
1542.714455920,0,1,1
1542.714457614,1,1,1
1542.853156320,1,0,1
1542.853157182,1,0,0
1542.853157968,0,0,0
1542.991854752,0,1,0
1542.991854996,0,1,1
1542.991857224,1,1,1
1543.130554216,1,0,1
1543.130554770,1,0,0
1543.130556574,0,0,0
1543.269255584,0,1,0
1543.269255586,0,1,1
1543.269256832,1,1,1
1543.407955358,1,1,0
1543.407956046,1,0,0
1543.407956120,0,0,0
1543.546655172,0,0,1
1543.546655414,0,1,1
1543.546656440,1,1,1
1543.685383816,1,0,1
1543.685383946,1,0,0
1543.685385730,0,0,0
1543.824084760,0,0,1
1543.824085308,0,1,1
1543.824086050,1,1,1
1543.962782598,1,1,0
1543.962784708,1,0,0
1543.962785336,0,0,0
1544.101483078,0,1,0
1544.101484412,0,1,1
1544.101485596,1,1,1
1544.240181874,1,1,0
1544.240183540,1,0,0
1544.240184884,0,0,0
1544.378881908,0,1,0
1544.378883124,0,1,1
1544.378884204,1,1,1
1544.517582308,1,0,1
1544.517583774,1,0,0
1544.517584554,0,0,0
1544.656282462,0,0,1
1544.656282740,0,1,1
1544.656283812,1,1,1
1544.795013174,1,1,0
1544.795013202,1,0,0
1544.795014162,0,0,0
1544.933712570,0,1,0
1544.933713174,0,1,1
1544.933714358,1,1,1
1545.072412032,1,0,1
1545.072412950,1,0,0
1545.072413708,0,0,0
1545.211110764,0,0,1
1545.211112402,0,1,1
1545.211113026,1,1,1
1545.349840800,1,0,1
1545.349841536,1,0,0
1545.349843254,0,0,0
1545.488541350,0,0,1
1545.488542232,0,1,1
1545.488543574,1,1,1
1545.627239694,1,0,1
1545.627241186,1,0,0
1545.627242924,0,0,0
1545.765940062,0,1,0
1545.765941002,0,1,1
1545.765942182,1,1,1
1545.904640464,1,0,1
1545.904640776,1,0,0
1545.904642468,0,0,0
1546.043401526,0,0,1
1546.043401894,0,1,1
1546.043402788,1,1,1
1546.182100356,1,0,1
1546.182101364,1,0,0
1546.182103078,0,0,0
1546.320800176,0,0,1
1546.320801786,0,1,1
1546.320802396,1,1,1
1546.459499950,1,1,0
1546.459500188,1,0,0
1546.459501622,0,0,0
1546.598199554,0,1,0
1546.598199702,0,1,1
1546.598201942,1,1,1
1546.736899018,1,0,1
1546.736899602,1,0,0
1546.736901294,0,0,0
1546.875599352,0,0,1
1546.875599448,0,1,1
1546.875601550,1,1,1
1547.014329786,1,0,1
1547.014330126,1,0,0
1547.014330838,0,0,0
1547.153028216,0,1,0
1547.153028940,0,1,1
1547.153031158,1,1,1
1547.291728776,1,1,0
1547.291729618,1,0,0
1547.291730510,0,0,0
1547.430429048,0,1,0
1547.430429526,0,1,1
1547.430430704,1,1,1
1547.569128364,1,1,0
1547.569129448,1,0,0
1547.569130056,0,0,0
1547.707828178,0,0,1
1547.707828878,0,1,1
1547.707829374,1,1,1
1547.846528014,1,1,0
1547.846529278,1,0,0
1547.846529600,0,0,0
1547.985257766,0,0,1
1547.985257772,0,1,1
1547.985259920,1,1,1
1548.123957600,1,1,0
1548.123958108,1,0,0
1548.123959270,0,0,0
1548.262657540,0,1,0
1548.262658292,0,1,1
1548.262659526,1,1,1
1548.401387000,1,0,1
1548.401387188,1,0,0
1548.401388816,0,0,0
1548.540087308,0,1,0
1548.540088002,0,1,1
1548.540089072,1,1,1
1548.678785770,1,0,1
1548.678787714,1,0,0
1548.678788360,0,0,0
1548.817516588,0,0,1
1548.817517200,0,1,1
1548.817518742,1,1,1
1548.956217600,1,0,1
1548.956218362,1,0,0
1548.956218966,0,0,0
1549.094916114,0,0,1
1549.094917032,0,1,1
1549.094918288,1,1,1
1549.233614952,1,1,0
1549.233616432,1,0,0
1549.233617576,0,0,0
1549.372345702,0,0,1
1549.372345862,0,1,1
1549.372347832,1,1,1
1549.511045324,1,0,1
1549.511046538,1,0,0
1549.511048182,0,0,0
1549.649744692,0,1,0
1549.649746352,0,1,1
1549.649747502,1,1,1
1549.788445092,1,0,1
1549.788445126,1,0,0
1549.788446790,0,0,0
1549.927144522,0,1,0
1549.927145938,0,1,1
1549.927147046,1,1,1
1550.065844774,1,1,0
1550.065845984,1,0,0
1550.065846334,0,0,0
1550.204544352,0,1,0
1550.204545526,0,1,1
1550.204546654,1,1,1
1550.343244362,1,1,0
1550.343244752,1,0,0
1550.343245944,0,0,0
1550.481974184,0,1,0
1550.481975114,0,1,1
1550.481976262,1,1,1
1550.620672886,1,1,0
1550.620673582,1,0,0
1550.620675488,0,0,0
1550.759373700,0,0,1
1550.759374014,0,1,1
1550.759375808,1,1,1
1550.898073476,1,0,1
1550.898073536,1,0,0
1550.898075158,0,0,0
1551.036772352,0,0,1
1551.036773782,0,1,1
1551.036774476,1,1,1
1551.175502124,1,1,0
1551.175503244,1,0,0
1551.175504764,0,0,0
1551.314202738,0,1,0
1551.314202938,0,1,1
1551.314205022,1,1,1
1551.452901074,1,0,1
1551.452901772,1,0,0
1551.452904310,0,0,0
1551.591602462,0,0,1
1551.591604504,0,1,1
1551.591604566,1,1,1
1551.730301966,1,0,1
1551.730303362,1,0,0
1551.730303978,0,0,0
1551.869001174,0,0,1
1551.869001272,0,1,1
1551.869003236,1,1,1
1552.007700734,1,0,1
1552.007701948,1,0,0
1552.007703524,0,0,0
1552.146400164,0,1,0
1552.146401700,0,1,1
1552.146402780,1,1,1
1552.285100534,1,1,0
1552.285101566,1,0,0
1552.285103132,0,0,0
1552.423830932,0,1,0
1552.423831286,0,1,1
1552.423832326,1,1,1
1552.562531122,1,1,0
1552.562531394,1,0,0
1552.562532740,0,0,0
1552.701260762,0,1,0
1552.701260936,0,1,1
1552.701262934,1,1,1
1552.839961224,1,0,1
1552.839961710,1,0,0
1552.839962284,0,0,0
1552.978660656,0,1,0
1552.978661522,0,1,1
1552.978662604,1,1,1
1553.117359358,1,1,0
1553.117360054,1,0,0
1553.117361892,0,0,0
1553.256059110,0,0,1
1553.256059486,0,1,1
1553.256061210,1,1,1
1553.394759882,1,0,0
1553.394761498,0,0,0
1553.533458316,0,1,0
1553.533458696,0,1,1
1553.533460816,1,1,1
1553.672189716,1,0,1
1553.672190470,1,0,0
1553.672191042,0,0,0
1553.810889146,0,1,0
1553.810889284,0,1,1
1553.810890360,1,1,1
1553.949588120,1,1,0
1553.949588544,1,0,0
1553.949590586,0,0,0
1554.088287976,0,1,0
1554.088287996,0,1,1
1554.088289906,1,1,1
1554.226988374,1,0,1
1554.226988706,1,0,0
1554.226990256,0,0,0
1554.365686520,0,0,1
1554.365687806,0,1,1
1554.365689576,1,1,1
1554.504386294,1,1,0
1554.504387206,1,0,0
1554.504388802,0,0,0
1554.643087108,0,0,1
1554.643087636,0,1,1
1554.643089120,1,1,1
1554.781786098,1,0,1
1554.781787942,1,0,0
1554.781788408,0,0,0
1554.920516402,0,1,0
1554.920516756,0,1,1
1554.920518728,1,1,1
1555.059215530,1,1,0
1555.059217866,1,0,0
1555.059218016,0,0,0
1555.197915294,0,1,0
1555.197916280,0,1,1
1555.197918272,1,1,1
1555.336615118,1,1,0
1555.336616694,1,0,0
1555.336617560,0,0,0
1555.475316126,0,1,0
1555.475317878,1,1,0
1555.475317992,1,1,1
1555.614014704,1,1,0
1555.614016588,1,0,0
1555.614017228,0,0,0
1555.752745516,0,0,1
1555.752745954,0,1,1
1555.752747486,1,1,1
1555.891475350,1,1,0
1555.891475352,1,0,0
1555.891477836,0,0,0
1556.030174722,0,1,0
1556.030175104,0,1,1
1556.030177030,1,1,1
1556.168905182,1,0,1
1556.168905876,1,0,0
1556.168907382,0,0,0
1556.307605688,0,0,1
1556.307606614,0,1,1
1556.307607700,1,1,1
1556.446303952,1,0,1
1556.446305524,1,0,0
1556.446306988,0,0,0
1556.585004276,0,0,1
1556.585006242,1,0,1
1556.585006382,1,1,1
1556.723734780,1,0,1
1556.723735112,1,0,0
1556.723736532,0,0,0
1556.862464864,0,0,1
1556.862466272,0,1,1
1556.862466848,1,1,1
1557.001194672,1,0,1
1557.001196762,1,0,0
1557.001197138,0,0,0
1557.139893510,0,0,1
1557.139894040,0,1,1
1557.139896456,1,1,1
1557.278594564,1,0,1
1557.278596346,1,0,0
1557.278596806,0,0,0
1557.417324932,0,1,0
1557.417326098,0,1,1
1557.417327002,1,1,1
1557.556024934,1,1,0
1557.556025332,1,0,0
1557.556026352,0,0,0
1557.694724746,0,0,1
1557.694725762,0,1,1
1557.694726670,1,1,1
1557.833423520,1,1,0
1557.833424160,1,0,0
1557.833425894,0,0,0
1557.972122592,0,1,0
1557.972123270,0,1,1
1557.972125152,1,1,1
1558.110823990,1,0,1
1558.110824106,1,0,0
1558.110825564,0,0,0
1558.249522358,0,1,0
1558.249522918,0,1,1
1558.249524820,1,1,1
1558.388252758,1,0,1
1558.388253692,1,0,0
1558.388255108,0,0,0
1558.526952250,0,1,0
1558.526953506,0,1,1
1558.526954426,1,1,1
1558.665681648,1,0,1
1558.665684342,1,0,0
1558.665684714,0,0,0
1558.804383016,0,1,0
1558.804383092,0,1,1
1558.804385032,1,1,1
1558.943112928,1,1,0
1558.943114478,1,0,0
1558.943115258,0,0,0
1559.081812678,0,0,1
1559.081813846,0,1,1
1559.081814578,1,1,1
1559.220511450,1,1,0
1559.220512308,1,0,0
1559.220513928,0,0,0
1559.359212264,0,0,1
1559.359212676,0,1,1
1559.359214122,1,1,1
1559.497911198,1,0,1
1559.497912162,1,0,0
1559.497913534,0,0,0
1559.636672914,0,0,1
1559.636673504,0,1,1
1559.636674790,1,1,1
1559.775370966,1,0,1
1559.775372686,1,0,0
1559.775374078,0,0,0
1559.914071498,0,0,1
1559.914072334,0,1,1
1559.914073332,1,1,1
1560.052770732,1,0,1
1560.052772334,1,0,0
1560.052773684,0,0,0
1560.191470086,0,0,1
1560.191471224,0,1,1
1560.191472940,1,1,1
1560.330170920,1,1,0
1560.330172624,1,0,0
1560.330173290,0,0,0
1560.468870670,0,0,1
1560.468871054,0,1,1
1560.468872546,1,1,1
1560.607569506,1,1,0
1560.607571454,1,0,0
1560.607571834,0,0,0
1560.746269820,0,1,0
1560.746271258,0,1,1
1560.746272090,1,1,1
1560.885000222,1,0,1
1560.885001092,1,0,0
1560.885002440,0,0,0
1561.023699650,0,1,0
1561.023700904,0,1,1
1561.023701696,1,1,1
1561.162400174,1,0,1
1561.162400678,1,0,0
1561.162401044,0,0,0
1561.301129478,0,1,0
1561.301129490,0,1,1
1561.301131302,1,1,1
1561.439830702,1,1,0
1561.439830940,1,0,0
1561.439831652,0,0,0
1561.578529078,0,0,1
1561.578529370,0,1,1
1561.578530908,1,1,1
1561.717258706,1,0,1
1561.717258912,1,0,0
1561.717261194,0,0,0
1561.855958724,0,0,1
1561.855959136,0,1,1
1561.855960512,1,1,1
1561.994658436,1,1,0
1561.994658598,1,0,0
1561.994660802,0,0,0
1562.133357248,0,0,1
1562.133357964,0,1,1
1562.133360056,1,1,1
1562.272058426,1,0,1
1562.272059082,1,0,0
1562.272060346,0,0,0
1562.410757856,0,1,0
1562.410758896,0,1,1
1562.410759664,1,1,1
1562.549456192,1,0,1
1562.549457670,1,0,0
1562.549459014,0,0,0
1562.688157482,0,0,1
1562.688158622,0,1,1
1562.688159270,1,1,1
1562.826857084,1,0,1
1562.826857254,1,0,0
1562.826858558,0,0,0
1562.965586004,0,0,1
1562.965587452,0,1,1
1562.965588812,1,1,1
1563.104285840,1,1,0
1563.104285912,1,0,0
1563.104288162,0,0,0
1563.242986342,0,1,0
1563.242986654,0,1,1
1563.242988418,1,1,1
1563.381686426,1,1,0
1563.381686804,1,0,0
1563.381687768,0,0,0
1563.520416108,0,1,0
1563.520416240,0,1,1
1563.520418024,1,1,1
1563.659116010,1,1,0
1563.659116570,1,0,0
1563.659118374,0,0,0
1563.797815938,0,1,0
1563.797816824,0,1,1
1563.797817568,1,1,1
1563.936514660,1,1,0
1563.936516398,1,0,0
1563.936516918,0,0,0
1564.075214472,0,0,1
1564.075215764,0,1,1
1564.075217172,1,1,1
1564.213914244,1,1,0
1564.213915226,1,0,0
1564.213916522,0,0,0
1564.352615056,0,0,1
1564.352615594,0,1,1
1564.352616780,1,1,1
1564.491312830,1,1,0
1564.491314056,1,0,0
1564.491316128,0,0,0
1564.630013484,0,1,0
1564.630014642,0,1,1
1564.630015384,1,1,1
1564.768713478,1,1,0
1564.768713820,1,0,0
1564.768715672,0,0,0
1564.907413290,0,0,1
1564.907414252,0,1,1
1564.907414990,1,1,1
1565.046112712,1,0,1
1565.046113064,1,0,0
1565.046114278,0,0,0
1565.184812080,0,1,0
1565.184813812,0,1,1
1565.184814594,1,1,1
1565.323543540,1,0,1
1565.323543648,1,0,0
1565.323544882,0,0,0
1565.462241400,0,0,1
1565.462242970,0,1,1
1565.462244138,1,1,1
1565.600943234,1,1,0
1565.600943306,1,0,0
1565.600944490,0,0,0
1565.739641736,0,1,0
1565.739642048,0,1,1
1565.739643682,1,1,1
1565.878340880,1,1,0
1565.878341196,1,0,0
1565.878343094,0,0,0
1566.017041626,0,1,0
1566.017042632,0,1,1
1566.017043350,1,1,1
1566.155740404,1,1,0
1566.155740962,1,0,0
1566.155742638,0,0,0
1566.294502218,0,0,1
1566.294502330,0,1,1
1566.294503954,1,1,1
1566.433200852,1,0,1
1566.433201052,1,0,0
1566.433203242,0,0,0
1566.571900220,0,1,0
1566.571900802,0,1,1
1566.571902498,1,1,1
1566.710600636,1,1,0
1566.710601682,1,0,0
1566.710602848,0,0,0
1566.849300388,0,0,1
1566.849301048,0,1,1
1566.849302104,1,1,1
1566.987999286,1,1,0
1566.987999510,1,0,0
1566.988002390,0,0,0
1567.126700034,0,0,1
1567.126700876,0,1,1
1567.126701708,1,1,1
1567.265398808,1,1,0
1567.265399400,1,0,0
1567.265400996,0,0,0
1567.404098706,0,1,0
1567.404099620,0,1,1
1567.404101250,1,1,1
1567.542830166,1,0,1
1567.542830392,1,0,0
1567.542831602,0,0,0
1567.681527532,0,1,0
1567.681529204,0,1,1
1567.681530856,1,1,1
1567.820227996,1,0,1
1567.820228040,1,0,0
1567.820230144,0,0,0
1567.958958790,0,0,1
1567.958959424,0,1,1
1567.958960524,1,1,1
1568.097658626,1,1,0
1568.097659760,1,0,0
1568.097660750,0,0,0
1568.236357438,0,0,1
1568.236358190,0,1,1
1568.236360068,1,1,1
1568.375057650,1,0,1
1568.375059210,1,0,0
1568.375060416,0,0,0
1568.513757018,0,1,0
1568.513759022,0,1,1
1568.513759612,1,1,1
1568.652488478,1,0,1
1568.652488796,1,0,0
1568.652489962,0,0,0
1568.791187608,0,0,1
1568.791187908,0,1,1
1568.791189278,1,1,1
1568.929887444,1,1,0
1568.929888306,1,0,0
1568.929889566,0,0,0
1569.068587254,0,0,1
1569.068587674,0,1,1
1569.068588822,1,1,1
1569.207286964,1,1,0
1569.207287136,1,0,0
1569.207288170,0,0,0
1569.345986502,0,1,0
1569.345986778,0,1,1
1569.345988426,1,1,1
1569.484685926,1,1,0
1569.484686900,1,0,0
1569.484687712,0,0,0
1569.623385330,0,1,0
1569.623386424,0,1,1
1569.623388030,1,1,1
1569.762084790,1,0,1
1569.762086322,1,0,0
1569.762087382,0,0,0
1569.900784158,0,1,0
1569.900786508,0,1,1
1569.900786574,1,1,1
1570.039484782,1,1,0
1570.039485556,1,0,0
1570.039486924,0,0,0
1570.178184048,0,1,0
1570.178184594,0,1,1
1570.178186178,1,1,1
1570.316884428,1,1,0
1570.316885384,1,0,0
1570.316886528,0,0,0
1570.455614242,0,0,1
1570.455614812,0,1,1
1570.455615844,1,1,1
1570.594315014,1,1,0
1570.594315274,1,0,0
1570.594316132,0,0,0
1570.733012762,0,0,1
1570.733014642,0,1,1
1570.733015388,1,1,1
1570.871713038,1,0,1
1570.871713536,1,0,0
1570.871715674,0,0,0
1571.010443410,0,0,1
1571.010443532,0,1,1
1571.010445992,1,1,1
1571.149142868,1,0,1
1571.149144182,1,0,0
1571.149145280,0,0,0
1571.287841994,0,0,1
1571.287843360,0,1,1
1571.287844598,1,1,1
1571.426542830,1,1,0
1571.426543758,1,0,0
1571.426544884,0,0,0
1571.565241580,0,0,1
1571.565243124,0,1,1
1571.565244078,1,1,1
1571.703941710,1,0,1
1571.703942416,1,0,0
1571.703943428,0,0,0
1571.842641164,0,0,1
1571.842641952,0,1,1
1571.842643746,1,1,1
1571.981341414,1,0,1
1571.981341998,1,0,0
1571.981343094,0,0,0
1572.120040750,0,0,1
1572.120041780,0,1,1
1572.120043350,1,1,1
1572.258739928,1,0,1
1572.258740584,1,0,0
1572.258742636,0,0,0
1572.397440794,0,1,0
1572.397441394,0,1,1
1572.397441954,1,1,1
1572.536140104,1,1,0
1572.536141006,1,0,0
1572.536142242,0,0,0
1572.674838918,0,0,1
1572.674839374,0,1,1
1572.674841560,1,1,1
1572.813569814,1,1,0
1572.813570896,1,0,0
1572.813571908,0,0,0
1572.952300012,0,1,0
1572.952300566,0,1,1
1572.952302102,1,1,1
1573.090999398,1,1,0
1573.091000848,1,0,0
1573.091001388,0,0,0
1573.229701086,0,0,1
1573.229701090,0,1,1
1573.229701768,1,1,1
1573.368398982,1,1,0
1573.368399426,1,0,0
1573.368400992,0,0,0
1573.507097734,0,0,1
1573.507097916,0,1,1
1573.507101310,1,1,1
1573.645798378,1,0,1
1573.645799568,1,0,0
1573.645800596,0,0,0
1573.784497316,0,0,1
1573.784497744,0,1,1
1573.784499852,1,1,1
1573.923198152,1,1,0
1573.923199706,1,0,0
1573.923200202,0,0,0
1574.061897572,0,1,0
1574.061897964,0,1,1
1574.061899518,1,1,1
1574.200597032,1,0,1
1574.200597798,1,0,0
1574.200599804,0,0,0
1574.339297548,0,0,1
1574.339298086,0,1,1
1574.339299060,1,1,1
1574.477996796,1,0,1
1574.477997382,1,0,0
1574.477998348,0,0,0
1574.616696226,0,1,0
1574.616697194,0,1,1
1574.616698664,1,1,1
1574.755395688,1,0,1
1574.755395904,1,0,0
1574.755397952,0,0,0
1574.894096054,0,1,0
1574.894096716,0,1,1
1574.894098206,1,1,1
1575.032795514,1,0,1
1575.032795550,1,0,0
1575.032797556,0,0,0
1575.171524942,0,1,0
1575.171527362,0,1,1
1575.171527810,1,1,1
1575.310225134,1,1,0
1575.310225278,1,0,0
1575.310227160,0,0,0
1575.448924708,0,1,0
1575.448924946,0,1,1
1575.448927414,1,1,1
1575.587624718,1,1,0
1575.587625168,1,0,0
1575.587626702,0,0,0
1575.726324472,0,1,0
1575.726324530,0,1,1
1575.726326018,1,1,1
1575.865024366,1,1,0
1575.865024994,1,0,0
1575.865026368,0,0,0
1576.003723360,0,1,0
1576.003724114,0,1,1
1576.003725624,1,1,1
1576.142423822,1,0,1
1576.142424886,1,0,0
1576.142425848,0,0,0
1576.281122698,0,0,1
1576.281123188,0,1,1
1576.281125164,1,1,1
1576.419822648,1,0,1
1576.419823532,1,0,0
1576.419824514,0,0,0
1576.558522282,0,0,1
1576.558523078,0,1,1
1576.558524768,1,1,1
1576.697222116,1,1,0
1576.697222412,1,0,0
1576.697224054,0,0,0
1576.835922842,0,1,0
1576.835922926,0,1,1
1576.835924372,1,1,1
1576.974622304,1,0,1
1576.974622762,1,0,0
1576.974623722,0,0,0
1577.113352510,0,0,1
1577.113352668,0,1,1
1577.113353912,1,1,1
1577.252052066,1,0,1
1577.252052346,1,0,0
1577.252053326,0,0,0
1577.390781094,0,0,1
1577.390781494,0,1,1
1577.390783516,1,1,1
1577.529481892,1,0,1
1577.529481928,1,0,0
1577.529483866,0,0,0
1577.668211384,0,1,0
1577.668211678,0,1,1
1577.668213122,1,1,1
1577.806911718,1,0,1
1577.806912512,1,0,0
1577.806913406,0,0,0
1577.945641698,0,0,1
1577.945642210,0,1,1
1577.945643726,1,1,1
1578.084340846,1,1,0
1578.084342546,1,0,0
1578.084343012,0,0,0
1578.223041974,0,1,0
1578.223042096,0,1,1
1578.223043328,1,1,1
1578.361741304,1,1,0
1578.361742434,1,0,0
1578.361742616,0,0,0
1578.500440864,0,1,0
1578.500441428,0,1,1
1578.500441870,1,1,1
1578.639170200,1,0,1
1578.639170262,1,0,0
1578.639172218,0,0,0
1578.777868690,0,1,0
1578.777871074,0,1,1
1578.777872472,1,1,1
1578.916601024,1,0,1
1578.916601846,1,0,0
1578.916602760,0,0,0
1579.055299720,0,0,1
1579.055301454,0,1,1
1579.055302076,1,1,1
1579.193998490,1,1,0
1579.193999852,1,0,0
1579.194001362,0,0,0
1579.332699240,0,0,1
1579.332700218,0,1,1
1579.332701680,1,1,1
1579.471398678,1,0,1
1579.471399076,1,0,0
1579.471400968,0,0,0
1579.610128886,0,0,1
1579.610130170,0,1,1
1579.610131220,1,1,1
1579.748828658,1,1,0
1579.748829504,1,0,0
1579.748830570,0,0,0
1579.887557996,0,1,0
1579.887559470,0,1,1
1579.887560824,1,1,1
1580.026258332,1,0,1
1580.026259302,1,0,0
1580.026261112,0,0,0
1580.165018760,0,1,0
1580.165020114,0,1,1
1580.165021366,1,1,1
1580.303719156,1,0,1
1580.303720824,1,0,0
1580.303721714,0,0,0
1580.442419634,0,0,1
1580.442420586,0,1,1
1580.442421030,1,1,1
1580.581118470,1,1,0
1580.581120046,1,0,0
1580.581120380,0,0,0
1580.719848218,0,0,1
1580.719848412,0,1,1
1580.719850634,1,1,1
1580.858548114,1,1,0
1580.858550872,1,0,0
1580.858550984,0,0,0
1580.997248300,0,1,0
1580.997248864,0,1,1
1580.997250174,1,1,1
1581.135947636,1,1,0
1581.135947698,1,0,0
1581.135949526,0,0,0
1581.274648066,0,1,0
1581.274648446,0,1,1
1581.274649780,1,1,1
1581.413348280,1,1,0
1581.413348524,1,0,0
1581.413349126,0,0,0
1581.552046828,0,1,0
1581.552047094,0,1,1
1581.552049382,1,1,1
1581.690778286,1,0,1
1581.690778862,1,0,0
1581.690779668,0,0,0
1581.829477676,0,0,1
1581.829477778,0,1,1
1581.829478922,1,1,1
1581.968176446,1,1,0
1581.968177176,1,0,0
1581.968178270,0,0,0
1582.106876196,0,0,1
1582.106877542,0,1,1
1582.106878588,1,1,1
1582.245576002,1,0,1
1582.245576028,1,0,0
1582.245577936,0,0,0
1582.384275368,0,1,0
1582.384275840,0,1,1
1582.384277066,1,1,1
1582.522975612,1,1,0
1582.522975766,1,0,0
1582.522977414,0,0,0
1582.661675194,0,1,0
1582.661675424,0,1,1
1582.661676732,1,1,1
1582.800374590,1,0,1
1582.800376258,1,0,0
1582.800377016,0,0,0
1582.939105020,0,1,0
1582.939106006,0,1,1
1582.939107334,1,1,1
1583.077805480,1,0,1
1583.077805838,1,0,0
1583.077806684,0,0,0
1583.216502650,0,0,1
1583.216504908,0,1,1
1583.216505874,1,1,1
1583.355205242,1,0,1
1583.355205422,1,0,0
1583.355206224,0,0,0
1583.493903172,0,0,1
1583.493903672,0,1,1
1583.493905476,1,1,1
1583.632633006,1,1,0
1583.632634068,1,0,0
1583.632635764,0,0,0
1583.771333496,0,1,0
1583.771333754,0,1,1
1583.771335080,1,1,1
1583.910033586,1,1,0
1583.910033956,1,0,0
1583.910035430,0,0,0
1584.048732386,0,1,0
1584.048733462,0,1,1
1584.048734684,1,1,1
1584.187432720,1,0,1
1584.187433170,1,0,0
1584.187434970,0,0,0
1584.326131980,0,0,1
1584.326134148,0,1,1
1584.326134286,1,1,1
1584.464831608,1,0,1
1584.464831814,1,0,0
1584.464833572,0,0,0
1584.603531974,0,1,0
1584.603532564,0,1,1
1584.603533826,1,1,1
1584.742261398,1,1,0
1584.742262434,1,0,0
1584.742264176,0,0,0
1584.880962210,0,0,1
1584.880962800,0,1,1
1584.880963366,1,1,1
1585.019660980,1,1,0
1585.019662260,1,0,0
1585.019662714,0,0,0
1585.158361626,0,1,0
1585.158361728,0,1,1
1585.158363030,1,1,1
1585.297060562,1,1,0
1585.297061084,1,0,0
1585.297062316,0,0,0
1585.435761372,0,0,1
1585.435761450,0,1,1
1585.435762572,1,1,1
1585.574460850,1,0,1
1585.574461144,1,0,0
1585.574461920,0,0,0
1585.713189956,0,0,1
1585.713191276,0,1,1
1585.713192174,1,1,1
1585.851890672,1,0,1
1585.851890728,1,0,0
1585.851891524,0,0,0
1585.990589538,0,0,1
1585.990590102,0,1,1
1585.990591776,1,1,1
1586.129289560,1,0,1
1586.129290370,1,0,0
1586.129291062,0,0,0
1586.267989988,0,1,0
1586.267990182,0,1,1
1586.267991380,1,1,1
1586.406689016,1,1,0
1586.406689386,1,0,0
1586.406690728,0,0,0
1586.545386752,0,1,0
1586.545389202,0,1,1
1586.545389982,1,1,1
1586.684088212,1,0,1
1586.684088348,1,0,0
1586.684090204,0,0,0
1586.822787346,0,0,1
1586.822787578,0,1,1
1586.822789520,1,1,1
1586.961486974,1,0,1
1586.961487118,1,0,0
1586.961488870,0,0,0
1587.100187466,0,1,0
1587.100187928,0,1,1
1587.100189124,1,1,1
1587.238886762,1,1,0
1587.238886862,1,0,0
1587.238888472,0,0,0
1587.377587228,0,1,0
1587.377587574,0,1,1
1587.377588726,1,1,1
1587.516285626,1,0,1
1587.516286344,1,0,0
1587.516288074,0,0,0
1587.655016154,0,0,1
1587.655017054,0,1,1
1587.655018330,1,1,1
1587.793715450,1,0,1
1587.793715926,1,0,0
1587.793717614,0,0,0
1587.932414878,0,1,0
1587.932416674,0,1,1
1587.932417930,1,1,1
1588.071146508,1,1,0
1588.071147276,1,0,0
1588.071148216,0,0,0
1588.209876766,0,1,0
1588.209877320,0,1,1
1588.209878534,1,1,1
1588.348576100,1,0,1
1588.348576152,1,0,0
1588.348577820,0,0,0
1588.487274900,0,0,1
1588.487276528,0,1,1
1588.487277136,1,1,1
1588.625975924,1,0,1
1588.625976672,1,0,0
1588.625977422,0,0,0
1588.764674354,0,1,0
1588.764674546,0,1,1
1588.764676612,1,1,1
1588.903374316,1,1,0
1588.903375750,1,0,0
1588.903376960,0,0,0
1589.042074064,0,0,1
1589.042075178,0,1,1
1589.042076216,1,1,1
1589.180773638,1,0,1
1589.180773898,1,0,0
1589.180775564,0,0,0
1589.319474004,0,1,0
1589.319474708,0,1,1
1589.319475816,1,1,1
1589.458204464,1,0,1
1589.458204480,1,0,0
1589.458206164,0,0,0
1589.596903828,0,1,0
1589.596905290,0,1,1
1589.596905418,1,1,1
1589.735603226,1,0,1
1589.735604124,1,0,0
1589.735604704,0,0,0
1589.874303654,0,1,0
1589.874303872,0,1,1
1589.874305020,1,1,1
1590.013001112,1,0,1
1590.013003706,1,0,0
1590.013004368,0,0,0
1590.151703542,0,1,0
1590.151704454,0,1,1
1590.151704560,1,1,1
1590.290401874,1,0,1
1590.290402286,1,0,0
1590.290403910,0,0,0
1590.429100304,0,1,0
1590.429102036,0,1,1
1590.429103224,1,1,1
1590.567830700,1,0,1
1590.567830930,1,0,0
1590.567833510,0,0,0
1590.706531618,0,0,1
1590.706532128,0,1,1
1590.706533764,1,1,1
1590.845231586,1,0,1
1590.845232514,1,0,0
1590.845233112,0,0,0
1590.983930260,0,0,1
1590.983932016,0,1,1
1590.983932366,1,1,1
1591.122661032,1,1,0
1591.122661412,1,0,0
1591.122662652,0,0,0
1591.261359778,0,1,0
1591.261360842,0,1,1
1591.261362906,1,1,1
1591.400061236,1,0,1
1591.400061676,1,0,0
1591.400062192,0,0,0
1591.538760422,0,0,1
1591.538760602,0,1,1
1591.538762508,1,1,1
1591.677459256,1,1,0
1591.677460062,1,0,0
1591.677461856,0,0,0
1591.816159068,0,0,1
1591.816160490,0,1,1
1591.816161110,1,1,1
1591.954858892,1,0,1
1591.954858902,1,0,0
1591.954861394,0,0,0
1592.093559252,0,1,0
1592.093559586,0,1,1
1592.093560710,1,1,1
1592.232289420,1,1,0
1592.232289648,1,0,0
1592.232290996,0,0,0
1592.370988076,0,1,0
1592.370988230,0,1,1
1592.370990312,1,1,1
1592.509688000,1,1,0
1592.509688472,1,0,0
1592.509690598,0,0,0
1592.648387900,0,1,0
1592.648388812,0,1,1
1592.648389850,1,1,1
1592.787088296,1,0,1
1592.787089644,1,0,0
1592.787090200,0,0,0
1592.925786392,0,0,1
1592.925787726,0,1,1
1592.925789452,1,1,1
1593.064487226,1,1,0
1593.064488184,1,0,0
1593.064488802,0,0,0
1593.203216550,0,1,0
1593.203217036,0,1,1
1593.203219056,1,1,1
1593.341916808,1,1,0
1593.341918008,1,0,0
1593.341919404,0,0,0
1593.480617436,0,1,0
1593.480617616,0,1,1
1593.480618594,1,1,1
1593.619316450,1,1,0
1593.619316770,1,0,0
1593.619317942,0,0,0
1593.758015198,0,1,0
1593.758017136,0,1,1
1593.758018196,1,1,1
1593.896715658,1,0,1
1593.896716968,1,0,0
1593.896717606,0,0,0
1594.035415780,0,0,1
1594.035416086,0,1,1
1594.035417796,1,1,1
1594.174115482,1,0,1
1594.174115612,1,0,0
1594.174117146,0,0,0
1594.312814360,0,0,1
1594.312814848,0,1,1
1594.312816462,1,1,1
1594.451514192,1,1,0
1594.451514306,1,0,0
1594.451516684,0,0,0
1594.590244942,0,0,1
1594.590245672,0,1,1
1594.590247000,1,1,1
1594.728944774,1,1,0
1594.728945132,1,0,0
1594.728946348,0,0,0
1594.867644558,0,1,0
1594.867644710,0,1,1
1594.867646602,1,1,1
1595.006343956,1,0,1
1595.006344918,1,0,0
1595.006345888,0,0,0
1595.145043384,0,1,0
1595.145044042,0,1,1
1595.145045142,1,1,1
1595.283772716,1,0,1
1595.283772936,1,0,0
1595.283775488,0,0,0
1595.422473748,0,0,1
1595.422474144,0,1,1
1595.422475742,1,1,1
1595.561172518,1,1,0
1595.561173604,1,0,0
1595.561175090,0,0,0
1595.699931968,0,1,0
1595.699932392,0,1,1
1595.699935342,1,1,1
1595.838633428,1,0,1
1595.838634162,1,0,0
1595.838635628,0,0,0
1595.977332794,0,1,0
1595.977332908,0,1,1
1595.977334882,1,1,1
1596.116033742,1,1,0
1596.116034190,1,0,0
1596.116035232,0,0,0
1596.254763680,0,1,0
1596.254764552,0,1,1
1596.254765484,1,1,1
1596.393463076,1,0,1
1596.393463324,1,0,0
1596.393464834,0,0,0
1596.532162134,0,0,1
1596.532162442,0,1,1
1596.532164086,1,1,1
1596.670862900,1,0,1
1596.670863904,1,0,0
1596.670864434,0,0,0
1596.809561714,0,0,1
1596.809562266,0,1,1
1596.809563624,1,1,1
1596.948260486,1,1,0
1596.948260726,1,0,0
1596.948262972,0,0,0
1597.086960358,0,0,1
1597.086962090,0,1,1
1597.086963226,1,1,1
1597.225692128,1,1,0
1597.225692548,1,0,0
1597.225693574,0,0,0
1597.364421876,0,0,1
1597.364421976,0,1,1
1597.364423890,1,1,1
1597.503121374,1,0,1
1597.503121708,1,0,0
1597.503123112,0,0,0
1597.641851520,0,0,1
1597.641852800,0,1,1
1597.641853492,1,1,1
1597.780550196,1,0,1
1597.780550290,1,0,0
1597.780552714,0,0,0
1597.919281562,0,1,0
1597.919282036,0,1,1
1597.919283028,1,1,1
1598.057981870,1,1,0
1598.057982020,1,0,0
1598.057983376,0,0,0
1598.196679680,0,0,1
1598.196680448,0,1,1
1598.196682568,1,1,1
1598.335379514,1,1,0
1598.335379844,1,0,0
1598.335381914,0,0,0
1598.474081210,0,1,0
1598.474081260,0,1,1
1598.474082232,1,1,1
1598.612779030,1,1,0
1598.612779668,1,0,0
1598.612781516,0,0,0
1598.751480034,0,1,0
1598.751480842,0,1,1
1598.751481770,1,1,1
1598.890210492,1,0,1
1598.890210612,1,0,0
1598.890212118,0,0,0
1599.028908920,0,1,0
1599.028910422,0,1,1
1599.028911372,1,1,1
1599.167701254,1,0,1
1599.167702254,1,0,0
1599.167702656,0,0,0
1599.306399682,0,1,0
1599.306400066,0,1,1
1599.306401970,1,1,1
1599.445099140,1,0,1
1599.445099834,1,0,0
1599.445102256,0,0,0
1599.583830644,0,0,1
1599.583831504,0,1,1
1599.583832512,1,1,1
1599.722529964,1,0,1
1599.722530478,1,0,0
1599.722531858,0,0,0
1599.861229164,0,0,1
1599.861229392,0,1,1
1599.861231174,1,1,1
1599.999928724,1,0,1
1599.999930060,1,0,0
1599.999931458,0,0,0
1600.138659806,0,0,1
1600.138660214,0,1,1
1600.138661712,1,1,1
1600.277358576,1,1,0
1600.277358610,1,0,0
1600.277360998,0,0,0
1600.416057976,0,1,0
1600.416058386,0,1,1
1600.416060314,1,1,1
1600.554758434,1,0,1
1600.554759220,1,0,0
1600.554760598,0,0,0
1600.693457966,0,0,1
1600.693458860,0,1,1
1600.693459914,1,1,1
1600.832158320,1,0,1
1600.832158800,1,0,0
1600.832160136,0,0,0
1600.970856548,0,0,1
1600.970858622,0,1,1
1600.970859452,1,1,1
1601.109587380,1,1,0
1601.109589082,1,0,0
1601.109589738,0,0,0
1601.248287190,0,0,1
1601.248287508,0,1,1
1601.248289052,1,1,1
1601.387015960,1,1,0
1601.387017904,1,0,0
1601.387019400,0,0,0
1601.525717332,0,1,0
1601.525718770,0,1,1
1601.525719592,1,1,1
1601.664447602,1,1,0
1601.664448728,1,0,0
1601.664449938,0,0,0
1601.803147154,0,1,0
1601.803148350,0,1,1
1601.803149192,1,1,1
1601.941846182,1,1,0
1601.941846490,1,0,0
1601.941848478,0,0,0
1602.080546930,0,0,1
1602.080546980,0,1,1
1602.080548792,1,1,1
1602.219245762,1,1,0
1602.219246374,1,0,0
1602.219248138,0,0,0
1602.357946572,0,0,1
1602.357946802,0,1,1
1602.357948332,1,1,1
1602.496646198,1,0,1
1602.496646342,1,0,0
1602.496647678,0,0,0
1602.635375090,0,0,1
1602.635375624,0,1,1
1602.635377992,1,1,1
1602.774075924,1,1,0
1602.774075958,1,0,0
1602.774077280,0,0,0
1602.912805448,0,1,0
1602.912805732,0,1,1
1602.912807594,1,1,1
1603.051505844,1,0,1
1603.051506502,1,0,0
1603.051507816,0,0,0
1603.190205312,0,0,1
1603.190206208,0,1,1
1603.190207132,1,1,1
1603.328904668,1,0,1
1603.328906146,1,0,0
1603.328906480,0,0,0
1603.467603954,0,0,1
1603.467604032,0,1,1
1603.467606732,1,1,1
1603.606334724,1,1,0
1603.606335490,1,0,0
1603.606337018,0,0,0
1603.745034472,0,0,1
1603.745034856,0,1,1
1603.745036332,1,1,1
1603.883732368,1,1,0
1603.883733314,1,0,0
1603.883735556,0,0,0
1604.022434052,0,0,1
1604.022434678,0,1,1
1604.022435870,1,1,1
1604.161132884,1,1,0
1604.161134138,1,0,0
1604.161135154,0,0,0
1604.299833564,0,1,0
1604.299833694,0,1,1
1604.299835532,1,1,1
1604.438533464,1,1,0
1604.438533960,1,0,0
1604.438534818,0,0,0
1604.577232274,0,0,1
1604.577232326,0,1,1
1604.577234070,1,1,1
1604.715932106,1,1,0
1604.715932782,1,0,0
1604.715934418,0,0,0
1604.854630916,0,0,1
1604.854632210,0,1,1
1604.854633610,1,1,1
1604.993332544,1,0,1
1604.993333624,1,0,0
1604.993333956,0,0,0
1605.132030970,0,1,0
1605.132031434,0,1,1
1605.132033210,1,1,1
1605.270762204,1,1,0
1605.270762428,1,0,0
1605.270763494,0,0,0
1605.409461076,0,0,1
1605.409461794,0,1,1
1605.409462810,1,1,1
1605.548160846,1,1,0
1605.548161252,1,0,0
1605.548163156,0,0,0
1605.686860656,0,0,1
1605.686860678,0,1,1
1605.686862410,1,1,1
1605.825559424,1,1,0
1605.825560074,1,0,0
1605.825561694,0,0,0
1605.964260236,0,0,1
1605.964260440,0,1,1
1605.964262012,1,1,1
1606.102959068,1,1,0
1606.102959898,1,0,0
1606.102961296,0,0,0
1606.241658754,0,0,1
1606.241660262,0,1,1
1606.241661548,1,1,1
1606.380358658,1,0,1
1606.380360646,1,0,0
1606.380360894,0,0,0
1606.519059086,0,1,0
1606.519059456,0,1,1
1606.519060146,1,1,1
1606.657758228,1,1,0
1606.657759542,1,0,0
1606.657760494,0,0,0
1606.796457282,0,1,0
1606.796458974,0,1,1
1606.796459746,1,1,1
1606.935158366,1,0,1
1606.935158806,1,0,0
1606.935160094,0,0,0
1607.073856854,0,1,0
1607.073857616,0,1,1
1607.073859348,1,1,1
1607.212556386,1,1,0
1607.212556688,1,0,0
1607.212558632,0,0,0
1607.351256552,0,1,0
1607.351258194,0,1,1
1607.351258948,1,1,1
1607.489956026,1,1,0
1607.489957012,1,0,0
1607.489958232,0,0,0
1607.628657438,0,1,0
1607.628657838,0,1,1
1607.628658546,1,1,1
1607.767355958,1,0,1
1607.767356544,1,0,0
1607.767357768,0,0,0
1607.906055354,0,0,1
1607.906056198,0,1,1
1607.906057084,1,1,1
1608.044783656,1,0,1
1608.044785186,1,0,0
1608.044787370,0,0,0
1608.183484832,0,1,0
1608.183486934,0,1,1
1608.183487684,1,1,1
1608.322184766,1,1,0
1608.322185666,1,0,0
1608.322187030,0,0,0
1608.460884406,0,1,0
1608.460884576,0,1,1
1608.460886282,1,1,1
1608.599585344,1,1,0
1608.599585364,1,0,0
1608.599586568,0,0,0
1608.738284154,0,0,1
1608.738285040,0,1,1
1608.738285822,1,1,1
1608.876983872,1,0,1
1608.876983924,1,0,0
1608.876986168,0,0,0
1609.015683550,0,1,0
1609.015683732,0,1,1
1609.015685420,1,1,1
1609.154383008,1,0,1
1609.154383502,1,0,0
1609.154384706,0,0,0
1609.293113312,0,0,1
1609.293114810,0,1,1
1609.293115084,1,1,1
1609.431813580,1,0,1
1609.431814082,1,0,0
1609.431815304,0,0,0
1609.570512194,0,1,0
1609.570512954,0,1,1
1609.570514622,1,1,1
1609.709211724,1,1,0
1609.709212590,1,0,0
1609.709213906,0,0,0
1609.847911954,0,1,0
1609.847913532,0,1,1
1609.847914158,1,1,1
1609.986612302,1,1,0
1609.986612412,1,0,0
1609.986613504,0,0,0
1610.125311776,0,1,0
1610.125313112,0,1,1
1610.125313758,1,1,1
1610.264042236,1,0,1
1610.264043882,1,0,0
1610.264044106,0,0,0
1610.402710600,0,1,0
1610.402710692,0,1,1
1610.402712356,1,1,1
1610.541411462,1,1,0
1610.541411994,1,0,0
1610.541412704,0,0,0
1610.680140420,0,1,0
1610.680142334,0,1,1
1610.680142956,1,1,1
1610.818839942,1,0,1
1610.818840040,1,0,0
1610.818842240,0,0,0
1610.957539242,0,1,0
1610.957539848,0,1,1
1610.957541556,1,1,1
1611.096238702,1,0,1
1611.096240682,1,0,0
1611.096241840,0,0,0
1611.234939128,0,1,0
1611.234939428,0,1,1
1611.234941092,1,1,1
1611.373639260,1,1,0
1611.373639522,1,0,0
1611.373641440,0,0,0
1611.512338886,0,1,0
1611.512340070,0,1,1
1611.512340692,1,1,1
1611.651069346,1,0,1
1611.651070840,1,0,0
1611.651070978,0,0,0
1611.789768710,0,1,0
1611.789769648,0,1,1
1611.789770292,1,1,1
1611.928468166,1,0,1
1611.928469794,1,0,0
1611.928470640,0,0,0
1612.067167226,0,0,1
1612.067168594,0,1,1
1612.067169892,1,1,1
1612.205867988,1,0,1
1612.205868058,1,0,0
1612.205870176,0,0,0
1612.344567352,0,1,0
1612.344567806,0,1,1
1612.344569490,1,1,1
1612.483266636,1,1,0
1612.483267812,1,0,0
1612.483268776,0,0,0
1612.621966448,0,0,1
1612.621967236,0,1,1
1612.621969028,1,1,1
1612.760666632,1,0,1
1612.760667216,1,0,0
1612.760668376,0,0,0
1612.899366996,0,1,0
1612.899367026,0,1,1
1612.899368628,1,1,1
1613.038065796,1,1,0
1613.038067454,1,0,0
1613.038067912,0,0,0
1613.176764604,0,0,1
1613.176764880,0,1,1
1613.176767226,1,1,1
1613.315465276,1,0,1
1613.315465374,1,0,0
1613.315467510,0,0,0
1613.454163640,0,1,0
1613.454164184,0,1,1
1613.454166826,1,1,1
1613.592865014,1,1,0
1613.592865096,1,0,0
1613.592866112,0,0,0
1613.731594460,0,1,0
1613.731595762,0,1,1
1613.731596364,1,1,1
1613.870294594,1,1,0
1613.870294920,1,0,0
1613.870296648,0,0,0
1614.009024220,0,1,0
1614.009026340,0,1,1
1614.009026962,1,1,1
1614.147723740,1,0,1
1614.147725172,1,0,0
1614.147726308,0,0,0
1614.286424168,0,1,0
1614.286424980,0,1,1
1614.286425562,1,1,1
1614.425124564,1,0,1
1614.425124750,1,0,0
1614.425125846,0,0,0
1614.563823560,0,0,1
1614.563823926,0,1,1
1614.563825162,1,1,1
1614.702552384,1,0,1
1614.702554392,1,0,0
1614.702555382,0,0,0
1614.841253748,0,1,0
1614.841254138,0,1,1
1614.841255698,1,1,1
1614.979953206,1,0,1
1614.979953906,1,0,0
1614.979955046,0,0,0
1615.118652632,0,1,0
1615.118652780,0,1,1
1615.118654298,1,1,1
1615.257352486,1,1,0
1615.257353090,1,0,0
1615.257354582,0,0,0
1615.396051390,0,1,0
1615.396052294,0,1,1
1615.396053896,1,1,1
1615.534753126,1,1,0
1615.534753850,1,0,0
1615.534754182,0,0,0
1615.673451936,0,0,1
1615.673452212,0,1,1
1615.673453434,1,1,1
1615.812149706,1,1,0
1615.812151670,1,0,0
1615.812152782,0,0,0
1615.950850452,0,0,1
1615.950851034,0,1,1
1615.950853096,1,1,1
1616.089549492,1,0,1
1616.089550346,1,0,0
1616.089552316,0,0,0
1616.228280856,0,1,0
1616.228281092,0,1,1
1616.228282696,1,1,1
1616.366979314,1,0,1
1616.366979924,1,0,0
1616.366981980,0,0,0
1616.505679670,0,0,1
1616.505680678,0,1,1
1616.505682168,1,1,1
1616.644379198,1,0,1
1616.644380504,1,0,0
1616.644381516,0,0,0
1616.783079498,0,1,0
1616.783081248,0,1,1
1616.783081830,1,1,1
1616.921779956,1,0,1
1616.921780080,1,0,0
1616.921781114,0,0,0
1617.060478890,0,0,1
1617.060479382,0,1,1
1617.060480368,1,1,1
1617.199177778,1,0,1
1617.199178660,1,0,0
1617.199180652,0,0,0
1617.337908466,0,0,1
1617.337909204,0,1,1
1617.337910964,1,1,1
1617.476608660,1,0,1
1617.476610236,1,0,0
1617.476610250,0,0,0
1617.615306962,0,1,0
1617.615307046,0,1,1
1617.615309564,1,1,1
1617.754008420,1,0,1
1617.754008878,1,0,0
1617.754009788,0,0,0
1617.892706844,0,1,0
1617.892708686,0,1,1
1617.892709102,1,1,1
1618.031438240,1,0,1
1618.031438456,1,0,0
1618.031439450,0,0,0
1618.170168264,0,0,1
1618.170168666,0,1,1
1618.170169700,1,1,1
1618.308868032,1,1,0
1618.308868062,1,0,0
1618.308869046,0,0,0
1618.447567488,0,1,0
1618.447567780,0,1,1
1618.447569300,1,1,1
1618.586266612,1,1,0
1618.586266882,1,0,0
1618.586268584,0,0,0
1618.724968246,0,1,0
1618.724968420,0,1,1
1618.724968898,1,1,1
1618.863666188,1,1,0
1618.863666704,1,0,0
1618.863668182,0,0,0
1619.002365068,0,1,0
1619.002365998,0,1,1
1619.002367434,1,1,1
1619.141125828,1,1,0
1619.141127526,1,0,0
1619.141128844,0,0,0
1619.279825952,0,1,0
1619.279826638,0,1,1
1619.279828034,1,1,1
1619.418556346,1,0,1
1619.418557406,1,0,0
1619.418558380,0,0,0
1619.557256710,0,1,0
1619.557257214,0,1,1
1619.557258570,1,1,1
1619.695954984,1,1,0
1619.695955168,1,0,0
1619.695957916,0,0,0
1619.834654530,0,1,0
1619.834655106,0,1,1
1619.834657230,1,1,1
1619.973354988,1,0,1
1619.973355562,1,0,0
1619.973357518,0,0,0
1620.112054370,0,0,1
1620.112055414,0,1,1
1620.112056768,1,1,1
1620.250753872,1,0,1
1620.250754640,1,0,0
1620.250756114,0,0,0
1620.389484234,0,1,0
1620.389484948,0,1,1
1620.389486366,1,1,1
1620.528184694,1,0,1
1620.528184780,1,0,0
1620.528186652,0,0,0
1620.666883994,0,1,0
1620.666884588,0,1,1
1620.666885966,1,1,1
1620.805584296,1,1,0
1620.805585452,1,0,0
1620.805586312,0,0,0
1620.944284104,0,0,1
1620.944284876,0,1,1
1620.944285564,1,1,1
1621.082981936,1,1,0
1621.082983272,1,0,0
1621.082984910,0,0,0
1621.221683682,0,0,1
1621.221683698,0,1,1
1621.221685164,1,1,1
1621.360381514,1,1,0
1621.360383092,1,0,0
1621.360384386,0,0,0
1621.499113458,0,1,0
1621.499114322,0,1,1
1621.499114762,1,1,1
1621.637842090,1,1,0
1621.637843914,1,0,0
1621.637844984,0,0,0
1621.776541900,0,0,1
1621.776542340,0,1,1
1621.776544298,1,1,1
1621.915272732,1,1,0
1621.915273734,1,0,0
1621.915274584,0,0,0
1622.053972160,0,1,0
1622.053973478,0,1,1
1622.053974900,1,1,1
1622.192672308,1,1,0
1622.192673556,1,0,0
1622.192674182,0,0,0
1622.331371994,0,0,1
1622.331372920,0,1,1
1622.331373498,1,1,1
1622.470072376,1,0,1
1622.470072886,1,0,0
1622.470073782,0,0,0
1622.608770694,0,0,1
1622.608771802,0,1,1
1622.608773096,1,1,1
1622.747471198,1,0,1
1622.747472464,1,0,0
1622.747473380,0,0,0
1622.886201622,0,1,0
1622.886202272,0,1,1
1622.886203632,1,1,1
1623.024900018,1,0,1
1623.024901104,1,0,0
1623.024902978,0,0,0
1623.163631850,0,0,1
1623.163632382,0,1,1
1623.163633168,1,1,1
1623.302330618,1,1,0
1623.302330902,1,0,0
1623.302332576,0,0,0
1623.441030428,0,0,1
1623.441031202,0,1,1
1623.441032830,1,1,1
1623.579730660,1,0,1
1623.579731196,1,0,0
1623.579732176,0,0,0
1623.718429006,0,0,1
1623.718429086,0,1,1
1623.718431366,1,1,1
1623.857159836,1,1,0
1623.857160480,1,0,0
1623.857161712,0,0,0
1623.995860582,0,0,1
1623.995860906,0,1,1
1623.995861964,1,1,1
1624.134590302,1,0,1
1624.134590476,1,0,0
1624.134592312,0,0,0
1624.273289160,0,0,1
1624.273289664,0,1,1
1624.273291626,1,1,1
1624.411988992,1,1,0
1624.411989122,1,0,0
1624.411990848,0,0,0
1624.550688548,0,1,0
1624.550689800,0,1,1
1624.550691162,1,1,1
1624.689388568,1,1,0
1624.689389942,1,0,0
1624.689390446,0,0,0
1624.828119430,0,1,0
1624.828119438,0,1,1
1624.828120700,1,1,1
1624.966818208,1,1,0
1624.966818764,1,0,0
1624.966820046,0,0,0
1625.105547954,0,0,1
1625.105550188,0,1,1
1625.105550234,1,1,1
1625.244248646,1,0,1
1625.244249786,1,0,0
1625.244250644,0,0,0
1625.382947532,0,0,1
1625.382947946,0,1,1
1625.382949896,1,1,1
1625.521647404,1,0,1
1625.521649362,1,0,0
1625.521650244,0,0,0
1625.660347172,0,0,1
1625.660348830,0,1,1
1625.660349494,1,1,1
1625.799047004,1,1,0
1625.799047224,1,0,0
1625.799048778,0,0,0
1625.937747748,0,0,1
1625.937748588,0,1,1
1625.937749094,1,1,1
1626.076446580,1,1,0
1626.076448046,1,0,0
1626.076448378,0,0,0
1626.215146390,0,0,1
1626.215146472,0,1,1
1626.215148630,1,1,1
1626.353846096,1,1,0
1626.353846866,1,0,0
1626.353847978,0,0,0
1626.492546292,0,1,0
1626.492546904,0,1,1
1626.492547292,1,1,1
1626.631245686,1,0,1
1626.631246738,1,0,0
1626.631247514,0,0,0
1626.769976050,0,1,0
1626.769976482,0,1,1
1626.769977828,1,1,1
1626.908675314,1,1,0
1626.908676506,1,0,0
1626.908677112,0,0,0
1627.047373932,0,1,0
1627.047375122,0,1,1
1627.047376364,1,1,1
1627.186074952,1,1,0
1627.186075328,1,0,0
1627.186076710,0,0,0
1627.324774700,0,0,1
1627.324774754,0,1,1
1627.324776026,1,1,1
1627.463474530,1,1,0
1627.463475148,1,0,0
1627.463476246,0,0,0
1627.602173338,0,0,1
1627.602173574,0,1,1
1627.602175562,1,1,1
1627.740903968,1,0,1
1627.740904108,1,0,0
1627.740905846,0,0,0
1627.879603394,0,1,0
1627.879603854,0,1,1
1627.879605162,1,1,1
1628.018302788,1,0,1
1628.018304748,1,0,0
1628.018305508,0,0,0
1628.157003214,0,1,0
1628.157003492,0,1,1
1628.157004760,1,1,1
1628.295701610,1,0,1
1628.295702262,1,0,0
1628.295704044,0,0,0
1628.434403034,0,1,0
1628.434403070,0,1,1
1628.434404358,1,1,1
1628.573161430,1,0,1
1628.573162714,1,0,0
1628.573164578,0,0,0
1628.711862712,0,0,1
1628.711863856,0,1,1
1628.711864894,1,1,1
1628.850562480,1,1,0
1628.850563250,1,0,0
1628.850564242,0,0,0
1628.989261224,0,0,1
1628.989261676,0,1,1
1628.989263494,1,1,1
1629.127962058,1,1,0
1629.127962070,1,0,0
1629.127963778,0,0,0
1629.266661434,0,1,0
1629.266661866,0,1,1
1629.266663092,1,1,1
1629.405361572,1,1,0
1629.405362890,1,0,0
1629.405363438,0,0,0
1629.544060380,0,0,1
1629.544061316,0,1,1
1629.544062628,1,1,1
1629.682759712,1,0,1
1629.682761210,1,0,0
1629.682761974,0,0,0
1629.821459020,0,0,1
1629.821460136,0,1,1
1629.821462226,1,1,1
1629.960190788,1,1,0
1629.960192510,0,1,0
1629.960192530,0,0,0
1630.098889896,0,1,0
1630.098890598,0,1,1
1630.098891886,1,1,1
1630.237589364,1,1,0
1630.237590352,1,0,0
1630.237592172,0,0,0
1630.376288778,0,1,0
1630.376291174,0,1,1
1630.376291360,1,1,1
1630.514988172,1,0,1
1630.514990708,0,0,1
1630.514991006,0,0,0
1630.653688538,0,1,0
1630.653689814,0,1,1
1630.653690962,1,1,1
1630.792419582,1,1,0
1630.792419992,1,0,0
1630.792421308,0,0,0
1630.931149392,0,0,1
1630.931150356,0,1,1
1630.931151560,1,1,1
1631.069848812,1,0,1
1631.069849158,1,0,0
1631.069850906,0,0,0
1631.208548968,0,0,1
1631.208549238,0,1,1
1631.208550158,1,1,1
1631.347247632,1,0,1
1631.347249800,1,0,0
1631.347250504,0,0,0
1631.485948060,0,1,0
1631.485948482,0,1,1
1631.485949756,1,1,1
1631.624647452,1,0,1
1631.624648376,1,0,0
1631.624649040,0,0,0
1631.763376816,0,1,0
1631.763378184,0,1,1
1631.763379292,1,1,1
1631.902077272,1,0,1
1631.902077954,1,0,0
1631.902079576,0,0,0
1632.040777698,0,1,1
1632.040778890,1,1,1
1632.179477094,1,0,1
1632.179478530,1,0,0
1632.179479236,0,0,0
1632.318176276,0,0,1
1632.318176520,0,1,1
1632.318178424,1,1,1
1632.456875914,1,0,1
1632.456876108,1,0,0
1632.456877772,0,0,0
1632.595575914,0,0,1
1632.595576276,0,1,1
1632.595578086,1,1,1
1632.734274746,1,1,0
1632.734275734,1,0,0
1632.734277370,0,0,0
1632.872975160,0,1,0
1632.872975492,0,1,1
1632.872977622,1,1,1
1633.011675260,1,1,0
1633.011675616,1,0,0
1633.011676970,0,0,0
1633.150373916,0,1,0
1633.150375068,0,1,1
1633.150376220,1,1,1
1633.289074838,1,1,0
1633.289075374,1,0,0
1633.289076568,0,0,0
1633.427773800,0,1,0
1633.427774646,0,1,1
1633.427775818,1,1,1
1633.566473194,1,0,1
1633.566473478,1,0,0
1633.566475164,0,0,0
1633.705174286,0,0,1
1633.705174620,0,1,1
1633.705175482,1,1,1
1633.843873014,1,0,1
1633.843874054,1,0,0
1633.843874702,0,0,0
1633.982572800,0,0,1
1633.982573438,0,1,1
1633.982575016,1,1,1
1634.121272632,1,1,0
1634.121272772,1,0,0
1634.121274300,0,0,0
1634.259971258,0,1,0
1634.259973376,0,1,1
1634.259973614,1,1,1
1634.398671654,1,0,1
1634.398672208,1,0,0
1634.398673900,0,0,0
1634.537403016,0,1,1
1634.537404212,1,1,1
1634.676101472,1,0,1
1634.676102784,1,0,0
1634.676103434,0,0,0
1634.814801592,0,0,1
1634.814801898,0,1,1
1634.814803748,1,1,1
1634.953502232,1,0,1
1634.953502422,1,0,0
1634.953503096,0,0,0
1635.092231718,0,1,0
1635.092232170,0,1,1
1635.092233346,1,1,1
1635.230932000,1,1,0
1635.230932174,1,0,0
1635.230932630,0,0,0
1635.369660474,0,1,0
1635.369661746,0,1,1
1635.369662882,1,1,1
1635.508359930,1,0,1
1635.508360578,1,0,0
1635.508363228,0,0,0
1635.647060294,0,1,0
1635.647061384,0,1,1
1635.647062480,1,1,1
1635.785759752,1,0,1
1635.785760216,1,0,0
1635.785761826,0,0,0
1635.924459114,0,1,0
1635.924460962,0,1,1
1635.924462078,1,1,1
1636.063158792,1,1,0
1636.063160572,1,0,0
1636.063161362,0,0,0
1636.201858996,0,1,0
1636.201859600,0,1,1
1636.201861676,1,1,1
1636.340559306,1,1,0
1636.340559390,1,0,0
1636.340560898,0,0,0
1636.479258816,0,1,0
1636.479259114,0,1,1
1636.479260212,1,1,1
1636.617957210,1,0,1
1636.617957944,1,0,0
1636.617960558,0,0,0
1636.756657572,0,1,0
1636.756657816,0,1,1
1636.756659810,1,1,1
1636.895357030,1,0,1
1636.895358022,1,0,0
1636.895359094,0,0,0
1637.034057142,0,0,1
1637.034058454,0,1,1
1637.034059410,1,1,1
1637.172756850,1,0,1
1637.172757098,1,0,0
1637.172758692,0,0,0
1637.311457530,0,0,1
1637.311458274,0,1,1
1637.311459068,1,1,1
1637.450156668,1,0,1
1637.450156674,1,0,0
1637.450158290,0,0,0
1637.588855482,0,0,1
1637.588856030,0,1,1
1637.588857604,1,1,1
1637.727556488,1,0,1
1637.727557312,1,0,0
1637.727557950,0,0,0
1637.866254912,0,1,0
1637.866255122,0,1,1
1637.866257140,1,1,1
1638.004955370,1,0,1
1638.004955890,1,0,0
1638.004957486,0,0,0
1638.143685696,0,0,1
1638.143685732,0,1,1
1638.143687800,1,1,1
1638.282385126,1,0,1
1638.282385402,1,0,0
1638.282387022,0,0,0
1638.421145488,0,1,0
1638.421146274,0,1,1
1638.421147336,1,1,1
1638.559844978,1,1,0
1638.559846944,1,0,0
1638.559847680,0,0,0
1638.698544850,0,0,1
1638.698545308,0,1,1
1638.698546932,1,1,1
1638.837244764,1,0,1
1638.837245680,1,0,0
1638.837247278,0,0,0
1638.975945190,0,1,0
1638.975946468,1,1,0
1638.975946488,1,1,1
1639.114643646,1,0,1
1639.114644194,1,0,0
1639.114645814,0,0,0
1639.253343946,0,1,0
1639.253344002,0,1,1
1639.253346130,1,1,1
1639.392074402,1,0,1
1639.392074770,1,0,0
1639.392076412,0,0,0
1639.530773578,0,0,1
1639.530773828,0,1,1
1639.530775664,1,1,1
1639.669503408,1,1,0
1639.669504220,1,0,0
1639.669505948,0,0,0
1639.808203154,0,0,1
1639.808204646,0,1,1
1639.808205262,1,1,1
1639.946903986,1,1,0
1639.946904040,1,0,0
1639.946905544,0,0,0
1640.085602404,0,1,0
1640.085603794,0,1,1
1640.085604796,1,1,1
1640.224302562,1,1,0
1640.224302922,1,0,0
1640.224304144,0,0,0
1640.363002370,0,0,1
1640.363003222,0,1,1
1640.363004396,1,1,1
1640.501701200,1,1,0
1640.501701614,1,0,0
1640.501703742,0,0,0
1640.640431102,0,1,0
1640.640431946,0,1,1
1640.640433992,1,1,1
1640.779131498,1,0,1
1640.779132776,1,0,0
1640.779134340,0,0,0
1640.917831922,0,1,0
1640.917832520,0,1,1
1640.917833652,1,1,1
1641.056531288,1,1,0
1641.056532378,1,0,0
1641.056532874,0,0,0
1641.195230678,0,1,0
1641.195231098,0,1,1
1641.195233188,1,1,1
1641.333929928,1,1,0
1641.333931134,1,0,0
1641.333932472,0,0,0
1641.472630560,0,1,0
1641.472631736,0,1,1
1641.472632724,1,1,1
1641.611360504,1,1,0
1641.611360954,1,0,0
1641.611362070,0,0,0
1641.750091250,0,0,1
1641.750091380,0,1,1
1641.750092258,1,1,1
1641.888850836,1,0,1
1641.888852082,1,0,0
1641.888853606,0,0,0
1642.027549888,0,0,1
1642.027551198,0,1,1
1642.027552918,1,1,1
1642.166312592,1,0,1
1642.166312718,1,0,0
1642.166314202,0,0,0
1642.305012018,0,1,0
1642.305012464,0,1,1
1642.305013454,1,1,1
1642.443710296,1,1,0
1642.443711412,1,0,0
1642.443712800,0,0,0
1642.582412102,0,0,1
1642.582412836,0,1,1
1642.582413052,1,1,1
1642.721109872,1,1,0
1642.721111292,1,0,0
1642.721112398,0,0,0
1642.859810618,0,0,1
1642.859811592,0,1,1
1642.859812650,1,1,1
1642.998541048,1,0,1
1642.998541510,1,0,0
1642.998541934,0,0,0
1643.137270194,0,0,1
1643.137270474,0,1,1
1643.137272308,1,1,1
1643.275970866,1,0,1
1643.275971024,1,0,0
1643.275972532,0,0,0
1643.414700604,0,1,0
1643.414701830,0,1,1
1643.414702844,1,1,1
1643.553431000,1,0,1
1643.553431660,1,0,0
1643.553433068,0,0,0
1643.692130406,0,0,1
1643.692131110,0,1,1
1643.692132442,1,1,1
1643.830829176,1,1,0
1643.830831504,1,0,0
1643.830831728,0,0,0
1643.969559866,0,1,0
1643.969559922,0,1,1
1643.969561978,1,1,1
1644.108260752,1,1,0
1644.108261324,1,0,0
1644.108262262,0,0,0
1644.246959436,0,1,0
1644.246959558,0,1,1
1644.246961576,1,1,1
1644.385689142,1,0,1
1644.385690326,1,0,0
1644.385691860,0,0,0
1644.524389134,0,0,1
1644.524389566,0,1,1
1644.524391174,1,1,1
1644.663089966,1,1,0
1644.663090398,1,0,0
1644.663091456,0,0,0
1644.801788386,0,1,0
1644.801788710,0,1,1
1644.801790708,1,1,1
1644.940488540,1,1,0
1644.940490030,1,0,0
1644.940491056,0,0,0
1645.079188768,0,1,0
1645.079189350,0,1,1
1645.079190370,1,1,1
1645.217886930,1,1,0
1645.217888598,1,0,0
1645.217889590,0,0,0
1645.356617612,0,0,1
1645.356618022,0,1,1
1645.356619902,1,1,1
1645.495318418,1,0,1
1645.495319692,1,0,0
1645.495320248,0,0,0
1645.634048500,0,0,1
1645.634048842,0,1,1
1645.634050502,1,1,1
1645.772747332,1,1,0
1645.772748298,1,0,0
1645.772749784,0,0,0
1645.911447078,0,0,1
1645.911447660,0,1,1
1645.911449038,1,1,1
1646.050147054,1,0,1
1646.050147906,1,0,0
1646.050149382,0,0,0
1646.188845652,0,0,1
1646.188847478,0,1,1
1646.188848634,1,1,1
1646.327547482,1,1,0
1646.327548980,0,1,0
1646.327549060,0,0,0
1646.466276290,0,0,1
1646.466277298,0,1,1
1646.466278232,1,1,1
1646.604976058,1,1,0
1646.604977754,1,0,0
1646.604978578,0,0,0
1646.743675116,0,1,0
1646.743676866,0,1,1
1646.743677830,1,1,1
1646.882376508,1,0,1
1646.882376634,1,0,0
1646.882378112,0,0,0
1647.021075934,0,1,0
1647.021076380,0,1,1
1647.021077362,1,1,1
1647.159775328,1,0,1
1647.159776210,1,0,0
1647.159776772,0,0,0
1647.298474018,0,0,1
1647.298475752,0,1,1
1647.298476962,1,1,1
1647.437174208,1,0,1
1647.437174848,1,0,0
1647.437176246,0,0,0
1647.575874594,0,0,1
1647.575875572,0,1,1
1647.575876622,1,1,1
1647.714573424,1,1,0
1647.714573964,1,0,0
1647.714575904,0,0,0
1647.853304392,0,1,0
1647.853305168,0,1,1
1647.853306158,1,1,1
1647.992003784,1,0,1
1647.992003998,1,0,0
1647.992005440,0,0,0
1648.130704208,0,1,0
1648.130704744,0,1,1
1648.130705690,1,1,1
1648.269402664,1,0,1
1648.269404574,1,0,0
1648.269404974,0,0,0
1648.408102026,0,1,0
1648.408103320,0,1,1
1648.408104288,1,1,1
1648.546802420,1,0,1
1648.546803150,1,0,0
1648.546804634,0,0,0
1648.685501958,0,0,1
1648.685502844,0,1,1
1648.685503822,1,1,1
1648.824201726,1,1,0
1648.824203302,1,0,0
1648.824204168,0,0,0
1648.962901470,0,0,1
1648.962902664,0,1,1
1648.962903482,1,1,1
1649.101600120,1,0,1
1649.101600300,1,0,0
1649.101602704,0,0,0
1649.240300480,0,1,0
1649.240301110,0,1,1
1649.240303016,1,1,1
1649.379000878,1,1,0
1649.379001938,1,0,0
1649.379002362,0,0,0
1649.517700300,0,1,0
1649.517701686,0,1,1
1649.517702678,1,1,1
1649.656400514,1,1,0
1649.656400754,1,0,0
1649.656401962,0,0,0
1649.795099118,0,1,0
1649.795099322,0,1,1
1649.795101212,1,1,1
1649.933799090,1,1,0
1649.933800574,1,0,0
1649.933801558,0,0,0
1650.072498898,0,0,1
1650.072499936,0,1,1
1650.072500746,1,1,1
1650.211198666,1,1,0
1650.211199392,1,0,0
1650.211201092,0,0,0
1650.349898412,0,0,1
1650.349898754,0,1,1
1650.349900406,1,1,1
1650.488597242,1,1,0
1650.488598148,1,0,0
1650.488599690,0,0,0
1650.627328572,0,1,0
1650.627329050,0,1,1
1650.627329942,1,1,1
1650.766028092,1,0,1
1650.766028816,1,0,0
1650.766030286,0,0,0
1650.904727390,0,1,0
1650.904727624,0,1,1
1650.904729538,1,1,1
1651.043427846,1,0,1
1651.043428454,1,0,0
1651.043428822,0,0,0
1651.182126198,0,0,1
1651.182127208,0,1,1
1651.182129136,1,1,1
1651.320887030,1,1,0
1651.320887664,1,0,0
1651.320889420,0,0,0
1651.459586774,0,0,1
1651.459588088,0,1,1
1651.459589732,1,1,1
1651.598286420,1,0,1
1651.598287604,1,0,0
1651.598289016,0,0,0
1651.736986412,0,0,1
1651.736986844,0,1,1
1651.736988266,1,1,1
1651.875687180,1,1,0
1651.875687300,1,0,0
1651.875688550,0,0,0
1652.014385662,0,1,0
1652.014386986,0,1,1
1652.014387864,1,1,1
1652.153086818,1,1,0
1652.153087056,1,0,0
1652.153088210,0,0,0
1652.291816542,0,1,0
1652.291817562,0,1,1
1652.291818462,1,1,1
1652.430514874,1,0,1
1652.430517390,1,0,0
1652.430517746,0,0,0
1652.569214298,0,1,0
1652.569215202,0,1,1
1652.569216996,1,1,1
1652.707914968,1,1,0
1652.707915754,1,0,0
1652.707917342,0,0,0
1652.846615116,0,1,0
1652.846615714,0,1,1
1652.846616594,1,1,1
1652.985313544,1,1,0
1652.985313570,1,0,0
1652.985315876,0,0,0
1653.124014350,0,0,1
1653.124014934,0,1,1
1653.124016190,1,1,1
1653.262713390,1,0,1
1653.262714118,1,0,0
1653.262715474,0,0,0
1653.401443752,0,1,0
1653.401443926,0,1,1
1653.401445726,1,1,1
1653.540144208,1,0,1
1653.540144756,1,0,0
1653.540146072,0,0,0
1653.678841632,0,1,0
1653.678844502,0,1,1
1653.678845386,1,1,1
1653.817542332,1,1,0
1653.817543026,1,0,0
1653.817544606,0,0,0
1653.956242076,0,0,1
1653.956243388,0,1,1
1653.956244920,1,1,1
1654.094942844,1,0,1
1654.094942906,1,0,0
1654.094944266,0,0,0
1654.233641652,0,0,1
1654.233644206,0,1,1
1654.233644580,1,1,1
1654.372341660,1,0,1
1654.372342482,1,0,0
1654.372343800,0,0,0
1654.511041086,0,1,0
1654.511041288,0,1,1
1654.511043112,1,1,1
1654.649772056,1,1,0
1654.649772416,1,0,0
1654.649773396,0,0,0
1654.788471904,0,1,0
1654.788472864,0,1,1
1654.788473648,1,1,1
1654.927170298,1,0,1
1654.927170694,1,0,0
1654.927172992,0,0,0
1655.065870658,0,1,0
1655.065871440,0,1,1
1655.065872244,1,1,1
1655.204571114,1,0,1
1655.204571270,1,0,0
1655.204572528,0,0,0
1655.343270014,0,0,1
1655.343270540,0,1,1
1655.343271844,1,1,1
1655.481999846,1,1,0
1655.482000932,1,0,0
1655.482002186,0,0,0
1655.620698592,0,0,1
1655.620700294,0,1,1
1655.620701378,1,1,1
1655.759399748,1,0,1
1655.759400482,1,0,0
1655.759401722,0,0,0
1655.898099110,0,1,0
1655.898099164,0,1,1
1655.898101036,1,1,1
1656.036799566,1,0,1
1656.036799994,1,0,0
1656.036801256,0,0,0
1656.175497992,0,1,0
1656.175498800,0,1,1
1656.175500570,1,1,1
1656.314197632,1,1,0
1656.314198384,1,0,0
1656.314199916,0,0,0
1656.452927810,0,1,0
1656.452928376,0,1,1
1656.452930166,1,1,1
1656.591628202,1,0,1
1656.591629208,1,0,0
1656.591630450,0,0,0
1656.730328564,0,1,0
1656.730328952,0,1,1
1656.730329764,1,1,1
1656.869028020,1,0,1
1656.869028780,1,0,0
1656.869029984,0,0,0
1657.007726382,0,1,0
1657.007727590,0,1,1
1657.007729298,1,1,1
1657.146426836,1,0,1
1657.146427420,1,0,0
1657.146428644,0,0,0
1657.285127100,0,0,1
1657.285127198,0,1,1
1657.285128958,1,1,1
1657.423825654,1,0,1
1657.423825994,1,0,0
1657.423828240,0,0,0
1657.562525738,0,0,1
1657.562526016,0,1,1
1657.562527490,1,1,1
1657.701225472,1,0,1
1657.701225570,1,0,0
1657.701227774,0,0,0
1657.839924834,0,1,0
1657.839925314,0,1,1
1657.839927026,1,1,1
1657.978625352,1,0,1
1657.978626142,1,0,0
1657.978627372,0,0,0
1658.117324952,0,0,1
1658.117325714,0,1,1
1658.117326686,1,1,1
1658.256023106,1,0,1
1658.256023718,1,0,0
1658.256025968,0,0,0
1658.394723462,0,0,1
1658.394724530,0,1,1
1658.394726220,1,1,1
1658.533452986,1,0,1
1658.533455354,1,0,0
1658.533456564,0,0,0
1658.672153286,0,1,0
1658.672155100,0,1,1
1658.672155754,1,1,1
1658.810853930,1,1,0
1658.810854742,1,0,0
1658.810856098,0,0,0
1658.949553164,0,1,0
1658.949553676,0,1,1
1658.949555412,1,1,1
1659.088252504,1,1,0
1659.088253558,1,0,0
1659.088254694,0,0,0
1659.226954250,0,0,1
1659.226954982,0,1,1
1659.226955010,1,1,1
1659.365652080,1,1,0
1659.365652376,1,0,0
1659.365654294,0,0,0
1659.504351800,0,1,0
1659.504352888,0,1,1
1659.504354606,1,1,1
1659.643082194,1,0,1
1659.643082716,1,0,0
1659.643083828,0,0,0
1659.781781460,0,0,1
1659.781781616,0,1,1
1659.781784140,1,1,1
1659.920512010,1,0,1
1659.920512230,1,0,0
1659.920514422,0,0,0
1660.059243434,0,1,0
1660.059244098,0,1,1
1660.059244736,1,1,1
1660.197941828,1,0,1
1660.197941866,1,0,0
1660.197944082,0,0,0
1660.336641252,0,1,0
1660.336642610,0,1,1
1660.336643270,1,1,1
1660.475341502,1,1,0
1660.475342644,1,0,0
1660.475343678,0,0,0
1660.614041006,0,1,0
1660.614041186,0,1,1
1660.614042930,1,1,1
1660.752741462,1,0,1
1660.752742016,1,0,0
1660.752743152,0,0,0
1660.891469884,0,1,0
1660.891470822,0,1,1
1660.891472464,1,1,1
1661.030170278,1,0,1
1661.030171588,1,0,0
1661.030172810,0,0,0
1661.168900702,0,1,0
1661.168901396,0,1,1
1661.168903060,1,1,1
1661.307600158,1,0,1
1661.307600226,1,0,0
1661.307602406,0,0,0
1661.446299972,0,0,1
1661.446300520,0,1,1
1661.446302594,1,1,1
1661.584999802,1,1,0
1661.584999914,1,0,0
1661.585001940,0,0,0
1661.723699338,0,1,0
1661.723699608,0,1,1
1661.723701256,1,1,1
1661.862429376,1,1,0
1661.862429730,1,0,0
1661.862431476,0,0,0
1662.001130154,0,1,0
1662.001130184,0,1,1
1662.001131790,1,1,1
1662.139829608,1,0,1
1662.139830012,1,0,0
1662.139831072,0,0,0
1662.278527972,0,1,0
1662.278528632,0,1,1
1662.278530324,1,1,1
1662.417258588,1,1,0
1662.417259426,1,0,0
1662.417260732,0,0,0
1662.555989332,0,0,1
1662.555989788,0,1,1
1662.555990982,1,1,1
1662.694689244,1,0,1
1662.694690100,1,0,0
1662.694691264,0,0,0
1662.833388606,0,1,0
1662.833389908,0,1,1
1662.833390578,1,1,1
1662.972088738,1,1,0
1662.972088998,1,0,0
1662.972089924,0,0,0
1663.110818544,0,0,1
1663.110819422,0,1,1
1663.110820112,1,1,1
1663.249518312,1,1,0
1663.249518816,1,0,0
1663.249520458,0,0,0
1663.388249118,0,0,1
1663.388250240,0,1,1
1663.388250708,1,1,1
1663.526947696,1,0,1
1663.526948886,1,0,0
1663.526950054,0,0,0
1663.665677694,0,0,1
1663.665679056,0,1,1
1663.665680306,1,1,1
1663.804378462,1,1,0
1663.804378512,1,0,0
1663.804379588,0,0,0
1663.943139268,0,0,1
1663.943139874,0,1,1
1663.943140842,1,1,1
1664.081838096,1,1,0
1664.081839328,1,0,0
1664.081840184,0,0,0
1664.220628904,0,0,1
1664.220630754,0,1,1
1664.220631438,1,1,1
1664.359329672,1,1,0
1664.359330082,1,0,0
1664.359331720,0,0,0
1664.498029416,0,0,1
1664.498029508,0,1,1
1664.498031032,1,1,1
1664.636759900,1,0,1
1664.636760308,1,0,0
1664.636761316,0,0,0
1664.775457324,0,1,0
1664.775458992,0,1,1
1664.775460566,1,1,1
1664.914188822,1,1,0
1664.914189780,1,0,0
1664.914190914,0,0,0
1665.052889142,0,1,0
1665.052890628,0,1,1
1665.052891164,1,1,1
1665.191617396,1,1,0
1665.191618596,1,0,0
1665.191620510,0,0,0
1665.330319202,0,0,1
1665.330319896,0,1,1
1665.330320760,1,1,1
1665.469017970,1,1,0
1665.469018350,1,0,0
1665.469020042,0,0,0
1665.607747774,0,1,0
1665.607748840,0,1,1
1665.607750356,1,1,1
1665.746449608,1,1,0
1665.746450168,1,0,0
1665.746450702,0,0,0
1665.885148350,0,0,1
1665.885148592,0,1,1
1665.885149890,1,1,1
1666.023847048,1,0,1
1666.023847180,1,0,0
1666.023849236,0,0,0
1666.162547988,0,0,1
1666.162548408,0,1,1
1666.162549548,1,1,1
1666.301245802,1,0,1
1666.301246756,1,0,0
1666.301248834,0,0,0
1666.439945500,0,0,1
1666.439947226,0,1,1
1666.439948084,1,1,1
1666.578646680,1,0,1
1666.578647330,1,0,0
1666.578648430,0,0,0
1666.717376136,0,0,1
1666.717378042,0,1,1
1666.717378678,1,1,1
1666.856074966,1,1,0
1666.856076436,1,0,0
1666.856078024,0,0,0
1666.994776798,0,1,0
1666.994777774,0,1,1
1666.994778276,1,1,1
1667.133504542,1,1,0
1667.133506254,1,0,0
1667.133507560,0,0,0
1667.272206348,0,0,1
1667.272206676,0,1,1
1667.272207810,1,1,1
1667.410905116,1,1,0
1667.410906070,1,0,0
1667.410907156,0,0,0
1667.549604492,0,1,0
1667.549605860,0,1,1
1667.549607408,1,1,1
1667.688304690,1,1,0
1667.688305886,1,0,0
1667.688306752,0,0,0
1667.827004310,0,1,0
1667.827004496,0,1,1
1667.827006066,1,1,1
1667.965704326,1,1,0
1667.965704702,1,0,0
1667.965706286,0,0,0
1668.104404072,0,0,1
1668.104404126,0,1,1
1668.104405600,1,1,1
1668.243103902,1,1,0
1668.243104582,1,0,0
1668.243105882,0,0,0
1668.381802944,0,1,0
1668.381803708,0,1,1
1668.381805198,1,1,1
1668.520534400,1,0,1
1668.520535474,1,0,0
1668.520535480,0,0,0
1668.659232760,0,1,0
1668.659233282,0,1,1
1668.659234730,1,1,1
1668.797932152,1,0,1
1668.797934112,1,0,0
1668.797935014,0,0,0
1668.936631794,0,0,1
1668.936632576,0,1,1
1668.936634264,1,1,1
1669.075332034,1,0,1
1669.075332624,1,0,0
1669.075333672,0,0,0
1669.214031430,0,0,1
1669.214033394,0,1,1
1669.214033924,1,1,1
1669.352731198,1,1,0
1669.352731786,1,0,0
1669.352733206,0,0,0
1669.491432004,0,0,1
1669.491432210,0,1,1
1669.491433520,1,1,1
1669.630130834,1,1,0
1669.630131666,1,0,0
1669.630132804,0,0,0
1669.768829966,0,1,0
1669.768830642,0,1,1
1669.768832116,1,1,1
1669.907530420,1,0,1
1669.907531408,1,0,0
1669.907532338,0,0,0
1670.046259844,0,1,0
1670.046261216,0,1,1
1670.046262650,1,1,1
1670.184959982,1,1,0
1670.184961236,1,0,0
1670.184961932,0,0,0
1670.323660660,0,1,0
1670.323660728,0,1,1
1670.323662246,1,1,1
1670.462359116,1,0,1
1670.462359558,1,0,0
1670.462361592,0,0,0
1670.601058364,0,0,1
1670.601059476,0,1,1
1670.601060844,1,1,1
1670.739758818,1,1,0
1670.739758932,1,0,0
1670.739761126,0,0,0
1670.878457938,0,0,1
1670.878459294,0,1,1
1670.878460376,1,1,1
1671.017159686,1,0,1
1671.017160206,1,0,0
1671.017160724,0,0,0
1671.155858512,0,0,1
1671.155859110,0,1,1
1671.155859912,1,1,1
1671.294557566,1,0,1
1671.294558278,1,0,0
1671.294559320,0,0,0
1671.433256988,0,1,0
1671.433258086,0,1,1
1671.433259570,1,1,1
1671.571957320,1,0,1
1671.571957916,1,0,0
1671.571958914,0,0,0
1671.710655722,0,0,1
1671.710657744,0,1,1
1671.710658104,1,1,1
1671.849356198,1,0,1
1671.849357488,1,0,0
1671.849358450,0,0,0
1671.988054296,0,0,1
1671.988056622,0,1,1
1671.988057764,1,1,1
1672.126757014,1,0,1
1672.126757126,1,0,0
1672.126757984,0,0,0
1672.265456438,0,1,0
1672.265456932,0,1,1
1672.265457296,1,1,1
1672.404154636,1,1,0
1672.404154832,1,0,0
1672.404156642,0,0,0
1672.542885506,0,0,1
1672.542886194,0,1,1
1672.542886832,1,1,1
1672.681615274,1,1,0
1672.681615646,1,0,0
1672.681617238,0,0,0
1672.820345008,0,1,0
1672.820345082,0,1,1
1672.820347490,1,1,1
1672.959045846,1,1,0
1672.959046464,1,0,0
1672.959047770,0,0,0
1673.097744826,0,1,0
1673.097746654,0,1,1
1673.097747022,1,1,1
1673.236475280,1,0,1
1673.236475420,1,0,0
1673.236477368,0,0,0
1673.375174228,0,0,1
1673.375175640,0,1,1
1673.375176618,1,1,1
1673.513875096,1,0,1
1673.513875996,1,0,0
1673.513876964,0,0,0
1673.652573864,0,0,1
1673.652574456,0,1,1
1673.652576152,1,1,1
1673.791304850,1,0,1
1673.791305630,1,0,0
1673.791306560,0,0,0
1673.930002274,0,1,0
1673.930003438,0,1,1
1673.930005748,1,1,1
1674.068703728,1,0,1
1674.068704204,1,0,0
1674.068706092,0,0,0
1674.207403152,0,1,0
1674.207403950,0,1,1
1674.207405406,1,1,1
1674.346103482,1,0,1
1674.346103778,1,0,0
1674.346105690,0,0,0
1674.484802584,0,0,1
1674.484803906,0,1,1
1674.484804942,1,1,1
1674.623502352,1,1,0
1674.623502360,1,0,0
1674.623504286,0,0,0
1674.762202158,0,0,1
1674.762202722,0,1,1
1674.762204536,1,1,1
1674.900901988,1,1,0
1674.900902176,1,0,0
1674.900903822,0,0,0
1675.039600670,0,0,1
1675.039602538,0,1,1
1675.039603070,1,1,1
1675.178300500,1,1,0
1675.178301992,1,0,0
1675.178303416,0,0,0
1675.317000354,0,1,0
1675.317001306,0,1,1
1675.317002730,1,1,1
1675.455701134,1,1,0
1675.455701808,1,0,0
1675.455703012,0,0,0
1675.594431232,0,1,0
1675.594432880,0,1,1
1675.594433262,1,1,1
1675.733130624,1,0,1
1675.733131708,1,0,0
1675.733132544,0,0,0
1675.871830516,0,0,1
1675.871830986,0,1,1
1675.871831858,1,1,1
1676.010529440,1,0,1
1676.010531282,1,0,0
1676.010532140,0,0,0
1676.149229864,0,1,0
1676.149230088,0,1,1
1676.149231454,1,1,1
1676.287930256,1,0,1
1676.287930918,1,0,0
1676.287931736,0,0,0
1676.426628680,0,1,0
1676.426629662,0,1,1
1676.426630986,1,1,1
1676.565328134,1,0,1
1676.565328492,1,0,0
1676.565330332,0,0,0
1676.704029236,0,0,1
1676.704029434,0,1,1
1676.704030582,1,1,1
1676.842788890,1,0,1
1676.842790064,1,0,0
1676.842790868,0,0,0
1676.981489872,0,0,1
1676.981490310,0,1,1
1676.981491178,1,1,1
1677.120188640,1,1,0
1677.120188704,1,0,0
1677.120190460,0,0,0
1677.258918126,0,1,0
1677.258919444,0,1,1
1677.258920774,1,1,1
1677.397617520,1,0,1
1677.397618274,1,0,0
1677.397620058,0,0,0
1677.536349018,0,0,1
1677.536349880,0,1,1
1677.536350372,1,1,1
1677.675077524,1,0,1
1677.675078784,1,0,0
1677.675080652,0,0,0
1677.813777592,0,0,1
1677.813778696,0,1,1
1677.813779966,1,1,1
1677.952478088,1,0,1
1677.952478420,1,0,0
1677.952480250,0,0,0
1678.091177574,0,1,0
1678.091179226,0,1,1
1678.091179500,1,1,1
1678.229877994,1,1,0
1678.229878030,1,0,0
1678.229879844,0,0,0
1678.368577328,0,1,0
1678.368577800,0,1,1
1678.368579096,1,1,1
1678.507276782,1,0,1
1678.507277568,1,0,0
1678.507278378,0,0,0
1678.645977206,0,1,0
1678.645977312,0,1,1
1678.645978628,1,1,1
1678.784677202,1,1,0
1678.784677662,1,0,0
1678.784677974,0,0,0
1678.923406208,0,1,0
1678.923406510,0,1,1
1678.923408224,1,1,1
1679.062104776,1,1,0
1679.062106414,1,0,0
1679.062107568,0,0,0
1679.200805836,0,1,0
1679.200806832,0,1,1
1679.200807820,1,1,1
1679.339505348,1,1,0
1679.339506228,1,0,0
1679.339507102,0,0,0
1679.478206652,0,1,0
1679.478207218,0,1,1
1679.478207416,1,1,1
1679.616904986,1,1,0
1679.616905294,1,0,0
1679.616906698,0,0,0
1679.755604030,0,1,0
1679.755605666,0,1,1
1679.755606010,1,1,1
1679.894304860,1,0,1
1679.894305494,1,0,0
1679.894306294,0,0,0
1680.033004302,0,0,1
1680.033004658,0,1,1
1680.033005544,1,1,1
1680.171734132,1,1,0
1680.171734988,1,0,0
1680.171735826,0,0,0
1680.310433876,0,0,1
1680.310435098,0,1,1
1680.310436140,1,1,1
1680.449163554,1,0,1
1680.449163704,1,0,0
1680.449165484,0,0,0
1680.587893914,0,1,0
1680.587894448,0,1,1
1680.587895736,1,1,1
1680.726594180,1,0,1
1680.726594276,1,0,0
1680.726596018,0,0,0
1680.865293022,0,0,1
1680.865293790,0,1,1
1680.865295332,1,1,1
1681.003993120,1,0,1
1681.003993850,1,0,0
1681.003995614,0,0,0
1681.142693544,0,1,0
1681.142693656,0,1,1
1681.142694928,1,1,1
1681.281391998,1,0,1
1681.281392422,1,0,0
1681.281394208,0,0,0
1681.420154168,0,0,1
1681.420154234,0,1,1
1681.420155522,1,1,1
1681.558852814,1,0,1
1681.558853996,1,0,0
1681.558854802,0,0,0
1681.697581864,0,0,1
1681.697582174,0,1,1
1681.697585054,1,1,1
1681.836281568,1,1,0
1681.836282628,1,0,0
1681.836284398,0,0,0
1681.974982376,0,0,1
1681.974982988,0,1,1
1681.974984648,1,1,1
1682.113681206,1,1,0
1682.113683380,1,0,0
1682.113683930,0,0,0
1682.252381804,0,1,0
1682.252382948,0,1,1
1682.252384182,1,1,1
1682.391081258,1,0,1
1682.391081778,1,0,0
1682.391083590,0,0,0
1682.529780618,0,1,0
1682.529781582,0,1,1
1682.529782776,1,1,1
1682.668511010,1,0,1
1682.668511350,1,0,0
1682.668513122,0,0,0
1682.807212156,0,0,1
1682.807212496,0,1,1
1682.807213372,1,1,1
1682.945909826,1,0,1
1682.945910922,1,0,0
1682.945912718,0,0,0
1683.084608792,0,0,1
1683.084609248,0,1,1
1683.084611968,1,1,1
1683.223310704,1,0,1
1683.223311560,1,0,0
1683.223312312,0,0,0
1683.362009364,0,0,1
1683.362010064,0,1,1
1683.362011500,1,1,1
1683.500709518,1,0,1
1683.500710132,1,0,0
1683.500711846,0,0,0
1683.639439876,0,0,1
1683.639440942,0,1,1
1683.639442096,1,1,1
1683.778139332,1,0,1
1683.778139704,1,0,0
1683.778141380,0,0,0
1683.916869446,0,0,1
1683.916869692,0,1,1
1683.916871690,1,1,1
1684.055570084,1,0,1
1684.055570276,1,0,0
1684.055570972,0,0,0
1684.194268508,0,1,0
1684.194269082,0,1,1
1684.194271286,1,1,1
1684.332967850,1,1,0
1684.332968900,1,0,0
1684.332970568,0,0,0
1684.471667386,0,1,0
1684.471668654,0,1,1
1684.471669882,1,1,1
1684.610368484,1,1,0
1684.610368776,1,0,0
1684.610370164,0,0,0
1684.749098200,0,1,0
1684.749100228,0,1,1
1684.749100414,1,1,1
1684.887797056,1,1,0
1684.887797528,1,0,0
1684.887799698,0,0,0
1685.026496952,0,1,0
1685.026498864,0,1,1
1685.026500010,1,1,1
1685.165197406,1,0,1
1685.165198628,1,0,0
1685.165199292,0,0,0
1685.303896828,0,1,0
1685.303897372,0,1,1
1685.303898604,1,1,1
1685.442597202,1,1,0
1685.442598222,1,0,0
1685.442598888,0,0,0
1685.581296008,0,0,1
1685.581296582,0,1,1
1685.581298198,1,1,1
1685.719995776,1,1,0
1685.719996036,1,0,0
1685.719998544,0,0,0
1685.858725580,0,0,1
1685.858726396,0,1,1
1685.858727732,1,1,1
1685.997425850,1,0,1
1685.997426346,1,0,0
1685.997428078,0,0,0
1686.136156154,0,0,1
1686.136156210,0,1,1
1686.136158326,1,1,1
1686.274855664,1,0,1
1686.274855982,1,0,0
1686.274857610,0,0,0
1686.413586088,0,1,0
1686.413586726,0,1,1
1686.413587922,1,1,1
1686.552285480,1,0,1
1686.552285554,1,0,0
1686.552287204,0,0,0
1686.690985840,0,1,0
1686.690986362,0,1,1
1686.690987516,1,1,1
1686.829685292,1,0,1
1686.829686128,1,0,0
1686.829686862,0,0,0
1686.968384934,0,0,1
1686.968385654,0,1,1
1686.968387050,1,1,1
1687.107084108,1,0,1
1687.107084762,1,0,0
1687.107086396,0,0,0
1687.245783530,0,1,0
1687.245783818,0,1,1
1687.245785708,1,1,1
1687.384513272,1,1,0
1687.384514922,1,0,0
1687.384515926,0,0,0
1687.523214282,0,1,0
1687.523216142,0,1,1
1687.523216176,1,1,1
1687.661913846,1,1,0
1687.661914738,1,0,0
1687.661915522,0,0,0
1687.800612160,0,1,0
1687.800614772,1,1,0
1687.800615026,1,1,1
1687.939313480,1,1,0
1687.939314552,1,0,0
1687.939315116,0,0,0
1688.078012974,0,1,0
1688.078013286,0,1,1
1688.078014428,1,1,1
1688.216713428,1,0,1
1688.216714052,1,0,0
1688.216714774,0,0,0
1688.355411858,0,0,1
1688.355412726,0,1,1
1688.355413962,1,1,1
1688.494111180,1,0,1
1688.494111624,1,0,0
1688.494113306,0,0,0
1688.632811494,0,0,1
1688.632811602,0,1,1
1688.632813556,1,1,1
1688.771511258,1,1,0
1688.771511994,1,0,0
1688.771512840,0,0,0
1688.910212064,0,0,1
1688.910212416,0,1,1
1688.910213152,1,1,1
1689.048910808,1,0,1
1689.048910830,1,0,0
1689.048912434,0,0,0
1689.187640576,0,0,1
1689.187641168,0,1,1
1689.187642684,1,1,1
1689.326340622,1,0,1
1689.326341404,1,0,0
1689.326341966,0,0,0
1689.465040044,0,1,0
1689.465040210,0,1,1
1689.465042278,1,1,1
1689.603770436,1,0,1
1689.603771038,1,0,0
1689.603772562,0,0,0
1689.742530720,0,0,1
1689.742530798,0,1,1
1689.742532812,1,1,1
1689.881229312,1,0,1
1689.881229548,1,0,0
1689.881232156,0,0,0
1690.019930672,0,1,0
1690.019931356,0,1,1
1690.019932470,1,1,1
1690.158661064,1,0,1
1690.158661182,1,0,0
1690.158662688,0,0,0
1690.297359488,0,1,0
1690.297360926,0,1,1
1690.297362000,1,1,1
1690.436060818,1,1,0
1690.436060940,1,0,0
1690.436062346,0,0,0
1690.574759238,0,1,0
1690.574760498,0,1,1
1690.574761596,1,1,1
1690.713459328,1,1,0
1690.713459692,1,0,0
1690.713460878,0,0,0
1690.852158132,0,0,1
1690.852159054,0,1,1
1690.852161192,1,1,1
1690.990888898,1,1,0
1690.990889506,1,0,0
1690.990891472,0,0,0
1691.129588706,0,0,1
1691.129588930,0,1,1
1691.129590786,1,1,1
1691.268288382,1,0,1
1691.268288534,1,0,0
1691.268290068,0,0,0
1691.406988278,0,0,1
1691.406989682,0,1,1
1691.406990318,1,1,1
1691.545687136,1,0,1
1691.545688044,1,0,0
1691.545689600,0,0,0
1691.684388850,0,0,1
1691.684389558,0,1,1
1691.684389912,1,1,1
1691.823087678,1,1,0
1691.823088012,1,0,0
1691.823089258,0,0,0
1691.961787310,0,1,0
1691.961787422,0,1,1
1691.961788506,1,1,1
1692.100516826,1,0,1
1692.100517314,1,0,0
1692.100518790,0,0,0
1692.239216994,0,0,1
1692.239217124,0,1,1
1692.239218976,1,1,1
1692.377916578,1,0,1
1692.377916822,1,0,0
1692.377918384,0,0,0
1692.516615628,0,0,1
1692.516616000,0,1,1
1692.516617698,1,1,1
1692.655316396,1,1,0
1692.655317454,1,0,0
1692.655317980,0,0,0
1692.794014814,0,1,0
1692.794015200,0,1,1
1692.794017230,1,1,1
1692.932716030,1,1,0
1692.932716206,1,0,0
1692.932717512,0,0,0
1693.071414628,0,1,0
1693.071415836,0,1,1
1693.071416824,1,1,1
1693.210144602,1,1,0
1693.210147018,1,0,0
1693.210147106,0,0,0
1693.348844442,0,1,0
1693.348846356,1,1,0
1693.348846408,1,1,1
1693.487544896,1,0,1
1693.487545172,1,0,0
1693.487546702,0,0,0
1693.626243256,0,1,0
1693.626243980,0,1,1
1693.626245952,1,1,1
1693.764942710,1,0,1
1693.764942808,1,0,0
1693.764945232,0,0,0
1693.903643550,0,0,1
1693.903645070,0,1,1
1693.903645546,1,1,1
1694.042403380,1,1,0
1694.042404462,1,0,0
1694.042405830,0,0,0
1694.181103882,0,1,0
1694.181104186,0,1,1
1694.181106078,1,1,1
1694.319802890,1,1,0
1694.319803274,1,0,0
1694.319805360,0,0,0
1694.458503698,0,1,0
1694.458503758,0,1,1
1694.458504734,1,1,1
1694.597203150,1,0,1
1694.597204524,1,0,0
1694.597205018,0,0,0
1694.735902268,0,0,1
1694.735902574,0,1,1
1694.735904204,1,1,1
1694.874602902,1,0,1
1694.874603096,1,0,0
1694.874604550,0,0,0
1695.013301902,0,0,1
1695.013302326,0,1,1
1695.013303862,1,1,1
1695.152000716,1,0,1
1695.152001730,1,0,0
1695.152003208,0,0,0
1695.290701474,0,0,1
1695.290702138,0,1,1
1695.290703396,1,1,1
1695.429400530,1,0,1
1695.429401302,1,0,0
1695.429402738,0,0,0
1695.568100108,0,0,1
1695.568101952,0,1,1
1695.568102990,1,1,1
1695.706800312,1,1,0
1695.706801406,1,0,0
1695.706802336,0,0,0
1695.845499766,0,1,0
1695.845500618,0,1,1
1695.845501584,1,1,1
1695.984199446,1,1,0
1695.984200220,1,0,0
1695.984201868,0,0,0
1696.122899644,0,1,0
1696.122899816,0,1,1
1696.122901180,1,1,1
1696.261630020,1,1,0
1696.261630034,1,0,0
1696.261631462,0,0,0
1696.400329824,0,0,1
1696.400330394,0,1,1
1696.400331776,1,1,1
1696.539029652,1,1,0
1696.539029848,1,0,0
1696.539031056,0,0,0
1696.677727396,0,0,1
1696.677729208,0,1,1
1696.677730306,1,1,1
1696.816427662,1,0,1
1696.816429162,1,0,0
1696.816430652,0,0,0
1696.955128030,0,0,1
1696.955129084,0,1,1
1696.955129902,1,1,1
1697.093826412,1,0,1
1697.093828796,1,0,0
1697.093829184,0,0,0
1697.232527836,0,1,0
1697.232528540,0,1,1
1697.232529434,1,1,1
1697.371227290,1,0,1
1697.371227368,1,0,0
1697.371228780,0,0,0
1697.509956650,0,1,0
1697.509958112,0,1,1
1697.509959030,1,1,1
1697.648657040,1,0,1
1697.648658940,1,0,0
1697.648659374,0,0,0
1697.787386746,0,0,1
1697.787387526,0,1,1
1697.787388624,1,1,1
1697.926086916,1,0,1
1697.926087512,1,0,0
1697.926088906,0,0,0
1698.064786276,0,1,0
1698.064786318,0,1,1
1698.064788218,1,1,1
1698.203486146,1,1,0
1698.203487732,1,0,0
1698.203488562,0,0,0
1698.342185952,0,0,1
1698.342186092,0,1,1
1698.342187752,1,1,1
1698.480915718,1,1,0
1698.480916544,1,0,0
1698.480918098,0,0,0
1698.619614968,0,1,0
1698.619615588,0,1,1
1698.619617346,1,1,1
1698.758316290,1,1,0
1698.758316358,1,0,0
1698.758317690,0,0,0
1698.897014780,0,1,0
1698.897016096,0,1,1
1698.897016942,1,1,1
1699.035714862,1,1,0
1699.035716172,1,0,0
1699.035717286,0,0,0
1699.174414668,0,0,1
1699.174415532,0,1,1
1699.174416536,1,1,1
1699.313113986,1,0,1
1699.313114496,1,0,0
1699.313115818,0,0,0
1699.451814240,0,0,1
1699.451814346,0,1,1
1699.451816132,1,1,1
1699.590543800,1,0,1
1699.590545068,1,0,0
1699.590546352,0,0,0
1699.729243812,0,0,1
1699.729244222,0,1,1
1699.729245666,1,1,1
1699.867942614,1,0,1
1699.867942640,1,0,0
1699.867945008,0,0,0
1700.006643034,0,1,0
1700.006644508,0,1,1
1700.006645260,1,1,1
1700.145343212,1,1,0
1700.145343428,1,0,0
1700.145344542,0,0,0
1700.284043018,0,0,1
1700.284043850,0,1,1
1700.284044854,1,1,1
1700.422742304,1,0,1
1700.422742846,1,0,0
1700.422744200,0,0,0
1700.561440588,0,0,1
1700.561442600,0,1,1
1700.561443386,1,1,1
1700.700142054,1,0,1
1700.700142354,1,0,0
1700.700143732,0,0,0
1700.838871224,0,0,1
1700.838872414,0,1,1
1700.838873982,1,1,1
1700.977602990,1,1,0
1700.977603868,1,0,0
1700.977604328,0,0,0
1701.116301796,0,0,1
1701.116302290,0,1,1
1701.116303640,1,1,1
1701.255000682,1,0,1
1701.255001560,1,0,0
1701.255002860,0,0,0
1701.393701104,0,1,0
1701.393702304,0,1,1
1701.393703172,1,1,1
1701.532400196,1,1,0
1701.532400558,1,0,0
1701.532402518,0,0,0
1701.671100918,0,1,0
1701.671102000,0,1,1
1701.671102706,1,1,1
1701.809799706,1,1,0
1701.809801310,1,0,0
1701.809802052,0,0,0
1701.948530510,0,0,1
1701.948530732,0,1,1
1701.948532362,1,1,1
1702.087229122,1,0,1
1702.087229338,1,0,0
1702.087231582,0,0,0
1702.225930082,0,0,1
1702.225930544,0,1,1
1702.225931896,1,1,1
1702.364628910,1,1,0
1702.364629000,1,0,0
1702.364631304,0,0,0
1702.503327716,0,0,1
1702.503328358,0,1,1
1702.503330430,1,1,1
1702.642028750,1,0,1
1702.642029418,1,0,0
1702.642030772,0,0,0
1702.780728172,0,1,0
1702.780728288,0,1,1
1702.780730086,1,1,1
1702.919458564,1,0,1
1702.919460054,1,0,0
1702.919460306,0,0,0
1703.058156858,0,0,1
1703.058157986,0,1,1
1703.058159618,1,1,1
1703.196887440,1,0,1
1703.196887686,1,0,0
1703.196889964,0,0,0
1703.335587430,0,0,1
1703.335588800,0,1,1
1703.335590214,1,1,1
1703.474319252,1,0,1
1703.474319258,1,0,0
1703.474320558,0,0,0
1703.613017066,0,0,1
1703.613018612,0,1,1
1703.613019808,1,1,1
1703.751717004,1,0,1
1703.751717830,1,0,0
1703.751719092,0,0,0
1703.890417426,0,1,0
1703.890418636,0,1,1
1703.890419404,1,1,1
1704.029116880,1,0,1
1704.029117402,1,0,0
1704.029118748,0,0,0
1704.167846240,0,1,0
1704.167848208,0,1,1
1704.167848938,1,1,1
1704.306547412,1,1,0
1704.306548694,1,0,0
1704.306549282,0,0,0
1704.445246054,0,1,0
1704.445246592,0,1,1
1704.445248532,1,1,1
1704.583945508,1,0,1
1704.583945608,1,0,0
1704.583947814,0,0,0
1704.722645866,0,1,0
1704.722646352,0,1,1
1704.722648128,1,1,1
1704.861345180,1,1,0
1704.861345322,1,0,0
1704.861347472,0,0,0
1705.000044986,0,0,1
1705.000045680,0,1,1
1705.000047662,1,1,1
1705.138744750,1,1,0
1705.138745134,1,0,0
1705.138747006,0,0,0
1705.277444494,0,0,1
1705.277444556,0,1,1
1705.277446318,1,1,1
1705.416174322,1,1,0
1705.416174948,1,0,0
1705.416176600,0,0,0
1705.554875066,0,0,1
1705.554876308,0,1,1
1705.554876850,1,1,1
1705.693573762,1,0,1
1705.693574894,1,0,0
1705.693576198,0,0,0
1705.832304700,0,0,1
1705.832306122,0,1,1
1705.832306448,1,1,1
1705.971003466,1,1,0
1705.971003574,1,0,0
1705.971005792,0,0,0
1706.109704272,0,0,1
1706.109704996,0,1,1
1706.109705980,1,1,1
1706.248403100,1,1,0
1706.248403388,1,0,0
1706.248405324,0,0,0
1706.387133810,0,1,0
1706.387133842,0,1,1
1706.387135638,1,1,1
1706.525832670,1,1,0
1706.525833138,1,0,0
1706.525834858,0,0,0
1706.664532562,0,1,0
1706.664534478,0,1,1
1706.664535170,1,1,1
1706.803232180,1,1,0
1706.803234016,1,0,0
1706.803234516,0,0,0
1706.941931986,0,0,1
1706.941933438,0,1,1
1706.941934764,1,1,1
1707.080631814,1,1,0
1707.080632766,1,0,0
1707.080634048,0,0,0
1707.219330250,0,1,0
1707.219331558,0,1,1
1707.219333362,1,1,1
1707.358031384,1,1,0
1707.358031642,1,0,0
1707.358033644,0,0,0
1707.496731192,0,0,1
1707.496732002,0,1,1
1707.496732832,1,1,1
1707.635460456,1,0,1
1707.635460956,1,0,0
1707.635463238,0,0,0
1707.774160762,0,0,1
1707.774160876,0,1,1
1707.774162550,1,1,1
1707.912891268,1,0,1
1707.912891528,1,0,0
1707.912892834,0,0,0
1708.051620630,0,1,0
1708.051621334,0,1,1
1708.051623084,1,1,1
1708.190322162,1,1,0
1708.190323082,1,0,0
1708.190323366,0,0,0
1708.329020906,0,0,1
1708.329022504,0,1,1
1708.329022678,1,1,1
1708.467719734,1,1,0
1708.467719958,1,0,0
1708.467722024,0,0,0
1708.606420478,0,0,1
1708.606421256,0,1,1
1708.606422214,1,1,1
1708.745119708,1,0,1
1708.745120242,1,0,0
1708.745121558,0,0,0
1708.883849110,0,0,1
1708.883850194,0,1,1
1708.883851808,1,1,1
1709.022550522,1,0,1
1709.022550940,1,0,0
1709.022552090,0,0,0
1709.161249882,0,1,0
1709.161250620,0,1,1
1709.161251404,1,1,1
1709.299949400,1,0,1
1709.299949448,1,0,0
1709.299950750,0,0,0
1709.438649254,0,0,1
1709.438649696,0,1,1
1709.438650936,1,1,1
1709.577348082,1,1,0
1709.577350150,1,0,0
1709.577350282,0,0,0
1709.716048572,0,1,0
1709.716048826,0,1,1
1709.716050594,1,1,1
1709.854748024,1,0,1
1709.854748592,1,0,0
1709.854749814,0,0,0
1709.993446386,0,1,0
1709.993447396,0,1,1
1709.993449128,1,1,1
1710.132146778,1,0,1
1710.132148162,1,0,0
1710.132149474,0,0,0
1710.270845970,0,0,1
1710.270846198,0,1,1
1710.270848786,1,1,1
1710.409608652,1,0,1
1710.409608798,1,0,0
1710.409610070,0,0,0
1710.548307074,0,1,0
1710.548307602,0,1,1
1710.548309320,1,1,1
1710.687006466,1,0,1
1710.687007368,1,0,0
1710.687008600,0,0,0
1710.825707112,0,0,1
1710.825707826,0,1,1
1710.825708914,1,1,1
1710.964437940,1,1,0
1710.964438216,1,0,0
1710.964439198,0,0,0
1711.103136640,0,1,0
1711.103136746,0,1,1
1711.103138448,1,1,1
1711.241836030,1,0,1
1711.241836512,1,0,0
1711.241837730,0,0,0
1711.380535454,0,1,0
1711.380536318,0,1,1
1711.380538044,1,1,1
1711.519234844,1,0,1
1711.519236146,1,0,0
1711.519237326,0,0,0
1711.657934826,0,0,1
1711.657937266,0,1,1
1711.657937638,1,1,1
1711.796634720,1,0,1
1711.796635718,1,0,0
1711.796636922,0,0,0
1711.935394462,0,0,1
1711.935396142,0,1,1
1711.935397234,1,1,1
1712.074095288,1,1,0
1712.074096534,1,0,0
1712.074097516,0,0,0
1712.212794894,0,1,0
1712.212796094,0,1,1
1712.212796768,1,1,1
1712.351494798,1,1,0
1712.351495286,1,0,0
1712.351497114,0,0,0
1712.490194666,0,0,1
1712.490194708,0,1,1
1712.490196364,1,1,1
1712.628894160,1,0,1
1712.628894432,1,0,0
1712.628895646,0,0,0
1712.767593238,0,0,1
1712.767594520,0,1,1
1712.767595958,1,1,1
1712.906293974,1,0,1
1712.906294504,1,0,0
1712.906295304,0,0,0
1713.044993396,0,1,0
1713.044993622,0,1,1
1713.044995492,1,1,1
1713.183692726,1,0,1
1713.183693636,1,0,0
1713.183694836,0,0,0
1713.322393148,0,1,0
1713.322393380,0,1,1
1713.322394086,1,1,1
1713.461092210,1,1,0
1713.461093602,1,0,0
1713.461094370,0,0,0
1713.599791962,0,1,0
1713.599792952,0,1,1
1713.599793622,1,1,1
1713.738490780,1,1,0
1713.738491414,1,0,0
1713.738492966,0,0,0
1713.877190774,0,1,0
1713.877191586,0,1,1
1713.877193216,1,1,1
1714.015890228,1,0,1
1714.015891352,1,0,0
1714.015892624,0,0,0
1714.154591588,0,1,0
1714.154592156,0,1,1
1714.154592812,1,1,1
1714.293321040,1,0,1
1714.293321922,1,0,0
1714.293323158,0,0,0
1714.432049728,0,0,1
1714.432050528,0,1,1
1714.432052408,1,1,1
1714.570780854,1,0,1
1714.570781494,1,0,0
1714.570782752,0,0,0
1714.709512214,0,1,0
1714.709512302,0,1,1
1714.709512942,1,1,1
1714.848211666,1,0,1
1714.848212128,1,0,0
1714.848213284,0,0,0
1714.986942026,0,1,0
1714.986942872,0,1,1
1714.986943536,1,1,1
1715.125640106,1,0,1
1715.125641700,1,0,0
1715.125642880,0,0,0
1715.264339840,0,1,0
1715.264340442,0,1,1
1715.264342132,1,1,1
1715.403041270,1,1,0
1715.403041294,1,0,0
1715.403042476,0,0,0
1715.541770966,0,1,0
1715.541771076,0,1,1
1715.541772728,1,1,1
1715.680468842,1,1,0
1715.680469794,1,0,0
1715.680472072,0,0,0
1715.819168586,0,0,1
1715.819170592,0,1,1
1715.819171262,1,1,1
1715.957899414,1,1,0
1715.957900920,1,0,0
1715.957901606,0,0,0
1716.096600218,0,0,1
1716.096601342,0,1,1
1716.096601856,1,1,1
1716.235298734,1,0,1
1716.235299048,1,0,0
1716.235301200,0,0,0
1716.373999092,0,1,0
1716.373999792,0,1,1
1716.374001450,1,1,1
1716.512698550,1,0,1
1716.512698556,1,0,0
1716.512700796,0,0,0
1716.651430362,0,0,1
1716.651430406,0,1,1
1716.651431046,1,1,1
1716.790159360,1,0,1
1716.790160126,1,0,0
1716.790161330,0,0,0
1716.928858782,0,1,0
1716.928858934,0,1,1
1716.928860642,1,1,1
1717.067559762,1,1,0
1717.067560362,1,0,0
1717.067560924,0,0,0
1717.206257504,0,0,1
1717.206259094,0,1,1
1717.206260174,1,1,1
1717.344958048,1,0,1
1717.344958332,1,0,0
1717.344959522,0,0,0
1717.483658138,0,0,1
1717.483658346,0,1,1
1717.483659834,1,1,1
1717.622387800,1,0,1
1717.622388904,1,0,0
1717.622390116,0,0,0
1717.761118160,0,1,0
1717.761119710,0,1,1
1717.761120366,1,1,1
1717.899817474,1,1,0
1717.899817612,1,0,0
1717.899819712,0,0,0
1718.038517034,0,1,0
1718.038517280,0,1,1
1718.038518962,1,1,1
1718.177217424,1,0,1
1718.177219108,1,0,0
1718.177219244,0,0,0
1718.315915852,0,0,1
1718.315916784,0,1,1
1718.315918558,1,1,1
1718.454616618,1,1,0
1718.454618240,1,0,0
1718.454618842,0,0,0
1718.593316422,0,0,1
1718.593316660,0,1,1
1718.593318092,1,1,1
1718.732076252,1,1,0
1718.732078052,1,0,0
1718.732078374,0,0,0
1718.870777412,0,1,0
1718.870778056,0,1,1
1718.870778686,1,1,1
1719.009475864,1,0,1
1719.009475886,1,0,0
1719.009478032,0,0,0
1719.148176286,0,1,0
1719.148177566,0,1,1
1719.148178344,1,1,1
1719.286876394,1,1,0
1719.286876740,1,0,0
1719.286877564,0,0,0
1719.425574036,0,1,0
1719.425576198,0,1,1
1719.425576878,1,1,1
1719.564274964,1,1,0
1719.564275490,1,0,0
1719.564277222,0,0,0
1719.702974770,0,0,1
1719.702975914,0,1,1
1719.702976410,1,1,1
1719.841674304,1,0,1
1719.841674598,1,0,0
1719.841675756,0,0,0
1719.980403340,0,0,1
1719.980404726,0,1,1
1719.980406068,1,1,1
1720.119104108,1,1,0
1720.119104180,1,0,0
1720.119106288,0,0,0
1720.257802538,0,1,0
1720.257803914,0,1,1
1720.257805602,1,1,1
1720.396503930,1,0,1
1720.396504740,1,0,0
1720.396505946,0,0,0
1720.535203352,0,1,0
1720.535204484,0,1,1
1720.535205134,1,1,1
1720.673902312,1,1,0
1720.673902806,1,0,0
1720.673904542,0,0,0
1720.812603118,0,0,1
1720.812603166,0,1,1
1720.812604794,1,1,1
1720.951301556,1,0,1
1720.951301884,1,0,0
1720.951304076,0,0,0
1721.090032688,0,0,1
1721.090032978,0,1,1
1721.090034326,1,1,1
1721.228732766,1,1,0
1721.228733370,1,0,0
1721.228733672,0,0,0
1721.367431322,0,0,1
1721.367432792,0,1,1
1721.367433986,1,1,1
1721.506130244,1,0,1
1721.506132026,1,0,0
1721.506133204,0,0,0
1721.644832542,0,1,0
1721.644833332,0,1,1
1721.644833454,1,1,1
1721.783530996,1,0,1
1721.783531660,1,0,0
1721.783532862,0,0,0
1721.922230418,0,1,0
1721.922231466,0,1,1
1721.922232050,1,1,1
1722.060930808,1,0,1
1722.060931232,1,0,0
1722.060932396,0,0,0
1722.199630230,0,1,0
1722.199631036,0,1,1
1722.199631708,1,1,1
1722.338330684,1,0,1
1722.338330864,1,0,0
1722.338332054,0,0,0
1722.477029608,0,0,1
1722.477030044,0,1,1
1722.477031178,1,1,1
1722.615728436,1,1,0
1722.615729434,1,0,0
1722.615730586,0,0,0
1722.754458856,0,1,0
1722.754459116,0,1,1
1722.754460776,1,1,1
1722.893159248,1,0,1
1722.893159944,1,0,0
1722.893161120,0,0,0
1723.031888672,0,1,0
1723.031889812,0,1,1
1723.031891434,1,1,1
1723.170588124,1,0,1
1723.170589578,1,0,0
1723.170590652,0,0,0
1723.309288322,0,0,1
1723.309288484,0,1,1
1723.309289966,1,1,1
1723.448018938,1,0,1
1723.448019086,1,0,0
1723.448020248,0,0,0
1723.586718954,0,0,1
1723.586719360,0,1,1
1723.586720562,1,1,1
1723.725418688,1,0,1
1723.725418782,1,0,0
1723.725419908,0,0,0
1723.864115526,0,0,1
1723.864118110,0,1,1
1723.864119156,1,1,1
1724.002816564,1,0,1
1724.002817292,1,0,0
1724.002819440,0,0,0
1724.141516924,0,1,0
1724.141517096,0,1,1
1724.141518692,1,1,1
1724.280216314,1,0,1
1724.280217926,1,0,0
1724.280219036,0,0,0
1724.418947668,0,0,1
1724.418947734,0,1,1
1724.418949284,1,1,1
1724.557646496,1,1,0
1724.557647188,1,0,0
1724.557648632,0,0,0
1724.696344548,0,1,0
1724.696347302,0,1,1
1724.696347882,1,1,1
1724.835047002,1,0,1
1724.835047068,1,0,0
1724.835048164,0,0,0
1724.973745874,0,0,1
1724.973746362,0,1,1
1724.973747478,1,1,1
1725.112444702,1,1,0
1725.112446816,1,0,0
1725.112447760,0,0,0
1725.251145176,0,1,0
1725.251145506,0,1,1
1725.251147072,1,1,1
1725.389844210,1,1,0
1725.389844628,1,0,0
1725.389846354,0,0,0
1725.528544988,0,1,0
1725.528545016,0,1,1
1725.528546604,1,1,1
1725.667305380,1,0,1
1725.667305844,1,0,0
1725.667306950,0,0,0
1725.806005650,0,0,1
1725.806005800,0,1,1
1725.806007202,1,1,1
1725.944705254,1,0,1
1725.944705476,1,0,0
1725.944706546,0,0,0
1726.083404220,0,0,1
1726.083404676,0,1,1
1726.083405798,1,1,1
1726.222104048,1,1,0
1726.222105068,1,0,0
1726.222106080,0,0,0
1726.360802792,0,0,1
1726.360804428,0,1,1
1726.360805392,1,1,1
1726.499502880,1,0,1
1726.499503556,1,0,0
1726.499504676,0,0,0
1726.638233240,0,1,0
1726.638233362,0,1,1
1726.638234988,1,1,1
1726.776932694,1,0,1
1726.776933190,1,0,0
1726.776935270,0,0,0
1726.915663052,0,1,0
1726.915663934,0,1,1
1726.915665522,1,1,1
1727.054362506,1,0,1
1727.054363762,1,0,0
1727.054364866,0,0,0
1727.193061504,0,0,1
1727.193061928,0,1,1
1727.193064054,1,1,1
1727.331793258,1,0,1
1727.331793332,1,0,0
1727.331794400,0,0,0
1727.470492678,0,1,0
1727.470493138,0,1,1
1727.470494712,1,1,1
1727.609192132,1,0,1
1727.609192906,1,0,0
1727.609193932,0,0,0
1727.747921708,0,0,1
1727.747922554,0,1,1
1727.747924308,1,1,1
1727.886652474,1,1,0
1727.886652944,1,0,0
1727.886654590,0,0,0
1728.025351280,0,0,1
1728.025352304,0,1,1
1728.025353904,1,1,1
1728.164081820,1,0,1
1728.164082108,1,0,0
1728.164084122,0,0,0
1728.302782850,0,0,1
1728.302783118,0,1,1
1728.302784436,1,1,1
1728.441481572,1,0,1
1728.441481678,1,0,0
1728.441483718,0,0,0
1728.580181484,0,0,1
1728.580181992,0,1,1
1728.580183032,1,1,1
1728.718881250,1,1,0
1728.718881384,1,0,0
1728.718883314,0,0,0
1728.857580806,0,1,0
1728.857581056,0,1,1
1728.857582626,1,1,1
1728.996280822,1,1,0
1728.996282196,1,0,0
1728.996282974,0,0,0
1729.135010626,0,0,1
1729.135011618,0,1,1
1729.135013160,1,1,1
1729.273710010,1,0,1
1729.273711454,1,0,0
1729.273712506,0,0,0
1729.412440384,0,0,1
1729.412441432,0,1,1
1729.412442754,1,1,1
1729.551139822,1,0,1
1729.551141024,1,0,0
1729.551142102,0,0,0
1729.689839706,0,0,1
1729.689840244,0,1,1
1729.689842352,1,1,1
1729.828539660,1,1,0
1729.828541634,0,1,0
1729.828541698,0,0,0
1729.967238994,0,1,0
1729.967239338,0,1,1
1729.967240884,1,1,1
1730.105939166,1,1,0
1730.105939448,1,0,0
1730.105941228,0,0,0
1730.244669932,0,1,0
1730.244670972,0,1,1
1730.244671480,1,1,1
1730.383368262,1,0,1
1730.383368738,1,0,0
1730.383370824,0,0,0
1730.522069682,0,1,0
1730.522070544,0,1,1
1730.522071076,1,1,1
1730.660768372,1,1,0
1730.660769136,1,0,0
1730.660770358,0,0,0
1730.799467558,0,1,0
1730.799469116,0,1,1
1730.799469610,1,1,1
1730.938228942,1,1,0
1730.938229948,1,0,0
1730.938230892,0,0,0
1731.076928308,0,1,0
1731.076928686,0,1,1
1731.076930268,1,1,1
1731.215628514,1,1,0
1731.215628700,1,0,0
1731.215630486,0,0,0
1731.354328122,0,1,0
1731.354328318,0,1,1
1731.354329800,1,1,1
1731.493027574,1,0,1
1731.493028146,1,0,0
1731.493029082,0,0,0
1731.631725874,0,1,0
1731.631727890,0,1,1
1731.631729398,1,1,1
1731.770426388,1,0,1
1731.770427718,1,0,0
1731.770428740,0,0,0
1731.909157462,0,0,1
1731.909157684,0,1,1
1731.909158930,1,1,1
1732.047855138,1,0,1
1732.047856288,1,0,0
1732.047858274,0,0,0
1732.186556094,0,0,1
1732.186557560,0,1,1
1732.186558588,1,1,1
1732.325256014,1,0,1
1732.325256922,1,0,0
1732.325257870,0,0,0
1732.463955666,0,0,1
1732.463957374,0,1,1
1732.463958182,1,1,1
1732.602655430,1,1,0
1732.602655826,1,0,0
1732.602657464,0,0,0
1732.741355186,0,1,0
1732.741356236,0,1,1
1732.741356652,1,1,1
1732.880054002,1,1,0
1732.880054638,1,0,0
1732.880057062,0,0,0
1733.018753806,0,0,1
1733.018753998,0,1,1
1733.018756312,1,1,1
1733.157455452,1,0,1
1733.157455634,1,0,0
1733.157456656,0,0,0
1733.296153812,0,1,0
1733.296154440,0,1,1
1733.296155844,1,1,1
1733.434853200,1,0,1
1733.434853206,1,0,0
1733.434855126,0,0,0
1733.573552948,0,0,1
1733.573553624,0,1,1
1733.573555440,1,1,1
1733.712252776,1,1,0
1733.712253078,1,0,0
1733.712254722,0,0,0
1733.850952438,0,1,0
1733.850952520,0,1,1
1733.850954036,1,1,1
1733.989652890,1,0,1
1733.989653348,1,0,0
1733.989654318,0,0,0
1734.128351312,0,1,0
1734.128353152,0,1,1
1734.128353632,1,1,1
1734.267051982,1,1,0
1734.267052704,1,0,0
1734.267053914,0,0,0
1734.405751064,0,1,0
1734.405752724,0,1,1
1734.405753226,1,1,1
1734.544449516,1,0,1
1734.544452490,1,0,0
1734.544452572,0,0,0
1734.683150938,0,1,0
1734.683151356,0,1,1
1734.683152760,1,1,1
1734.821881122,1,1,0
1734.821881328,1,0,0
1734.821883106,0,0,0
1734.960579928,0,0,1
1734.960581688,0,1,1
1734.960582418,1,1,1
1735.099280142,1,0,1
1735.099281694,1,0,0
1735.099282640,0,0,0
1735.237980438,0,0,1
1735.237980500,0,1,1
1735.237981952,1,1,1
1735.376677954,1,0,1
1735.376680326,1,0,0
1735.376681234,0,0,0
1735.515379378,0,1,0
1735.515380132,0,1,1
1735.515381484,1,1,1
1735.654079768,1,0,1
1735.654079898,1,0,0
1735.654080830,0,0,0
1735.792777190,0,1,0
1735.792778640,0,1,1
1735.792780080,1,1,1
1735.931477468,1,1,0
1735.931477582,1,0,0
1735.931480424,0,0,0
1736.070208940,0,1,0
1736.070209212,0,1,1
1736.070210676,1,1,1
1736.208907394,1,0,1
1736.208908040,1,0,0
1736.208910020,0,0,0
1736.347608754,0,1,0
1736.347608846,0,1,1
1736.347610270,1,1,1
1736.486307268,1,0,1
1736.486307674,1,0,0
1736.486309552,0,0,0
1736.625006566,0,1,0
1736.625007416,0,1,1
1736.625008804,1,1,1
1736.763738082,1,0,1
1736.763738244,1,0,0
1736.763739148,0,0,0
1736.902437988,0,0,1
1736.902438378,0,1,1
1736.902439400,1,1,1
1737.041167832,1,0,1
1737.041168816,1,0,0
1737.041169744,0,0,0
1737.179866254,0,1,0
1737.179866622,0,1,1
1737.179868994,1,1,1
1737.318565386,1,1,0
1737.318567644,1,0,0
1737.318568340,0,0,0
1737.457266190,0,0,1
1737.457267066,0,1,1
1737.457268590,1,1,1
1737.595966456,1,0,1
1737.595967018,1,0,0
1737.595967874,0,0,0
1737.734695762,0,0,1
1737.734696878,0,1,1
1737.734698186,1,1,1
1737.873394270,1,0,1
1737.873395840,1,0,0
1737.873397530,0,0,0
1738.012096690,0,1,0
1738.012097332,0,1,1
1738.012097718,1,1,1
1738.150796082,1,0,1
1738.150796160,1,0,0
1738.150797064,0,0,0
1738.289525840,0,0,1
1738.289526502,0,1,1
1738.289527314,1,1,1
1738.428224956,1,0,1
1738.428227042,1,0,0
1738.428227598,0,0,0
1738.566924316,0,1,0
1738.566925474,0,1,1
1738.566926908,1,1,1
1738.705624302,1,1,0
1738.705624708,1,0,0
1738.705626254,0,0,0
1738.844324106,0,0,1
1738.844325128,0,1,1
1738.844326506,1,1,1
1738.983023872,1,1,0
1738.983024520,1,0,0
1738.983025788,0,0,0
1739.121724676,0,0,1
1739.121724942,0,1,1
1739.121726100,1,1,1
1739.260422396,1,0,1
1739.260424504,1,0,0
1739.260425382,0,0,0
1739.399154754,0,1,0
1739.399155310,0,1,1
1739.399155634,1,1,1
1739.537853076,1,1,0
1739.537853206,1,0,0
1739.537854978,0,0,0
1739.676552566,0,1,0
1739.676553880,0,1,1
1739.676555228,1,1,1
1739.815253646,1,1,0
1739.815253958,1,0,0
1739.815254574,0,0,0
1739.953951388,0,0,1
1739.953952378,0,1,1
1739.953953826,1,1,1
1740.092652218,1,1,0
1740.092652832,1,0,0
1740.092654170,0,0,0
1740.231351022,0,0,1
1740.231352192,0,1,1
1740.231353358,1,1,1
1740.370051582,1,0,1
1740.370052850,1,0,0
1740.370053702,0,0,0
1740.508751004,0,1,0
1740.508751594,0,1,1
1740.508753014,1,1,1
1740.647450358,1,1,0
1740.647450456,1,0,0
1740.647452236,0,0,0
1740.786150226,0,0,1
1740.786151816,0,1,1
1740.786152548,1,1,1
1740.924849270,1,0,1
1740.924849928,1,0,0
1740.924851894,0,0,0
1741.063580692,0,1,0
1741.063580796,0,1,1
1741.063582144,1,1,1
1741.202278562,1,1,0
1741.202280018,1,0,0
1741.202281426,0,0,0
1741.340980304,0,0,1
1741.340980442,0,1,1
1741.340981738,1,1,1
1741.479679894,1,0,1
1741.479680132,1,0,0
1741.479680960,0,0,0
1741.618378938,0,0,1
1741.618380254,0,1,1
1741.618381272,1,1,1
1741.757078644,1,0,1
1741.757079702,1,0,0
1741.757080616,0,0,0
1741.895778506,0,0,1
1741.895779128,0,1,1
1741.895779928,1,1,1
1742.034478272,1,1,0
1742.034479520,1,0,0
1742.034480148,0,0,0
1742.173176880,0,1,0
1742.173178078,0,1,1
1742.173179462,1,1,1
1742.311908906,1,1,0
1742.311909332,1,0,0
1742.311909744,0,0,0
1742.450607648,0,0,1
1742.450607690,0,1,1
1742.450609058,1,1,1
1742.589306414,1,1,0
1742.589308082,1,0,0
1742.589309340,0,0,0
1742.728007218,0,0,1
1742.728007502,0,1,1
1742.728008590,1,1,1
1742.866706956,1,0,1
1742.866707046,1,0,0
1742.866708872,0,0,0
1743.005405850,0,0,1
1743.005406316,0,1,1
1743.005408186,1,1,1
1743.144105616,1,1,0
1743.144105768,1,0,0
1743.144107468,0,0,0
1743.282805422,0,0,1
1743.282807718,1,0,1
1743.282808128,1,1,1
1743.421506250,1,1,0
1743.421506644,1,0,0
1743.421507064,0,0,0
1743.560205054,0,0,1
1743.560205940,0,1,1
1743.560207314,1,1,1
1743.698935394,1,0,1
1743.698935760,1,0,0
1743.698937660,0,0,0
1743.837635626,0,0,1
1743.837635752,0,1,1
1743.837636972,1,1,1
1743.976334268,1,0,1
1743.976335390,1,0,0
1743.976336254,0,0,0
1744.115034196,0,0,1
1744.115034628,0,1,1
1744.115036504,1,1,1
1744.253733960,1,1,0
1744.253734016,1,0,0
1744.253735788,0,0,0
1744.392433376,0,1,0
1744.392433766,0,1,1
1744.392435038,1,1,1
1744.531162830,1,0,1
1744.531163532,1,0,0
1744.531165382,0,0,0
1744.669863338,0,0,1
1744.669864190,0,1,1
1744.669865694,1,1,1
1744.808562642,1,0,1
1744.808563102,1,0,0
1744.808564976,0,0,0
1744.947262064,0,1,0
1744.947262906,0,1,1
1744.947265290,1,1,1
1745.085962736,1,1,0
1745.085963454,1,0,0
1745.085964510,0,0,0
1745.224661814,0,1,0
1745.224663478,0,1,1
1745.224663822,1,1,1
1745.363361306,1,1,0
1745.363363266,1,0,0
1745.363364168,0,0,0
1745.502061688,0,1,0
1745.502062110,0,1,1
1745.502063356,1,1,1
1745.640762078,1,0,1
1745.640762938,1,0,0
1745.640763638,0,0,0
1745.779460500,0,1,0
1745.779460682,0,1,1
1745.779463012,1,1,1
1745.918160446,1,1,0
1745.918160890,1,0,0
1745.918162296,0,0,0
1746.056860252,0,0,1
1746.056861314,0,1,1
1746.056862482,1,1,1
1746.195590704,1,0,1
1746.195591016,1,0,0
1746.195592828,0,0,0
1746.334290124,0,1,0
1746.334290822,0,1,1
1746.334292078,1,1,1
1746.472989578,1,0,1
1746.472990650,1,0,0
1746.472991422,0,0,0
1746.611719394,0,0,1
1746.611720938,0,1,1
1746.611721736,1,1,1
1746.750450328,1,0,1
1746.750451720,1,0,0
1746.750452018,0,0,0
1746.889179964,0,0,1
1746.889180748,0,1,1
1746.889182268,1,1,1
1747.027880202,1,0,1
1747.027881602,1,0,0
1747.027882614,0,0,0
1747.166609596,0,0,1
1747.166610560,0,1,1
1747.166611926,1,1,1
1747.305310952,1,0,1
1747.305311360,1,0,0
1747.305312146,0,0,0
1747.444008312,0,1,0
1747.444009166,0,1,1
1747.444011396,1,1,1
1747.582709764,1,0,1
1747.582709994,1,0,0
1747.582711740,0,0,0
1747.721409188,0,1,0
1747.721409736,0,1,1
1747.721411056,1,1,1
1747.860107564,1,1,0
1747.860108638,1,0,0
1747.860110274,0,0,0
1747.998808998,0,1,0
1747.998810308,0,1,1
1747.998810586,1,1,1
1748.137538134,1,1,0
1748.137539388,1,0,0
1748.137540870,0,0,0
1748.276237810,0,1,0
1748.276238940,0,1,1
1748.276240182,1,1,1
1748.414938768,1,1,0
1748.414939200,1,0,0
1748.414940528,0,0,0
1748.553637510,0,0,1
1748.553638622,0,1,1
1748.553639778,1,1,1
1748.692336076,1,0,1
1748.692337274,1,0,0
1748.692339060,0,0,0
1748.831037142,0,0,1
1748.831038436,0,1,1
1748.831039372,1,1,1
1748.969735824,1,0,1
1748.969737970,1,0,0
1748.969738656,0,0,0
1749.108467246,0,1,0
1749.108467652,0,1,1
1749.108468968,1,1,1
1749.247166700,1,0,1
1749.247167480,1,0,0
1749.247168250,0,0,0
1749.385895220,0,0,1
1749.385896058,0,1,1
1749.385898500,1,1,1
1749.524596450,1,0,1
1749.524598048,1,0,0
1749.524598844,0,0,0
1749.663327854,0,0,1
1749.663327872,0,1,1
1749.663329034,1,1,1
1749.802026324,1,0,1
1749.802026682,1,0,0
1749.802028378,0,0,0
1749.940725424,0,0,1
1749.940726684,0,1,1
1749.940727690,1,1,1
1750.079426136,1,0,1
1750.079426188,1,0,0
1750.079428034,0,0,0
1750.218123994,0,0,1
1750.218125496,0,1,1
1750.218127222,1,1,1
1750.356824886,1,0,1
1750.356825822,1,0,0
1750.356827568,0,0,0
1750.495525308,0,1,0
1750.495526628,0,1,1
1750.495526818,1,1,1
1750.634223392,1,1,0
1750.634224698,1,0,0
1750.634226100,0,0,0
1750.772924182,0,1,0
1750.772925198,0,1,1
1750.772926414,1,1,1
1750.911685962,1,1,0
1750.911686572,1,0,0
1750.911686696,0,0,0
1751.050384768,0,0,1
1751.050384932,0,1,1
1751.050386944,1,1,1
1751.189084386,1,0,1
1751.189084594,1,0,0
1751.189086290,0,0,0
1751.327783338,0,0,1
1751.327784744,0,1,1
1751.327785604,1,1,1
1751.466484164,1,1,0
1751.466484196,1,0,0
1751.466485886,0,0,0
1751.605183806,0,1,0
1751.605183970,0,1,1
1751.605185200,1,1,1
1751.743882572,1,0,1
1751.743884800,1,0,0
1751.743885482,0,0,0
1751.882612370,0,1,0
1751.882612542,0,1,1
1751.882614732,1,1,1
1752.021313306,1,1,0
1752.021313824,1,0,0
1752.021315078,0,0,0
1752.160013048,0,0,1
1752.160013494,0,1,1
1752.160014264,1,1,1
1752.298711634,1,0,1
1752.298713878,1,0,0
1752.298714608,0,0,0
1752.437442680,0,0,1
1752.437443994,0,1,1
1752.437444922,1,1,1
1752.576142444,1,0,0
1752.576144206,0,0,0
1752.714841252,0,0,1
1752.714841868,0,1,1
1752.714843454,1,1,1
1752.853541080,1,1,0
1752.853542072,1,0,0
1752.853543800,0,0,0
1752.992241618,0,1,0
1752.992241822,0,1,1
1752.992243050,1,1,1
1753.130940010,1,0,1
1753.130940650,1,0,0
1753.130942334,0,0,0
1753.269641430,0,1,0
1753.269642456,0,1,1
1753.269642646,1,1,1
1753.408339222,1,1,0
1753.408340820,1,0,0
1753.408341928,0,0,0
1753.547040242,0,1,0
1753.547041024,0,1,1
1753.547042178,1,1,1
1753.685738852,1,1,0
1753.685740696,1,0,0
1753.685741522,0,0,0
1753.824469596,0,0,1
1753.824471054,0,1,1
1753.824471836,1,1,1
1753.963168508,1,0,1
1753.963169424,1,0,0
1753.963171056,0,0,0
1754.101869166,0,0,1
1754.101869930,0,1,1
1754.101871368,1,1,1
1754.240568258,1,0,1
1754.240570056,1,0,0
1754.240570712,0,0,0
1754.379298680,0,1,0
1754.379299800,0,1,1
1754.379300964,1,1,1
1754.517998564,1,1,0
1754.517999194,1,0,0
1754.518000246,0,0,0
1754.656699370,0,0,1
1754.656699554,0,1,1
1754.656700558,1,1,1
1754.795396944,1,0,1
1754.795398134,1,0,0
1754.795399778,0,0,0
1754.934098366,0,1,0
1754.934098938,0,1,1
1754.934100092,1,1,1
1755.072797454,1,1,0
1755.072797758,1,0,0
1755.072799438,0,0,0
1755.211497116,0,1,0
1755.211497572,0,1,1
1755.211498688,1,1,1
1755.350197338,1,1,0
1755.350197632,1,0,0
1755.350198968,0,0,0
1755.488927142,0,0,1
1755.488927928,0,1,1
1755.488929282,1,1,1
1755.627626380,1,0,1
1755.627626906,1,0,0
1755.627628564,0,0,0
1755.766326712,0,0,1
1755.766326802,0,1,1
1755.766327878,1,1,1
1755.905056194,1,0,1
1755.905056478,1,0,0
1755.905058160,0,0,0
1756.043785614,0,1,0
1756.043787220,0,1,1
1756.043788410,1,1,1
1756.182487110,1,1,0
1756.182488004,1,0,0
1756.182488754,0,0,0
1756.321216854,0,0,1
1756.321217428,0,1,1
1756.321219006,1,1,1
1756.459915818,1,0,1
1756.459916616,1,0,0
1756.459918348,0,0,0
1756.598676238,0,1,0
1756.598677424,0,1,1
1756.598678602,1,1,1
1756.737376566,1,0,1
1756.737377250,1,0,0
1756.737378944,0,0,0
1756.876076050,0,1,0
1756.876076056,0,1,1
1756.876078132,1,1,1
1757.014777504,1,0,1
1757.014777820,1,0,0
1757.014778476,0,0,0
1757.153475624,0,0,1
1757.153476862,0,1,1
1757.153477728,1,1,1
1757.292174252,1,0,1
1757.292175452,1,0,0
1757.292177072,0,0,0
1757.430874612,0,1,0
1757.430876196,0,1,1
1757.430877322,1,1,1
1757.569573962,1,1,0
1757.569575128,1,0,0
1757.569576604,0,0,0
1757.708275486,0,1,0
1757.708275704,0,1,1
1757.708276918,1,1,1
1757.846973878,1,0,1
1757.846974592,1,0,0
1757.846976138,0,0,0
1757.985673336,0,0,1
1757.985674298,0,1,1
1757.985675512,1,1,1
1758.124373752,1,0,1
1758.124374164,1,0,0
1758.124375794,0,0,0
1758.263073048,0,1,0
1758.263073906,0,1,1
1758.263075046,1,1,1
1758.401773500,1,0,1
1758.401773796,1,0,0
1758.401775326,0,0,0
1758.540503538,0,0,1
1758.540503860,0,1,1
1758.540504640,1,1,1
1758.679203366,1,1,0
1758.679203374,1,0,0
1758.679204984,0,0,0
1758.817932734,0,1,0
1758.817934046,0,1,1
1758.817935174,1,1,1
1758.956632938,1,1,0
1758.956634186,1,0,0
1758.956634516,0,0,0
1759.095332546,0,1,0
1759.095332742,0,1,1
1759.095334768,1,1,1
1759.234032444,1,1,0
1759.234032998,1,0,0
1759.234034112,0,0,0
1759.372761358,0,1,0
1759.372762248,0,1,1
1759.372764426,1,1,1
1759.511461748,1,0,1
1759.511463076,1,0,0
1759.511463646,0,0,0
1759.650162232,0,1,0
1759.650162818,0,1,1
1759.650163958,1,1,1
1759.788892558,1,0,1
1759.788892708,1,0,0
1759.788894178,0,0,0
1759.927591042,0,1,0
1759.927592388,0,1,1
1759.927593552,1,1,1
1760.066290372,1,0,1
1760.066291216,1,0,0
1760.066292834,0,0,0
1760.204991794,0,1,0
1760.204992020,0,1,1
1760.204993146,1,1,1
1760.343690786,1,1,0
1760.343691246,1,0,0
1760.343692428,0,0,0
1760.482420604,0,1,0
1760.482421592,0,1,1
1760.482422680,1,1,1
1760.621151418,1,1,0
1760.621151996,1,0,0
1760.621153026,0,0,0
1760.759850478,0,1,0
1760.759851162,0,1,1
1760.759852274,1,1,1
1760.898550806,1,0,1
1760.898550990,1,0,0
1760.898552620,0,0,0
1761.037281732,0,0,1
1761.037282228,0,1,1
1761.037282808,1,1,1
1761.175979618,1,0,1
1761.175980558,1,0,0
1761.175982152,0,0,0
1761.314679364,0,0,1
1761.314680038,0,1,1
1761.314681402,1,1,1
1761.453379128,1,1,0
1761.453381492,1,0,0
1761.453381684,0,0,0
1761.592078852,0,1,0
1761.592079932,0,1,1
1761.592080996,1,1,1
1761.730779242,1,0,1
1761.730779760,1,0,0
1761.730781342,0,0,0
1761.869478662,0,1,0
1761.869479566,0,1,1
1761.869480530,1,1,1
1762.008178114,1,0,1
1762.008178268,1,0,0
1762.008179874,0,0,0
1762.146908136,0,0,1
1762.146908474,0,1,1
1762.146910186,1,1,1
1762.285608900,1,1,0
1762.285608926,1,0,0
1762.285610468,0,0,0
1762.424307348,0,1,0
1762.424307704,0,1,1
1762.424309782,1,1,1
1762.563006676,1,0,1
1762.563007470,1,0,0
1762.563009064,0,0,0
1762.701708338,0,0,1
1762.701709096,0,1,1
1762.701709314,1,1,1
1762.840407038,1,1,0
1762.840407488,1,0,0
1762.840408596,0,0,0
1762.979106844,0,0,1
1762.979107846,0,1,1
1762.979108908,1,1,1
1763.117805922,1,1,0
1763.117806298,1,0,0
1763.117808254,0,0,0
1763.256536720,0,1,0
1763.256537414,0,1,1
1763.256538502,1,1,1
1763.395235110,1,0,1
1763.395235804,1,0,0
1763.395237784,0,0,0
1763.533935984,0,0,1
1763.533936532,0,1,1
1763.533938034,1,1,1
1763.672635874,1,1,0
1763.672635984,1,0,0
1763.672637316,0,0,0
1763.811334554,0,0,1
1763.811335344,0,1,1
1763.811336628,1,1,1
1763.950033794,1,0,1
1763.950035382,1,0,0
1763.950036974,0,0,0
1764.088734154,0,1,0
1764.088734186,0,1,1
1764.088736224,1,1,1
1764.227435608,1,0,1
1764.227435952,1,0,0
1764.227436568,0,0,0
1764.366133756,0,0,1
1764.366133966,0,1,1
1764.366135818,1,1,1
1764.504864418,1,0,1
1764.504864646,1,0,0
1764.504866100,0,0,0
1764.643562840,0,1,0
1764.643564324,0,1,1
1764.643565414,1,1,1
1764.782263152,1,1,0
1764.782265230,1,0,0
1764.782265758,0,0,0
1764.920962590,0,1,0
1764.920962958,0,1,1
1764.920964946,1,1,1
1765.059692722,1,1,0
1765.059693978,1,0,0
1765.059695290,0,0,0
1765.198391400,0,1,0
1765.198391526,0,1,1
1765.198394540,1,1,1
1765.337122852,1,0,1
1765.337123290,1,0,0
1765.337124884,0,0,0
1765.475823096,0,0,1
1765.475823210,0,1,1
1765.475825134,1,1,1
1765.614521924,1,1,0
1765.614522664,1,0,0
1765.614524416,0,0,0
1765.753222084,0,1,0
1765.753223730,0,1,1
1765.753224666,1,1,1
1765.891921474,1,0,1
1765.891923492,1,0,0
1765.891924010,0,0,0
1766.030620834,0,1,0
1766.030621236,0,1,1
1766.030623324,1,1,1
1766.169322062,1,1,0
1766.169322286,1,0,0
1766.169323544,0,0,0
1766.308020804,0,0,1
1766.308022706,0,1,1
1766.308022856,1,1,1
1766.446721096,1,0,1
1766.446721632,1,0,0
1766.446723200,0,0,0
1766.585420436,0,0,1
1766.585420518,0,1,1
1766.585422450,1,1,1
1766.724120908,1,0,1
1766.724121264,1,0,0
1766.724121732,0,0,0
1766.862820266,0,1,0
1766.862821006,0,1,1
1766.862822044,1,1,1
1767.001519718,1,0,1
1767.001519832,1,0,0
1767.001521326,0,0,0
1767.140219638,0,0,1
1767.140220140,0,1,1
1767.140220576,1,1,1
1767.278919340,1,1,0
1767.278919530,1,0,0
1767.278920922,0,0,0
1767.417649144,0,0,1
1767.417650950,0,1,1
1767.417651108,1,1,1
1767.556043970,1,1,0
1767.556044342,1,0,0
1767.556045518,0,0,0
1767.694497764,0,1,0
1767.694498776,0,1,1
1767.694500830,1,1,1
1767.832954156,1,0,1
1767.832954604,1,0,0
1767.832956050,0,0,0
1767.971410514,0,1,0
1767.971411346,0,1,1
1767.971412364,1,1,1
1768.109865968,1,0,1
1768.109866172,1,0,0
1768.109867708,0,0,0
1768.248321390,0,1,0
1768.248321916,0,1,1
1768.248322896,1,1,1
1768.386807742,1,1,0
1768.386807844,1,0,0
1768.386809240,0,0,0
1768.525323266,0,1,0
1768.525324546,0,1,1
1768.525325554,1,1,1
1768.663902592,1,0,1
1768.663903312,1,0,0
1768.663903836,0,0,0
1768.802418076,0,1,0
1768.802418114,0,1,1
1768.802420086,1,1,1
1768.940964942,1,1,0
1768.940966470,1,0,0
1768.940967372,0,0,0
1769.079481684,0,0,1
1769.079481826,0,1,1
1769.079483744,1,1,1
1769.218028280,1,0,1
1769.218028512,1,0,0
1769.218031026,0,0,0
1769.356576316,0,0,1
1769.356576702,0,1,1
1769.356578278,1,1,1
1769.495122154,1,0,1
1769.495123080,1,0,0
1769.495124622,0,0,0
1769.633669884,0,0,1
1769.633670512,0,1,1
1769.633671810,1,1,1
1769.772186904,1,0,1
1769.772187712,1,0,0
1769.772189218,0,0,0
1769.910733452,0,0,1
1769.910734264,0,1,1
1769.910735468,1,1,1
1770.049280218,1,1,0
1770.049280716,1,0,0
1770.049282750,0,0,0
1770.187828084,0,0,1
1770.187830064,1,0,1
1770.187830200,1,1,1
1770.326375910,1,1,0
1770.326376590,1,0,0
1770.326377346,0,0,0
1770.464921654,0,0,1
1770.464922948,0,1,1
1770.464924596,1,1,1
1770.603439340,1,0,1
1770.603439480,1,0,0
1770.603441002,0,0,0
1770.741986284,0,0,1
1770.741986762,0,1,1
1770.741988254,1,1,1
1770.880533048,1,1,0
1770.880533152,1,0,0
1770.880534536,0,0,0
1771.019079636,0,1,0
1771.019081786,1,1,0
1771.019081792,1,1,1
1771.157627680,1,1,0
1771.157628026,1,0,0
1771.157629132,0,0,0
1771.296144422,0,0,1
1771.296144448,0,1,1
1771.296145444,1,1,1
1771.434691250,1,1,0
1771.434691838,1,0,0
1771.434692728,0,0,0
1771.573237990,0,0,1
1771.573239198,0,1,1
1771.573239976,1,1,1
1771.711784712,1,0,1
1771.711785318,1,0,0
1771.711787322,0,0,0
1771.850332072,0,1,0
1771.850333560,0,1,1
1771.850334510,1,1,1
1771.988848386,1,1,0
1771.988849462,1,0,0
1771.988850856,0,0,0
1772.127395820,0,1,0
1772.127397566,0,1,1
1772.127398166,1,1,1
1772.265942272,1,0,1
1772.265942956,1,0,0
1772.265944512,0,0,0
1772.404489758,0,0,1
1772.404490696,0,1,1
1772.404491764,1,1,1
1772.543037148,1,0,1
1772.543038586,1,0,0
1772.543039044,0,0,0
1772.681584390,0,0,1
1772.681585506,0,1,1
1772.681586358,1,1,1
1772.820100896,1,0,1
1772.820101154,1,0,0
1772.820102578,0,0,0
1772.958647896,0,0,1
1772.958649318,0,1,1
1772.958649954,1,1,1
1773.097194708,1,0,1
1773.097195722,1,0,0
1773.097197172,0,0,0
1773.235742130,0,1,0
1773.235742526,0,1,1
1773.235744486,1,1,1
1773.374288582,1,0,1
1773.374289416,1,0,0
1773.374290768,0,0,0
1773.512836004,0,1,0
1773.512837158,0,1,1
1773.512838080,1,1,1
1773.651352922,1,1,0
1773.651353394,1,0,0
1773.651354362,0,0,0
1773.789931728,0,0,1
1773.789931816,0,1,1
1773.789932612,1,1,1
1773.928478206,1,0,1
1773.928478492,1,0,0
1773.928479896,0,0,0
1774.066993566,0,1,0
1774.066995296,0,1,1
1774.066996270,1,1,1
1774.205542018,1,0,1
1774.205542122,1,0,0
1774.205543552,0,0,0
1774.344088438,0,1,0
1774.344088928,0,1,1
1774.344089864,1,1,1
1774.482603828,1,0,1
1774.482605690,1,0,0
1774.482607150,0,0,0
1774.621152188,0,1,0
1774.621153432,0,1,1
1774.621154460,1,1,1
1774.759697640,1,0,1
1774.759699260,1,0,0
1774.759700744,0,0,0
1774.898245126,0,1,0
1774.898246066,0,1,1
1774.898247992,1,1,1
1775.036793892,1,1,0
1775.036794514,1,0,0
1775.036795276,0,0,0
1775.175339874,0,1,0
1775.175341696,0,1,1
1775.175342526,1,1,1
1775.313857264,1,0,1
1775.313857396,1,0,0
1775.313858934,0,0,0
1775.452404202,0,0,1
1775.452405686,0,1,1
1775.452406184,1,1,1
1775.590951074,1,0,1
1775.590953092,1,0,0
1775.590953468,0,0,0
1775.729467832,0,0,1
1775.729468496,0,1,1
1775.729469778,1,1,1
1775.867983598,1,1,0
1775.867983950,1,0,0
1775.867986126,0,0,0
1776.006530310,0,1,0
1776.006531338,0,1,1
1776.006533374,1,1,1
1776.145047762,1,0,1
1776.145048228,1,0,0
1776.145049656,0,0,0
1776.283594970,0,0,1
1776.283596182,0,1,1
1776.283596908,1,1,1
1776.422141796,1,1,0
1776.422142574,1,0,0
1776.422144188,0,0,0
1776.560690538,0,0,1
1776.560690934,0,1,1
1776.560691502,1,1,1
1776.699237366,1,1,0
1776.699237386,1,0,0
1776.699238848,0,0,0
1776.837752744,0,1,0
1776.837753170,0,1,1
1776.837755160,1,1,1
1776.976301996,1,1,0
1776.976302198,1,0,0
1776.976302442,0,0,0
1777.114845738,0,0,1
1777.114846618,0,1,1
1777.114848692,1,1,1
1777.253393008,1,0,1
1777.253394564,1,0,0
1777.253395976,0,0,0
1777.391941430,0,1,0
1777.391942368,0,1,1
1777.391943350,1,1,1
1777.530579758,1,0,1
1777.530580194,1,0,0
1777.530581632,0,0,0
1777.669187938,0,0,1
1777.669188240,0,1,1
1777.669189818,1,1,1
1777.807796692,1,0,1
1777.807796764,1,0,0
1777.807798164,0,0,0
1777.946404052,0,1,0
1777.946404506,0,1,1
1777.946406478,1,1,1
1778.085012504,1,0,1
1778.085013332,1,0,0
1778.085014758,0,0,0
1778.223621862,0,1,0
1778.223622074,0,1,1
1778.223623072,1,1,1
1778.362227900,1,1,0
1778.362228314,1,0,0
1778.362230352,0,0,0
1778.500897672,0,1,0
1778.500897706,0,1,1
1778.500899604,1,1,1
1778.639505468,1,1,0
1778.639507064,1,0,0
1778.639507948,0,0,0
1778.778113484,0,1,0
1778.778115272,0,1,1
1778.778116196,1,1,1
1778.916783936,1,0,1
1778.916785098,1,0,0
1778.916785478,0,0,0
1779.055392902,0,0,1
1779.055393356,0,1,1
1779.055393792,1,1,1
1779.194029668,1,1,0
1779.194029746,1,0,0
1779.194032074,0,0,0
1779.332638104,0,1,0
1779.332639408,0,1,1
1779.332640386,1,1,1
1779.471246558,1,0,1
1779.471247234,1,0,0
1779.471248668,0,0,0
1779.609854040,0,0,1
1779.609854916,0,1,1
1779.609856920,1,1,1
1779.748462368,1,0,1
1779.748462804,1,0,0
1779.748464264,0,0,0
1779.887100670,0,0,1
1779.887101726,0,1,1
1779.887103576,1,1,1
1780.025710178,1,0,1
1780.025710372,1,0,0
1780.025711856,0,0,0
1780.164348426,0,0,1
1780.164348598,0,1,1
1780.164350106,1,1,1
1780.302957064,1,1,0
1780.302958052,1,0,0
1780.302958390,0,0,0
1780.441595410,0,1,0
1780.441596244,0,1,1
1780.441596702,1,1,1
1780.580202570,1,1,0
1780.580203800,1,0,0
1780.580205046,0,0,0
1780.718811220,0,1,0
1780.718812438,0,1,1
1780.718813298,1,1,1
1780.857418610,1,0,1
1780.857420140,1,0,0
1780.857421578,0,0,0
1780.996027942,0,0,1
1780.996028030,0,1,1
1780.996029892,1,1,1
1781.134664768,1,1,0
1781.134666482,1,0,0
1781.134668172,0,0,0
1781.273274448,0,0,1
1781.273274842,0,1,1
1781.273276422,1,1,1
1781.411913230,1,0,1
1781.411913338,1,0,0
1781.411914768,0,0,0
1781.550520590,0,1,0
1781.550522080,0,1,1
1781.550523016,1,1,1
1781.689129968,1,1,0
1781.689131104,1,0,0
1781.689131362,0,0,0
1781.827737648,0,0,1
1781.827738462,0,1,1
1781.827739550,1,1,1
1781.966345474,1,1,0
1781.966345916,1,0,0
1781.966346892,0,0,0
1782.104953274,0,1,0
1782.104953340,0,1,1
1782.104955206,1,1,1
1782.243561726,1,0,1
1782.243563104,1,0,0
1782.243563488,0,0,0
1782.382200846,0,0,1
1782.382201084,0,1,1
1782.382202738,1,1,1
1782.520808536,1,0,1
1782.520808672,1,0,0
1782.520810084,0,0,0
1782.659447894,0,1,0
1782.659448476,0,1,1
1782.659449394,1,1,1
1782.798055284,1,0,1
1782.798056240,1,0,0
1782.798057676,0,0,0
1782.936693982,0,0,1
1782.936694706,0,1,1
1782.936695926,1,1,1
1783.075303156,1,0,1
1783.075303870,1,0,0
1783.075304270,0,0,0
1783.213910578,0,1,0
1783.213910612,0,1,1
1783.213912522,1,1,1
1783.352548968,1,0,1
1783.352549438,1,0,0
1783.352550866,0,0,0
1783.491188242,0,0,1
1783.491188326,0,1,1
1783.491189116,1,1,1
1783.629825778,1,0,1
1783.629826006,1,0,0
1783.629828396,0,0,0
1783.768434136,0,1,0
1783.768435810,0,1,1
1783.768436772,1,1,1
1783.907041576,1,1,0
1783.907041588,1,0,0
1783.907043990,0,0,0
1784.045649948,0,1,0
1784.045651378,0,1,1
1784.045652242,1,1,1
1784.184258142,1,1,0
1784.184259400,1,0,0
1784.184260586,0,0,0
1784.322866820,0,1,0
1784.322866946,0,1,1
1784.322868898,1,1,1
1784.461474710,1,1,0
1784.461475210,1,0,0
1784.461477118,0,0,0
1784.600083514,0,0,1
1784.600083632,0,1,1
1784.600085430,1,1,1
1784.738691020,1,0,1
1784.738691402,1,0,0
1784.738692774,0,0,0
1784.877299082,0,0,1
1784.877299440,0,1,1
1784.877301024,1,1,1
1785.015937832,1,0,1
1785.015939908,1,0,0
1785.015940306,0,0,0
1785.154575714,0,0,1
1785.154577252,0,1,1
1785.154578556,1,1,1
1785.293215704,1,0,1
1785.293216476,1,0,0
1785.293216900,0,0,0
1785.431854062,0,1,0
1785.431854280,0,1,1
1785.431856150,1,1,1
1785.570462106,1,1,0
1785.570463452,1,0,0
1785.570464494,0,0,0
1785.709069848,0,0,1
1785.709069872,0,1,1
1785.709071682,1,1,1
1785.847678674,1,1,0
1785.847679324,1,0,0
1785.847680026,0,0,0
1785.986285480,0,0,1
1785.986286682,0,1,1
1785.986288338,1,1,1
1786.124894136,1,0,1
1786.124895242,1,0,0
1786.124896684,0,0,0
1786.263503108,0,0,1
1786.263503430,0,1,1
1786.263504932,1,1,1
1786.402111810,1,1,0
1786.402111944,1,0,0
1786.402113216,0,0,0
1786.540718242,0,1,0
1786.540719676,0,1,1
1786.540720530,1,1,1
1786.679326378,1,1,0
1786.679326756,1,0,0
1786.679328810,0,0,0
1786.817935178,0,1,0
1786.817935182,0,1,1
1786.817937060,1,1,1
1786.956542946,1,1,0
1786.956544566,1,0,0
1786.956545340,0,0,0
1787.095151812,0,0,1
1787.095151986,0,1,1
1787.095153716,1,1,1
1787.233759564,1,0,1
1787.233760638,1,0,0
1787.233761998,0,0,0
1787.372366798,0,1,0
1787.372368380,0,1,1
1787.372369248,1,1,1
1787.511006562,1,0,1
1787.511008144,1,0,0
1787.511008528,0,0,0
1787.649614794,0,1,0
1787.649614948,0,1,1
1787.649616780,1,1,1
1787.788221996,1,0,1
1787.788222774,1,0,0
1787.788224188,0,0,0
1787.926830292,0,1,0
1787.926830516,0,1,1
1787.926832438,1,1,1
1788.065438558,1,0,1
1788.065439342,1,0,0
1788.065440718,0,0,0
1788.204047084,0,0,1
1788.204048228,0,1,1
1788.204048968,1,1,1
1788.342655972,1,1,0
1788.342656618,1,0,0
1788.342657312,0,0,0
1788.481263102,0,1,0
1788.481263714,0,1,1
1788.481265564,1,1,1
1788.619870492,1,0,1
1788.619871666,1,0,0
1788.619872908,0,0,0
1788.758477850,0,1,0
1788.758479282,0,1,1
1788.758481156,1,1,1
1788.897087046,1,1,0
1788.897087302,1,0,0
1788.897089440,0,0,0
1789.035696286,0,1,0
1789.035696600,0,1,1
1789.035697814,1,1,1
1789.174303676,1,1,0
1789.174304112,1,0,0
1789.174306034,0,0,0
1789.312912480,0,0,1
1789.312913782,0,1,1
1789.312914284,1,1,1
1789.451520306,1,1,0
1789.451522048,1,0,0
1789.451522628,0,0,0
1789.590127342,0,1,0
1789.590129048,0,1,1
1789.590129940,1,1,1
1789.728734874,1,1,0
1789.728736732,1,0,0
1789.728738222,0,0,0
1789.867344616,0,0,1
1789.867345154,0,1,1
1789.867346474,1,1,1
1790.005952544,1,0,1
1790.005953442,1,0,0
1790.005954880,0,0,0
1790.144561184,0,0,1
1790.144561964,0,1,1
1790.144563068,1,1,1
1790.283169354,1,0,1
1790.283171012,1,0,0
1790.283171410,0,0,0
1790.421776712,0,1,0
1790.421776878,0,1,1
1790.421778662,1,1,1
1790.560385164,1,0,1
1790.560385578,1,0,0
1790.560387006,0,0,0
1790.699023524,0,1,0
1790.699024382,0,1,1
1790.699026194,1,1,1
1790.837631208,1,1,0
1790.837632038,1,0,0
1790.837633600,0,0,0
1790.976240950,0,0,1
1790.976241396,0,1,1
1790.976241788,1,1,1
1791.114846778,1,1,0
1791.114848848,1,0,0
1791.114850196,0,0,0
1791.253455206,0,1,0
1791.253457580,0,1,1
1791.253458382,1,1,1
1791.392065344,1,1,0
1791.392065658,1,0,0
1791.392066726,0,0,0
1791.530672954,0,1,0
1791.530673148,0,1,1
1791.530674916,1,1,1
1791.669280468,1,0,1
1791.669280974,1,0,0
1791.669282320,0,0,0
1791.807888716,0,0,1
1791.807889826,0,1,1
1791.807890634,1,1,1
1791.946557544,1,1,0
1791.946558218,1,0,0
1791.946559916,0,0,0
1792.085197638,0,1,0
1792.085198346,0,1,1
1792.085199166,1,1,1
1792.223805090,1,0,1
1792.223805110,1,0,0
1792.223806448,0,0,0
1792.362411852,0,0,1
1792.362412448,0,1,1
1792.362414760,1,1,1
1792.501020740,1,1,0
1792.501020900,1,0,0
1792.501023104,0,0,0
1792.639629258,0,1,0
1792.639629482,0,1,1
1792.639631354,1,1,1
1792.778236772,1,0,1
1792.778238308,1,0,0
1792.778239636,0,0,0
1792.916876132,0,1,0
1792.916877948,1,1,0
1792.916878050,1,1,1
1793.055514520,1,0,1
1793.055514876,1,0,0
1793.055516230,0,0,0
1793.194182680,0,0,1
1793.194183878,0,1,1
1793.194185482,1,1,1
1793.332823268,1,0,1
1793.332823506,1,0,0
1793.332824826,0,0,0
1793.471431248,0,0,1
1793.471431750,0,1,1
1793.471433076,1,1,1
1793.610037074,1,1,0
1793.610039142,1,0,0
1793.610040356,0,0,0
1793.748646498,0,1,0
1793.748646752,0,1,1
1793.748648608,1,1,1
1793.887285888,1,0,1
1793.887286644,1,0,0
1793.887287952,0,0,0
1794.025893372,0,1,0
1794.025893384,0,1,1
1794.025895264,1,1,1
1794.164531760,1,0,1
1794.164533210,1,0,0
1794.164534546,0,0,0
1794.303141014,0,0,1
1794.303142182,0,1,1
1794.303142798,1,1,1
1794.441748572,1,0,1
1794.441748778,1,0,0
1794.441750140,0,0,0
1794.580355582,0,0,1
1794.580356994,0,1,1
1794.580358392,1,1,1
1794.718997382,1,0,1
1794.718997408,1,0,0
1794.718997672,0,0,0
1794.857633740,0,1,0
1794.857634150,0,1,1
1794.857635986,1,1,1
1794.996241912,1,1,0
1794.996243192,1,0,0
1794.996244268,0,0,0
1795.134879780,0,0,1
1795.134881612,0,1,1
1795.134882580,1,1,1
1795.273489066,1,0,1
1795.273490544,1,0,0
1795.273490862,0,0,0
1795.412097348,0,0,1
1795.412097424,0,1,1
1795.412099174,1,1,1
1795.550705876,1,0,1
1795.550707112,1,0,0
1795.550707458,0,0,0
1795.689313916,0,0,1
1795.689314296,0,1,1
1795.689315770,1,1,1
1795.827952682,1,1,0
1795.827953686,1,0,0
1795.827954052,0,0,0
1795.966559482,0,0,1
1795.966559982,0,1,1
1795.966562300,1,1,1
1796.105229432,1,0,1
1796.105230310,1,0,0
1796.105231646,0,0,0
1796.243837854,0,1,0
1796.243838050,0,1,1
1796.243838898,1,1,1
1796.382445368,1,0,1
1796.382445876,1,0,0
1796.382447178,0,0,0
1796.521053618,0,0,1
1796.521053664,0,1,1
1796.521055428,1,1,1
1796.659662116,1,0,1
1796.659662446,1,0,0
1796.659663774,0,0,0
1796.798299474,0,1,0
1796.798300248,0,1,1
1796.798302024,1,1,1
1796.936908926,1,0,1
1796.936909012,1,0,0
1796.936910366,0,0,0
1797.075517284,0,1,0
1797.075517816,0,1,1
1797.075518618,1,1,1
1797.214124580,1,1,0
1797.214124800,1,0,0
1797.214126962,0,0,0
1797.352733094,0,1,0
1797.352734446,0,1,1
1797.352735212,1,1,1
1797.491341960,1,1,0
1797.491342546,1,0,0
1797.491343558,0,0,0
1797.629947968,0,1,0
1797.629948952,0,1,1
1797.629950746,1,1,1
1797.768557420,1,0,1
1797.768557840,1,0,0
1797.768559088,0,0,0
1797.907165582,0,0,1
1797.907165716,0,1,1
1797.907167402,1,1,1
1798.045773166,1,0,1
1798.045774408,1,0,0
1798.045775684,0,0,0
1798.184382150,0,0,1
1798.184382586,0,1,1
1798.184383996,1,1,1
1798.322990972,1,1,0
1798.322990974,1,0,0
1798.322992280,0,0,0
1798.461596716,0,0,1
1798.461598398,0,1,1
1798.461599590,1,1,1
1798.600205544,1,1,0
1798.600205788,1,0,0
1798.600207872,0,0,0
1798.738814208,0,1,0
1798.738815284,0,1,1
1798.738816124,1,1,1
1798.877422598,1,0,1
1798.877423110,1,0,0
1798.877424404,0,0,0
1799.016031018,0,1,0
1799.016031978,0,1,1
1799.016032718,1,1,1
1799.154638740,1,1,0
1799.154640470,1,0,0
1799.154641000,0,0,0
1799.293246544,0,0,1
1799.293246828,0,1,1
1799.293248312,1,1,1
1799.431853308,1,1,0
1799.431855280,1,0,0
1799.431856658,0,0,0
1799.570463112,0,0,1
1799.570463638,0,1,1
1799.570464910,1,1,1
1799.709071876,1,1,0
1799.709072090,1,0,0
1799.709073252,0,0,0
1799.847709448,0,1,0
1799.847709680,0,1,1
1799.847711438,1,1,1
1799.986347506,1,1,0
1799.986349900,1,0,0
1799.986350722,0,0,0
1800.099157312,0,0,0
